TIMESTAMP_START,TIMESTAMP_END,DOY_START,DOY_END,FILENAME_HF,SW_IN_POT,NIGHT,EXPECT_NR,FILE_NR,CUSTOM_FILTER_NR,WD_FILTER_NR,SONIC_NR,T_SONIC_NR,CO2_NR,H2O_NR,CH4_NR,N2O_NR,TAU_NR,H_NR,FC_NR,LE_NR,FCH4_NR,FN2O_NR,TAU,H,LE,ET,FC,FH2O,FCH4,FN2O,TAU_RANDUNC_HF,H_RANDUNC_HF,LE_RANDUNC_HF,ET_RANDUNC_HF,FC_RANDUNC_HF,FH2O_RANDUNC_HF,FCH4_RANDUNC_HF,FN2O_RANDUNC_HF,SH_SINGLE,SLE_SINGLE,SET_SINGLE,SC_SINGLE,SH2O_SINGLE,SCH4_SINGLE,SN2O_SINGLE,FC_VADV,FH2O_VADV,FCH4_VADV,FN2O_VADV,U_UNROT,V_UNROT,W_UNROT,U,V,W,WS,WS_MAX,WD,WD_SIGMA,USTAR,TKE,MO_LENGTH,ZL,BOWEN,TSTAR,T_SONIC,TA_EP,PA_EP,RH_EP,AIR_MV,AIR_DENSITY,AIR_RHO_CP,AIR_CP,VAPOR_DENSITY,VAPOR_PARTIAL_PRESSURE,VAPOR_PARTIAL_PRESSURE_SAT,SPECIFIC_HUMIDITY,VPD_EP,TDEW,DRYAIR_PARTIAL_PRESSURE,DRYAIR_DENSITY,DRYAIR_MV,SPECIFIC_HEAT_EVAP,VAPOR_DRYAIR_RATIO,CO2_MEAS_TYPE,CO2_MOLAR_DENSITY,CO2_MIXING_RATIO,CO2,H2O_MEAS_TYPE,H2O_MOLAR_DENSITY,H2O_MIXING_RATIO,H2O,CH4_MEAS_TYPE,CH4_MOLAR_DENSITY,CH4_MIXING_RATIO,CH4,N2O_MEAS_TYPE,N2O_MOLAR_DENSITY,N2O_MIXING_RATIO,N2O,CO2_TLAG_ACTUAL,CO2_TLAG_USED,CO2_TLAG_NOMINAL,CO2_TLAG_MIN,CO2_TLAG_MAX,H2O_TLAG_ACTUAL,H2O_TLAG_USED,H2O_TLAG_NOMINAL,H2O_TLAG_MIN,H2O_TLAG_MAX,CH4_TLAG_ACTUAL,CH4_TLAG_USED,CH4_TLAG_NOMINAL,CH4_TLAG_MIN,CH4_TLAG_MAX,N2O_TLAG_ACTUAL,N2O_TLAG_USED,N2O_TLAG_NOMINAL,N2O_TLAG_MIN,N2O_TLAG_MAX,U_MEDIAN,V_MEDIAN,W_MEDIAN,T_SONIC_MEDIAN,CO2_MEAS_MEDIAN,H2O_MEAS_MEDIAN,CH4_MEAS_MEDIAN,N2O_MEAS_MEDIAN,U_P25,V_P25,W_P25,T_SONIC_P25,CO2_MEAS_P25,H2O_MEAS_P25,CH4_MEAS_P25,N2O_MEAS_P25,U_P75,V_P75,W_P75,T_SONIC_P75,CO2_MEAS_P75,H2O_MEAS_P75,CH4_MEAS_P75,N2O_MEAS_P75,U_SIGMA,V_SIGMA,W_SIGMA,T_SONIC_SIGMA,CO2_MEAS_SIGMA,H2O_MEAS_SIGMA,CH4_MEAS_SIGMA,N2O_MEAS_SIGMA,U_SKW,V_SKW,W_SKW,T_SONIC_SKW,CO2_MEAS_SKW,H2O_MEAS_SKW,CH4_MEAS_SKW,N2O_MEAS_SKW,U_KUR,V_KUR,W_KUR,T_SONIC_KUR,CO2_MEAS_KUR,H2O_MEAS_KUR,CH4_MEAS_KUR,N2O_MEAS_KUR,W_U_COV,W_T_SONIC_COV,W_CO2_MEAS_COV,W_H2O_MEAS_COV,W_CH4_MEAS_COV,W_N2O_MEAS_COV,CO2_MEAS_H2O_MEAS_COV,CO2_MEAS_CH4_MEAS_COV,CO2_MEAS_N2O_MEAS_COV,H2O_MEAS_CH4_MEAS_COV,H2O_MEAS_N2O_MEAS_COV,CH4_MEAS_N2O_MEAS_COV,FETCH_MAX,FETCH_OFFSET,FETCH_10,FETCH_30,FETCH_50,FETCH_70,FETCH_80,FETCH_90,USTAR_UNCORR,MO_LENGTH_UNCORR,ZL_UNCORR,TAU_UNCORR,H_UNCORR,LE_UNCORR,ET_UNCORR,FC_UNCORR,FH2O_UNCORR,FCH4_UNCORR,FN2O_UNCORR,TAU_STAGE1,H_STAGE1,LE_STAGE1,ET_STAGE1,FC_STAGE1,FH2O_STAGE1,FCH4_STAGE1,FN2O_STAGE1,TAU_STAGE2,H_STAGE2,LE_STAGE2,ET_STAGE2,FC_STAGE2,FH2O_STAGE2,FCH4_STAGE2,FN2O_STAGE2,T_CELL,PA_CELL,MV_AIR_CELL_CO2,MV_AIR_CELL_H2O,MV_AIR_CELL_CH4,MV_AIR_CELL_N2O,FH2O_CELL_CO2,FH2O_CELL_CH4,FH2O_CELL_N2O,H_CELL_CO2,H_CELL_H2O,H_CELL_CH4,H_CELL_N2O,H_BU_BOT,H_BU_TOP,H_BU_SPAR,SPEC_CORR_LI7700_A,SPEC_CORR_LI7700_B,SPEC_CORR_LI7700_C,TAU_SCF,H_SCF,LE_SCF,ET_SCF,FC_SCF,FH2O_SCF,FCH4_SCF,FN2O_SCF,W_T_SONIC_COV_IBROM,W_T_SONIC_COV_IBROM_N1626,W_T_SONIC_COV_IBROM_N0614,W_T_SONIC_COV_IBROM_N0277,W_T_SONIC_COV_IBROM_N0133,W_T_SONIC_COV_IBROM_N0065,W_T_SONIC_COV_IBROM_N0032,W_T_SONIC_COV_IBROM_N0016,W_T_SONIC_COV_IBROM_N0008,W_T_SONIC_COV_IBROM_N0004,U_NUM_SPIKES,V_NUM_SPIKES,W_NUM_SPIKES,T_SONIC_NUM_SPIKES,CO2_NUM_SPIKES,H2O_NUM_SPIKES,CH4_NUM_SPIKES,N2O_NUM_SPIKES,CUSTOM_FILTER_NREX,WD_FILTER_NREX,SONIC_DIAG_NREX,CO2_DIAG_NREX,H2O_DIAG_NREX,CH4_DIAG_NREX,N2O_DIAG_NREX,U_SPIKE_NREX,V_SPIKE_NREX,W_SPIKE_NREX,T_SONIC_SPIKE_NREX,CO2_SPIKE_NREX,H2O_SPIKE_NREX,CH4_SPIKE_NREX,N2O_SPIKE_NREX,U_ABSLIM_NREX,V_ABSLIM_NREX,W_ABSLIM_NREX,T_SONIC_ABSLIM_NREX,CO2_ABSLIM_NREX,H2O_ABSLIM_NREX,CH4_ABSLIM_NREX,N2O_ABSLIM_NREX,U_VM97_TEST,V_VM97_TEST,W_VM97_TEST,T_SONIC_VM97_TEST,CO2_VM97_TEST,H2O_VM97_TEST,CH4_VM97_TEST,N2O_VM97_TEST,VM97_TLAG_HF,VM97_TLAG_SF,VM97_AOA_HF,VM97_NSHW_HF,U_LGD,V_LGD,W_LGD,T_SONIC_LGD,CO2_LGD,H2O_LGD,CH4_LGD,N2O_LGD,U_KID,V_KID,W_KID,T_SONIC_KID,CO2_KID,H2O_KID,CH4_KID,N2O_KID,U_ZCD,V_ZCD,W_ZCD,T_SONIC_ZCD,CO2_ZCD,H2O_ZCD,CH4_ZCD,N2O_ZCD,TAU_CORRDIFF,H_CORRDIFF,LE_CORRDIFF,ET_CORRDIFF,FC_CORRDIFF,FH2O_CORRDIFF,FCH4_CORRDIFF,FN2O_CORRDIFF,TAU_NSR,H_NSR,FC_NSR,FH2O_NSR,FCH4_NSR,FN2O_NSR,TAU_SS,H_SS,FC_SS,FH2O_SS,FCH4_SS,FN2O_SS,U_ITC,W_ITC,T_SONIC_ITC,TAU_SS_TEST,H_SS_TEST,FC_SS_TEST,FH2O_SS_TEST,FCH4_SS_TEST,FN2O_SS_TEST,U_ITC_TEST,W_ITC_TEST,T_SONIC_ITC_TEST,TAU_SSITC_TEST,H_SSITC_TEST,LE_SSITC_TEST,ET_SSITC_TEST,FC_SSITC_TEST,FH2O_SSITC_TEST,FCH4_SSITC_TEST,FN2O_SSITC_TEST,INST_LI7200_HEAD_DETECT,INST_LI7200_T_OUT,INST_LI7200_T_IN,INST_LI7200_AUX_IN,INST_LI7200_DELTA_P,INST_LI7200_CHOPPER,INST_LI7200_DETECTOR,INST_LI7200_PLL,INST_LI7200_SYNC,INST_LI7500_CHOPPER,INST_LI7500_DETECTOR,INST_LI7500_PLL,INST_LI7500_SYNC,INST_LI7700_NOT_READY,INST_LI7700_NO_SIGNAL,INST_LI7700_RE_UNLOCKED,INST_LI7700_BAD_TEMP,INST_LI7700_LASER_T_UNREG,INST_LI7700_BLOCK_T_UNREG,INST_LI7700_MOTOR_SPINNING,INST_LI7700_PUMP_ON,INST_LI7700_TOP_HEATER_ON,INST_LI7700_BOTTOM_HEATER_ON,INST_LI7700_CALIBRATING,INST_LI7700_MOTOR_FAILURE,INST_LI7700_BAD_AUX_TC1,INST_LI7700_BAD_AUX_TC2,INST_LI7700_BAD_AUX_TC3,INST_LI7700_BOX_CONNECTED,INST_LI7200_AGC_OR_RSSI,INST_LI7500_AGC_OR_RSSI,INST_LI7700_RSSI,WBOOST_APPLIED,AOA_METHOD,AXES_ROTATION_METHOD,ROT_YAW,ROT_PITCH,ROT_ROLL,DETRENDING_METHOD,DENTRENDING_TIME_CONSTANT,TIMELAG_DETECTION_METHOD,WPL_APPLIED,BURBA_METHOD,SPECTRAL_CORRECTION_METHOD,FOOTPRINT_MODEL,LOGGER_SWVER_MAJOR,LOGGER_SWVER_MINOR,LOGGER_SWVER_REVISION,BADM_LOCATION_LAT,BADM_LOCATION_LONG,BADM_LOCATION_ELEV,BADM_HEIGHTC,DISPLACEMENT_HEIGHT,ROUGHNESS_LENGTH,FILE_TIME_DURATION,BADM_INST_SAMPLING_INT,BADM_INST_AVERAGING_INT,MANUFACTURER_SA,BADM_INST_MODEL_SA,BADM_INST_HEIGHT_SA,BADM_INST_SA_WIND_FORMAT,BADM_INST_SA_GILL_ALIGN,BADM_SA_OFFSET_NORTH,HPATH_SA,VPATH_SA,RESPONSE_TIME_SA,MANUFACTURER_GA_CO2,BADM_INST_MODEL_GA_CO2,BADM_INSTPAIR_NORTHWARD_SEP_GA_CO2,BADM_INSTPAIR_EASTWARD_SEP_GA_CO2,BADM_INSTPAIR_HEIGHT_SEP_GA_CO2,BADM_INST_GA_CP_TUBE_LENGTH_GA_CO2,BADM_INST_GA_CP_TUBE_IN_DIAM_GA_CO2,BADM_INST_GA_CP_TUBE_FLOW_RATE_GA_CO2,HPATH_GA_CO2,VPATH_GA_CO2,RESPONSE_TIME_GA_CO2,MANUFACTURER_GA_H2O,BADM_INST_MODEL_GA_H2O,BADM_INSTPAIR_NORTHWARD_SEP_GA_H2O,BADM_INSTPAIR_EASTWARD_SEP_GA_H2O,BADM_INSTPAIR_HEIGHT_SEP_GA_H2O,BADM_INST_GA_CP_TUBE_LENGTH_GA_H2O,BADM_INST_GA_CP_TUBE_IN_DIAM_GA_H2O,BADM_INST_GA_CP_TUBE_FLOW_RATE_GA_H2O,KRYPTON_HYDRO_KH2O_GA_H2O,KRYPTON_HYDRO_KO2_GA_H2O,HPATH_GA_H2O,VPATH_GA_H2O,RESPONSE_TIME_GA_H2O,MANUFACTURER_GA_CH4,BADM_INST_MODEL_GA_CH4,BADM_INSTPAIR_NORTHWARD_SEP_GA_CH4,BADM_INSTPAIR_EASTWARD_SEP_GA_CH4,BADM_INSTPAIR_HEIGHT_SEP_GA_CH4,BADM_INST_GA_CP_TUBE_LENGTH_GA_CH4,BADM_INST_GA_CP_TUBE_IN_DIAM_GA_CH4,BADM_INST_GA_CP_TUBE_FLOW_RATE_GA_CH4,HPATH_GA_CH4,VPATH_GA_CH4,RESPONSE_TIME_GA_CH4,MANUFACTURER_GA_N2O,BADM_INST_MODEL_GA_N2O,BADM_INSTPAIR_NORTHWARD_SEP_GA_N2O,BADM_INSTPAIR_EASTWARD_SEP_GA_N2O,BADM_INSTPAIR_HEIGHT_SEP_GA_N2O,BADM_INST_GA_CP_TUBE_LENGTH_GA_N2O,BADM_INST_GA_CP_TUBE_IN_DIAM_GA_N2O,BADM_INST_GA_CP_TUBE_FLOW_RATE_GA_N2O,HPATH_GA_N2O,VPATH_GA_N2O,RESPONSE_TIME_GA_N2O,NUM_CUSTOM_VARS,CUSTOM_DATA_SIZE_IRGA75_MEAN,CUSTOM_STATUS_CODE_IRGA75_MEAN,CUSTOM_GA_DIAG_CODE_IRGA75_MEAN,CUSTOM_AGC_MEAN,CUSTOM_FAST_T_MEAN,CUSTOM_AIR_P_MEAN,CUSTOM_COOLER_V_MEAN,CUSTOM_DATA_SIZE_QCL_MEAN,CUSTOM_STATUS_CODE_QCL_MEAN,CUSTOM_STATUS_QCL_MEAN,CUSTOM_H2O_MEAN,CUSTOM_CELL_T_MEAN,CUSTOM_INT_P_MEAN,NUM_BIOMET_VARS
202005131300,202005131330,134.5415,134.5624,CH-CHA_202005131300.csv,1148.59,0,36000,36000,36000,36000,36000,36000,35994,-9999,36000,36000,36000,36000,35994,-9999,36000,36000,-0.449754E-01,14.7456,-9999,-9999,26.0259,-9999,31.3878,0.300881,0.543330E-02,2.09108,-9999,-9999,46.1212,-9999,12.9614,0.381572E-01,-9999,-9999,0.00000,-9999,-9999,-9999,-9999,-0.315668E-09,-9999,-0.125936E-08,-0.195893E-09,-2.05681,-0.789301,0.700840E-01,2.20417,0.121567E-12,-0.153014E-13,2.20417,4.92482,345.661,17.7638,0.198067,0.540959,-44.7645,-0.449016E-01,-9999,-0.645791E-01,20.2797,20.2797,96.5595,-9999,0.252650E-01,1.14643,1152.81,1005.56,-9999,-9999,23.7190,-9999,-9999,-9999,96.5595,1.14643,0.252650E-01,0.245207E+07,-9999,2,20.6300,521.218,521.218,-9999,-9999,-9999,-9999,0,0.823034E-01,2079.39,2079.39,0,0.128023E-01,323.450,323.450,9.20000,9.20000,0.00000,-0.980588,10.0000,-9999,-9999,-9999,-9999,-9999,8.75000,8.75000,3.90610,-1.00000,10.0000,0.750000,0.750000,3.90610,-1.00000,10.0000,2.22418,-0.366805E-01,0.125222E-02,20.2900,19.1856,-9999,2.07024,0.323449,1.64748,-0.424782,-0.175516,20.1000,16.7808,-9999,2.06010,0.323197,2.73729,0.421763,0.177988,20.4700,23.3523,-9999,2.08833,0.323701,0.741823,0.670875,0.285555,0.213438,4.55066,-9999,0.310608E-01,0.368308E-03,0.623250E-01,0.147713,-0.865931E-01,-0.199464,1.11014,-9999,1.83137,-0.355107E-02,2.57281,3.36947,3.81391,1.83842,3.24008,-9999,6.30672,2.95364,-0.388147E-01,0.125233E-01,0.212983E-01,-9999,0.660342E-03,0.632999E-05,-9999,0.384124E-01,0.458809E-04,-9999,-9999,0.219927E-05,-9999,-9999,-9999,-9999,-9999,-9999,-9999,-9999,0.197018,-44.9985,-0.446681E-01,-0.445001E-01,14.4370,-9999,-9999,21.2983,-9999,26.1367,0.250544,-0.449754E-01,14.4370,-9999,-9999,25.1266,-9999,26.1367,0.250544,-0.449754E-01,14.4370,-9999,-9999,26.0259,-9999,26.1367,0.250544,20.2797,96.5595,-9999,-9999,0.252650E-01,0.252650E-01,-9999,-9999,-9999,-9999,-9999,-9999,-9999,-9999,-9999,-9999,-9999,-9999,-9999,1.01068,1.02138,-9999,-9999,1.17975,-9999,1.20091,1.20091,-9999,-9999,-9999,-9999,-9999,-9999,-9999,-9999,-9999,-9999,5,7,1,0,177,93,0,0,0,0,0,0,0,0,0,11,12,3,0,226,113,0,0,0,0,0,0,0,0,0,0,800000000,800000000,800000000,800000011,800011100,800010011,800000111,800000011,81101,81111,80,81,0.00000,0.00000,0.00000,0.00000,9.15000,-9999,8.70000,0.700000,5.70396,6.86092,6.69523,13.0638,67.8810,-9999,48.8794,5.83224,25,154,25,11145,469,-9999,17999,18069,0.386137E-01,0.777661E-02,-9999,-9999,0.167161E-01,-9999,0.537729E-02,0.881319E-02,1.82281,2.96843,1.11520,-9999,0.916367,1.14640,11,26,53,-9999,15,9,25,5,40,1,2,4,-9999,1,1,2,1,3,0,0,-9999,-9999,1,-9999,0,0,-9999,-9999,-9999,-9999,-9999,-9999,-9999,-9999,-9999,-9999,-9999,-9999,-9999,-9999,-9999,-9999,-9999,-9999,-9999,-9999,-9999,-9999,-9999,-9999,-9999,-9999,-9999,-9999,-9999,9999,-61,-9999,0,0,1,200.994,1.82209,-9999,0,0,3,1,0,1,0,-9999,-9999,-9999,47.2102,8.41064,393.000,0.500000,0.400000,0.800000E-01,360,20,30,gill,r3_50_1,2.41000,uvw,axis,7.00000,11.0000,12.5000,0.200000E-01,licor,li7500_1,14.0000,31.0000,1.00000,-9999,-9999,-9999,0.950000,12.7000,0.100000,-9999,-9999,-9999,-9999,-9999,-9999,-9999,-9999,-9999,-9999,-9999,-9999,-9999,other_irga,generic_closed_path_2,14.0000,31.0000,1.00000,700.000,4.00000,8.00000,4.15000,32.0000,0.130800,other_irga,generic_closed_path_2,14.0000,31.0000,1.00000,700.000,4.00000,8.00000,4.15000,32.0000,0.130800,13,16.0000,0.00000,249.746,60.9101,13.7369,96204.9,1.37627,22.0000,96.5016,0.501583,2.14748,303.601,5292.44,0
202005131330,202005131400,134.5624,134.5832,CH-CHA_202005131300.csv,1112.19,0,36000,36000,36000,36000,36000,36000,36000,36000,36000,36000,36000,36000,36000,36000,36000,36000,-0.395953E-01,46.2920,-106.155,-0.155496,32.3171,-2.39962,63.3415,-0.237175,0.319809E-02,5.06450,67.1521,0.983646E-01,12.8846,1.51797,35.3037,0.888492E-01,-1.87780,-9999,-9999,-1.83054,-9999,1.24296,-0.102665,0.936797E-09,0.108247E-10,0.404561E-08,0.618618E-09,-1.63216,-0.917504,-0.921685E-01,1.87464,-0.626138E-13,0.484959E-13,1.87464,4.10870,338.817,15.6496,0.185657,0.345521,-11.7531,-0.171019,-0.436082,-0.215216,19.5910,19.0692,96.5595,24.6552,0.252057E-01,1.14874,1158.57,1008.55,0.402222E-02,5.42432,22.0007,0.350142E-02,16.5764,-1.62781,96.0171,1.14472,0.253481E-01,0.245494E+07,0.351372E-02,2,19.3170,489.654,486.899,2,223.209,5.65796,5.62613,0,0.834215E-01,2114.59,2102.70,0,0.127561E-01,323.345,321.525,7.60000,7.60000,0.00000,-0.980588,10.0000,5.35000,5.35000,0.00000,-0.980588,10.0000,8.10000,8.10000,3.90610,-1.00000,10.0000,5.35000,5.35000,3.90610,-1.00000,10.0000,1.85929,-0.284100E-01,-0.281829E-01,19.5700,19.3488,211.962,2.10341,0.323341,1.46737,-0.332931,-0.188709,19.3900,18.6666,146.069,2.07373,0.323085,2.24650,0.323179,0.171977,19.7500,19.8488,301.646,2.14759,0.323603,0.568082,0.535048,0.286438,0.262531,0.773349,82.7281,0.481784E-01,0.381982E-03,0.202989,0.176552,0.422152,0.463370,0.399906,0.309186,0.748014,0.403201E-01,2.82788,3.56363,3.67232,2.83907,3.14808,1.64985,2.70613,2.95260,-0.117496E-01,0.344012E-01,0.262157E-01,-2.05414,0.134303E-02,-0.502880E-05,-44.6648,0.103840E-01,-0.436706E-04,-0.557636,0.659850E-02,0.280259E-05,-9999,-9999,-9999,-9999,-9999,-9999,-9999,-9999,0.184669,-13.4583,-0.149351,-0.391752E-01,39.8561,-90.8710,-0.133108,26.2157,-2.05414,52.9833,-0.198390,-0.395953E-01,39.8561,-106.908,-0.156600,30.8424,-2.41666,52.9833,-0.198390,-0.395953E-01,45.3586,-106.343,-0.155772,32.3171,-2.40389,52.9833,-0.198390,19.0692,96.5595,-9999,-9999,0.252057E-01,0.252057E-01,-9999,-9999,-9999,-9999,-9999,-9999,-9999,-9999,-9999,-9999,-9999,-9999,-9999,1.01073,1.02058,1.17649,1.17649,1.17649,1.17649,1.19550,1.19550,-9999,-9999,-9999,-9999,-9999,-9999,-9999,-9999,-9999,-9999,9,13,3,0,202,58,0,0,0,0,0,0,0,0,0,16,25,6,0,228,65,0,0,0,0,0,0,0,0,0,0,800000000,800000000,800000000,800000001,800000100,800000011,800000111,800000011,81101,81111,80,81,0.00000,0.00000,0.00000,0.00000,7.55000,5.30000,8.05000,5.30000,7.30522,7.88036,8.81971,18.6084,13.9396,16.5679,33.1748,5.87795,67,323,67,7929,240,232,18057,18079,0.357737E-01,0.436432E-01,0.924769E-02,0.924769E-02,0.357182E-01,0.924769E-02,0.970831E-03,0.181828E-01,1.71992,3.02038,1.61076,1.37033,0.894765,0.837851,1,40,120,117,48,98,1,0,21,1,3,6,6,3,5,1,1,2,0,1,2,2,2,2,1,1,-9999,-9999,-9999,-9999,-9999,-9999,-9999,-9999,-9999,-9999,-9999,-9999,-9999,-9999,-9999,-9999,-9999,-9999,-9999,-9999,-9999,-9999,-9999,-9999,-9999,-9999,-9999,-9999,-9999,9999,-65,-9999,0,0,1,209.342,-2.81814,-9999,0,0,3,1,0,1,0,-9999,-9999,-9999,47.2102,8.41064,393.000,0.500000,0.400000,0.800000E-01,360,20,30,gill,r3_50_1,2.41000,uvw,axis,7.00000,11.0000,12.5000,0.200000E-01,licor,li7500_1,14.0000,31.0000,1.00000,-9999,-9999,-9999,0.950000,12.7000,0.100000,licor,li7500_1,14.0000,31.0000,1.00000,-9999,-9999,-9999,-9999,-9999,0.950000,12.7000,0.100000,other_irga,generic_closed_path_2,14.0000,31.0000,1.00000,700.000,4.00000,8.00000,4.15000,32.0000,0.130800,other_irga,generic_closed_path_2,14.0000,31.0000,1.00000,700.000,4.00000,8.00000,4.15000,32.0000,0.130800,13,16.0000,0.00000,250.335,64.5918,13.7496,96155.6,1.37563,22.0000,96.5031,0.503056,2.14748,303.615,5289.73,0
202005131400,202005131430,134.5832,134.6040,CH-CHA_202005131300.csv,1062.10,0,36000,36000,36000,36000,36000,36000,36000,36000,36000,36000,36000,36000,36000,36000,36000,36000,-0.888675E-01,50.0734,77.6383,0.113789,22.6882,1.75600,46.0647,0.242559,0.743258E-02,5.51246,33.8932,0.496747E-01,17.9779,0.766585,20.8725,0.685909E-01,0.898614,13.5811,0.199048E-01,-2.29545,0.307172,-3.07353,-0.124996,0.141470E-09,0.363704E-11,0.651987E-09,0.101766E-09,-2.02451,-1.44630,0.989953E-01,2.49002,0.133866E-12,0.806735E-14,2.49002,5.91415,332.653,17.6445,0.278716,0.642733,-36.7981,-0.546223E-01,0.644957,-0.155226,20.7095,19.6491,96.5595,48.1370,0.253020E-01,1.14398,1157.39,1011.72,0.812404E-02,10.9776,22.8049,0.710156E-02,11.8273,8.34661,95.4618,1.13586,0.255930E-01,0.245357E+07,0.715235E-02,2,17.5361,448.819,443.699,2,450.835,11.5386,11.4070,0,0.808179E-01,2068.45,2044.85,0,0.126145E-01,322.856,319.173,9.50000,9.50000,0.00000,-0.980588,10.0000,0.150000,0.150000,0.00000,-0.980588,10.0000,0.650000,0.650000,3.90610,-1.00000,10.0000,0.600000,0.600000,3.90610,-1.00000,10.0000,2.42275,-0.437072E-01,-0.758011E-02,20.6700,16.9091,501.521,2.04609,0.322854,1.92050,-0.501915,-0.199725,20.1300,15.9149,341.305,2.02818,0.322555,3.01578,0.478021,0.192639,21.3200,19.4290,554.301,2.09842,0.323149,0.779774,0.758548,0.319413,0.696379,1.85978,120.679,0.531835E-01,0.431755E-03,0.365391,0.136588,0.143566,0.848991E-01,0.289444,-0.534878,1.15221,0.454031E-01,2.89638,3.15738,3.76225,1.95955,1.66135,1.93375,3.58320,2.92716,-0.747667E-01,0.458216E-01,0.163330E-01,1.41127,0.977589E-03,0.514762E-05,-205.451,0.315968E-01,0.405346E-04,-2.38028,-0.302750E-02,0.943804E-05,27.7676,-4.21384,9.53171,23.7353,36.1978,50.7680,60.7563,76.0597,0.277224,-34.3129,-0.585785E-01,-0.879184E-01,53.0335,62.3968,0.914502E-01,16.3330,1.41127,38.1976,0.201134,-0.888675E-01,53.0335,73.8104,0.108178,19.3206,1.66942,38.1976,0.201134,-0.888675E-01,48.9854,77.8144,0.114047,22.6882,1.75998,38.1976,0.201134,19.6491,96.5595,-9999,-9999,0.253020E-01,0.253020E-01,-9999,-9999,-9999,-9999,-9999,-9999,-9999,-9999,-9999,-9999,-9999,-9999,-9999,1.01080,1.02221,1.18292,1.18292,1.18292,1.18292,1.20596,1.20596,-9999,-9999,-9999,-9999,-9999,-9999,-9999,-9999,-9999,-9999,4,4,0,1,230,72,0,0,0,0,0,0,0,0,0,8,7,0,2,247,75,0,0,0,0,0,0,0,0,0,0,800000000,800000000,800000000,800000000,800000000,800000011,800000011,800000011,80001,80001,80,81,0.00000,0.00000,0.00000,0.00000,9.45000,0.100000,0.600000,0.550000,6.26699,7.18645,8.10726,14.2841,10.3958,9.66480,37.2822,5.89759,12,139,12,3698,444,438,18135,18135,0.403609E-01,0.735304E-02,0.297568E-01,0.297568E-01,0.197209E-01,0.297568E-01,0.116641E-01,0.167002E-01,2.07840,1.38390,1.55606,1.15517,0.323652,0.632319,1,4,62,51,52,40,1,20,109,1,1,4,4,4,3,2,2,6,0,0,1,1,1,1,1,1,-9999,-9999,-9999,-9999,-9999,-9999,-9999,-9999,-9999,-9999,-9999,-9999,-9999,-9999,-9999,-9999,-9999,-9999,-9999,-9999,-9999,-9999,-9999,-9999,-9999,-9999,-9999,-9999,-9999,9999,-56,-9999,0,0,1,215.542,2.27850,-9999,0,0,3,1,0,1,0,-9999,-9999,-9999,47.2102,8.41064,393.000,0.500000,0.400000,0.800000E-01,360,20,30,gill,r3_50_1,2.41000,uvw,axis,7.00000,11.0000,12.5000,0.200000E-01,licor,li7500_1,14.0000,31.0000,1.00000,-9999,-9999,-9999,0.950000,12.7000,0.100000,licor,li7500_1,14.0000,31.0000,1.00000,-9999,-9999,-9999,-9999,-9999,0.950000,12.7000,0.100000,other_irga,generic_closed_path_2,14.0000,31.0000,1.00000,700.000,4.00000,8.00000,4.15000,32.0000,0.130800,other_irga,generic_closed_path_2,14.0000,31.0000,1.00000,700.000,4.00000,8.00000,4.15000,32.0000,0.130800,13,16.0000,0.00000,249.039,56.4911,15.1671,96128.1,1.40683,22.0000,96.5030,0.503000,2.14748,303.710,5276.59,0
202005131430,202005131500,134.6040,134.6249,CH-CHA_202005131300.csv,999.183,0,36000,36000,36000,36000,36000,36000,36000,36000,36000,36000,36000,36000,36000,36000,36000,36000,-0.964098E-01,30.3583,105.650,0.155107,-15.7753,2.39363,17.2635,0.241132,0.735094E-02,4.25210,7.73641,0.113580E-01,2.23244,0.175278,14.7030,0.651121E-01,2.71482,5.02820,0.738201E-02,-1.84140,0.113920,-3.38862,-0.540500E-01,0.508450E-10,0.168715E-11,0.246339E-09,0.395690E-10,-2.42595,-0.912324,0.916236E-01,2.59345,-0.805144E-13,0.316797E-14,2.59345,5.82443,347.539,20.9655,0.291293,0.828085,-69.3161,-0.289976E-01,0.287348,-0.905515E-01,22.6797,21.4108,96.5595,51.3214,0.254716E-01,1.13622,1150.94,1012.95,0.959684E-02,13.0457,25.4196,0.844629E-02,12.3739,10.9167,95.2549,1.12662,0.258205E-01,0.244939E+07,0.851824E-02,2,16.0497,414.434,408.812,2,532.566,13.7519,13.5653,0,0.777592E-01,2007.89,1980.65,0,0.124903E-01,322.524,318.149,0.300000,0.300000,0.00000,-0.980588,10.0000,0.250000,0.250000,0.00000,-0.980588,10.0000,6.95000,6.95000,3.90610,-1.00000,10.0000,0.600000,0.600000,3.90610,-1.00000,10.0000,2.56754,-0.705269E-01,0.336706E-02,22.7500,15.9952,533.130,1.99222,0.322522,2.04182,-0.611168,-0.218287,22.3400,15.8605,519.198,1.99084,0.322251,3.11447,0.571248,0.221700,23.0600,16.1515,548.111,1.99599,0.322788,0.778516,0.966019,0.341889,0.483479,0.429650,25.8196,0.328875E-01,0.396292E-03,0.143740,0.155728,-0.993746E-01,-0.424985,1.52573,-0.416158,1.87002,0.752626E-01,3.03143,3.35879,3.45517,2.43391,11.5813,4.85306,5.19153,2.94479,-0.839292E-01,0.306026E-01,-0.153590E-01,1.95384,0.369047E-03,0.515475E-05,-2.63482,0.404948E-02,0.147401E-04,0.248372E-01,0.339321E-03,0.448404E-05,27.2424,-4.13414,9.35144,23.2864,35.5132,49.8078,59.6072,74.6212,0.289723,-59.0377,-0.340460E-01,-0.953737E-01,35.2217,86.2387,0.126609,-15.3590,1.95384,14.2928,0.199638,-0.964098E-01,35.2217,102.118,0.149921,-18.1871,2.31360,14.2928,0.199638,-0.964098E-01,29.6892,105.992,0.155609,-15.7753,2.40137,14.2928,0.199638,21.4108,96.5595,-9999,-9999,0.254716E-01,0.254716E-01,-9999,-9999,-9999,-9999,-9999,-9999,-9999,-9999,-9999,-9999,-9999,-9999,-9999,1.01086,1.02254,1.18413,1.18413,1.18413,1.18413,1.20785,1.20785,-9999,-9999,-9999,-9999,-9999,-9999,-9999,-9999,-9999,-9999,26,19,1,0,598,208,1,0,0,0,0,0,0,0,0,43,27,2,0,710,244,2,0,0,0,0,0,0,0,0,0,800000000,800000000,800000000,800000001,810001100,800000011,800000111,800000011,80011,81111,80,80,0.00000,0.00000,0.00000,0.00000,0.250000,0.200000,6.90000,0.550000,5.58328,5.74445,6.81548,21.1694,14.6886,11.4064,61.2066,5.90552,6,81,7,6143,239,228,17981,18027,0.519024E-01,0.415036E-02,0.813431E-01,0.813431E-01,0.950290E-01,0.813431E-01,0.720542E-02,0.500537E-02,0.781472,2.53551,1.14251,1.32605,1.88117,0.660339,1,3,2,1,39,11,5,18,81,1,1,1,1,3,1,2,2,5,0,0,0,0,0,0,1,0,-9999,-9999,-9999,-9999,-9999,-9999,-9999,-9999,-9999,-9999,-9999,-9999,-9999,-9999,-9999,-9999,-9999,-9999,-9999,-9999,-9999,-9999,-9999,-9999,-9999,-9999,-9999,-9999,-9999,9999,-52,-9999,0,0,1,200.610,2.02462,-9999,0,0,3,1,0,1,0,-9999,-9999,-9999,47.2102,8.41064,393.000,0.500000,0.400000,0.800000E-01,360,20,30,gill,r3_50_1,2.41000,uvw,axis,7.00000,11.0000,12.5000,0.200000E-01,licor,li7500_1,14.0000,31.0000,1.00000,-9999,-9999,-9999,0.950000,12.7000,0.100000,licor,li7500_1,14.0000,31.0000,1.00000,-9999,-9999,-9999,-9999,-9999,0.950000,12.7000,0.100000,other_irga,generic_closed_path_2,14.0000,31.0000,1.00000,700.000,4.00000,8.00000,4.15000,32.0000,0.130800,other_irga,generic_closed_path_2,14.0000,31.0000,1.00000,700.000,4.00000,8.00000,4.15000,32.0000,0.130800,13,16.0000,0.00000,248.254,51.5854,15.6599,96100.6,1.41009,22.0000,96.5002,0.500222,2.14748,303.729,5276.16,0
202005131500,202005131530,134.6249,134.6457,CH-CHA_202005131300.csv,924.515,0,36000,36000,36000,36000,36000,36000,36000,36000,36000,36000,36000,36000,36000,36000,36000,36000,-0.732661E-01,17.3490,96.4888,0.141846,-10.3162,2.18898,7.51800,0.140431,0.623346E-02,4.11813,11.2856,0.165907E-01,1.92299,0.256029,13.5381,0.462407E-01,2.10516,-0.420875,-0.618718E-03,0.154586E-01,-0.954812E-02,1.29801,0.318758E-02,0.291300E-10,0.952964E-12,0.142789E-09,0.226578E-10,-1.92596,-1.07780,0.103866,2.20947,0.293973E-13,0.182203E-14,2.20947,4.84967,338.926,17.7373,0.254516,0.484143,-80.9087,-0.248428E-01,0.179803,-0.595011E-01,24.0410,22.7833,96.5595,46.5743,0.255888E-01,1.13103,1145.60,1012.89,0.942490E-02,12.8717,27.6368,0.833306E-02,14.7652,10.7148,95.2724,1.12160,0.259346E-01,0.244614E+07,0.840308E-02,2,15.9877,414.656,409.106,2,523.025,13.5651,13.3836,0,0.783685E-01,2032.56,2005.36,0,0.124355E-01,322.526,318.210,0.450000,0.450000,0.00000,-0.980588,10.0000,0.150000,0.150000,0.00000,-0.980588,10.0000,5.95000,5.95000,3.90610,-1.00000,10.0000,3.80000,3.80000,3.90610,-1.00000,10.0000,2.19655,-0.149042E-01,-0.601015E-02,24.0500,15.9518,528.832,2.00698,0.322527,1.80532,-0.492435,-0.182181,23.6900,15.8087,510.262,1.99276,0.322267,2.64986,0.455536,0.176517,24.3900,16.1226,543.952,2.05698,0.322789,0.624217,0.703858,0.288484,0.422303,0.422289,33.1407,0.529536E-01,0.384034E-03,-0.286109E-01,0.279799,0.844148E-01,0.239910E-01,0.857210,-1.23929,1.29082,0.817337E-02,2.85984,3.23100,3.55644,2.08932,9.79288,5.74564,3.56411,2.92946,-0.640878E-01,0.192747E-01,-0.101934E-01,1.80795,0.162344E-03,0.303248E-05,-4.90536,-0.835654E-03,-0.266434E-05,0.151336,0.577351E-03,0.590772E-05,28.0133,-4.25113,9.61606,23.9454,36.5182,51.2173,61.2940,76.7328,0.253168,-62.8302,-0.319910E-01,-0.724918E-01,22.0811,79.6935,0.117155,-10.1934,1.80795,6.25977,0.116928,-0.732661E-01,22.0811,94.0229,0.138221,-12.0263,2.13304,6.25977,0.116928,-0.732661E-01,16.9857,96.8150,0.142325,-10.3162,2.19638,6.25977,0.116928,22.7833,96.5595,-9999,-9999,0.255888E-01,0.255888E-01,-9999,-9999,-9999,-9999,-9999,-9999,-9999,-9999,-9999,-9999,-9999,-9999,-9999,1.01068,1.02139,1.17981,1.17981,1.17981,1.17981,1.20100,1.20100,-9999,-9999,-9999,-9999,-9999,-9999,-9999,-9999,-9999,-9999,2,11,2,0,474,153,0,0,0,0,0,0,0,0,0,3,16,3,0,551,181,0,0,0,0,0,0,0,0,0,0,800000000,800000000,800000000,800000001,810001100,800000111,800000011,800000011,80011,80011,80,80,0.00000,0.00000,0.00000,0.00000,0.400000,0.100000,5.90000,3.75000,5.80419,6.91002,7.03803,12.9079,14.3022,14.0058,45.6635,5.95963,21,183,21,8653,458,449,17970,17989,0.496730E-01,0.543212E-02,0.704354E-01,0.704354E-01,0.158186,0.704354E-01,0.824823E-02,0.205312E-02,0.903552,1.71555,1.56845,1.54361,1.12321,1.54289,1,2,4,5,61,2,14,22,123,1,1,1,1,4,1,2,2,6,0,0,0,0,0,0,1,0,-9999,-9999,-9999,-9999,-9999,-9999,-9999,-9999,-9999,-9999,-9999,-9999,-9999,-9999,-9999,-9999,-9999,-9999,-9999,-9999,-9999,-9999,-9999,-9999,-9999,-9999,-9999,-9999,-9999,9999,-53,-9999,0,0,1,209.232,2.69445,-9999,0,0,3,1,0,1,0,-9999,-9999,-9999,47.2102,8.41064,393.000,0.500000,0.400000,0.800000E-01,360,20,30,gill,r3_50_1,2.41000,uvw,axis,7.00000,11.0000,12.5000,0.200000E-01,licor,li7500_1,14.0000,31.0000,1.00000,-9999,-9999,-9999,0.950000,12.7000,0.100000,licor,li7500_1,14.0000,31.0000,1.00000,-9999,-9999,-9999,-9999,-9999,0.950000,12.7000,0.100000,other_irga,generic_closed_path_2,14.0000,31.0000,1.00000,700.000,4.00000,8.00000,4.15000,32.0000,0.130800,other_irga,generic_closed_path_2,14.0000,31.0000,1.00000,700.000,4.00000,8.00000,4.15000,32.0000,0.130800,13,16.0000,0.00000,248.493,53.0795,15.3564,96114.2,1.40965,22.0000,96.5001,0.500083,2.14748,303.620,5280.19,0
202005131530,202005131600,134.6457,134.6665,CH-CHA_202005131300.csv,839.373,0,36000,36000,36000,36000,36000,36000,36000,36000,35991,35991,36000,36000,36000,36000,35991,35991,-0.961606E-01,44.9910,-76.3503,-0.112338,77.9643,-1.73361,-3.11754,0.177595,0.855121E-02,2.58882,58.7475,0.864382E-01,40.0930,1.33392,3.33081,0.378264E-01,1.37076,-2.95097,-0.434192E-02,2.89744,-0.670049E-01,-1.34891,0.847951E-02,0.183900E-09,0.479351E-11,0.783922E-09,0.126074E-09,-2.63122,-0.676240,0.110233,2.71897,0.200078E-12,0.101597E-13,2.71897,5.76824,351.833,18.0871,0.291954,0.789949,-47.0825,-0.426910E-01,-0.589270,-0.134950,24.8208,23.6799,96.5595,39.9182,0.256560E-01,1.12815,1141.92,1012.21,0.850215E-02,11.6467,29.1764,0.753637E-02,17.5297,9.22163,95.3949,1.11965,0.259692E-01,0.244401E+07,0.759360E-02,2,18.1010,470.089,464.398,2,471.818,12.2533,12.1049,0,0.771601E-01,2003.87,1979.62,0,0.124093E-01,322.273,318.372,1.75000,1.75000,0.00000,-0.980588,10.0000,7.70000,7.70000,0.00000,-0.980588,10.0000,7.90000,7.90000,3.90610,-1.00000,10.0000,-0.150000,-0.150000,3.90610,-1.00000,10.0000,2.65895,0.142297E-01,0.404986E-03,24.8000,16.1370,527.384,2.00327,0.322270,2.09343,-0.543122,-0.208815,24.6300,15.8921,450.585,1.99714,0.322038,3.28020,0.570951,0.209758,24.9800,19.7328,545.270,2.00645,0.322510,0.860441,0.844025,0.356597,0.265132,3.44213,116.601,0.112723E-01,0.346619E-03,0.296318,-0.130710,-0.720805E-01,0.601442,1.16044,-1.31788,3.87744,0.313463E-01,2.72788,3.03785,4.61095,3.60587,2.62233,3.13939,22.8320,2.93971,-0.833119E-01,0.350153E-01,0.644079E-01,-1.49738,-0.668997E-04,0.381103E-05,-336.076,0.288167E-02,-0.297917E-04,-0.103558,0.486107E-03,0.170863E-06,26.3876,-4.00442,9.05800,22.5557,34.3989,48.2449,57.7368,72.2797,0.290367,-52.3184,-0.384186E-01,-0.951179E-01,39.9847,-65.9461,-0.970299E-01,64.4079,-1.49738,-2.57611,0.146752,-0.961606E-01,39.9847,-78.1876,-0.115042,76.3639,-1.77533,-2.57611,0.146752,-0.961606E-01,43.9815,-76.6610,-0.112795,77.9643,-1.74067,-2.57611,0.146752,23.6799,96.5595,-9999,-9999,0.256560E-01,0.256560E-01,-9999,-9999,-9999,-9999,-9999,-9999,-9999,-9999,-9999,-9999,-9999,-9999,-9999,1.01096,1.02295,1.18563,1.18563,1.18563,1.18563,1.21017,1.21017,-9999,-9999,-9999,-9999,-9999,-9999,-9999,-9999,-9999,-9999,3,4,5,5,476,167,0,0,0,0,0,0,0,0,0,6,6,8,8,552,179,0,0,0,0,0,0,0,0,0,0,800000000,800000000,800000000,800000001,810000100,800000111,800011111,800010011,80100,81100,80,81,0.00000,0.00000,0.00000,0.00000,1.70000,7.65000,7.85000,0.450000,6.76263,6.92410,7.75635,15.5673,36.7836,18.2431,17.5757,5.90395,3,84,3,5623,227,224,17948,18021,0.348195E-01,0.725018E-02,0.139267E-01,0.139267E-01,0.203612E-02,0.139267E-01,0.199747E-01,0.149490E-01,1.17382,2.20202,1.90155,0.743658,1.77377,0.567325,1,3,116,169,100,0,4,15,18,1,1,6,6,5,1,1,1,2,0,0,2,2,2,2,1,0,-9999,-9999,-9999,-9999,-9999,-9999,-9999,-9999,-9999,-9999,-9999,-9999,-9999,-9999,-9999,-9999,-9999,-9999,-9999,-9999,-9999,-9999,-9999,-9999,-9999,-9999,-9999,-9999,-9999,9999,-55,-9999,0,0,1,194.413,2.32352,-9999,0,0,3,1,0,1,0,-9999,-9999,-9999,47.2102,8.41064,393.000,0.500000,0.400000,0.800000E-01,360,20,30,gill,r3_50_1,2.41000,uvw,axis,7.00000,11.0000,12.5000,0.200000E-01,licor,li7500_1,14.0000,31.0000,1.00000,-9999,-9999,-9999,0.950000,12.7000,0.100000,licor,li7500_1,14.0000,31.0000,1.00000,-9999,-9999,-9999,-9999,-9999,0.950000,12.7000,0.100000,other_irga,generic_closed_path_2,14.0000,31.0000,1.00000,700.000,4.00000,8.00000,4.15000,32.0000,0.130800,other_irga,generic_closed_path_2,14.0000,31.0000,1.00000,700.000,4.00000,8.00000,4.15000,32.0000,0.130800,13,16.0000,0.00000,248.849,55.3069,15.8567,96111.7,1.41598,21.9950,96.5018,0.499903,2.14748,303.624,5275.55,0
202005131600,202005131630,134.6665,134.6873,CH-CHA_202005131300.csv,745.213,0,36000,36000,36000,36000,36000,36000,36000,36000,36000,36000,36000,36000,36000,36000,36000,36000,-0.975460E-01,28.2882,80.8832,0.118973,-3.60205,1.83601,23.2940,-0.309957,0.622020E-02,1.71497,4.86623,0.715786E-02,1.42989,0.110461,12.9752,0.712819E-01,-0.458292,5.02652,0.739364E-02,-2.87491,0.114099,2.76846,0.836661E-04,0.967168E-11,0.337262E-12,0.479962E-10,0.751843E-11,-2.41150,-1.78267,0.114990,3.00107,-0.192424E-12,0.605676E-15,3.00107,6.81641,331.059,16.1582,0.294022,0.710400,-76.5119,-0.262704E-01,0.349741,-0.841384E-01,24.7254,23.3805,96.5595,47.9250,0.256478E-01,1.12837,1143.49,1013.40,0.100342E-01,13.7314,28.6518,0.889264E-02,14.9204,11.6897,95.1864,1.11834,0.260178E-01,0.244472E+07,0.897243E-02,2,15.9684,415.488,409.554,2,556.836,14.4885,14.2816,0,0.792440E-01,2061.88,2032.43,0,0.124133E-01,322.986,318.373,0.400000,0.400000,0.00000,-0.980588,10.0000,0.250000,0.250000,0.00000,-0.980588,10.0000,0.600000,0.600000,3.90610,-1.00000,10.0000,4.75000,4.75000,3.90610,-1.00000,10.0000,2.95683,-0.199108E-01,-0.659769E-02,24.7300,15.9766,559.688,2.04823,0.322973,2.44676,-0.547277,-0.226669,24.6000,15.6891,540.413,2.02745,0.322685,3.47417,0.524414,0.218125,24.8500,16.2386,575.079,2.09406,0.323271,0.767616,0.839672,0.355691,0.210666,0.656772,31.9874,0.417680E-01,0.434024E-03,0.502517,0.191323E-01,0.664796E-01,0.542726E-01,0.101299E-01,-0.312976,0.723290,0.185964,3.46134,3.27785,3.65263,3.80187,5.41376,4.43344,2.51101,3.06021,-0.839323E-01,0.278846E-01,-0.477906E-02,1.48297,0.498604E-03,-0.663456E-05,-0.864324,0.148060E-02,-0.425774E-05,-0.690905E-01,-0.195503E-04,0.340738E-05,26.5910,-4.03529,9.12783,22.7296,34.6641,48.6168,58.1819,72.8369,0.292383,-67.0538,-0.299759E-01,-0.964620E-01,31.8857,65.3307,0.960966E-01,-4.77906,1.48297,19.1640,-0.255001,-0.975460E-01,31.8857,77.6866,0.114271,-5.68291,1.76344,19.1640,-0.255001,-0.975460E-01,27.6270,81.1472,0.119362,-3.60205,1.84200,19.1640,-0.255001,23.3805,96.5595,-9999,-9999,0.256478E-01,0.256478E-01,-9999,-9999,-9999,-9999,-9999,-9999,-9999,-9999,-9999,-9999,-9999,-9999,-9999,1.01124,1.02393,1.18913,1.18913,1.18913,1.18913,1.21551,1.21551,-9999,-9999,-9999,-9999,-9999,-9999,-9999,-9999,-9999,-9999,16,0,3,2,433,257,0,0,0,0,0,0,0,0,0,28,0,6,2,471,276,0,0,0,0,0,0,0,0,0,0,800000000,800000000,800000000,800000000,810000100,800000011,800000011,800000011,80111,80111,80,80,0.00000,0.00000,0.00000,0.00000,0.350000,0.200000,0.550000,4.70000,5.71574,6.69547,6.61794,13.1637,6.57954,6.37895,28.2791,6.00462,4,75,4,5767,437,444,18028,17982,0.247099E-01,0.167355E-01,0.112669,0.112669,0.119250,0.112669,0.192649E-01,0.628755E-02,0.563751,2.25201,1.23657,0.928574,0.971623,1.66129,2,2,14,1,9,55,7,15,18,1,1,1,1,1,4,1,1,2,0,0,0,0,0,0,0,1,-9999,-9999,-9999,-9999,-9999,-9999,-9999,-9999,-9999,-9999,-9999,-9999,-9999,-9999,-9999,-9999,-9999,-9999,-9999,-9999,-9999,-9999,-9999,-9999,-9999,-9999,-9999,-9999,-9999,9999,-54,-9999,0,0,1,216.473,2.19591,-9999,0,0,3,1,0,1,0,-9999,-9999,-9999,47.2102,8.41064,393.000,0.500000,0.400000,0.800000E-01,360,20,30,gill,r3_50_1,2.41000,uvw,axis,7.00000,11.0000,12.5000,0.200000E-01,licor,li7500_1,14.0000,31.0000,1.00000,-9999,-9999,-9999,0.950000,12.7000,0.100000,licor,li7500_1,14.0000,31.0000,1.00000,-9999,-9999,-9999,-9999,-9999,0.950000,12.7000,0.100000,other_irga,generic_closed_path_2,14.0000,31.0000,1.00000,700.000,4.00000,8.00000,4.15000,32.0000,0.130800,other_irga,generic_closed_path_2,14.0000,31.0000,1.00000,700.000,4.00000,8.00000,4.15000,32.0000,0.130800,13,16.0000,0.00000,248.624,53.8976,15.4713,96100.5,1.40701,22.0000,96.5001,0.500111,2.14748,303.681,5278.10,0
202005131630,202005131700,134.6873,134.7082,CH-CHA_202005131300.csv,643.646,0,36000,36000,36000,36000,36000,36000,36000,36000,36000,36000,36000,36000,36000,36000,36000,36000,-0.682489E-01,11.0295,59.7356,0.878768E-01,-2.56873,1.35612,19.3604,0.234426,0.757341E-02,1.03983,4.66591,0.686400E-02,0.853157,0.105926,14.3171,0.396786E-01,0.181904,-0.417745,-0.614543E-03,0.149394,-0.948369E-02,1.73654,0.215425E-01,-0.423304E-10,-0.144733E-11,-0.212016E-09,-0.327209E-10,-1.58865,-1.19129,0.101645,1.98829,-0.332476E-12,-0.263346E-14,1.98829,5.00819,332.956,18.8275,0.245977,0.491882,-114.898,-0.174938E-01,0.184639,-0.392298E-01,24.8277,23.4994,96.5595,46.9820,0.256566E-01,1.12799,1143.00,1013.30,0.990363E-02,13.5582,28.8582,0.877986E-02,15.3000,11.4977,95.2037,1.11809,0.260220E-01,0.244444E+07,0.885763E-02,2,16.0740,418.303,412.405,2,549.591,14.3023,14.1006,0,0.805084E-01,2095.11,2065.57,0,0.124250E-01,323.344,318.784,0.300000,0.300000,0.00000,-0.980588,10.0000,0.250000,0.250000,0.00000,-0.980588,10.0000,0.550000,0.550000,3.90610,-1.00000,10.0000,0.600000,0.600000,3.90610,-1.00000,10.0000,2.00502,-0.388983E-01,0.272861E-03,24.8200,16.0816,549.217,2.08931,0.323337,1.45190,-0.367280,-0.165094,24.7500,15.9265,536.256,2.06397,0.323087,2.50878,0.345533,0.160517,24.9000,16.2469,564.355,2.11895,0.323599,0.782141,0.544387,0.275068,0.118284,0.407452,22.4156,0.404114E-01,0.379254E-03,0.130338,0.359441,0.214109E-01,0.214248,-0.242888,-0.200069,0.758230,0.544734E-01,3.01045,3.35599,4.17222,3.35400,8.09545,4.32183,3.03731,2.97127,-0.583601E-01,0.122273E-01,-0.309834E-02,1.12029,0.420774E-03,0.509497E-05,-0.273790,0.138162E-02,0.391236E-06,0.132121E-01,0.298097E-03,-0.155104E-06,28.3174,-4.29728,9.72046,24.2053,36.9147,51.7733,61.9594,77.5659,0.244673,-89.6419,-0.224225E-01,-0.675274E-01,13.9757,49.3475,0.725949E-01,-3.09834,1.12029,16.1700,0.195795,-0.682489E-01,13.9757,58.1095,0.854845E-01,-3.64847,1.31921,16.1700,0.195795,-0.682489E-01,10.8044,59.9490,0.881906E-01,-2.56873,1.36097,16.1700,0.195795,23.4994,96.5595,-9999,-9999,0.256566E-01,0.256566E-01,-9999,-9999,-9999,-9999,-9999,-9999,-9999,-9999,-9999,-9999,-9999,-9999,-9999,1.01068,1.02083,1.17756,1.17756,1.17756,1.17756,1.19731,1.19731,-9999,-9999,-9999,-9999,-9999,-9999,-9999,-9999,-9999,-9999,15,7,1,2,490,235,0,0,0,0,0,0,0,0,0,25,14,1,2,565,262,0,0,0,0,0,0,0,0,0,0,800000000,800000000,800000000,800000011,810001100,800000011,800000011,800000011,81001,81011,80,81,0.00000,0.00000,0.00000,0.00000,0.250000,0.200000,0.500000,0.550000,6.96191,8.56235,8.19966,16.4721,10.2250,9.07458,28.5071,5.76849,31,239,31,11882,229,216,18018,18025,0.622030E-01,0.278664E-02,0.174075,0.174075,0.280987,0.174075,0.650259E-02,0.476084E-01,3.26898,2.84035,1.24286,1.61346,0.879344,1.13557,9,6,5,9,11,4,9,24,20,1,1,1,1,1,1,2,2,2,0,0,0,0,0,0,0,0,-9999,-9999,-9999,-9999,-9999,-9999,-9999,-9999,-9999,-9999,-9999,-9999,-9999,-9999,-9999,-9999,-9999,-9999,-9999,-9999,-9999,-9999,-9999,-9999,-9999,-9999,-9999,-9999,-9999,9999,-55,-9999,0,0,1,216.865,2.93034,-9999,0,0,3,1,0,1,0,-9999,-9999,-9999,47.2102,8.41064,393.000,0.500000,0.400000,0.800000E-01,360,20,30,gill,r3_50_1,2.41000,uvw,axis,7.00000,11.0000,12.5000,0.200000E-01,licor,li7500_1,14.0000,31.0000,1.00000,-9999,-9999,-9999,0.950000,12.7000,0.100000,licor,li7500_1,14.0000,31.0000,1.00000,-9999,-9999,-9999,-9999,-9999,0.950000,12.7000,0.100000,other_irga,generic_closed_path_2,14.0000,31.0000,1.00000,700.000,4.00000,8.00000,4.15000,32.0000,0.130800,other_irga,generic_closed_path_2,14.0000,31.0000,1.00000,700.000,4.00000,8.00000,4.15000,32.0000,0.130800,13,16.0000,0.00000,248.799,54.9910,14.6119,96110.7,1.39870,22.0000,96.5001,0.500111,2.14748,303.656,5285.72,0
202005131700,202005131730,134.7082,134.7290,CH-CHA_202005131300.csv,536.410,0,36000,36000,36000,36000,36000,36000,36000,36000,36000,36000,36000,36000,36000,36000,36000,36000,-0.818652E-01,18.0091,66.8784,0.983844E-01,-5.67716,1.51828,26.3467,0.271385,0.547237E-02,1.26287,4.16788,0.613135E-02,1.00082,0.946195E-01,12.1754,0.407961E-01,-0.937269E-03,0.167955,0.247078E-03,0.506045E-01,0.381293E-02,1.17718,-0.344143E-03,-0.108482E-09,-0.371958E-11,-0.547971E-09,-0.836581E-10,-2.18032,-1.34178,0.122429,2.56304,-0.434345E-13,-0.673330E-14,2.56304,4.95712,335.659,13.8162,0.269403,0.424429,-92.4494,-0.217416E-01,0.269281,-0.584841E-01,24.8340,23.4988,96.5595,47.2253,0.256571E-01,1.12797,1143.01,1013.34,0.995452E-02,13.6278,28.8570,0.882521E-02,15.2292,11.5751,95.1967,1.11801,0.260244E-01,0.244444E+07,0.890378E-02,2,16.1113,419.314,413.371,2,552.415,14.3772,14.1734,0,0.813823E-01,2118.06,2088.04,0,0.124245E-01,323.361,318.778,0.350000,0.350000,0.00000,-0.980588,10.0000,0.200000,0.200000,0.00000,-0.980588,10.0000,0.600000,0.600000,3.90610,-1.00000,10.0000,0.950000,0.950000,3.90610,-1.00000,10.0000,2.55460,0.180517E-01,-0.153804E-03,24.8300,16.1088,554.526,2.10972,0.323357,2.11183,-0.390966,-0.197683,24.7400,15.9492,541.204,2.08065,0.323113,3.00225,0.401228,0.199661,24.9200,16.2689,566.147,2.15218,0.323609,0.629317,0.592339,0.319301,0.138349,0.469599,23.4017,0.452621E-01,0.365234E-03,0.119102,-0.138635,-0.294857E-01,0.151273,0.815833E-01,-0.539389,0.480356,0.360548E-01,2.66256,3.16400,3.90822,3.10888,6.19300,4.91610,2.39004,2.92602,-0.709679E-01,0.185031E-01,-0.604660E-02,1.23969,0.567933E-03,0.585000E-05,-0.367116,0.535970E-03,-0.212783E-05,-0.536577E-01,0.326813E-03,0.209474E-05,27.0304,-4.10196,9.27865,23.1051,35.2368,49.4201,59.1433,74.0403,0.267954,-77.8083,-0.258327E-01,-0.809872E-01,21.1493,54.6071,0.803322E-01,-6.04660,1.23969,21.8231,0.224789,-0.818652E-01,21.1493,64.6422,0.950948E-01,-7.15778,1.46751,21.8231,0.224789,-0.818652E-01,17.6138,67.1070,0.987207E-01,-5.67716,1.52347,21.8231,0.224789,23.4988,96.5595,-9999,-9999,0.256571E-01,0.256571E-01,-9999,-9999,-9999,-9999,-9999,-9999,-9999,-9999,-9999,-9999,-9999,-9999,-9999,1.01084,1.02244,1.18377,1.18377,1.18377,1.18377,1.20729,1.20729,-9999,-9999,-9999,-9999,-9999,-9999,-9999,-9999,-9999,-9999,7,20,2,1,686,471,0,0,0,0,0,0,0,0,0,13,35,4,1,767,519,0,0,0,0,0,0,0,0,0,0,800000000,800000000,800000000,800000001,810000100,810000011,800000011,800000011,81011,81111,80,80,0.00000,0.00000,0.00000,0.00000,0.300000,0.150000,0.550000,0.900000,5.58310,5.68141,6.39164,11.1113,7.90274,8.50268,27.1536,5.84620,3,107,3,8670,450,443,18014,18023,0.147922E-01,0.448443E-02,0.136122,0.136122,0.198625,0.136122,0.144240E-02,0.280329E-01,1.13931,1.72766,0.927854,0.613178,1.20798,1.25679,0,3,1,1,47,0,18,18,30,1,1,1,1,3,1,2,2,2,0,0,0,0,0,0,1,0,-9999,-9999,-9999,-9999,-9999,-9999,-9999,-9999,-9999,-9999,-9999,-9999,-9999,-9999,-9999,-9999,-9999,-9999,-9999,-9999,-9999,-9999,-9999,-9999,-9999,-9999,-9999,-9999,-9999,9999,-54,-9999,0,0,1,211.608,2.73790,-9999,0,0,3,1,0,1,0,-9999,-9999,-9999,47.2102,8.41064,393.000,0.500000,0.400000,0.800000E-01,360,20,30,gill,r3_50_1,2.41000,uvw,axis,7.00000,11.0000,12.5000,0.200000E-01,licor,li7500_1,14.0000,31.0000,1.00000,-9999,-9999,-9999,0.950000,12.7000,0.100000,licor,li7500_1,14.0000,31.0000,1.00000,-9999,-9999,-9999,-9999,-9999,0.950000,12.7000,0.100000,other_irga,generic_closed_path_2,14.0000,31.0000,1.00000,700.000,4.00000,8.00000,4.15000,32.0000,0.130800,other_irga,generic_closed_path_2,14.0000,31.0000,1.00000,700.000,4.00000,8.00000,4.15000,32.0000,0.130800,13,16.0000,0.00000,248.609,53.8042,14.6695,96105.9,1.39951,22.0000,96.5001,0.500083,2.14748,303.624,5285.11,0
202005131730,202005131800,134.7290,134.7498,CH-CHA_202005131300.csv,425.341,0,36000,36000,36000,36000,36000,36000,36000,36000,36000,36000,36000,36000,36000,36000,36000,36000,-0.703492E-01,9.84111,49.1522,0.723007E-01,4.64880,1.11575,44.3915,0.248240,0.522689E-02,0.829058,3.17417,0.466905E-02,0.757082,0.720533E-01,16.3516,0.521218E-01,-0.149613,-0.301818,-0.443961E-03,0.101243,-0.685125E-02,0.282990,0.549426E-02,-0.492117E-10,-0.166400E-11,-0.248064E-09,-0.377863E-10,-2.04682,-1.28018,0.109405,2.41667,-0.736631E-13,-0.303914E-14,2.41667,5.01881,335.087,13.2160,0.249689,0.394192,-134.690,-0.149232E-01,0.200217,-0.344715E-01,24.7235,23.4011,96.5595,47.0680,0.256476E-01,1.12839,1143.36,1013.27,0.986639E-02,13.5027,28.6876,0.874376E-02,15.1849,11.4357,95.2092,1.11853,0.260113E-01,0.244467E+07,0.882089E-02,2,16.1926,421.217,415.302,2,547.524,14.2427,14.0427,0,0.816230E-01,2123.25,2093.43,0,0.124332E-01,323.424,318.882,8.25000,8.25000,0.00000,-0.980588,10.0000,0.250000,0.250000,0.00000,-0.980588,10.0000,0.650000,0.650000,3.90610,-1.00000,10.0000,0.700000,0.700000,3.90610,-1.00000,10.0000,2.39479,-0.102959E-02,-0.558137E-02,24.7300,16.2007,549.190,2.11636,0.323423,1.96946,-0.366332,-0.180215,24.6600,16.0676,537.679,2.08091,0.323176,2.84189,0.350270,0.174746,24.7900,16.3339,559.379,2.16095,0.323671,0.634391,0.549314,0.290149,0.960918E-01,0.390718,20.4541,0.471659E-01,0.366163E-03,0.265273,0.101130,0.120766,-0.199699,-0.173870,-0.527129,0.412687,0.226520E-01,2.99638,3.38111,3.64354,3.19061,7.33949,5.37817,2.08539,2.98268,-0.614703E-01,0.106950E-01,0.314481E-02,0.917245,0.958531E-03,0.536015E-05,0.178360,0.500406E-03,0.233408E-06,-0.328974E-01,0.204517E-03,0.498547E-05,27.4608,-4.16727,9.42639,23.4730,35.7979,50.2070,60.0850,75.2193,0.248357,-107.147,-0.187593E-01,-0.696007E-01,12.2282,40.4074,0.594375E-01,3.14481,0.917245,36.8505,0.206070,-0.703492E-01,12.2282,47.7649,0.702600E-01,3.71742,1.08426,36.8505,0.206070,-0.703492E-01,9.62940,49.3244,0.725540E-01,4.64880,1.11966,36.8505,0.206070,23.4011,96.5595,-9999,-9999,0.256476E-01,0.256476E-01,-9999,-9999,-9999,-9999,-9999,-9999,-9999,-9999,-9999,-9999,-9999,-9999,-9999,1.01075,1.02199,1.18208,1.18208,1.18208,1.18208,1.20464,1.20464,-9999,-9999,-9999,-9999,-9999,-9999,-9999,-9999,-9999,-9999,11,9,1,0,755,441,0,0,0,0,0,0,0,0,0,22,13,1,0,874,490,0,0,0,0,0,0,0,0,0,0,800000000,800000000,800000000,800000011,810000100,810000111,800000011,800000011,81011,81111,80,80,0.00000,0.00000,0.00000,0.00000,8.20000,0.200000,0.600000,0.650000,5.52584,6.12944,6.57528,12.9484,9.79440,9.71957,29.2356,5.97072,9,121,9,12035,207,212,18015,18019,0.292661E-01,0.927369E-02,0.139087,0.139087,0.736912E-01,0.139087,0.101641E-01,0.211338E-02,2.09745,2.52835,1.56000,1.63563,1.38198,1.44816,2,3,11,3,0,11,11,20,31,1,1,1,1,1,1,2,2,3,0,0,0,0,0,0,0,0,-9999,-9999,-9999,-9999,-9999,-9999,-9999,-9999,-9999,-9999,-9999,-9999,-9999,-9999,-9999,-9999,-9999,-9999,-9999,-9999,-9999,-9999,-9999,-9999,-9999,-9999,-9999,-9999,-9999,9999,-54,-9999,0,0,1,212.024,2.59471,-9999,0,0,3,1,0,1,0,-9999,-9999,-9999,47.2102,8.41064,393.000,0.500000,0.400000,0.800000E-01,360,20,30,gill,r3_50_1,2.41000,uvw,axis,7.00000,11.0000,12.5000,0.200000E-01,licor,li7500_1,14.0000,31.0000,1.00000,-9999,-9999,-9999,0.950000,12.7000,0.100000,licor,li7500_1,14.0000,31.0000,1.00000,-9999,-9999,-9999,-9999,-9999,0.950000,12.7000,0.100000,other_irga,generic_closed_path_2,14.0000,31.0000,1.00000,700.000,4.00000,8.00000,4.15000,32.0000,0.130800,other_irga,generic_closed_path_2,14.0000,31.0000,1.00000,700.000,4.00000,8.00000,4.15000,32.0000,0.130800,13,16.0000,0.00000,248.644,54.0236,14.1844,96100.2,1.39265,22.0000,96.5001,0.500083,2.14748,303.642,5285.60,0
202005131800,202005131830,134.7498,134.7707,CH-CHA_202005131300.csv,312.338,0,36000,36000,36000,36000,36000,36000,36000,36000,36000,36000,36000,36000,36000,36000,36000,36000,-0.745101E-01,2.87834,47.3699,0.696766E-01,3.60901,1.07526,-14.2286,0.222981,0.103743E-01,0.603178,5.53264,0.813798E-02,0.882171,0.125586,19.7605,0.408620E-01,-0.533534E-01,0.192575,0.283259E-03,0.362159E-01,0.437128E-02,-1.40903,0.566199E-02,-0.914986E-10,-0.310706E-11,-0.454544E-09,-0.701627E-10,-1.65865,-0.883529,0.112020,1.88263,0.156456E-12,-0.564074E-14,1.88263,5.25794,346.038,30.3117,0.256956,0.813497,-501.903,-0.400476E-02,0.607631E-01,-0.979586E-02,24.6963,23.3662,96.5595,47.4461,0.256453E-01,1.12849,1143.51,1013.31,0.992588E-02,13.5825,28.6273,0.879572E-02,15.0448,11.5248,95.2013,1.11856,0.260111E-01,0.244476E+07,0.887377E-02,2,16.2210,421.953,415.993,2,550.825,14.3285,14.1261,0,0.805824E-01,2096.17,2066.56,0,0.124386E-01,323.561,318.990,9.20000,9.20000,0.00000,-0.980588,10.0000,0.150000,0.150000,0.00000,-0.980588,10.0000,7.25000,7.25000,3.90610,-1.00000,10.0000,0.600000,0.600000,3.90610,-1.00000,10.0000,1.89444,-0.512939E-02,0.613551E-02,24.6900,16.2142,554.808,2.07536,0.323559,1.20682,-0.587680,-0.169801,24.6500,16.0821,539.830,2.05967,0.323319,2.57441,0.588643,0.173557,24.7300,16.3470,564.898,2.11697,0.323799,0.944756,0.807308,0.287546,0.549846E-01,0.439617,23.0083,0.518156E-01,0.358981E-03,0.227904E-01,0.228140E-01,-0.108740,0.393808,0.133846E-01,-0.936212,1.53197,0.605988E-01,2.39603,3.05035,4.06408,2.93661,9.73146,6.02909,4.64914,3.00552,-0.630878E-01,0.466316E-02,0.257185E-02,0.897070,-0.309546E-03,0.485102E-05,-0.373880,0.240385E-02,0.348154E-05,-0.231271,-0.280446E-03,0.244958E-05,28.3017,-4.29488,9.71504,24.1918,36.8941,51.7444,61.9249,77.5226,0.255590,-267.816,-0.750514E-02,-0.737198E-01,5.33239,39.5200,0.581302E-01,2.57185,0.897070,-11.9005,0.186498,-0.745101E-01,5.33239,46.4976,0.683936E-01,3.02593,1.05546,-11.9005,0.186498,-0.745101E-01,2.82025,47.5480,0.699386E-01,3.60901,1.07930,-11.9005,0.186498,23.3662,96.5595,-9999,-9999,0.256453E-01,0.256453E-01,-9999,-9999,-9999,-9999,-9999,-9999,-9999,-9999,-9999,-9999,-9999,-9999,-9999,1.01072,1.02060,1.17656,1.17656,1.17656,1.17656,1.19562,1.19562,-9999,-9999,-9999,-9999,-9999,-9999,-9999,-9999,-9999,-9999,0,5,4,11,467,316,0,0,0,0,0,0,0,0,0,0,11,7,19,541,366,0,0,0,0,0,0,0,0,0,0,800000000,800000000,800000000,801000011,810001100,800000111,800000111,800000011,81011,81111,80,81,0.00000,0.00000,0.00000,0.00000,9.15000,0.100000,7.20000,0.550000,6.44327,8.12727,8.69176,8.48572,12.6190,12.1315,35.1298,5.95143,39,246,39,17273,251,233,17966,18039,0.474694E-01,0.126174E-02,0.171065,0.171065,0.234373,0.171065,0.202050E-01,0.651699E-02,2.46296,0.707560,1.06796,1.07109,2.04052,1.81662,14,6,7,20,112,17,27,23,28,1,1,1,2,6,2,2,2,2,0,0,0,0,0,0,2,0,-9999,-9999,-9999,-9999,-9999,-9999,-9999,-9999,-9999,-9999,-9999,-9999,-9999,-9999,-9999,-9999,-9999,-9999,-9999,-9999,-9999,-9999,-9999,-9999,-9999,-9999,-9999,-9999,-9999,9999,-54,-9999,0,0,1,208.043,3.41121,-9999,0,0,3,1,0,1,0,-9999,-9999,-9999,47.2102,8.41064,393.000,0.500000,0.400000,0.800000E-01,360,20,30,gill,r3_50_1,2.41000,uvw,axis,7.00000,11.0000,12.5000,0.200000E-01,licor,li7500_1,14.0000,31.0000,1.00000,-9999,-9999,-9999,0.950000,12.7000,0.100000,licor,li7500_1,14.0000,31.0000,1.00000,-9999,-9999,-9999,-9999,-9999,0.950000,12.7000,0.100000,other_irga,generic_closed_path_2,14.0000,31.0000,1.00000,700.000,4.00000,8.00000,4.15000,32.0000,0.130800,other_irga,generic_closed_path_2,14.0000,31.0000,1.00000,700.000,4.00000,8.00000,4.15000,32.0000,0.130800,13,16.0000,0.00000,248.617,53.8589,13.8121,96065.3,1.38839,22.0000,96.5003,0.500306,2.14748,303.647,5286.98,0
202005131830,202005131900,134.7707,134.7915,CH-CHA_202005131300.csv,199.335,0,36000,36000,36000,35988,35988,35988,35988,35988,35988,35988,35988,35988,35988,35988,35988,35988,-0.475422E-01,-0.750220,33.0204,0.485663E-01,6.93194,0.749480,33.9084,0.258659,0.512126E-02,0.676893,2.61813,0.385073E-02,0.987444,0.594249E-01,23.7809,0.522105E-01,-0.116106,-0.114746,-0.168768E-03,0.182051,-0.260445E-02,1.17465,0.395839E-02,0.898003E-10,0.301352E-11,0.447211E-09,0.683067E-10,-1.81152,-0.974436,0.897476E-01,2.05893,-0.293751E-12,0.548873E-14,2.05893,5.04168,340.619,15.1812,0.205226,0.461731,981.040,0.204885E-02,-0.227199E-01,0.319602E-02,24.6155,23.2904,96.5595,47.4967,0.256383E-01,1.12880,1143.79,1013.28,0.989366E-02,13.5350,28.4966,0.876477E-02,14.9617,11.4718,95.2060,1.11891,0.260028E-01,0.244494E+07,0.884227E-02,2,16.3609,425.453,419.465,2,549.038,14.2774,14.0764,0,0.814780E-01,2118.78,2088.96,0,0.124449E-01,323.621,319.066,0.200000,0.200000,0.00000,-0.980588,10.0000,0.200000,0.200000,0.00000,-0.980588,10.0000,0.650000,0.650000,3.90610,-1.00000,10.0000,0.500000,0.500000,3.90610,-1.00000,10.0000,1.98375,-0.357332E-01,0.654776E-02,24.6400,16.3183,551.526,2.08341,0.323620,1.50532,-0.345605,-0.155614,24.5400,16.2044,539.362,2.05510,0.323365,2.55026,0.322982,0.156981,24.6800,16.4902,561.022,2.19572,0.323872,0.744709,0.544881,0.268283,0.855865E-01,0.390266,19.6536,0.742069E-01,0.372739E-03,0.464980,0.372522,-0.134598,-0.531812,0.539227,-0.864866,0.570625,0.339531E-01,2.92568,3.46953,4.51757,2.13138,11.3874,6.89692,1.76543,2.92047,-0.416592E-01,0.884496E-03,0.564829E-02,0.628210,0.735704E-03,0.561206E-05,0.328653E-02,0.686269E-02,0.139982E-04,-0.308007,-0.183260E-03,0.837783E-05,24.9920,-3.79263,8.57894,21.3628,32.5796,45.6933,54.6832,68.4569,0.204139,-719.206,-0.279475E-02,-0.470402E-01,1.01168,27.6775,0.407080E-01,5.64829,0.628210,28.2933,0.215825,-0.475422E-01,1.01168,32.6111,0.479643E-01,6.65511,0.740190,28.2933,0.215825,-0.475422E-01,-0.734790,33.1479,0.487538E-01,6.93194,0.752373,28.2933,0.215825,23.2904,96.5595,-9999,-9999,0.256383E-01,0.256383E-01,-9999,-9999,-9999,-9999,-9999,-9999,-9999,-9999,-9999,-9999,-9999,-9999,-9999,1.01067,1.02100,1.17825,1.17825,1.17825,1.17825,1.19846,1.19846,-9999,-9999,-9999,-9999,-9999,-9999,-9999,-9999,-9999,-9999,5,4,4,3,523,214,0,0,0,0,0,0,0,0,0,8,4,6,4,604,247,0,0,0,0,0,0,0,0,0,0,800000000,800000000,800000000,801000011,810001100,800000111,800000011,800000011,80100,81101,80,81,0.00000,0.00000,0.00000,0.00000,0.150000,0.150000,0.600000,0.450000,7.07627,9.14199,9.02356,5.30929,15.7772,14.0561,57.7824,5.95230,29,238,29,18599,438,429,18040,18037,0.724466E-01,0.943537E-02,0.211646,0.211646,0.262458,0.211646,0.144213E-01,0.284303E-01,3.03401,3.88999,2.84731,1.06256,2.55994,1.68210,0,9,19,2,47,30,22,13,142,1,1,2,1,3,2,2,1,6,0,0,0,0,0,0,1,0,-9999,-9999,-9999,-9999,-9999,-9999,-9999,-9999,-9999,-9999,-9999,-9999,-9999,-9999,-9999,-9999,-9999,-9999,-9999,-9999,-9999,-9999,-9999,-9999,-9999,-9999,-9999,-9999,-9999,9999,-54,-9999,0,0,1,208.276,2.49828,-9999,0,0,3,1,0,1,0,-9999,-9999,-9999,47.2102,8.41064,393.000,0.500000,0.400000,0.800000E-01,360,20,30,gill,r3_50_1,2.41000,uvw,axis,7.00000,11.0000,12.5000,0.200000E-01,licor,li7500_1,14.0000,31.0000,1.00000,-9999,-9999,-9999,0.950000,12.7000,0.100000,licor,li7500_1,14.0000,31.0000,1.00000,-9999,-9999,-9999,-9999,-9999,0.950000,12.7000,0.100000,other_irga,generic_closed_path_2,14.0000,31.0000,1.00000,700.000,4.00000,8.00000,4.15000,32.0000,0.130800,other_irga,generic_closed_path_2,14.0000,31.0000,1.00000,700.000,4.00000,8.00000,4.15000,32.0000,0.130800,13,16.0000,0.00000,248.640,54.0006,13.7151,96002.0,1.38560,22.0000,96.5006,0.500556,2.14748,303.641,5285.88,0
202005131900,202005131930,134.7915,134.8123,CH-CHA_202005131900.csv,88.2658,0,36000,36000,36000,36000,36000,36000,36000,36000,36000,36000,36000,36000,36000,36000,36000,36000,-0.628268E-01,-5.40562,25.6933,0.377860E-01,6.85046,0.583118,-19.9875,0.151474,0.503902E-02,0.293695,2.34235,0.344479E-02,0.726787,0.531603E-01,12.9409,0.357048E-01,-0.148580,-0.257400,-0.378548E-03,0.190000,-0.584178E-02,-0.657654,0.470020E-02,-0.484492E-10,-0.159919E-11,-0.237779E-09,-0.365477E-10,-1.98993,-0.936567,0.973118E-01,2.20146,-0.126819E-12,-0.293487E-14,2.20146,5.07044,342.795,15.6770,0.235876,0.443656,206.718,0.972340E-02,-0.210390,0.200300E-01,24.5076,23.1934,96.5595,47.3992,0.256290E-01,1.12922,1144.14,1013.22,0.981895E-02,13.4284,28.3304,0.869537E-02,14.9020,11.3524,95.2167,1.11940,0.259905E-01,0.244517E+07,0.877165E-02,2,16.5081,429.079,423.087,2,544.892,14.1628,13.9650,0,0.810184E-01,2105.83,2076.42,0,0.124529E-01,323.676,319.156,0.200000,0.200000,0.00000,-0.980588,10.0000,0.150000,0.150000,0.00000,-0.980588,10.0000,2.85000,2.85000,3.90610,-1.00000,10.0000,0.800000,0.800000,3.90610,-1.00000,10.0000,2.11658,0.241532E-02,0.484489E-02,24.5100,16.5105,547.417,2.08963,0.323677,1.72474,-0.385814,-0.166089,24.4800,16.4157,537.648,2.07856,0.323440,2.59070,0.379987,0.172183,24.5400,16.6182,554.338,2.12173,0.323914,0.658781,0.611625,0.281486,0.452588E-01,0.343388,16.7570,0.417266E-01,0.350179E-03,0.590059,-0.276434E-01,-0.113475,-0.121702,-0.276031,-0.835460,1.83755,-0.579125E-02,3.22021,3.34861,4.04862,2.91700,16.3134,7.71913,6.77511,2.95426,-0.542622E-01,-0.347268E-02,0.565505E-02,0.480611,-0.418014E-03,0.316790E-05,0.238286,-0.203038E-03,0.259290E-05,-0.115161,-0.127540E-03,0.271223E-05,26.8826,-4.07954,9.22793,22.9789,35.0442,49.1500,58.8200,73.6357,0.234674,278.192,0.722524E-02,-0.621881E-01,-3.97324,21.1767,0.311436E-01,5.65505,0.480611,-16.0834,0.121887,-0.628268E-01,-3.97324,25.7188,0.378235E-01,6.86799,0.583696,-16.0834,0.121887,-0.628268E-01,-5.28773,25.7961,0.379373E-01,6.85046,0.585452,-16.0834,0.121887,23.1934,96.5595,-9999,-9999,0.256290E-01,0.256290E-01,-9999,-9999,-9999,-9999,-9999,-9999,-9999,-9999,-9999,-9999,-9999,-9999,-9999,1.01027,1.02230,1.21449,1.21449,1.21449,1.21449,1.24274,1.24274,-9999,-9999,-9999,-9999,-9999,-9999,-9999,-9999,-9999,-9999,7,21,2,1,645,532,0,0,0,0,0,0,0,0,0,12,42,2,1,748,641,0,0,0,0,0,0,0,0,0,0,800000000,800000000,800000000,801000011,810001100,810000111,800000111,800000011,80011,80111,80,81,0.00000,0.00000,0.00000,0.00000,0.150000,0.100000,2.80000,0.750000,6.09950,6.63483,7.65825,5.97051,25.0524,16.4559,34.9599,5.83438,15,147,15,14215,228,215,18002,18031,0.299149E-01,0.910804E-02,0.181098,0.181098,0.227672,0.181098,0.123375E-01,0.835155E-02,2.02519,1.15492,0.870913,1.03330,1.22976,1.66886,4,6,8,2,51,8,4,19,55,1,1,1,1,4,1,2,2,4,0,0,0,0,0,0,1,0,-9999,-9999,-9999,-9999,-9999,-9999,-9999,-9999,-9999,-9999,-9999,-9999,-9999,-9999,-9999,-9999,-9999,-9999,-9999,-9999,-9999,-9999,-9999,-9999,-9999,-9999,-9999,-9999,-9999,9999,-53,-9999,0,0,1,205.204,2.53349,-9999,0,0,3,1,0,1,0,-9999,-9999,-9999,47.2102,8.41064,393.000,0.500000,0.400000,0.800000E-01,360,20,30,gill,r3_50_1,2.41000,uvw,axis,7.00000,11.0000,12.5000,0.200000E-01,licor,li7500_1,14.0000,31.0000,1.00000,-9999,-9999,-9999,0.950000,12.7000,0.100000,licor,li7500_1,14.0000,31.0000,1.00000,-9999,-9999,-9999,-9999,-9999,0.950000,12.7000,0.100000,other_irga,generic_closed_path_2,14.0000,31.0000,1.00000,700.000,4.00000,8.00000,4.15000,32.0000,0.130800,other_irga,generic_closed_path_2,14.0000,31.0000,1.00000,700.000,4.00000,8.00000,4.15000,32.0000,0.130800,13,16.0000,0.00000,248.513,53.2071,13.0368,96000.2,1.37848,22.0000,96.5003,0.500306,2.14748,303.653,5288.08,0
202005131930,202005132000,134.8123,134.8332,CH-CHA_202005131900.csv,16.7276,0,36000,36000,36000,36000,36000,36000,36000,36000,36000,36000,36000,36000,36000,36000,36000,36000,-0.945092E-01,-8.25250,43.3361,0.637197E-01,10.6220,0.983329,-33.8066,0.294013,0.734942E-02,0.551670,3.26192,0.479620E-02,0.933628,0.740155E-01,21.5158,0.397028E-01,-0.318427,-0.251845,-0.370303E-03,0.345229E-01,-0.571456E-02,0.793811,-0.561209E-02,0.957460E-10,0.313084E-11,0.472589E-09,0.720898E-10,-2.15623,-1.17031,0.115683,2.45608,-0.145367E-12,0.578668E-14,2.45608,5.36667,339.430,14.4749,0.289193,0.490442,249.539,0.805486E-02,-0.190430,0.249243E-01,24.2887,22.9857,96.5595,47.6255,0.256102E-01,1.13005,1144.92,1013.15,0.974958E-02,13.3242,27.9769,0.862754E-02,14.6528,11.2348,95.2271,1.12030,0.259685E-01,0.244566E+07,0.870262E-02,2,16.5459,429.698,423.744,2,541.042,14.0509,13.8562,0,0.816684E-01,2120.93,2091.54,0,0.124579E-01,323.532,319.049,0.500000E-01,0.500000E-01,0.00000,-0.980588,10.0000,0.200000,0.200000,0.00000,-0.980588,10.0000,8.70000,8.70000,3.90610,-1.00000,10.0000,0.400000,0.400000,3.90610,-1.00000,10.0000,2.42822,0.204401E-01,-0.486108E-02,24.2900,16.5450,544.104,2.09651,0.323533,1.91168,-0.381905,-0.191480,24.2400,16.4218,533.150,2.07665,0.323297,2.92587,0.390452,0.191139,24.3400,16.6860,552.082,2.16251,0.323763,0.730289,0.593283,0.309156,0.695177E-01,0.415697,19.8014,0.559735E-01,0.345088E-03,0.341547,-0.100699,0.516276E-02,-0.333585E-01,-0.130591,-0.851614,0.893764,-0.198667E-02,2.97487,3.30524,3.75902,2.65880,8.25382,6.38566,2.50271,2.96354,-0.817158E-01,-0.511464E-02,0.871773E-02,0.807643,-0.703703E-03,0.612006E-05,0.930682E-01,0.137894E-02,0.452073E-05,-0.198306,0.100460E-03,0.168461E-05,29.3561,-4.45489,10.0770,25.0931,38.2686,53.6722,64.2319,80.4108,0.287691,347.743,0.578013E-02,-0.935303E-01,-5.85584,35.5934,0.523353E-01,8.71773,0.807643,-27.0983,0.235672,-0.945092E-01,-5.85584,43.3185,0.636939E-01,10.6098,0.982930,-27.0983,0.235672,-0.945092E-01,-8.06683,43.5070,0.639710E-01,10.6220,0.987207,-27.0983,0.235672,22.9857,96.5595,-9999,-9999,0.256102E-01,0.256102E-01,-9999,-9999,-9999,-9999,-9999,-9999,-9999,-9999,-9999,-9999,-9999,-9999,-9999,1.01047,1.02302,1.21704,1.21704,1.21704,1.21704,1.24755,1.24755,-9999,-9999,-9999,-9999,-9999,-9999,-9999,-9999,-9999,-9999,16,10,1,1,608,461,0,0,0,0,0,0,0,0,0,24,19,2,1,689,539,0,0,0,0,0,0,0,0,0,0,800000000,800000000,800000000,801000011,810001100,810000111,800000011,800000011,80001,80111,80,81,0.00000,0.00000,0.00000,0.00000,0.00000,0.150000,8.65000,0.350000,5.50121,6.03411,7.40499,6.55351,11.2605,11.0679,41.6520,5.85190,10,114,10,12325,444,439,17962,18054,0.444527E-01,0.224088E-01,0.174036,0.174036,0.218879,0.174036,0.175730E-01,0.738643E-02,1.51385,1.32091,0.956264,1.44766,1.30615,0.912160,6,12,1,10,70,2,10,25,49,1,1,1,1,4,1,2,2,3,0,0,0,0,0,0,1,0,-9999,-9999,-9999,-9999,-9999,-9999,-9999,-9999,-9999,-9999,-9999,-9999,-9999,-9999,-9999,-9999,-9999,-9999,-9999,-9999,-9999,-9999,-9999,-9999,-9999,-9999,-9999,-9999,-9999,9999,-54,-9999,0,0,1,208.491,2.69967,-9999,0,0,3,1,0,1,0,-9999,-9999,-9999,47.2102,8.41064,393.000,0.500000,0.400000,0.800000E-01,360,20,30,gill,r3_50_1,2.41000,uvw,axis,7.00000,11.0000,12.5000,0.200000E-01,licor,li7500_1,14.0000,31.0000,1.00000,-9999,-9999,-9999,0.950000,12.7000,0.100000,licor,li7500_1,14.0000,31.0000,1.00000,-9999,-9999,-9999,-9999,-9999,0.950000,12.7000,0.100000,other_irga,generic_closed_path_2,14.0000,31.0000,1.00000,700.000,4.00000,8.00000,4.15000,32.0000,0.130800,other_irga,generic_closed_path_2,14.0000,31.0000,1.00000,700.000,4.00000,8.00000,4.15000,32.0000,0.130800,13,16.0000,0.00000,248.579,53.6198,12.8392,96005.5,1.37646,22.0000,96.5008,0.500833,2.14748,303.660,5289.83,0
202005132000,202005132030,134.8332,134.8540,CH-CHA_202005131900.csv,0.00000,1,36000,36000,36000,36000,36000,36000,36000,36000,36000,36000,36000,36000,36000,36000,36000,36000,-0.932418E-01,-7.44439,33.8303,0.497378E-01,12.5432,0.767558,49.1685,0.352096,0.727616E-02,0.457615,2.99104,0.439746E-02,1.37531,0.678620E-01,17.0611,0.470605E-01,-0.161809,-0.776541,-0.114168E-02,-0.861289E-01,-0.176185E-01,0.341672,-0.406188E-02,-0.189498E-09,-0.606995E-11,-0.941891E-09,-0.143198E-09,-1.98173,-1.66131,0.115195,2.58853,-0.220256E-13,-0.114920E-13,2.58853,5.52722,327.057,12.1007,0.287178,0.465167,270.869,0.742056E-02,-0.220051,0.226347E-01,24.1511,22.8802,96.5595,46.7746,0.255983E-01,1.13060,1145.26,1012.97,0.951795E-02,13.0030,27.7992,0.841850E-02,14.7963,10.8674,95.2592,1.12108,0.259477E-01,0.244591E+07,0.848998E-02,2,16.4895,427.890,422.104,2,528.188,13.7060,13.5207,0,0.819603E-01,2126.80,2098.05,0,0.124606E-01,323.343,318.971,0.200000,0.200000,0.00000,-0.980588,10.0000,0.200000,0.200000,0.00000,-0.980588,10.0000,0.650000,0.650000,3.90610,-1.00000,10.0000,0.550000,0.550000,3.90610,-1.00000,10.0000,2.51600,-0.925459E-02,0.118936E-02,24.1500,16.5255,529.902,2.13309,0.323340,2.07580,-0.352169,-0.200916,24.1100,16.2339,514.948,2.08605,0.323096,3.04185,0.333621,0.203576,24.1900,16.7620,542.562,2.16321,0.323596,0.714964,0.557300,0.329510,0.576899E-01,0.584970,25.7517,0.508023E-01,0.365247E-03,0.465048,0.180604,-0.762478E-01,-0.161925,-0.246205,-0.220956,-0.702928E-01,0.902395E-02,2.99879,3.97449,3.71411,2.78362,5.29174,4.68295,2.28555,2.92271,-0.814864E-01,-0.484774E-02,0.103218E-01,0.630684,0.101999E-02,0.730418E-05,1.13239,0.339989E-02,0.100012E-04,0.891048E-01,0.342556E-03,0.500808E-05,27.7406,-4.20975,9.52246,23.7123,36.1627,50.7187,60.6973,75.9859,0.285666,359.027,0.559846E-02,-0.922623E-01,-5.55191,27.7976,0.408683E-01,10.3218,0.630684,39.3095,0.281496,-0.932418E-01,-5.55191,33.8860,0.498196E-01,12.5826,0.768821,39.3095,0.281496,-0.932418E-01,-7.27361,33.9621,0.499314E-01,12.5432,0.770547,39.3095,0.281496,22.8802,96.5595,-9999,-9999,0.255983E-01,0.255983E-01,-9999,-9999,-9999,-9999,-9999,-9999,-9999,-9999,-9999,-9999,-9999,-9999,-9999,1.01062,1.02348,1.21903,1.21903,1.21903,1.21903,1.25081,1.25081,-9999,-9999,-9999,-9999,-9999,-9999,-9999,-9999,-9999,-9999,28,18,4,0,498,372,0,0,0,0,0,0,0,0,0,55,26,6,0,542,400,0,0,0,0,0,0,0,0,0,0,800000000,800000000,800000000,801000011,810000100,810000011,800000011,800000011,81011,81111,80,80,0.00000,0.00000,0.00000,0.00000,0.150000,0.150000,0.600000,0.500000,5.70040,6.36598,6.62289,6.09876,6.62775,6.46666,27.0280,5.95680,4,86,4,12135,232,229,18054,18064,0.425531E-01,0.245668E-01,0.168187,0.168187,0.175998,0.168187,0.652685E-02,0.466488E-02,0.702710,1.21227,0.739583,0.653341,0.766171,0.863821,1,8,5,0,12,4,11,20,56,1,1,1,1,1,1,2,2,4,0,0,0,0,0,0,0,0,-9999,-9999,-9999,-9999,-9999,-9999,-9999,-9999,-9999,-9999,-9999,-9999,-9999,-9999,-9999,-9999,-9999,-9999,-9999,-9999,-9999,-9999,-9999,-9999,-9999,-9999,-9999,-9999,-9999,9999,-56,-9999,0,0,1,219.974,2.55064,-9999,0,0,3,1,0,1,0,-9999,-9999,-9999,47.2102,8.41064,393.000,0.500000,0.400000,0.800000E-01,360,20,30,gill,r3_50_1,2.41000,uvw,axis,7.00000,11.0000,12.5000,0.200000E-01,licor,li7500_1,14.0000,31.0000,1.00000,-9999,-9999,-9999,0.950000,12.7000,0.100000,licor,li7500_1,14.0000,31.0000,1.00000,-9999,-9999,-9999,-9999,-9999,0.950000,12.7000,0.100000,other_irga,generic_closed_path_2,14.0000,31.0000,1.00000,700.000,4.00000,8.00000,4.15000,32.0000,0.130800,other_irga,generic_closed_path_2,14.0000,31.0000,1.00000,700.000,4.00000,8.00000,4.15000,32.0000,0.130800,13,16.0000,0.00000,248.919,55.7450,12.6131,96092.1,1.37398,22.0000,96.5011,0.501056,2.14748,303.682,5294.83,0
202005132030,202005132100,134.8540,134.8748,CH-CHA_202005131900.csv,0.00000,1,36000,36000,36000,36000,36000,36000,36000,36000,36000,36000,36000,36000,36000,36000,36000,36000,-0.132225,-11.4097,65.5767,0.963981E-01,13.3417,1.48763,-24.7319,0.254807,0.915971E-02,0.534632,5.07294,0.745725E-02,1.56123,0.115081,17.2490,0.531534E-01,-0.221532,-0.586094E-01,-0.861563E-04,-0.754000E-01,-0.132957E-02,-2.55031,-0.685599E-02,-0.581271E-10,-0.186477E-11,-0.283197E-09,-0.440567E-10,-2.61939,-1.68661,0.139722,3.11855,0.799879E-13,-0.353536E-14,3.11855,6.82626,334.480,13.4918,0.341897,0.706467,298.224,0.673990E-02,-0.173990,0.291250E-01,24.0037,22.7357,96.5595,47.0977,0.255856E-01,1.13116,1145.81,1012.95,0.950485E-02,12.9787,27.5571,0.840274E-02,14.5783,10.8393,95.2616,1.12166,0.259342E-01,0.244625E+07,0.847394E-02,2,16.4416,426.424,420.669,2,527.461,13.6800,13.4954,0,0.801041E-01,2077.55,2049.51,0,0.124617E-01,323.203,318.841,0.100000,0.100000,0.00000,-0.980588,10.0000,0.200000,0.200000,0.00000,-0.980588,10.0000,5.60000,5.60000,3.90610,-1.00000,10.0000,0.100000,0.100000,3.90610,-1.00000,10.0000,3.08103,-0.654713E-02,-0.458794E-02,24.0100,16.4676,530.345,2.06504,0.323205,2.52033,-0.470086,-0.243915,23.9700,16.1860,514.265,2.04343,0.322956,3.68949,0.471455,0.239200,24.0400,16.6913,541.958,2.11019,0.323447,0.838305,0.739779,0.403616,0.524359E-01,0.604336,27.3010,0.404475E-01,0.363238E-03,0.248040,0.486530E-01,0.998550E-01,-0.335575,-0.774891E-01,-0.330375,0.726072,-0.741369E-02,2.90067,3.50995,4.05819,3.30665,5.27309,4.62611,2.29163,2.96099,-0.115323,-0.681798E-02,0.108132E-01,1.21021,-0.507343E-03,0.522705E-05,0.289526,0.698736E-03,0.103408E-05,-0.301701E-01,0.949348E-04,0.280733E-05,27.1164,-4.11501,9.30817,23.1787,35.3489,49.5774,59.3314,74.2759,0.339980,430.110,0.467322E-02,-0.130747,-7.81210,53.3480,0.784218E-01,10.8132,1.21021,-19.5627,0.201550,-0.132225,-7.81210,65.4778,0.962528E-01,13.2718,1.48538,-19.5627,0.201550,-0.132225,-11.1264,65.8268,0.967658E-01,13.3417,1.49330,-19.5627,0.201550,22.7357,96.5595,-9999,-9999,0.255856E-01,0.255856E-01,-9999,-9999,-9999,-9999,-9999,-9999,-9999,-9999,-9999,-9999,-9999,-9999,-9999,1.01131,1.02546,1.22737,1.22737,1.22737,1.22737,1.26424,1.26424,-9999,-9999,-9999,-9999,-9999,-9999,-9999,-9999,-9999,-9999,12,23,3,1,421,321,0,0,0,0,0,0,0,0,0,22,37,3,2,450,351,0,0,0,0,0,0,0,0,0,0,800000000,800000000,800000000,801000011,810000100,800000011,800000011,800000011,81001,81101,80,80,0.00000,0.00000,0.00000,0.00000,0.500000E-01,0.150000,5.55000,0.500000E-01,5.30178,5.75193,6.28352,5.68611,6.12875,6.30703,43.1970,5.88235,4,58,4,10685,436,431,18009,18054,0.271011E-01,0.171178E-01,0.928931E-01,0.928931E-01,0.131677,0.928931E-01,0.199333E-01,0.220083E-01,2.32859,0.865625,0.856025,2.00787,1.21419,1.10308,0,0,2,1,2,2,10,15,70,1,1,1,1,1,1,1,1,4,0,0,0,0,0,0,0,0,-9999,-9999,-9999,-9999,-9999,-9999,-9999,-9999,-9999,-9999,-9999,-9999,-9999,-9999,-9999,-9999,-9999,-9999,-9999,-9999,-9999,-9999,-9999,-9999,-9999,-9999,-9999,-9999,-9999,9999,-54,-9999,0,0,1,212.777,2.56790,-9999,0,0,3,1,0,1,0,-9999,-9999,-9999,47.2102,8.41064,393.000,0.500000,0.400000,0.800000E-01,360,20,30,gill,r3_50_1,2.41000,uvw,axis,7.00000,11.0000,12.5000,0.200000E-01,licor,li7500_1,14.0000,31.0000,1.00000,-9999,-9999,-9999,0.950000,12.7000,0.100000,licor,li7500_1,14.0000,31.0000,1.00000,-9999,-9999,-9999,-9999,-9999,0.950000,12.7000,0.100000,other_irga,generic_closed_path_2,14.0000,31.0000,1.00000,700.000,4.00000,8.00000,4.15000,32.0000,0.130800,other_irga,generic_closed_path_2,14.0000,31.0000,1.00000,700.000,4.00000,8.00000,4.15000,32.0000,0.130800,13,16.0000,0.00000,248.699,54.3667,12.3830,96159.2,1.37029,22.0000,96.5009,0.500917,2.14748,303.689,5297.84,0
202005132100,202005132130,134.8748,134.8956,CH-CHA_202005131900.csv,0.00000,1,36000,36000,36000,36000,36000,36000,36000,36000,36000,36000,36000,36000,36000,36000,36000,36000,-0.100559,-7.91987,38.8640,0.571210E-01,10.2270,0.881497,-12.8814,0.230811,0.719374E-02,0.661720,3.35803,0.493551E-02,1.08859,0.761653E-01,14.1657,0.399418E-01,-0.260103,-0.150140,-0.220670E-03,0.918551E-01,-0.340541E-02,0.248464,0.439804E-02,0.701666E-10,0.223093E-11,0.341225E-09,0.529758E-10,-2.25881,-1.36968,0.107032,2.64381,0.168120E-12,0.424745E-14,2.64381,5.98492,336.493,14.6229,0.298071,0.577653,284.686,0.706041E-02,-0.203784,0.231763E-01,23.8275,22.5663,96.5595,47.3568,0.255705E-01,1.13184,1146.45,1012.91,0.946484E-02,12.9167,27.2753,0.836238E-02,14.3586,10.7673,95.2678,1.12237,0.259171E-01,0.244665E+07,0.843290E-02,2,16.5197,428.167,422.416,2,525.241,13.6135,13.4307,0,0.803364E-01,2082.20,2054.24,0,0.124724E-01,323.266,318.924,0.150000,0.150000,0.00000,-0.980588,10.0000,0.300000,0.300000,0.00000,-0.980588,10.0000,10.0000,10.0000,3.90610,-1.00000,10.0000,0.900000,0.900000,3.90610,-1.00000,10.0000,2.55850,-0.485114E-01,-0.333958E-02,23.8400,16.5389,528.013,2.07116,0.323266,2.11818,-0.435576,-0.202124,23.7700,16.3795,515.935,2.05416,0.323014,3.11659,0.383427,0.197408,23.8900,16.6861,537.155,2.10510,0.323519,0.766226,0.672959,0.339599,0.791058E-01,0.468183,21.8339,0.349424E-01,0.376154E-03,0.562468,0.327428,0.144687E-01,-0.255362,-0.278917,-0.710036,0.880111,-0.123540E-01,3.47986,3.57732,4.14018,2.25083,9.23993,6.62873,2.84836,2.95490,-0.873628E-01,-0.502617E-02,0.839828E-02,0.723202,-0.266695E-03,0.477866E-05,0.316154,0.879461E-04,0.483400E-05,-0.112094,0.188813E-03,0.976114E-06,27.8980,-4.23362,9.57646,23.8467,36.3678,51.0064,61.0416,76.4168,0.296494,386.751,0.519715E-02,-0.994984E-01,-5.76224,31.8850,0.468635E-01,8.39828,0.723202,-10.2903,0.184382,-0.100559,-5.76224,38.8852,0.571521E-01,10.2421,0.881976,-10.2903,0.184382,-0.100559,-7.73696,39.0134,0.573406E-01,10.2270,0.884885,-10.2903,0.184382,22.5663,96.5595,-9999,-9999,0.255705E-01,0.255705E-01,-9999,-9999,-9999,-9999,-9999,-9999,-9999,-9999,-9999,-9999,-9999,-9999,-9999,1.01066,1.02364,1.21954,1.21954,1.21954,1.21954,1.25180,1.25180,-9999,-9999,-9999,-9999,-9999,-9999,-9999,-9999,-9999,-9999,6,12,1,1,590,430,0,0,0,0,0,0,0,0,0,6,25,1,1,670,491,0,0,0,0,0,0,0,0,0,0,800000000,800000000,800000000,801000011,810001100,810000111,800000011,800000011,80111,81111,80,80,0.00000,0.00000,0.00000,0.00000,0.100000,0.250000,9.95000,0.850000,6.51152,7.18953,7.62725,5.49932,11.5559,9.86675,28.7273,5.85157,7,93,7,11991,217,213,18032,18122,0.295192E-01,0.540150E-02,0.156531,0.156531,0.172680,0.156531,0.122734E-01,0.481098E-02,0.919935,0.845899,0.841970,0.777847,1.70930,0.484379,3,13,4,5,106,2,8,20,42,1,1,1,1,6,1,2,2,3,0,0,0,0,0,0,2,0,-9999,-9999,-9999,-9999,-9999,-9999,-9999,-9999,-9999,-9999,-9999,-9999,-9999,-9999,-9999,-9999,-9999,-9999,-9999,-9999,-9999,-9999,-9999,-9999,-9999,-9999,-9999,-9999,-9999,9999,-54,-9999,0,0,1,211.231,2.32020,-9999,0,0,3,1,0,1,0,-9999,-9999,-9999,47.2102,8.41064,393.000,0.500000,0.400000,0.800000E-01,360,20,30,gill,r3_50_1,2.41000,uvw,axis,7.00000,11.0000,12.5000,0.200000E-01,licor,li7500_1,14.0000,31.0000,1.00000,-9999,-9999,-9999,0.950000,12.7000,0.100000,licor,li7500_1,14.0000,31.0000,1.00000,-9999,-9999,-9999,-9999,-9999,0.950000,12.7000,0.100000,other_irga,generic_closed_path_2,14.0000,31.0000,1.00000,700.000,4.00000,8.00000,4.15000,32.0000,0.130800,other_irga,generic_closed_path_2,14.0000,31.0000,1.00000,700.000,4.00000,8.00000,4.15000,32.0000,0.130800,13,16.0000,0.00000,248.661,54.1316,12.2860,96216.2,1.36848,22.0000,96.5029,0.502944,2.14748,303.672,5301.96,0
202005132130,202005132200,134.8956,134.9165,CH-CHA_202005131900.csv,0.00000,1,36000,36000,36000,36000,36000,36000,36000,36000,36000,36000,36000,36000,36000,36000,36000,36000,-0.884999E-01,-6.07325,-25.3317,-0.372251E-01,22.3521,-0.574462,30.7183,0.346939,0.688211E-02,3.20866,64.8260,0.952624E-01,16.6330,1.47010,11.8546,0.471127E-01,-0.276731,-10.8770,-0.159839E-01,2.55507,-0.246664,1.48164,0.768853E-01,0.107296E-09,0.199345E-11,0.474460E-09,0.729986E-10,-2.16759,-1.38837,0.106424,2.57630,0.108662E-12,0.581399E-14,2.57630,5.41182,334.789,14.4036,0.279297,0.537126,305.183,0.658621E-02,0.239749,0.189705E-01,23.2068,22.3860,96.5595,31.2299,0.255170E-01,1.13452,1146.24,1010.34,0.617855E-02,8.42685,26.9833,0.544598E-02,18.5565,4.50923,95.7168,1.12834,0.257417E-01,0.244708E+07,0.547580E-02,2,18.4548,475.067,470.911,2,342.872,8.82628,8.74906,0,0.816067E-01,2100.74,2082.36,0,0.125557E-01,323.212,320.384,0.650000,0.650000,0.00000,-0.980588,10.0000,4.25000,4.25000,0.00000,-0.980588,10.0000,0.650000,0.650000,3.90610,-1.00000,10.0000,0.450000,0.450000,3.90610,-1.00000,10.0000,2.49278,-0.229258E-01,-0.485262E-03,23.2300,18.2612,296.215,2.09420,0.323207,2.02018,-0.449100,-0.177984,22.8900,16.6387,172.756,2.06394,0.322948,3.07377,0.394127,0.182363,23.4900,20.2207,520.066,2.13559,0.323481,0.738731,0.659596,0.305714,0.318617,1.94499,166.468,0.433030E-01,0.386465E-03,0.449414,0.375495,-0.108602,0.759329E-01,0.956792E-01,0.341535E-01,0.439390,-0.361413E-01,2.76687,3.73133,4.13955,1.47262,1.52618,1.26504,2.39470,2.90921,-0.764424E-01,-0.630062E-02,0.187954E-01,-0.461272,0.630985E-03,0.712647E-05,-298.357,0.397911E-02,0.135272E-04,-0.765064,0.326906E-03,0.290872E-05,28.8065,-4.37149,9.88833,24.6233,37.5522,52.6674,63.0295,78.9054,0.277812,253.267,0.793630E-02,-0.875611E-01,-7.22204,-20.3404,-0.298904E-01,18.7954,-0.461272,24.5122,0.276846,-0.884999E-01,-7.22204,-24.8396,-0.365020E-01,22.9528,-0.563302,24.5122,0.276846,-0.884999E-01,-5.93269,-25.3834,-0.373011E-01,22.3521,-0.575635,24.5122,0.276846,22.3860,96.5595,-9999,-9999,0.255170E-01,0.255170E-01,-9999,-9999,-9999,-9999,-9999,-9999,-9999,-9999,-9999,-9999,-9999,-9999,-9999,1.01072,1.02369,1.22119,1.22119,1.22119,1.22119,1.25318,1.25318,-9999,-9999,-9999,-9999,-9999,-9999,-9999,-9999,-9999,-9999,5,16,3,0,198,121,0,0,0,0,0,0,0,0,0,9,23,3,0,216,132,0,0,0,0,0,0,0,0,0,0,800000000,800000000,800000000,801000011,800000000,800000011,800000011,800000011,81011,81011,80,80,0.00000,0.00000,0.00000,0.00000,0.600000,4.20000,0.600000,0.400000,5.82940,6.21383,6.92882,5.43825,8.20174,8.88704,34.4199,5.90310,7,129,7,13001,442,437,18195,18185,0.310735E-01,0.930495E-02,0.252204E-01,0.252204E-01,0.254329E-01,0.252204E-01,0.197863E-01,0.143204E-01,1.93950,1.42610,1.74897,0.748268,1.62171,1.57841,4,29,74,155,8,12,6,24,172,1,2,4,6,1,1,2,2,6,0,0,2,2,1,2,0,0,-9999,-9999,-9999,-9999,-9999,-9999,-9999,-9999,-9999,-9999,-9999,-9999,-9999,-9999,-9999,-9999,-9999,-9999,-9999,-9999,-9999,-9999,-9999,-9999,-9999,-9999,-9999,-9999,-9999,9999,-60,-9999,0,0,1,212.640,2.36750,-9999,0,0,3,1,0,1,0,-9999,-9999,-9999,47.2102,8.41064,393.000,0.500000,0.400000,0.800000E-01,360,20,30,gill,r3_50_1,2.41000,uvw,axis,7.00000,11.0000,12.5000,0.200000E-01,licor,li7500_1,14.0000,31.0000,1.00000,-9999,-9999,-9999,0.950000,12.7000,0.100000,licor,li7500_1,14.0000,31.0000,1.00000,-9999,-9999,-9999,-9999,-9999,0.950000,12.7000,0.100000,other_irga,generic_closed_path_2,14.0000,31.0000,1.00000,700.000,4.00000,8.00000,4.15000,32.0000,0.130800,other_irga,generic_closed_path_2,14.0000,31.0000,1.00000,700.000,4.00000,8.00000,4.15000,32.0000,0.130800,13,16.0000,0.00000,249.637,60.2302,12.0158,96275.6,1.35921,22.0000,96.5049,0.504917,2.14748,303.681,5304.96,0
202005132200,202005132230,134.9165,134.9373,CH-CHA_202005131900.csv,0.00000,1,36000,36000,36000,36000,36000,36000,36000,36000,36000,36000,36000,36000,36000,36000,36000,36000,-0.394166E-01,-7.10387,49.8265,0.731553E-01,4.34058,1.12894,18.7350,0.206546,0.426754E-02,2.15660,20.6364,0.302984E-01,5.56625,0.467569,13.9160,0.446268E-01,-1.41647,2.42814,0.356499E-02,-0.787601,0.550153E-01,0.585586,-0.660588E-02,0.342376E-10,0.735075E-12,0.157179E-09,0.240456E-10,-1.61528,-1.01227,0.869128E-01,1.90824,0.107932E-12,0.191053E-14,1.90824,5.05207,335.001,12.8605,0.186141,0.338349,77.2466,0.260206E-01,-0.142572,0.331862E-01,22.3817,21.4660,96.5595,36.9531,0.254460E-01,1.13761,1149.99,1010.88,0.693318E-02,9.42663,25.5097,0.609450E-02,16.0831,6.12170,95.6169,1.13068,0.256968E-01,0.244926E+07,0.613187E-02,2,17.9205,460.512,456.004,2,384.749,9.88712,9.79032,0,0.822701E-01,2114.14,2093.44,0,0.125858E-01,323.425,320.259,0.200000,0.200000,0.00000,-0.980588,10.0000,0.100000,0.100000,0.00000,-0.980588,10.0000,0.600000,0.600000,3.90610,-1.00000,10.0000,0.650000,0.650000,3.90610,-1.00000,10.0000,1.84097,0.100002E-01,-0.487057E-02,22.3600,17.5480,398.337,2.10624,0.323430,1.41941,-0.262141,-0.148721,22.1600,17.1453,355.479,2.07466,0.323141,2.32355,0.271677,0.140997,22.5600,18.1988,432.280,2.14955,0.323710,0.641621,0.452277,0.245898,0.246385,1.10255,63.3323,0.468405E-01,0.410946E-03,0.535637,-0.217976E-01,0.100606,0.503367,1.13117,-0.940736,0.523215,-0.224581E-01,2.94391,3.98785,4.51272,2.46682,3.11783,3.16644,2.22824,2.84072,-0.342095E-01,-0.384940E-02,0.344772E-02,0.923640,0.386505E-03,0.426108E-05,-57.3214,-0.234442E-01,-0.120344E-03,1.36391,0.616814E-02,0.652257E-05,-9999,-9999,-9999,-9999,-9999,-9999,-9999,-9999,0.185176,122.423,0.164185E-01,-0.390090E-01,-4.42679,40.7655,0.598519E-01,3.44772,0.923640,15.0410,0.165821,-0.394166E-01,-4.42679,49.6962,0.729639E-01,4.20302,1.12599,15.0410,0.165821,-0.394166E-01,-6.94893,49.9620,0.733542E-01,4.34058,1.13201,15.0410,0.165821,21.4660,96.5595,-9999,-9999,0.254460E-01,0.254460E-01,-9999,-9999,-9999,-9999,-9999,-9999,-9999,-9999,-9999,-9999,-9999,-9999,-9999,1.01045,1.02230,1.21908,1.21908,1.21908,1.21908,1.24560,1.24560,-9999,-9999,-9999,-9999,-9999,-9999,-9999,-9999,-9999,-9999,16,21,4,0,193,22,0,0,0,0,0,0,0,0,0,26,41,7,0,214,25,0,0,0,0,0,0,0,0,0,0,800000000,800000000,800000000,801000011,800000000,800000011,800000011,800000011,80110,80110,80,81,0.00000,0.00000,0.00000,0.00000,0.150000,0.500000E-01,0.550000,0.600000,6.54967,7.50527,8.53862,5.55045,14.0445,14.3050,35.9446,5.97594,36,234,36,14693,231,221,18186,18180,0.448472E-01,0.923871E-02,0.222888E-01,0.222888E-01,0.721797E-01,0.222888E-01,0.136133E-01,0.134029E-01,2.12632,0.986852,1.56552,1.34620,1.43724,1.37711,1,20,102,36,12,1,14,13,112,1,2,6,3,1,1,1,1,6,0,0,1,1,2,1,0,0,-9999,-9999,-9999,-9999,-9999,-9999,-9999,-9999,-9999,-9999,-9999,-9999,-9999,-9999,-9999,-9999,-9999,-9999,-9999,-9999,-9999,-9999,-9999,-9999,-9999,-9999,-9999,-9999,-9999,9999,-57,-9999,0,0,1,212.075,2.61050,-9999,0,0,3,1,0,1,0,-9999,-9999,-9999,47.2102,8.41064,393.000,0.500000,0.400000,0.800000E-01,360,20,30,gill,r3_50_1,2.41000,uvw,axis,7.00000,11.0000,12.5000,0.200000E-01,licor,li7500_1,14.0000,31.0000,1.00000,-9999,-9999,-9999,0.950000,12.7000,0.100000,licor,li7500_1,14.0000,31.0000,1.00000,-9999,-9999,-9999,-9999,-9999,0.950000,12.7000,0.100000,other_irga,generic_closed_path_2,14.0000,31.0000,1.00000,700.000,4.00000,8.00000,4.15000,32.0000,0.130800,other_irga,generic_closed_path_2,14.0000,31.0000,1.00000,700.000,4.00000,8.00000,4.15000,32.0000,0.130800,13,16.0000,0.00000,249.151,57.1908,11.6726,96298.9,1.35030,22.0000,96.5046,0.504611,2.14748,303.688,5309.20,0
202005132230,202005132300,134.9373,134.9581,CH-CHA_202005131900.csv,0.00000,1,36000,36000,36000,36000,36000,36000,35970,-9999,36000,36000,36000,36000,35970,-9999,36000,36000,-0.360049E-01,-26.9007,-9999,-9999,-9999,-9999,-47.3832,0.130611,0.445082E-02,11.8737,-9999,-9999,-9999,-9999,12.8850,0.454585E-01,-1.06289,-9999,-9999,-9999,-9999,-0.304168,0.170834,-9999,-9999,0.573746E-09,0.888972E-10,-1.03397,-0.695146,0.662863E-01,1.24768,-0.170915E-14,0.695507E-14,1.24768,3.25407,333.305,23.0124,0.177367,0.235044,17.6206,0.114071,-9999,0.131784,20.7762,20.7762,96.5595,-9999,0.253077E-01,1.14450,1150.87,1005.57,-9999,-9999,24.4564,-9999,-9999,-9999,96.5595,1.14450,0.253077E-01,0.245089E+07,-9999,-9999,-9999,-9999,-9999,-9999,-9999,-9999,-9999,0,0.824932E-01,2087.72,2087.72,0,0.127816E-01,323.474,323.474,-9999,-9999,-9999,-9999,-9999,-9999,-9999,-9999,-9999,-9999,-1.00000,-1.00000,3.90610,-1.00000,10.0000,0.600000,0.600000,3.90610,-1.00000,10.0000,1.21873,0.148785E-01,0.336258E-02,21.0500,20.0609,-9999,2.08574,0.323469,0.886695,-0.275159,-0.104130,19.6500,18.1610,-9999,2.05615,0.323193,1.59924,0.283926,0.107074,22.0300,25.8336,-9999,2.12006,0.323751,0.514962,0.412391,0.186646,1.23679,-9999,-9999,0.405706E-01,0.419336E-03,0.164216,-0.186179,0.263257E-01,-0.501705,-9999,-9999,0.238774,0.110979,2.83837,3.01066,4.65650,1.85248,-9999,-9999,2.17963,3.04319,-0.297726E-01,-0.227148E-01,-9999,-9999,-0.906556E-03,0.249890E-05,-9999,-9999,-9999,-9999,-9999,0.118705E-05,-9999,-9999,-9999,-9999,-9999,-9999,-9999,-9999,0.176135,17.7568,0.113196,-0.355064E-01,-26.1419,-9999,-9999,-9999,-9999,-35.8213,0.987406E-01,-0.360049E-01,-26.1419,-9999,-9999,-9999,-9999,-35.8213,0.987406E-01,-0.360049E-01,-26.1419,-9999,-9999,-9999,-9999,-35.8213,0.987406E-01,20.7762,96.5595,-9999,-9999,0.253077E-01,0.253077E-01,-9999,-9999,-9999,-9999,-9999,-9999,-9999,-9999,-9999,-9999,-9999,-9999,-9999,1.01404,1.02903,-9999,-9999,-9999,-9999,1.32277,1.32277,-9999,-9999,-9999,-9999,-9999,-9999,-9999,-9999,-9999,-9999,9,5,3,0,25,8,0,0,0,0,0,0,0,0,0,12,9,4,0,30,12,0,0,0,0,0,0,0,0,0,0,800000000,800000000,800000011,800000011,800011100,800010111,800000011,800000011,80011,80011,80,81,0.00000,0.00000,0.00000,0.00000,-9999,-9999,1.00000,0.550000,6.91103,8.61028,9.42195,6.64910,134.965,-9999,39.3308,5.85099,137,631,137,16339,-9999,-9999,18032,18040,0.676932E-01,0.122927E-01,-9999,-9999,-9999,-9999,0.980060E-02,0.237067E-01,2.02135,1.45468,-9999,-9999,1.46709,1.23316,15,75,59,-9999,63,3,4,31,289,1,4,4,-9999,4,1,3,3,7,1,1,-9999,-9999,-9999,-9999,1,1,-9999,-9999,-9999,-9999,-9999,-9999,-9999,-9999,-9999,-9999,-9999,-9999,-9999,-9999,-9999,-9999,-9999,-9999,-9999,-9999,-9999,-9999,-9999,-9999,-9999,-9999,-9999,-9999,-9999,9999,-77,-9999,0,0,1,213.913,3.04542,-9999,0,0,3,1,0,1,0,-9999,-9999,-9999,47.2102,8.41064,393.000,0.500000,0.400000,0.800000E-01,360,20,30,gill,r3_50_1,2.41000,uvw,axis,7.00000,11.0000,12.5000,0.200000E-01,-9999,-9999,-9999,-9999,-9999,-9999,-9999,-9999,-9999,-9999,-9999,-9999,-9999,-9999,-9999,-9999,-9999,-9999,-9999,-9999,-9999,-9999,-9999,-9999,other_irga,generic_closed_path_2,14.0000,31.0000,1.00000,700.000,4.00000,8.00000,4.15000,32.0000,0.130800,other_irga,generic_closed_path_2,14.0000,31.0000,1.00000,700.000,4.00000,8.00000,4.15000,32.0000,0.130800,13,16.0000,0.00000,252.371,77.3156,11.5797,96323.3,1.34600,22.0000,96.5006,0.500556,2.14748,303.701,5314.24,0
202005132300,202005132330,134.9581,134.9790,CH-CHA_202005131900.csv,0.00000,1,36000,36000,36000,36000,36000,36000,35987,-9999,36000,36000,36000,36000,35987,-9999,36000,36000,-0.153721E-01,4.07508,-9999,-9999,-9999,-9999,-34.8820,-0.902419E-01,0.210486E-02,4.25161,-9999,-9999,-9999,-9999,15.2867,0.563317E-01,-5.98858,-9999,-9999,-9999,-9999,2.85922,0.174108E-01,-9999,-9999,-0.210421E-09,-0.318258E-10,-0.692138,-0.543679,0.315069E-01,0.880702,0.499383E-13,-0.245501E-14,0.880702,2.04027,331.165,24.9901,0.115135,0.115537,-31.8131,-0.631816E-01,-9999,-0.303555E-01,16.9401,16.9401,96.5595,-9999,0.249774E-01,1.15963,1165.98,1005.48,-9999,-9999,19.2449,-9999,-9999,-9999,96.5595,1.15963,0.249774E-01,0.245999E+07,-9999,-9999,-9999,-9999,-9999,-9999,-9999,-9999,-9999,0,0.857108E-01,2140.84,2140.84,0,0.129636E-01,323.798,323.798,-9999,-9999,-9999,-9999,-9999,-9999,-9999,-9999,-9999,-9999,-1.00000,-1.00000,3.90610,-1.00000,10.0000,9.30000,9.30000,3.90610,-1.00000,10.0000,0.900150,0.393277E-01,0.226732E-02,17.0700,28.6786,-9999,2.14078,0.323800,0.661535,-0.221053,-0.730891E-01,16.3300,25.8006,-9999,2.07813,0.323488,1.12063,0.225845,0.734992E-01,17.4300,30.7161,-9999,2.17731,0.324104,0.336333,0.321393,0.121079,0.594926,-9999,-9999,0.685330E-01,0.450998E-03,-0.310917,-0.294806,-0.112805,-0.673686E-02,-9999,-9999,0.736793,-0.778215E-02,3.08952,2.97953,4.13896,1.67366,-9999,-9999,3.14774,2.91176,-0.117883E-01,0.342462E-02,-9999,-9999,-0.735334E-03,-0.190235E-05,-9999,-9999,-9999,-9999,-9999,0.942584E-05,-9999,-9999,-9999,-9999,-9999,-9999,-9999,-9999,0.114358,-31.8139,-0.631800E-01,-0.151654E-01,3.99304,-9999,-9999,-9999,-9999,-29.4399,-0.761628E-01,-0.153721E-01,3.99304,-9999,-9999,-9999,-9999,-29.4399,-0.761628E-01,-0.153721E-01,3.99304,-9999,-9999,-9999,-9999,-29.4399,-0.761628E-01,16.9401,96.5595,-9999,-9999,0.249774E-01,0.249774E-01,-9999,-9999,-9999,-9999,-9999,-9999,-9999,-9999,-9999,-9999,-9999,-9999,-9999,1.01363,1.02054,-9999,-9999,-9999,-9999,1.18486,1.18486,-9999,-9999,-9999,-9999,-9999,-9999,-9999,-9999,-9999,-9999,9,2,3,1,4,0,0,0,0,0,0,0,0,0,0,20,4,4,1,7,0,0,0,0,0,0,0,0,0,0,0,800000001,800000001,800000011,801000011,800010100,801010111,800000011,800000011,81001,81001,80,81,0.00000,0.00000,0.00000,0.00000,-9999,-9999,1.00000,9.25000,6.54383,6.58672,8.24248,6.26844,298.051,-9999,38.5378,5.76741,445,1380,453,17321,-9999,-9999,18021,17929,0.156418E-01,0.107106,-9999,-9999,-9999,-9999,0.562252E-03,0.233479E-01,2.07377,1.17909,-9999,-9999,1.03050,1.17208,18,154,46,-9999,84,101,9,35,882,2,6,3,-9999,5,6,3,3,8,1,2,-9999,-9999,-9999,-9999,1,2,-9999,-9999,-9999,-9999,-9999,-9999,-9999,-9999,-9999,-9999,-9999,-9999,-9999,-9999,-9999,-9999,-9999,-9999,-9999,-9999,-9999,-9999,-9999,-9999,-9999,-9999,-9999,-9999,-9999,9999,-79,-9999,0,0,1,218.150,2.05018,-9999,0,0,3,1,0,1,0,-9999,-9999,-9999,47.2102,8.41064,393.000,0.500000,0.400000,0.800000E-01,360,20,30,gill,r3_50_1,2.41000,uvw,axis,7.00000,11.0000,12.5000,0.200000E-01,-9999,-9999,-9999,-9999,-9999,-9999,-9999,-9999,-9999,-9999,-9999,-9999,-9999,-9999,-9999,-9999,-9999,-9999,-9999,-9999,-9999,-9999,-9999,-9999,other_irga,generic_closed_path_2,14.0000,31.0000,1.00000,700.000,4.00000,8.00000,4.15000,32.0000,0.130800,other_irga,generic_closed_path_2,14.0000,31.0000,1.00000,700.000,4.00000,8.00000,4.15000,32.0000,0.130800,13,16.0000,0.00000,252.563,78.5212,11.3993,96338.4,1.34258,22.0000,96.5000,0.500000,2.14748,303.699,5316.19,0
202005132330,202005140000,134.9790,135.0000,CH-CHA_202005131900.csv,0.00000,1,36000,36000,36000,36000,36000,36000,35913,-9999,36000,36000,36000,36000,35913,-9999,36000,36000,-0.212749E-01,3.08184,-9999,-9999,-9999,-9999,-33.4089,0.120476,0.344608E-02,2.26441,-9999,-9999,-9999,-9999,13.5594,0.411884E-01,-3.50023,-9999,-9999,-9999,-9999,-0.190624,0.100544E-01,-9999,-9999,-0.868869E-09,-0.131706E-09,-1.06412,-0.423159,0.525207E-01,1.14637,-0.198805E-12,-0.100760E-13,1.14637,2.98706,351.411,25.6774,0.134928,0.247909,-67.7009,-0.296894E-01,-9999,-0.194399E-01,14.7151,14.7151,96.5595,-9999,0.247859E-01,1.16859,1174.93,1005.43,-9999,-9999,16.6920,-9999,-9999,-9999,96.5595,1.16859,0.247859E-01,0.246526E+07,-9999,-9999,-9999,-9999,-9999,-9999,-9999,-9999,-9999,0,0.862315E-01,2137.32,2137.32,0,0.130713E-01,323.983,323.983,-9999,-9999,-9999,-9999,-9999,-9999,-9999,-9999,-9999,-9999,6.30000,6.30000,3.90610,-1.00000,10.0000,0.750000,0.750000,3.90610,-1.00000,10.0000,1.13933,0.162579E-01,0.340487E-02,14.6700,23.8111,-9999,2.11416,0.323984,0.656718,-0.278131,-0.827508E-01,14.5100,21.7967,-9999,2.09738,0.323682,1.60868,0.269311,0.829723E-01,14.8500,27.2136,-9999,2.15110,0.324293,0.567917,0.388867,0.148558,0.325731,-9999,-9999,0.600489E-01,0.448239E-03,0.135826,-0.937164E-01,0.394358E-01,1.04470,-9999,-9999,1.92511,-0.555282E-01,2.00840,2.70480,4.76861,4.72656,-9999,-9999,6.58409,2.88760,-0.172208E-01,0.257165E-02,-9999,-9999,-0.697996E-03,0.251705E-05,-9999,-9999,-9999,-9999,-9999,0.740680E-05,-9999,-9999,-9999,-9999,-9999,-9999,-9999,-9999,0.134118,-67.8159,-0.296391E-01,-0.210202E-01,3.02152,-9999,-9999,-9999,-9999,-28.1610,0.101552,-0.212749E-01,3.02152,-9999,-9999,-9999,-9999,-28.1610,0.101552,-0.212749E-01,3.02152,-9999,-9999,-9999,-9999,-28.1610,0.101552,14.7151,96.5595,-9999,-9999,0.247859E-01,0.247859E-01,-9999,-9999,-9999,-9999,-9999,-9999,-9999,-9999,-9999,-9999,-9999,-9999,-9999,1.01212,1.01996,-9999,-9999,-9999,-9999,1.18635,1.18635,-9999,-9999,-9999,-9999,-9999,-9999,-9999,-9999,-9999,-9999,1,2,4,0,28,13,0,0,0,0,0,0,0,0,0,1,3,6,0,44,23,0,0,0,0,0,0,0,0,0,0,800000001,800000000,800000011,800001111,800011100,801010011,800000111,800000011,80110,80111,80,81,0.00000,0.00000,0.00000,0.00000,-9999,-9999,6.25000,0.700000,6.69812,8.28349,9.12342,5.42095,218.634,-9999,63.9802,5.89322,339,1066,339,15585,-9999,-9999,17974,18020,0.532649E-01,0.204946E-01,-9999,-9999,-9999,-9999,0.660372E-02,0.125312E-01,1.38321,1.00467,-9999,-9999,0.663747,0.926370,23,163,50,-9999,43,15,33,31,477,2,6,3,-9999,3,1,3,3,7,1,2,-9999,-9999,-9999,-9999,1,1,-9999,-9999,-9999,-9999,-9999,-9999,-9999,-9999,-9999,-9999,-9999,-9999,-9999,-9999,-9999,-9999,-9999,-9999,-9999,-9999,-9999,-9999,-9999,-9999,-9999,-9999,-9999,-9999,-9999,9999,-74,-9999,0,0,1,201.686,2.62590,-9999,0,0,3,1,0,1,0,-9999,-9999,-9999,47.2102,8.41064,393.000,0.500000,0.400000,0.800000E-01,360,20,30,gill,r3_50_1,2.41000,uvw,axis,7.00000,11.0000,12.5000,0.200000E-01,-9999,-9999,-9999,-9999,-9999,-9999,-9999,-9999,-9999,-9999,-9999,-9999,-9999,-9999,-9999,-9999,-9999,-9999,-9999,-9999,-9999,-9999,-9999,-9999,other_irga,generic_closed_path_2,14.0000,31.0000,1.00000,700.000,4.00000,8.00000,4.15000,32.0000,0.130800,other_irga,generic_closed_path_2,14.0000,31.0000,1.00000,700.000,4.00000,8.00000,4.15000,32.0000,0.130800,13,16.0000,0.00000,251.903,74.3948,11.2008,96344.9,1.34137,22.0000,96.5001,0.500139,2.14748,303.674,5316.38,0
202005140000,202005140030,135.0000,135.0208,CH-CHA_202005131900.csv,0.00000,1,36000,36000,36000,36000,36000,36000,35959,-9999,36000,36000,36000,36000,35959,-9999,36000,36000,-0.276472E-01,-4.76741,-9999,-9999,3.07170,-9999,-3.42669,0.146864,0.329966E-02,0.551250,-9999,-9999,20.1781,-9999,5.30323,0.345562E-01,-0.526975,-9999,-9999,-9999,-9999,-4.44866,-0.288586E-01,-0.773582E-10,-9999,-0.263194E-09,-0.414179E-10,-1.35680,-0.374298,0.634822E-01,1.40891,-0.329358E-13,-0.317013E-14,1.40891,3.38581,352.009,15.1539,0.153724,0.182538,64.7197,0.310570E-01,-9999,0.263649E-01,14.3805,14.3805,96.5595,-9999,0.247570E-01,1.16995,1176.29,1005.42,-9999,-9999,16.3350,-9999,-9999,-9999,96.5595,1.16995,0.247570E-01,0.246605E+07,-9999,2,24.4022,604.126,604.126,-9999,-9999,-9999,-9999,0,0.830230E-01,2055.40,2055.40,0,0.130650E-01,323.452,323.452,6.95000,6.95000,0.00000,-0.980588,10.0000,-9999,-9999,-9999,-9999,-9999,6.85000,6.85000,3.90610,-1.00000,10.0000,0.550000,0.550000,3.90610,-1.00000,10.0000,1.37435,0.113250E-01,0.475656E-02,14.3800,23.2574,-9999,2.04666,0.323453,1.11654,-0.256110,-0.107485,14.3300,20.9074,-9999,2.04134,0.323190,1.67017,0.243209,0.111119,14.4400,26.0295,-9999,2.06580,0.323717,0.443158,0.365142,0.188036,0.764011E-01,4.28166,-9999,0.188643E-01,0.384769E-03,0.397255,-0.408173E-01,-0.252557,-0.265398,1.17081,-9999,1.36112,-0.314213E-01,3.19465,3.31948,4.92050,2.90153,3.38670,-9999,4.79940,2.93651,-0.233649E-01,-0.396425E-02,0.278590E-02,-9999,-0.679081E-04,0.291047E-05,-9999,0.189800E-01,-0.763658E-04,-9999,-9999,0.127224E-05,-9999,-9999,-9999,-9999,-9999,-9999,-9999,-9999,0.152895,65.1025,0.308744E-01,-0.273498E-01,-4.66311,-9999,-9999,2.78590,-9999,-2.74298,0.117561,-0.276472E-01,-4.66311,-9999,-9999,3.41566,-9999,-2.74298,0.117561,-0.276472E-01,-4.66311,-9999,-9999,3.07170,-9999,-2.74298,0.117561,14.3805,96.5595,-9999,-9999,0.247570E-01,0.247570E-01,-9999,-9999,-9999,-9999,-9999,-9999,-9999,-9999,-9999,-9999,-9999,-9999,-9999,1.01087,1.02237,-9999,-9999,1.22605,-9999,1.24926,1.24926,-9999,-9999,-9999,-9999,-9999,-9999,-9999,-9999,-9999,-9999,10,28,10,5,30,3,1,0,0,0,0,0,0,0,0,19,45,19,8,42,3,2,0,0,0,0,0,0,0,0,0,800000000,800000000,800000101,800000011,800011100,801010011,800000111,800000011,81111,81111,80,80,0.00000,0.00000,0.00000,0.00000,44.1500,-9999,6.80000,0.500000,5.73458,6.06998,7.57603,5.67569,529.850,-9999,143.649,5.91789,97,494,97,11859,237,-9999,17984,18022,0.478848E-01,0.231740E-01,-9999,-9999,0.766264E-02,-9999,0.198381E-02,0.232747E-03,1.16215,1.42559,1.62656,-9999,0.839002,0.728433,0,1,416,-9999,59,15,7,22,13,1,1,7,-9999,4,1,2,2,1,0,0,-9999,-9999,2,-9999,1,0,-9999,-9999,-9999,-9999,-9999,-9999,-9999,-9999,-9999,-9999,-9999,-9999,-9999,-9999,-9999,-9999,-9999,-9999,-9999,-9999,-9999,-9999,-9999,-9999,-9999,-9999,-9999,-9999,-9999,9999,-74,-9999,0,0,1,195.422,2.58249,-9999,0,0,3,1,0,1,0,-9999,-9999,-9999,47.2102,8.41064,393.000,0.500000,0.400000,0.800000E-01,360,20,30,gill,r3_50_1,2.41000,uvw,axis,7.00000,11.0000,12.5000,0.200000E-01,licor,li7500_1,14.0000,31.0000,1.00000,-9999,-9999,-9999,0.950000,12.7000,0.100000,-9999,-9999,-9999,-9999,-9999,-9999,-9999,-9999,-9999,-9999,-9999,-9999,-9999,other_irga,generic_closed_path_2,14.0000,31.0000,1.00000,700.000,4.00000,8.00000,4.15000,32.0000,0.130800,other_irga,generic_closed_path_2,14.0000,31.0000,1.00000,700.000,4.00000,8.00000,4.15000,32.0000,0.130800,13,16.0000,0.00000,251.835,73.9712,10.8849,96355.5,1.33893,22.0000,96.5002,0.500250,2.14748,303.658,5318.35,0
202005140030,202005140100,135.0208,135.0416,CH-CHA_202005131900.csv,0.00000,1,36000,36000,36000,35989,35989,35989,35882,-9999,35989,35989,35989,35989,35882,-9999,35989,35989,-0.278211E-01,-4.58137,-9999,-9999,-9999,-9999,-44.5952,0.183655,0.406525E-02,0.831424,-9999,-9999,-9999,-9999,19.4540,0.345197E-01,-0.821431E-01,-9999,-9999,-9999,-9999,3.84456,0.147263E-01,-9999,-9999,0.207850E-09,0.316463E-10,-1.29312,-0.635460,0.578032E-01,1.44198,-0.469272E-13,0.241974E-14,1.44198,3.35829,341.701,15.6944,0.154192,0.215148,67.9655,0.295738E-01,-9999,0.252545E-01,14.3284,14.3284,96.5595,-9999,0.247526E-01,1.17017,1176.50,1005.42,-9999,-9999,16.2800,-9999,-9999,-9999,96.5595,1.17017,0.247526E-01,0.246618E+07,-9999,-9999,-9999,-9999,-9999,-9999,-9999,-9999,-9999,0,0.858976E-01,2126.19,2126.19,0,0.130784E-01,323.723,323.723,-9999,-9999,-9999,-9999,-9999,-9999,-9999,-9999,-9999,-9999,7.00000,7.00000,3.90610,-1.00000,10.0000,0.450000,0.450000,3.90610,-1.00000,10.0000,1.43106,-0.822883E-02,0.524793E-02,14.3300,22.8126,-9999,2.10433,0.323720,1.07447,-0.249903,-0.111768,14.2600,20.5945,-9999,2.08692,0.323459,1.78120,0.244594,0.117915,14.4000,25.2051,-9999,2.14795,0.323987,0.503828,0.372619,0.193931,0.932930E-01,-9999,-9999,0.586965E-01,0.389387E-03,0.199545,0.788165E-01,-0.205920,0.143195,-9999,-9999,1.56418,0.318980E-01,2.69466,3.02275,4.13294,2.42708,-9999,-9999,5.16415,2.96302,-0.231908E-01,-0.380910E-02,-9999,-9999,-0.884154E-03,0.364119E-05,-9999,-9999,-9999,-9999,-9999,0.400228E-05,-9999,-9999,-9999,-9999,-9999,-9999,-9999,-9999,0.153365,68.3693,0.293992E-01,-0.275234E-01,-4.48142,-9999,-9999,-9999,-9999,-35.7197,0.147103,-0.278211E-01,-4.48142,-9999,-9999,-9999,-9999,-35.7197,0.147103,-0.278211E-01,-4.48142,-9999,-9999,-9999,-9999,-35.7197,0.147103,14.3284,96.5595,-9999,-9999,0.247526E-01,0.247526E-01,-9999,-9999,-9999,-9999,-9999,-9999,-9999,-9999,-9999,-9999,-9999,-9999,-9999,1.01081,1.02230,-9999,-9999,-9999,-9999,1.24848,1.24848,-9999,-9999,-9999,-9999,-9999,-9999,-9999,-9999,-9999,-9999,4,7,1,0,9,3,0,0,0,0,0,0,0,0,0,8,11,1,0,12,4,0,0,0,0,0,0,0,0,0,0,800000000,800000000,800000001,801000011,800011100,801010111,800000111,800000011,81011,81111,80,80,0.00000,0.00000,0.00000,0.00000,-9999,-9999,6.95000,0.400000,7.49256,7.70002,8.01603,4.53037,334.924,-9999,69.4536,5.82346,92,447,92,11371,-9999,-9999,17955,18027,0.320532E-01,0.230222E-03,-9999,-9999,-9999,-9999,0.788362E-02,0.448704E-02,0.897299,1.11927,-9999,-9999,2.23893,1.16816,3,11,78,-9999,40,5,5,19,9,1,1,5,-9999,3,1,2,2,1,0,0,-9999,-9999,-9999,-9999,1,0,-9999,-9999,-9999,-9999,-9999,-9999,-9999,-9999,-9999,-9999,-9999,-9999,-9999,-9999,-9999,-9999,-9999,-9999,-9999,-9999,-9999,-9999,-9999,-9999,-9999,-9999,-9999,-9999,-9999,9999,-83,-9999,0,0,1,206.170,2.29737,-9999,0,0,3,1,0,1,0,-9999,-9999,-9999,47.2102,8.41064,393.000,0.500000,0.400000,0.800000E-01,360,20,30,gill,r3_50_1,2.41000,uvw,axis,7.00000,11.0000,12.5000,0.200000E-01,-9999,-9999,-9999,-9999,-9999,-9999,-9999,-9999,-9999,-9999,-9999,-9999,-9999,-9999,-9999,-9999,-9999,-9999,-9999,-9999,-9999,-9999,-9999,-9999,other_irga,generic_closed_path_2,14.0000,31.0000,1.00000,700.000,4.00000,8.00000,4.15000,32.0000,0.130800,other_irga,generic_closed_path_2,14.0000,31.0000,1.00000,700.000,4.00000,8.00000,4.15000,32.0000,0.130800,13,16.0000,0.00000,253.335,83.3463,10.8386,96367.0,1.33937,22.0000,96.5003,0.500264,2.14748,303.680,5317.67,0
202005140100,202005140130,135.0416,135.0624,CH-CHA_202005140100.csv,0.00000,1,36000,36000,36000,36000,36000,36000,36000,-9999,36000,36000,36000,36000,36000,-9999,36000,36000,-0.243754E-01,-3.34230,-9999,-9999,-13.7473,-9999,-28.3476,0.165071,0.266764E-02,0.602807,-9999,-9999,12.1067,-9999,19.8225,0.303999E-01,-0.268534,-9999,-9999,-9999,-9999,1.43940,0.374946E-02,0.610683E-10,-9999,0.196356E-09,0.295348E-10,-1.23399,-0.709110,0.703549E-01,1.42497,0.601840E-13,0.225647E-14,1.42497,3.49569,338.860,18.0792,0.144286,0.209436,76.3341,0.263316E-01,-9999,0.196776E-01,14.1580,14.1580,96.5595,-9999,0.247379E-01,1.17086,1177.20,1005.41,-9999,-9999,16.1013,-9999,-9999,-9999,96.5595,1.17086,0.247379E-01,0.246658E+07,-9999,2,27.0636,669.496,669.496,-9999,-9999,-9999,-9999,0,0.870192E-01,2152.67,2152.67,0,0.130889E-01,323.792,323.792,3.35000,3.35000,0.00000,-0.980588,10.0000,-9999,-9999,-9999,-9999,-9999,10.0000,10.0000,3.90610,-1.00000,10.0000,0.900000,0.900000,3.90610,-1.00000,10.0000,1.38554,-0.862966E-02,-0.644064E-03,14.1300,27.1847,-9999,2.13185,0.323794,1.12356,-0.318111,-0.109206,14.1000,25.5282,-9999,2.08624,0.323512,1.69367,0.302456,0.106797,14.1900,28.4944,-9999,2.21779,0.324065,0.418801,0.458559,0.182210,0.909606E-01,2.06081,-9999,0.718918E-01,0.410124E-03,0.485652,0.214757,0.580932E-01,0.877919,-0.499466E-01,-9999,0.492727,0.854879E-03,3.15336,2.92522,4.11544,3.53891,4.09432,-9999,1.86018,2.95513,-0.203614E-01,-0.277814E-02,-0.110312E-01,-9999,-0.563295E-03,0.328013E-05,-9999,-0.346331E-01,-0.155312E-04,-9999,-9999,0.506163E-05,-9999,-9999,-9999,-9999,-9999,-9999,-9999,-9999,0.143521,76.7775,0.261796E-01,-0.241176E-01,-3.27042,-9999,-9999,-11.0312,-9999,-22.7705,0.132595,-0.243754E-01,-3.27042,-9999,-9999,-13.4799,-9999,-22.7705,0.132595,-0.243754E-01,-3.27042,-9999,-9999,-13.7473,-9999,-22.7705,0.132595,14.1580,96.5595,-9999,-9999,0.247379E-01,0.247379E-01,-9999,-9999,-9999,-9999,-9999,-9999,-9999,-9999,-9999,-9999,-9999,-9999,-9999,1.01069,1.02198,-9999,-9999,1.22198,-9999,1.24493,1.24493,-9999,-9999,-9999,-9999,-9999,-9999,-9999,-9999,-9999,-9999,13,21,1,2,21,0,0,0,0,0,0,0,0,0,0,20,36,1,5,27,0,0,0,0,0,0,0,0,0,0,0,800000000,800000000,800000000,801000011,800011100,801010011,800000011,800000011,81111,81111,80,81,0.00000,0.00000,0.00000,0.00000,3.65000,-9999,9.95000,0.850000,6.28708,7.07451,8.03696,4.81835,23.0648,-9999,47.2314,5.82151,88,472,88,13238,232,-9999,17946,18034,0.371662E-01,0.183559E-01,-9999,-9999,0.384220E-01,-9999,0.291377E-02,0.233161E-03,1.82795,2.51049,0.690665,-9999,1.37857,2.00475,4,24,60,-9999,43,5,7,20,33,1,2,4,-9999,3,1,2,2,3,0,0,-9999,-9999,1,-9999,1,0,-9999,-9999,-9999,-9999,-9999,-9999,-9999,-9999,-9999,-9999,-9999,-9999,-9999,-9999,-9999,-9999,-9999,-9999,-9999,-9999,-9999,-9999,-9999,-9999,-9999,-9999,-9999,-9999,-9999,9999,-88,-9999,0,0,1,209.884,2.83002,-9999,0,0,3,1,0,1,0,-9999,-9999,-9999,47.2102,8.41064,393.000,0.500000,0.400000,0.800000E-01,360,20,30,gill,r3_50_1,2.41000,uvw,axis,7.00000,11.0000,12.5000,0.200000E-01,licor,li7500_1,14.0000,31.0000,1.00000,-9999,-9999,-9999,0.950000,12.7000,0.100000,-9999,-9999,-9999,-9999,-9999,-9999,-9999,-9999,-9999,-9999,-9999,-9999,-9999,other_irga,generic_closed_path_2,14.0000,31.0000,1.00000,700.000,4.00000,8.00000,4.15000,32.0000,0.130800,other_irga,generic_closed_path_2,14.0000,31.0000,1.00000,700.000,4.00000,8.00000,4.15000,32.0000,0.130800,13,16.0000,0.00000,254.131,88.3184,10.8383,96392.1,1.33849,22.0000,96.5007,0.500667,2.14748,303.714,5319.40,0
202005140130,202005140200,135.0624,135.0833,CH-CHA_202005140100.csv,0.00000,1,36000,36000,36000,36000,36000,36000,36000,-9999,36000,36000,36000,36000,36000,-9999,36000,36000,-0.554481E-01,-5.34634,-9999,-9999,17.8388,-9999,15.4246,0.237708,0.548539E-02,0.883931,-9999,-9999,25.3899,-9999,8.48318,0.447343E-01,0.721654,-9999,-9999,3.12237,-9999,-3.89282,-0.136001E-01,0.876005E-10,-9999,0.250730E-09,0.389833E-10,-1.86619,-1.07282,0.842469E-01,2.15423,0.972003E-13,0.298541E-14,2.15423,4.81118,337.184,13.7418,0.217790,0.399099,164.117,0.122474E-01,-9999,0.208861E-01,14.6166,14.6166,96.5595,-9999,0.247774E-01,1.16899,1175.33,1005.42,-9999,-9999,16.5861,-9999,-9999,-9999,96.5595,1.16899,0.247774E-01,0.246549E+07,-9999,2,29.3429,727.040,727.040,-9999,-9999,-9999,-9999,0,0.839850E-01,2080.93,2080.93,0,0.130579E-01,323.541,323.541,0.150000,0.150000,0.00000,-0.980588,10.0000,-9999,-9999,-9999,-9999,-9999,0.600000,0.600000,3.90610,-1.00000,10.0000,0.750000,0.750000,3.90610,-1.00000,10.0000,2.11837,-0.173885E-01,0.344796E-02,14.6000,29.3571,-9999,2.06095,0.323542,1.64408,-0.336933,-0.153315,14.5300,27.8972,-9999,2.04604,0.323259,2.60061,0.324312,0.151197,14.6900,31.5134,-9999,2.10928,0.323822,0.681710,0.517194,0.256862,0.138130,3.52394,-9999,0.468191E-01,0.414975E-03,0.504213,0.729562E-01,-0.542085E-01,0.267786,-0.459098,-9999,1.30497,-0.712472E-02,3.33329,3.59407,4.57577,2.66939,3.04886,-9999,4.42968,2.90605,-0.468480E-01,-0.444805E-02,0.150193E-01,-9999,0.306479E-03,0.472312E-05,-9999,0.127178E-01,0.868552E-04,-9999,-9999,0.520588E-05,27.1369,-4.11813,9.31522,23.1962,35.3757,49.6149,59.3763,74.3321,0.216660,165.234,0.121645E-01,-0.548742E-01,-5.22794,-9999,-9999,15.0193,-9999,12.3693,0.190622,-0.554481E-01,-5.22794,-9999,-9999,18.3026,-9999,12.3693,0.190622,-0.554481E-01,-5.22794,-9999,-9999,17.8388,-9999,12.3693,0.190622,14.6166,96.5595,-9999,-9999,0.247774E-01,0.247774E-01,-9999,-9999,-9999,-9999,-9999,-9999,-9999,-9999,-9999,-9999,-9999,-9999,-9999,1.01046,1.02265,-9999,-9999,1.21860,-9999,1.24701,1.24701,-9999,-9999,-9999,-9999,-9999,-9999,-9999,-9999,-9999,-9999,12,24,7,0,14,7,0,0,0,0,0,0,0,0,0,22,35,14,0,19,10,0,0,0,0,0,0,0,0,0,0,800000000,800000000,800000000,801000011,800010100,801011111,800000111,800000011,81111,81111,80,80,0.00000,0.00000,0.00000,0.00000,8.15000,-9999,0.550000,0.700000,6.02161,6.40622,8.02178,4.11614,11.9501,-9999,37.9110,5.86473,23,196,45,8033,438,-9999,18062,18048,0.436297E-01,0.103970E-02,-9999,-9999,0.301157E-01,-9999,0.246775E-01,0.451280E-02,1.25465,1.54282,1.42813,-9999,0.942342,1.08600,2,15,81,-9999,40,7,6,21,46,1,1,5,-9999,3,1,2,2,3,0,0,-9999,-9999,1,-9999,1,0,-9999,-9999,-9999,-9999,-9999,-9999,-9999,-9999,-9999,-9999,-9999,-9999,-9999,-9999,-9999,-9999,-9999,-9999,-9999,-9999,-9999,-9999,-9999,-9999,-9999,-9999,-9999,-9999,-9999,9999,-88,-9999,0,0,1,209.894,2.24128,-9999,0,0,3,1,0,1,0,-9999,-9999,-9999,47.2102,8.41064,393.000,0.500000,0.400000,0.800000E-01,360,20,30,gill,r3_50_1,2.41000,uvw,axis,7.00000,11.0000,12.5000,0.200000E-01,licor,li7500_1,14.0000,31.0000,1.00000,-9999,-9999,-9999,0.950000,12.7000,0.100000,-9999,-9999,-9999,-9999,-9999,-9999,-9999,-9999,-9999,-9999,-9999,-9999,-9999,other_irga,generic_closed_path_2,14.0000,31.0000,1.00000,700.000,4.00000,8.00000,4.15000,32.0000,0.130800,other_irga,generic_closed_path_2,14.0000,31.0000,1.00000,700.000,4.00000,8.00000,4.15000,32.0000,0.130800,13,16.0000,0.00000,254.046,87.7898,10.6572,96403.9,1.34022,22.0000,96.5009,0.500889,2.14748,303.702,5322.09,0
202005140200,202005140230,135.0833,135.1041,CH-CHA_202005140100.csv,0.00000,1,36000,36000,36000,36000,36000,36000,35917,32416,36000,36000,36000,36000,35917,32416,36000,36000,-0.357489E-01,-6.35797,-9999,-9999,28.2793,-9999,45.2525,0.371398,0.321529E-02,1.59215,-9999,-9999,27.5874,-9999,15.2516,0.469653E-01,0.364851,-9999,-9999,-11.7046,-9999,2.78053,-0.170168E-02,-0.203974E-09,-9999,-0.850845E-09,-0.129094E-09,-1.40450,-0.962805,0.682319E-01,1.70419,0.433211E-13,-0.989521E-14,1.70419,3.40812,332.804,13.5155,0.174944,0.219244,71.5288,0.281006E-01,-9999,0.309460E-01,14.8486,14.8486,96.5595,-9999,0.247974E-01,1.16805,1174.39,1005.43,-9999,-9999,16.8363,-9999,-9999,-9999,96.5595,1.16805,0.247974E-01,0.246494E+07,-9999,2,20.6134,511.157,511.157,-9999,-9999,-9999,-9999,0,0.859855E-01,2132.21,2132.21,0,0.130462E-01,323.510,323.510,1.85000,1.85000,0.00000,-0.980588,10.0000,-9999,-9999,-9999,-9999,-9999,0.500000,0.500000,3.90610,-1.00000,10.0000,0.500000,0.500000,3.90610,-1.00000,10.0000,1.66405,0.692895E-02,0.277393E-02,14.8800,19.8178,237.067,2.12677,0.323511,1.35647,-0.277790,-0.125739,14.7900,18.3322,183.416,2.09400,0.323236,2.03857,0.263669,0.128632,14.9700,20.6007,318.799,2.16653,0.323789,0.482741,0.399180,0.214719,0.179264,3.45656,-9999,0.502020E-01,0.402272E-03,0.245616,0.562245E-01,-0.120235,-0.931448,2.18880,-9999,0.333607,-0.317991E-01,2.65902,3.19294,4.19091,3.23367,7.67266,-9999,2.39099,2.87922,-0.295253E-01,-0.529311E-02,0.233629E-01,-9999,0.895736E-03,0.735152E-05,-9999,0.378769E-01,0.180782E-03,-9999,-9999,0.319027E-05,-9999,-9999,-9999,-9999,-9999,-9999,-9999,-9999,0.174005,71.9886,0.279211E-01,-0.353662E-01,-6.21619,-9999,-9999,23.3629,-9999,36.1223,0.296464,-0.357489E-01,-6.21619,-9999,-9999,28.6668,-9999,36.1223,0.296464,-0.357489E-01,-6.21619,-9999,-9999,28.2793,-9999,36.1223,0.296464,14.8486,96.5595,-9999,-9999,0.247974E-01,0.247974E-01,-9999,-9999,-9999,-9999,-9999,-9999,-9999,-9999,-9999,-9999,-9999,-9999,-9999,1.01082,1.02281,-9999,-9999,1.22702,-9999,1.25276,1.25276,-9999,-9999,-9999,-9999,-9999,-9999,-9999,-9999,-9999,-9999,12,11,1,0,104,27,0,0,0,0,0,0,0,0,0,21,17,2,0,129,30,0,0,0,0,0,0,0,0,0,0,800000000,800000000,800000000,800000011,800011100,800010011,800000011,800000011,80001,80011,80,80,0.00000,0.00000,0.00000,0.00000,8.65000,-9999,0.450000,0.450000,5.48986,7.24582,7.03374,4.39108,41.2352,31.0883,25.3959,5.88404,51,320,51,8437,231,-9999,18070,18063,0.349855E-01,0.190307E-01,-9999,-9999,0.845114E-02,-9999,0.209454E-01,0.334918E-01,1.18483,1.10756,0.457715,-9999,1.20509,0.951388,0,31,99,68,11,15,9,20,69,1,3,5,4,1,1,2,2,4,0,1,-9999,-9999,1,-9999,0,0,-9999,-9999,-9999,-9999,-9999,-9999,-9999,-9999,-9999,-9999,-9999,-9999,-9999,-9999,-9999,-9999,-9999,-9999,-9999,-9999,-9999,-9999,-9999,-9999,-9999,-9999,-9999,-9999,-9999,9999,-64,-9999,0,0,1,214.431,2.29461,-9999,0,0,3,1,0,1,0,-9999,-9999,-9999,47.2102,8.41064,393.000,0.500000,0.400000,0.800000E-01,360,20,30,gill,r3_50_1,2.41000,uvw,axis,7.00000,11.0000,12.5000,0.200000E-01,licor,li7500_1,14.0000,31.0000,1.00000,-9999,-9999,-9999,0.950000,12.7000,0.100000,-9999,-9999,-9999,-9999,-9999,-9999,-9999,-9999,-9999,-9999,-9999,-9999,-9999,other_irga,generic_closed_path_2,14.0000,31.0000,1.00000,700.000,4.00000,8.00000,4.15000,32.0000,0.130800,other_irga,generic_closed_path_2,14.0000,31.0000,1.00000,700.000,4.00000,8.00000,4.15000,32.0000,0.130800,13,16.0000,0.00000,250.258,64.1139,10.5403,96438.6,1.33606,22.0000,96.5014,0.501389,2.14748,303.676,5323.73,0
202005140230,202005140300,135.1041,135.1249,CH-CHA_202005140100.csv,0.00000,1,36000,36000,36000,36000,36000,36000,35995,-9999,36000,36000,36000,36000,35995,-9999,36000,36000,-0.370907E-01,-8.76310,-9999,-9999,-9999,-9999,53.8557,0.225737,0.364358E-02,3.10094,-9999,-9999,-9999,-9999,22.0368,0.472572E-01,-1.72094,-9999,-9999,-9999,-9999,-3.18609,-0.447578E-02,-9999,-9999,-0.211371E-09,-0.329672E-10,-1.01049,-0.855760,0.453649E-01,1.32494,0.118356E-12,-0.251804E-14,1.32494,3.94486,330.112,29.1223,0.177860,0.427972,54.5338,0.368579E-01,-9999,0.417955E-01,13.7582,13.7582,96.5595,-9999,0.247035E-01,1.17249,1178.83,1005.40,-9999,-9999,15.6889,-9999,-9999,-9999,96.5595,1.17249,0.247035E-01,0.246753E+07,-9999,-9999,-9999,-9999,-9999,-9999,-9999,-9999,-9999,0,0.839425E-01,2073.67,2073.67,0,0.130924E-01,323.428,323.428,-9999,-9999,-9999,-9999,-9999,-9999,-9999,-9999,-9999,-9999,9.70000,9.70000,3.90610,-1.00000,10.0000,0.600000,0.600000,3.90610,-1.00000,10.0000,1.28029,-0.421432E-01,0.372896E-02,13.5600,23.9421,-9999,2.04784,0.323430,0.981579,-0.443156,-0.110169,13.4200,21.0823,-9999,2.01850,0.323129,1.62180,0.331996,0.114065,14.1700,27.2590,-9999,2.09627,0.323721,0.482228,0.767356,0.185919,0.402931,-9999,-9999,0.774959E-01,0.437927E-03,0.414748,0.550668,-0.109030,0.317805,-9999,-9999,1.72394,0.342013E-01,2.99951,3.55594,4.31390,1.55935,-9999,-9999,5.54395,2.94697,-0.247307E-01,-0.726864E-02,-9999,-9999,0.106160E-02,0.444970E-05,-9999,-9999,-9999,-9999,-9999,0.967884E-05,-9999,-9999,-9999,-9999,-9999,-9999,-9999,-9999,0.176880,54.8556,0.366417E-01,-0.366831E-01,-8.56847,-9999,-9999,-9999,-9999,42.9736,0.180124,-0.370907E-01,-8.56847,-9999,-9999,-9999,-9999,42.9736,0.180124,-0.370907E-01,-8.56847,-9999,-9999,-9999,-9999,42.9736,0.180124,13.7582,96.5595,-9999,-9999,0.247035E-01,0.247035E-01,-9999,-9999,-9999,-9999,-9999,-9999,-9999,-9999,-9999,-9999,-9999,-9999,-9999,1.01111,1.02271,-9999,-9999,-9999,-9999,1.25323,1.25323,-9999,-9999,-9999,-9999,-9999,-9999,-9999,-9999,-9999,-9999,18,9,6,0,50,2,0,0,0,0,0,0,0,0,0,34,18,10,0,78,2,0,0,0,0,0,0,0,0,0,0,800000000,800000000,800000001,800000011,800010100,801010111,800000111,800000011,80100,80101,80,81,0.00000,0.00000,0.00000,0.00000,-9999,-9999,9.65000,0.550000,7.17456,8.48970,9.71339,5.81868,39.9334,-9999,71.8946,5.76610,89,478,89,14020,-9999,-9999,17970,18053,0.488863E-01,0.298220E-02,-9999,-9999,-9999,-9999,0.273273E-02,0.930390E-02,1.18818,1.03243,-9999,-9999,0.829286,1.77866,14,67,2,-9999,16,23,10,32,201,1,4,1,-9999,2,2,3,3,6,1,1,-9999,-9999,-9999,-9999,1,1,-9999,-9999,-9999,-9999,-9999,-9999,-9999,-9999,-9999,-9999,-9999,-9999,-9999,-9999,-9999,-9999,-9999,-9999,-9999,-9999,-9999,-9999,-9999,-9999,-9999,-9999,-9999,-9999,-9999,9999,-85,-9999,0,0,1,220.260,1.96214,-9999,0,0,3,1,0,1,0,-9999,-9999,-9999,47.2102,8.41064,393.000,0.500000,0.400000,0.800000E-01,360,20,30,gill,r3_50_1,2.41000,uvw,axis,7.00000,11.0000,12.5000,0.200000E-01,-9999,-9999,-9999,-9999,-9999,-9999,-9999,-9999,-9999,-9999,-9999,-9999,-9999,-9999,-9999,-9999,-9999,-9999,-9999,-9999,-9999,-9999,-9999,-9999,other_irga,generic_closed_path_2,14.0000,31.0000,1.00000,700.000,4.00000,8.00000,4.15000,32.0000,0.130800,other_irga,generic_closed_path_2,14.0000,31.0000,1.00000,700.000,4.00000,8.00000,4.15000,32.0000,0.130800,13,16.0000,0.111111E-02,253.567,84.7939,10.5524,96494.2,1.33234,22.0000,96.5010,0.500972,2.14748,303.691,5325.89,0
202005140300,202005140330,135.1249,135.1458,CH-CHA_202005140100.csv,0.00000,1,36000,36000,36000,36000,36000,36000,36000,-9999,36000,36000,36000,36000,36000,-9999,36000,36000,-0.634228E-01,-7.24856,-9999,-9999,-5.98037,-9999,-15.4071,0.151796,0.575543E-02,2.56046,-9999,-9999,10.1222,-9999,15.6256,0.551156E-01,-1.25545,-9999,-9999,-9999,-9999,0.499313E-01,0.118252E-03,-0.126143E-09,-9999,-0.402835E-09,-0.628023E-10,-1.84083,-0.952746,0.104842,2.07542,-0.441368E-13,-0.478356E-14,2.07542,4.58474,339.855,13.4932,0.232256,0.357415,146.801,0.136920E-01,-9999,0.264022E-01,12.9650,12.9650,96.5595,-9999,0.246352E-01,1.17574,1182.08,1005.39,-9999,-9999,14.8979,-9999,-9999,-9999,96.5595,1.17574,0.246352E-01,0.246941E+07,-9999,2,26.3701,649.631,649.631,-9999,-9999,-9999,-9999,0,0.842123E-01,2074.59,2074.59,0,0.131288E-01,323.430,323.430,2.65000,2.65000,0.00000,-0.980588,10.0000,-9999,-9999,-9999,-9999,-9999,-0.650000,-0.650000,3.90610,-1.00000,10.0000,0.450000,0.450000,3.90610,-1.00000,10.0000,1.98288,0.254658E-01,0.185188E-02,12.9200,26.9628,-9999,2.05656,0.323425,1.61915,-0.299920,-0.161169,12.7900,24.4459,-9999,2.03747,0.323133,2.46647,0.312860,0.162315,13.1700,28.1887,-9999,2.09820,0.323726,0.632968,0.490473,0.271325,0.232187,2.70318,-9999,0.521876E-01,0.435609E-03,0.573983,-0.374934E-01,-0.618976E-01,0.194132,-0.587738,-9999,1.51965,0.139581E-01,3.05347,3.41085,3.93114,1.96406,3.25800,-9999,5.53378,2.92677,-0.533175E-01,-0.599691E-02,-0.444303E-02,-9999,-0.304469E-03,0.299973E-05,-9999,-0.186995E-02,-0.343935E-05,-9999,-9999,0.888614E-05,27.3446,-4.14965,9.38651,23.3737,35.6464,49.9946,59.8308,74.9011,0.231051,147.786,0.136007E-01,-0.627666E-01,-7.08880,-9999,-9999,-4.44303,-9999,-12.3591,0.121766,-0.634228E-01,-7.08880,-9999,-9999,-5.41520,-9999,-12.3591,0.121766,-0.634228E-01,-7.08880,-9999,-9999,-5.98037,-9999,-12.3591,0.121766,12.9650,96.5595,-9999,-9999,0.246352E-01,0.246352E-01,-9999,-9999,-9999,-9999,-9999,-9999,-9999,-9999,-9999,-9999,-9999,-9999,-9999,1.01045,1.02254,-9999,-9999,1.21881,-9999,1.24662,1.24662,-9999,-9999,-9999,-9999,-9999,-9999,-9999,-9999,-9999,-9999,11,10,3,0,39,2,0,0,0,0,0,0,0,0,0,22,17,3,0,50,2,0,0,0,0,0,0,0,0,0,0,800000000,800000000,800000000,801000011,800010100,801011111,800000111,800000011,81001,81001,80,80,0.00000,0.00000,0.00000,0.00000,5.40000,-9999,0.650000,0.400000,5.80376,6.53506,7.79436,5.14621,13.6273,-9999,122.237,5.81569,22,147,20,14749,429,-9999,18138,18125,0.378136E-01,0.290928E-02,-9999,-9999,0.371190E-01,-9999,0.391664E-02,0.260777E-01,1.12325,0.839948,0.289924,-9999,1.97460,0.595529,0,30,44,-9999,30,39,6,21,105,1,2,3,-9999,2,3,2,2,6,0,0,-9999,-9999,1,-9999,0,1,-9999,-9999,-9999,-9999,-9999,-9999,-9999,-9999,-9999,-9999,-9999,-9999,-9999,-9999,-9999,-9999,-9999,-9999,-9999,-9999,-9999,-9999,-9999,-9999,-9999,-9999,-9999,-9999,-9999,9999,-86,-9999,0,0,1,207.364,2.89558,-9999,0,0,3,1,0,1,0,-9999,-9999,-9999,47.2102,8.41064,393.000,0.500000,0.400000,0.800000E-01,360,20,30,gill,r3_50_1,2.41000,uvw,axis,7.00000,11.0000,12.5000,0.200000E-01,licor,li7500_1,14.0000,31.0000,1.00000,-9999,-9999,-9999,0.950000,12.7000,0.100000,-9999,-9999,-9999,-9999,-9999,-9999,-9999,-9999,-9999,-9999,-9999,-9999,-9999,other_irga,generic_closed_path_2,14.0000,31.0000,1.00000,700.000,4.00000,8.00000,4.15000,32.0000,0.130800,other_irga,generic_closed_path_2,14.0000,31.0000,1.00000,700.000,4.00000,8.00000,4.15000,32.0000,0.130800,13,16.0000,0.00000,253.820,86.3745,10.3020,96499.4,1.32966,22.0000,96.5030,0.502972,2.14748,303.689,5324.52,0
202005140330,202005140400,135.1458,135.1666,CH-CHA_202005140100.csv,0.00000,1,36000,36000,36000,36000,36000,36000,35979,-9999,36000,36000,36000,36000,35979,-9999,36000,36000,-0.522559E-01,-2.53288,-9999,-9999,-3.30386,-9999,33.8338,0.335414,0.414321E-02,0.721492,-9999,-9999,10.1080,-9999,25.6998,0.481866E-01,-0.119555,-9999,-9999,-0.229626E-01,-9999,1.14250,-0.151661E-01,-0.381341E-11,-9999,-0.123089E-10,-0.189817E-11,-1.75873,-1.11778,0.887985E-01,2.08577,-0.780171E-13,-0.144667E-15,2.08577,5.15909,334.400,13.2104,0.210792,0.288875,314.072,0.639982E-02,-9999,0.101625E-01,12.8895,12.8895,96.5595,-9999,0.246287E-01,1.17605,1182.39,1005.39,-9999,-9999,14.8245,-9999,-9999,-9999,96.5595,1.17605,0.246287E-01,0.246959E+07,-9999,2,26.3599,649.210,649.210,-9999,-9999,-9999,-9999,0,0.850844E-01,2095.51,2095.51,0,0.131210E-01,323.152,323.152,7.55000,7.55000,0.00000,-0.980588,10.0000,-9999,-9999,-9999,-9999,-9999,4.10000,4.10000,3.90610,-1.00000,10.0000,0.600000,0.600000,3.90610,-1.00000,10.0000,2.05715,-0.453841E-02,-0.139199E-02,12.8800,26.0455,-9999,2.08820,0.323157,1.72414,-0.312864,-0.159700,12.8200,24.8032,-9999,2.02153,0.322877,2.40947,0.316785,0.158958,12.9600,27.8324,-9999,2.15578,0.323430,0.509861,0.498462,0.263300,0.931064E-01,2.22376,-9999,0.729211E-01,0.406898E-03,0.489565,-0.538745E-01,0.105615E-01,0.347685,0.641155,-9999,0.365958,-0.619686E-01,3.89216,3.58925,4.13159,2.28850,4.24125,-9999,1.90635,2.92999,-0.438825E-01,-0.209640E-02,-0.256323E-02,-9999,0.672554E-03,0.666742E-05,-9999,-0.176725E-01,-0.215916E-04,-9999,-9999,0.774161E-05,25.9187,-3.93326,8.89705,22.1549,33.7876,47.3876,56.7109,70.9953,0.209733,316.115,0.635845E-02,-0.517319E-01,-2.47876,-9999,-9999,-2.56323,-9999,27.3078,0.270718,-0.522559E-01,-2.47876,-9999,-9999,-3.10645,-9999,27.3078,0.270718,-0.522559E-01,-2.47876,-9999,-9999,-3.30386,-9999,27.3078,0.270718,12.8895,96.5595,-9999,-9999,0.246287E-01,0.246287E-01,-9999,-9999,-9999,-9999,-9999,-9999,-9999,-9999,-9999,-9999,-9999,-9999,-9999,1.01013,1.02184,-9999,-9999,1.21193,-9999,1.23898,1.23898,-9999,-9999,-9999,-9999,-9999,-9999,-9999,-9999,-9999,-9999,32,29,4,0,104,3,0,0,0,0,0,0,0,0,0,57,47,5,0,117,3,0,0,0,0,0,0,0,0,0,0,800000000,800000000,800000000,801000011,800011100,801011111,800000011,800000011,81111,81111,80,80,0.00000,0.00000,0.00000,0.00000,19.2000,-9999,4.05000,0.550000,5.92911,5.83168,7.14865,3.74646,10.6034,-9999,39.5134,5.79916,39,174,24,9370,250,-9999,18124,18161,0.168920E-01,0.452957E-02,-9999,-9999,0.202227E-02,-9999,0.374327E-03,0.919262E-02,2.59493,2.45370,0.800756,-9999,1.04540,0.943611,1,28,324,-9999,50,0,18,17,46,1,2,7,-9999,3,1,2,2,3,0,0,-9999,-9999,2,-9999,1,0,-9999,-9999,-9999,-9999,-9999,-9999,-9999,-9999,-9999,-9999,-9999,-9999,-9999,-9999,-9999,-9999,-9999,-9999,-9999,-9999,-9999,-9999,-9999,-9999,-9999,-9999,-9999,-9999,-9999,9999,-91,-9999,0,0,1,212.438,2.44001,-9999,0,0,3,1,0,1,0,-9999,-9999,-9999,47.2102,8.41064,393.000,0.500000,0.400000,0.800000E-01,360,20,30,gill,r3_50_1,2.41000,uvw,axis,7.00000,11.0000,12.5000,0.200000E-01,licor,li7500_1,14.0000,31.0000,1.00000,-9999,-9999,-9999,0.950000,12.7000,0.100000,-9999,-9999,-9999,-9999,-9999,-9999,-9999,-9999,-9999,-9999,-9999,-9999,-9999,other_irga,generic_closed_path_2,14.0000,31.0000,1.00000,700.000,4.00000,8.00000,4.15000,32.0000,0.130800,other_irga,generic_closed_path_2,14.0000,31.0000,1.00000,700.000,4.00000,8.00000,4.15000,32.0000,0.130800,13,16.0000,0.00000,254.540,90.8778,9.96076,96499.5,1.32451,22.0000,96.5041,0.504083,2.14748,303.679,5327.22,0
202005140400,202005140430,135.1666,135.1874,CH-CHA_202005140100.csv,0.00000,1,36000,36000,36000,36000,36000,36000,36000,35998,36000,36000,36000,36000,36000,35998,36000,36000,-0.541848E-01,-2.68456,-14.5880,-0.212429E-01,14.8085,-0.327823,-19.8833,0.284848,0.475282E-02,0.943718,27.6561,0.402726E-01,9.51558,0.621490,14.7352,0.388599E-01,0.842210E-01,-9999,-9999,-9.38835,-9999,-0.670037E-01,-0.655967E-01,-0.469602E-10,-0.393569E-12,-0.206191E-09,-0.316971E-10,-1.74604,-1.19385,0.819457E-01,2.11676,0.441499E-13,-0.242832E-14,2.11676,4.84840,332.877,11.8326,0.214829,0.306614,313.876,0.640380E-02,0.184025,0.105641E-01,13.3056,12.9427,96.5595,25.9222,0.246645E-01,1.17406,1182.90,1007.53,0.292059E-02,3.85610,14.8757,0.248760E-02,11.0196,-6.17468,96.1739,1.17114,0.247634E-01,0.246946E+07,0.249380E-02,2,19.3386,478.891,476.976,2,162.075,4.01354,3.99750,0,0.849109E-01,2102.69,2094.29,0,0.130531E-01,323.241,321.949,0.200000,0.200000,0.00000,-0.980588,10.0000,4.05000,4.05000,0.00000,-0.980588,10.0000,9.35000,9.35000,3.90610,-1.00000,10.0000,0.700000,0.700000,3.90610,-1.00000,10.0000,2.04214,-0.100823E-01,0.211896E-02,13.3300,19.8167,156.653,2.09407,0.323249,1.66117,-0.279798,-0.157883,13.2700,17.9783,59.8870,2.06515,0.322972,2.50863,0.269494,0.156360,13.3700,20.4451,231.985,2.13208,0.323516,0.597723,0.433815,0.260308,0.105048,1.38777,110.911,0.480427E-01,0.399665E-03,0.523026,0.123877,-0.230647E-01,-0.742277,-0.345819,0.503081,0.642529,-0.869780E-01,2.93255,3.52019,4.04407,3.15359,1.94932,2.25930,2.55137,2.93382,-0.452165E-01,-0.282464E-02,0.124525E-01,-0.267884,-0.396562E-03,0.568115E-05,-126.730,0.144997E-01,0.349365E-04,-1.66920,-0.394187E-02,0.246725E-05,26.5567,-4.03008,9.11606,22.7003,34.6194,48.5542,58.1069,72.7430,0.213738,248.678,0.808273E-02,-0.536359E-01,-3.34127,-11.9207,-0.173589E-01,12.4525,-0.267884,-16.0140,0.229417,-0.541848E-01,-3.34127,-14.4725,-0.210748E-01,15.1181,-0.325228,-16.0140,0.229417,-0.541848E-01,-2.62649,-14.6021,-0.212634E-01,14.8085,-0.328138,-16.0140,0.229417,12.9427,96.5595,-9999,-9999,0.246645E-01,0.246645E-01,-9999,-9999,-9999,-9999,-9999,-9999,-9999,-9999,-9999,-9999,-9999,-9999,-9999,1.01023,1.02211,1.21406,1.21406,1.21406,1.21406,1.24162,1.24162,-9999,-9999,-9999,-9999,-9999,-9999,-9999,-9999,-9999,-9999,13,10,3,4,300,46,0,0,0,0,0,0,0,0,0,21,17,7,4,329,53,0,0,0,0,0,0,0,0,0,0,800000000,800000000,800000000,801000011,800000000,800010011,800000011,800000011,81011,81011,80,80,0.00000,0.00000,0.00000,0.00000,0.150000,4.00000,9.30000,0.650000,5.86989,6.75229,8.18408,3.79481,9.23760,11.8505,31.5528,5.85168,21,173,21,9129,543,547,18037,18132,0.363918E-01,0.343159E-01,0.229460E-01,0.229460E-01,0.434301E-01,0.229460E-01,0.187728E-02,0.144980E-01,2.92092,1.48837,1.74175,1.52799,1.38647,1.39862,3,32,2,220,67,7,5,19,59,1,3,1,6,4,1,2,2,4,0,1,2,2,0,2,1,0,-9999,-9999,-9999,-9999,-9999,-9999,-9999,-9999,-9999,-9999,-9999,-9999,-9999,-9999,-9999,-9999,-9999,-9999,-9999,-9999,-9999,-9999,-9999,-9999,-9999,-9999,-9999,-9999,-9999,9999,-63,-9999,0,0,1,214.362,2.21863,-9999,0,0,3,1,0,1,0,-9999,-9999,-9999,47.2102,8.41064,393.000,0.500000,0.400000,0.800000E-01,360,20,30,gill,r3_50_1,2.41000,uvw,axis,7.00000,11.0000,12.5000,0.200000E-01,licor,li7500_1,14.0000,31.0000,1.00000,-9999,-9999,-9999,0.950000,12.7000,0.100000,licor,li7500_1,14.0000,31.0000,1.00000,-9999,-9999,-9999,-9999,-9999,0.950000,12.7000,0.100000,other_irga,generic_closed_path_2,14.0000,31.0000,1.00000,700.000,4.00000,8.00000,4.15000,32.0000,0.130800,other_irga,generic_closed_path_2,14.0000,31.0000,1.00000,700.000,4.00000,8.00000,4.15000,32.0000,0.130800,13,16.0000,0.00000,250.054,62.8354,9.82321,96499.8,1.32405,22.0000,96.5032,0.503167,2.14748,303.700,5328.16,0
202005140430,202005140500,135.1874,135.2083,CH-CHA_202005140100.csv,18.9062,0,36000,36000,36000,36000,36000,36000,36000,-9999,36000,36000,36000,36000,36000,-9999,36000,36000,-0.543618E-01,-0.420307,-9999,-9999,-23.8923,-9999,-28.6837,0.191270,0.443480E-02,1.17968,-9999,-9999,28.1239,-9999,16.4777,0.380186E-01,0.131528,-9999,-9999,1.14771,-9999,3.59470,0.635817E-01,-0.195555E-09,-9999,-0.848237E-09,-0.126878E-09,-1.79664,-1.37655,0.856283E-01,2.26499,-0.971063E-14,-0.967560E-14,2.26499,4.42644,329.657,11.3882,0.215049,0.294782,2009.68,0.100016E-02,-9999,0.165377E-02,13.0258,13.0258,96.5595,-9999,0.246404E-01,1.17549,1181.83,1005.39,-9999,-9999,14.9572,-9999,-9999,-9999,96.5595,1.17549,0.246404E-01,0.246926E+07,-9999,2,20.2111,498.011,498.011,-9999,-9999,-9999,-9999,0,0.876677E-01,2160.17,2160.17,0,0.131132E-01,323.114,323.114,8.45000,8.45000,0.00000,-0.980588,10.0000,-9999,-9999,-9999,-9999,-9999,7.40000,7.40000,3.90610,-1.00000,10.0000,0.450000,0.450000,3.90610,-1.00000,10.0000,2.23806,0.120021E-01,-0.403239E-02,13.1400,19.0089,-9999,2.15787,0.323116,1.86361,-0.291743,-0.175473,12.8700,18.3591,-9999,2.12495,0.322842,2.63461,0.275905,0.165877,13.1700,21.0659,-9999,2.19074,0.323387,0.563033,0.442615,0.276860,0.227362,3.22731,-9999,0.496294E-01,0.398818E-03,0.234881,0.439366E-01,0.164338,-1.05566,2.26128,-9999,0.187131,-0.193736E-01,2.93340,3.47942,3.75907,2.64843,8.05833,-9999,2.68879,2.91235,-0.456125E-01,-0.348037E-03,-0.197369E-01,-9999,-0.571212E-03,0.380898E-05,-9999,0.632626E-01,0.248596E-04,-9999,-9999,0.141650E-05,25.2995,-3.83929,8.68449,21.6256,32.9804,46.2555,55.3560,69.2992,0.213978,2023.08,0.993536E-03,-0.538219E-01,-0.411319,-9999,-9999,-19.7369,-9999,-23.1819,0.154583,-0.543618E-01,-0.411319,-9999,-9999,-23.8672,-9999,-23.1819,0.154583,-0.543618E-01,-0.411319,-9999,-9999,-23.8923,-9999,-23.1819,0.154583,13.0258,96.5595,-9999,-9999,0.246404E-01,0.246404E-01,-9999,-9999,-9999,-9999,-9999,-9999,-9999,-9999,-9999,-9999,-9999,-9999,-9999,1.01003,1.02185,-9999,-9999,1.20927,-9999,1.23733,1.23733,-9999,-9999,-9999,-9999,-9999,-9999,-9999,-9999,-9999,-9999,5,11,0,0,219,95,0,0,0,0,0,0,0,0,0,7,18,0,0,240,120,0,0,0,0,0,0,0,0,0,0,800000000,800000000,800000000,801000111,800000100,800010011,800000011,800000011,81111,81111,80,80,0.00000,0.00000,0.00000,0.00000,8.40000,-9999,7.35000,0.400000,5.69867,6.20103,6.67256,3.68480,11.7785,-9999,26.6314,5.85214,13,140,13,9679,219,-9999,17952,18035,0.121897E-01,0.904863E-02,-9999,-9999,0.668010E-03,-9999,0.142724E-01,0.217198E-01,1.60914,1.11690,0.881926,-9999,0.660320,0.825172,1,310,46,-9999,86,5,11,14,769,1,7,3,-9999,5,1,1,1,8,0,2,-9999,-9999,1,-9999,1,0,-9999,-9999,-9999,-9999,-9999,-9999,-9999,-9999,-9999,-9999,-9999,-9999,-9999,-9999,-9999,-9999,-9999,-9999,-9999,-9999,-9999,-9999,-9999,-9999,-9999,-9999,-9999,-9999,-9999,9999,-73,-9999,0,0,1,217.459,2.16660,-9999,0,0,3,1,0,1,0,-9999,-9999,-9999,47.2102,8.41064,393.000,0.500000,0.400000,0.800000E-01,360,20,30,gill,r3_50_1,2.41000,uvw,axis,7.00000,11.0000,12.5000,0.200000E-01,licor,li7500_1,14.0000,31.0000,1.00000,-9999,-9999,-9999,0.950000,12.7000,0.100000,-9999,-9999,-9999,-9999,-9999,-9999,-9999,-9999,-9999,-9999,-9999,-9999,-9999,other_irga,generic_closed_path_2,14.0000,31.0000,1.00000,700.000,4.00000,8.00000,4.15000,32.0000,0.130800,other_irga,generic_closed_path_2,14.0000,31.0000,1.00000,700.000,4.00000,8.00000,4.15000,32.0000,0.130800,13,16.0000,0.00000,251.686,73.0375,9.65309,96506.8,1.31930,22.0000,96.5002,0.500194,2.14748,303.703,5328.26,0
202005140500,202005140530,135.2083,135.2291,CH-CHA_202005140100.csv,92.5209,0,36000,36000,36000,36000,36000,36000,36000,-9999,36000,36000,36000,36000,36000,-9999,36000,36000,-0.735252E-01,3.77575,-9999,-9999,39.1876,-9999,84.6152,0.357306,0.586562E-02,1.95147,-9999,-9999,34.3580,-9999,20.4910,0.454753E-01,-1.62213,-9999,-9999,5.99780,-9999,-1.97468,-0.904691E-02,0.288571E-09,-9999,0.100891E-08,0.153394E-09,-2.05146,-1.37464,0.102222,2.47155,0.518461E-13,0.116619E-13,2.47155,4.94217,333.183,12.1190,0.249650,0.388400,-349.997,-0.574290E-02,-9999,-0.127519E-01,12.0043,12.0043,96.5595,-9999,0.245524E-01,1.17970,1186.03,1005.37,-9999,-9999,13.9870,-9999,-9999,-9999,96.5595,1.17970,0.245524E-01,0.247168E+07,-9999,2,24.7447,607.544,607.544,-9999,-9999,-9999,-9999,0,0.865130E-01,2124.11,2124.11,0,0.131534E-01,322.949,322.949,0.500000,0.500000,0.00000,-0.980588,10.0000,-9999,-9999,-9999,-9999,-9999,0.650000,0.650000,3.90610,-1.00000,10.0000,0.600000,0.600000,3.90610,-1.00000,10.0000,2.44175,0.762504E-02,0.694214E-03,11.9600,26.3144,-9999,2.12475,0.322951,1.97487,-0.294030,-0.179952,11.8700,19.6871,-9999,2.07764,0.322673,2.92111,0.324940,0.184566,12.1100,28.4856,-9999,2.16734,0.323226,0.667556,0.495693,0.292328,0.188487,5.63314,-9999,0.599736E-01,0.403726E-03,0.296798,-0.656751E-01,-0.998294E-01,0.879620,-0.344131,-9999,0.393504E-01,-0.288371E-01,2.72564,3.55606,3.73544,3.23696,2.15009,-9999,2.19113,2.90027,-0.616582E-01,0.311451E-02,0.329002E-01,-9999,0.172319E-02,0.727652E-05,-9999,-0.505178E-01,-0.323847E-04,-9999,-9999,0.480841E-05,27.2935,-4.14189,9.36897,23.3301,35.5798,49.9012,59.7190,74.7611,0.248315,-352.041,-0.570957E-02,-0.727407E-01,3.69392,-9999,-9999,32.9002,-9999,70.1839,0.296366,-0.735252E-01,3.69392,-9999,-9999,38.9113,-9999,70.1839,0.296366,-0.735252E-01,3.69392,-9999,-9999,39.1876,-9999,70.1839,0.296366,12.0043,96.5595,-9999,-9999,0.245524E-01,0.245524E-01,-9999,-9999,-9999,-9999,-9999,-9999,-9999,-9999,-9999,-9999,-9999,-9999,-9999,1.01078,1.02215,-9999,-9999,1.18271,-9999,1.20562,1.20562,-9999,-9999,-9999,-9999,-9999,-9999,-9999,-9999,-9999,-9999,4,8,6,0,57,24,0,0,0,0,0,0,0,0,0,6,13,10,0,90,33,0,0,0,0,0,0,0,0,0,0,800000000,800000000,800000000,801000011,800010100,801011111,800000011,800000011,80011,81011,80,80,0.00000,0.00000,0.00000,0.00000,30.5000,-9999,0.600000,0.550000,5.46787,5.94171,6.48061,4.08978,10.6918,-9999,29.6584,5.77019,12,123,12,14399,433,-9999,18014,18013,0.283878E-01,0.354013E-01,-9999,-9999,0.252662E-01,-9999,0.558196E-02,0.278261E-01,1.09321,1.07353,0.732482,-9999,1.29280,1.08232,5,127,114,-9999,67,27,7,20,124,1,6,6,-9999,4,2,2,2,6,0,2,-9999,-9999,2,-9999,1,0,-9999,-9999,-9999,-9999,-9999,-9999,-9999,-9999,-9999,-9999,-9999,-9999,-9999,-9999,-9999,-9999,-9999,-9999,-9999,-9999,-9999,-9999,-9999,-9999,-9999,-9999,-9999,-9999,-9999,9999,-91,-9999,0,0,1,213.825,2.37040,-9999,0,0,3,1,0,1,0,-9999,-9999,-9999,47.2102,8.41064,393.000,0.500000,0.400000,0.800000E-01,360,20,30,gill,r3_50_1,2.41000,uvw,axis,7.00000,11.0000,12.5000,0.200000E-01,licor,li7500_1,14.0000,31.0000,1.00000,-9999,-9999,-9999,0.950000,12.7000,0.100000,-9999,-9999,-9999,-9999,-9999,-9999,-9999,-9999,-9999,-9999,-9999,-9999,-9999,other_irga,generic_closed_path_2,14.0000,31.0000,1.00000,700.000,4.00000,8.00000,4.15000,32.0000,0.130800,other_irga,generic_closed_path_2,14.0000,31.0000,1.00000,700.000,4.00000,8.00000,4.15000,32.0000,0.130800,13,16.0000,0.00000,254.595,91.2182,9.53297,96530.8,1.31762,22.0000,96.5000,0.500000,2.14748,303.687,5324.76,0
202005140530,202005140600,135.2291,135.2499,CH-CHA_202005140100.csv,203.383,0,36000,36000,36000,36000,36000,36000,36000,-9999,36000,36000,36000,36000,36000,-9999,36000,36000,-0.745200E-01,-0.660609,-9999,-9999,-21.4359,-9999,36.7728,0.292856,0.520476E-02,1.04680,-9999,-9999,23.9847,-9999,18.2788,0.358298E-01,-0.650090,-9999,-9999,2.08554,-9999,-1.93018,-0.900977E-02,-0.189612E-09,-9999,-0.613534E-09,-0.948052E-10,-2.15786,-1.31640,0.950474E-01,2.52949,0.250206E-13,-0.720097E-14,2.52949,4.85372,335.538,12.2322,0.251153,0.394242,2036.76,0.986860E-03,-9999,0.221457E-02,11.5955,11.5955,96.5595,-9999,0.245172E-01,1.18140,1187.73,1005.36,-9999,-9999,13.6145,-9999,-9999,-9999,96.5595,1.18140,0.245172E-01,0.247265E+07,-9999,2,26.3315,645.575,645.575,-9999,-9999,-9999,-9999,0,0.852015E-01,2088.91,2088.91,0,0.131656E-01,322.784,322.784,3.10000,3.10000,0.00000,-0.980588,10.0000,-9999,-9999,-9999,-9999,-9999,0.700000,0.700000,3.90610,-1.00000,10.0000,1.00000,1.00000,3.90610,-1.00000,10.0000,2.50217,-0.932588E-02,0.249428E-03,11.5900,26.5639,-9999,2.08457,0.322785,2.09073,-0.339705,-0.180719,11.5200,23.3506,-9999,2.03544,0.322522,2.96549,0.347555,0.178816,11.6700,28.8616,-9999,2.13121,0.323054,0.644289,0.541395,0.283313,0.100719,3.22171,-9999,0.567198E-01,0.389049E-03,0.135502,-0.765788E-01,0.316170E-02,0.781230E-01,0.330146,-9999,0.421080,-0.633547E-01,2.80505,3.51058,3.68407,2.38267,2.36940,-9999,2.20823,2.95494,-0.624267E-01,-0.543822E-03,-0.176241E-01,-9999,0.724786E-03,0.577215E-05,-9999,0.588662E-01,-0.592676E-04,-9999,-9999,0.622387E-06,28.1208,-4.26744,9.65297,24.0373,36.6583,51.4138,61.5292,77.0273,0.249869,2051.32,0.979858E-03,-0.737599E-01,-0.645912,-9999,-9999,-17.6241,-9999,29.5623,0.235432,-0.745200E-01,-0.645912,-9999,-9999,-21.3844,-9999,29.5623,0.235432,-0.745200E-01,-0.645912,-9999,-9999,-21.4359,-9999,29.5623,0.235432,11.5955,96.5595,-9999,-9999,0.245172E-01,0.245172E-01,-9999,-9999,-9999,-9999,-9999,-9999,-9999,-9999,-9999,-9999,-9999,-9999,-9999,1.01030,1.02275,-9999,-9999,1.21336,-9999,1.24391,1.24391,-9999,-9999,-9999,-9999,-9999,-9999,-9999,-9999,-9999,-9999,6,2,1,0,48,14,0,0,0,0,0,0,0,0,0,9,3,1,0,58,15,0,0,0,0,0,0,0,0,0,0,800000000,800000000,800000000,801000011,800010000,801011111,800000011,800000011,81111,81111,80,80,0.00000,0.00000,0.00000,0.00000,3.05000,-9999,0.650000,0.950000,5.32145,6.27162,6.38856,4.23502,11.7908,-9999,33.1620,5.82576,4,106,3,17929,199,-9999,18024,18029,0.288567E-01,0.608159E-02,-9999,-9999,0.130449E-01,-9999,0.369876E-02,0.411718E-01,1.48533,1.37271,1.28515,-9999,1.96270,1.14860,0,56,96,-9999,21,0,11,23,185,1,4,5,-9999,2,1,2,2,6,0,1,-9999,-9999,1,-9999,0,0,-9999,-9999,-9999,-9999,-9999,-9999,-9999,-9999,-9999,-9999,-9999,-9999,-9999,-9999,-9999,-9999,-9999,-9999,-9999,-9999,-9999,-9999,-9999,-9999,-9999,-9999,-9999,-9999,-9999,9999,-85,-9999,0,0,1,211.385,2.15344,-9999,0,0,3,1,0,1,0,-9999,-9999,-9999,47.2102,8.41064,393.000,0.500000,0.400000,0.800000E-01,360,20,30,gill,r3_50_1,2.41000,uvw,axis,7.00000,11.0000,12.5000,0.200000E-01,licor,li7500_1,14.0000,31.0000,1.00000,-9999,-9999,-9999,0.950000,12.7000,0.100000,-9999,-9999,-9999,-9999,-9999,-9999,-9999,-9999,-9999,-9999,-9999,-9999,-9999,other_irga,generic_closed_path_2,14.0000,31.0000,1.00000,700.000,4.00000,8.00000,4.15000,32.0000,0.130800,other_irga,generic_closed_path_2,14.0000,31.0000,1.00000,700.000,4.00000,8.00000,4.15000,32.0000,0.130800,13,16.0000,0.00000,253.648,85.3021,9.49594,96561.1,1.31687,22.0000,96.5003,0.500306,2.14748,303.685,5324.10,0
202005140600,202005140630,135.2499,135.2707,CH-CHA_202005140100.csv,316.176,0,36000,36000,36000,36000,36000,36000,36000,-9999,36000,36000,36000,36000,36000,-9999,36000,36000,-0.584852E-01,1.59389,-9999,-9999,26.3828,-9999,52.4954,0.235707,0.484602E-02,0.739565,-9999,-9999,26.9400,-9999,15.7462,0.388542E-01,-0.495614E-01,-9999,-9999,-4.57824,-9999,3.65759,-0.370705E-02,-0.134819E-09,-9999,-0.517022E-09,-0.774039E-10,-1.95202,-1.40974,0.886108E-01,2.40948,0.126069E-13,-0.587983E-14,2.40948,4.87534,331.020,11.2800,0.222485,0.344475,-586.834,-0.342516E-02,-9999,-0.603104E-02,11.5643,11.5643,96.5595,-9999,0.245146E-01,1.18153,1187.86,1005.36,-9999,-9999,13.5865,-9999,-9999,-9999,96.5595,1.18153,0.245146E-01,0.247273E+07,-9999,2,22.9291,562.096,562.096,-9999,-9999,-9999,-9999,0,0.879314E-01,2155.60,2155.60,0,0.131643E-01,322.717,322.717,9.65000,9.65000,0.00000,-0.980588,10.0000,-9999,-9999,-9999,-9999,-9999,0.650000,0.650000,3.90610,-1.00000,10.0000,0.450000,0.450000,3.90610,-1.00000,10.0000,2.37328,-0.384729E-02,-0.443592E-02,11.5600,21.9791,-9999,2.15435,0.322719,1.97484,-0.291791,-0.175523,11.5200,20.7211,-9999,2.12106,0.322445,2.80644,0.303573,0.174025,11.6400,23.5439,-9999,2.18848,0.322985,0.612977,0.475438,0.295242,0.116500,3.17910,-9999,0.538263E-01,0.393950E-03,0.313828,-0.854093E-01,-0.369384E-01,-0.254238,1.64266,-9999,0.124977,-0.477093E-01,3.04913,3.54249,4.29255,2.83828,5.32053,-9999,2.75991,2.86845,-0.483228E-01,0.131298E-02,0.222291E-01,-9999,0.106841E-02,0.479721E-05,-9999,-0.174679E-01,-0.446928E-04,-9999,-9999,0.234075E-05,24.6938,-3.74738,8.47658,21.1079,32.1909,45.1481,54.0308,67.6401,0.221299,-590.180,-0.340574E-02,-0.578631E-01,1.55963,-9999,-9999,22.2291,-9999,43.5825,0.195688,-0.584852E-01,1.55963,-9999,-9999,26.2748,-9999,43.5825,0.195688,-0.584852E-01,1.55963,-9999,-9999,26.3828,-9999,43.5825,0.195688,11.5643,96.5595,-9999,-9999,0.245146E-01,0.245146E-01,-9999,-9999,-9999,-9999,-9999,-9999,-9999,-9999,-9999,-9999,-9999,-9999,-9999,1.01075,1.02196,-9999,-9999,1.18200,-9999,1.20451,1.20451,-9999,-9999,-9999,-9999,-9999,-9999,-9999,-9999,-9999,-9999,3,21,7,0,254,45,0,0,0,0,0,0,0,0,0,7,41,14,0,309,56,0,0,0,0,0,0,0,0,0,0,800000000,800000000,800000000,801000011,800000100,800010111,800000011,800000011,81011,81011,80,80,0.00000,0.00000,0.00000,0.00000,9.60000,-9999,0.600000,0.400000,5.61140,6.32769,7.01953,4.24467,15.3704,-9999,33.9378,5.71921,10,113,10,18539,489,-9999,18030,18034,0.223084E-01,0.472253E-01,-9999,-9999,0.181028E-01,-9999,0.714070E-02,0.296215E-01,0.979337,1.18671,2.23180,-9999,1.13498,1.22690,1,5,49,-9999,12,0,6,11,126,1,1,3,-9999,1,1,1,1,6,0,0,-9999,-9999,1,-9999,0,0,-9999,-9999,-9999,-9999,-9999,-9999,-9999,-9999,-9999,-9999,-9999,-9999,-9999,-9999,-9999,-9999,-9999,-9999,-9999,-9999,-9999,-9999,-9999,-9999,-9999,-9999,-9999,-9999,-9999,9999,-81,-9999,0,0,1,215.837,2.10758,-9999,0,0,3,1,0,1,0,-9999,-9999,-9999,47.2102,8.41064,393.000,0.500000,0.400000,0.800000E-01,360,20,30,gill,r3_50_1,2.41000,uvw,axis,7.00000,11.0000,12.5000,0.200000E-01,licor,li7500_1,14.0000,31.0000,1.00000,-9999,-9999,-9999,0.950000,12.7000,0.100000,-9999,-9999,-9999,-9999,-9999,-9999,-9999,-9999,-9999,-9999,-9999,-9999,-9999,other_irga,generic_closed_path_2,14.0000,31.0000,1.00000,700.000,4.00000,8.00000,4.15000,32.0000,0.130800,other_irga,generic_closed_path_2,14.0000,31.0000,1.00000,700.000,4.00000,8.00000,4.15000,32.0000,0.130800,13,16.0000,0.00000,252.999,81.2420,9.55091,96598.7,1.31753,22.0000,96.5004,0.500417,2.14748,303.704,5327.93,0
202005140630,202005140700,135.2707,135.2916,CH-CHA_202005140100.csv,428.968,0,36000,36000,36000,35989,35989,35989,35989,-9999,35989,35989,35989,35989,35989,-9999,35989,35989,-0.676340E-01,5.73918,-9999,-9999,16.4981,-9999,63.8336,0.258000,0.512170E-02,2.29283,-9999,-9999,22.5284,-9999,18.8338,0.366346E-01,0.839033,-9999,-9999,-2.72534,-9999,-4.46352,-0.225692E-03,-0.209581E-09,-9999,-0.848479E-09,-0.132019E-09,-1.77715,-1.44061,0.111403,2.29042,-0.999077E-13,-0.100473E-13,2.29042,4.65560,327.677,12.6756,0.239477,0.345925,-203.243,-0.988966E-02,-9999,-0.202126E-01,12.0928,12.0928,96.5595,-9999,0.245601E-01,1.17934,1185.67,1005.37,-9999,-9999,14.0689,-9999,-9999,-9999,96.5595,1.17934,0.245601E-01,0.247147E+07,-9999,2,20.8595,512.310,512.310,-9999,-9999,-9999,-9999,0,0.844485E-01,2074.06,2074.06,0,0.131397E-01,322.713,322.713,5.10000,5.10000,0.00000,-0.980588,10.0000,-9999,-9999,-9999,-9999,-9999,0.650000,0.650000,3.90610,-1.00000,10.0000,0.500000,0.500000,3.90610,-1.00000,10.0000,2.24068,0.502472E-02,-0.508383E-02,12.0500,20.1037,-9999,2.07345,0.322714,1.85967,-0.338910,-0.168635,11.8800,19.0861,-9999,2.01935,0.322443,2.68352,0.335992,0.168977,12.3300,21.5107,-9999,2.12343,0.322981,0.596857,0.506929,0.280416,0.229442,2.64926,-9999,0.613021E-01,0.395401E-03,0.349658,0.251123E-01,0.274811E-01,0.182100,1.63564,-9999,0.113041,-0.160916E-01,2.89768,3.16451,4.00263,1.52220,5.95781,-9999,1.98130,2.90382,-0.566607E-01,0.473804E-02,0.136736E-01,-9999,0.130386E-02,0.526988E-05,-9999,0.349896E-01,0.738306E-05,-9999,-9999,0.404866E-05,27.2935,-4.14189,9.36897,23.3301,35.5798,49.9012,59.7190,74.7611,0.238206,-204.346,-0.983624E-02,-0.669178E-01,5.61775,-9999,-9999,13.6736,-9999,53.0884,0.214571,-0.676340E-01,5.61775,-9999,-9999,16.1441,-9999,53.0884,0.214571,-0.676340E-01,5.61775,-9999,-9999,16.4981,-9999,53.0884,0.214571,12.0928,96.5595,-9999,-9999,0.245601E-01,0.245601E-01,-9999,-9999,-9999,-9999,-9999,-9999,-9999,-9999,-9999,-9999,-9999,-9999,-9999,1.01070,1.02162,-9999,-9999,1.18068,-9999,1.20240,1.20240,-9999,-9999,-9999,-9999,-9999,-9999,-9999,-9999,-9999,-9999,1,6,3,0,284,13,0,0,0,0,0,0,0,0,0,2,9,3,0,344,13,0,0,0,0,0,0,0,0,0,0,800000000,800000000,800000000,801000011,800011100,800010011,800000011,800000011,80111,81111,80,80,0.00000,0.00000,0.00000,0.00000,5.80000,-9999,0.600000,0.450000,6.37431,6.89848,6.72257,4.16693,11.1395,-9999,31.0792,5.76499,13,137,13,10374,222,-9999,18031,18037,0.369974E-01,0.338138E-01,-9999,-9999,0.239590E-01,-9999,0.232136E-02,0.120914E-01,0.694028,3.94242,1.91498,-9999,0.428462,1.08223,0,58,76,-9999,20,8,14,20,125,1,4,5,-9999,2,1,2,2,6,0,1,-9999,-9999,1,-9999,0,0,-9999,-9999,-9999,-9999,-9999,-9999,-9999,-9999,-9999,-9999,-9999,-9999,-9999,-9999,-9999,-9999,-9999,-9999,-9999,-9999,-9999,-9999,-9999,-9999,-9999,-9999,-9999,-9999,-9999,9999,-66,-9999,0,0,1,219.029,2.78788,-9999,0,0,3,1,0,1,0,-9999,-9999,-9999,47.2102,8.41064,393.000,0.500000,0.400000,0.800000E-01,360,20,30,gill,r3_50_1,2.41000,uvw,axis,7.00000,11.0000,12.5000,0.200000E-01,licor,li7500_1,14.0000,31.0000,1.00000,-9999,-9999,-9999,0.950000,12.7000,0.100000,-9999,-9999,-9999,-9999,-9999,-9999,-9999,-9999,-9999,-9999,-9999,-9999,-9999,other_irga,generic_closed_path_2,14.0000,31.0000,1.00000,700.000,4.00000,8.00000,4.15000,32.0000,0.130800,other_irga,generic_closed_path_2,14.0000,31.0000,1.00000,700.000,4.00000,8.00000,4.15000,32.0000,0.130800,13,16.0000,0.00000,250.541,65.8802,9.70461,96609.2,1.31914,22.0000,96.5006,0.500597,2.14748,303.721,5331.59,0
202005140700,202005140730,135.2916,135.3124,CH-CHA_202005140700.csv,539.831,0,36000,36000,36000,36000,36000,36000,36000,33800,36000,36000,36000,36000,36000,33800,36000,36000,-0.808666E-01,13.6143,13.8914,0.202046E-01,10.4831,0.311800,-21.8795,0.207116,0.582807E-02,1.90892,10.1467,0.147581E-01,7.81691,0.227748,11.2535,0.373627E-01,-0.602922,-9999,-9999,2.24700,-9999,-0.869739,-0.361706E-01,0.458533E-10,0.133953E-12,0.170559E-09,0.266881E-10,-2.12153,-1.53393,0.810378E-01,2.61923,-0.226867E-13,0.203360E-14,2.61923,5.09204,331.363,12.0263,0.261764,0.402208,-111.921,-0.179591E-01,0.980054,-0.437966E-01,11.8597,11.7136,96.5595,11.3726,0.245400E-01,1.18019,1187.53,1006.22,0.118698E-02,1.56045,13.7212,0.100576E-02,12.1608,-17.4332,96.4035,1.17900,0.245797E-01,0.247237E+07,0.100677E-02,2,22.5478,554.220,553.324,2,65.8700,1.61907,1.61645,0,0.838706E-01,2061.52,2058.18,0,0.131236E-01,322.574,322.053,0.150000,0.150000,0.00000,-0.980588,10.0000,0.350000,0.350000,0.00000,-0.980588,10.0000,9.95000,9.95000,3.90610,-1.00000,10.0000,0.850000,0.850000,3.90610,-1.00000,10.0000,2.61086,-0.963041E-03,-0.348372E-03,11.8800,22.1683,57.1830,2.06063,0.322578,2.14620,-0.334868,-0.194066,11.7000,21.6142,33.0530,2.03728,0.322303,3.07220,0.361046,0.191633,11.9800,23.1658,87.8910,2.08456,0.322852,0.637686,0.545748,0.316120,0.207422,1.49843,44.1151,0.339866E-01,0.398189E-03,0.851577E-01,-0.155371,0.475638E-01,0.125899,1.28816,0.860878,0.220582,-0.623098E-01,2.54278,3.35969,3.88750,2.86668,4.91435,3.14122,2.74493,2.88656,-0.672637E-01,0.117951E-01,0.793894E-02,0.260585,-0.445076E-03,0.421317E-05,-26.5492,0.765283E-02,0.467780E-04,-0.341745,-0.177042E-02,0.146305E-05,26.6278,-4.04088,9.14047,22.7611,34.7121,48.6842,58.2625,72.9378,0.260351,-107.085,-0.187701E-01,-0.799960E-01,14.0071,11.6096,0.168859E-01,7.93894,0.260585,-18.1074,0.171408,-0.808666E-01,14.0071,13.7508,0.200002E-01,9.40314,0.308645,-18.1074,0.171408,-0.808666E-01,13.3131,13.8948,0.202096E-01,10.4831,0.311876,-18.1074,0.171408,11.7136,96.5595,-9999,-9999,0.245400E-01,0.245400E-01,-9999,-9999,-9999,-9999,-9999,-9999,-9999,-9999,-9999,-9999,-9999,-9999,-9999,1.01088,1.02262,1.18443,1.18443,1.18443,1.18443,1.20832,1.20832,-9999,-9999,-9999,-9999,-9999,-9999,-9999,-9999,-9999,-9999,1,15,5,0,197,42,0,0,0,0,0,0,0,0,0,3,26,7,0,222,47,0,0,0,0,0,0,0,0,0,0,800000000,800000000,800000000,800000011,800000000,800010011,800000011,800000011,80011,80011,80,80,0.00000,0.00000,0.00000,0.00000,0.100000,34.5500,9.90000,0.800000,5.20742,5.93791,6.35139,10.6801,8.67136,8.18067,22.2898,5.94385,10,103,10,10155,498,497,17948,18047,0.235274E-01,0.298637E-01,0.392854E-01,0.392854E-01,0.755190E-01,0.392854E-01,0.398106E-02,0.230495E-01,1.46710,2.44400,0.931508,2.19691,0.954031,0.590567,3,30,70,16,0,17,14,17,26,1,2,4,2,1,2,2,2,2,0,0,0,0,1,0,0,0,-9999,-9999,-9999,-9999,-9999,-9999,-9999,-9999,-9999,-9999,-9999,-9999,-9999,-9999,-9999,-9999,-9999,-9999,-9999,-9999,-9999,-9999,-9999,-9999,-9999,-9999,-9999,-9999,-9999,9999,-76,-9999,0,0,1,215.868,1.77299,-9999,0,0,3,1,0,1,0,-9999,-9999,-9999,47.2102,8.41064,393.000,0.500000,0.400000,0.800000E-01,360,20,30,gill,r3_50_1,2.41000,uvw,axis,7.00000,11.0000,12.5000,0.200000E-01,licor,li7500_1,14.0000,31.0000,1.00000,-9999,-9999,-9999,0.950000,12.7000,0.100000,licor,li7500_1,14.0000,31.0000,1.00000,-9999,-9999,-9999,-9999,-9999,0.950000,12.7000,0.100000,other_irga,generic_closed_path_2,14.0000,31.0000,1.00000,700.000,4.00000,8.00000,4.15000,32.0000,0.130800,other_irga,generic_closed_path_2,14.0000,31.0000,1.00000,700.000,4.00000,8.00000,4.15000,32.0000,0.130800,13,16.0000,0.00000,252.183,76.1455,9.95566,96615.5,1.32262,22.0000,96.5009,0.500917,2.14748,303.712,5326.82,0
202005140730,202005140800,135.3124,135.3332,CH-CHA_202005140700.csv,646.866,0,36000,36000,36000,36000,36000,36000,36000,-9999,36000,36000,36000,36000,36000,-9999,36000,36000,-0.834058E-01,10.5158,-9999,-9999,7.49946,-9999,55.5446,0.354153,0.660939E-02,1.84860,-9999,-9999,30.5380,-9999,15.0241,0.461821E-01,1.70995,-9999,-9999,-1.85687,-9999,-1.16065,0.150307E-01,0.113815E-11,-9999,0.446417E-11,0.706418E-12,-1.99512,-1.35053,0.114548,2.41196,-0.165949E-13,0.539584E-16,2.41196,4.69919,333.201,14.1983,0.266264,0.432088,-152.466,-0.131832E-01,-9999,-0.333907E-01,12.7934,12.7934,96.5595,-9999,0.246204E-01,1.17645,1182.78,1005.38,-9999,-9999,14.7315,-9999,-9999,-9999,96.5595,1.17645,0.246204E-01,0.246981E+07,-9999,2,21.0931,519.320,519.320,-9999,-9999,-9999,-9999,0,0.827335E-01,2036.93,2036.93,0,0.130919E-01,322.328,322.328,6.65000,6.65000,0.00000,-0.980588,10.0000,-9999,-9999,-9999,-9999,-9999,0.600000,0.600000,3.90610,-1.00000,10.0000,0.600000,0.600000,3.90610,-1.00000,10.0000,2.38133,0.277896E-01,-0.573143E-02,12.8100,19.8117,-9999,2.03559,0.322329,1.93862,-0.381453,-0.195467,12.6700,18.4780,-9999,2.00760,0.322064,2.85230,0.397950,0.194889,12.9400,23.0259,-9999,2.06462,0.322602,0.639472,0.598079,0.312334,0.191046,3.63355,-9999,0.352039E-01,0.391844E-03,0.234395,-0.206940,0.834925E-02,-0.700226,0.941953,-9999,0.167735,-0.489003E-01,2.61262,3.45397,3.80152,3.48125,2.64092,-9999,2.18591,2.83933,-0.698241E-01,0.869959E-02,0.578973E-02,-9999,0.113530E-02,0.723870E-05,-9999,-0.105989E-01,-0.332722E-04,-9999,-9999,0.179223E-05,27.2549,-4.13604,9.35572,23.2971,35.5295,49.8306,59.6345,74.6554,0.264844,-153.336,-0.131084E-01,-0.825185E-01,10.2897,-9999,-9999,5.78973,-9999,46.1123,0.294012,-0.834058E-01,10.2897,-9999,-9999,6.84363,-9999,46.1123,0.294012,-0.834058E-01,10.2897,-9999,-9999,7.49946,-9999,46.1123,0.294012,12.7934,96.5595,-9999,-9999,0.246204E-01,0.246204E-01,-9999,-9999,-9999,-9999,-9999,-9999,-9999,-9999,-9999,-9999,-9999,-9999,-9999,1.01075,1.02197,-9999,-9999,1.18203,-9999,1.20455,1.20455,-9999,-9999,-9999,-9999,-9999,-9999,-9999,-9999,-9999,-9999,2,7,3,0,171,37,0,0,0,0,0,0,0,0,0,3,14,5,0,199,43,0,0,0,0,0,0,0,0,0,0,800000000,800000000,800000000,800000011,800010000,800010011,800000011,800000011,80111,81111,80,80,0.00000,0.00000,0.00000,0.00000,6.60000,-9999,0.550000,0.550000,5.21002,6.13112,6.47395,8.17125,11.1090,-9999,32.0262,5.87867,11,111,11,8816,225,-9999,18056,18043,0.120590E-01,0.265396E-02,-9999,-9999,0.240220E-01,-9999,0.188860E-01,0.133667E-01,0.964377,2.43780,2.46324,-9999,1.15501,0.665674,0,14,323,-9999,11,5,15,19,31,1,1,7,-9999,1,1,2,2,3,0,0,-9999,-9999,2,-9999,0,0,-9999,-9999,-9999,-9999,-9999,-9999,-9999,-9999,-9999,-9999,-9999,-9999,-9999,-9999,-9999,-9999,-9999,-9999,-9999,-9999,-9999,-9999,-9999,-9999,-9999,-9999,-9999,-9999,-9999,9999,-77,-9999,0,0,1,214.095,2.72209,-9999,0,0,3,1,0,1,0,-9999,-9999,-9999,47.2102,8.41064,393.000,0.500000,0.400000,0.800000E-01,360,20,30,gill,r3_50_1,2.41000,uvw,axis,7.00000,11.0000,12.5000,0.200000E-01,licor,li7500_1,14.0000,31.0000,1.00000,-9999,-9999,-9999,0.950000,12.7000,0.100000,-9999,-9999,-9999,-9999,-9999,-9999,-9999,-9999,-9999,-9999,-9999,-9999,-9999,other_irga,generic_closed_path_2,14.0000,31.0000,1.00000,700.000,4.00000,8.00000,4.15000,32.0000,0.130800,other_irga,generic_closed_path_2,14.0000,31.0000,1.00000,700.000,4.00000,8.00000,4.15000,32.0000,0.130800,13,16.0000,0.00000,252.394,77.4594,10.1957,96666.6,1.32531,22.0000,96.5010,0.501000,2.14748,303.711,5330.51,0
202005140800,202005140830,135.3332,135.3541,CH-CHA_202005140700.csv,748.244,0,36000,36000,36000,36000,36000,36000,36000,-9999,36000,36000,36000,36000,36000,-9999,36000,36000,-0.577113E-01,12.7647,-9999,-9999,88.0786,-9999,41.3536,0.172110,0.567987E-02,1.64997,-9999,-9999,28.5310,-9999,11.6043,0.327785E-01,-0.581378,-9999,-9999,3.27870,-9999,0.670702,0.211464E-02,0.985741E-10,-9999,0.348702E-09,0.548556E-10,-1.80545,-1.25564,0.883268E-01,2.20092,-0.163048E-13,0.418416E-14,2.20092,5.25025,332.358,12.8314,0.221343,0.331662,-72.1541,-0.278570E-01,-9999,-0.486954E-01,12.4267,12.4267,96.5595,-9999,0.245888E-01,1.17796,1184.29,1005.38,-9999,-9999,14.3814,-9999,-9999,-9999,96.5595,1.17796,0.245888E-01,0.247068E+07,-9999,2,23.5589,579.284,579.284,-9999,-9999,-9999,-9999,0,0.833385E-01,2049.20,2049.20,0,0.131103E-01,322.366,322.366,-0.650000,-0.650000,0.00000,-0.980588,10.0000,-9999,-9999,-9999,-9999,-9999,0.650000,0.650000,3.90610,-1.00000,10.0000,0.750000,0.750000,3.90610,-1.00000,10.0000,2.16782,0.456942E-02,0.441606E-03,12.3800,23.9428,-9999,2.04466,0.322374,1.76948,-0.327478,-0.162253,12.2900,21.9232,-9999,2.01786,0.322106,2.59766,0.323665,0.159842,12.5100,25.8789,-9999,2.07657,0.322633,0.583906,0.501456,0.266308,0.187972,3.17443,-9999,0.387251E-01,0.386009E-03,0.311147,0.265288E-01,-0.566509E-01,1.06679,-0.652385,-9999,0.420622,-0.634595E-01,2.87708,3.05435,4.13454,3.67749,2.98980,-9999,2.32652,2.88632,-0.484455E-01,0.105529E-01,0.739072E-01,-9999,0.846762E-03,0.352416E-05,-9999,0.407319E-01,0.394349E-04,-9999,-9999,0.193137E-05,26.7076,-4.05298,9.16784,22.8292,34.8160,48.8300,58.4370,73.1562,0.220170,-72.5308,-0.277124E-01,-0.571014E-01,12.4977,-9999,-9999,73.9072,-9999,34.4369,0.143323,-0.577113E-01,12.4977,-9999,-9999,87.1895,-9999,34.4369,0.143323,-0.577113E-01,12.4977,-9999,-9999,88.0786,-9999,34.4369,0.143323,12.4267,96.5595,-9999,-9999,0.245888E-01,0.245888E-01,-9999,-9999,-9999,-9999,-9999,-9999,-9999,-9999,-9999,-9999,-9999,-9999,-9999,1.01068,1.02137,-9999,-9999,1.17972,-9999,1.20085,1.20085,-9999,-9999,-9999,-9999,-9999,-9999,-9999,-9999,-9999,-9999,5,20,3,2,122,8,0,0,0,0,0,0,0,0,0,11,37,5,4,143,11,0,0,0,0,0,0,0,0,0,0,800000000,800000000,800000000,800000011,800010000,801011111,800000011,800000011,80010,80010,80,80,0.00000,0.00000,0.00000,0.00000,0.650000,-9999,0.600000,0.700000,5.52601,6.43822,6.66376,10.4853,33.1576,-9999,28.2829,5.91988,15,167,15,10066,466,-9999,18049,18054,0.319201E-01,0.431517E-02,-9999,-9999,0.233966E-01,-9999,0.648255E-02,0.256941E-01,1.49002,2.19483,2.40652,-9999,0.905843,0.831538,0,11,58,-9999,36,11,10,19,28,1,1,4,-9999,3,1,2,2,2,0,0,-9999,-9999,1,-9999,1,0,-9999,-9999,-9999,-9999,-9999,-9999,-9999,-9999,-9999,-9999,-9999,-9999,-9999,-9999,-9999,-9999,-9999,-9999,-9999,-9999,-9999,-9999,-9999,-9999,-9999,-9999,-9999,-9999,-9999,9999,-94,-9999,0,0,1,214.817,2.29999,-9999,0,0,3,1,0,1,0,-9999,-9999,-9999,47.2102,8.41064,393.000,0.500000,0.400000,0.800000E-01,360,20,30,gill,r3_50_1,2.41000,uvw,axis,7.00000,11.0000,12.5000,0.200000E-01,licor,li7500_1,14.0000,31.0000,1.00000,-9999,-9999,-9999,0.950000,12.7000,0.100000,-9999,-9999,-9999,-9999,-9999,-9999,-9999,-9999,-9999,-9999,-9999,-9999,-9999,other_irga,generic_closed_path_2,14.0000,31.0000,1.00000,700.000,4.00000,8.00000,4.15000,32.0000,0.130800,other_irga,generic_closed_path_2,14.0000,31.0000,1.00000,700.000,4.00000,8.00000,4.15000,32.0000,0.130800,13,16.0000,0.00000,255.000,93.7500,10.4706,96687.1,1.32807,22.0000,96.5008,0.500806,2.14748,303.705,5332.25,0
202005140830,202005140900,135.3541,135.3749,CH-CHA_202005140700.csv,842.228,0,36000,36000,36000,36000,36000,36000,36000,-9999,36000,36000,36000,36000,36000,-9999,36000,36000,-0.511936E-01,15.3492,-9999,-9999,16.7072,-9999,-7.42092,0.119391,0.468575E-02,5.81961,-9999,-9999,28.5754,-9999,13.5324,0.327313E-01,1.78682,-9999,-9999,10.8686,-9999,-0.993640,-0.899850E-03,-0.629472E-10,-9999,-0.164143E-09,-0.260525E-10,-1.54188,-0.824696,0.930376E-01,1.75105,0.172041E-13,-0.199516E-14,1.75105,3.86744,339.680,14.6040,0.208882,0.252407,-50.4321,-0.398556E-01,-9999,-0.622919E-01,13.5581,13.5581,96.5595,-9999,0.246862E-01,1.17331,1179.65,1005.40,-9999,-9999,15.4859,-9999,-9999,-9999,96.5595,1.17331,0.246862E-01,0.246800E+07,-9999,2,31.5500,778.850,778.850,-9999,-9999,-9999,-9999,0,0.822706E-01,2030.95,2030.95,0,0.130579E-01,322.350,322.350,10.0000,10.0000,0.00000,-0.980588,10.0000,-9999,-9999,-9999,-9999,-9999,5.90000,5.90000,3.90610,-1.00000,10.0000,0.600000,0.600000,3.90610,-1.00000,10.0000,1.71571,0.836560E-02,-0.331993E-02,13.4900,31.5460,-9999,2.02121,0.322352,1.38241,-0.273109,-0.155461,13.1700,28.8833,-9999,2.00307,0.322090,2.09779,0.287143,0.154336,13.9100,34.5032,-9999,2.05039,0.322611,0.495765,0.447287,0.242831,0.548478,3.01235,-9999,0.352904E-01,0.381719E-03,0.286212,-0.407337E-01,0.293695E-02,0.430104,-0.822331E-01,-9999,0.969176,-0.215750E-01,2.62428,3.39027,3.47509,2.35236,1.62420,-9999,3.13167,2.91850,-0.430238E-01,0.127523E-01,0.129959E-01,-9999,-0.153478E-03,0.246922E-05,-9999,-0.670920E-02,-0.133566E-03,-9999,-9999,0.258170E-05,27.4516,-4.16589,9.42325,23.4652,35.7859,50.1903,60.0650,75.1942,0.207762,-50.6349,-0.396959E-01,-0.506462E-01,15.0431,-9999,-9999,12.9959,-9999,-6.21715,0.100024,-0.511936E-01,15.0431,-9999,-9999,15.2754,-9999,-6.21715,0.100024,-0.511936E-01,15.0431,-9999,-9999,16.7072,-9999,-6.21715,0.100024,13.5581,96.5595,-9999,-9999,0.246862E-01,0.246862E-01,-9999,-9999,-9999,-9999,-9999,-9999,-9999,-9999,-9999,-9999,-9999,-9999,-9999,1.01081,1.02034,-9999,-9999,1.17540,-9999,1.19362,1.19362,-9999,-9999,-9999,-9999,-9999,-9999,-9999,-9999,-9999,-9999,10,7,2,0,38,2,0,0,0,0,0,0,0,0,0,20,12,4,0,44,4,0,0,0,0,0,0,0,0,0,0,800000000,800000000,800000000,800000001,800010000,801011111,800000011,800000011,81111,81111,80,80,0.00000,0.00000,0.00000,0.00000,9.95000,-9999,5.85000,0.550000,5.54776,6.20617,6.68818,8.45629,12.7208,-9999,30.8088,5.81882,44,267,44,9144,229,-9999,18126,18161,0.454221E-01,0.722640E-02,-9999,-9999,0.179792E-01,-9999,0.402394E-02,0.112396E-01,1.64061,1.60285,0.655254,-9999,0.777892,1.64136,5,31,85,-9999,72,3,19,22,251,1,3,5,-9999,4,1,2,2,7,0,1,-9999,-9999,1,-9999,1,0,-9999,-9999,-9999,-9999,-9999,-9999,-9999,-9999,-9999,-9999,-9999,-9999,-9999,-9999,-9999,-9999,-9999,-9999,-9999,-9999,-9999,-9999,-9999,-9999,-9999,-9999,-9999,-9999,-9999,9999,-94,-9999,0,0,1,208.141,3.04570,-9999,0,0,3,1,0,1,0,-9999,-9999,-9999,47.2102,8.41064,393.000,0.500000,0.400000,0.800000E-01,360,20,30,gill,r3_50_1,2.41000,uvw,axis,7.00000,11.0000,12.5000,0.200000E-01,licor,li7500_1,14.0000,31.0000,1.00000,-9999,-9999,-9999,0.950000,12.7000,0.100000,-9999,-9999,-9999,-9999,-9999,-9999,-9999,-9999,-9999,-9999,-9999,-9999,-9999,other_irga,generic_closed_path_2,14.0000,31.0000,1.00000,700.000,4.00000,8.00000,4.15000,32.0000,0.130800,other_irga,generic_closed_path_2,14.0000,31.0000,1.00000,700.000,4.00000,8.00000,4.15000,32.0000,0.130800,13,16.0000,0.00000,255.000,93.7500,10.6520,96697.3,1.33502,22.0000,96.5041,0.504111,2.14748,303.690,5334.27,0
202005140900,202005140930,135.3749,135.3957,CH-CHA_202005140700.csv,927.212,0,36000,36000,36000,36000,36000,36000,35994,-9999,36000,36000,36000,36000,35994,-9999,36000,36000,-0.738935E-01,18.7206,-9999,-9999,-9999,-9999,-8.34982,0.210113,0.570643E-02,1.61225,-9999,-9999,-9999,-9999,13.4447,0.410641E-01,1.64205,-9999,-9999,-9999,-9999,-1.11409,-0.696386E-02,-9999,-9999,-0.216382E-10,-0.346808E-11,-1.98576,-0.861887,0.878676E-01,2.16652,-0.100060E-12,-0.266666E-15,2.16652,4.82275,344.014,15.2397,0.251412,0.390769,-72.0998,-0.278780E-01,-9999,-0.633505E-01,14.6015,14.6015,96.5595,-9999,0.247761E-01,1.16906,1175.40,1005.42,-9999,-9999,16.5700,-9999,-9999,-9999,96.5595,1.16906,0.247761E-01,0.246553E+07,-9999,-9999,-9999,-9999,-9999,-9999,-9999,-9999,-9999,0,0.811436E-01,2010.42,2010.42,0,0.130054E-01,322.222,322.222,-9999,-9999,-9999,-9999,-9999,-9999,-9999,-9999,-9999,-9999,9.55000,9.55000,3.90610,-1.00000,10.0000,0.100000,0.100000,3.90610,-1.00000,10.0000,2.13287,-0.101062E-01,0.435673E-03,14.5800,27.1647,-9999,2.00318,0.322228,1.72145,-0.372382,-0.171509,14.4500,20.9105,-9999,1.98521,0.321970,2.55948,0.357324,0.172177,14.7200,33.2579,-9999,2.02928,0.322479,0.621916,0.568065,0.268441,0.205675,-9999,-9999,0.406837E-01,0.374550E-03,0.330656,0.866583E-01,-0.364914E-01,0.759421,-9999,-9999,0.861626,-0.385802E-01,2.99344,3.06087,3.34965,3.83297,-9999,-9999,3.44835,2.92762,-0.615994E-01,0.155953E-01,-9999,-9999,-0.172358E-03,0.433719E-05,-9999,-9999,-9999,-9999,-9999,0.311389E-05,29.3845,-4.45922,10.0868,25.1175,38.3057,53.7243,64.2943,80.4888,0.250080,-72.4702,-0.277356E-01,-0.731130E-01,18.3306,-9999,-9999,-9999,-9999,-6.95664,0.175056,-0.738935E-01,18.3306,-9999,-9999,-9999,-9999,-6.95664,0.175056,-0.738935E-01,18.3306,-9999,-9999,-9999,-9999,-6.95664,0.175056,14.6015,96.5595,-9999,-9999,0.247761E-01,0.247761E-01,-9999,-9999,-9999,-9999,-9999,-9999,-9999,-9999,-9999,-9999,-9999,-9999,-9999,1.01068,1.02127,-9999,-9999,-9999,-9999,1.20027,1.20027,-9999,-9999,-9999,-9999,-9999,-9999,-9999,-9999,-9999,-9999,1,4,2,0,5,2,0,0,0,0,0,0,0,0,0,2,8,3,0,5,4,0,0,0,0,0,0,0,0,0,0,800000000,800000000,800000000,800000011,800010100,801011111,800000111,800000011,80000,80001,80,80,0.00000,0.00000,0.00000,0.00000,-9999,-9999,9.50000,0.500000E-01,5.34866,7.11424,7.01703,11.3520,16.1948,-9999,52.5925,5.96468,15,169,15,6601,-9999,-9999,18098,18192,0.253745E-01,0.799827E-02,-9999,-9999,-9999,-9999,0.176993E-01,0.171022E-01,0.642754,2.19658,-9999,-9999,0.790024,0.842487,0,3,9,-9999,77,5,14,27,8,1,1,1,-9999,5,1,2,2,1,0,0,-9999,-9999,-9999,-9999,1,0,-9999,-9999,-9999,-9999,-9999,-9999,-9999,-9999,-9999,-9999,-9999,-9999,-9999,-9999,-9999,-9999,-9999,-9999,-9999,-9999,-9999,-9999,-9999,-9999,-9999,-9999,-9999,-9999,-9999,9999,-84,-9999,0,0,1,203.462,2.32438,-9999,0,0,3,1,0,1,0,-9999,-9999,-9999,47.2102,8.41064,393.000,0.500000,0.400000,0.800000E-01,360,20,30,gill,r3_50_1,2.41000,uvw,axis,7.00000,11.0000,12.5000,0.200000E-01,-9999,-9999,-9999,-9999,-9999,-9999,-9999,-9999,-9999,-9999,-9999,-9999,-9999,-9999,-9999,-9999,-9999,-9999,-9999,-9999,-9999,-9999,-9999,-9999,other_irga,generic_closed_path_2,14.0000,31.0000,1.00000,700.000,4.00000,8.00000,4.15000,32.0000,0.130800,other_irga,generic_closed_path_2,14.0000,31.0000,1.00000,700.000,4.00000,8.00000,4.15000,32.0000,0.130800,13,16.0000,0.00000,253.463,84.1429,10.9987,96699.9,1.33544,22.0000,96.5046,0.504583,2.14748,303.679,5332.92,0
202005140930,202005141000,135.3957,135.4165,CH-CHA_202005140700.csv,1001.74,0,36000,36000,36000,36000,36000,36000,36000,36000,36000,36000,36000,36000,36000,36000,36000,36000,-0.815285E-01,50.3401,-165.408,-0.241244,65.9248,-3.72290,46.2131,0.341681,0.602110E-02,4.50916,62.1855,0.906959E-01,20.4242,1.39963,17.2214,0.496993E-01,-0.435021E-01,-9999,-9999,-9999,-9999,-1.57826,-0.139735,-0.233592E-09,-0.388969E-11,-0.986168E-09,-0.159100E-09,-1.79070,-0.906473,0.612697E-01,2.00800,-0.546737E-13,-0.123616E-13,2.00800,4.40866,340.810,16.1359,0.264458,0.395772,-31.2456,-0.643290E-01,-0.304338,-0.161731,15.2876,14.5739,96.5595,45.5242,0.248352E-01,1.16573,1176.96,1009.64,0.567015E-02,7.52904,16.5386,0.486404E-02,9.00952,2.91008,95.8066,1.16006,0.250303E-01,0.246559E+07,0.488782E-02,2,18.8966,472.996,469.300,2,314.659,7.87615,7.81460,0,0.797767E-01,1996.87,1981.27,0,0.128705E-01,322.158,319.640,9.85000,9.85000,0.00000,-0.980588,10.0000,9.70000,9.70000,0.00000,-0.980588,10.0000,0.600000,0.600000,3.90610,-1.00000,10.0000,0.650000,0.650000,3.90610,-1.00000,10.0000,1.97838,-0.124542E-01,0.120064E-02,15.2600,19.6711,312.092,1.98696,0.322160,1.56808,-0.354957,-0.165615,14.9900,16.7838,182.540,1.96666,0.321899,2.44408,0.356348,0.167053,15.5700,20.5034,449.257,2.01251,0.322415,0.634066,0.558214,0.279108,0.370800,1.84454,127.191,0.411601E-01,0.377080E-03,0.106379,0.672531E-01,-0.256002,0.215767,-0.228307,-0.170554E-01,1.46081,-0.417539E-02,2.88370,3.98216,4.77810,2.24958,1.39528,1.38483,5.19615,2.91245,-0.691901E-01,0.347604E-01,0.550703E-01,-3.17610,0.965853E-03,0.714113E-05,-215.500,0.238050E-01,0.109337E-03,-0.663397,-0.609828E-02,0.340712E-05,29.6590,-4.50088,10.1810,25.3521,38.6636,54.2262,64.8949,81.2407,0.263057,-37.9324,-0.529890E-01,-0.806670E-01,40.9118,-141.114,-0.205811,55.0703,-3.17610,38.5873,0.285299,-0.815285E-01,40.9118,-166.197,-0.242394,64.8589,-3.74065,38.5873,0.285299,-0.815285E-01,49.3106,-165.801,-0.241816,65.9248,-3.73173,38.5873,0.285299,14.5739,96.5595,-9999,-9999,0.248352E-01,0.248352E-01,-9999,-9999,-9999,-9999,-9999,-9999,-9999,-9999,-9999,-9999,-9999,-9999,-9999,1.01068,1.02088,1.17775,1.17775,1.17775,1.17775,1.19762,1.19762,-9999,-9999,-9999,-9999,-9999,-9999,-9999,-9999,-9999,-9999,39,3,10,1,274,79,0,0,0,0,0,0,0,0,0,61,4,14,1,336,114,0,0,0,0,0,0,0,0,0,0,800000000,800000000,800000000,800000000,800000000,800000011,800000111,800000011,80101,81101,80,80,0.00000,0.00000,0.00000,0.00000,9.80000,9.65000,0.550000,0.600000,28.8590,6.63930,10.4627,10.4872,25.2669,21.6684,49.0227,5.90246,30,190,28,4794,229,222,18106,18099,0.653324E-01,0.109176E-01,0.113296E-01,0.113296E-01,0.906089E-02,0.113296E-01,0.352829E-02,0.654159E-02,1.20906,1.04220,0.836666,1.24952,1.84753,1.15517,0,21,94,86,72,30,16,27,15,1,2,5,5,4,2,2,2,1,0,0,1,1,1,1,1,0,-9999,-9999,-9999,-9999,-9999,-9999,-9999,-9999,-9999,-9999,-9999,-9999,-9999,-9999,-9999,-9999,-9999,-9999,-9999,-9999,-9999,-9999,-9999,-9999,-9999,-9999,-9999,-9999,-9999,9999,-57,-9999,0,0,1,206.849,1.74853,-9999,0,0,3,1,0,1,0,-9999,-9999,-9999,47.2102,8.41064,393.000,0.500000,0.400000,0.800000E-01,360,20,30,gill,r3_50_1,2.41000,uvw,axis,7.00000,11.0000,12.5000,0.200000E-01,licor,li7500_1,14.0000,31.0000,1.00000,-9999,-9999,-9999,0.950000,12.7000,0.100000,licor,li7500_1,14.0000,31.0000,1.00000,-9999,-9999,-9999,-9999,-9999,0.950000,12.7000,0.100000,other_irga,generic_closed_path_2,14.0000,31.0000,1.00000,700.000,4.00000,8.00000,4.15000,32.0000,0.130800,other_irga,generic_closed_path_2,14.0000,31.0000,1.00000,700.000,4.00000,8.00000,4.15000,32.0000,0.130800,13,16.0000,0.00000,249.151,57.1913,11.5678,96700.0,1.34508,22.0000,96.5024,0.502361,2.14748,303.683,5328.20,0
202005141000,202005141030,135.4165,135.4374,CH-CHA_202005140700.csv,1064.54,0,36000,36000,36000,36000,36000,36000,36000,36000,36000,36000,36000,36000,36000,36000,36000,36000,-0.614702E-01,17.1366,85.4052,0.124560,-6.39687,1.92222,-30.8144,0.107742,0.697590E-02,3.28877,14.5290,0.211899E-01,2.84029,0.327005,13.7814,0.337518E-01,-0.198887E-01,7.00222,0.102124E-01,-2.97895,0.157599,-0.989239,-0.477224E-01,-0.218562E-10,-0.566078E-12,-0.103575E-09,-0.168191E-10,-1.39013,-0.454617,0.690625E-01,1.46421,0.151761E-12,-0.131156E-14,1.46421,4.13790,354.490,30.5990,0.229753,0.502406,-60.2153,-0.333802E-01,0.200650,-0.633387E-01,15.5413,14.5613,96.5595,62.4979,0.248570E-01,1.16451,1177.59,1011.24,0.777752E-02,10.3268,16.5234,0.667882E-02,6.19663,7.44907,95.5268,1.15673,0.251257E-01,0.246562E+07,0.672373E-02,2,16.6642,418.715,414.223,2,431.605,10.8448,10.7284,0,0.789708E-01,1984.26,1962.98,0,0.128237E-01,322.215,318.758,0.850000,0.850000,0.00000,-0.980588,10.0000,0.250000,0.250000,0.00000,-0.980588,10.0000,1.75000,1.75000,3.90610,-1.00000,10.0000,0.650000,0.650000,3.90610,-1.00000,10.0000,1.42831,-0.267177E-01,-0.227930E-02,15.5500,16.6704,436.282,1.96927,0.322216,0.999232,-0.485105,-0.142778,15.3200,16.4727,417.401,1.95723,0.321955,1.91655,0.482638,0.131613,15.7700,16.8400,452.721,2.00493,0.322472,0.670833,0.709038,0.228167,0.303480,0.359928,35.5445,0.344136E-01,0.376647E-03,0.173286,0.182269,0.180231,-0.161570,-0.380501E-01,-0.900335,1.07505,0.997471E-02,2.70686,2.95479,3.82603,2.45223,4.39009,4.55939,3.10266,2.89589,-0.477576E-01,0.179790E-01,-0.684704E-02,1.60222,-0.650782E-03,0.227545E-05,-8.49042,0.185046E-03,-0.251293E-05,-0.220289,0.541141E-03,0.209579E-05,31.1384,-4.72538,10.6888,26.6167,40.5921,56.9310,68.1318,85.2930,0.228478,-48.0945,-0.417927E-01,-0.607897E-01,21.1719,71.1875,0.103824,-6.84704,1.60222,-25.9011,0.905627E-01,-0.614702E-01,21.1719,83.5220,0.121813,-8.03340,1.87983,-25.9011,0.905627E-01,-0.614702E-01,16.8012,85.6361,0.124896,-6.39687,1.92741,-25.9011,0.905627E-01,14.5613,96.5595,-9999,-9999,0.248570E-01,0.248570E-01,-9999,-9999,-9999,-9999,-9999,-9999,-9999,-9999,-9999,-9999,-9999,-9999,-9999,1.01120,1.01997,1.17327,1.17327,1.17327,1.17327,1.18970,1.18970,-9999,-9999,-9999,-9999,-9999,-9999,-9999,-9999,-9999,-9999,11,5,1,0,305,79,0,0,0,0,0,0,0,0,0,20,11,1,0,365,88,0,0,0,0,0,0,0,0,0,0,800000000,800000001,800000000,800000011,800000000,800000011,800000011,800000011,80001,81011,80,81,0.00000,0.00000,0.00000,0.00000,0.800000,0.200000,1.70000,0.600000,21.6355,7.67241,10.2734,10.0245,13.9692,22.0956,39.2427,5.76693,130,448,130,6771,451,442,18018,18017,0.425260E-01,0.318630E-01,0.492676E-01,0.492676E-01,0.647451E-01,0.492676E-01,0.765710E-02,0.792886E-02,1.75251,2.11766,0.877801,1.08946,2.19345,1.07351,16,23,19,9,106,40,0,33,75,2,2,2,1,6,3,3,3,4,1,1,1,1,1,1,2,1,-9999,-9999,-9999,-9999,-9999,-9999,-9999,-9999,-9999,-9999,-9999,-9999,-9999,-9999,-9999,-9999,-9999,-9999,-9999,-9999,-9999,-9999,-9999,-9999,-9999,-9999,-9999,-9999,-9999,9999,-54,-9999,0,0,1,198.109,2.70348,-9999,0,0,3,1,0,1,0,-9999,-9999,-9999,47.2102,8.41064,393.000,0.500000,0.400000,0.800000E-01,360,20,30,gill,r3_50_1,2.41000,uvw,axis,7.00000,11.0000,12.5000,0.200000E-01,licor,li7500_1,14.0000,31.0000,1.00000,-9999,-9999,-9999,0.950000,12.7000,0.100000,licor,li7500_1,14.0000,31.0000,1.00000,-9999,-9999,-9999,-9999,-9999,0.950000,12.7000,0.100000,other_irga,generic_closed_path_2,14.0000,31.0000,1.00000,700.000,4.00000,8.00000,4.15000,32.0000,0.130800,other_irga,generic_closed_path_2,14.0000,31.0000,1.00000,700.000,4.00000,8.00000,4.15000,32.0000,0.130800,13,16.0000,0.00000,248.592,53.6976,11.8459,96700.3,1.35500,22.0000,96.5001,0.500056,2.14748,303.708,5330.35,0
202005141030,202005141100,135.4374,135.4582,CH-CHA_202005140700.csv,1114.53,0,36000,36000,36000,36000,36000,36000,36000,36000,36000,36000,36000,36000,36000,36000,36000,36000,-0.197930E-01,11.6943,117.399,0.171316,-23.5189,2.64377,-1.91506,0.656096E-01,0.318585E-02,1.85121,31.3772,0.457875E-01,8.14401,0.706597,1.24149,0.359447E-01,0.901870,-1.32108,-0.192780E-02,0.562666,-0.297500E-01,-1.76273,-0.238704E-02,0.105789E-09,0.253542E-11,0.480889E-09,0.793989E-10,-1.30256,0.145907,0.403011E-01,1.31132,0.573552E-13,0.620370E-14,1.31132,3.46771,14.2610,20.4440,0.130488,0.260926,-16.1641,-0.124349,0.996114E-01,-0.762620E-01,16.0660,15.1345,96.5595,57.1461,0.249022E-01,1.16243,1175.15,1010.94,0.736467E-02,9.79809,17.1457,0.633558E-02,7.34760,6.68247,95.5797,1.15507,0.251574E-01,0.246427E+07,0.637597E-02,2,17.0525,429.011,424.645,2,408.694,10.2820,10.1774,0,0.775164E-01,1950.17,1930.33,0,0.127986E-01,321.991,318.714,0.250000,0.250000,0.00000,-0.980588,10.0000,0.100000,0.100000,0.00000,-0.980588,10.0000,6.90000,6.90000,3.90610,-1.00000,10.0000,-0.900000,-0.900000,3.90610,-1.00000,10.0000,1.26543,-0.331419E-01,0.116642E-01,16.0200,16.6564,441.557,1.94997,0.321995,0.972930,-0.326140,-0.139739,15.9300,16.4815,369.017,1.94792,0.321720,1.60597,0.269159,0.143445,16.1500,17.5429,460.230,1.95157,0.322261,0.487661,0.479673,0.232279,0.207581,0.875337,75.8621,0.364799E-02,0.394736E-03,0.532186,0.462173,-0.166115,1.44640,1.07094,-1.03317,2.54605,-0.412715E-01,3.44739,3.41896,3.63478,5.89858,2.73285,2.60903,17.5828,2.87616,-0.167225E-01,0.148816E-01,-0.215171E-01,2.22007,-0.405563E-04,0.138945E-05,-58.3566,0.673806E-03,0.579832E-04,-0.328992E-01,-0.256554E-02,0.400773E-06,-9999,-9999,-9999,-9999,-9999,-9999,-9999,-9999,0.129741,-10.6586,-0.188580,-0.195669E-01,17.4881,98.5848,0.143861,-21.5171,2.22007,-1.61210,0.552304E-01,-0.197930E-01,17.4881,115.582,0.168664,-25.2268,2.60283,-1.61210,0.552304E-01,-0.197930E-01,11.4662,117.713,0.171774,-23.5189,2.65083,-1.61210,0.552304E-01,15.1345,96.5595,-9999,-9999,0.249022E-01,0.249022E-01,-9999,-9999,-9999,-9999,-9999,-9999,-9999,-9999,-9999,-9999,-9999,-9999,-9999,1.01156,1.01990,1.17241,1.17241,1.17241,1.17241,1.18793,1.18793,-9999,-9999,-9999,-9999,-9999,-9999,-9999,-9999,-9999,-9999,9,17,0,19,86,30,0,0,0,0,0,0,0,0,0,11,34,0,36,102,49,0,0,0,0,0,0,0,0,0,0,800000000,800000000,800000000,800000111,800000000,800000111,800001111,800000011,80011,80011,80,80,0.00000,0.00000,0.00000,0.00000,0.200000,0.500000E-01,6.85000,0.900000,6.54470,6.91621,7.62709,19.0517,26.9868,75.8857,5.91206,5.74064,77,425,77,8404,224,215,17975,18015,0.257587E-01,0.979216E-02,0.323538E-02,0.323538E-02,0.549095E-02,0.323538E-02,0.768952E-02,0.265362E-01,1.51195,3.15198,1.68273,1.62144,1.67153,0.798747,6,5,49,40,76,111,17,10,61,1,1,3,3,5,6,2,1,4,0,0,1,1,1,1,1,2,-9999,-9999,-9999,-9999,-9999,-9999,-9999,-9999,-9999,-9999,-9999,-9999,-9999,-9999,-9999,-9999,-9999,-9999,-9999,-9999,-9999,-9999,-9999,-9999,-9999,-9999,-9999,-9999,-9999,9999,-53,-9999,0,0,1,173.609,1.76116,-9999,0,0,3,1,0,1,0,-9999,-9999,-9999,47.2102,8.41064,393.000,0.500000,0.400000,0.800000E-01,360,20,30,gill,r3_50_1,2.41000,uvw,axis,7.00000,11.0000,12.5000,0.200000E-01,licor,li7500_1,14.0000,31.0000,1.00000,-9999,-9999,-9999,0.950000,12.7000,0.100000,licor,li7500_1,14.0000,31.0000,1.00000,-9999,-9999,-9999,-9999,-9999,0.950000,12.7000,0.100000,other_irga,generic_closed_path_2,14.0000,31.0000,1.00000,700.000,4.00000,8.00000,4.15000,32.0000,0.130800,other_irga,generic_closed_path_2,14.0000,31.0000,1.00000,700.000,4.00000,8.00000,4.15000,32.0000,0.130800,13,16.0000,0.00000,248.497,53.1043,12.1665,96700.1,1.35901,22.0000,96.5000,0.500028,2.14748,303.659,5331.43,0
202005141100,202005141130,135.4582,135.4790,CH-CHA_202005140700.csv,1150.87,0,36000,36000,36000,36000,36000,36000,36000,36000,36000,36000,36000,36000,36000,36000,36000,36000,-0.415575E-01,24.9401,71.5139,0.104414,-8.86707,1.61133,2.61854,0.179984,0.616573E-02,3.10451,32.2575,0.470976E-01,7.77303,0.726815,2.36741,0.300765E-01,0.884815,-0.580068E-01,-0.846928E-04,-0.806901E-01,-0.130699E-02,-0.434519,-0.197021E-01,0.126674E-09,0.303944E-11,0.575450E-09,0.953010E-10,-1.21424,0.756642E-01,0.835522E-01,1.21946,0.387722E-13,0.746925E-14,1.21946,3.70408,11.3221,33.3221,0.189262,0.501096,-23.1264,-0.869137E-01,0.348744,-0.112353,16.6290,15.6979,96.5595,54.9858,0.249506E-01,1.16017,1172.87,1010.94,0.733284E-02,9.77481,17.7770,0.632047E-02,8.00217,6.64788,95.5820,1.15284,0.252058E-01,0.246293E+07,0.636067E-02,2,16.9594,427.488,423.147,2,406.928,10.2573,10.1531,0,0.770426E-01,1941.98,1922.26,0,0.127591E-01,321.614,318.348,0.200000,0.200000,0.00000,-0.980588,10.0000,0.150000,0.150000,0.00000,-0.980588,10.0000,8.40000,8.40000,3.90610,-1.00000,10.0000,1.00000,1.00000,3.90610,-1.00000,10.0000,1.17584,0.386107E-01,0.711578E-02,16.6200,16.5272,439.663,1.94126,0.321614,0.774976,-0.457324,-0.149450,16.4100,16.2680,337.783,1.93893,0.321367,1.59767,0.457141,0.159986,16.8400,17.7852,465.182,1.94375,0.321860,0.637739,0.728022,0.255858,0.311186,0.933912,74.9693,0.624919E-02,0.366092E-03,0.490903,-0.231441,-0.195884,0.198039,0.764293,-0.769500,4.70508,0.207798E-02,3.37130,3.37220,3.79997,2.66276,2.24598,2.24455,38.3218,2.95337,-0.352207E-01,0.239916E-01,-0.921093E-02,1.33536,0.556044E-04,0.382194E-05,-66.4813,0.176498E-02,0.416065E-04,-0.150144,-0.335326E-02,0.272660E-06,-9999,-9999,-9999,-9999,-9999,-9999,-9999,-9999,0.188151,-20.2034,-0.994883E-01,-0.410711E-01,28.1390,59.2660,0.865314E-01,-9.21093,1.33536,2.20601,0.151629,-0.415575E-01,28.1390,69.4605,0.101416,-10.7953,1.56506,2.20601,0.151629,-0.415575E-01,24.4531,71.6862,0.104666,-8.86707,1.61521,2.20601,0.151629,15.6979,96.5595,-9999,-9999,0.249506E-01,0.249506E-01,-9999,-9999,-9999,-9999,-9999,-9999,-9999,-9999,-9999,-9999,-9999,-9999,-9999,1.01184,1.01991,1.17201,1.17201,1.17201,1.17201,1.18700,1.18700,-9999,-9999,-9999,-9999,-9999,-9999,-9999,-9999,-9999,-9999,12,17,0,12,104,29,0,0,0,0,0,0,0,0,0,22,35,0,25,116,32,0,0,0,0,0,0,0,0,0,0,800000000,800000000,800000000,800000000,800000000,800000011,800001111,800000011,80010,80010,80,80,0.00000,0.00000,0.00000,0.00000,0.150000,0.100000,8.35000,0.950000,8.41668,7.60034,10.3049,16.2319,12.8286,13.6206,17.4740,5.85111,58,369,58,6862,460,445,17959,18015,0.245916E-01,0.360498E-01,0.603298E-02,0.603298E-02,0.236280E-01,0.603298E-02,0.769388E-02,0.130633E-01,0.560631,1.11832,1.38294,1.48301,2.02212,0.826245,6,10,45,23,47,20,12,11,50,1,1,3,2,3,2,1,1,3,0,0,0,0,1,0,1,0,-9999,-9999,-9999,-9999,-9999,-9999,-9999,-9999,-9999,-9999,-9999,-9999,-9999,-9999,-9999,-9999,-9999,-9999,-9999,-9999,-9999,-9999,-9999,-9999,-9999,-9999,-9999,-9999,-9999,9999,-54,-9999,0,0,1,176.434,3.92873,-9999,0,0,3,1,0,1,0,-9999,-9999,-9999,47.2102,8.41064,393.000,0.500000,0.400000,0.800000E-01,360,20,30,gill,r3_50_1,2.41000,uvw,axis,7.00000,11.0000,12.5000,0.200000E-01,licor,li7500_1,14.0000,31.0000,1.00000,-9999,-9999,-9999,0.950000,12.7000,0.100000,licor,li7500_1,14.0000,31.0000,1.00000,-9999,-9999,-9999,-9999,-9999,0.950000,12.7000,0.100000,other_irga,generic_closed_path_2,14.0000,31.0000,1.00000,700.000,4.00000,8.00000,4.15000,32.0000,0.130800,other_irga,generic_closed_path_2,14.0000,31.0000,1.00000,700.000,4.00000,8.00000,4.15000,32.0000,0.130800,13,16.0000,0.00000,248.594,53.7104,13.3624,96700.3,1.37030,22.0000,96.5000,0.500028,2.14748,303.657,5324.10,0
202005141130,202005141200,135.4790,135.4999,CH-CHA_202005140700.csv,1172.92,0,36000,36000,36000,36000,36000,36000,36000,36000,36000,36000,36000,36000,36000,36000,36000,36000,-0.547704E-01,37.3191,68.9571,0.100741,-16.4411,1.55464,1.73873,0.176020,0.709142E-02,7.24456,6.84465,0.999949E-02,2.55073,0.154313,0.933597,0.379125E-01,0.968811,3.37102,0.492480E-02,-0.825466,0.759999E-01,-0.159458,-0.189337E-01,-0.148648E-09,-0.421650E-11,-0.699627E-09,-0.115917E-09,-1.36691,0.261302,0.875758E-01,1.39442,-0.240312E-13,-0.911862E-14,1.39442,4.55467,17.0329,25.6598,0.217566,0.435674,-23.4837,-0.855914E-01,0.541194,-0.146524,17.3791,16.3160,96.5595,60.1953,0.250152E-01,1.15708,1170.66,1011.74,0.833255E-02,11.1312,18.4918,0.720135E-02,7.36061,8.55154,95.4464,1.14875,0.253070E-01,0.246147E+07,0.725359E-02,2,16.3016,412.561,407.788,2,462.406,11.7026,11.5672,0,0.767251E-01,1941.76,1919.30,0,0.127121E-01,321.717,317.996,0.200000,0.200000,0.00000,-0.980588,10.0000,0.100000,0.100000,0.00000,-0.980588,10.0000,4.00000,4.00000,3.90610,-1.00000,10.0000,9.85000,9.85000,3.90610,-1.00000,10.0000,1.29746,-0.123270E-01,0.540455E-02,17.3100,16.3313,461.508,1.94186,0.321718,0.930510,-0.403772,-0.165293,16.9500,16.1446,450.071,1.94020,0.321473,1.78706,0.382796,0.171359,17.7500,16.4814,473.820,1.94327,0.321967,0.631266,0.623302,0.290421,0.530975,0.266750,17.4030,0.218048E-02,0.359542E-03,0.687790,0.148275,-0.144060,0.514084,-0.532381,0.272982,-0.844759E-01,-0.133351E-01,3.56354,3.68430,4.82573,2.55523,3.99363,3.04331,2.57449,2.89719,-0.453655E-01,0.343053E-01,-0.160874E-01,1.26683,0.370119E-04,0.374690E-05,-1.93038,-0.193081E-03,-0.973844E-05,0.325617E-03,0.134620E-03,0.109124E-06,24.5777,-3.72976,8.43672,21.0086,32.0395,44.9358,53.7767,67.3221,0.216342,-21.5352,-0.933356E-01,-0.541561E-01,40.1599,56.1910,0.820905E-01,-16.0874,1.26683,1.46252,0.148058,-0.547704E-01,40.1599,65.9034,0.962796E-01,-18.8681,1.48580,1.46252,0.148058,-0.547704E-01,36.5902,69.1310,0.100995,-16.4411,1.55856,1.46252,0.148058,16.3160,96.5595,-9999,-9999,0.250152E-01,0.250152E-01,-9999,-9999,-9999,-9999,-9999,-9999,-9999,-9999,-9999,-9999,-9999,-9999,-9999,1.01134,1.01992,1.17285,1.17285,1.17285,1.17285,1.18886,1.18886,-9999,-9999,-9999,-9999,-9999,-9999,-9999,-9999,-9999,-9999,27,10,5,16,264,68,0,0,0,0,0,0,0,0,0,46,20,9,29,333,88,0,0,0,0,0,0,0,0,0,0,800000000,800000000,800000100,800000001,800000000,800000011,800000011,800000011,80011,80011,80,81,0.00000,0.00000,0.00000,0.00000,0.150000,0.500000E-01,3.95000,9.80000,7.72708,9.20941,18.5275,17.1452,11.5324,13.2873,6.00177,5.90982,57,336,58,7364,236,229,18005,17932,0.297565E-01,0.182556E-01,0.231433E-01,0.231433E-01,0.838527E-01,0.231433E-01,0.287850E-01,0.185425E-01,0.829244,1.21465,1.57918,1.20553,1.40129,0.939418,4,19,10,2,93,36,1,10,96,1,2,1,1,5,3,1,1,5,0,0,0,0,0,0,1,1,-9999,-9999,-9999,-9999,-9999,-9999,-9999,-9999,-9999,-9999,-9999,-9999,-9999,-9999,-9999,-9999,-9999,-9999,-9999,-9999,-9999,-9999,-9999,-9999,-9999,-9999,-9999,-9999,-9999,9999,-51,-9999,0,0,1,169.178,3.60081,-9999,0,0,3,1,0,1,0,-9999,-9999,-9999,47.2102,8.41064,393.000,0.500000,0.400000,0.800000E-01,360,20,30,gill,r3_50_1,2.41000,uvw,axis,7.00000,11.0000,12.5000,0.200000E-01,licor,li7500_1,14.0000,31.0000,1.00000,-9999,-9999,-9999,0.950000,12.7000,0.100000,licor,li7500_1,14.0000,31.0000,1.00000,-9999,-9999,-9999,-9999,-9999,0.950000,12.7000,0.100000,other_irga,generic_closed_path_2,14.0000,31.0000,1.00000,700.000,4.00000,8.00000,4.15000,32.0000,0.130800,other_irga,generic_closed_path_2,14.0000,31.0000,1.00000,700.000,4.00000,8.00000,4.15000,32.0000,0.130800,13,16.0000,0.00000,248.154,50.9597,13.8237,96694.1,1.37589,22.0000,96.5001,0.500083,2.14748,303.716,5320.71,0
202005141200,202005141230,135.4999,135.5207,CH-CHA_202005140700.csv,1180.31,0,36000,36000,36000,36000,36000,36000,36000,36000,36000,36000,36000,36000,36000,36000,36000,36000,-0.705817E-01,45.7451,89.0542,0.130291,-22.5121,2.01066,-0.938109,0.218192,0.936906E-02,7.27908,9.22992,0.135038E-01,2.86224,0.208392,0.497516,0.331093E-01,2.35494,0.325358,0.476015E-03,0.692975E-01,0.734591E-02,0.141412,0.245743E-03,0.204001E-09,0.583681E-11,0.958427E-09,0.158579E-09,-1.56771,0.647745,0.553653E-01,1.69716,-0.140273E-13,0.125401E-13,1.69716,5.30994,30.3495,27.8119,0.247631,0.730390,-28.2501,-0.711502E-01,0.513676,-0.158615,18.9076,17.8262,96.5595,55.3513,0.251468E-01,1.15102,1164.65,1011.84,0.838741E-02,11.2629,20.3481,0.728695E-02,9.08515,8.72534,95.4332,1.14263,0.254436E-01,0.245789E+07,0.734044E-02,2,16.2678,413.929,409.085,2,465.450,11.8432,11.7046,0,0.764287E-01,1944.70,1921.94,0,0.126457E-01,321.767,318.000,-0.500000E-01,-0.500000E-01,0.00000,-0.980588,10.0000,0.100000,0.100000,0.00000,-0.980588,10.0000,0.200000,0.200000,3.90610,-1.00000,10.0000,0.900000,0.900000,3.90610,-1.00000,10.0000,1.68597,0.399487E-01,0.190516E-01,18.8900,16.3144,463.018,1.94473,0.321764,1.03675,-0.453921,-0.196466,18.3200,16.1335,450.694,1.94366,0.321530,2.32002,0.482297,0.196674,19.4500,16.4526,477.909,1.94576,0.322007,0.897156,0.741562,0.325542,0.730178,0.303058,22.3210,0.148980E-02,0.353452E-03,0.177543,-0.312508,-0.223433,0.164925,-1.00047,0.697795,-0.843271E-01,-0.650026E-02,2.47816,3.67137,4.27686,2.37609,5.66845,4.69351,2.69470,2.98283,-0.548397E-01,0.424754E-01,-0.217265E-01,1.63783,-0.200102E-04,0.465411E-05,-3.52208,0.931479E-05,-0.811133E-05,0.496563E-04,0.458898E-03,-0.178152E-07,24.8799,-3.77562,8.54046,21.2670,32.4335,45.4884,54.4380,68.1499,0.246298,-25.7993,-0.779092E-01,-0.698236E-01,49.4690,72.5412,0.106131,-21.7265,1.63783,-0.786453,0.182918,-0.705817E-01,49.4690,85.2328,0.124700,-25.5276,1.92438,-0.786453,0.182918,-0.705817E-01,44.8371,89.2835,0.130626,-22.5121,2.01583,-0.786453,0.182918,17.8262,96.5595,-9999,-9999,0.251468E-01,0.251468E-01,-9999,-9999,-9999,-9999,-9999,-9999,-9999,-9999,-9999,-9999,-9999,-9999,-9999,1.01086,1.02025,1.17496,1.17496,1.17496,1.17496,1.19284,1.19284,-9999,-9999,-9999,-9999,-9999,-9999,-9999,-9999,-9999,-9999,2,1,0,16,294,90,0,0,0,0,0,0,0,0,0,3,1,0,29,335,115,0,0,0,0,0,0,0,0,0,0,800000000,800000000,800000001,800000100,800000100,800000011,800000011,800000011,80001,80001,80,80,0.00000,0.00000,0.00000,0.00000,0.500000E-01,0.500000E-01,0.150000,0.850000,8.69691,8.48416,9.89754,19.4105,10.0344,14.2381,6.12522,5.93764,46,294,46,6165,227,218,18045,18033,0.603360E-01,0.312406E-01,0.590096E-01,0.590096E-01,0.117489,0.590096E-01,0.180925E-01,0.124591E-01,2.23945,1.72931,1.36793,1.09316,1.33300,0.591992,3,19,6,1,47,3,25,10,137,1,2,1,1,3,1,2,1,6,0,0,0,0,0,0,1,0,-9999,-9999,-9999,-9999,-9999,-9999,-9999,-9999,-9999,-9999,-9999,-9999,-9999,-9999,-9999,-9999,-9999,-9999,-9999,-9999,-9999,-9999,-9999,-9999,-9999,-9999,-9999,-9999,-9999,9999,-51,-9999,0,0,1,157.551,1.86945,-9999,0,0,3,1,0,1,0,-9999,-9999,-9999,47.2102,8.41064,393.000,0.500000,0.400000,0.800000E-01,360,20,30,gill,r3_50_1,2.41000,uvw,axis,7.00000,11.0000,12.5000,0.200000E-01,licor,li7500_1,14.0000,31.0000,1.00000,-9999,-9999,-9999,0.950000,12.7000,0.100000,licor,li7500_1,14.0000,31.0000,1.00000,-9999,-9999,-9999,-9999,-9999,0.950000,12.7000,0.100000,other_irga,generic_closed_path_2,14.0000,31.0000,1.00000,700.000,4.00000,8.00000,4.15000,32.0000,0.130800,other_irga,generic_closed_path_2,14.0000,31.0000,1.00000,700.000,4.00000,8.00000,4.15000,32.0000,0.130800,13,16.0000,0.00000,248.137,50.8592,15.7091,96630.5,1.39463,22.0000,96.5003,0.500333,2.14748,303.738,5309.07,0
202005141230,202005141300,135.5207,135.5415,CH-CHA_202005140700.csv,1172.92,0,36000,36000,36000,35989,35989,35989,35989,35989,35989,35989,35989,35989,35989,35989,35989,35989,-0.640376E-01,24.3261,63.4507,0.930055E-01,-15.3360,1.43527,0.628094,0.151447,0.785062E-02,5.71007,6.29277,0.922388E-02,1.60042,0.142344,0.543465,0.309780E-01,3.00593,-0.183105,-0.268394E-03,0.196601,-0.414188E-02,0.154731,0.849256E-02,-0.101111E-09,-0.284790E-11,-0.471487E-09,-0.779324E-10,-1.89381,-0.113587,0.734618E-01,1.89863,-0.258987E-12,-0.620057E-14,1.89863,5.83791,6.11521,23.9915,0.236654,0.740805,-46.3693,-0.433477E-01,0.383386,-0.888457E-01,20.8481,19.7667,96.5595,48.7037,0.253139E-01,1.14343,1156.97,1011.85,0.827653E-02,11.1882,22.9719,0.723836E-02,11.7837,8.62692,95.4407,1.13515,0.256107E-01,0.245329E+07,0.729114E-02,2,16.3067,417.642,412.786,2,459.297,11.7634,11.6266,0,0.760394E-01,1947.50,1924.85,0,0.125686E-01,321.903,318.160,0.250000,0.250000,0.00000,-0.980588,10.0000,0.200000,0.200000,0.00000,-0.980588,10.0000,2.90000,2.90000,3.90610,-1.00000,10.0000,0.700000,0.700000,3.90610,-1.00000,10.0000,1.76048,-0.536103E-01,0.744007E-02,20.7300,16.3433,458.410,1.94755,0.321904,1.27318,-0.536539,-0.175758,20.3900,16.1840,446.807,1.94619,0.321655,2.40598,0.492003,0.181853,21.3700,16.4548,471.441,1.94875,0.322147,0.890685,0.770667,0.307186,0.573026,0.249135,19.2173,0.188408E-02,0.361523E-03,0.666622,0.343281,-0.194518,0.236374,-0.640123,0.134040,0.103414,0.171382E-01,3.37582,3.44711,4.58668,1.91454,6.98956,3.47247,3.08479,2.94178,-0.551802E-01,0.234699E-01,-0.145295E-01,1.17758,0.134511E-04,0.324337E-05,-1.45635,-0.231818E-04,-0.199676E-05,0.413652E-02,0.137651E-03,-0.186292E-07,25.1339,-3.81416,8.62764,21.4841,32.7645,45.9527,54.9937,68.8456,0.235396,-41.0324,-0.489857E-01,-0.633588E-01,27.1540,52.0589,0.763075E-01,-14.5295,1.17758,0.525217,0.126641,-0.640376E-01,27.1540,61.2581,0.897916E-01,-17.0969,1.38567,0.525217,0.126641,-0.640376E-01,23.8344,63.6222,0.932567E-01,-15.3360,1.43915,0.525217,0.126641,19.7667,96.5595,-9999,-9999,0.253139E-01,0.253139E-01,-9999,-9999,-9999,-9999,-9999,-9999,-9999,-9999,-9999,-9999,-9999,-9999,-9999,1.01071,1.02063,1.17671,1.17671,1.17671,1.17671,1.19588,1.19588,-9999,-9999,-9999,-9999,-9999,-9999,-9999,-9999,-9999,-9999,8,7,3,2,473,122,0,0,0,0,0,0,0,0,0,13,11,6,3,568,141,0,0,0,0,0,0,0,0,0,0,800000000,800000000,800000000,800000001,810000100,800000011,800000011,800000011,80011,80011,80,81,0.00000,0.00000,0.00000,0.00000,0.200000,0.150000,2.85000,0.650000,8.84440,9.25552,10.9963,16.6127,22.9830,17.8036,5.91073,5.86710,27,258,91,8132,429,441,18030,18020,0.596731E-01,0.117659E-01,0.531690E-01,0.531690E-01,0.179105,0.531690E-01,0.920824E-02,0.878838E-02,2.74275,2.15689,1.10408,0.696434,2.15454,1.48743,5,2,6,5,136,3,29,12,168,1,1,1,1,6,1,2,1,6,0,0,0,0,0,0,2,0,-9999,-9999,-9999,-9999,-9999,-9999,-9999,-9999,-9999,-9999,-9999,-9999,-9999,-9999,-9999,-9999,-9999,-9999,-9999,-9999,-9999,-9999,-9999,-9999,-9999,-9999,-9999,-9999,-9999,9999,-51,-9999,0,0,1,183.432,2.21744,-9999,0,0,3,1,0,1,0,-9999,-9999,-9999,47.2102,8.41064,393.000,0.500000,0.400000,0.800000E-01,360,20,30,gill,r3_50_1,2.41000,uvw,axis,7.00000,11.0000,12.5000,0.200000E-01,licor,li7500_1,14.0000,31.0000,1.00000,-9999,-9999,-9999,0.950000,12.7000,0.100000,licor,li7500_1,14.0000,31.0000,1.00000,-9999,-9999,-9999,-9999,-9999,0.950000,12.7000,0.100000,other_irga,generic_closed_path_2,14.0000,31.0000,1.00000,700.000,4.00000,8.00000,4.15000,32.0000,0.130800,other_irga,generic_closed_path_2,14.0000,31.0000,1.00000,700.000,4.00000,8.00000,4.15000,32.0000,0.130800,13,16.0000,0.00000,248.092,50.5778,15.5026,96615.1,1.39276,22.0000,96.5002,0.500236,2.14748,303.722,5312.72,0
202005141300,202005141330,135.5415,135.5624,CH-CHA_202005141300.csv,1150.87,0,36000,36000,36000,36000,36000,36000,36000,36000,36000,36000,36000,36000,36000,36000,36000,36000,-0.974518E-01,23.4949,75.4300,0.110724,-12.9115,1.70871,0.798441,0.254666,0.109864E-01,3.76886,6.72717,0.987488E-02,1.32579,0.152390,1.06220,0.396227E-01,2.30463,0.176677,0.259346E-03,0.834652E-01,0.400225E-02,0.615846E-02,0.722716E-04,0.825461E-10,0.233123E-11,0.383475E-09,0.633813E-10,-2.20023,-0.599906,0.925463E-01,2.28243,0.355776E-13,0.506867E-14,2.28243,6.38188,354.054,22.5098,0.292687,0.803930,-90.8279,-0.221298E-01,0.311479,-0.697329E-01,22.3559,21.2620,96.5595,44.7016,0.254438E-01,1.13759,1151.15,1011.92,0.828794E-02,11.2608,25.1910,0.728555E-02,13.9302,8.72252,95.4334,1.12930,0.257440E-01,0.244974E+07,0.733902E-02,2,16.2856,419.272,414.366,2,459.930,11.8409,11.7024,0,0.756559E-01,1947.76,1924.97,0,0.125045E-01,321.929,318.162,0.250000,0.250000,0.00000,-0.980588,10.0000,0.150000,0.150000,0.00000,-0.980588,10.0000,2.65000,2.65000,3.90610,-1.00000,10.0000,0.550000,0.550000,3.90610,-1.00000,10.0000,2.25756,0.229998E-01,0.598742E-02,22.4400,16.2967,460.903,1.94646,0.321921,1.59494,-0.436518,-0.219449,22.1100,16.1617,447.030,1.94492,0.321683,2.96653,0.435861,0.218967,22.5800,16.4142,473.453,1.94904,0.322174,1.01682,0.667783,0.357782,0.291073,0.284707,20.9569,0.435230E-02,0.364855E-03,0.154981,-0.757992E-01,-0.803503E-01,-0.413415,-0.138215E-02,-0.283704,1.37800,0.385146E-01,2.92984,3.12456,3.81828,2.18954,9.28622,3.82927,4.39617,2.91839,-0.831838E-01,0.234160E-01,-0.124903E-01,1.40345,0.170970E-04,0.545313E-05,-0.948460,-0.669750E-04,-0.125920E-05,0.240147E-01,0.451931E-03,0.471341E-07,26.3705,-4.00182,9.05213,22.5411,34.3766,48.2136,57.6994,72.2328,0.291133,-78.2033,-0.257022E-01,-0.964201E-01,26.9553,61.9545,0.909436E-01,-12.4903,1.40345,0.664115,0.211822,-0.974518E-01,26.9553,73.1429,0.107367,-14.7460,1.65690,0.664115,0.211822,-0.974518E-01,22.9983,75.6397,0.111032,-12.9115,1.71346,0.664115,0.211822,21.2620,96.5595,-9999,-9999,0.254438E-01,0.254438E-01,-9999,-9999,-9999,-9999,-9999,-9999,-9999,-9999,-9999,-9999,-9999,-9999,-9999,1.01070,1.02159,1.18059,1.18059,1.18059,1.18059,1.20226,1.20226,-9999,-9999,-9999,-9999,-9999,-9999,-9999,-9999,-9999,-9999,11,9,1,5,724,242,0,0,0,0,0,0,0,0,0,17,14,1,6,836,279,0,0,0,0,0,0,0,0,0,0,800000000,800000000,800000000,800000011,810001100,800000011,800000011,800000011,80001,81011,80,81,0.00000,0.00000,0.00000,0.00000,0.200000,0.100000,2.60000,0.500000,6.79454,7.19272,8.35906,11.8808,20.6105,12.3079,6.01221,5.77087,20,167,21,9700,229,221,18028,18038,0.600810E-01,0.276540E-01,0.111644,0.111644,0.212381,0.111644,0.210532E-01,0.215002E-01,1.48318,1.85985,1.22813,0.949419,0.632287,0.836369,4,19,5,11,223,3,23,14,24,1,2,1,1,6,1,2,1,2,0,0,0,0,0,0,2,0,-9999,-9999,-9999,-9999,-9999,-9999,-9999,-9999,-9999,-9999,-9999,-9999,-9999,-9999,-9999,-9999,-9999,-9999,-9999,-9999,-9999,-9999,-9999,-9999,-9999,-9999,-9999,-9999,-9999,9999,-51,-9999,0,0,1,195.251,2.32383,-9999,0,0,3,1,0,1,0,-9999,-9999,-9999,47.2102,8.41064,393.000,0.500000,0.400000,0.800000E-01,360,20,30,gill,r3_50_1,2.41000,uvw,axis,7.00000,11.0000,12.5000,0.200000E-01,licor,li7500_1,14.0000,31.0000,1.00000,-9999,-9999,-9999,0.950000,12.7000,0.100000,licor,li7500_1,14.0000,31.0000,1.00000,-9999,-9999,-9999,-9999,-9999,0.950000,12.7000,0.100000,other_irga,generic_closed_path_2,14.0000,31.0000,1.00000,700.000,4.00000,8.00000,4.15000,32.0000,0.130800,other_irga,generic_closed_path_2,14.0000,31.0000,1.00000,700.000,4.00000,8.00000,4.15000,32.0000,0.130800,13,16.0000,0.00000,248.112,50.6997,14.4668,96604.1,1.38769,22.0000,96.5006,0.500583,2.14748,303.667,5315.25,0
202005141330,202005141400,135.5624,135.5832,CH-CHA_202005141300.csv,1114.53,0,36000,36000,36000,36000,36000,36000,36000,36000,36000,36000,36000,36000,36000,36000,36000,36000,-0.486813E-01,21.8932,62.3556,0.915632E-01,-12.3626,1.41301,1.04168,0.219591,0.765031E-02,2.51509,7.43742,0.109211E-01,1.42521,0.168536,1.68875,0.412319E-01,0.534198,0.356943,0.524136E-03,-0.453284E-01,0.808852E-02,0.222241,-0.110889E-01,0.564161E-10,0.161750E-11,0.263205E-09,0.433792E-10,-1.42699,0.194803,0.952969E-01,1.44338,-0.288229E-13,0.347563E-14,1.44338,5.95791,18.7934,29.9390,0.206994,0.678555,-34.4795,-0.582955E-01,0.351102,-0.919847E-01,22.7186,21.6090,96.5595,44.3330,0.254750E-01,1.13618,1149.84,1012.02,0.838620E-02,11.4077,25.7318,0.738104E-02,14.3241,8.91430,95.4187,1.12780,0.257795E-01,0.244892E+07,0.743592E-02,2,16.2319,418.468,413.507,2,465.383,11.9979,11.8556,0,0.757285E-01,1952.33,1929.18,0,0.124809E-01,321.766,317.952,0.300000,0.300000,0.00000,-0.980588,10.0000,0.100000,0.100000,0.00000,-0.980588,10.0000,1.70000,1.70000,3.90610,-1.00000,10.0000,0.400000,0.400000,3.90610,-1.00000,10.0000,1.32992,-0.614024E-01,0.118112E-01,22.7100,16.2448,464.811,1.95115,0.321764,0.935681,-0.573490,-0.173330,22.5700,16.1176,453.608,1.94990,0.321516,1.88453,0.428641,0.182801,22.8500,16.3553,476.626,1.95395,0.322013,0.729274,0.857166,0.300892,0.186034,0.213250,17.5882,0.353276E-02,0.367696E-03,0.729815,0.605867,-0.271416,0.197563,-0.476717E-01,0.541351E-01,1.25445,0.315388E-01,3.63413,3.75596,3.90923,2.45983,8.45330,3.75309,4.07567,2.94813,-0.422652E-01,0.215361E-01,-0.119281E-01,1.16462,0.225769E-04,0.475934E-05,-1.23469,-0.272777E-04,-0.387345E-05,0.519180E-02,0.470568E-03,0.184774E-06,22.9576,-3.48391,7.88061,19.6238,29.9276,41.9739,50.2320,62.8845,0.205840,-30.0899,-0.667999E-01,-0.481403E-01,24.7629,51.3941,0.754673E-01,-11.9281,1.16462,0.875769,0.184617,-0.486813E-01,24.7629,60.2923,0.885335E-01,-13.9933,1.36626,0.875769,0.184617,-0.486813E-01,21.4649,62.5316,0.918215E-01,-12.3626,1.41700,0.875769,0.184617,21.6090,96.5595,-9999,-9999,0.254750E-01,0.254750E-01,-9999,-9999,-9999,-9999,-9999,-9999,-9999,-9999,-9999,-9999,-9999,-9999,-9999,1.01124,1.01995,1.17314,1.17314,1.17314,1.17314,1.18944,1.18944,-9999,-9999,-9999,-9999,-9999,-9999,-9999,-9999,-9999,-9999,18,7,3,4,441,130,0,0,0,0,0,0,0,0,0,34,12,6,7,527,144,0,0,0,0,0,0,0,0,0,0,800000000,800000000,800000000,800000011,810001100,800000011,800000011,800000011,80000,80001,80,81,0.00000,0.00000,0.00000,0.00000,0.250000,0.500000E-01,1.65000,0.350000,7.63022,7.20920,9.41551,15.5529,24.8495,21.7188,5.88956,5.86873,47,286,47,10299,464,448,18062,18049,0.511494E-01,0.272199E-02,0.863300E-01,0.863300E-01,0.144040,0.863300E-01,0.817851E-02,0.133121E-01,1.98913,0.884911,1.04761,0.931529,1.66352,0.780682,2,5,2,7,13,5,18,3,2,1,1,1,1,1,1,2,1,1,0,0,0,0,0,0,0,0,-9999,-9999,-9999,-9999,-9999,-9999,-9999,-9999,-9999,-9999,-9999,-9999,-9999,-9999,-9999,-9999,-9999,-9999,-9999,-9999,-9999,-9999,-9999,-9999,-9999,-9999,-9999,-9999,-9999,9999,-50,-9999,0,0,1,172.226,3.78562,-9999,0,0,3,1,0,1,0,-9999,-9999,-9999,47.2102,8.41064,393.000,0.500000,0.400000,0.800000E-01,360,20,30,gill,r3_50_1,2.41000,uvw,axis,7.00000,11.0000,12.5000,0.200000E-01,licor,li7500_1,14.0000,31.0000,1.00000,-9999,-9999,-9999,0.950000,12.7000,0.100000,licor,li7500_1,14.0000,31.0000,1.00000,-9999,-9999,-9999,-9999,-9999,0.950000,12.7000,0.100000,other_irga,generic_closed_path_2,14.0000,31.0000,1.00000,700.000,4.00000,8.00000,4.15000,32.0000,0.130800,other_irga,generic_closed_path_2,14.0000,31.0000,1.00000,700.000,4.00000,8.00000,4.15000,32.0000,0.130800,13,16.0000,0.00000,248.061,50.3809,14.4566,96600.6,1.38921,22.0000,96.5008,0.500833,2.14748,303.645,5314.54,0
202005141400,202005141430,135.5832,135.6040,CH-CHA_202005141300.csv,1064.54,0,36000,36000,36000,36000,36000,36000,36000,36000,36000,36000,36000,36000,36000,36000,36000,36000,-0.320947E-01,12.4202,30.1900,0.443467E-01,-5.95173,0.684362,-0.461333,0.122040,0.500969E-02,1.55723,5.27957,0.775524E-02,0.939986,0.119680,0.269056,0.297805E-01,0.555074,-0.194502E-01,-0.285707E-04,0.935454E-01,-0.440906E-03,-0.174633,-0.212127E-02,0.258291E-10,0.736858E-12,0.119782E-09,0.197730E-10,-1.49003,0.347861,0.745024E-01,1.53191,0.466758E-13,0.158639E-14,1.53191,4.84956,20.5621,27.4232,0.168174,0.597540,-32.5949,-0.616661E-01,0.411399,-0.643075E-01,23.0802,21.9700,96.5595,43.3359,0.255061E-01,1.13480,1148.44,1012.02,0.837005E-02,11.3997,26.3054,0.737582E-02,14.9057,8.90389,95.4196,1.12643,0.258108E-01,0.244807E+07,0.743063E-02,2,16.2817,420.261,415.282,2,464.487,11.9893,11.8473,0,0.755062E-01,1948.96,1925.87,0,0.124641E-01,321.723,317.911,-0.500000,-0.500000,0.00000,-0.980588,10.0000,0.100000,0.100000,0.00000,-0.980588,10.0000,2.25000,2.25000,3.90610,-1.00000,10.0000,0.400000,0.400000,3.90610,-1.00000,10.0000,1.44622,-0.250642E-01,0.400735E-02,23.0600,16.2970,464.377,1.94903,0.321719,0.987694,-0.449320,-0.155765,22.9600,16.1848,453.853,1.94721,0.321483,2.01451,0.431486,0.159809,23.1800,16.3891,474.895,1.95070,0.321961,0.771389,0.724726,0.273517,0.146472,0.206890,16.5142,0.216551E-02,0.354163E-03,0.482866,0.949931E-01,-0.187799E-01,0.613865,-0.339508,0.136294,-0.554849E-01,0.362154E-01,3.12418,3.78783,4.20598,3.04649,16.8251,3.46328,2.16500,2.93096,-0.214077E-01,0.119951E-01,-0.582047E-02,0.561688,-0.100015E-04,0.264577E-05,-0.681295,0.632078E-04,-0.395730E-05,-0.923611E-03,0.236354E-03,-0.111301E-06,-9999,-9999,-9999,-9999,-9999,-9999,-9999,-9999,0.167250,-29.0149,-0.692748E-01,-0.317432E-01,13.7756,24.7784,0.363974E-01,-5.82047,0.561688,-0.387492,0.102506,-0.320947E-01,13.7756,29.0828,0.427202E-01,-6.83157,0.659262,-0.387492,0.102506,-0.320947E-01,12.1763,30.2730,0.444685E-01,-5.95173,0.686242,-0.387492,0.102506,21.9700,96.5595,-9999,-9999,0.255061E-01,0.255061E-01,-9999,-9999,-9999,-9999,-9999,-9999,-9999,-9999,-9999,-9999,-9999,-9999,-9999,1.01107,1.02003,1.17371,1.17371,1.17371,1.17371,1.19056,1.19056,-9999,-9999,-9999,-9999,-9999,-9999,-9999,-9999,-9999,-9999,6,4,4,9,484,195,0,0,0,0,0,0,0,0,0,14,5,4,17,606,231,0,0,0,0,0,0,0,0,0,0,800000000,800000000,800000001,800000011,810001100,800000011,800000011,800000011,80011,80011,80,81,0.00000,0.00000,0.00000,0.00000,0.500000,0.500000E-01,2.20000,0.350000,7.74559,8.63545,10.3257,13.5902,40.5612,18.2203,5.77742,5.93103,51,300,51,13073,228,217,18046,18052,0.655715E-01,0.562957E-02,0.535092E-01,0.535092E-01,0.136377,0.535092E-01,0.252423E-02,0.217851E-01,1.78342,1.83624,1.48350,1.28150,1.47983,1.38751,10,9,2,9,100,6,49,4,13,1,1,1,1,5,1,3,1,1,1,0,0,0,0,0,1,0,-9999,-9999,-9999,-9999,-9999,-9999,-9999,-9999,-9999,-9999,-9999,-9999,-9999,-9999,-9999,-9999,-9999,-9999,-9999,-9999,-9999,-9999,-9999,-9999,-9999,-9999,-9999,-9999,-9999,9999,-50,-9999,0,0,1,166.859,2.78760,-9999,0,0,3,1,0,1,0,-9999,-9999,-9999,47.2102,8.41064,393.000,0.500000,0.400000,0.800000E-01,360,20,30,gill,r3_50_1,2.41000,uvw,axis,7.00000,11.0000,12.5000,0.200000E-01,licor,li7500_1,14.0000,31.0000,1.00000,-9999,-9999,-9999,0.950000,12.7000,0.100000,licor,li7500_1,14.0000,31.0000,1.00000,-9999,-9999,-9999,-9999,-9999,0.950000,12.7000,0.100000,other_irga,generic_closed_path_2,14.0000,31.0000,1.00000,700.000,4.00000,8.00000,4.15000,32.0000,0.130800,other_irga,generic_closed_path_2,14.0000,31.0000,1.00000,700.000,4.00000,8.00000,4.15000,32.0000,0.130800,13,16.0000,0.00000,248.049,50.3061,14.5134,96599.7,1.38788,22.0000,96.5007,0.500750,2.14748,303.686,5315.59,0
202005141430,202005141500,135.6040,135.6249,CH-CHA_202005141300.csv,1001.74,0,36000,36000,36000,36000,36000,36000,36000,36000,36000,36000,36000,36000,36000,36000,36000,36000,-0.289432E-01,8.66250,26.0054,0.382054E-01,-5.06658,0.589589,-2.28210,0.134532,0.371134E-02,0.854338,4.37764,0.643132E-02,0.658913,0.992488E-01,1.33557,0.273964E-01,0.230658,-0.206619,-0.303550E-03,0.393812E-01,-0.468441E-02,-0.213599,0.358880E-02,0.324084E-10,0.915966E-12,0.149708E-09,0.247704E-10,-1.24537,0.340520,0.513106E-01,1.29210,-0.164934E-13,0.198786E-14,1.29210,3.31210,22.8301,25.4607,0.159741,0.350703,-40.0504,-0.501867E-01,0.333103,-0.472436E-01,23.2225,22.1201,96.5595,42.6200,0.255184E-01,1.13426,1147.84,1011.98,0.830325E-02,11.3144,26.5472,0.732043E-02,15.2328,8.79283,95.4281,1.12595,0.258209E-01,0.244771E+07,0.737442E-02,2,16.3031,420.979,416.029,2,460.780,11.8982,11.7583,0,0.753111E-01,1944.68,1921.82,0,0.124608E-01,321.763,317.980,-0.500000E-01,-0.500000E-01,0.00000,-0.980588,10.0000,0.100000,0.100000,0.00000,-0.980588,10.0000,0.350000,0.350000,3.90610,-1.00000,10.0000,0.800000,0.800000,3.90610,-1.00000,10.0000,1.24447,-0.807682E-02,0.160302E-01,23.2200,16.3146,460.696,1.94470,0.321762,0.928020,-0.385041,-0.141570,23.1600,16.2240,450.951,1.94181,0.321517,1.60793,0.385371,0.157880,23.2800,16.3898,470.157,1.94687,0.322004,0.512440,0.608072,0.262794,0.842351E-01,0.141463,14.3730,0.336583E-02,0.356478E-03,0.503280,-0.603444E-01,-0.403822,0.192651,-0.373427,0.149758,0.402865,0.293090E-01,3.20790,3.55361,4.56120,3.04056,9.99039,3.11114,2.75886,2.95369,-0.199494E-01,0.860108E-02,-0.488578E-02,0.486988,-0.496125E-04,0.292470E-05,-0.579837,0.846452E-06,-0.199114E-05,0.814686E-02,0.362670E-03,0.263967E-07,-9999,-9999,-9999,-9999,-9999,-9999,-9999,-9999,0.158822,-34.6668,-0.579806E-01,-0.286110E-01,9.87268,21.4799,0.315568E-01,-4.88578,0.486988,-1.92141,0.113269,-0.289432E-01,9.87268,25.1813,0.369946E-01,-5.72769,0.570904,-1.92141,0.113269,-0.289432E-01,8.49351,26.0789,0.383133E-01,-5.06658,0.591254,-1.92141,0.113269,22.1201,96.5595,-9999,-9999,0.255184E-01,0.255184E-01,-9999,-9999,-9999,-9999,-9999,-9999,-9999,-9999,-9999,-9999,-9999,-9999,-9999,1.01161,1.01990,1.17232,1.17232,1.17232,1.17232,1.18773,1.18773,-9999,-9999,-9999,-9999,-9999,-9999,-9999,-9999,-9999,-9999,1,2,4,17,339,44,0,0,0,0,0,0,0,0,0,1,5,6,32,396,54,0,0,0,0,0,0,0,0,0,0,800000000,800000000,800000000,800000011,800001100,800000011,800000111,800000011,80001,80001,80,80,0.00000,0.00000,0.00000,0.00000,0.500000E-01,0.500000E-01,0.300000,0.750000,6.46297,7.02599,8.14387,11.6959,13.2672,9.98722,5.93728,5.84566,55,337,54,15040,451,441,18085,18052,0.198769E-01,0.298732E-02,0.111833E-01,0.111833E-01,0.108631,0.111833E-01,0.135126E-01,0.672925E-02,0.816248,1.95735,1.05921,0.840578,1.61679,1.27096,0,3,3,5,34,0,4,5,20,1,1,1,1,3,1,1,1,2,0,0,0,0,0,0,1,0,-9999,-9999,-9999,-9999,-9999,-9999,-9999,-9999,-9999,-9999,-9999,-9999,-9999,-9999,-9999,-9999,-9999,-9999,-9999,-9999,-9999,-9999,-9999,-9999,-9999,-9999,-9999,-9999,-9999,9999,-50,-9999,0,0,1,164.707,2.27586,-9999,0,0,3,1,0,1,0,-9999,-9999,-9999,47.2102,8.41064,393.000,0.500000,0.400000,0.800000E-01,360,20,30,gill,r3_50_1,2.41000,uvw,axis,7.00000,11.0000,12.5000,0.200000E-01,licor,li7500_1,14.0000,31.0000,1.00000,-9999,-9999,-9999,0.950000,12.7000,0.100000,licor,li7500_1,14.0000,31.0000,1.00000,-9999,-9999,-9999,-9999,-9999,0.950000,12.7000,0.100000,other_irga,generic_closed_path_2,14.0000,31.0000,1.00000,700.000,4.00000,8.00000,4.15000,32.0000,0.130800,other_irga,generic_closed_path_2,14.0000,31.0000,1.00000,700.000,4.00000,8.00000,4.15000,32.0000,0.130800,13,16.0000,0.00000,248.035,50.2214,14.3670,96599.5,1.38648,22.0000,96.5008,0.500806,2.14748,303.707,5318.11,0
202005141500,202005141530,135.6249,135.6457,CH-CHA_202005141300.csv,927.212,0,36000,36000,36000,36000,36000,36000,36000,36000,36000,36000,36000,36000,36000,36000,36000,36000,-0.778998E-01,7.57078,43.3066,0.636357E-01,-8.53237,0.982033,-1.14115,0.171175,0.122790E-01,1.26989,6.94374,0.102033E-01,1.34127,0.157458,0.830918,0.382741E-01,0.317367,-0.211650,-0.311004E-03,-0.324977E-01,-0.479944E-02,-0.248797,0.344571E-02,0.321906E-10,0.904098E-12,0.148557E-09,0.246455E-10,-1.76099,-0.183896,0.110877,1.77403,-0.960872E-14,0.197876E-14,1.77403,5.88990,1.66987,24.9347,0.262154,0.677600,-202.546,-0.992367E-02,0.174818,-0.251773E-01,23.4213,22.3267,96.5595,41.7621,0.255355E-01,1.13350,1147.03,1011.93,0.823335E-02,11.2270,26.8834,0.726364E-02,15.6563,8.67820,95.4368,1.12527,0.258359E-01,0.244722E+07,0.731679E-02,2,16.2680,420.316,415.412,2,456.901,11.8049,11.6672,0,0.750755E-01,1939.72,1917.09,0,0.124550E-01,321.799,318.045,-0.700000,-0.700000,0.00000,-0.980588,10.0000,0.100000,0.100000,0.00000,-0.980588,10.0000,9.75000,9.75000,3.90610,-1.00000,10.0000,0.200000,0.200000,3.90610,-1.00000,10.0000,1.65689,0.220548E-01,0.220844E-01,23.4300,16.2838,456.105,1.93972,0.321801,1.15558,-0.432443,-0.185340,23.3700,16.1777,445.278,1.93843,0.321550,2.32256,0.477046,0.209177,23.4800,16.3760,467.665,1.94088,0.322046,0.850803,0.718664,0.338904,0.959432E-01,0.196904,16.7015,0.191797E-02,0.362483E-03,0.646129,-0.240132,-0.454975,-0.372076,-0.567156,0.246749,0.252280,-0.335011E-02,3.43518,3.44394,4.63361,3.21446,10.9537,3.52262,3.31824,2.90118,-0.675440E-01,0.846425E-02,-0.791282E-02,0.816955,-0.246929E-04,0.370401E-05,-0.476883,-0.142225E-04,-0.162084E-05,0.225126E-03,0.315542E-03,0.260117E-07,25.2159,-3.82661,8.65580,21.5542,32.8715,46.1027,55.1732,69.0703,0.260752,-155.997,-0.128848E-01,-0.770683E-01,9.70873,36.0268,0.529387E-01,-7.91282,0.816955,-0.955761,0.143367,-0.778998E-01,9.70873,42.3530,0.622345E-01,-9.30228,0.960409,-0.955761,0.143367,-0.778998E-01,7.41954,43.4352,0.638247E-01,-8.53237,0.984949,-0.955761,0.143367,22.3267,96.5595,-9999,-9999,0.255355E-01,0.255355E-01,-9999,-9999,-9999,-9999,-9999,-9999,-9999,-9999,-9999,-9999,-9999,-9999,-9999,1.01079,1.02038,1.17560,1.17560,1.17560,1.17560,1.19396,1.19396,-9999,-9999,-9999,-9999,-9999,-9999,-9999,-9999,-9999,-9999,1,12,9,6,513,142,0,0,0,0,0,0,0,0,0,3,22,14,14,602,176,0,0,0,0,0,0,0,0,0,0,800000000,800000000,800000000,801000011,810001100,800000011,800000011,800000011,80011,80011,80,80,0.00000,0.00000,0.00000,0.00000,0.700000,0.500000E-01,9.70000,0.150000,7.49421,8.49718,8.77577,10.8450,19.7492,12.9848,5.94674,5.64673,24,204,24,14880,241,230,17990,18078,0.288837E-01,0.281629E-02,0.532637E-01,0.532637E-01,0.131752,0.532637E-01,0.158972E-01,0.125307E-01,1.31722,2.44001,0.548483,0.816632,0.859675,0.608733,3,4,3,1,70,1,13,11,24,1,1,1,1,4,1,1,1,2,0,0,0,0,0,0,1,0,-9999,-9999,-9999,-9999,-9999,-9999,-9999,-9999,-9999,-9999,-9999,-9999,-9999,-9999,-9999,-9999,-9999,-9999,-9999,-9999,-9999,-9999,-9999,-9999,-9999,-9999,-9999,-9999,-9999,9999,-51,-9999,0,0,1,185.962,3.58333,-9999,0,0,3,1,0,1,0,-9999,-9999,-9999,47.2102,8.41064,393.000,0.500000,0.400000,0.800000E-01,360,20,30,gill,r3_50_1,2.41000,uvw,axis,7.00000,11.0000,12.5000,0.200000E-01,licor,li7500_1,14.0000,31.0000,1.00000,-9999,-9999,-9999,0.950000,12.7000,0.100000,licor,li7500_1,14.0000,31.0000,1.00000,-9999,-9999,-9999,-9999,-9999,0.950000,12.7000,0.100000,other_irga,generic_closed_path_2,14.0000,31.0000,1.00000,700.000,4.00000,8.00000,4.15000,32.0000,0.130800,other_irga,generic_closed_path_2,14.0000,31.0000,1.00000,700.000,4.00000,8.00000,4.15000,32.0000,0.130800,13,16.0000,0.00000,248.107,50.6688,14.0696,96599.4,1.38534,22.0000,96.5016,0.501583,2.14748,303.699,5319.40,0
202005141530,202005141600,135.6457,135.6665,CH-CHA_202005141300.csv,842.228,0,36000,36000,36000,36000,36000,36000,36000,36000,36000,36000,36000,36000,36000,36000,36000,36000,-0.235339E-01,1.13501,25.9550,0.381392E-01,-2.32579,0.588568,-0.221692,0.186497,0.420613E-02,0.401147,4.83868,0.711014E-02,0.679495,0.109724,0.209376,0.299864E-01,0.140700E-01,-0.342494E-01,-0.503273E-04,0.213338E-01,-0.776656E-03,-0.123486,-0.133968E-02,0.332473E-10,0.931689E-12,0.153096E-09,0.254278E-10,-1.21082,0.225632,0.750003E-01,1.23395,-0.158028E-13,0.204178E-14,1.23395,4.11030,18.6688,29.0007,0.144092,0.379087,-224.346,-0.895939E-02,0.437298E-01,-0.686748E-02,23.4291,22.3359,96.5595,41.6862,0.255362E-01,1.13347,1146.99,1011.92,0.822272E-02,11.2129,26.8984,0.725445E-02,15.6855,8.65957,95.4382,1.12525,0.258362E-01,0.244720E+07,0.730746E-02,2,16.2835,420.719,415.817,2,456.311,11.7898,11.6524,0,0.749817E-01,1937.32,1914.74,0,0.124537E-01,321.769,318.020,-0.550000,-0.550000,0.00000,-0.980588,10.0000,0.250000,0.250000,0.00000,-0.980588,10.0000,-0.500000E-01,-0.500000E-01,3.90610,-1.00000,10.0000,0.150000,0.150000,3.90610,-1.00000,10.0000,1.17265,-0.158551E-01,0.141800E-01,23.4300,16.2982,456.641,1.93734,0.321771,0.855595,-0.410463,-0.137230,23.4000,16.2179,448.280,1.93640,0.321524,1.54395,0.345109,0.155199,23.4600,16.3598,464.713,1.93826,0.322015,0.582042,0.597255,0.250376,0.446473E-01,0.126106,12.7970,0.135185E-02,0.357683E-03,0.687031,0.275292,-0.331448,-0.492758,-0.517168,-0.787838E-01,-0.843510E-01,-0.143475E-01,4.17264,3.12603,4.51754,3.46710,5.35339,3.08598,2.89788,2.92197,-0.184815E-01,0.216863E-02,-0.223895E-02,0.495027,-0.482476E-05,0.405881E-05,-0.215421,-0.439911E-05,-0.997219E-06,0.640759E-03,0.146099E-03,0.388662E-07,-9999,-9999,-9999,-9999,-9999,-9999,-9999,-9999,0.143250,-100.957,-0.199095E-01,-0.232596E-01,2.48740,21.8299,0.320777E-01,-2.23895,0.495027,-0.186744,0.157098,-0.235339E-01,2.48740,25.5862,0.375973E-01,-2.62420,0.580205,-0.186744,0.157098,-0.235339E-01,1.11285,26.0362,0.382586E-01,-2.32579,0.590410,-0.186744,0.157098,22.3359,96.5595,-9999,-9999,0.255362E-01,0.255362E-01,-9999,-9999,-9999,-9999,-9999,-9999,-9999,-9999,-9999,-9999,-9999,-9999,-9999,1.01179,1.01991,1.17207,1.17207,1.17207,1.17207,1.18714,1.18714,-9999,-9999,-9999,-9999,-9999,-9999,-9999,-9999,-9999,-9999,11,11,1,6,439,59,0,0,0,0,0,0,0,0,0,18,16,2,7,511,66,0,0,0,0,0,0,0,0,0,0,800000000,800000000,800000000,801000011,810000100,800000011,800000011,800000011,80000,81001,80,80,0.00000,0.00000,0.00000,0.00000,0.550000,0.200000,0.500000E-01,0.100000,8.92696,7.45740,9.41835,6.18463,14.4146,8.98052,5.88518,5.81323,63,377,63,20587,429,422,18087,18068,0.416640E-01,0.114650E-02,0.433711E-01,0.433711E-01,0.101766,0.433711E-01,0.113776E-01,0.308385E-01,1.37556,2.40890,1.63582,1.16781,1.03635,1.51886,0,6,14,6,39,14,29,9,23,1,1,1,1,3,1,2,1,2,0,0,0,0,0,0,1,0,-9999,-9999,-9999,-9999,-9999,-9999,-9999,-9999,-9999,-9999,-9999,-9999,-9999,-9999,-9999,-9999,-9999,-9999,-9999,-9999,-9999,-9999,-9999,-9999,-9999,-9999,-9999,-9999,-9999,9999,-50,-9999,0,0,1,169.444,3.48463,-9999,0,0,3,1,0,1,0,-9999,-9999,-9999,47.2102,8.41064,393.000,0.500000,0.400000,0.800000E-01,360,20,30,gill,r3_50_1,2.41000,uvw,axis,7.00000,11.0000,12.5000,0.200000E-01,licor,li7500_1,14.0000,31.0000,1.00000,-9999,-9999,-9999,0.950000,12.7000,0.100000,licor,li7500_1,14.0000,31.0000,1.00000,-9999,-9999,-9999,-9999,-9999,0.950000,12.7000,0.100000,other_irga,generic_closed_path_2,14.0000,31.0000,1.00000,700.000,4.00000,8.00000,4.15000,32.0000,0.130800,other_irga,generic_closed_path_2,14.0000,31.0000,1.00000,700.000,4.00000,8.00000,4.15000,32.0000,0.130800,13,16.0000,0.00000,248.078,50.4863,13.7730,96600.3,1.38302,22.0000,96.5012,0.501250,2.14748,303.682,5322.05,0
202005141600,202005141630,135.6665,135.6873,CH-CHA_202005141300.csv,748.244,0,36000,36000,36000,36000,36000,36000,36000,36000,36000,36000,36000,36000,36000,36000,36000,36000,-0.450428E-01,-1.01053,25.1637,0.369785E-01,-3.27051,0.570656,2.50459,0.309853,0.750504E-02,0.538662,4.66551,0.685606E-02,0.789743,0.105803,0.986307,0.360475E-01,0.876978E-01,-0.149276,-0.219363E-03,0.616433E-01,-0.338524E-02,0.124021,0.154400E-02,-0.113313E-09,-0.314897E-11,-0.520956E-09,-0.864271E-10,-1.47717,-0.169473E-01,0.569993E-01,1.47837,-0.597152E-14,-0.694043E-14,1.47837,4.61837,7.42567,27.5570,0.199363,0.508798,667.376,0.301180E-02,-0.401583E-01,0.442012E-02,23.4804,22.3930,96.5595,41.3131,0.255406E-01,1.13328,1146.76,1011.89,0.817593E-02,11.1513,26.9920,0.721439E-02,15.8408,8.57813,95.4444,1.12511,0.258390E-01,0.244706E+07,0.726681E-02,2,16.3265,421.877,416.988,2,453.714,11.7240,11.5881,0,0.750610E-01,1939.58,1917.10,0,0.124527E-01,321.778,318.049,0.150000,0.150000,0.00000,-0.980588,10.0000,0.100000,0.100000,0.00000,-0.980588,10.0000,1.10000,1.10000,3.90610,-1.00000,10.0000,1.15000,1.15000,3.90610,-1.00000,10.0000,1.41382,0.724724E-02,0.205273E-01,23.4800,16.3451,453.059,1.93956,0.321777,0.990244,-0.400545,-0.153748,23.4500,16.2593,443.520,1.93772,0.321531,1.90784,0.415088,0.177599,23.5100,16.4109,462.958,1.94144,0.322020,0.715182,0.648271,0.293010,0.411824E-01,0.162366,14.2592,0.266181E-02,0.360537E-03,0.560521,-0.676579E-03,-0.545703,0.308369,-0.723288,0.277419,0.607619E-01,0.320318E-01,3.75631,3.71922,4.72467,3.16104,21.1905,3.21282,2.72670,2.99107,-0.377799E-01,0.296302E-03,-0.294791E-02,0.481881,0.543890E-04,0.672868E-05,-0.423705,0.305250E-04,-0.990743E-06,-0.465857E-02,0.223634E-03,0.686259E-07,-9999,-9999,-9999,-9999,-9999,-9999,-9999,-9999,0.198259,-1959.18,-0.102594E-02,-0.445453E-01,0.339786,21.2491,0.312259E-01,-2.94791,0.481881,2.10492,0.260408,-0.450428E-01,0.339786,24.9328,0.366391E-01,-3.45896,0.565419,2.10492,0.260408,-0.450428E-01,-0.990738,25.2443,0.370970E-01,-3.27051,0.572485,2.10492,0.260408,22.3930,96.5595,-9999,-9999,0.255406E-01,0.255406E-01,-9999,-9999,-9999,-9999,-9999,-9999,-9999,-9999,-9999,-9999,-9999,-9999,-9999,1.01117,1.01998,1.17336,1.17336,1.17336,1.17336,1.18988,1.18988,-9999,-9999,-9999,-9999,-9999,-9999,-9999,-9999,-9999,-9999,7,25,3,11,479,176,0,0,0,0,0,0,0,0,0,10,47,7,13,597,211,0,0,0,0,0,0,0,0,0,0,800000000,800000000,800000001,801001111,810001100,800000011,800000011,800000011,80001,81001,80,81,0.00000,0.00000,0.00000,0.00000,0.100000,0.500000E-01,1.05000,1.10000,10.2912,9.89863,11.4471,6.02281,77.3555,13.7732,5.80278,5.93817,45,277,45,20348,243,230,18071,18060,0.348424E-01,0.146897E-01,0.380758E-01,0.380758E-01,0.161419,0.380758E-01,0.741511E-02,0.619508E-02,1.30961,2.26424,0.539190,1.70073,1.98185,1.35363,2,18,11,1,1,0,20,3,2,1,2,1,1,1,1,2,1,1,0,0,0,0,0,0,0,0,-9999,-9999,-9999,-9999,-9999,-9999,-9999,-9999,-9999,-9999,-9999,-9999,-9999,-9999,-9999,-9999,-9999,-9999,-9999,-9999,-9999,-9999,-9999,-9999,-9999,-9999,-9999,-9999,-9999,9999,-51,-9999,0,0,1,180.657,2.20962,-9999,0,0,3,1,0,1,0,-9999,-9999,-9999,47.2102,8.41064,393.000,0.500000,0.400000,0.800000E-01,360,20,30,gill,r3_50_1,2.41000,uvw,axis,7.00000,11.0000,12.5000,0.200000E-01,licor,li7500_1,14.0000,31.0000,1.00000,-9999,-9999,-9999,0.950000,12.7000,0.100000,licor,li7500_1,14.0000,31.0000,1.00000,-9999,-9999,-9999,-9999,-9999,0.950000,12.7000,0.100000,other_irga,generic_closed_path_2,14.0000,31.0000,1.00000,700.000,4.00000,8.00000,4.15000,32.0000,0.130800,other_irga,generic_closed_path_2,14.0000,31.0000,1.00000,700.000,4.00000,8.00000,4.15000,32.0000,0.130800,13,16.0000,0.00000,248.100,50.6262,13.6204,96599.4,1.38145,22.0000,96.5013,0.501278,2.14748,303.686,5321.98,0
202005141630,202005141700,135.6873,135.7082,CH-CHA_202005141300.csv,646.866,0,36000,36000,36000,36000,36000,36000,36000,36000,36000,36000,36000,36000,36000,36000,36000,36000,-0.437992E-01,-6.18690,11.0570,0.162517E-01,2.01690,0.250797,0.743158,0.184801,0.611354E-02,1.07670,3.96048,0.582116E-02,0.619921,0.898328E-01,0.606826,0.332163E-01,0.316226,-0.171951,-0.252735E-03,0.310950E-01,-0.390023E-02,0.183231E-01,0.613994E-02,0.104063E-09,0.286934E-11,0.477837E-09,0.792883E-10,-1.51527,0.187347,0.779560E-01,1.52879,-0.549844E-13,0.636912E-14,1.52879,5.58696,11.7865,28.0334,0.196657,0.636732,104.626,0.192113E-01,-0.559548,0.274535E-01,23.6803,22.5991,96.5595,40.5390,0.255578E-01,1.13252,1145.95,1011.86,0.811815E-02,11.0802,27.3321,0.716820E-02,16.2520,8.48373,95.4515,1.12440,0.258545E-01,0.244657E+07,0.721995E-02,2,16.3386,422.443,417.579,2,450.508,11.6481,11.5140,0,0.750240E-01,1939.78,1917.45,0,0.124489E-01,321.872,318.166,4.25000,4.25000,0.00000,-0.980588,10.0000,1.00000,1.00000,0.00000,-0.980588,10.0000,6.55000,6.55000,3.90610,-1.00000,10.0000,0.500000E-01,0.500000E-01,3.90610,-1.00000,10.0000,1.37906,0.714541E-01,0.233342E-01,23.6900,16.3542,449.269,1.93977,0.321870,0.961560,-0.405956,-0.165197,23.6000,16.2660,439.619,1.93847,0.321628,1.98189,0.491450,0.179922,23.7600,16.4248,460.074,1.94104,0.322110,0.811850,0.721507,0.306255,0.117386,0.194683,15.3326,0.186872E-02,0.359789E-03,0.789996,-0.586713,-0.645508,0.139455E-01,-0.202845,0.509419,0.105995,0.361118E-01,3.80735,3.67052,6.05851,2.77516,29.2287,3.79788,3.03263,2.99705,-0.354046E-01,-0.479560E-02,0.181962E-02,0.210821,0.155194E-04,0.385921E-05,-0.108733,-0.110600E-05,-0.423463E-06,-0.707547E-02,0.240887E-05,0.293772E-07,-9999,-9999,-9999,-9999,-9999,-9999,-9999,-9999,0.195649,116.410,0.172665E-01,-0.433512E-01,-5.49551,9.29452,0.136612E-01,1.81962,0.210821,0.600259,0.149267,-0.437992E-01,-5.49551,11.2927,0.165981E-01,2.21080,0.256144,0.600259,0.149267,-0.437992E-01,-6.05734,11.0980,0.163119E-01,2.01690,0.251727,0.600259,0.149267,22.5991,96.5595,-9999,-9999,0.255578E-01,0.255578E-01,-9999,-9999,-9999,-9999,-9999,-9999,-9999,-9999,-9999,-9999,-9999,-9999,-9999,1.01034,1.02139,1.21498,1.21498,1.21498,1.21498,1.23806,1.23806,-9999,-9999,-9999,-9999,-9999,-9999,-9999,-9999,-9999,-9999,4,5,6,20,499,203,0,0,0,0,0,0,0,0,0,7,10,9,33,634,251,0,0,0,0,0,0,0,0,0,0,800000000,800000000,800000101,801000011,810001100,800000011,800000011,800000011,80010,81011,80,80,0.00000,0.00000,0.00000,0.00000,4.20000,0.950000,6.50000,0.00000,10.9788,11.3471,11.3258,14.7293,74.2727,21.6767,5.83672,5.89933,67,345,67,17317,432,431,18139,18185,0.682146E-01,0.601468E-01,0.695072E-01,0.695072E-01,0.147069,0.695072E-01,0.203636E-01,0.539005E-02,0.599792,1.75099,1.32963,0.787313,1.52223,0.679779,3,13,7,12,37,2,37,2,18,1,1,1,1,3,1,3,1,2,1,0,0,0,0,0,1,0,-9999,-9999,-9999,-9999,-9999,-9999,-9999,-9999,-9999,-9999,-9999,-9999,-9999,-9999,-9999,-9999,-9999,-9999,-9999,-9999,-9999,-9999,-9999,-9999,-9999,-9999,-9999,-9999,-9999,9999,-50,-9999,0,0,1,172.952,2.92289,-9999,0,0,3,1,0,1,0,-9999,-9999,-9999,47.2102,8.41064,393.000,0.500000,0.400000,0.800000E-01,360,20,30,gill,r3_50_1,2.41000,uvw,axis,7.00000,11.0000,12.5000,0.200000E-01,licor,li7500_1,14.0000,31.0000,1.00000,-9999,-9999,-9999,0.950000,12.7000,0.100000,licor,li7500_1,14.0000,31.0000,1.00000,-9999,-9999,-9999,-9999,-9999,0.950000,12.7000,0.100000,other_irga,generic_closed_path_2,14.0000,31.0000,1.00000,700.000,4.00000,8.00000,4.15000,32.0000,0.130800,other_irga,generic_closed_path_2,14.0000,31.0000,1.00000,700.000,4.00000,8.00000,4.15000,32.0000,0.130800,13,16.0000,0.00000,248.076,50.4752,13.2663,96599.9,1.37852,22.0000,96.5045,0.504472,2.14748,303.695,5324.64,0
202005141700,202005141730,135.7082,135.7290,CH-CHA_202005141300.csv,539.831,0,36000,36000,36000,36000,36000,36000,36000,36000,36000,36000,36000,36000,36000,36000,36000,36000,-0.384383E-01,-7.25471,-12.3301,-0.181281E-01,3.37793,-0.279755,-1.43549,0.113501,0.528157E-02,1.45467,5.01623,0.737502E-02,0.819299,0.113812,1.23714,0.281696E-01,0.451876,-0.437588E-01,-0.643356E-04,0.509724E-01,-0.992833E-03,0.132238,0.409833E-02,-0.839099E-10,-0.230451E-11,-0.384911E-09,-0.638009E-10,-1.29796,0.196271,0.788882E-01,1.31508,-0.312189E-13,-0.512885E-14,1.31508,5.13453,15.8142,28.2683,0.184320,0.445252,73.4659,0.273596E-01,0.588374,0.343805E-01,23.9744,22.8939,96.5595,39.7558,0.255831E-01,1.13140,1144.81,1011.85,0.809680E-02,11.0621,27.8250,0.715643E-02,16.7630,8.45960,95.4533,1.12331,0.258796E-01,0.244588E+07,0.720801E-02,2,16.3604,423.416,418.549,2,449.323,11.6288,11.4951,0,0.750481E-01,1942.29,1919.96,0,0.124396E-01,321.944,318.244,0.850000,0.850000,0.00000,-0.980588,10.0000,7.95000,7.95000,0.00000,-0.980588,10.0000,-0.450000,-0.450000,3.90610,-1.00000,10.0000,3.60000,3.60000,3.90610,-1.00000,10.0000,1.25934,-0.215530E-01,0.178716E-01,24.0000,16.3789,448.702,1.94220,0.321937,0.885743,-0.453007,-0.139532,23.9100,16.2949,439.666,1.93993,0.321702,1.66483,0.421483,0.162501,24.0600,16.4433,457.970,1.94446,0.322187,0.595942,0.677105,0.277283,0.118004,0.157654,13.7962,0.285143E-02,0.356923E-03,0.607497,0.225630,-0.466891,-0.678709,-0.907845,0.384332,0.188461,0.592761E-01,3.83915,3.29705,4.74588,3.12073,23.2673,3.55742,2.16563,2.95843,-0.293230E-01,-0.675124E-02,0.314164E-02,-0.218113,-0.298136E-04,0.235730E-05,-0.925428E-01,0.197703E-04,0.618819E-06,-0.724078E-02,-0.719453E-04,0.234502E-07,-9999,-9999,-9999,-9999,-9999,-9999,-9999,-9999,0.183329,68.0994,0.295157E-01,-0.380259E-01,-7.72891,-9.61325,-0.141337E-01,3.14164,-0.218113,-1.15201,0.910872E-01,-0.384383E-01,-7.72891,-11.7649,-0.172972E-01,3.84482,-0.266932,-1.15201,0.910872E-01,-0.384383E-01,-7.09805,-12.3581,-0.181693E-01,3.37793,-0.280391,-1.15201,0.910872E-01,22.8939,96.5595,-9999,-9999,0.255831E-01,0.255831E-01,-9999,-9999,-9999,-9999,-9999,-9999,-9999,-9999,-9999,-9999,-9999,-9999,-9999,1.01085,1.02207,1.22383,1.22383,1.22383,1.22383,1.24607,1.24607,-9999,-9999,-9999,-9999,-9999,-9999,-9999,-9999,-9999,-9999,14,6,2,6,419,124,0,0,0,0,0,0,0,0,0,23,7,2,7,521,151,0,0,0,0,0,0,0,0,0,0,800000000,800000000,800000000,800000011,810001100,800000011,800000011,800000011,80001,80001,80,80,0.00000,0.00000,0.00000,0.00000,0.800000,7.90000,0.450000,3.55000,7.87241,13.6406,9.80877,11.2904,57.7480,12.9787,5.94155,5.87410,46,342,46,16856,229,225,18226,18161,0.356551E-01,0.625391E-02,0.465466E-01,0.465466E-01,0.148359,0.465466E-01,0.359258E-02,0.928034E-02,0.800751,0.801700,1.18672,0.941279,1.57842,1.85192,0,6,1,4,52,1,7,1,0,1,1,1,1,4,1,1,1,1,0,0,0,0,0,0,1,0,-9999,-9999,-9999,-9999,-9999,-9999,-9999,-9999,-9999,-9999,-9999,-9999,-9999,-9999,-9999,-9999,-9999,-9999,-9999,-9999,-9999,-9999,-9999,-9999,-9999,-9999,-9999,-9999,-9999,9999,-50,-9999,0,0,1,171.401,3.43908,-9999,0,0,3,1,0,1,0,-9999,-9999,-9999,47.2102,8.41064,393.000,0.500000,0.400000,0.800000E-01,360,20,30,gill,r3_50_1,2.41000,uvw,axis,7.00000,11.0000,12.5000,0.200000E-01,licor,li7500_1,14.0000,31.0000,1.00000,-9999,-9999,-9999,0.950000,12.7000,0.100000,licor,li7500_1,14.0000,31.0000,1.00000,-9999,-9999,-9999,-9999,-9999,0.950000,12.7000,0.100000,other_irga,generic_closed_path_2,14.0000,31.0000,1.00000,700.000,4.00000,8.00000,4.15000,32.0000,0.130800,other_irga,generic_closed_path_2,14.0000,31.0000,1.00000,700.000,4.00000,8.00000,4.15000,32.0000,0.130800,13,16.0000,0.00000,248.080,50.4976,13.0818,96599.9,1.37789,22.0000,96.5050,0.505028,2.14748,303.688,5325.79,0
202005141730,202005141800,135.7290,135.7498,CH-CHA_202005141300.csv,428.968,0,36000,36000,36000,36000,36000,36000,36000,36000,36000,36000,36000,36000,36000,36000,36000,36000,-0.692748E-01,-13.2638,10.3790,0.152635E-01,6.52423,0.235548,1.23818,0.292445,0.729823E-02,1.12716,7.28763,0.107173E-01,1.04185,0.165391,1.17380,0.399264E-01,0.414255,0.423556,0.622889E-03,0.333093E-01,0.961249E-02,-0.516320E-01,-0.136795E-02,0.493905E-10,0.137599E-11,0.226105E-09,0.374941E-10,-1.71200,0.500865,0.805888E-01,1.78558,0.411721E-13,0.301727E-14,1.78558,6.51712,21.5476,31.6797,0.247567,1.04744,97.3670,0.206435E-01,-1.27795,0.468404E-01,24.2632,23.1644,96.5595,39.7315,0.256080E-01,1.13029,1143.81,1011.96,0.821778E-02,11.2376,28.2839,0.727049E-02,17.0463,8.69206,95.4358,1.12208,0.259095E-01,0.244523E+07,0.732374E-02,2,16.3693,424.137,419.184,2,456.037,11.8162,11.6782,0,0.749369E-01,1941.66,1918.98,0,0.124265E-01,321.978,318.218,0.100000,0.100000,0.00000,-0.980588,10.0000,0.350000,0.350000,0.00000,-0.980588,10.0000,0.500000E-01,0.500000E-01,3.90610,-1.00000,10.0000,0.750000,0.750000,3.90610,-1.00000,10.0000,1.64002,0.645795E-01,0.208523E-01,24.2600,16.3839,456.341,1.94090,0.321980,1.07907,-0.583017,-0.190415,24.2000,16.2875,444.110,1.93950,0.321733,2.31948,0.654325,0.204820,24.3300,16.4675,468.215,1.94378,0.322221,0.967683,1.01443,0.359727,0.102398,0.211646,17.1364,0.280026E-02,0.356641E-03,0.813189,-0.487397,-0.401885,-0.706293E-01,-0.384599,-0.335741E-02,0.593315,0.389777E-02,3.84918,4.41557,4.87128,3.11315,18.6651,3.24209,2.39993,2.94410,-0.361208E-01,-0.108874E-01,0.579030E-02,0.205388,0.257451E-04,0.608074E-05,-0.225120,0.187238E-05,0.235581E-05,-0.181063E-01,0.877844E-04,0.102589E-07,22.9649,-3.48501,7.88311,19.6301,29.9371,41.9872,50.2479,62.9045,0.246276,102.470,0.196156E-01,-0.685542E-01,-12.4532,9.05002,0.133091E-01,5.79030,0.205388,0.993656,0.234692,-0.692748E-01,-12.4532,11.0446,0.162424E-01,7.06644,0.250654,0.993656,0.234692,-0.692748E-01,-12.9751,10.4276,0.153350E-01,6.52423,0.236652,0.993656,0.234692,23.1644,96.5595,-9999,-9999,0.256080E-01,0.256080E-01,-9999,-9999,-9999,-9999,-9999,-9999,-9999,-9999,-9999,-9999,-9999,-9999,-9999,1.01051,1.02225,1.22039,1.22039,1.22039,1.22039,1.24608,1.24608,-9999,-9999,-9999,-9999,-9999,-9999,-9999,-9999,-9999,-9999,10,0,4,7,488,178,0,0,0,0,0,0,0,0,0,21,0,7,13,606,221,0,0,0,0,0,0,0,0,0,0,800000000,800000000,800000000,800000011,810001100,800000011,800000011,800000011,80011,80111,80,81,0.00000,0.00000,0.00000,0.00000,0.500000E-01,0.300000,0.00000,0.700000,11.7277,10.9214,11.3362,11.7285,43.5558,20.1236,6.06849,5.90115,36,209,31,13078,438,439,18217,18173,0.633443E-01,0.660958E-01,0.436776E-01,0.436776E-01,0.964473E-01,0.436776E-01,0.108695E-01,0.103737E-02,1.57135,1.28735,1.26053,1.18873,1.25151,1.09242,2,2,13,1,89,5,35,1,40,1,1,1,1,5,1,3,1,3,1,0,0,0,0,0,1,0,-9999,-9999,-9999,-9999,-9999,-9999,-9999,-9999,-9999,-9999,-9999,-9999,-9999,-9999,-9999,-9999,-9999,-9999,-9999,-9999,-9999,-9999,-9999,-9999,-9999,-9999,-9999,-9999,-9999,9999,-50,-9999,0,0,1,163.693,2.58682,-9999,0,0,3,1,0,1,0,-9999,-9999,-9999,47.2102,8.41064,393.000,0.500000,0.400000,0.800000E-01,360,20,30,gill,r3_50_1,2.41000,uvw,axis,7.00000,11.0000,12.5000,0.200000E-01,licor,li7500_1,14.0000,31.0000,1.00000,-9999,-9999,-9999,0.950000,12.7000,0.100000,licor,li7500_1,14.0000,31.0000,1.00000,-9999,-9999,-9999,-9999,-9999,0.950000,12.7000,0.100000,other_irga,generic_closed_path_2,14.0000,31.0000,1.00000,700.000,4.00000,8.00000,4.15000,32.0000,0.130800,other_irga,generic_closed_path_2,14.0000,31.0000,1.00000,700.000,4.00000,8.00000,4.15000,32.0000,0.130800,13,16.0000,0.00000,248.062,50.3873,12.9632,96599.6,1.37758,22.0000,96.5044,0.504444,2.14748,303.703,5325.67,0
202005141800,202005141830,135.7498,135.7707,CH-CHA_202005141300.csv,316.176,0,36000,36000,36000,36000,36000,36000,36000,36000,36000,36000,36000,36000,36000,36000,36000,36000,-0.560600E-01,-15.5500,7.93368,0.116678E-01,5.53762,0.180059,-1.45679,0.211555,0.727779E-02,1.35690,5.24080,0.770749E-02,0.776410,0.118943,0.995176,0.345227E-01,0.552402E-01,0.343132,0.504633E-03,0.107914,0.778755E-02,0.740310E-01,-0.181921E-02,-0.218196E-09,-0.612597E-11,-0.994735E-09,-0.164814E-09,-1.47174,0.368519,0.873101E-01,1.51969,0.327439E-13,-0.132668E-13,1.51969,4.88698,19.4547,26.4276,0.222725,0.546919,60.4774,0.332356E-01,-1.96000,0.610446E-01,24.3133,23.2005,96.5595,40.1469,0.256123E-01,1.13009,1143.70,1012.04,0.832078E-02,11.3798,28.3454,0.736292E-02,16.9656,8.87807,95.4215,1.12177,0.259177E-01,0.244515E+07,0.741753E-02,2,16.4468,426.281,421.239,2,461.752,11.9681,11.8265,0,0.749793E-01,1943.38,1920.39,0,0.124231E-01,321.991,318.183,0.100000,0.100000,0.00000,-0.980588,10.0000,3.55000,3.55000,0.00000,-0.980588,10.0000,7.45000,7.45000,3.90610,-1.00000,10.0000,-0.850000,-0.850000,3.90610,-1.00000,10.0000,1.45316,0.309756E-01,0.218019E-01,24.3100,16.4461,462.327,1.94339,0.321989,1.02513,-0.430988,-0.158153,24.2500,16.3807,454.399,1.94179,0.321753,1.94640,0.461450,0.188809,24.3800,16.5169,469.922,1.94491,0.322231,0.679999,0.729661,0.314697,0.102018,0.120492,12.0241,0.220747E-02,0.354649E-03,0.486876,-0.102149,-0.660739,0.138929E-01,-0.106260,-0.386928,0.397118E-01,0.409178E-02,3.21842,3.40400,5.25539,3.01144,7.16414,3.28364,2.62862,3.02280,-0.483277E-01,-0.129507E-01,0.506063E-02,0.162095,-0.301385E-04,0.437670E-05,-0.173008,0.409910E-04,0.113866E-05,-0.286827E-02,0.246173E-04,0.985258E-08,23.4851,-3.56395,8.06167,20.0747,30.6152,42.9382,51.3861,64.3293,0.221518,62.6997,0.320576E-01,-0.554541E-01,-14.8117,7.14218,0.105038E-01,5.06063,0.162095,-1.16285,0.168869,-0.560600E-01,-14.8117,8.77361,0.129031E-01,6.21660,0.199122,-1.16285,0.168869,-0.560600E-01,-15.2046,7.97852,0.117338E-01,5.53762,0.181077,-1.16285,0.168869,23.2005,96.5595,-9999,-9999,0.256123E-01,0.256123E-01,-9999,-9999,-9999,-9999,-9999,-9999,-9999,-9999,-9999,-9999,-9999,-9999,-9999,1.01093,1.02272,1.22842,1.22842,1.22842,1.22842,1.25277,1.25277,-9999,-9999,-9999,-9999,-9999,-9999,-9999,-9999,-9999,-9999,8,8,7,8,254,106,0,0,0,0,0,0,0,0,0,8,15,10,16,288,124,0,0,0,0,0,0,0,0,0,0,800000000,800000000,800000101,800000011,800000100,800000011,800000011,800000011,80111,80111,80,80,0.00000,0.00000,0.00000,0.00000,0.500000E-01,3.50000,7.40000,0.850000,7.53189,8.47701,9.27412,11.7769,18.5447,12.0677,5.85886,5.89912,44,314,44,13022,240,222,18003,18053,0.499166E-01,0.329246E-01,0.258887E-01,0.258887E-01,0.577370E-01,0.258887E-01,0.879541E-02,0.122983E-01,1.44280,1.02924,1.79336,1.61324,1.29423,0.625972,2,7,12,1,131,10,3,5,49,1,1,1,1,6,1,1,1,3,0,0,0,0,0,0,2,0,-9999,-9999,-9999,-9999,-9999,-9999,-9999,-9999,-9999,-9999,-9999,-9999,-9999,-9999,-9999,-9999,-9999,-9999,-9999,-9999,-9999,-9999,-9999,-9999,-9999,-9999,-9999,-9999,-9999,9999,-50,-9999,0,0,1,165.942,3.29361,-9999,0,0,3,1,0,1,0,-9999,-9999,-9999,47.2102,8.41064,393.000,0.500000,0.400000,0.800000E-01,360,20,30,gill,r3_50_1,2.41000,uvw,axis,7.00000,11.0000,12.5000,0.200000E-01,licor,li7500_1,14.0000,31.0000,1.00000,-9999,-9999,-9999,0.950000,12.7000,0.100000,licor,li7500_1,14.0000,31.0000,1.00000,-9999,-9999,-9999,-9999,-9999,0.950000,12.7000,0.100000,other_irga,generic_closed_path_2,14.0000,31.0000,1.00000,700.000,4.00000,8.00000,4.15000,32.0000,0.130800,other_irga,generic_closed_path_2,14.0000,31.0000,1.00000,700.000,4.00000,8.00000,4.15000,32.0000,0.130800,13,16.0000,0.00000,248.022,50.1371,12.8119,96593.4,1.37635,22.0000,96.5010,0.501000,2.14748,303.708,5325.10,0
202005141830,202005141900,135.7707,135.7915,CH-CHA_202005141300.csv,203.383,0,36000,36000,36000,35988,35988,35988,35988,35988,35988,35988,35988,35988,35988,35988,35988,35988,-0.277351E-01,-9.74993,3.90389,0.574133E-02,7.82331,0.886008E-01,1.60413,0.221737,0.310908E-02,0.948865,1.76745,0.259933E-02,0.843817,0.401132E-01,0.558343,0.379964E-01,0.121639E-02,-0.378580,-0.556766E-03,0.144041,-0.859206E-02,0.238817,0.897065E-02,-0.224896E-09,-0.618641E-11,-0.102106E-08,-0.168867E-09,-1.06270,0.219803,0.560831E-01,1.08664,0.489424E-13,-0.135850E-13,1.08664,3.29425,17.8995,27.3810,0.156655,0.252957,33.5611,0.598907E-01,-2.49749,0.544197E-01,24.2987,23.2013,96.5595,39.5912,0.256110E-01,1.13016,1143.67,1011.95,0.820602E-02,11.2229,28.3470,0.726095E-02,17.1241,8.67274,95.4372,1.12195,0.259122E-01,0.244515E+07,0.731405E-02,2,16.5547,428.987,423.983,2,455.384,11.8005,11.6629,0,0.751606E-01,1947.66,1924.94,0,0.124303E-01,322.110,318.354,0.500000E-01,0.500000E-01,0.00000,-0.980588,10.0000,0.100000,0.100000,0.00000,-0.980588,10.0000,0.850000,0.850000,3.90610,-1.00000,10.0000,0.950000,0.950000,3.90610,-1.00000,10.0000,1.03481,0.916696E-02,0.191258E-01,24.3000,16.5454,456.745,1.94747,0.322108,0.796695,-0.333875,-0.110507,24.2200,16.4744,450.263,1.94627,0.321862,1.33269,0.372238,0.121123,24.3800,16.6329,461.824,1.94889,0.322355,0.439792,0.519874,0.205493,0.105676,0.123662,9.93332,0.200826E-02,0.361649E-03,0.520495,-0.222755,-0.453586,-0.130077,0.131748,-0.562126,0.413279,0.454641E-01,3.81000,3.05531,4.64727,2.64194,3.55334,3.54874,3.16146,3.02873,-0.228218E-01,-0.815865E-02,0.662676E-02,0.807449E-01,0.327514E-04,0.452718E-05,-0.490586E-01,0.680857E-04,0.640159E-05,-0.811451E-02,-0.203915E-03,0.139768E-06,-9999,-9999,-9999,-9999,-9999,-9999,-9999,-9999,0.155720,34.5718,0.581398E-01,-0.274049E-01,-9.33078,3.55775,0.523227E-02,6.62676,0.807449E-01,1.26394,0.174712,-0.277351E-01,-9.33078,4.43573,0.652349E-02,8.26211,0.100671,1.26394,0.174712,-0.277351E-01,-9.51959,3.92899,0.577825E-02,7.82331,0.891706E-01,1.26394,0.174712,23.2013,96.5595,-9999,-9999,0.256110E-01,0.256110E-01,-9999,-9999,-9999,-9999,-9999,-9999,-9999,-9999,-9999,-9999,-9999,-9999,-9999,1.01205,1.02420,1.24678,1.24678,1.24678,1.24678,1.26916,1.26916,-9999,-9999,-9999,-9999,-9999,-9999,-9999,-9999,-9999,-9999,10,6,6,1,100,34,0,0,0,0,0,0,0,0,0,16,12,11,1,113,39,0,0,0,0,0,0,0,0,0,0,800000001,800000001,800000001,800000011,800000000,800000011,800000011,800000011,80001,80001,80,81,0.00000,0.00000,0.00000,0.00000,0.00000,0.500000E-01,0.800000,0.900000,7.67680,8.25807,9.25036,15.8638,8.98619,13.6280,5.88151,5.91939,161,639,161,15210,490,466,18038,18019,0.286217E-01,0.602803E-01,0.252942E-01,0.252942E-01,0.326241E-01,0.252942E-01,0.456440E-02,0.150509E-01,1.50257,1.37200,0.897126,0.930529,1.03062,1.19698,2,0,10,63,76,35,9,16,31,1,1,1,4,5,3,2,2,3,0,0,1,1,0,1,1,1,-9999,-9999,-9999,-9999,-9999,-9999,-9999,-9999,-9999,-9999,-9999,-9999,-9999,-9999,-9999,-9999,-9999,-9999,-9999,-9999,-9999,-9999,-9999,-9999,-9999,-9999,-9999,-9999,-9999,9999,-50,-9999,0,0,1,168.314,2.95843,-9999,0,0,3,1,0,1,0,-9999,-9999,-9999,47.2102,8.41064,393.000,0.500000,0.400000,0.800000E-01,360,20,30,gill,r3_50_1,2.41000,uvw,axis,7.00000,11.0000,12.5000,0.200000E-01,licor,li7500_1,14.0000,31.0000,1.00000,-9999,-9999,-9999,0.950000,12.7000,0.100000,licor,li7500_1,14.0000,31.0000,1.00000,-9999,-9999,-9999,-9999,-9999,0.950000,12.7000,0.100000,other_irga,generic_closed_path_2,14.0000,31.0000,1.00000,700.000,4.00000,8.00000,4.15000,32.0000,0.130800,other_irga,generic_closed_path_2,14.0000,31.0000,1.00000,700.000,4.00000,8.00000,4.15000,32.0000,0.130800,13,16.0000,0.00000,248.033,50.2065,12.8145,96587.8,1.37575,22.0000,96.5001,0.500083,2.14748,303.737,5325.57,0
202005141900,202005141930,135.7915,135.8123,CH-CHA_202005141900.csv,92.5209,0,36000,36000,36000,36000,36000,36000,36000,36000,36000,36000,36000,36000,36000,36000,36000,36000,-0.483833E-01,-15.6041,-8.17443,-0.120224E-01,9.45794,-0.185530,3.92726,0.267671,0.607611E-02,1.50795,3.72326,0.547591E-02,1.33414,0.845047E-01,2.06883,0.584984E-01,0.618255E-01,0.235150,0.345841E-03,-0.120625,0.533706E-02,0.268142,0.118201E-01,0.418277E-12,0.116695E-13,0.191445E-11,0.316004E-12,-1.73192,0.107693,0.749753E-01,1.73688,0.385361E-13,0.254083E-16,1.73688,5.37872,9.00379,29.1977,0.206926,0.783237,48.3303,0.415888E-01,1.90889,0.659438E-01,24.3488,23.2417,96.5595,39.8380,0.256153E-01,1.12996,1143.53,1012.01,0.827617E-02,11.3204,28.4161,0.732430E-02,17.0957,8.80060,95.4275,1.12169,0.259192E-01,0.244505E+07,0.737834E-02,2,16.4622,426.705,421.685,2,459.277,11.9046,11.7645,0,0.753474E-01,1953.03,1930.05,0,0.124370E-01,322.371,318.579,0.100000,0.100000,0.00000,-0.980588,10.0000,-1.00000,-1.00000,0.00000,-0.980588,10.0000,0.450000,0.450000,3.90610,-1.00000,10.0000,0.900000,0.900000,3.90610,-1.00000,10.0000,1.67376,0.972921E-01,0.148358E-01,24.3500,16.4613,461.332,1.95216,0.322369,1.24384,-0.592384,-0.165213,24.2700,16.3766,451.584,1.94973,0.322114,2.18087,0.600541,0.185015,24.4300,16.5570,469.956,1.95544,0.322622,0.729274,0.966185,0.317992,0.118497,0.179129,15.7147,0.429000E-02,0.376088E-03,0.483454,-0.144805,-0.330726,-0.495923,-0.869805E-01,-0.736762,0.826983,0.803215E-01,3.39892,3.26305,4.96730,4.28648,15.8710,4.25641,3.16145,2.97428,-0.336371E-01,-0.136901E-01,0.829724E-02,-0.130749,0.802696E-04,0.547095E-05,-0.113525,0.984413E-04,0.207500E-05,-0.178526E-01,-0.485497E-04,0.258187E-06,21.9589,-3.33234,7.53776,18.7701,28.6256,40.1478,48.0466,60.1487,0.205752,47.5342,0.422853E-01,-0.478357E-01,-15.6551,-5.76077,-0.847253E-02,8.29724,-0.130749,3.09692,0.211077,-0.483833E-01,-15.6551,-7.14698,-0.105113E-01,10.2938,-0.162211,3.09692,0.211077,-0.483833E-01,-15.2348,-8.17751,-0.120269E-01,9.45794,-0.185600,3.09692,0.211077,23.2417,96.5595,-9999,-9999,0.256153E-01,0.256153E-01,-9999,-9999,-9999,-9999,-9999,-9999,-9999,-9999,-9999,-9999,-9999,-9999,-9999,1.01145,1.02424,1.24063,1.24063,1.24063,1.24063,1.26812,1.26812,-9999,-9999,-9999,-9999,-9999,-9999,-9999,-9999,-9999,-9999,14,0,6,13,364,91,0,0,0,0,0,0,0,0,0,28,0,9,17,424,106,0,0,0,0,0,0,0,0,0,0,800000000,800000000,800000101,800000011,810001100,800000011,800000011,800000011,80101,80101,80,80,0.00000,0.00000,0.00000,0.00000,0.500000E-01,1.00000,0.400000,0.850000,8.42077,9.16871,10.7790,17.8378,87.4861,29.4778,6.02091,5.95879,26,218,26,11626,230,222,18036,18008,0.333625E-01,0.180930E-01,0.398785E-01,0.398785E-01,0.334807E-01,0.398785E-01,0.240492E-02,0.295087E-01,0.595821,1.16882,1.16072,0.586117,0.725280,1.46508,0,2,3,29,7,3,18,1,42,1,1,1,2,1,1,2,1,3,0,0,0,0,0,0,0,0,-9999,-9999,-9999,-9999,-9999,-9999,-9999,-9999,-9999,-9999,-9999,-9999,-9999,-9999,-9999,-9999,-9999,-9999,-9999,-9999,-9999,-9999,-9999,-9999,-9999,-9999,-9999,-9999,-9999,9999,-50,-9999,0,0,1,176.442,2.47403,-9999,0,0,3,1,0,1,0,-9999,-9999,-9999,47.2102,8.41064,393.000,0.500000,0.400000,0.800000E-01,360,20,30,gill,r3_50_1,2.41000,uvw,axis,7.00000,11.0000,12.5000,0.200000E-01,licor,li7500_1,14.0000,31.0000,1.00000,-9999,-9999,-9999,0.950000,12.7000,0.100000,licor,li7500_1,14.0000,31.0000,1.00000,-9999,-9999,-9999,-9999,-9999,0.950000,12.7000,0.100000,other_irga,generic_closed_path_2,14.0000,31.0000,1.00000,700.000,4.00000,8.00000,4.15000,32.0000,0.130800,other_irga,generic_closed_path_2,14.0000,31.0000,1.00000,700.000,4.00000,8.00000,4.15000,32.0000,0.130800,13,16.0000,0.00000,248.078,50.4901,12.7094,96557.5,1.37536,22.0000,96.5000,0.500028,2.14748,303.748,5324.97,0
202005141930,202005142000,135.8123,135.8332,CH-CHA_202005141900.csv,18.9062,0,36000,36000,36000,36000,36000,36000,36000,36000,35993,35993,36000,36000,36000,36000,35993,35993,-0.274845E-01,-11.3446,10.3135,0.151685E-01,7.37430,0.234083,1.12338,0.211781,0.491426E-02,1.23128,4.20383,0.618276E-02,1.03523,0.954130E-01,0.711357,0.346518E-01,0.180846E-01,-0.207533,-0.305228E-03,0.836855E-01,-0.471030E-02,0.640718E-01,0.240331E-02,0.320216E-10,0.883211E-12,0.146103E-09,0.241043E-10,-1.28518,0.282071E-01,0.669914E-01,1.28723,-0.716391E-14,0.193785E-14,1.28723,3.63524,7.81948,23.8365,0.155960,0.325838,28.4613,0.706223E-01,-1.09998,0.636139E-01,24.3522,23.2535,96.5595,39.5069,0.256156E-01,1.12995,1143.47,1011.96,0.821295E-02,11.2344,28.4364,0.726839E-02,17.2021,8.68780,95.4361,1.12174,0.259172E-01,0.244502E+07,0.732160E-02,2,16.5243,428.280,423.280,2,455.768,11.8127,11.6748,0,0.753942E-01,1954.08,1931.27,0,0.124387E-01,322.389,318.625,0.150000,0.150000,0.00000,-0.980588,10.0000,0.150000,0.150000,0.00000,-0.980588,10.0000,2.55000,2.55000,3.90610,-1.00000,10.0000,0.900000,0.900000,3.90610,-1.00000,10.0000,1.23144,0.145421E-01,0.171849E-01,24.3600,16.5183,456.815,1.95389,0.322385,0.892490,-0.324280,-0.125609,24.2700,16.4426,450.053,1.95263,0.322137,1.64388,0.331377,0.137205,24.4400,16.6037,462.532,1.95529,0.322637,0.555440,0.530894,0.247615,0.115528,0.133600,10.7909,0.219868E-02,0.368076E-03,0.323405,0.710720E-02,-0.310141,-0.285204,0.250746E-01,-0.462110,0.774879,0.456426E-01,3.02364,3.60950,5.06912,2.58715,4.46633,3.51144,4.66816,2.97750,-0.232281E-01,-0.923624E-02,0.623199E-02,0.196317,0.227253E-04,0.428420E-05,-0.619403E-01,0.330021E-04,0.505618E-05,-0.163160E-02,0.654197E-04,0.118591E-06,-9999,-9999,-9999,-9999,-9999,-9999,-9999,-9999,0.155012,30.1293,0.667124E-01,-0.271515E-01,-10.5614,8.64961,0.127214E-01,6.23199,0.196317,0.876844,0.165304,-0.274845E-01,-10.5614,10.8657,0.159806E-01,7.82866,0.246615,0.876844,0.165304,-0.274845E-01,-11.0654,10.3605,0.152376E-01,7.37430,0.235148,0.876844,0.165304,23.2535,96.5595,-9999,-9999,0.256156E-01,0.256156E-01,-9999,-9999,-9999,-9999,-9999,-9999,-9999,-9999,-9999,-9999,-9999,-9999,-9999,1.01227,1.02524,1.25621,1.25621,1.25621,1.25621,1.28116,1.28116,-9999,-9999,-9999,-9999,-9999,-9999,-9999,-9999,-9999,-9999,5,14,3,2,223,66,0,0,0,0,0,0,0,0,0,7,25,6,4,263,82,0,0,0,0,0,0,0,0,0,0,800000000,800000001,800000111,800000011,800000000,800000011,800010011,800010011,80011,80011,80,80,0.00000,0.00000,0.00000,0.00000,0.100000,0.100000,2.50000,0.850000,9.07373,9.39045,12.5513,22.2449,8.67742,11.9584,5.87462,5.88782,178,613,178,14557,449,430,18008,18015,0.411637E-01,0.282626E-01,0.142827E-02,0.142827E-02,0.273422E-01,0.142827E-02,0.214612E-01,0.324117E-01,1.44579,1.34188,1.62055,1.18052,1.33059,0.949462,6,2,0,6,64,11,15,1,33,1,1,1,1,4,1,1,1,3,0,0,0,0,0,0,1,0,-9999,-9999,-9999,-9999,-9999,-9999,-9999,-9999,-9999,-9999,-9999,-9999,-9999,-9999,-9999,-9999,-9999,-9999,-9999,-9999,-9999,-9999,-9999,-9999,-9999,-9999,-9999,-9999,-9999,9999,-50,-9999,0,0,1,178.743,2.98319,-9999,0,0,3,1,0,1,0,-9999,-9999,-9999,47.2102,8.41064,393.000,0.500000,0.400000,0.800000E-01,360,20,30,gill,r3_50_1,2.41000,uvw,axis,7.00000,11.0000,12.5000,0.200000E-01,licor,li7500_1,14.0000,31.0000,1.00000,-9999,-9999,-9999,0.950000,12.7000,0.100000,licor,li7500_1,14.0000,31.0000,1.00000,-9999,-9999,-9999,-9999,-9999,0.950000,12.7000,0.100000,other_irga,generic_closed_path_2,14.0000,31.0000,1.00000,700.000,4.00000,8.00000,4.15000,32.0000,0.130800,other_irga,generic_closed_path_2,14.0000,31.0000,1.00000,700.000,4.00000,8.00000,4.15000,32.0000,0.130800,13,16.0000,0.00000,248.048,50.3009,12.6633,96529.6,1.37497,21.9961,96.5015,0.500069,2.14748,303.703,5325.51,0
202005142000,202005142030,135.8332,135.8540,CH-CHA_202005141900.csv,0.00000,1,36000,36000,36000,36000,36000,36000,36000,36000,35998,35998,36000,36000,36000,36000,35998,35998,-0.403588E-01,-9.64070,-8.31870,-0.122351E-01,5.47016,-0.188813,0.683665,0.104462,0.657970E-02,0.969702,4.05434,0.596308E-02,0.742217,0.920229E-01,0.325600,0.245630E-01,0.491406E-01,-0.107164,-0.157615E-03,0.353466E-01,-0.243233E-02,-0.101132,-0.184032E-02,-0.567554E-10,-0.155672E-11,-0.258285E-09,-0.426502E-10,-1.37164,0.235414E-01,0.871356E-01,1.37461,-0.279567E-13,-0.342954E-14,1.37461,4.37210,7.91936,27.6457,0.188999,0.428208,59.6029,0.337232E-01,1.15892,0.446144E-01,24.3801,23.2856,96.5595,39.2743,0.256180E-01,1.12985,1143.34,1011.94,0.817958E-02,11.1899,28.4917,0.723951E-02,17.3018,8.62925,95.4405,1.12167,0.259184E-01,0.244495E+07,0.729230E-02,2,16.5490,428.941,423.953,2,453.917,11.7653,11.6284,0,0.753119E-01,1952.04,1929.34,0,0.124361E-01,322.338,318.590,0.150000,0.150000,0.00000,-0.980588,10.0000,5.90000,5.90000,0.00000,-0.980588,10.0000,2.95000,2.95000,3.90610,-1.00000,10.0000,8.40000,8.40000,3.90610,-1.00000,10.0000,1.29524,0.453131E-01,0.985653E-02,24.3800,16.5471,455.581,1.95205,0.322341,0.943440,-0.441874,-0.143798,24.3000,16.4672,447.242,1.95100,0.322097,1.74838,0.456697,0.158700,24.4600,16.6320,461.645,1.95310,0.322580,0.620160,0.636810,0.257471,0.113556,0.135479,11.9427,0.151602E-02,0.356560E-03,0.576727,-0.316966,-0.373579,-0.135538,-0.111201E-01,-0.559880,-0.306482E-02,-0.249548E-01,3.52354,2.91040,4.42177,2.77176,4.72409,3.87797,2.84130,2.92294,-0.353278E-01,-0.861906E-02,0.489762E-02,-0.141310,0.141469E-04,0.216161E-05,0.430542E-01,0.170320E-04,0.161512E-05,0.763305E-03,0.767931E-04,0.521753E-07,-9999,-9999,-9999,-9999,-9999,-9999,-9999,-9999,0.187964,57.5696,0.349143E-01,-0.399183E-01,-9.85450,-6.22584,-0.915690E-02,4.89762,-0.141310,0.545823,0.834006E-01,-0.403588E-01,-9.85450,-7.65345,-0.112566E-01,6.02066,-0.173713,0.545823,0.834006E-01,-0.403588E-01,-9.42711,-8.33146,-0.122538E-01,5.47016,-0.189102,0.545823,0.834006E-01,23.2856,96.5595,-9999,-9999,0.256180E-01,0.256180E-01,-9999,-9999,-9999,-9999,-9999,-9999,-9999,-9999,-9999,-9999,-9999,-9999,-9999,1.01103,1.02266,1.22930,1.22930,1.22930,1.22930,1.25254,1.25254,-9999,-9999,-9999,-9999,-9999,-9999,-9999,-9999,-9999,-9999,5,15,1,3,163,64,0,0,0,0,0,0,0,0,0,5,27,1,7,184,83,0,0,0,0,0,0,0,0,0,0,800000000,800000000,800000001,800000011,800000000,800000011,800010011,800010011,80011,80111,80,80,0.00000,0.00000,0.00000,0.00000,0.100000,5.85000,2.90000,8.35000,7.07966,8.02572,9.00664,15.3414,9.72678,11.0441,5.77485,5.96386,39,306,39,12363,235,221,18015,17945,0.386510E-01,0.345327E-01,0.164380E-01,0.164380E-01,0.438939E-01,0.164380E-01,0.453512E-02,0.202872E-01,0.983956,1.14318,0.606061,1.24243,0.939984,1.42388,6,6,5,9,47,5,9,10,22,1,1,1,1,3,1,1,1,2,0,0,0,0,0,0,1,0,-9999,-9999,-9999,-9999,-9999,-9999,-9999,-9999,-9999,-9999,-9999,-9999,-9999,-9999,-9999,-9999,-9999,-9999,-9999,-9999,-9999,-9999,-9999,-9999,-9999,-9999,-9999,-9999,-9999,9999,-50,-9999,0,0,1,179.017,3.63438,-9999,0,0,3,1,0,1,0,-9999,-9999,-9999,47.2102,8.41064,393.000,0.500000,0.400000,0.800000E-01,360,20,30,gill,r3_50_1,2.41000,uvw,axis,7.00000,11.0000,12.5000,0.200000E-01,licor,li7500_1,14.0000,31.0000,1.00000,-9999,-9999,-9999,0.950000,12.7000,0.100000,licor,li7500_1,14.0000,31.0000,1.00000,-9999,-9999,-9999,-9999,-9999,0.950000,12.7000,0.100000,other_irga,generic_closed_path_2,14.0000,31.0000,1.00000,700.000,4.00000,8.00000,4.15000,32.0000,0.130800,other_irga,generic_closed_path_2,14.0000,31.0000,1.00000,700.000,4.00000,8.00000,4.15000,32.0000,0.130800,13,16.0000,0.00000,248.060,50.3753,12.6493,96523.8,1.37477,22.0000,96.5002,0.500167,2.14748,303.709,5325.11,0
202005142030,202005142100,135.8540,135.8748,CH-CHA_202005141900.csv,0.00000,1,36000,36000,36000,36000,36000,36000,36000,36000,36000,36000,36000,36000,36000,36000,36000,36000,-0.323584E-01,-16.1190,14.8611,0.218585E-01,10.8945,0.337322,1.25204,0.305865,0.509167E-02,1.42791,4.45612,0.655427E-02,1.13438,0.101146,1.15747,0.436528E-01,0.606728E-01,0.165452,0.243354E-03,0.431921E-01,0.375547E-02,0.153102,0.177189E-02,0.132388E-11,0.364648E-13,0.602217E-11,0.993036E-12,-1.74461,-0.929124E-01,0.767822E-01,1.74877,0.466426E-13,0.798548E-16,1.74877,5.41670,4.38945,22.4341,0.169246,0.519757,25.5989,0.785189E-01,-1.08464,0.833100E-01,24.4266,23.3252,96.5595,39.4209,0.256220E-01,1.12967,1143.20,1011.98,0.822863E-02,11.2585,28.5598,0.728410E-02,17.3013,8.71958,95.4337,1.12144,0.259243E-01,0.244485E+07,0.733755E-02,2,16.5785,429.805,424.776,2,456.639,11.8385,11.7000,0,0.754140E-01,1955.14,1932.26,0,0.124355E-01,322.395,318.623,0.00000,0.00000,0.00000,-0.980588,10.0000,0.150000,0.150000,0.00000,-0.980588,10.0000,-0.700000,-0.700000,3.90610,-1.00000,10.0000,0.700000,0.700000,3.90610,-1.00000,10.0000,1.68689,0.114616E-01,0.125862E-01,24.4300,16.5721,458.429,1.95480,0.322394,1.27981,-0.390716,-0.161824,24.3400,16.4841,450.041,1.95308,0.322148,2.16621,0.442044,0.174170,24.5200,16.6654,465.029,1.95667,0.322638,0.692656,0.684005,0.303115,0.122886,0.169792,12.5275,0.286831E-02,0.361214E-03,0.423929,-0.304029,-0.386835,-0.267321,0.647744,-0.827657,0.817241,0.358921E-01,3.25220,3.56502,5.07343,2.52586,34.0829,5.00154,3.80219,2.93207,-0.248954E-01,-0.130981E-01,0.909258E-02,0.279790,0.249699E-04,0.609999E-05,-0.165168,0.104555E-03,0.720563E-05,-0.712119E-02,-0.138028E-03,0.616141E-07,-9999,-9999,-9999,-9999,-9999,-9999,-9999,-9999,0.168172,27.1360,0.740714E-01,-0.319490E-01,-14.9737,12.3265,0.181304E-01,9.09258,0.279790,0.963184,0.235300,-0.323584E-01,-14.9737,15.6447,0.230109E-01,11.5402,0.355106,0.963184,0.235300,-0.323584E-01,-15.6924,14.9299,0.219596E-01,10.8945,0.338883,0.963184,0.235300,23.3252,96.5595,-9999,-9999,0.256220E-01,0.256220E-01,-9999,-9999,-9999,-9999,-9999,-9999,-9999,-9999,-9999,-9999,-9999,-9999,-9999,1.01281,1.02718,1.26919,1.26919,1.26919,1.26919,1.29990,1.29990,-9999,-9999,-9999,-9999,-9999,-9999,-9999,-9999,-9999,-9999,7,9,5,0,278,157,0,0,0,0,0,0,0,0,0,14,16,8,0,338,193,0,0,0,0,0,0,0,0,0,0,800000000,800000000,800000100,800000011,800001100,800000011,800000011,800000011,80001,80011,80,81,0.00000,0.00000,0.00000,0.00000,0.00000,0.100000,0.700000,0.650000,7.42146,7.98254,9.47469,14.4129,131.454,21.9992,5.74799,5.91348,26,220,25,11854,231,220,18048,18029,0.405884E-01,0.130282E-01,0.675802E-01,0.675802E-01,0.976429E-01,0.675802E-01,0.144536E-03,0.436054E-02,1.54414,1.27073,1.20797,1.10540,0.944693,1.10617,2,1,1,13,80,4,33,15,44,1,1,1,1,5,1,3,1,3,1,0,0,0,0,0,1,0,-9999,-9999,-9999,-9999,-9999,-9999,-9999,-9999,-9999,-9999,-9999,-9999,-9999,-9999,-9999,-9999,-9999,-9999,-9999,-9999,-9999,-9999,-9999,-9999,-9999,-9999,-9999,-9999,-9999,9999,-50,-9999,0,0,1,183.049,2.51647,-9999,0,0,3,1,0,1,0,-9999,-9999,-9999,47.2102,8.41064,393.000,0.500000,0.400000,0.800000E-01,360,20,30,gill,r3_50_1,2.41000,uvw,axis,7.00000,11.0000,12.5000,0.200000E-01,licor,li7500_1,14.0000,31.0000,1.00000,-9999,-9999,-9999,0.950000,12.7000,0.100000,licor,li7500_1,14.0000,31.0000,1.00000,-9999,-9999,-9999,-9999,-9999,0.950000,12.7000,0.100000,other_irga,generic_closed_path_2,14.0000,31.0000,1.00000,700.000,4.00000,8.00000,4.15000,32.0000,0.130800,other_irga,generic_closed_path_2,14.0000,31.0000,1.00000,700.000,4.00000,8.00000,4.15000,32.0000,0.130800,13,16.0000,0.00000,248.043,50.2712,12.6252,96511.2,1.37479,22.0000,96.5001,0.500139,2.14748,303.717,5323.08,0
202005142100,202005142130,135.8748,135.8956,CH-CHA_202005141900.csv,0.00000,1,36000,36000,36000,36000,36000,36000,36000,36000,36000,36000,36000,36000,36000,36000,36000,36000,-0.484926E-01,-10.9117,8.23433,0.121109E-01,7.82772,0.186897,-1.15189,0.156157,0.603890E-02,1.16449,4.11908,0.605827E-02,1.08375,0.934919E-01,1.33989,0.498267E-01,-0.674077E-01,0.131024,0.192708E-03,0.526899E-01,0.297389E-02,-0.311577E-01,-0.313363E-02,-0.997477E-10,-0.275425E-11,-0.452533E-09,-0.746301E-10,-1.58085,0.219597E-02,0.790110E-01,1.58282,0.817938E-13,-0.600170E-14,1.58282,5.63013,6.18647,26.4118,0.207173,0.529307,69.3614,0.289786E-01,-1.32515,0.460649E-01,24.3878,23.2812,96.5595,39.7166,0.256187E-01,1.12981,1143.38,1012.01,0.826957E-02,11.3129,28.4840,0.731940E-02,17.1711,8.79076,95.4282,1.12154,0.259224E-01,0.244496E+07,0.737337E-02,2,16.6199,430.846,425.780,2,458.910,11.8966,11.7567,0,0.754007E-01,1954.65,1931.67,0,0.124348E-01,322.354,318.564,0.200000,0.200000,0.00000,-0.980588,10.0000,0.100000,0.100000,0.00000,-0.980588,10.0000,5.30000,5.30000,3.90610,-1.00000,10.0000,-0.750000,-0.750000,3.90610,-1.00000,10.0000,1.48459,0.720030E-01,0.156530E-01,24.4000,16.6137,460.891,1.95383,0.322350,1.13426,-0.449290,-0.146080,24.3100,16.5226,451.576,1.95250,0.322098,1.93673,0.533717,0.159662,24.4700,16.7176,467.233,1.95544,0.322610,0.681906,0.723560,0.264728,0.123003,0.159843,12.7583,0.361791E-02,0.375047E-03,0.716906,-0.502259,-0.430075,-0.424162,0.712719E-01,-0.546219,1.60279,0.221710E-01,4.21685,3.01285,4.77862,2.91766,10.0397,3.19476,5.83571,2.88786,-0.424262E-01,-0.897319E-02,0.676132E-02,0.162825,-0.238940E-04,0.323923E-05,-0.149859,0.133974E-03,0.116672E-04,-0.352958E-02,-0.198904E-03,0.286418E-06,25.4518,-3.86240,8.73677,21.7558,33.1789,46.5339,55.6892,69.7163,0.206068,72.8655,0.275851E-01,-0.479764E-01,-10.2598,7.17377,0.105511E-01,6.76132,0.162825,-0.921752,0.124959,-0.484926E-01,-10.2598,8.78879,0.129264E-01,8.28349,0.199482,-0.921752,0.124959,-0.484926E-01,-10.6720,8.27368,0.121688E-01,7.82772,0.187790,-0.921752,0.124959,23.2812,96.5595,-9999,-9999,0.256187E-01,0.256187E-01,-9999,-9999,-9999,-9999,-9999,-9999,-9999,-9999,-9999,-9999,-9999,-9999,-9999,1.01076,1.02246,1.22513,1.22513,1.22513,1.22513,1.24967,1.24967,-9999,-9999,-9999,-9999,-9999,-9999,-9999,-9999,-9999,-9999,11,4,6,2,205,57,0,0,0,0,0,0,0,0,0,18,5,9,2,229,66,0,0,0,0,0,0,0,0,0,0,800000000,800000000,800000000,800000011,800001100,800000011,800000111,800000011,80011,80011,80,80,0.00000,0.00000,0.00000,0.00000,0.150000,0.500000E-01,5.25000,0.750000,7.47702,9.09101,10.7945,13.7947,67.1473,9.08358,5.79406,6.06083,57,333,57,12840,467,449,18000,18034,0.325748E-01,0.512346E-01,0.296057E-01,0.296057E-01,0.305357E-01,0.296057E-01,0.238927E-02,0.979569E-04,0.941803,1.06194,1.03515,1.78597,1.13473,1.01046,7,8,11,13,173,46,10,15,21,1,1,1,1,6,3,1,1,2,0,0,0,0,0,0,2,1,-9999,-9999,-9999,-9999,-9999,-9999,-9999,-9999,-9999,-9999,-9999,-9999,-9999,-9999,-9999,-9999,-9999,-9999,-9999,-9999,-9999,-9999,-9999,-9999,-9999,-9999,-9999,-9999,-9999,9999,-50,-9999,0,0,1,179.920,2.86127,-9999,0,0,3,1,0,1,0,-9999,-9999,-9999,47.2102,8.41064,393.000,0.500000,0.400000,0.800000E-01,360,20,30,gill,r3_50_1,2.41000,uvw,axis,7.00000,11.0000,12.5000,0.200000E-01,licor,li7500_1,14.0000,31.0000,1.00000,-9999,-9999,-9999,0.950000,12.7000,0.100000,licor,li7500_1,14.0000,31.0000,1.00000,-9999,-9999,-9999,-9999,-9999,0.950000,12.7000,0.100000,other_irga,generic_closed_path_2,14.0000,31.0000,1.00000,700.000,4.00000,8.00000,4.15000,32.0000,0.130800,other_irga,generic_closed_path_2,14.0000,31.0000,1.00000,700.000,4.00000,8.00000,4.15000,32.0000,0.130800,13,16.0000,0.00000,248.050,50.3151,12.5889,96500.8,1.37441,22.0000,96.5004,0.500389,2.14748,303.705,5322.04,0
202005142130,202005142200,135.8956,135.9165,CH-CHA_202005141900.csv,0.00000,1,36000,36000,36000,36000,36000,36000,36000,36000,36000,36000,36000,36000,36000,36000,36000,36000,-0.376985E-01,-11.1953,24.9078,0.366262E-01,8.33717,0.565219,-3.79117,0.275169,0.542217E-02,1.02450,3.20460,0.471227E-02,1.08909,0.727202E-01,1.78427,0.406204E-01,-0.335899,-0.343421E-01,-0.504991E-04,0.196803,-0.779308E-03,0.113055,0.211978E-01,-0.575833E-10,-0.157413E-11,-0.259252E-09,-0.427614E-10,-1.28026,-0.275774,0.638072E-01,1.31118,-0.785176E-13,-0.343193E-14,1.31118,4.11822,359.850,27.4928,0.182598,0.425916,46.2871,0.434246E-01,-0.449470,0.535836E-01,24.1663,23.0620,96.5595,40.1957,0.255996E-01,1.13066,1144.22,1011.99,0.826528E-02,11.2986,28.1091,0.731016E-02,16.8105,8.77215,95.4297,1.12239,0.259027E-01,0.244548E+07,0.736399E-02,2,16.7787,434.631,429.528,2,458.673,11.8814,11.7418,0,0.755410E-01,1956.80,1933.82,0,0.124598E-01,322.757,318.967,0.250000,0.250000,0.00000,-0.980588,10.0000,0.100000,0.100000,0.00000,-0.980588,10.0000,7.90000,7.90000,3.90610,-1.00000,10.0000,0.300000,0.300000,3.90610,-1.00000,10.0000,1.26743,-0.461658E-01,0.154939E-01,24.1600,16.7810,460.084,1.95553,0.322756,0.760955,-0.366810,-0.128741,24.0900,16.6803,452.090,1.95399,0.322518,1.80012,0.328944,0.140553,24.2500,16.8874,466.899,1.95765,0.322997,0.712274,0.540906,0.227856,0.106788,0.189761,12.2327,0.539793E-02,0.357063E-03,0.277095,0.368596,-0.412934,0.317200E-02,-0.845391,-0.805298,3.54488,-0.128898E-02,2.45183,3.25005,4.30876,2.53330,12.7208,5.75055,20.1709,3.02985,-0.329025E-01,-0.847163E-02,0.702381E-02,0.465919,-0.782882E-04,0.568226E-05,0.224539,-0.695999E-04,0.927453E-05,-0.149964E-01,0.290772E-03,-0.127920E-07,-9999,-9999,-9999,-9999,-9999,-9999,-9999,-9999,0.181587,52.7717,0.380886E-01,-0.372820E-01,-9.69338,20.5319,0.301916E-01,7.02381,0.465919,-3.02239,0.219369,-0.376985E-01,-9.69338,25.2840,0.371794E-01,8.64947,0.573756,-3.02239,0.219369,-0.376985E-01,-10.9456,24.9984,0.367595E-01,8.33717,0.567276,-3.02239,0.219369,23.0620,96.5595,-9999,-9999,0.255996E-01,0.255996E-01,-9999,-9999,-9999,-9999,-9999,-9999,-9999,-9999,-9999,-9999,-9999,-9999,-9999,1.01117,1.02282,1.23145,1.23145,1.23145,1.23145,1.25436,1.25436,-9999,-9999,-9999,-9999,-9999,-9999,-9999,-9999,-9999,-9999,1,4,1,5,292,179,0,0,0,0,0,0,0,0,0,2,7,2,10,355,221,0,0,0,0,0,0,0,0,0,0,800000000,800000000,800000001,800000011,800001100,800000111,800001111,800000011,80011,80011,80,80,0.00000,0.00000,0.00000,0.00000,0.200000,0.500000E-01,7.85000,0.250000,7.20452,8.15650,10.2655,13.5838,48.6879,46.0704,15.0437,5.84054,139,536,139,14329,229,218,17973,18042,0.335990E-01,0.338371E-01,0.522585E-01,0.522585E-01,0.137296,0.522585E-01,0.761782E-02,0.258814E-01,1.45594,1.63813,1.27362,1.20499,1.55581,1.01701,5,8,13,21,58,19,28,18,35,1,1,1,2,4,2,2,2,3,0,0,0,0,0,0,1,0,-9999,-9999,-9999,-9999,-9999,-9999,-9999,-9999,-9999,-9999,-9999,-9999,-9999,-9999,-9999,-9999,-9999,-9999,-9999,-9999,-9999,-9999,-9999,-9999,-9999,-9999,-9999,-9999,-9999,9999,-51,-9999,0,0,1,192.156,2.78935,-9999,0,0,3,1,0,1,0,-9999,-9999,-9999,47.2102,8.41064,393.000,0.500000,0.400000,0.800000E-01,360,20,30,gill,r3_50_1,2.41000,uvw,axis,7.00000,11.0000,12.5000,0.200000E-01,licor,li7500_1,14.0000,31.0000,1.00000,-9999,-9999,-9999,0.950000,12.7000,0.100000,licor,li7500_1,14.0000,31.0000,1.00000,-9999,-9999,-9999,-9999,-9999,0.950000,12.7000,0.100000,other_irga,generic_closed_path_2,14.0000,31.0000,1.00000,700.000,4.00000,8.00000,4.15000,32.0000,0.130800,other_irga,generic_closed_path_2,14.0000,31.0000,1.00000,700.000,4.00000,8.00000,4.15000,32.0000,0.130800,13,16.0000,0.00000,248.117,50.7299,12.5111,96500.5,1.37035,22.0000,96.5005,0.500528,2.14748,303.710,5322.91,0
202005142200,202005142230,135.9165,135.9373,CH-CHA_202005141900.csv,0.00000,1,36000,36000,36000,36000,36000,36000,36000,36000,36000,36000,36000,36000,36000,36000,36000,36000,-0.474415E-01,-6.99971,-7.58276,-0.111514E-01,4.67468,-0.172089,-2.47854,0.136121,0.654886E-02,0.953370,2.62945,0.386693E-02,0.711148,0.596748E-01,1.33393,0.421184E-01,0.161615,0.540495E-02,0.794863E-05,-0.891288E-01,0.122664E-03,0.155159,-0.101784E-01,-0.103049E-10,-0.282875E-12,-0.466499E-10,-0.767810E-11,-1.33480,0.482027E-01,0.873156E-01,1.33852,-0.151876E-12,-0.616823E-15,1.33852,4.46781,11.7219,28.9798,0.204876,0.513586,104.569,0.192218E-01,0.923108,0.298699E-01,24.2724,23.1675,96.5595,39.9480,0.256088E-01,1.13025,1143.81,1012.00,0.826398E-02,11.3009,28.2890,0.731161E-02,16.9881,8.77508,95.4294,1.12199,0.259120E-01,0.244523E+07,0.736547E-02,2,16.7064,432.914,427.830,2,458.600,11.8838,11.7442,0,0.756294E-01,1959.79,1936.78,0,0.124478E-01,322.562,318.773,0.200000,0.200000,0.00000,-0.980588,10.0000,9.85000,9.85000,0.00000,-0.980588,10.0000,7.85000,7.85000,3.90610,-1.00000,10.0000,0.450000,0.450000,3.90610,-1.00000,10.0000,1.22602,-0.283670E-01,0.134817E-01,24.2700,16.7011,459.821,1.95925,0.322563,0.846895,-0.443401,-0.116713,24.1900,16.6149,452.418,1.95746,0.322306,1.71571,0.471261,0.134911,24.3500,16.7915,465.505,1.96124,0.322820,0.674481,0.720784,0.229604,0.121490,0.162908,10.6744,0.435240E-02,0.373927E-03,0.768637,0.601263E-01,-0.414007,0.266820,0.180452,-0.629130,3.43717,-0.652876E-02,3.38703,3.11459,4.89910,3.07193,30.7737,5.82537,25.4059,2.93828,-0.399492E-01,-0.633526E-02,0.418984E-02,-0.132122,-0.519090E-04,0.285085E-05,-0.906393E-01,0.216533E-04,0.974551E-05,-0.767635E-02,-0.318792E-03,0.167203E-06,28.2683,-4.28982,9.70359,24.1633,36.8506,51.6835,61.8519,77.4312,0.203811,99.8127,0.201377E-01,-0.469493E-01,-7.24635,-5.82168,-0.856149E-02,4.18984,-0.132122,-2.00328,0.110020,-0.474415E-01,-7.24635,-7.07669,-0.104071E-01,5.09307,-0.160604,-2.00328,0.110020,-0.474415E-01,-6.85385,-7.59764,-0.111732E-01,4.67468,-0.172427,-2.00328,0.110020,23.1675,96.5595,-9999,-9999,0.256088E-01,0.256088E-01,-9999,-9999,-9999,-9999,-9999,-9999,-9999,-9999,-9999,-9999,-9999,-9999,-9999,1.01048,1.02128,1.21558,1.21558,1.21558,1.21558,1.23724,1.23724,-9999,-9999,-9999,-9999,-9999,-9999,-9999,-9999,-9999,-9999,3,7,2,2,189,112,0,0,0,0,0,0,0,0,0,6,14,4,2,229,143,0,0,0,0,0,0,0,0,0,0,800000000,800000000,800000111,800000011,800001100,800000111,800001111,800000011,80011,80011,80,81,0.00000,0.00000,0.00000,0.00000,0.150000,9.80000,7.80000,0.400000,7.68592,9.17395,11.5122,16.6055,128.165,26.0658,8.88229,5.80916,80,445,80,13507,483,463,17988,18056,0.306416E-01,0.313835E-01,0.659372E-01,0.659372E-01,0.120302,0.659372E-01,0.625746E-02,0.179692E-01,1.38690,1.31736,1.59933,0.989358,1.19596,0.842276,7,2,0,7,36,12,10,25,12,1,1,1,1,3,1,2,2,1,0,0,0,0,0,0,1,0,-9999,-9999,-9999,-9999,-9999,-9999,-9999,-9999,-9999,-9999,-9999,-9999,-9999,-9999,-9999,-9999,-9999,-9999,-9999,-9999,-9999,-9999,-9999,-9999,-9999,-9999,-9999,-9999,-9999,9999,-50,-9999,0,0,1,177.932,3.74022,-9999,0,0,3,1,0,1,0,-9999,-9999,-9999,47.2102,8.41064,393.000,0.500000,0.400000,0.800000E-01,360,20,30,gill,r3_50_1,2.41000,uvw,axis,7.00000,11.0000,12.5000,0.200000E-01,licor,li7500_1,14.0000,31.0000,1.00000,-9999,-9999,-9999,0.950000,12.7000,0.100000,licor,li7500_1,14.0000,31.0000,1.00000,-9999,-9999,-9999,-9999,-9999,0.950000,12.7000,0.100000,other_irga,generic_closed_path_2,14.0000,31.0000,1.00000,700.000,4.00000,8.00000,4.15000,32.0000,0.130800,other_irga,generic_closed_path_2,14.0000,31.0000,1.00000,700.000,4.00000,8.00000,4.15000,32.0000,0.130800,13,16.0000,0.00000,248.069,50.4342,12.5140,96495.9,1.37154,22.0000,96.5009,0.500861,2.14748,303.708,5319.70,0
202005142230,202005142300,135.9373,135.9581,CH-CHA_202005141900.csv,0.00000,1,36000,36000,36000,36000,36000,36000,36000,36000,36000,36000,36000,36000,36000,36000,36000,36000,-0.469506E-01,-12.7273,12.3192,0.181167E-01,8.73623,0.279578,1.44415,0.318890,0.573547E-02,1.37114,2.74286,0.403367E-02,1.18746,0.622480E-01,1.18120,0.645096E-01,-0.144015E-01,0.168573,0.247905E-03,0.769569E-01,0.382570E-02,0.984595E-01,-0.527912E-02,0.231718E-10,0.637842E-12,0.104641E-09,0.172008E-10,-1.45782,-0.169037,0.699979E-01,1.46926,0.443408E-13,0.138226E-14,1.46926,4.01221,1.32704,21.4783,0.203813,0.351382,56.6203,0.354997E-01,-1.03313,0.545923E-01,24.2699,23.1581,96.5595,40.2179,0.256085E-01,1.13026,1143.86,1012.04,0.831532E-02,11.3707,28.2728,0.735701E-02,16.9021,8.86626,95.4224,1.12194,0.259137E-01,0.244525E+07,0.741154E-02,2,16.7638,434.429,429.296,2,461.450,11.9584,11.8171,0,0.757033E-01,1961.83,1938.65,0,0.124440E-01,322.484,318.673,0.150000,0.150000,0.00000,-0.980588,10.0000,0.100000,0.100000,0.00000,-0.980588,10.0000,0.600000,0.600000,3.90610,-1.00000,10.0000,0.650000,0.650000,3.90610,-1.00000,10.0000,1.44428,-0.163559E-01,0.161962E-01,24.2700,16.7540,462.585,1.96171,0.322481,1.03683,-0.302122,-0.124787,24.1800,16.6667,456.201,1.95873,0.322220,1.88291,0.322502,0.141959,24.3500,16.8639,467.924,1.96429,0.322740,0.635172,0.487139,0.249032,0.124074,0.159922,9.96062,0.395807E-02,0.380503E-03,0.167223,-0.123383,-0.544639,0.125939,0.409846E-01,-0.547089,0.454707,0.282299E-01,3.00740,3.67366,5.58341,2.75962,7.31646,3.78722,2.89394,2.96655,-0.402052E-01,-0.103405E-01,0.752306E-02,0.238898,0.298661E-04,0.659491E-05,-0.160974,0.749350E-04,0.918080E-05,0.291297E-02,-0.810917E-04,-0.170501E-06,26.3798,-4.00323,9.05533,22.5490,34.3887,48.2307,57.7198,72.2583,0.202704,60.1605,0.334106E-01,-0.464411E-01,-11.8281,10.5266,0.154806E-01,7.52306,0.238898,1.15252,0.254495,-0.469506E-01,-11.8281,12.9376,0.190262E-01,9.24613,0.293614,1.15252,0.254495,-0.469506E-01,-12.4446,12.3738,0.181970E-01,8.73623,0.280817,1.15252,0.254495,23.1581,96.5595,-9999,-9999,0.256085E-01,0.256085E-01,-9999,-9999,-9999,-9999,-9999,-9999,-9999,-9999,-9999,-9999,-9999,-9999,-9999,1.01097,1.02272,1.22904,1.22904,1.22904,1.22904,1.25303,1.25303,-9999,-9999,-9999,-9999,-9999,-9999,-9999,-9999,-9999,-9999,15,15,6,2,180,132,0,0,0,0,0,0,0,0,0,23,26,8,2,211,172,0,0,0,0,0,0,0,0,0,0,800000000,800000000,800000101,800000011,800000100,800000011,800000011,800000011,80011,80011,80,80,0.00000,0.00000,0.00000,0.00000,0.100000,0.500000E-01,0.550000,0.600000,7.76522,8.02791,11.4876,18.1551,66.9164,12.3015,5.71356,5.89183,91,446,91,13691,254,244,18070,18056,0.268266E-01,0.340031E-01,0.187516E-01,0.187516E-01,0.489441E-01,0.187516E-01,0.201478E-02,0.322899E-01,0.966460,1.06620,0.798251,0.988009,1.15734,0.518877,1,4,9,1,98,4,4,19,29,1,1,1,1,5,1,2,2,2,0,0,0,0,0,0,1,0,-9999,-9999,-9999,-9999,-9999,-9999,-9999,-9999,-9999,-9999,-9999,-9999,-9999,-9999,-9999,-9999,-9999,-9999,-9999,-9999,-9999,-9999,-9999,-9999,-9999,-9999,-9999,-9999,-9999,9999,-50,-9999,0,0,1,186.614,2.73070,-9999,0,0,3,1,0,1,0,-9999,-9999,-9999,47.2102,8.41064,393.000,0.500000,0.400000,0.800000E-01,360,20,30,gill,r3_50_1,2.41000,uvw,axis,7.00000,11.0000,12.5000,0.200000E-01,licor,li7500_1,14.0000,31.0000,1.00000,-9999,-9999,-9999,0.950000,12.7000,0.100000,licor,li7500_1,14.0000,31.0000,1.00000,-9999,-9999,-9999,-9999,-9999,0.950000,12.7000,0.100000,other_irga,generic_closed_path_2,14.0000,31.0000,1.00000,700.000,4.00000,8.00000,4.15000,32.0000,0.130800,other_irga,generic_closed_path_2,14.0000,31.0000,1.00000,700.000,4.00000,8.00000,4.15000,32.0000,0.130800,13,16.0000,0.00000,248.062,50.3899,12.5262,96437.2,1.37127,22.0000,96.5011,0.501111,2.14748,303.691,5317.31,0
202005142300,202005142330,135.9581,135.9790,CH-CHA_202005141900.csv,0.00000,1,36000,36000,36000,36000,36000,36000,36000,36000,36000,36000,36000,36000,36000,36000,36000,36000,-0.274382E-01,-9.14383,18.9484,0.278642E-01,7.76463,0.430004,-1.71843,0.238850,0.500233E-02,1.05947,4.02531,0.591936E-02,1.24185,0.913481E-01,1.38059,0.512481E-01,-0.789242E-01,-0.170127,-0.250178E-03,0.135711,-0.386077E-02,-0.571442E-01,-0.192187E-02,0.266422E-10,0.724445E-12,0.119526E-09,0.196563E-10,-1.04697,-0.179790,0.686369E-01,1.06451,0.189240E-13,0.157945E-14,1.06451,4.40247,1.50981,32.2545,0.155792,0.361796,35.1977,0.571060E-01,-0.482566,0.513026E-01,24.2112,23.1066,96.5595,40.0931,0.256035E-01,1.13049,1144.05,1011.99,0.826522E-02,11.3002,28.1850,0.731121E-02,16.8848,8.77426,95.4295,1.12222,0.259067E-01,0.244537E+07,0.736506E-02,2,16.8680,437.012,431.880,2,458.669,11.8831,11.7435,0,0.756757E-01,1960.59,1937.56,0,0.124450E-01,322.423,318.636,0.200000,0.200000,0.00000,-0.980588,10.0000,0.150000,0.150000,0.00000,-0.980588,10.0000,5.10000,5.10000,3.90610,-1.00000,10.0000,0.250000,0.250000,3.90610,-1.00000,10.0000,1.00497,-0.257003E-01,0.144581E-01,24.2100,16.8694,459.457,1.96005,0.322421,0.614445,-0.287265,-0.104975,24.1000,16.7435,450.103,1.95748,0.322159,1.40998,0.270596,0.114362,24.3200,16.9978,467.254,1.96319,0.322682,0.652314,0.509973,0.194955,0.138411,0.203675,17.3257,0.450988E-02,0.385102E-03,0.840548,0.405816,-0.304755,0.368942E-01,-0.247171,0.862891,1.72033,0.407508E-01,4.26405,4.26235,4.49585,2.39925,5.02200,12.9845,11.4350,2.93359,-0.237771E-01,-0.698220E-02,0.647915E-02,0.352676,-0.352843E-04,0.490425E-05,-0.246715,0.173831E-03,0.177760E-04,-0.398556E-02,0.648265E-03,0.194451E-06,-9999,-9999,-9999,-9999,-9999,-9999,-9999,-9999,0.154881,39.7356,0.505844E-01,-0.271181E-01,-7.98796,15.5409,0.228534E-01,6.47915,0.352676,-1.36198,0.189305,-0.274382E-01,-7.98796,19.2719,0.283400E-01,8.03465,0.437346,-1.36198,0.189305,-0.274382E-01,-8.93353,19.0181,0.279668E-01,7.76463,0.431587,-1.36198,0.189305,23.1066,96.5595,-9999,-9999,0.256035E-01,0.256035E-01,-9999,-9999,-9999,-9999,-9999,-9999,-9999,-9999,-9999,-9999,-9999,-9999,-9999,1.01180,1.02354,1.24008,1.24008,1.24008,1.24008,1.26172,1.26172,-9999,-9999,-9999,-9999,-9999,-9999,-9999,-9999,-9999,-9999,6,3,2,6,306,135,0,0,0,0,0,0,0,0,0,9,3,4,12,348,158,0,0,0,0,0,0,0,0,0,0,800000000,800000000,800000001,800000011,800000100,800001111,800001111,800000011,80011,80011,80,80,0.00000,0.00000,0.00000,0.00000,0.150000,0.100000,5.05000,0.200000,11.2336,11.4301,12.6470,18.4584,26.1236,32.4637,7.00406,6.01885,333,900,333,14723,472,452,18042,18074,0.538281E-01,0.232460E-01,0.426161E-01,0.426161E-01,0.104287,0.426161E-01,0.307014E-01,0.127342E-02,1.53797,0.904091,1.25991,1.29476,0.922344,0.864559,0,0,0,11,10,4,35,20,5,1,1,1,1,1,1,3,2,1,1,0,0,0,0,0,0,0,-9999,-9999,-9999,-9999,-9999,-9999,-9999,-9999,-9999,-9999,-9999,-9999,-9999,-9999,-9999,-9999,-9999,-9999,-9999,-9999,-9999,-9999,-9999,-9999,-9999,-9999,-9999,-9999,-9999,9999,-52,-9999,0,0,1,189.744,3.69687,-9999,0,0,3,1,0,1,0,-9999,-9999,-9999,47.2102,8.41064,393.000,0.500000,0.400000,0.800000E-01,360,20,30,gill,r3_50_1,2.41000,uvw,axis,7.00000,11.0000,12.5000,0.200000E-01,licor,li7500_1,14.0000,31.0000,1.00000,-9999,-9999,-9999,0.950000,12.7000,0.100000,licor,li7500_1,14.0000,31.0000,1.00000,-9999,-9999,-9999,-9999,-9999,0.950000,12.7000,0.100000,other_irga,generic_closed_path_2,14.0000,31.0000,1.00000,700.000,4.00000,8.00000,4.15000,32.0000,0.130800,other_irga,generic_closed_path_2,14.0000,31.0000,1.00000,700.000,4.00000,8.00000,4.15000,32.0000,0.130800,13,16.0000,0.00000,248.301,51.8823,12.5478,96420.1,1.37050,22.0000,96.5014,0.501417,2.14748,303.700,5317.40,0
202005142330,202005150000,135.9790,136.0000,CH-CHA_202005141900.csv,0.00000,1,36000,36000,36000,36000,36000,36000,36000,36000,36000,36000,36000,36000,36000,36000,36000,36000,-0.104872E-01,-6.64871,20.4273,0.300426E-01,5.06417,0.463621,0.539516,0.143802,0.277922E-02,1.12662,7.51647,0.110545E-01,1.21260,0.170595,0.585487,0.454470E-01,0.188938,-0.746535,-0.109794E-02,0.556618E-01,-0.169435E-01,-0.704531E-01,0.571879E-02,-0.297692E-10,-0.785298E-12,-0.133136E-09,-0.219171E-10,-0.931452,0.159093E-01,0.554633E-01,0.933237,-0.462800E-13,-0.176106E-14,0.933237,3.25712,10.4041,33.9401,0.963298E-01,0.290660,11.4427,0.175658,-0.325482,0.603582E-01,24.3047,23.2300,96.5595,38.7049,0.256115E-01,1.13015,1143.51,1011.82,0.803552E-02,10.9908,28.3963,0.711013E-02,17.4056,8.36429,95.4604,1.12212,0.259064E-01,0.244508E+07,0.716104E-02,2,16.9041,437.942,432.941,2,445.922,11.5527,11.4208,0,0.755995E-01,1958.59,1936.22,0,0.124454E-01,322.428,318.745,0.150000,0.150000,0.00000,-0.980588,10.0000,0.00000,0.00000,0.00000,-0.980588,10.0000,3.50000,3.50000,3.90610,-1.00000,10.0000,0.500000,0.500000,3.90610,-1.00000,10.0000,0.882075,-0.237897E-01,0.130156E-01,24.3200,16.8839,447.793,1.95859,0.322409,0.584351,-0.351322,-0.899933E-01,24.1900,16.7600,436.507,1.95715,0.322139,1.21420,0.341419,0.102532,24.4300,17.0459,458.663,1.96001,0.322697,0.504663,0.543901,0.175519,0.148810,0.238611,23.8877,0.250756E-02,0.417759E-03,0.528685,0.287541,-0.428584,-0.241817,0.263075,-0.516498E-01,0.107701,0.219813,3.64832,3.19792,4.81376,2.13809,5.20713,6.53189,3.99287,3.02412,-0.910326E-02,-0.479895E-02,0.393929E-02,0.354137,0.103870E-04,0.276855E-05,-1.90790,0.130501E-03,0.323916E-04,-0.369087E-02,-0.528604E-03,0.119863E-06,-9999,-9999,-9999,-9999,-9999,-9999,-9999,-9999,0.955958E-01,13.5984,0.147812,-0.103280E-01,-5.48766,15.6034,0.229481E-01,3.93929,0.354137,0.400945,0.106867,-0.104872E-01,-5.48766,20.5802,0.302675E-01,5.19576,0.467092,0.400945,0.106867,-0.104872E-01,-6.44730,20.4954,0.301427E-01,5.06417,0.465166,0.400945,0.106867,23.2300,96.5595,-9999,-9999,0.256115E-01,0.256115E-01,-9999,-9999,-9999,-9999,-9999,-9999,-9999,-9999,-9999,-9999,-9999,-9999,-9999,1.01541,1.03124,1.31896,1.31896,1.31896,1.31896,1.34561,1.34561,-9999,-9999,-9999,-9999,-9999,-9999,-9999,-9999,-9999,-9999,15,7,3,2,112,68,0,0,0,0,0,0,0,0,0,26,9,6,5,127,101,0,0,0,0,0,0,0,0,0,0,800000000,800000000,800000111,800000011,800000100,800000111,800000011,800000011,80001,80011,80,80,0.00000,0.00000,0.00000,0.00000,0.100000,0.00000,3.45000,0.450000,7.39864,8.76909,9.15646,21.5824,25.0598,28.5426,5.63747,6.02754,171,808,187,14882,237,220,18118,18116,0.386672E-01,0.244544E-01,0.307118E-01,0.307118E-01,0.751816E-01,0.307118E-01,0.288812E-01,0.139596E-02,0.712250,2.44337,1.28629,0.574116,0.638350,2.19589,5,6,4,4,6,27,58,9,14,1,1,1,1,1,2,4,1,1,1,0,0,0,0,0,0,0,-9999,-9999,-9999,-9999,-9999,-9999,-9999,-9999,-9999,-9999,-9999,-9999,-9999,-9999,-9999,-9999,-9999,-9999,-9999,-9999,-9999,-9999,-9999,-9999,-9999,-9999,-9999,-9999,-9999,9999,-52,-9999,0,0,1,179.021,3.40716,-9999,0,0,3,1,0,1,0,-9999,-9999,-9999,47.2102,8.41064,393.000,0.500000,0.400000,0.800000E-01,360,20,30,gill,r3_50_1,2.41000,uvw,axis,7.00000,11.0000,12.5000,0.200000E-01,licor,li7500_1,14.0000,31.0000,1.00000,-9999,-9999,-9999,0.950000,12.7000,0.100000,licor,li7500_1,14.0000,31.0000,1.00000,-9999,-9999,-9999,-9999,-9999,0.950000,12.7000,0.100000,other_irga,generic_closed_path_2,14.0000,31.0000,1.00000,700.000,4.00000,8.00000,4.15000,32.0000,0.130800,other_irga,generic_closed_path_2,14.0000,31.0000,1.00000,700.000,4.00000,8.00000,4.15000,32.0000,0.130800,13,16.0000,0.00000,248.394,52.4655,12.6508,96433.5,1.37264,22.0000,96.5028,0.502806,2.14748,303.721,5317.29,0
202005150000,202005150030,136.0000,136.0208,CH-CHA_202005141900.csv,0.00000,1,36000,36000,36000,36000,36000,36000,36000,36000,36000,36000,36000,36000,36000,36000,36000,36000,-0.519656E-01,-15.8687,-12.6068,-0.185411E-01,12.9462,-0.286128,5.16918,0.542787,0.362065E-02,2.12736,7.66536,0.112737E-01,1.81708,0.173976,1.63571,0.817883E-01,0.203388E-01,1.41900,0.208696E-02,-0.487180E-01,0.322062E-01,-0.402439E-01,-0.111448E-01,0.108796E-09,0.303069E-11,0.487414E-09,0.802176E-10,-1.36058,0.543123E-01,0.642558E-01,1.36318,0.153735E-12,0.645141E-14,1.36318,4.41634,8.53682,29.8421,0.214461,0.481051,52.9097,0.379893E-01,1.25875,0.647034E-01,24.3758,23.2432,96.5595,40.7451,0.256177E-01,1.12984,1143.58,1012.16,0.846527E-02,11.5791,28.4184,0.749244E-02,16.8393,9.13529,95.4016,1.12138,0.259286E-01,0.244505E+07,0.754900E-02,2,16.8638,437.275,432.012,2,469.771,12.1810,12.0344,0,0.755515E-01,1959.03,1935.45,0,0.124341E-01,322.413,318.533,0.100000,0.100000,0.00000,-0.980588,10.0000,10.0000,10.0000,0.00000,-0.980588,10.0000,8.80000,8.80000,3.90610,-1.00000,10.0000,0.500000,0.500000,3.90610,-1.00000,10.0000,1.30342,0.889885E-01,0.185046E-01,24.3800,16.8514,471.513,1.95888,0.322414,0.973970,-0.414271,-0.137092,24.2700,16.7496,458.899,1.95653,0.322147,1.67707,0.501143,0.159084,24.4700,16.9727,482.238,1.96117,0.322675,0.607551,0.721729,0.268499,0.153440,0.178456,16.8750,0.356398E-02,0.383049E-03,0.622724,-0.661539,-0.519089,0.201821,-0.607571E-01,-0.168187,0.458988,0.273453E-01,4.01501,3.72541,4.88881,2.92496,6.62117,4.64341,3.42246,2.94781,-0.133879E-01,-0.141300E-01,0.112400E-01,-0.211440,0.106671E-03,0.112009E-04,-0.572983,0.162226E-03,0.186274E-04,-0.114954E-02,-0.266090E-03,0.144653E-06,25.8711,-3.92604,8.88072,22.1142,33.7256,47.3007,56.6068,70.8650,0.213270,51.2944,0.391855E-01,-0.513900E-01,-16.1587,-9.31601,-0.137013E-01,11.2400,-0.211440,4.11402,0.431990,-0.519656E-01,-16.1587,-11.4866,-0.168936E-01,13.8588,-0.260704,4.11402,0.431990,-0.519656E-01,-15.5118,-12.6247,-0.185675E-01,12.9462,-0.286535,4.11402,0.431990,23.2432,96.5595,-9999,-9999,0.256177E-01,0.256177E-01,-9999,-9999,-9999,-9999,-9999,-9999,-9999,-9999,-9999,-9999,-9999,-9999,-9999,1.01120,1.02301,1.23299,1.23299,1.23299,1.23299,1.25648,1.25648,-9999,-9999,-9999,-9999,-9999,-9999,-9999,-9999,-9999,-9999,32,15,4,1,170,34,0,0,0,0,0,0,0,0,0,60,18,8,2,213,42,0,0,0,0,0,0,0,0,0,0,800000000,800000000,800000001,800000011,800000100,800000011,800000011,800000011,80000,80011,80,81,0.00000,0.00000,0.00000,0.00000,0.500000E-01,9.95000,8.75000,0.450000,10.4044,9.12283,12.3786,24.3419,20.5190,10.7434,5.67022,5.99169,50,342,50,13139,476,456,18125,18198,0.301756E-01,0.204540E-01,0.462870E-03,0.462870E-03,0.261757E-01,0.462870E-03,0.149610E-01,0.918086E-02,1.80209,0.952572,1.44648,0.912268,0.831500,1.08568,4,13,13,70,28,25,4,16,25,1,1,1,4,2,2,2,2,2,0,0,1,1,0,1,0,0,-9999,-9999,-9999,-9999,-9999,-9999,-9999,-9999,-9999,-9999,-9999,-9999,-9999,-9999,-9999,-9999,-9999,-9999,-9999,-9999,-9999,-9999,-9999,-9999,-9999,-9999,-9999,-9999,-9999,9999,-50,-9999,0,0,1,177.714,2.70174,-9999,0,0,3,1,0,1,0,-9999,-9999,-9999,47.2102,8.41064,393.000,0.500000,0.400000,0.800000E-01,360,20,30,gill,r3_50_1,2.41000,uvw,axis,7.00000,11.0000,12.5000,0.200000E-01,licor,li7500_1,14.0000,31.0000,1.00000,-9999,-9999,-9999,0.950000,12.7000,0.100000,licor,li7500_1,14.0000,31.0000,1.00000,-9999,-9999,-9999,-9999,-9999,0.950000,12.7000,0.100000,other_irga,generic_closed_path_2,14.0000,31.0000,1.00000,700.000,4.00000,8.00000,4.15000,32.0000,0.130800,other_irga,generic_closed_path_2,14.0000,31.0000,1.00000,700.000,4.00000,8.00000,4.15000,32.0000,0.130800,13,16.0000,0.00000,248.027,50.1705,12.6931,96441.4,1.37358,22.0000,96.5050,0.504972,2.14748,303.708,5316.90,0
202005150030,202005150100,136.0208,136.0416,CH-CHA_202005141900.csv,0.00000,1,36000,36000,36000,35989,35989,35989,35989,35989,35989,35989,35989,35989,35989,35989,35989,35989,-0.254408E-01,-8.76276,16.9885,0.249808E-01,7.64886,0.385506,1.00601,0.199290,0.367299E-02,0.851361,6.47885,0.952687E-02,1.28554,0.147020,0.911791,0.352501E-01,-0.292368,0.171845,0.252691E-03,0.146112E-01,0.389955E-02,-0.429735E-01,-0.656537E-02,0.600042E-10,0.168075E-11,0.268538E-09,0.441967E-10,-1.25803,-0.208616,0.692791E-01,1.27709,0.191193E-13,0.355366E-14,1.27709,3.79627,359.227,23.7436,0.150011,0.314844,32.7915,0.612964E-01,-0.515807,0.510469E-01,24.1912,23.0524,96.5595,41.4712,0.256018E-01,1.13054,1144.32,1012.19,0.852279E-02,11.6503,28.0924,0.753871E-02,16.4422,9.22621,95.3945,1.12202,0.259144E-01,0.244550E+07,0.759597E-02,2,16.8852,437.589,432.290,2,472.963,12.2571,12.1087,0,0.755665E-01,1958.35,1934.64,0,0.124369E-01,322.311,318.408,0.00000,0.00000,0.00000,-0.980588,10.0000,0.150000,0.150000,0.00000,-0.980588,10.0000,-0.900000,-0.900000,3.90610,-1.00000,10.0000,-0.250000,-0.250000,3.90610,-1.00000,10.0000,1.22014,0.252886E-01,0.187481E-01,24.1900,16.8942,472.153,1.95785,0.322312,0.845841,-0.287116,-0.124336,24.1200,16.8056,460.915,1.95610,0.322076,1.66124,0.343624,0.142590,24.2500,16.9881,484.923,1.96020,0.322549,0.565558,0.506874,0.230022,0.956093E-01,0.184609,23.6713,0.313737E-02,0.350706E-03,0.465983,-0.477473,-0.478872,0.111687,-1.00287,0.791625,0.693194,-0.331294E-02,2.96124,3.83187,4.33130,2.76830,7.15558,9.30781,3.33893,2.98920,-0.201441E-01,-0.673991E-02,0.635736E-02,0.315553,0.205340E-04,0.406777E-05,-2.32167,0.243411E-04,0.526479E-05,-0.526124E-02,-0.285337E-03,0.153770E-06,-9999,-9999,-9999,-9999,-9999,-9999,-9999,-9999,0.149133,36.7465,0.546991E-01,-0.251438E-01,-7.71264,13.9058,0.204478E-01,6.35736,0.315553,0.792377,0.156969,-0.254408E-01,-7.71264,17.3223,0.254718E-01,7.91934,0.393083,0.792377,0.156969,-0.254408E-01,-8.55579,17.0538,0.250769E-01,7.64886,0.386990,0.792377,0.156969,23.0524,96.5595,-9999,-9999,0.256018E-01,0.256018E-01,-9999,-9999,-9999,-9999,-9999,-9999,-9999,-9999,-9999,-9999,-9999,-9999,-9999,1.01181,1.02419,1.24570,1.24570,1.24570,1.24570,1.26961,1.26961,-9999,-9999,-9999,-9999,-9999,-9999,-9999,-9999,-9999,-9999,18,10,1,0,119,71,0,0,0,0,0,0,0,0,0,34,16,1,0,135,98,0,0,0,0,0,0,0,0,0,0,800000000,800000000,800000000,800000011,800000100,800001111,800000011,800000011,80000,80001,80,80,0.00000,0.00000,0.00000,0.00000,0.00000,0.100000,0.900000,0.250000,6.68205,7.94795,8.28801,11.3682,17.8258,19.8204,5.49252,6.03731,69,417,69,15240,250,226,18197,18214,0.318415E-01,0.226882E-02,0.294036E-01,0.294036E-01,0.875776E-01,0.294036E-01,0.122489E-01,0.785930E-02,1.19262,1.63248,1.65306,1.12023,1.24438,1.60182,1,5,0,15,49,17,21,2,33,1,1,1,1,3,2,2,1,3,0,0,0,0,0,0,1,0,-9999,-9999,-9999,-9999,-9999,-9999,-9999,-9999,-9999,-9999,-9999,-9999,-9999,-9999,-9999,-9999,-9999,-9999,-9999,-9999,-9999,-9999,-9999,-9999,-9999,-9999,-9999,-9999,-9999,9999,-51,-9999,0,0,1,189.416,3.10969,-9999,0,0,3,1,0,1,0,-9999,-9999,-9999,47.2102,8.41064,393.000,0.500000,0.400000,0.800000E-01,360,20,30,gill,r3_50_1,2.41000,uvw,axis,7.00000,11.0000,12.5000,0.200000E-01,licor,li7500_1,14.0000,31.0000,1.00000,-9999,-9999,-9999,0.950000,12.7000,0.100000,licor,li7500_1,14.0000,31.0000,1.00000,-9999,-9999,-9999,-9999,-9999,0.950000,12.7000,0.100000,other_irga,generic_closed_path_2,14.0000,31.0000,1.00000,700.000,4.00000,8.00000,4.15000,32.0000,0.130800,other_irga,generic_closed_path_2,14.0000,31.0000,1.00000,700.000,4.00000,8.00000,4.15000,32.0000,0.130800,13,16.0000,0.00000,248.123,50.7714,12.5506,96400.5,1.36954,22.0000,96.5055,0.505516,2.14748,303.689,5315.81,0
202005150100,202005150130,136.0416,136.0624,CH-CHA_202005150100.csv,0.00000,1,36000,36000,36000,36000,36000,36000,36000,36000,36000,36000,36000,36000,36000,36000,36000,36000,-0.205499E-01,-8.66047,28.9419,0.425564E-01,6.17696,0.656734,1.67240,0.199250,0.308019E-02,0.949988,2.92555,0.430174E-02,0.804078,0.663849E-01,1.44146,0.418648E-01,-0.554208E-01,0.389086,0.572114E-03,0.559398E-01,0.882892E-02,0.138982,-0.104744E-02,-0.288753E-10,-0.818027E-12,-0.129085E-09,-0.212148E-10,-1.16859,-0.225990,0.677357E-01,1.19217,0.234698E-13,-0.170578E-14,1.19217,3.11162,357.771,23.8958,0.134818,0.240002,24.0852,0.834537E-01,-0.299236,0.561279E-01,24.1708,23.0163,96.5595,42.1371,0.256000E-01,1.13060,1144.49,1012.29,0.864172E-02,11.8114,28.0308,0.764345E-02,16.2195,9.43024,95.3784,1.12196,0.259170E-01,0.244559E+07,0.770232E-02,2,16.9279,438.742,433.356,2,479.563,12.4294,12.2768,0,0.756750E-01,1961.36,1937.28,0,0.124370E-01,322.345,318.388,0.100000,0.100000,0.00000,-0.980588,10.0000,0.200000,0.200000,0.00000,-0.980588,10.0000,9.60000,9.60000,3.90610,-1.00000,10.0000,0.500000,0.500000,3.90610,-1.00000,10.0000,1.16019,0.724852E-02,0.100539E-01,24.1700,16.9176,479.658,1.96103,0.322347,0.903059,-0.276221,-0.116197,24.1000,16.8429,473.145,1.95831,0.322103,1.47213,0.287033,0.132355,24.2300,17.0031,485.679,1.96418,0.322589,0.474970,0.451969,0.223901,0.100699,0.122023,9.72673,0.388300E-02,0.361336E-03,0.239901,-0.128645,-0.403929,0.161141,0.374025,-0.373297E-01,0.282581,0.117857E-02,3.57451,3.56177,4.85151,3.04848,3.77991,4.77079,2.39107,3.02233,-0.174007E-01,-0.613381E-02,0.503339E-02,0.525905,0.338375E-04,0.403141E-05,0.964282E-02,0.389607E-04,0.712175E-05,-0.856462E-03,0.599385E-04,0.212115E-06,-9999,-9999,-9999,-9999,-9999,-9999,-9999,-9999,0.133993,29.2842,0.686378E-01,-0.202989E-01,-7.02012,23.1764,0.340787E-01,5.03339,0.525905,1.30561,0.155550,-0.205499E-01,-7.02012,29.1279,0.428299E-01,6.32593,0.660954,1.30561,0.155550,-0.205499E-01,-8.44741,29.0455,0.427086E-01,6.17696,0.659084,1.30561,0.155550,23.0163,96.5595,-9999,-9999,0.256000E-01,0.256000E-01,-9999,-9999,-9999,-9999,-9999,-9999,-9999,-9999,-9999,-9999,-9999,-9999,-9999,1.01236,1.02522,1.25679,1.25679,1.25679,1.25679,1.28094,1.28094,-9999,-9999,-9999,-9999,-9999,-9999,-9999,-9999,-9999,-9999,35,20,2,2,189,53,0,0,0,0,0,0,0,0,0,51,32,4,4,214,65,0,0,0,0,0,0,0,0,0,0,800000000,800000000,800000001,800000011,800000000,800000011,800000011,800000011,80011,80011,80,80,0.00000,0.00000,0.00000,0.00000,0.500000E-01,0.150000,9.55000,0.450000,6.55798,7.34771,9.28355,12.5030,12.7187,185.825,5.59180,5.88879,92,525,92,16005,462,444,18027,18111,0.170328E-01,0.151180E-01,0.516100E-01,0.516100E-01,0.863935E-01,0.516100E-01,0.122088E-01,0.105716E-01,1.56313,1.31224,1.12418,0.655149,1.49912,0.932909,1,4,1,4,61,0,11,3,31,1,1,1,1,4,1,1,1,3,0,0,0,0,0,0,1,0,-9999,-9999,-9999,-9999,-9999,-9999,-9999,-9999,-9999,-9999,-9999,-9999,-9999,-9999,-9999,-9999,-9999,-9999,-9999,-9999,-9999,-9999,-9999,-9999,-9999,-9999,-9999,-9999,-9999,9999,-50,-9999,0,0,1,190.945,3.25715,-9999,0,0,3,1,0,1,0,-9999,-9999,-9999,47.2102,8.41064,393.000,0.500000,0.400000,0.800000E-01,360,20,30,gill,r3_50_1,2.41000,uvw,axis,7.00000,11.0000,12.5000,0.200000E-01,licor,li7500_1,14.0000,31.0000,1.00000,-9999,-9999,-9999,0.950000,12.7000,0.100000,licor,li7500_1,14.0000,31.0000,1.00000,-9999,-9999,-9999,-9999,-9999,0.950000,12.7000,0.100000,other_irga,generic_closed_path_2,14.0000,31.0000,1.00000,700.000,4.00000,8.00000,4.15000,32.0000,0.130800,other_irga,generic_closed_path_2,14.0000,31.0000,1.00000,700.000,4.00000,8.00000,4.15000,32.0000,0.130800,13,16.0000,0.00000,248.001,50.0052,12.4663,96377.7,1.36848,22.0000,96.5024,0.502444,2.14748,303.705,5314.11,0
202005150130,202005150200,136.0624,136.0833,CH-CHA_202005150100.csv,0.00000,1,36000,36000,36000,36000,36000,36000,36000,36000,36000,36000,36000,36000,36000,36000,36000,36000,-0.264735E-01,-9.28933,27.5962,0.405801E-01,7.47118,0.626236,-14.7471,0.153565,0.305626E-02,1.04033,2.63379,0.387297E-02,1.02628,0.597681E-01,14.8763,0.651965E-01,0.969968E-01,-0.125814,-0.185010E-03,0.130557,-0.285509E-02,1.68846,0.240112E-01,-0.313030E-10,-0.877838E-12,-0.141449E-09,-0.229001E-10,-1.17800,-0.403977,0.659022E-01,1.24709,0.525133E-13,-0.183900E-14,1.24709,3.09136,348.607,21.2538,0.153036,0.224837,32.8424,0.612014E-01,-0.336617,0.530487E-01,24.2292,23.0796,96.5595,41.7908,0.256050E-01,1.13039,1144.24,1012.26,0.860175E-02,11.7593,28.1385,0.760957E-02,16.3792,9.36452,95.3836,1.12178,0.259207E-01,0.244544E+07,0.766792E-02,2,17.0217,441.235,435.842,2,477.345,12.3737,12.2224,0,0.769161E-01,1993.81,1969.44,0,0.124524E-01,322.791,318.845,0.350000,0.350000,0.00000,-0.980588,10.0000,0.200000,0.200000,0.00000,-0.980588,10.0000,3.90000,3.90000,3.90610,-1.00000,10.0000,0.950000,0.950000,3.90610,-1.00000,10.0000,1.23540,0.179592E-01,0.113889E-01,24.2300,17.0137,476.972,1.97281,0.322735,0.949915,-0.299936,-0.110662,24.1400,16.9011,470.665,1.97028,0.322424,1.51947,0.319198,0.127606,24.3200,17.1286,483.815,2.01219,0.323106,0.430570,0.469318,0.209821,0.126202,0.164916,10.4139,0.419529E-01,0.514284E-03,0.269413,-0.349792,-0.357256,-0.956428E-02,0.699070,0.153300E-02,1.96654,0.441509,3.05845,3.34863,4.12072,2.38577,15.6420,3.37803,6.32291,2.95930,-0.219426E-01,-0.672610E-02,0.616963E-02,0.508406,-0.301971E-03,0.314449E-05,-0.843693E-01,0.177781E-02,0.285103E-04,-0.759239E-01,-0.510320E-03,0.123427E-04,-9999,-9999,-9999,-9999,-9999,-9999,-9999,-9999,0.152148,39.1062,0.513985E-01,-0.261675E-01,-7.69629,22.4038,0.329447E-01,6.16963,0.508406,-11.6498,0.121312,-0.264735E-01,-7.69629,27.8366,0.409336E-01,7.66574,0.631692,-11.6498,0.121312,-0.264735E-01,-9.07291,27.6963,0.407273E-01,7.47118,0.628507,-11.6498,0.121312,23.0796,96.5595,-9999,-9999,0.256050E-01,0.256050E-01,-9999,-9999,-9999,-9999,-9999,-9999,-9999,-9999,-9999,-9999,-9999,-9999,-9999,1.01170,1.02385,1.24250,1.24250,1.24250,1.24250,1.26587,1.26587,-9999,-9999,-9999,-9999,-9999,-9999,-9999,-9999,-9999,-9999,6,8,2,0,131,32,0,0,0,0,0,0,0,0,0,13,12,3,0,139,35,0,0,0,0,0,0,0,0,0,0,800000000,800000000,800000001,800000011,800001100,800000011,800000111,800000011,80011,80011,80,80,0.00000,0.00000,0.00000,0.00000,0.300000,0.150000,3.85000,0.900000,6.63409,7.15285,8.20487,12.6167,164.792,15.6103,93.5267,5.91766,101,529,101,14927,238,223,17998,18021,0.439980E-02,0.444557E-01,0.654802E-01,0.654802E-01,0.108175,0.654802E-01,0.347985E-02,0.208808E-03,1.17324,1.03135,1.07308,1.77373,1.08424,0.621388,0,3,0,2,20,18,9,12,15,1,1,1,1,2,2,1,1,1,0,0,0,0,0,0,0,0,-9999,-9999,-9999,-9999,-9999,-9999,-9999,-9999,-9999,-9999,-9999,-9999,-9999,-9999,-9999,-9999,-9999,-9999,-9999,-9999,-9999,-9999,-9999,-9999,-9999,-9999,-9999,-9999,-9999,9999,-50,-9999,0,0,1,198.929,3.02920,-9999,0,0,3,1,0,1,0,-9999,-9999,-9999,47.2102,8.41064,393.000,0.500000,0.400000,0.800000E-01,360,20,30,gill,r3_50_1,2.41000,uvw,axis,7.00000,11.0000,12.5000,0.200000E-01,licor,li7500_1,14.0000,31.0000,1.00000,-9999,-9999,-9999,0.950000,12.7000,0.100000,licor,li7500_1,14.0000,31.0000,1.00000,-9999,-9999,-9999,-9999,-9999,0.950000,12.7000,0.100000,other_irga,generic_closed_path_2,14.0000,31.0000,1.00000,700.000,4.00000,8.00000,4.15000,32.0000,0.130800,other_irga,generic_closed_path_2,14.0000,31.0000,1.00000,700.000,4.00000,8.00000,4.15000,32.0000,0.130800,13,16.0000,0.00000,248.011,50.0687,12.5254,96369.2,1.37053,22.0000,96.5001,0.500056,2.14748,303.709,5314.17,0
202005150200,202005150230,136.0833,136.1041,CH-CHA_202005150100.csv,0.00000,1,36000,36000,36000,36000,36000,36000,36000,36000,36000,36000,36000,36000,36000,36000,36000,36000,-0.271201E-01,-5.75888,10.9499,0.160966E-01,8.54280,0.248405,9.08434,0.267143,0.229577E-02,0.510377,2.55886,0.376158E-02,0.761364,0.580491E-01,8.32929,0.504298E-01,-0.507914,0.176147,0.258940E-03,0.344599,0.399599E-02,3.48965,0.431484E-01,0.880729E-10,0.244839E-11,0.405294E-09,0.636394E-10,-1.19481,-0.527992,0.898596E-01,1.30936,0.417156E-13,0.509190E-14,1.30936,2.68101,342.651,14.2167,0.154809,0.125444,54.8394,0.366525E-01,-0.525930,0.324741E-01,23.9039,22.7484,96.5595,42.9014,0.255770E-01,1.13162,1145.53,1012.29,0.866473E-02,11.8321,27.5798,0.765693E-02,15.7477,9.45633,95.3763,1.12295,0.258943E-01,0.244622E+07,0.771601E-02,2,17.2967,447.906,442.398,2,480.840,12.4516,12.2985,0,0.795959E-01,2061.18,2035.83,0,0.124982E-01,323.646,319.666,0.400000,0.400000,0.00000,-0.980588,10.0000,0.100000,0.100000,0.00000,-0.980588,10.0000,5.45000,5.45000,3.90610,-1.00000,10.0000,0.600000,0.600000,3.90610,-1.00000,10.0000,1.27975,0.378916E-02,0.135181E-02,23.9000,17.3007,480.348,2.04925,0.323635,1.05106,-0.198704,-0.103535,23.8400,17.1868,474.445,2.03154,0.323345,1.54015,0.211754,0.105277,23.9600,17.4081,487.478,2.07417,0.323934,0.350671,0.314504,0.170309,0.888424E-01,0.170419,14.6097,0.435804E-01,0.434047E-03,0.353986,-0.176819,-0.150842,0.251834,-0.132270,0.906569,1.74986,0.138585,2.85052,3.13610,4.28962,2.94861,3.76659,15.9135,6.23867,2.96261,-0.236624E-01,-0.443610E-02,0.711455E-02,0.206682,0.188318E-03,0.553787E-05,-0.553043,0.197448E-02,0.194781E-04,-0.519043E-01,-0.229006E-03,0.757053E-05,-9999,-9999,-9999,-9999,-9999,-9999,-9999,-9999,0.153967,61.3775,0.327482E-01,-0.268258E-01,-5.08168,9.11075,0.133930E-01,7.11455,0.206682,7.27256,0.213864,-0.271201E-01,-5.08168,11.1758,0.164288E-01,8.72718,0.253530,7.27256,0.213864,-0.271201E-01,-5.63301,10.9928,0.161596E-01,8.54280,0.249377,7.27256,0.213864,22.7484,96.5595,-9999,-9999,0.255770E-01,0.255770E-01,-9999,-9999,-9999,-9999,-9999,-9999,-9999,-9999,-9999,-9999,-9999,-9999,-9999,1.01097,1.02235,1.22667,1.22667,1.22667,1.22667,1.24913,1.24913,-9999,-9999,-9999,-9999,-9999,-9999,-9999,-9999,-9999,-9999,0,14,3,0,67,67,0,0,0,0,0,0,0,0,0,0,25,9,0,72,79,0,0,0,0,0,0,0,0,0,0,800000000,800000000,800000000,800000011,800000000,800001111,800000111,800000011,80011,81011,80,80,0.00000,0.00000,0.00000,0.00000,0.350000,0.500000E-01,5.40000,0.550000,5.12011,5.79275,6.18032,10.0830,8.88836,13.4556,72.3158,5.95289,79,496,79,14696,456,444,17979,18030,0.231976E-01,0.100843E-02,0.301734E-01,0.301734E-01,0.695195E-01,0.301734E-01,0.113360E-01,0.178141E-01,0.875852,0.865055,1.07855,2.14065,0.890696,1.61032,1,10,1,2,12,5,26,29,14,1,1,1,1,1,1,2,2,1,0,0,0,0,0,0,0,0,-9999,-9999,-9999,-9999,-9999,-9999,-9999,-9999,-9999,-9999,-9999,-9999,-9999,-9999,-9999,-9999,-9999,-9999,-9999,-9999,-9999,-9999,-9999,-9999,-9999,-9999,-9999,-9999,-9999,9999,-50,-9999,0,0,1,203.841,3.93524,-9999,0,0,3,1,0,1,0,-9999,-9999,-9999,47.2102,8.41064,393.000,0.500000,0.400000,0.800000E-01,360,20,30,gill,r3_50_1,2.41000,uvw,axis,7.00000,11.0000,12.5000,0.200000E-01,licor,li7500_1,14.0000,31.0000,1.00000,-9999,-9999,-9999,0.950000,12.7000,0.100000,licor,li7500_1,14.0000,31.0000,1.00000,-9999,-9999,-9999,-9999,-9999,0.950000,12.7000,0.100000,other_irga,generic_closed_path_2,14.0000,31.0000,1.00000,700.000,4.00000,8.00000,4.15000,32.0000,0.130800,other_irga,generic_closed_path_2,14.0000,31.0000,1.00000,700.000,4.00000,8.00000,4.15000,32.0000,0.130800,13,16.0000,0.00000,248.068,50.4250,12.3909,96343.0,1.36522,22.0000,96.5001,0.500056,2.14748,303.704,5313.07,0
202005150230,202005150300,136.1041,136.1249,CH-CHA_202005150100.csv,0.00000,1,36000,36000,36000,36000,36000,36000,36000,36000,36000,36000,36000,36000,36000,36000,36000,36000,-0.281337E-01,-5.78025,12.7918,0.188016E-01,9.28751,0.290149,17.7366,0.263235,0.254284E-02,0.433540,2.68348,0.394422E-02,1.06128,0.608676E-01,6.60124,0.361440E-01,-0.221938,0.923680,0.135764E-02,-0.150757,0.209513E-01,-1.58421,-0.151714E-01,-0.161738E-10,-0.467219E-12,-0.738055E-10,-0.117524E-10,-1.39843,-0.545200,0.794014E-01,1.50305,-0.352872E-13,-0.940840E-15,1.50305,3.27066,346.477,16.0340,0.157648,0.189650,57.7022,0.348340E-01,-0.451871,0.319898E-01,23.7962,22.6038,96.5595,44.6767,0.255678E-01,1.13200,1146.16,1012.51,0.894869E-02,12.2139,27.3384,0.790518E-02,15.1245,9.92943,95.3381,1.12305,0.258953E-01,0.244656E+07,0.796817E-02,2,17.1908,445.183,439.531,2,496.598,12.8602,12.6969,0,0.784464E-01,2031.49,2005.70,0,0.124914E-01,323.485,319.378,0.350000,0.350000,0.00000,-0.980588,10.0000,0.100000,0.100000,0.00000,-0.980588,10.0000,8.65000,8.65000,3.90610,-1.00000,10.0000,0.500000,0.500000,3.90610,-1.00000,10.0000,1.49185,0.141412E-01,0.625754E-02,23.7900,17.2017,495.310,2.02623,0.323480,1.19085,-0.271765,-0.116339,23.7400,17.0795,489.339,2.01252,0.323220,1.79099,0.268776,0.120339,23.8400,17.3217,501.338,2.04648,0.323747,0.423302,0.403778,0.192557,0.733084E-01,0.207984,14.9115,0.249396E-01,0.387348E-03,0.265752,-0.324456E-01,-0.952079E-01,0.323711,-0.610403,1.89507,1.63054,0.735321E-01,2.84381,3.37066,4.03992,2.95013,4.87588,10.8203,9.18921,2.94143,-0.245012E-01,-0.437002E-02,0.770554E-02,0.240408,0.367166E-03,0.544926E-05,-1.06477,0.959562E-03,0.149993E-04,-0.692065E-01,-0.390284E-03,0.194799E-05,-9999,-9999,-9999,-9999,-9999,-9999,-9999,-9999,0.156799,65.7839,0.305546E-01,-0.278313E-01,-5.00874,10.5989,0.155785E-01,7.70554,0.240408,14.1789,0.210434,-0.281337E-01,-5.00874,13.0033,0.191125E-01,9.45360,0.294947,14.1789,0.210434,-0.281337E-01,-5.65283,12.8423,0.188758E-01,9.28751,0.291293,14.1789,0.210434,22.6038,96.5595,-9999,-9999,0.255678E-01,0.255678E-01,-9999,-9999,-9999,-9999,-9999,-9999,-9999,-9999,-9999,-9999,-9999,-9999,-9999,1.01086,1.02254,1.22686,1.22686,1.22686,1.22686,1.25091,1.25091,-9999,-9999,-9999,-9999,-9999,-9999,-9999,-9999,-9999,-9999,4,11,5,0,238,201,0,0,0,0,0,0,0,0,0,6,20,8,0,268,255,0,0,0,0,0,0,0,0,0,0,800000000,800000000,800000000,800000011,800000000,800001111,800001111,800000011,80011,80011,80,80,0.00000,0.00000,0.00000,0.00000,0.300000,0.500000E-01,8.60000,0.450000,5.58911,6.33139,7.58673,7.87706,9.54374,8.91104,56.7192,5.73901,48,325,48,14304,243,227,17955,18018,0.207945E-01,0.710537E-02,0.594347E-01,0.594347E-01,0.101442,0.594347E-01,0.937229E-02,0.146404E-01,1.28566,1.44924,1.85451,1.26797,1.20005,1.35931,2,1,0,17,18,6,13,22,29,1,1,1,2,2,1,2,2,2,0,0,0,0,0,0,0,0,-9999,-9999,-9999,-9999,-9999,-9999,-9999,-9999,-9999,-9999,-9999,-9999,-9999,-9999,-9999,-9999,-9999,-9999,-9999,-9999,-9999,-9999,-9999,-9999,-9999,-9999,-9999,-9999,-9999,9999,-51,-9999,0,0,1,201.299,3.02816,-9999,0,0,3,1,0,1,0,-9999,-9999,-9999,47.2102,8.41064,393.000,0.500000,0.400000,0.800000E-01,360,20,30,gill,r3_50_1,2.41000,uvw,axis,7.00000,11.0000,12.5000,0.200000E-01,licor,li7500_1,14.0000,31.0000,1.00000,-9999,-9999,-9999,0.950000,12.7000,0.100000,licor,li7500_1,14.0000,31.0000,1.00000,-9999,-9999,-9999,-9999,-9999,0.950000,12.7000,0.100000,other_irga,generic_closed_path_2,14.0000,31.0000,1.00000,700.000,4.00000,8.00000,4.15000,32.0000,0.130800,other_irga,generic_closed_path_2,14.0000,31.0000,1.00000,700.000,4.00000,8.00000,4.15000,32.0000,0.130800,13,16.0000,0.00000,248.082,50.5139,12.2548,96372.2,1.36356,22.0000,96.5000,0.500028,2.14748,303.694,5313.84,0
202005150300,202005150330,136.1249,136.1458,CH-CHA_202005150100.csv,0.00000,1,36000,36000,36000,36000,36000,36000,36000,36000,36000,36000,36000,36000,36000,36000,36000,36000,-0.492843E-01,-10.2485,37.7652,0.555148E-01,7.78141,0.856710,-17.2014,0.310982,0.450164E-02,0.964656,3.19652,0.469889E-02,1.00991,0.725137E-01,22.9866,0.127813,0.194853,-0.613768,-0.902238E-03,-0.359014E-01,-0.139234E-01,0.668676,-0.194416E-02,-0.531676E-10,-0.150617E-11,-0.244537E-09,-0.386890E-10,-1.67291,-0.762800,0.730475E-01,1.84006,0.105567E-13,-0.309868E-14,1.84006,4.36524,343.236,15.2495,0.208690,0.290274,75.4919,0.266254E-01,-0.271374,0.428664E-01,23.8988,22.7308,96.5595,43.4120,0.255766E-01,1.13163,1145.62,1012.36,0.875898E-02,11.9601,27.5502,0.774014E-02,15.5901,9.61641,95.3635,1.12287,0.258974E-01,0.244626E+07,0.780052E-02,2,17.1582,444.372,438.848,2,486.070,12.5885,12.4320,0,0.789167E-01,2043.83,2018.42,0,0.124857E-01,323.361,319.341,0.250000,0.250000,0.00000,-0.980588,10.0000,0.200000,0.200000,0.00000,-0.980588,10.0000,10.0000,10.0000,3.90610,-1.00000,10.0000,0.650000,0.650000,3.90610,-1.00000,10.0000,1.79019,-0.353573E-01,0.364812E-02,23.8900,17.1529,486.540,2.01136,0.323264,1.44900,-0.315862,-0.137529,23.8000,17.0239,477.818,1.98155,0.322878,2.18301,0.311869,0.137693,23.9900,17.2920,495.472,2.07141,0.323791,0.533982,0.492016,0.230934,0.134185,0.334913,16.8131,0.789195E-01,0.649542E-03,0.487839,0.176137,-0.152142,0.191322,0.169208,-0.733700,1.22651,0.472594,3.03930,3.51310,4.61860,2.43945,50.4870,18.5254,3.47004,2.67306,-0.428155E-01,-0.707799E-02,0.648183E-02,0.703986,-0.356623E-03,0.644734E-05,0.572937,0.648552E-02,0.560223E-04,0.437826E-01,0.122860E-02,0.384137E-04,28.5563,-4.33353,9.80245,24.4095,37.2260,52.2100,62.4820,78.2201,0.207591,94.2843,0.213185E-01,-0.487665E-01,-8.10869,31.0329,0.456183E-01,6.48183,0.703986,-13.7706,0.248957,-0.492843E-01,-8.10869,37.9453,0.557795E-01,7.92562,0.860795,-13.7706,0.248957,-0.492843E-01,-10.0223,37.9021,0.557161E-01,7.78141,0.859817,-13.7706,0.248957,22.7308,96.5595,-9999,-9999,0.255766E-01,0.255766E-01,-9999,-9999,-9999,-9999,-9999,-9999,-9999,-9999,-9999,-9999,-9999,-9999,-9999,1.01062,1.02257,1.22274,1.22274,1.22274,1.22274,1.24914,1.24914,-9999,-9999,-9999,-9999,-9999,-9999,-9999,-9999,-9999,-9999,8,7,7,0,437,298,0,0,0,0,0,0,0,0,0,12,12,9,0,560,396,0,0,0,0,0,0,0,0,0,0,800000000,800000000,800000000,800000011,810001100,800001111,800000011,800000011,80011,81011,80,80,0.00000,0.00000,0.00000,0.00000,0.200000,0.150000,9.95000,0.600000,6.33992,6.63828,8.70266,10.3341,163.946,96.8368,124.661,5.89579,35,236,33,12328,452,449,17938,18019,0.198539E-01,0.698168E-02,0.879622E-01,0.879622E-01,0.152458,0.879622E-01,0.412086E-02,0.214123E-02,0.604401,1.01797,1.05939,0.992114,1.52592,1.28019,2,2,4,2,129,27,13,26,9,1,1,1,1,6,2,2,2,1,0,0,0,0,0,0,2,0,-9999,-9999,-9999,-9999,-9999,-9999,-9999,-9999,-9999,-9999,-9999,-9999,-9999,-9999,-9999,-9999,-9999,-9999,-9999,-9999,-9999,-9999,-9999,-9999,-9999,-9999,-9999,-9999,-9999,9999,-50,-9999,0,0,1,204.512,2.27515,-9999,0,0,3,1,0,1,0,-9999,-9999,-9999,47.2102,8.41064,393.000,0.500000,0.400000,0.800000E-01,360,20,30,gill,r3_50_1,2.41000,uvw,axis,7.00000,11.0000,12.5000,0.200000E-01,licor,li7500_1,14.0000,31.0000,1.00000,-9999,-9999,-9999,0.950000,12.7000,0.100000,licor,li7500_1,14.0000,31.0000,1.00000,-9999,-9999,-9999,-9999,-9999,0.950000,12.7000,0.100000,other_irga,generic_closed_path_2,14.0000,31.0000,1.00000,700.000,4.00000,8.00000,4.15000,32.0000,0.130800,other_irga,generic_closed_path_2,14.0000,31.0000,1.00000,700.000,4.00000,8.00000,4.15000,32.0000,0.130800,13,16.0000,0.00000,248.052,50.3266,12.1463,96360.9,1.36405,22.0000,96.5001,0.500111,2.14748,303.685,5313.27,0
202005150330,202005150400,136.1458,136.1666,CH-CHA_202005150100.csv,0.00000,1,36000,36000,36000,36000,36000,36000,36000,36000,36000,36000,36000,36000,36000,36000,36000,36000,-0.405556E-01,-8.34651,27.3530,0.402097E-01,8.51799,0.620519,-19.2503,0.168625,0.456720E-02,0.690212,2.62771,0.386281E-02,0.784069,0.596112E-01,11.0996,0.481250E-01,0.299329E-01,-0.724943E-01,-0.106569E-03,0.673755E-03,-0.164458E-02,-1.89668,-0.890976E-02,0.144598E-09,0.408585E-11,0.653150E-09,0.105162E-09,-1.43772,-0.693669,0.738075E-01,1.59802,-0.162345E-14,0.842758E-14,1.59802,3.78964,342.639,17.4690,0.189315,0.279269,69.1993,0.290465E-01,-0.305141,0.384866E-01,23.9154,22.7503,96.5595,43.2519,0.255780E-01,1.13157,1145.54,1012.35,0.873644E-02,11.9301,27.5829,0.772065E-02,15.6528,9.57904,95.3665,1.12283,0.258980E-01,0.244622E+07,0.778072E-02,2,17.1577,444.371,438.861,2,484.819,12.5564,12.4007,0,0.775015E-01,2007.23,1982.34,0,0.124783E-01,323.179,319.171,0.300000,0.300000,0.00000,-0.980588,10.0000,0.100000,0.100000,0.00000,-0.980588,10.0000,-1.00000,-1.00000,3.90610,-1.00000,10.0000,0.700000,0.700000,3.90610,-1.00000,10.0000,1.57909,0.101287E-01,0.543645E-02,23.9100,17.1586,484.708,1.99756,0.323178,1.19914,-0.245863,-0.127442,23.8400,17.0341,477.943,1.98465,0.322893,1.98083,0.261767,0.129944,23.9800,17.2852,491.119,2.01903,0.323466,0.596762,0.397499,0.210731,0.103887,0.245623,12.9293,0.365109E-01,0.423227E-03,0.149235,-0.786198E-01,-0.840454E-01,0.314639,0.636382E-01,-0.276500E-01,2.03738,-0.111591E-02,2.84438,3.38693,3.72373,3.06053,67.2812,19.2295,8.41385,2.98099,-0.352980E-01,-0.591781E-02,0.709476E-02,0.511323,-0.400038E-03,0.350416E-05,0.100065,0.157454E-02,0.180343E-04,-0.311088E-01,0.735204E-04,0.683889E-05,-9999,-9999,-9999,-9999,-9999,-9999,-9999,-9999,0.188319,84.1910,0.238743E-01,-0.401298E-01,-6.77909,22.5395,0.331337E-01,7.09476,0.511323,-15.4467,0.135306,-0.405556E-01,-6.77909,27.5413,0.404865E-01,8.66917,0.624791,-15.4467,0.135306,-0.405556E-01,-8.16559,27.4531,0.403567E-01,8.51799,0.622789,-15.4467,0.135306,22.7503,96.5595,-9999,-9999,0.255780E-01,0.255780E-01,-9999,-9999,-9999,-9999,-9999,-9999,-9999,-9999,-9999,-9999,-9999,-9999,-9999,1.01061,1.02216,1.22191,1.22191,1.22191,1.22191,1.24625,1.24625,-9999,-9999,-9999,-9999,-9999,-9999,-9999,-9999,-9999,-9999,3,4,0,1,203,139,0,0,0,0,0,0,0,0,0,5,5,0,1,232,170,0,0,0,0,0,0,0,0,0,0,800000000,800000000,800000000,800000011,800001100,800001111,800001111,800000011,80011,80011,80,81,0.00000,0.00000,0.00000,0.00000,0.250000,0.500000E-01,1.00000,0.650000,6.89254,7.49910,8.15710,12.1653,179.503,113.004,166.572,5.77444,55,372,55,13327,234,227,18025,18027,0.274451E-01,0.481654E-01,0.111661,0.111661,0.221935,0.111661,0.958284E-02,0.216790E-01,3.15625,2.03859,1.39009,1.35845,0.532049,0.869621,8,18,2,4,53,56,4,27,20,1,2,1,1,4,4,2,2,2,0,0,0,0,0,0,1,1,-9999,-9999,-9999,-9999,-9999,-9999,-9999,-9999,-9999,-9999,-9999,-9999,-9999,-9999,-9999,-9999,-9999,-9999,-9999,-9999,-9999,-9999,-9999,-9999,-9999,-9999,-9999,-9999,-9999,9999,-50,-9999,0,0,1,205.756,2.64725,-9999,0,0,3,1,0,1,0,-9999,-9999,-9999,47.2102,8.41064,393.000,0.500000,0.400000,0.800000E-01,360,20,30,gill,r3_50_1,2.41000,uvw,axis,7.00000,11.0000,12.5000,0.200000E-01,licor,li7500_1,14.0000,31.0000,1.00000,-9999,-9999,-9999,0.950000,12.7000,0.100000,licor,li7500_1,14.0000,31.0000,1.00000,-9999,-9999,-9999,-9999,-9999,0.950000,12.7000,0.100000,other_irga,generic_closed_path_2,14.0000,31.0000,1.00000,700.000,4.00000,8.00000,4.15000,32.0000,0.130800,other_irga,generic_closed_path_2,14.0000,31.0000,1.00000,700.000,4.00000,8.00000,4.15000,32.0000,0.130800,13,16.0000,0.00000,248.029,50.1818,12.2496,96354.8,1.36660,22.0000,96.5001,0.500111,2.14748,303.686,5312.76,0
202005150400,202005150430,136.1666,136.1874,CH-CHA_202005150100.csv,0.00000,1,36000,36000,36000,36000,36000,36000,36000,36000,36000,36000,36000,36000,36000,36000,36000,36000,-0.593819E-01,-10.7709,43.7033,0.642361E-01,6.52264,0.991298,-25.6420,0.294922,0.492289E-02,0.693300,3.87629,0.569747E-02,0.956511,0.879239E-01,19.6578,0.543231E-01,-0.218883,0.203481,0.299082E-03,0.308682E-01,0.461546E-02,1.60698,0.905809E-02,0.155687E-09,0.442440E-11,0.713124E-09,0.113136E-09,-1.79511,-0.786668,0.964089E-01,1.96229,0.783607E-13,0.905761E-14,1.96229,4.58004,343.928,16.0146,0.229028,0.359220,94.9447,0.211702E-01,-0.246455,0.410335E-01,23.7805,22.6077,96.5595,43.9355,0.255664E-01,1.13208,1146.10,1012.39,0.880228E-02,12.0142,27.3452,0.777533E-02,15.3309,9.68365,95.3581,1.12327,0.258885E-01,0.244655E+07,0.783626E-02,2,17.1885,445.005,439.448,2,488.473,12.6464,12.4885,0,0.787320E-01,2038.35,2012.89,0,0.124907E-01,323.382,319.343,0.100000,0.100000,0.00000,-0.980588,10.0000,0.150000,0.150000,0.00000,-0.980588,10.0000,9.85000,9.85000,3.90610,-1.00000,10.0000,0.500000,0.500000,3.90610,-1.00000,10.0000,1.90324,-0.288075E-01,0.522363E-02,23.7800,17.1753,488.260,2.01627,0.323369,1.54706,-0.367845,-0.156456,23.7200,17.0367,479.185,2.00158,0.323093,2.31726,0.345510,0.161269,23.8400,17.3161,501.174,2.05582,0.323661,0.577251,0.562737,0.261817,0.817474E-01,0.388094,19.5520,0.527137E-01,0.419984E-03,0.569255,0.206489,-0.187786,0.106005,0.351400,-0.854948,1.36139,0.140368,3.25802,3.31333,4.45122,2.45387,37.5746,13.1838,3.68316,2.97900,-0.512036E-01,-0.725508E-02,0.543856E-02,0.815180,-0.532338E-03,0.612269E-05,-0.414530,0.279188E-02,0.171802E-04,-0.334274,-0.101278E-02,0.950573E-05,27.8229,-4.22223,9.55071,23.7826,36.2700,50.8692,60.8774,76.2113,0.227836,121.555,0.165357E-01,-0.587652E-01,-8.31509,35.9387,0.528236E-01,5.43856,0.815180,-20.5627,0.236502,-0.593819E-01,-8.31509,43.8439,0.644428E-01,6.63483,0.994487,-20.5627,0.236502,-0.593819E-01,-10.5342,43.8613,0.644684E-01,6.52264,0.994882,-20.5627,0.236502,22.6077,96.5595,-9999,-9999,0.255664E-01,0.255664E-01,-9999,-9999,-9999,-9999,-9999,-9999,-9999,-9999,-9999,-9999,-9999,-9999,-9999,1.01049,1.02247,1.21996,1.21996,1.21996,1.21996,1.24702,1.24702,-9999,-9999,-9999,-9999,-9999,-9999,-9999,-9999,-9999,-9999,5,17,3,0,628,412,2,0,0,0,0,0,0,0,0,10,25,4,0,768,499,5,0,0,0,0,0,0,0,0,0,800000000,800000000,800000000,800000011,810001100,810001111,800000111,800000011,80011,81011,80,80,0.00000,0.00000,0.00000,0.00000,0.500000E-01,0.100000,9.80000,0.450000,6.05842,6.72432,7.47834,8.02447,99.9613,65.3557,44.0580,5.88369,17,175,25,12384,446,443,17946,18033,0.290597E-01,0.781763E-02,0.137121,0.137121,0.145120,0.137121,0.409472E-02,0.529302E-02,1.19285,0.899252,1.79991,1.42818,1.17741,0.829907,1,1,3,8,33,9,13,23,45,1,1,1,1,3,1,2,2,3,0,0,0,0,0,0,1,0,-9999,-9999,-9999,-9999,-9999,-9999,-9999,-9999,-9999,-9999,-9999,-9999,-9999,-9999,-9999,-9999,-9999,-9999,-9999,-9999,-9999,-9999,-9999,-9999,-9999,-9999,-9999,-9999,-9999,9999,-50,-9999,0,0,1,203.664,2.81613,-9999,0,0,3,1,0,1,0,-9999,-9999,-9999,47.2102,8.41064,393.000,0.500000,0.400000,0.800000E-01,360,20,30,gill,r3_50_1,2.41000,uvw,axis,7.00000,11.0000,12.5000,0.200000E-01,licor,li7500_1,14.0000,31.0000,1.00000,-9999,-9999,-9999,0.950000,12.7000,0.100000,licor,li7500_1,14.0000,31.0000,1.00000,-9999,-9999,-9999,-9999,-9999,0.950000,12.7000,0.100000,other_irga,generic_closed_path_2,14.0000,31.0000,1.00000,700.000,4.00000,8.00000,4.15000,32.0000,0.130800,other_irga,generic_closed_path_2,14.0000,31.0000,1.00000,700.000,4.00000,8.00000,4.15000,32.0000,0.130800,13,16.0000,0.00000,248.062,50.3887,12.0823,96383.1,1.36293,22.0000,96.5003,0.500306,2.14748,303.693,5312.41,0
202005150430,202005150500,136.1874,136.2083,CH-CHA_202005150100.csv,21.0357,0,36000,36000,36000,36000,36000,36000,36000,36000,36000,36000,36000,36000,36000,36000,36000,36000,-0.474000E-01,-7.72858,47.2349,0.694144E-01,5.94318,1.07121,30.0312,0.273971,0.422440E-02,0.921081,3.07700,0.452183E-02,0.772577,0.697813E-01,19.0186,0.668306E-01,-0.286132,-0.310657,-0.456529E-03,0.488360E-01,-0.704520E-02,1.24480,0.445745E-02,0.794046E-10,0.222767E-11,0.367213E-09,0.575964E-10,-1.57301,-0.884618,0.838214E-01,1.80663,0.411521E-13,0.460681E-14,1.80663,3.94250,338.077,15.5950,0.204552,0.277099,94.2658,0.213227E-01,-0.163620,0.329466E-01,23.5808,22.4213,96.5595,43.9608,0.255492E-01,1.13285,1146.80,1012.31,0.871377E-02,11.8859,27.0376,0.769192E-02,15.1517,9.52382,95.3709,1.12413,0.258676E-01,0.244700E+07,0.775154E-02,2,17.2364,445.884,440.376,2,483.561,12.5092,12.3546,0,0.797109E-01,2062.03,2036.55,0,0.125025E-01,323.424,319.428,0.150000,0.150000,0.00000,-0.980588,10.0000,0.200000,0.200000,0.00000,-0.980588,10.0000,9.60000,9.60000,3.90610,-1.00000,10.0000,0.550000,0.550000,3.90610,-1.00000,10.0000,1.79020,0.153183E-02,0.480673E-02,23.5500,17.2278,484.039,2.03704,0.323419,1.39893,-0.305591,-0.144960,23.4800,17.1021,475.497,2.01458,0.323142,2.18737,0.297875,0.147814,23.6900,17.3715,491.834,2.10508,0.323699,0.531682,0.460459,0.243905,0.129455,0.317565,15.5320,0.577467E-01,0.409465E-03,0.248299,0.461729E-03,-0.136080,0.489241,0.667800,-0.445719,0.872728,0.797206E-01,2.62191,3.25413,4.29175,2.21718,48.7010,13.9419,2.49429,2.97774,-0.410161E-01,-0.449633E-02,0.482516E-02,0.879331,0.625928E-03,0.571026E-05,-0.557076E-01,0.257395E-02,0.137591E-04,-0.150516,-0.249283E-03,0.931863E-05,26.9002,-4.08221,9.23398,22.9939,35.0672,49.1822,58.8585,73.6839,0.203507,139.680,0.143900E-01,-0.469168E-01,-5.15638,38.7740,0.569807E-01,4.82516,0.879331,24.1973,0.220749,-0.474000E-01,-5.15638,47.1396,0.692745E-01,5.86621,1.06905,24.1973,0.220749,-0.474000E-01,-7.56362,47.3987,0.696552E-01,5.94318,1.07493,24.1973,0.220749,22.4213,96.5595,-9999,-9999,0.255492E-01,0.255492E-01,-9999,-9999,-9999,-9999,-9999,-9999,-9999,-9999,-9999,-9999,-9999,-9999,-9999,1.01030,1.02181,1.21575,1.21575,1.21575,1.21575,1.24110,1.24110,-9999,-9999,-9999,-9999,-9999,-9999,-9999,-9999,-9999,-9999,2,27,6,0,387,224,0,0,0,0,0,0,0,0,0,3,50,11,0,464,290,0,0,0,0,0,0,0,0,0,0,800000000,800000000,800000000,800000011,810001100,800001111,800000011,800000011,80011,80011,80,80,0.00000,0.00000,0.00000,0.00000,0.100000,0.150000,9.55000,0.500000,5.78930,6.23054,6.88058,8.90257,99.5231,61.5266,57.2180,5.93313,34,241,34,14005,228,224,17951,18036,0.255484E-01,0.217077E-01,0.111832,0.111832,0.179568,0.111832,0.192185E-02,0.118170E-02,1.88663,1.02780,0.592949,0.635720,1.16953,1.45517,3,13,5,6,38,12,12,21,7,1,1,1,1,3,1,2,2,1,0,0,0,0,0,0,1,0,-9999,-9999,-9999,-9999,-9999,-9999,-9999,-9999,-9999,-9999,-9999,-9999,-9999,-9999,-9999,-9999,-9999,-9999,-9999,-9999,-9999,-9999,-9999,-9999,-9999,-9999,-9999,-9999,-9999,9999,-51,-9999,0,0,1,209.352,2.65927,-9999,0,0,3,1,0,1,0,-9999,-9999,-9999,47.2102,8.41064,393.000,0.500000,0.400000,0.800000E-01,360,20,30,gill,r3_50_1,2.41000,uvw,axis,7.00000,11.0000,12.5000,0.200000E-01,licor,li7500_1,14.0000,31.0000,1.00000,-9999,-9999,-9999,0.950000,12.7000,0.100000,licor,li7500_1,14.0000,31.0000,1.00000,-9999,-9999,-9999,-9999,-9999,0.950000,12.7000,0.100000,other_irga,generic_closed_path_2,14.0000,31.0000,1.00000,700.000,4.00000,8.00000,4.15000,32.0000,0.130800,other_irga,generic_closed_path_2,14.0000,31.0000,1.00000,700.000,4.00000,8.00000,4.15000,32.0000,0.130800,13,16.0000,0.00000,248.106,50.6645,11.9956,96403.1,1.36089,22.0000,96.5005,0.500500,2.14748,303.689,5313.17,0
202005150500,202005150530,136.2083,136.2291,CH-CHA_202005150100.csv,96.6790,0,36000,36000,36000,36000,36000,36000,36000,36000,36000,36000,36000,36000,36000,36000,36000,36000,-0.464332E-01,-8.73412,39.4682,0.579892E-01,6.81573,0.894895,27.0159,0.270703,0.420264E-02,0.696539,2.74347,0.403088E-02,0.749985,0.622050E-01,15.9741,0.512337E-01,-0.317474,-0.476154,-0.699596E-03,0.429087E-01,-0.107962E-01,2.63430,0.521595E-02,-0.132442E-09,-0.364721E-11,-0.626373E-09,-0.959195E-10,-1.47469,-0.955244,0.899585E-01,1.75934,-0.496029E-13,-0.766381E-14,1.75934,4.59191,334.635,15.5952,0.202376,0.274666,80.7770,0.248833E-01,-0.221295,0.376086E-01,23.3541,22.2147,96.5595,43.7805,0.255297E-01,1.13373,1147.55,1012.19,0.857573E-02,11.6895,26.7002,0.756419E-02,15.0107,9.27609,95.3906,1.12515,0.258425E-01,0.244749E+07,0.762184E-02,2,17.2815,446.617,441.191,2,475.901,12.2990,12.1496,0,0.817312E-01,2112.24,2086.57,0,0.125159E-01,323.457,319.527,0.350000,0.350000,0.00000,-0.980588,10.0000,0.300000,0.300000,0.00000,-0.980588,10.0000,0.600000,0.600000,3.90610,-1.00000,10.0000,0.600000,0.600000,3.90610,-1.00000,10.0000,1.72958,-0.112222E-01,0.443156E-02,23.3500,17.2950,476.467,2.10949,0.323458,1.37179,-0.303379,-0.149982,23.3000,17.1462,468.274,2.07024,0.323180,2.10549,0.285863,0.147670,23.4100,17.4255,483.972,2.14369,0.323734,0.504714,0.487836,0.237933,0.800636E-01,0.334456,15.7526,0.565915E-01,0.409458E-03,0.324171,0.295284,0.255019E-01,0.168507,-0.413747,-0.526644,0.637828,-0.220882E-01,2.62851,4.21442,3.77742,2.62311,54.2204,18.6744,3.30543,3.00493,-0.404176E-01,-0.570166E-02,0.563232E-02,0.735094,0.560908E-03,0.562039E-05,0.320725,0.147670E-02,0.728843E-05,-0.105072,0.494441E-03,0.125200E-05,27.2054,-4.12852,9.33872,23.2547,35.4649,49.7401,59.5262,74.5197,0.201326,106.567,0.188613E-01,-0.459523E-01,-6.54295,32.4204,0.476341E-01,5.63232,0.735094,21.7048,0.217486,-0.464332E-01,-6.54295,39.5313,0.580819E-01,6.86768,0.896326,21.7048,0.217486,-0.464332E-01,-8.54522,39.6055,0.581910E-01,6.81573,0.898010,21.7048,0.217486,22.2147,96.5595,-9999,-9999,0.255297E-01,0.255297E-01,-9999,-9999,-9999,-9999,-9999,-9999,-9999,-9999,-9999,-9999,-9999,-9999,-9999,1.01047,1.02211,1.21933,1.21933,1.21933,1.21933,1.24469,1.24469,-9999,-9999,-9999,-9999,-9999,-9999,-9999,-9999,-9999,-9999,3,22,3,0,290,247,0,0,0,0,0,0,0,0,0,6,38,4,0,358,314,0,0,0,0,0,0,0,0,0,0,800000000,800000000,800000000,800000011,800001100,800001111,800000011,800000011,81101,81111,80,80,0.00000,0.00000,0.00000,0.00000,0.300000,0.250000,0.550000,0.550000,5.92553,6.65424,7.22445,8.70664,100.478,84.2382,35.9736,5.94224,110,236,36,14696,234,226,18038,18038,0.239551E-01,0.205046E-01,0.147131,0.147131,0.201671,0.147131,0.398661E-02,0.409464E-01,0.841733,1.09763,0.594147,0.740109,1.16428,0.458425,1,11,2,2,38,6,16,22,39,1,1,1,1,3,1,2,2,3,0,0,0,0,0,0,1,0,-9999,-9999,-9999,-9999,-9999,-9999,-9999,-9999,-9999,-9999,-9999,-9999,-9999,-9999,-9999,-9999,-9999,-9999,-9999,-9999,-9999,-9999,-9999,-9999,-9999,-9999,-9999,-9999,-9999,9999,-51,-9999,0,0,1,212.934,2.93092,-9999,0,0,3,1,0,1,0,-9999,-9999,-9999,47.2102,8.41064,393.000,0.500000,0.400000,0.800000E-01,360,20,30,gill,r3_50_1,2.41000,uvw,axis,7.00000,11.0000,12.5000,0.200000E-01,licor,li7500_1,14.0000,31.0000,1.00000,-9999,-9999,-9999,0.950000,12.7000,0.100000,licor,li7500_1,14.0000,31.0000,1.00000,-9999,-9999,-9999,-9999,-9999,0.950000,12.7000,0.100000,other_irga,generic_closed_path_2,14.0000,31.0000,1.00000,700.000,4.00000,8.00000,4.15000,32.0000,0.130800,other_irga,generic_closed_path_2,14.0000,31.0000,1.00000,700.000,4.00000,8.00000,4.15000,32.0000,0.130800,13,16.0000,0.00000,248.177,51.1035,11.9046,96460.0,1.35947,22.0000,96.5005,0.500500,2.14748,303.696,5315.76,0
202005150530,202005150600,136.2291,136.2499,CH-CHA_202005150100.csv,207.337,0,36000,36000,36000,36000,36000,36000,36000,36000,36000,36000,36000,36000,36000,36000,36000,36000,-0.599682E-01,-16.3700,142.567,0.209518,-12.5036,3.23330,36.6811,0.242088,0.545589E-02,0.816659,36.0316,0.529522E-01,5.52633,0.817163,17.8193,0.699499E-01,0.366364,-6.09880,-0.896283E-02,0.555223,-0.138315,-2.68818,0.358273E-01,0.948314E-10,0.199918E-11,0.427314E-09,0.672204E-10,-1.82478,-1.08810,0.854500E-01,2.12628,-0.899012E-13,0.535927E-14,2.12628,4.80211,336.558,16.5874,0.229968,0.415120,63.2114,0.317981E-01,-0.114823,0.621077E-01,23.3472,22.4535,96.5595,33.8465,0.255291E-01,1.13393,1146.13,1010.76,0.672205E-02,9.17020,27.0935,0.592811E-02,17.9233,5.72308,95.6425,1.12721,0.257739E-01,0.244692E+07,0.596346E-02,2,17.6948,456.077,451.733,2,373.033,9.61475,9.52319,0,0.797337E-01,2055.10,2035.53,0,0.125428E-01,323.286,320.207,10.0000,10.0000,0.00000,-0.980588,10.0000,0.250000,0.250000,0.00000,-0.980588,10.0000,0.650000,0.650000,3.90610,-1.00000,10.0000,0.600000,0.600000,3.90610,-1.00000,10.0000,2.08008,0.420968E-01,-0.254477E-02,23.3500,17.5131,408.312,2.02914,0.323288,1.69467,-0.314702,-0.160768,23.2800,17.2069,283.051,2.00008,0.322986,2.51910,0.377832,0.155176,23.4100,18.3040,444.474,2.10311,0.323587,0.609351,0.620659,0.271503,0.988537E-01,0.809587,88.2678,0.696111E-01,0.444875E-03,0.409733,-0.573058,0.633532E-01,-0.134278,0.175707,-0.517767,0.853910,-0.314166E-01,3.22258,5.17857,4.43812,3.13809,8.31656,1.98082,2.61068,2.97600,-0.520592E-01,-0.765637E-02,-0.107145E-01,2.63312,0.755204E-03,0.498418E-05,-45.6586,-0.118730E-01,-0.382943E-04,2.20383,0.658375E-02,0.152518E-04,27.1147,-4.11476,9.30761,23.1773,35.3468,49.5744,59.3278,74.2714,0.228751,116.408,0.172669E-01,-0.593350E-01,-8.77519,116.103,0.170626,-10.7145,2.63312,29.3011,0.193381,-0.599682E-01,-8.77519,142.008,0.208696,-13.1051,3.22062,29.3011,0.193381,-0.599682E-01,-16.0008,142.940,0.210065,-12.5036,3.24174,29.3011,0.193381,22.4535,96.5595,-9999,-9999,0.255291E-01,0.255291E-01,-9999,-9999,-9999,-9999,-9999,-9999,-9999,-9999,-9999,-9999,-9999,-9999,-9999,1.01067,1.02307,1.22312,1.22312,1.22312,1.22312,1.25187,1.25187,-9999,-9999,-9999,-9999,-9999,-9999,-9999,-9999,-9999,-9999,4,28,4,0,626,234,0,0,0,0,0,0,0,0,0,6,53,6,0,732,278,0,0,0,0,0,0,0,0,0,0,800000000,800000000,800000000,800000011,810001100,800000011,800000011,800000011,81011,81011,80,80,0.00000,0.00000,0.00000,0.00000,9.95000,0.200000,0.600000,0.550000,6.30039,7.88430,8.94687,10.6909,36.7914,27.0022,51.1237,5.98650,18,182,18,12149,454,451,18064,18061,0.131892E-01,0.587501E-02,0.736548E-01,0.736548E-01,0.596830E-01,0.736548E-01,0.244087E-01,0.135007E-01,0.961639,0.885939,1.54312,0.856080,0.917418,0.991765,0,1,68,52,58,10,9,20,51,1,1,4,4,4,1,2,2,4,0,0,1,1,1,1,1,0,-9999,-9999,-9999,-9999,-9999,-9999,-9999,-9999,-9999,-9999,-9999,-9999,-9999,-9999,-9999,-9999,-9999,-9999,-9999,-9999,-9999,-9999,-9999,-9999,-9999,-9999,-9999,-9999,-9999,9999,-55,-9999,0,0,1,210.807,2.30320,-9999,0,0,3,1,0,1,0,-9999,-9999,-9999,47.2102,8.41064,393.000,0.500000,0.400000,0.800000E-01,360,20,30,gill,r3_50_1,2.41000,uvw,axis,7.00000,11.0000,12.5000,0.200000E-01,licor,li7500_1,14.0000,31.0000,1.00000,-9999,-9999,-9999,0.950000,12.7000,0.100000,licor,li7500_1,14.0000,31.0000,1.00000,-9999,-9999,-9999,-9999,-9999,0.950000,12.7000,0.100000,other_irga,generic_closed_path_2,14.0000,31.0000,1.00000,700.000,4.00000,8.00000,4.15000,32.0000,0.130800,other_irga,generic_closed_path_2,14.0000,31.0000,1.00000,700.000,4.00000,8.00000,4.15000,32.0000,0.130800,13,16.0000,0.00000,248.755,54.7163,11.7878,96499.2,1.35252,22.0000,96.5012,0.501194,2.14748,303.694,5319.26,0
202005150600,202005150630,136.2499,136.2707,CH-CHA_202005150100.csv,319.921,0,36000,36000,36000,36000,36000,36000,36000,36000,36000,36000,36000,36000,36000,36000,36000,36000,-0.675190E-01,-11.9458,60.0578,0.882331E-01,3.61218,1.36162,32.3448,0.300789,0.507059E-02,0.702185,4.22713,0.621023E-02,1.01151,0.958368E-01,12.7549,0.700065E-01,-0.506072,4.61110,0.677433E-02,-0.864525,0.104542,-1.64659,-0.428362E-01,0.115647E-09,0.305701E-11,0.532451E-09,0.848495E-10,-1.93750,-1.11838,0.867596E-01,2.23879,0.678584E-13,0.677870E-14,2.23879,5.54309,337.255,12.5946,0.243972,0.354637,103.462,0.194274E-01,-0.198905,0.426598E-01,23.2030,22.1241,96.5595,41.7028,0.255167E-01,1.13435,1147.78,1011.84,0.812653E-02,11.0738,26.5541,0.716406E-02,15.4803,8.47525,95.4521,1.12622,0.258127E-01,0.244770E+07,0.721575E-02,2,17.0604,440.393,435.325,2,450.973,11.6413,11.5073,0,0.785477E-01,2027.61,2004.28,0,0.125171E-01,323.113,319.394,6.25000,6.25000,0.00000,-0.980588,10.0000,0.300000,0.300000,0.00000,-0.980588,10.0000,0.650000,0.650000,3.90610,-1.00000,10.0000,0.650000,0.650000,3.90610,-1.00000,10.0000,2.19489,-0.197807E-01,0.319333E-02,23.2000,17.0469,452.994,2.01863,0.323115,1.80705,-0.319856,-0.164810,23.1400,16.8817,438.827,1.99240,0.322823,2.64028,0.300256,0.168597,23.2700,17.2318,464.354,2.05663,0.323400,0.631638,0.487779,0.269034,0.918984E-01,0.559648,25.1210,0.416171E-01,0.424570E-03,0.340939,0.236321,-0.842116E-01,-0.314282E-01,0.495391,-0.374657,0.623656,0.336327E-02,3.14427,3.52414,3.68015,2.53516,32.6494,12.3056,2.39051,2.96047,-0.587735E-01,-0.752381E-02,0.296487E-02,1.11456,0.667173E-03,0.620435E-05,-0.489810,0.169845E-02,0.758200E-05,-0.532567E-01,-0.411962E-04,0.824355E-05,28.6362,-4.34566,9.82990,24.4778,37.3302,52.3562,62.6570,78.4391,0.242684,141.381,0.142169E-01,-0.668080E-01,-8.63565,49.1606,0.722235E-01,2.96487,1.11456,25.8467,0.240360,-0.675190E-01,-8.63565,60.0702,0.882513E-01,3.62283,1.36190,25.8467,0.240360,-0.675190E-01,-11.6756,60.2543,0.885218E-01,3.61218,1.36608,25.8467,0.240360,22.1241,96.5595,-9999,-9999,0.255167E-01,0.255167E-01,-9999,-9999,-9999,-9999,-9999,-9999,-9999,-9999,-9999,-9999,-9999,-9999,-9999,1.01064,1.02314,1.22192,1.22192,1.22192,1.22192,1.25141,1.25141,-9999,-9999,-9999,-9999,-9999,-9999,-9999,-9999,-9999,-9999,11,24,1,0,872,728,0,0,0,0,0,0,0,0,0,16,38,1,0,1116,899,0,0,0,0,0,0,0,0,0,0,800000000,800000000,800000000,800000011,810001100,810001111,800000011,800000011,81011,81111,80,80,0.00000,0.00000,0.00000,0.00000,6.20000,0.250000,0.600000,0.600000,6.05023,8.36375,7.22613,10.6872,81.6722,41.4853,33.0348,5.99053,28,455,115,12167,231,225,18054,18059,0.243462E-01,0.401587E-02,0.164491,0.164491,0.111438,0.164491,0.157719E-01,0.704224E-02,1.01445,1.33516,0.669404,0.702854,0.818006,1.15007,3,4,6,13,27,17,10,25,39,1,1,1,1,2,2,2,2,3,0,0,0,0,0,0,0,0,-9999,-9999,-9999,-9999,-9999,-9999,-9999,-9999,-9999,-9999,-9999,-9999,-9999,-9999,-9999,-9999,-9999,-9999,-9999,-9999,-9999,-9999,-9999,-9999,-9999,-9999,-9999,-9999,-9999,9999,-51,-9999,0,0,1,209.995,2.22093,-9999,0,0,3,1,0,1,0,-9999,-9999,-9999,47.2102,8.41064,393.000,0.500000,0.400000,0.800000E-01,360,20,30,gill,r3_50_1,2.41000,uvw,axis,7.00000,11.0000,12.5000,0.200000E-01,licor,li7500_1,14.0000,31.0000,1.00000,-9999,-9999,-9999,0.950000,12.7000,0.100000,licor,li7500_1,14.0000,31.0000,1.00000,-9999,-9999,-9999,-9999,-9999,0.950000,12.7000,0.100000,other_irga,generic_closed_path_2,14.0000,31.0000,1.00000,700.000,4.00000,8.00000,4.15000,32.0000,0.130800,other_irga,generic_closed_path_2,14.0000,31.0000,1.00000,700.000,4.00000,8.00000,4.15000,32.0000,0.130800,13,16.0000,0.00000,248.138,50.8616,11.7297,96503.1,1.35704,22.0000,96.5011,0.501083,2.14748,303.679,5320.60,0
202005150630,202005150700,136.2707,136.2916,CH-CHA_202005150100.csv,432.505,0,36000,36000,36000,35988,35988,35988,35988,35988,35988,35988,35988,35988,35988,35988,35988,35988,-0.881306E-01,-11.0291,53.8570,0.791239E-01,6.76712,1.22105,-16.5790,-0.173290,0.600069E-02,0.423887,4.52206,0.664358E-02,2.23666,0.102524,12.5989,0.561498E-01,0.140978E-01,-0.215311,-0.316324E-03,-0.206405E-02,-0.488155E-02,2.53233,0.138512E-02,-0.494657E-10,-0.129716E-11,-0.233227E-09,-0.362988E-10,-1.97785,-1.51253,0.955210E-01,2.49174,-0.255427E-14,-0.289971E-14,2.49174,5.45382,329.874,11.9977,0.278734,0.434273,167.109,0.120281E-01,-0.204785,0.344758E-01,23.2035,22.1333,96.5595,41.3450,0.255167E-01,1.13435,1147.72,1011.79,0.806109E-02,10.9850,26.5690,0.710634E-02,15.5841,8.35647,95.4610,1.12629,0.258104E-01,0.244768E+07,0.715720E-02,2,17.0589,440.312,435.286,2,447.341,11.5465,11.4147,0,0.804311E-01,2076.04,2052.34,0,0.125181E-01,323.109,319.421,5.40000,5.40000,0.00000,-0.980588,10.0000,0.350000,0.350000,0.00000,-0.980588,10.0000,2.45000,2.45000,3.90610,-1.00000,10.0000,7.80000,7.80000,3.90610,-1.00000,10.0000,2.43414,-0.302786E-01,-0.492452E-02,23.2000,17.0623,450.646,2.07740,0.323108,1.96640,-0.339816,-0.199520,23.1600,16.7722,434.122,2.04428,0.322843,2.96882,0.318684,0.189530,23.2400,17.3541,463.778,2.10726,0.323375,0.704399,0.524274,0.312257,0.563270E-01,1.16501,44.2097,0.417022E-01,0.392492E-03,0.386495,0.209795,0.101611,0.146401,-0.618337E-03,-0.407233,-0.607809E-01,0.461208E-02,2.91320,3.69005,3.59901,2.80839,8.35952,7.96299,2.18445,2.97606,-0.765401E-01,-0.701159E-02,0.556434E-02,1.00080,-0.341774E-03,-0.357234E-05,0.218015,0.572093E-03,-0.100639E-05,0.163373E-01,0.240951E-03,0.202864E-05,28.2769,-4.29113,9.70655,24.1707,36.8618,51.6992,61.8708,77.4549,0.277259,226.228,0.888485E-02,-0.872005E-01,-8.04738,44.1425,0.648519E-01,5.56434,1.00080,-13.2417,-0.138407,-0.881306E-01,-8.04738,53.8864,0.791672E-01,6.79260,1.22172,-13.2417,-0.138407,-0.881306E-01,-10.7761,54.0326,0.793819E-01,6.76712,1.22503,-13.2417,-0.138407,22.1333,96.5595,-9999,-9999,0.255167E-01,0.255167E-01,-9999,-9999,-9999,-9999,-9999,-9999,-9999,-9999,-9999,-9999,-9999,-9999,-9999,1.01067,1.02348,1.22074,1.22074,1.22074,1.22074,1.25203,1.25203,-9999,-9999,-9999,-9999,-9999,-9999,-9999,-9999,-9999,-9999,2,27,3,5,820,724,0,0,0,0,0,0,0,0,0,2,43,4,7,953,850,0,0,0,0,0,0,0,0,0,0,800000000,800000000,800000000,801000011,810011100,810000111,800000011,800000011,81011,81011,80,80,0.00000,0.00000,0.00000,0.00000,5.35000,0.300000,2.40000,7.75000,5.50764,6.02036,7.06050,7.82921,12.1381,12.3503,26.4531,5.93370,13,107,13,13009,434,433,18070,18029,0.247042E-01,0.118522E-01,0.282060,0.282060,0.164698,0.282060,0.692211E-02,0.259075E-01,1.22356,1.35597,0.635726,1.39875,0.672716,0.829320,1,3,7,2,11,27,10,22,64,1,1,1,1,1,2,2,2,4,0,0,0,0,0,0,0,0,-9999,-9999,-9999,-9999,-9999,-9999,-9999,-9999,-9999,-9999,-9999,-9999,-9999,-9999,-9999,-9999,-9999,-9999,-9999,-9999,-9999,-9999,-9999,-9999,-9999,-9999,-9999,-9999,-9999,9999,-52,-9999,0,0,1,217.406,2.19698,-9999,0,0,3,1,0,1,0,-9999,-9999,-9999,47.2102,8.41064,393.000,0.500000,0.400000,0.800000E-01,360,20,30,gill,r3_50_1,2.41000,uvw,axis,7.00000,11.0000,12.5000,0.200000E-01,licor,li7500_1,14.0000,31.0000,1.00000,-9999,-9999,-9999,0.950000,12.7000,0.100000,licor,li7500_1,14.0000,31.0000,1.00000,-9999,-9999,-9999,-9999,-9999,0.950000,12.7000,0.100000,other_irga,generic_closed_path_2,14.0000,31.0000,1.00000,700.000,4.00000,8.00000,4.15000,32.0000,0.130800,other_irga,generic_closed_path_2,14.0000,31.0000,1.00000,700.000,4.00000,8.00000,4.15000,32.0000,0.130800,13,16.0000,0.00000,248.384,52.4003,11.8151,96560.1,1.35839,22.0000,96.5024,0.502390,2.14748,303.689,5320.37,0
202005150700,202005150730,136.2916,136.3124,CH-CHA_202005150700.csv,543.163,0,36000,36000,36000,36000,36000,36000,36000,36000,36000,36000,36000,36000,36000,36000,36000,36000,-0.694307E-01,-8.00479,21.5490,0.316598E-01,5.85794,0.488578,-14.5764,-0.110725,0.603062E-02,0.685186,10.9407,0.160741E-01,1.90729,0.248056,11.3211,0.636470E-01,0.596005E-01,-0.516988,-0.759561E-03,0.100232,-0.117216E-01,-3.16727,0.119465E-01,0.259375E-11,0.664009E-13,0.118194E-10,0.189640E-11,-1.73237,-0.769909,0.106651,1.89874,0.241419E-13,0.151395E-15,1.89874,4.77260,342.976,14.5601,0.247407,0.333919,161.007,0.124840E-01,-0.371470,0.281950E-01,23.2215,22.1721,96.5595,40.4460,0.255183E-01,1.13430,1147.53,1011.67,0.790349E-02,10.7716,26.6321,0.696774E-02,15.8605,8.06773,95.4824,1.12639,0.258062E-01,0.244759E+07,0.701663E-02,2,17.1324,442.137,437.189,2,438.595,11.3189,11.1922,0,0.780704E-01,2014.77,1992.22,0,0.125262E-01,323.265,319.647,-0.300000,-0.300000,0.00000,-0.980588,10.0000,0.200000,0.200000,0.00000,-0.980588,10.0000,8.25000,8.25000,3.90610,-1.00000,10.0000,8.35000,8.35000,3.90610,-1.00000,10.0000,1.85086,-0.944250E-02,0.127767E-02,23.2100,17.0621,457.818,2.00610,0.323265,1.45368,-0.297412,-0.160231,23.1800,16.9398,436.348,1.99219,0.322989,2.27717,0.290960,0.165916,23.2700,17.3039,468.282,2.03200,0.323544,0.605486,0.478744,0.268383,0.662522E-01,0.438665,50.5371,0.313599E-01,0.410008E-03,0.537712,-0.435486E-01,-0.143333,0.292548,1.27457,-1.37969,1.19310,0.371260E-02,3.29742,3.76076,3.90475,2.91101,62.7502,3.90367,4.53509,2.92007,-0.600324E-01,-0.587179E-02,0.498567E-02,0.406690,-0.303547E-03,-0.230580E-05,-10.3528,0.920307E-03,0.128728E-04,-0.111960,-0.232040E-02,0.470211E-05,29.0146,-4.40307,9.95977,24.8012,37.8234,53.0479,63.4848,79.4754,0.246157,189.058,0.106316E-01,-0.687305E-01,-6.73806,17.9373,0.263535E-01,4.98567,0.406690,-11.7626,-0.893507E-01,-0.694307E-01,-6.73806,21.7655,0.319780E-01,6.04973,0.493488,-11.7626,-0.893507E-01,-0.694307E-01,-7.83475,21.6221,0.317673E-01,5.85794,0.490236,-11.7626,-0.893507E-01,22.1721,96.5595,-9999,-9999,0.255183E-01,0.255183E-01,-9999,-9999,-9999,-9999,-9999,-9999,-9999,-9999,-9999,-9999,-9999,-9999,-9999,1.01019,1.02170,1.21342,1.21342,1.21342,1.21342,1.23922,1.23922,-9999,-9999,-9999,-9999,-9999,-9999,-9999,-9999,-9999,-9999,9,9,2,1,298,297,0,0,0,0,0,0,0,0,0,16,16,3,1,393,369,0,0,0,0,0,0,0,0,0,0,800000000,800000000,800000000,801000011,800001100,800000011,800000111,800000011,80110,80110,80,80,0.00000,0.00000,0.00000,0.00000,0.300000,0.150000,8.20000,8.30000,6.82765,6.80774,8.89845,6.56884,160.413,44.0055,32.2545,5.90932,23,226,22,14433,221,220,18087,18069,0.267571E-01,0.231303E-01,0.396424E-01,0.396424E-01,0.125965,0.396424E-01,0.217874E-01,0.289972E-02,1.22990,1.32940,1.73225,1.17920,0.963522,1.68408,3,3,4,24,129,124,15,26,47,1,1,1,2,6,6,2,2,3,0,0,0,0,0,0,2,2,-9999,-9999,-9999,-9999,-9999,-9999,-9999,-9999,-9999,-9999,-9999,-9999,-9999,-9999,-9999,-9999,-9999,-9999,-9999,-9999,-9999,-9999,-9999,-9999,-9999,-9999,-9999,-9999,-9999,9999,-52,-9999,0,0,1,203.962,3.21995,-9999,0,0,3,1,0,1,0,-9999,-9999,-9999,47.2102,8.41064,393.000,0.500000,0.400000,0.800000E-01,360,20,30,gill,r3_50_1,2.41000,uvw,axis,7.00000,11.0000,12.5000,0.200000E-01,licor,li7500_1,14.0000,31.0000,1.00000,-9999,-9999,-9999,0.950000,12.7000,0.100000,licor,li7500_1,14.0000,31.0000,1.00000,-9999,-9999,-9999,-9999,-9999,0.950000,12.7000,0.100000,other_irga,generic_closed_path_2,14.0000,31.0000,1.00000,700.000,4.00000,8.00000,4.15000,32.0000,0.130800,other_irga,generic_closed_path_2,14.0000,31.0000,1.00000,700.000,4.00000,8.00000,4.15000,32.0000,0.130800,13,16.0000,0.00000,248.305,51.9087,11.8246,96599.9,1.35784,22.0000,96.5038,0.503833,2.14748,303.701,5322.27,0
202005150730,202005150800,136.3124,136.3332,CH-CHA_202005150700.csv,650.001,0,36000,36000,36000,36000,36000,36000,36000,36000,36000,36000,36000,36000,36000,36000,36000,36000,-0.538593E-01,-1.70643,-28.7342,-0.422311E-01,8.03968,-0.651714,12.1440,0.213944,0.443575E-02,0.563423,15.9378,0.234240E-01,2.82338,0.361482,14.6489,0.467686E-01,0.549138,-7.90893,-0.116239E-01,1.17530,-0.179381,0.250354,0.607471E-01,0.985974E-10,0.167090E-11,0.428503E-09,0.688360E-10,-1.80237,-0.576270,0.978000E-01,1.89478,0.171510E-12,0.547634E-14,1.89478,4.17225,348.734,17.7777,0.217898,0.375947,515.687,0.389771E-02,0.593865E-01,0.683654E-02,23.2610,22.5302,96.5595,27.5610,0.255217E-01,1.13437,1145.51,1009.82,0.549814E-02,7.50252,27.2215,0.484686E-02,19.7190,2.86032,95.8093,1.12887,0.257215E-01,0.244674E+07,0.487046E-02,2,18.0043,463.106,459.499,2,305.113,7.84812,7.78700,0,0.782462E-01,2012.65,1996.98,0,0.125697E-01,323.318,320.801,8.15000,8.15000,0.00000,-0.980588,10.0000,9.95000,9.95000,0.00000,-0.980588,10.0000,0.600000,0.600000,3.90610,-1.00000,10.0000,0.550000,0.550000,3.90610,-1.00000,10.0000,1.86815,0.192976E-01,-0.270080E-02,23.2600,17.9948,299.948,1.99330,0.323315,1.47407,-0.385209,-0.152507,23.2000,17.7354,271.182,1.98571,0.323034,2.27105,0.410123,0.151222,23.3200,18.2725,329.948,2.01735,0.323596,0.560035,0.612441,0.251339,0.794935E-01,0.465088,44.5058,0.457897E-01,0.416180E-03,0.276853,-0.135111,0.273090E-01,-0.646865E-01,-0.131130,0.456566,1.66890,0.895962E-01,2.85874,3.41998,3.93811,2.36743,30.3522,2.83609,4.63544,2.99605,-0.462378E-01,-0.274545E-02,0.696540E-02,-0.533087,0.252815E-03,0.445391E-05,-11.7644,-0.541695E-02,-0.200667E-04,1.06697,0.461448E-02,0.830430E-05,27.6239,-4.19203,9.48238,23.6125,36.0105,50.5053,60.4419,75.6661,0.216812,276.330,0.727391E-02,-0.533241E-01,-3.14493,-23.5039,-0.345440E-01,6.96540,-0.533087,9.82891,0.173159,-0.538593E-01,-3.14493,-28.4432,-0.418034E-01,8.42917,-0.645114,9.82891,0.173159,-0.538593E-01,-1.67073,-28.7918,-0.423157E-01,8.03968,-0.653020,9.82891,0.173159,22.5302,96.5595,-9999,-9999,0.255217E-01,0.255217E-01,-9999,-9999,-9999,-9999,-9999,-9999,-9999,-9999,-9999,-9999,-9999,-9999,-9999,1.01004,1.02136,1.21015,1.21015,1.21015,1.21015,1.23554,1.23554,-9999,-9999,-9999,-9999,-9999,-9999,-9999,-9999,-9999,-9999,2,10,2,1,260,83,0,0,0,0,0,0,0,0,0,3,12,4,2,334,110,0,0,0,0,0,0,0,0,0,0,800000000,800000000,800000000,801000011,800001100,800000011,800000011,800000011,80001,81011,80,81,0.00000,0.00000,0.00000,0.00000,8.10000,9.90000,0.550000,0.500000,5.79888,6.27305,8.54497,5.36071,188.959,41.1093,52.1941,5.98963,14,219,14,15324,487,474,18189,18191,0.297237E-01,0.370048E-01,0.124548E-01,0.124548E-01,0.234397E-01,0.124548E-01,0.313275E-03,0.346870E-03,0.571298,1.33885,1.24289,0.685683,1.73068,1.22913,0,1,84,79,54,0,12,23,45,1,1,5,5,4,1,2,2,3,0,0,1,1,1,1,1,0,-9999,-9999,-9999,-9999,-9999,-9999,-9999,-9999,-9999,-9999,-9999,-9999,-9999,-9999,-9999,-9999,-9999,-9999,-9999,-9999,-9999,-9999,-9999,-9999,-9999,-9999,-9999,-9999,-9999,9999,-56,-9999,0,0,1,197.731,2.95866,-9999,0,0,3,1,0,1,0,-9999,-9999,-9999,47.2102,8.41064,393.000,0.500000,0.400000,0.800000E-01,360,20,30,gill,r3_50_1,2.41000,uvw,axis,7.00000,11.0000,12.5000,0.200000E-01,licor,li7500_1,14.0000,31.0000,1.00000,-9999,-9999,-9999,0.950000,12.7000,0.100000,licor,li7500_1,14.0000,31.0000,1.00000,-9999,-9999,-9999,-9999,-9999,0.950000,12.7000,0.100000,other_irga,generic_closed_path_2,14.0000,31.0000,1.00000,700.000,4.00000,8.00000,4.15000,32.0000,0.130800,other_irga,generic_closed_path_2,14.0000,31.0000,1.00000,700.000,4.00000,8.00000,4.15000,32.0000,0.130800,13,16.0000,0.00000,248.968,56.0486,11.9161,96623.1,1.35350,22.0000,96.5044,0.504389,2.14748,303.693,5324.81,0
202005150800,202005150830,136.3332,136.3541,CH-CHA_202005150700.csv,751.192,0,36000,36000,36000,36000,36000,36000,36000,35219,36000,36000,36000,36000,36000,35219,36000,36000,-0.704757E-01,-8.94087,102.662,0.150882,-30.7006,2.32843,-25.4570,0.189617,0.533551E-02,2.29165,64.6986,0.950878E-01,17.0932,1.46740,13.0616,0.505295E-01,-0.115918E-01,-6.49909,-0.955174E-02,1.71141,-0.147403,0.957140,0.582604E-01,-0.816192E-10,-0.828105E-12,-0.334324E-09,-0.534064E-10,-1.95579,-1.08086,0.969736E-01,2.23669,0.859633E-13,-0.423037E-14,2.23669,5.30175,339.041,13.8156,0.249120,0.415286,147.016,0.136720E-01,-0.870905E-01,0.313443E-01,22.9910,22.5226,96.5595,17.6890,0.254984E-01,1.13560,1145.02,1008.30,0.352746E-02,4.81331,27.2108,0.310627E-02,22.3974,-3.24011,96.0782,1.13207,0.256262E-01,0.244676E+07,0.311595E-02,2,19.2936,494.425,491.958,2,195.753,5.01642,4.99138,0,0.790295E-01,2025.24,2015.13,0,0.126245E-01,323.520,321.906,5.90000,5.90000,0.00000,-0.980588,10.0000,3.40000,3.40000,0.00000,-0.980588,10.0000,8.80000,8.80000,3.90610,-1.00000,10.0000,0.600000,0.600000,3.90610,-1.00000,10.0000,2.16618,0.189610E-02,0.104991E-03,23.1500,19.3632,78.2540,2.01282,0.323516,1.75590,-0.332109,-0.169730,22.7900,17.2542,23.3710,1.99338,0.323239,2.65498,0.313470,0.170260,23.2300,20.9412,378.184,2.05615,0.323804,0.664874,0.558544,0.276661,0.315329,2.15474,174.011,0.400476E-01,0.415473E-03,0.466733,0.191127,-0.689152E-01,-0.844921,0.463805,0.139064,0.695592,0.138717E-01,2.91874,3.83505,3.87717,2.28701,2.31835,1.16299,2.45962,2.92160,-0.610939E-01,-0.305672E-02,-0.258274E-01,1.91387,-0.525419E-03,0.391359E-05,-329.550,0.565507E-01,0.306468E-03,-3.94102,-0.255526E-01,0.577138E-05,28.4746,-4.32113,9.77442,24.3397,37.1195,52.0607,62.3034,77.9964,0.247857,370.458,0.542571E-02,-0.697629E-01,-3.50001,84.3837,0.124019,-25.8274,1.91387,-20.5032,0.152718,-0.704757E-01,-3.50001,102.378,0.150465,-31.3349,2.32200,-20.5032,0.152718,-0.704757E-01,-8.74649,102.801,0.151087,-30.7006,2.33160,-20.5032,0.152718,22.5226,96.5595,-9999,-9999,0.254984E-01,0.254984E-01,-9999,-9999,-9999,-9999,-9999,-9999,-9999,-9999,-9999,-9999,-9999,-9999,-9999,1.01022,1.02222,1.21324,1.21324,1.21324,1.21324,1.24161,1.24161,-9999,-9999,-9999,-9999,-9999,-9999,-9999,-9999,-9999,-9999,1,7,0,4,263,80,0,0,0,0,0,0,0,0,0,1,9,0,5,315,115,0,0,0,0,0,0,0,0,0,0,800000000,800000000,800000000,801000111,800000100,800010011,800000011,800000011,81111,81111,80,80,0.00000,0.00000,0.00000,0.00000,5.85000,3.35000,8.75000,0.550000,6.54754,6.60205,7.32096,6.27604,23.7632,16.0352,44.9257,5.94505,13,159,13,15553,245,243,17966,18051,0.383567E-01,0.405401E-01,0.152785E-01,0.152785E-01,0.701599E-01,0.152785E-01,0.202191E-01,0.105382E-01,1.89602,1.39418,1.24640,0.716310,1.03631,0.469967,4,21,92,92,72,27,7,24,135,1,2,5,5,4,2,2,2,6,0,0,1,1,1,1,1,0,-9999,-9999,-9999,-9999,-9999,-9999,-9999,-9999,-9999,-9999,-9999,-9999,-9999,-9999,-9999,-9999,-9999,-9999,-9999,-9999,-9999,-9999,-9999,-9999,-9999,-9999,-9999,-9999,-9999,9999,-66,-9999,0,0,1,208.927,2.48489,-9999,0,0,3,1,0,1,0,-9999,-9999,-9999,47.2102,8.41064,393.000,0.500000,0.400000,0.800000E-01,360,20,30,gill,r3_50_1,2.41000,uvw,axis,7.00000,11.0000,12.5000,0.200000E-01,licor,li7500_1,14.0000,31.0000,1.00000,-9999,-9999,-9999,0.950000,12.7000,0.100000,licor,li7500_1,14.0000,31.0000,1.00000,-9999,-9999,-9999,-9999,-9999,0.950000,12.7000,0.100000,other_irga,generic_closed_path_2,14.0000,31.0000,1.00000,700.000,4.00000,8.00000,4.15000,32.0000,0.130800,other_irga,generic_closed_path_2,14.0000,31.0000,1.00000,700.000,4.00000,8.00000,4.15000,32.0000,0.130800,13,16.0000,0.00000,250.609,66.3080,11.7599,96696.4,1.34590,22.0000,96.5009,0.500861,2.14748,303.690,5326.66,0
202005150830,202005150900,136.3541,136.3749,CH-CHA_202005150700.csv,845.003,0,36000,36000,36000,36000,36000,36000,36000,-9999,36000,36000,36000,36000,36000,-9999,36000,36000,-0.520403E-01,-5.68620,-9999,-9999,-48.9549,-9999,21.2133,0.157763,0.470029E-02,2.76856,-9999,-9999,17.6881,-9999,12.2439,0.489367E-01,-0.967482,-9999,-9999,2.91046,-9999,1.77566,0.104800,0.675145E-11,-9999,0.252884E-10,0.399797E-11,-2.03409,-1.19585,0.775475E-01,2.36085,0.527758E-13,0.313579E-15,2.36085,5.81861,336.568,12.5024,0.213642,0.414894,145.683,0.137971E-01,-9999,0.232136E-01,21.8924,21.8924,96.5595,-9999,0.254038E-01,1.14017,1146.55,1005.60,-9999,-9999,26.1878,-9999,-9999,-9999,96.5595,1.14017,0.254038E-01,0.244825E+07,-9999,2,21.5303,546.952,546.952,-9999,-9999,-9999,-9999,0,0.806445E-01,2048.68,2048.68,0,0.127495E-01,323.886,323.886,8.35000,8.35000,0.00000,-0.980588,10.0000,-9999,-9999,-9999,-9999,-9999,0.550000,0.550000,3.90610,-1.00000,10.0000,-0.100000,-0.100000,3.90610,-1.00000,10.0000,2.30822,-0.197723E-01,-0.107226E-01,21.9400,21.9141,-9999,2.03904,0.323885,1.83723,-0.339920,-0.176699,21.6500,20.2121,-9999,2.01544,0.323612,2.80226,0.315810,0.165863,22.1000,23.5597,-9999,2.07255,0.324159,0.689202,0.523410,0.284305,0.305414,2.39510,-9999,0.402340E-01,0.400228E-03,0.468359,0.155868,0.128570,-0.331845,-0.551330,-9999,0.870758,0.604392E-02,3.01901,3.78362,4.06281,2.36625,2.49237,-9999,2.90758,2.89250,-0.450878E-01,-0.484542E-02,-0.397205E-01,-9999,0.429740E-03,0.319596E-05,-9999,0.183148E-01,0.859018E-04,-9999,-9999,0.429173E-05,24.6383,-3.73895,8.45752,21.0604,32.1185,45.0466,53.9093,67.4881,0.212502,146.737,0.136980E-01,-0.514867E-01,-5.55553,-9999,-9999,-39.7205,-9999,16.9163,0.125806,-0.520403E-01,-5.55553,-9999,-9999,-48.5930,-9999,16.9163,0.125806,-0.520403E-01,-5.55553,-9999,-9999,-48.9549,-9999,16.9163,0.125806,21.8924,96.5595,-9999,-9999,0.254038E-01,0.254038E-01,-9999,-9999,-9999,-9999,-9999,-9999,-9999,-9999,-9999,-9999,-9999,-9999,-9999,1.01075,1.02352,-9999,-9999,1.22337,-9999,1.25401,1.25401,-9999,-9999,-9999,-9999,-9999,-9999,-9999,-9999,-9999,-9999,16,15,4,0,463,131,0,0,0,0,0,0,0,0,0,30,23,5,0,543,161,0,0,0,0,0,0,0,0,0,0,800000000,800000000,800000000,801000011,810000000,800011111,800000011,800000011,80100,80100,80,80,0.00000,0.00000,0.00000,0.00000,8.30000,-9999,0.500000,0.100000,6.24494,6.58242,7.78211,5.72633,21.2825,-9999,34.3152,5.95362,24,151,24,15549,447,-9999,18024,18033,0.258472E-01,0.146810E-01,-9999,-9999,0.322890E-01,-9999,0.797204E-02,0.220373E-01,1.17291,1.67557,0.866360,-9999,1.28805,0.904972,2,49,76,-9999,50,27,9,11,209,1,3,5,-9999,3,2,1,1,6,0,1,-9999,-9999,1,-9999,1,0,-9999,-9999,-9999,-9999,-9999,-9999,-9999,-9999,-9999,-9999,-9999,-9999,-9999,-9999,-9999,-9999,-9999,-9999,-9999,-9999,-9999,-9999,-9999,-9999,-9999,-9999,-9999,-9999,-9999,9999,-70,-9999,0,0,1,210.451,1.88235,-9999,0,0,3,1,0,1,0,-9999,-9999,-9999,47.2102,8.41064,393.000,0.500000,0.400000,0.800000E-01,360,20,30,gill,r3_50_1,2.41000,uvw,axis,7.00000,11.0000,12.5000,0.200000E-01,licor,li7500_1,14.0000,31.0000,1.00000,-9999,-9999,-9999,0.950000,12.7000,0.100000,-9999,-9999,-9999,-9999,-9999,-9999,-9999,-9999,-9999,-9999,-9999,-9999,-9999,other_irga,generic_closed_path_2,14.0000,31.0000,1.00000,700.000,4.00000,8.00000,4.15000,32.0000,0.130800,other_irga,generic_closed_path_2,14.0000,31.0000,1.00000,700.000,4.00000,8.00000,4.15000,32.0000,0.130800,13,16.0000,0.00000,251.125,69.5340,11.6714,96727.0,1.34669,22.0000,96.5001,0.500056,2.14748,303.686,5327.59,0
202005150900,202005150930,136.3749,136.3957,CH-CHA_202005150700.csv,929.830,0,36000,36000,36000,36000,36000,36000,36000,-9999,36000,36000,36000,36000,36000,-9999,36000,36000,-0.850633E-01,9.79709,-9999,-9999,12.9802,-9999,-15.3201,0.226054,0.676086E-02,11.6143,-9999,-9999,18.0979,-9999,14.8989,0.500410E-01,-2.50876,-9999,-9999,0.552162,-9999,-0.276833,0.511177E-02,0.619933E-10,-9999,0.227302E-09,0.360375E-10,-2.16077,-1.14110,0.113551,2.44621,-0.825124E-13,0.281018E-14,2.44621,5.41467,339.027,15.2440,0.272388,0.515752,-175.235,-0.114703E-01,-9999,-0.311986E-01,20.2670,20.2670,96.5595,-9999,0.252639E-01,1.14648,1152.86,1005.56,-9999,-9999,23.7004,-9999,-9999,-9999,96.5595,1.14648,0.252639E-01,0.245210E+07,-9999,2,22.0602,557.328,557.328,-9999,-9999,-9999,-9999,0,0.808853E-01,2043.48,2043.48,0,0.128239E-01,323.982,323.982,10.0000,10.0000,0.00000,-0.980588,10.0000,-9999,-9999,-9999,-9999,-9999,3.35000,3.35000,3.90610,-1.00000,10.0000,0.650000,0.650000,3.90610,-1.00000,10.0000,2.38892,0.396155E-01,-0.502555E-02,20.6600,23.0622,-9999,2.03165,0.323980,1.96135,-0.412702,-0.198835,19.3600,20.2873,-9999,2.01012,0.323710,2.87247,0.442633,0.194602,21.2500,24.0432,-9999,2.07510,0.324251,0.682064,0.679555,0.323261,1.05606,2.77868,-9999,0.402059E-01,0.396364E-03,0.465212,-0.257217,0.275029E-01,-0.540785,-0.815202,-9999,0.619715,0.466570E-01,3.14723,3.44704,4.08413,1.85112,2.38035,-9999,2.27737,2.92936,-0.728987E-01,0.831456E-02,0.104373E-01,-9999,-0.321155E-03,0.473876E-05,-9999,0.214965E-01,0.957940E-04,-9999,-9999,0.568166E-05,27.0021,-4.09767,9.26895,23.0810,35.2000,49.3684,59.0814,73.9629,0.270933,-176.248,-0.114044E-01,-0.841569E-01,9.58549,-9999,-9999,10.4373,-9999,-12.7120,0.187570,-0.850633E-01,9.58549,-9999,-9999,12.3413,-9999,-12.7120,0.187570,-0.850633E-01,9.58549,-9999,-9999,12.9802,-9999,-12.7120,0.187570,20.2670,96.5595,-9999,-9999,0.252639E-01,0.252639E-01,-9999,-9999,-9999,-9999,-9999,-9999,-9999,-9999,-9999,-9999,-9999,-9999,-9999,1.01077,1.02208,-9999,-9999,1.18242,-9999,1.20517,1.20517,-9999,-9999,-9999,-9999,-9999,-9999,-9999,-9999,-9999,-9999,4,9,4,2,396,28,0,0,0,0,0,0,0,0,0,6,18,6,2,472,33,0,0,0,0,0,0,0,0,0,0,800000000,800000000,800000000,800000011,810000000,801011111,800000011,800000011,81111,81111,80,80,0.00000,0.00000,0.00000,0.00000,9.95000,-9999,3.30000,0.600000,5.55716,6.07681,7.37877,9.59287,20.7766,-9999,41.5355,5.92939,8,90,8,11182,220,-9999,18000,18018,0.150563E-01,0.483099E-01,-9999,-9999,0.153399E-01,-9999,0.205635E-02,0.193091E-01,0.741271,4.60016,1.34289,-9999,0.972503,1.05868,0,5,88,-9999,38,1,12,18,625,1,1,5,-9999,3,1,2,2,8,0,0,-9999,-9999,1,-9999,1,0,-9999,-9999,-9999,-9999,-9999,-9999,-9999,-9999,-9999,-9999,-9999,-9999,-9999,-9999,-9999,-9999,-9999,-9999,-9999,-9999,-9999,-9999,-9999,-9999,-9999,-9999,-9999,-9999,-9999,9999,-82,-9999,0,0,1,207.838,2.66058,-9999,0,0,3,1,0,1,0,-9999,-9999,-9999,47.2102,8.41064,393.000,0.500000,0.400000,0.800000E-01,360,20,30,gill,r3_50_1,2.41000,uvw,axis,7.00000,11.0000,12.5000,0.200000E-01,licor,li7500_1,14.0000,31.0000,1.00000,-9999,-9999,-9999,0.950000,12.7000,0.100000,-9999,-9999,-9999,-9999,-9999,-9999,-9999,-9999,-9999,-9999,-9999,-9999,-9999,other_irga,generic_closed_path_2,14.0000,31.0000,1.00000,700.000,4.00000,8.00000,4.15000,32.0000,0.130800,other_irga,generic_closed_path_2,14.0000,31.0000,1.00000,700.000,4.00000,8.00000,4.15000,32.0000,0.130800,13,16.0000,0.00000,253.121,82.0068,11.7095,96805.1,1.34468,22.0000,96.5000,0.500000,2.14748,303.681,5327.78,0
202005150930,202005151000,136.3957,136.4165,CH-CHA_202005150700.csv,1004.22,0,36000,36000,36000,36000,36000,36000,36000,-9999,36000,36000,36000,36000,36000,-9999,36000,36000,-0.749230E-01,4.89420,-9999,-9999,27.6211,-9999,49.2232,0.283060,0.537372E-02,2.64910,-9999,-9999,38.2002,-9999,15.2721,0.709235E-01,-5.25751,-9999,-9999,3.95698,-9999,0.364150,-0.189968E-02,0.802995E-10,-9999,0.260978E-09,0.412356E-10,-2.06861,-1.28923,0.976808E-01,2.43943,0.468510E-13,0.317897E-14,2.43943,4.70380,334.931,13.6604,0.254166,0.419562,-284.964,-0.705351E-02,-9999,-0.165125E-01,16.8997,16.8997,96.5595,-9999,0.249740E-01,1.15979,1166.14,1005.48,-9999,-9999,19.1957,-9999,-9999,-9999,96.5595,1.15979,0.249740E-01,0.246008E+07,-9999,2,25.2596,630.831,630.831,-9999,-9999,-9999,-9999,0,0.820952E-01,2050.24,2050.24,0,0.129714E-01,323.947,323.947,0.350000,0.350000,0.00000,-0.980588,10.0000,-9999,-9999,-9999,-9999,-9999,0.650000,0.650000,3.90610,-1.00000,10.0000,0.900000,0.900000,3.90610,-1.00000,10.0000,2.42017,-0.398289E-03,-0.614219E-02,16.7100,25.2647,-9999,2.05218,0.323949,1.97285,-0.363044,-0.188245,16.6200,19.2057,-9999,2.01706,0.323688,2.87167,0.357696,0.182370,16.8500,29.2091,-9999,2.07984,0.324214,0.636902,0.585813,0.300503,0.481942,5.24256,-9999,0.417655E-01,0.388136E-03,0.179209,-0.525075E-01,0.101379,1.63278,0.155159,-9999,0.122751E-01,-0.793656E-01,2.72842,3.83622,3.87696,4.19318,1.84614,-9999,2.28728,2.98911,-0.638549E-01,0.410635E-02,0.230522E-01,-9999,0.102013E-02,0.586628E-05,-9999,0.654636E-01,0.402268E-03,-9999,-9999,0.616771E-05,27.0835,-4.11003,9.29690,23.1506,35.3061,49.5173,59.2596,74.1860,0.252809,-286.608,-0.701306E-02,-0.741249E-01,4.78859,-9999,-9999,23.0522,-9999,40.8476,0.234896,-0.749230E-01,4.78859,-9999,-9999,27.2556,-9999,40.8476,0.234896,-0.749230E-01,4.78859,-9999,-9999,27.6211,-9999,40.8476,0.234896,16.8997,96.5595,-9999,-9999,0.249740E-01,0.249740E-01,-9999,-9999,-9999,-9999,-9999,-9999,-9999,-9999,-9999,-9999,-9999,-9999,-9999,1.01077,1.02205,-9999,-9999,1.18234,-9999,1.20504,1.20504,-9999,-9999,-9999,-9999,-9999,-9999,-9999,-9999,-9999,-9999,2,15,5,1,324,156,0,0,0,0,0,0,0,0,0,4,27,5,2,401,197,0,0,0,0,0,0,0,0,0,0,800000000,800000000,800000000,800000011,800010000,801011111,800000111,800000011,80111,80111,80,80,0.00000,0.00000,0.00000,0.00000,91.6000,-9999,0.600000,0.850000,5.37674,5.63084,6.71844,6.77821,17.4491,-9999,28.7718,6.04541,10,102,10,7708,209,-9999,18020,18021,0.408244E-01,0.628480E-02,-9999,-9999,0.428997E-01,-9999,0.196783E-01,0.661593E-02,0.686002,0.413031,1.77601,-9999,0.821839,1.13901,3,74,120,-9999,31,31,12,19,390,1,4,6,-9999,3,3,2,2,7,0,1,-9999,-9999,2,-9999,1,1,-9999,-9999,-9999,-9999,-9999,-9999,-9999,-9999,-9999,-9999,-9999,-9999,-9999,-9999,-9999,-9999,-9999,-9999,-9999,-9999,-9999,-9999,-9999,-9999,-9999,-9999,-9999,-9999,-9999,9999,-74,-9999,0,0,1,211.933,2.29488,-9999,0,0,3,1,0,1,0,-9999,-9999,-9999,47.2102,8.41064,393.000,0.500000,0.400000,0.800000E-01,360,20,30,gill,r3_50_1,2.41000,uvw,axis,7.00000,11.0000,12.5000,0.200000E-01,licor,li7500_1,14.0000,31.0000,1.00000,-9999,-9999,-9999,0.950000,12.7000,0.100000,-9999,-9999,-9999,-9999,-9999,-9999,-9999,-9999,-9999,-9999,-9999,-9999,-9999,other_irga,generic_closed_path_2,14.0000,31.0000,1.00000,700.000,4.00000,8.00000,4.15000,32.0000,0.130800,other_irga,generic_closed_path_2,14.0000,31.0000,1.00000,700.000,4.00000,8.00000,4.15000,32.0000,0.130800,13,16.0000,0.00000,251.886,74.2906,11.7435,96858.5,1.34721,22.0000,96.5001,0.500111,2.14748,303.686,5327.96,0
202005151000,202005151030,136.4165,136.4374,CH-CHA_202005150700.csv,1066.90,0,36000,36000,36000,36000,36000,36000,36000,36000,36000,36000,36000,36000,36000,36000,36000,36000,-0.630062E-01,23.8536,-99.6257,-0.145674,12.1706,-2.24806,-4.99576,0.210426,0.555419E-02,6.21974,51.8295,0.757858E-01,8.50195,1.16953,3.93379,0.377434E-01,0.523057,-9999,-9999,-9.13771,-9999,-4.66280,-0.112577,0.832632E-10,0.909198E-12,0.354905E-09,0.581780E-10,-2.09894,-0.738569,0.797785E-01,2.22652,0.123485E-13,0.452676E-14,2.22652,5.03882,347.659,14.3817,0.233434,0.432498,-45.3320,-0.443396E-01,-0.239432,-0.876585E-01,17.6984,17.2348,96.5595,24.7382,0.250427E-01,1.15626,1165.72,1008.19,0.361931E-02,4.85032,19.6066,0.313020E-02,14.7563,-3.13743,96.0745,1.15264,0.251692E-01,0.245929E+07,0.314002E-02,2,18.3936,462.954,460.625,2,200.850,5.05525,5.02982,0,0.784016E-01,1973.31,1963.39,0,0.128520E-01,323.477,321.850,8.00000,8.00000,0.00000,-0.980588,10.0000,9.10000,9.10000,0.00000,-0.980588,10.0000,4.85000,4.85000,3.90610,-1.00000,10.0000,0.900000,0.900000,3.90610,-1.00000,10.0000,2.19461,-0.150787E-01,-0.153780E-02,17.8100,18.0333,266.518,1.96716,0.323477,1.73387,-0.337002,-0.180935,17.3200,17.6249,50.5600,1.96481,0.323241,2.67761,0.329599,0.177601,18.1800,19.1833,313.188,1.97502,0.323712,0.686918,0.557086,0.287741,0.571917,0.994124,128.402,0.144740E-01,0.349158E-03,0.325061,0.853950E-01,-0.264584E-01,-0.369764,0.461267,-0.301247,2.26133,-0.198176E-01,2.93627,3.74502,3.94103,1.87094,2.66977,1.34503,8.19184,2.93964,-0.539143E-01,0.156482E-01,0.100920E-01,-1.90758,-0.104670E-03,0.440880E-05,-101.967,-0.445683E-02,-0.141424E-04,0.740528,0.282738E-02,0.919838E-06,26.1951,-3.97521,8.99194,22.3912,34.1480,47.8931,57.3158,71.7525,0.232197,-58.4341,-0.343977E-01,-0.623401E-01,18.2415,-84.5368,-0.123611,10.0920,-1.90758,-4.15865,0.175167,-0.630062E-01,18.2415,-99.7525,-0.145859,11.9085,-2.25092,-4.15865,0.175167,-0.630062E-01,23.3530,-99.7740,-0.145891,12.1706,-2.25140,-4.15865,0.175167,17.2348,96.5595,-9999,-9999,0.250427E-01,0.250427E-01,-9999,-9999,-9999,-9999,-9999,-9999,-9999,-9999,-9999,-9999,-9999,-9999,-9999,1.01069,1.02144,1.17999,1.17999,1.17999,1.17999,1.20129,1.20129,-9999,-9999,-9999,-9999,-9999,-9999,-9999,-9999,-9999,-9999,8,14,2,0,550,170,0,0,0,0,0,0,0,0,0,12,18,3,0,685,208,0,0,0,0,0,0,0,0,0,0,800000000,800000000,800000000,800000011,810000000,800000011,800001111,800000011,80010,80011,80,81,0.00000,0.00000,0.00000,0.00000,7.95000,9.05000,4.80000,0.850000,6.06966,6.57860,6.57686,5.55790,79.5852,48.2490,19.0273,5.99157,14,144,12,10600,233,233,17988,18017,0.366284E-01,0.111067E-01,0.177608E-01,0.177608E-01,0.118916E-01,0.177608E-01,0.706908E-02,0.698688E-02,0.771188,1.48369,0.969760,1.29713,1.60277,0.623108,6,76,99,117,97,6,0,16,174,1,5,5,6,5,1,2,2,6,0,1,2,2,1,2,1,0,-9999,-9999,-9999,-9999,-9999,-9999,-9999,-9999,-9999,-9999,-9999,-9999,-9999,-9999,-9999,-9999,-9999,-9999,-9999,-9999,-9999,-9999,-9999,-9999,-9999,-9999,-9999,-9999,-9999,9999,-61,-9999,0,0,1,199.386,2.05341,-9999,0,0,3,1,0,1,0,-9999,-9999,-9999,47.2102,8.41064,393.000,0.500000,0.400000,0.800000E-01,360,20,30,gill,r3_50_1,2.41000,uvw,axis,7.00000,11.0000,12.5000,0.200000E-01,licor,li7500_1,14.0000,31.0000,1.00000,-9999,-9999,-9999,0.950000,12.7000,0.100000,licor,li7500_1,14.0000,31.0000,1.00000,-9999,-9999,-9999,-9999,-9999,0.950000,12.7000,0.100000,other_irga,generic_closed_path_2,14.0000,31.0000,1.00000,700.000,4.00000,8.00000,4.15000,32.0000,0.130800,other_irga,generic_closed_path_2,14.0000,31.0000,1.00000,700.000,4.00000,8.00000,4.15000,32.0000,0.130800,13,16.0000,0.00000,249.780,61.1273,11.9047,96911.6,1.34928,22.0000,96.5001,0.500111,2.14748,303.693,5334.45,0
202005151030,202005151100,136.4374,136.4582,CH-CHA_202005150700.csv,1116.81,0,36000,36000,36000,36000,36000,36000,36000,36000,36000,36000,36000,36000,36000,36000,36000,36000,-0.308174E-01,4.68147,-18.1444,-0.265237E-01,3.52266,-0.409316,-0.687384,0.162436,0.441492E-02,1.08316,36.6695,0.536039E-01,4.51520,0.827220,0.726544,0.365489E-01,-0.446266,11.8886,0.173789E-01,-1.84069,0.268193,-0.876154,-0.932213E-01,-0.324993E-10,-0.764490E-12,-0.148429E-09,-0.244030E-10,-1.65499,-0.164390,0.561471E-01,1.66408,-0.287085E-13,-0.191022E-14,1.66408,4.38747,3.73465,25.5467,0.163330,0.526122,-79.1827,-0.253843E-01,-0.258012,-0.245438E-01,17.8731,16.9494,96.5595,50.1496,0.250578E-01,1.15522,1167.82,1010.90,0.721181E-02,9.65514,19.2527,0.624279E-02,9.59753,6.46892,95.5940,1.14801,0.253109E-01,0.245996E+07,0.628201E-02,2,17.0134,430.637,426.318,2,400.211,10.1300,10.0284,0,0.777028E-01,1966.78,1947.06,0,0.127750E-01,323.355,320.112,4.75000,4.75000,0.00000,-0.980588,10.0000,6.50000,6.50000,0.00000,-0.980588,10.0000,-1.00000,-1.00000,3.90610,-1.00000,10.0000,0.600000,0.600000,3.90610,-1.00000,10.0000,1.60626,0.779902E-02,0.122824E-01,17.8600,16.9002,428.102,1.96658,0.323353,1.18830,-0.509228,-0.159595,17.7800,16.6820,347.736,1.96522,0.323124,2.09952,0.505509,0.168568,17.9700,17.2196,468.451,1.96802,0.323585,0.652297,0.742412,0.274911,0.127941,0.486752,80.5321,0.240004E-02,0.346624E-03,0.432814,-0.602167E-01,-0.288390,0.272716,1.78730,-1.03090,1.60161,0.324436E-01,3.18270,2.96267,4.06850,2.36915,12.1712,3.96946,9.85585,3.05065,-0.244014E-01,0.312978E-02,0.294676E-02,-0.349669,-0.145914E-04,0.344811E-05,-34.0013,-0.155097E-03,0.245284E-04,0.348469E-01,-0.494479E-02,0.147642E-07,-9999,-9999,-9999,-9999,-9999,-9999,-9999,-9999,0.162447,-100.103,-0.200793E-01,-0.304853E-01,3.65501,-15.5003,-0.226586E-01,2.94676,-0.349669,-0.576490,0.136230,-0.308174E-01,3.65501,-18.2081,-0.266168E-01,3.46153,-0.410754,-0.576490,0.136230,-0.308174E-01,4.58878,-18.1987,-0.266030E-01,3.52266,-0.410541,-0.576490,0.136230,16.9494,96.5595,-9999,-9999,0.250578E-01,0.250578E-01,-9999,-9999,-9999,-9999,-9999,-9999,-9999,-9999,-9999,-9999,-9999,-9999,-9999,1.01089,1.02020,1.17469,1.17469,1.17469,1.17469,1.19236,1.19236,-9999,-9999,-9999,-9999,-9999,-9999,-9999,-9999,-9999,-9999,7,0,1,20,369,108,0,0,0,0,0,0,0,0,0,15,0,1,30,457,141,0,0,0,0,0,0,0,0,0,0,800000000,800000000,800000001,801000011,810001100,800000111,800001111,800000011,80100,80111,80,80,0.00000,0.00000,0.00000,0.00000,4.70000,6.45000,1.00000,0.550000,6.87654,7.28852,7.59148,4.45965,399.182,87.0523,5.70425,6.09589,39,273,39,13210,469,449,18068,18049,0.324785E-01,0.638295E-02,0.175867E-01,0.175867E-01,0.342547E-01,0.175867E-01,0.120175E-01,0.312482E-02,1.34984,1.12120,0.518844,0.958768,1.96446,1.05857,1,9,55,90,53,6,29,7,66,1,1,4,5,4,1,2,1,4,0,0,1,1,1,1,1,0,-9999,-9999,-9999,-9999,-9999,-9999,-9999,-9999,-9999,-9999,-9999,-9999,-9999,-9999,-9999,-9999,-9999,-9999,-9999,-9999,-9999,-9999,-9999,-9999,-9999,-9999,-9999,-9999,-9999,9999,-52,-9999,0,0,1,185.673,1.93356,-9999,0,0,3,1,0,1,0,-9999,-9999,-9999,47.2102,8.41064,393.000,0.500000,0.400000,0.800000E-01,360,20,30,gill,r3_50_1,2.41000,uvw,axis,7.00000,11.0000,12.5000,0.200000E-01,licor,li7500_1,14.0000,31.0000,1.00000,-9999,-9999,-9999,0.950000,12.7000,0.100000,licor,li7500_1,14.0000,31.0000,1.00000,-9999,-9999,-9999,-9999,-9999,0.950000,12.7000,0.100000,other_irga,generic_closed_path_2,14.0000,31.0000,1.00000,700.000,4.00000,8.00000,4.15000,32.0000,0.130800,other_irga,generic_closed_path_2,14.0000,31.0000,1.00000,700.000,4.00000,8.00000,4.15000,32.0000,0.130800,13,16.0000,0.00000,248.340,52.1276,12.2877,96967.4,1.36088,22.0000,96.5008,0.500778,2.14748,303.677,5337.81,0
202005151100,202005151130,136.4582,136.4790,CH-CHA_202005150700.csv,1153.07,0,36000,36000,36000,36000,36000,36000,36000,36000,36000,36000,36000,36000,36000,36000,36000,36000,-0.387844E-01,-1.41819,48.2594,0.705950E-01,-5.66041,1.08943,1.14496,0.142734,0.511370E-02,1.16587,4.62507,0.676565E-02,0.543584,0.104408,1.18384,0.296753E-01,1.11900,4.22974,0.618736E-02,-0.471096,0.954840E-01,-0.104223,-0.333577E-01,-0.542267E-10,-0.153434E-11,-0.252633E-09,-0.414955E-10,-1.46082,-0.471085,0.670440E-01,1.53636,-0.153666E-12,-0.326442E-14,1.53636,4.14354,351.004,24.5453,0.183517,0.413872,370.896,0.541931E-02,-0.293869E-01,0.663160E-02,18.7575,17.6666,96.5595,56.4290,0.251339E-01,1.15160,1165.31,1011.90,0.846976E-02,11.3673,20.1443,0.735476E-02,8.77708,8.86175,95.4228,1.14313,0.254333E-01,0.245826E+07,0.740926E-02,2,16.6115,422.502,417.511,2,470.020,11.9547,11.8134,0,0.773899E-01,1968.36,1945.11,0,0.127115E-01,323.308,319.489,0.350000,0.350000,0.00000,-0.980588,10.0000,0.100000,0.100000,0.00000,-0.980588,10.0000,7.00000,7.00000,3.90610,-1.00000,10.0000,0.100000,0.100000,3.90610,-1.00000,10.0000,1.52214,0.390088E-01,0.822347E-02,18.8000,16.6032,471.333,1.96772,0.323309,1.10632,-0.339534,-0.136239,18.5500,16.5309,460.349,1.96623,0.323080,1.94858,0.411137,0.135571,19.0100,16.6759,481.031,1.96916,0.323535,0.631973,0.613518,0.227924,0.303131,0.181931,16.2177,0.523300E-02,0.338414E-03,0.798824E-01,-0.595715,-0.687475E-01,-0.618824,0.737591,-0.478180,6.10484,-0.133147E-02,2.95700,3.83581,3.88788,2.40260,31.7869,3.59887,51.8039,2.99799,-0.332941E-01,0.951091E-03,-0.514943E-02,0.918914,0.244580E-04,0.304900E-05,-0.717314,-0.493168E-04,-0.275005E-05,0.135865E-03,0.415067E-03,0.212470E-06,-9999,-9999,-9999,-9999,-9999,-9999,-9999,-9999,0.182510,-468.577,-0.428958E-02,-0.383599E-01,1.10831,40.7060,0.595457E-01,-5.14943,0.918914,0.961650,0.119882,-0.387844E-01,1.10831,47.7785,0.698914E-01,-6.04412,1.07857,0.961650,0.119882,-0.387844E-01,-1.39034,48.4165,0.708247E-01,-5.66041,1.09297,0.961650,0.119882,17.6666,96.5595,-9999,-9999,0.251339E-01,0.251339E-01,-9999,-9999,-9999,-9999,-9999,-9999,-9999,-9999,-9999,-9999,-9999,-9999,-9999,1.01107,1.02003,1.17375,1.17375,1.17375,1.17375,1.19062,1.19062,-9999,-9999,-9999,-9999,-9999,-9999,-9999,-9999,-9999,-9999,3,0,4,6,382,66,0,0,0,0,0,0,0,0,0,4,0,5,10,418,80,0,0,0,0,0,0,0,0,0,0,800000000,800000000,800000001,801000011,810001100,800000011,800001111,800000011,80001,80001,80,81,0.00000,0.00000,0.00000,0.00000,0.300000,0.500000E-01,6.95000,0.500000E-01,6.09881,6.80053,9.02756,9.00839,43.5751,18.3915,11.7907,5.92987,104,452,104,15174,235,217,17996,18049,0.238748E-01,0.150872E-01,0.396072E-01,0.396072E-01,0.137791,0.396072E-01,0.700553E-02,0.708248E-02,1.15444,1.57557,1.47624,1.35307,0.757657,1.59035,5,344,0,5,56,0,13,19,572,1,7,1,1,4,1,2,2,8,0,2,0,0,0,0,1,0,-9999,-9999,-9999,-9999,-9999,-9999,-9999,-9999,-9999,-9999,-9999,-9999,-9999,-9999,-9999,-9999,-9999,-9999,-9999,-9999,-9999,-9999,-9999,-9999,-9999,-9999,-9999,-9999,-9999,9999,-50,-9999,0,0,1,197.874,2.50108,-9999,0,0,3,1,0,1,0,-9999,-9999,-9999,47.2102,8.41064,393.000,0.500000,0.400000,0.800000E-01,360,20,30,gill,r3_50_1,2.41000,uvw,axis,7.00000,11.0000,12.5000,0.200000E-01,licor,li7500_1,14.0000,31.0000,1.00000,-9999,-9999,-9999,0.950000,12.7000,0.100000,licor,li7500_1,14.0000,31.0000,1.00000,-9999,-9999,-9999,-9999,-9999,0.950000,12.7000,0.100000,other_irga,generic_closed_path_2,14.0000,31.0000,1.00000,700.000,4.00000,8.00000,4.15000,32.0000,0.130800,other_irga,generic_closed_path_2,14.0000,31.0000,1.00000,700.000,4.00000,8.00000,4.15000,32.0000,0.130800,13,16.0000,0.00000,248.013,50.0826,12.8555,97002.1,1.37176,22.0000,96.5005,0.500500,2.14748,303.688,5338.28,0
202005151130,202005151200,136.4790,136.4999,CH-CHA_202005150700.csv,1175.08,0,36000,36000,36000,36000,36000,36000,36000,36000,36000,36000,36000,36000,36000,36000,36000,36000,-0.772397E-01,18.2749,93.2251,0.136497,-16.3702,2.10644,6.80892,0.356962,0.126542E-01,4.49150,8.72334,0.127724E-01,1.71851,0.197106,1.74692,0.582473E-01,1.48416,0.278178,0.407299E-03,-0.181610,0.628548E-02,-0.439198E-01,-0.943706E-02,-0.734291E-10,-0.211566E-11,-0.344761E-09,-0.566203E-10,-1.46428,0.262420,0.800993E-01,1.48976,-0.686237E-13,-0.447154E-14,1.48976,5.05269,17.3852,34.7777,0.259412,0.781384,-81.2996,-0.247234E-01,0.196030,-0.606499E-01,19.7263,18.6210,96.5595,53.6742,0.252173E-01,1.14778,1161.54,1011.99,0.852599E-02,11.4803,21.3888,0.742821E-02,9.90852,9.00824,95.4115,1.13926,0.255208E-01,0.245600E+07,0.748380E-02,2,16.4214,419.105,414.105,2,473.140,12.0754,11.9313,0,0.771012E-01,1967.77,1944.29,0,0.126624E-01,323.167,319.312,0.200000,0.200000,0.00000,-0.980588,10.0000,0.100000,0.100000,0.00000,-0.980588,10.0000,6.35000,6.35000,3.90610,-1.00000,10.0000,0.550000,0.550000,3.90610,-1.00000,10.0000,1.41529,-0.254799E-02,0.243142E-01,19.6500,16.4388,472.484,1.96737,0.323169,0.853544,-0.565555,-0.179305,19.4100,16.3333,462.170,1.96610,0.322935,2.05164,0.576244,0.201729,20.0600,16.5218,483.957,1.96891,0.323402,0.838523,0.863986,0.336417,0.386209,0.172568,16.6448,0.313553E-02,0.346043E-03,0.483450,-0.751559E-01,-0.332515,0.334169,-0.318822,0.768156E-01,4.75196,-0.724006E-02,3.11197,3.01683,4.45185,2.07365,56.5599,3.50516,44.9645,2.96030,-0.616841E-01,0.196078E-01,-0.154460E-01,1.75203,0.146022E-03,0.765529E-05,-1.71467,-0.179662E-04,-0.389010E-05,0.596572E-02,0.693746E-03,0.117383E-06,25.1524,-3.81698,8.63402,21.4999,32.7887,45.9867,55.0343,68.8964,0.257978,-64.4019,-0.312102E-01,-0.763882E-01,22.7754,77.5398,0.113531,-15.4460,1.75203,5.72169,0.299963,-0.772397E-01,22.7754,90.9877,0.133221,-18.1248,2.05589,5.72169,0.299963,-0.772397E-01,17.9168,93.5065,0.136909,-16.3702,2.11280,5.72169,0.299963,18.6210,96.5595,-9999,-9999,0.252173E-01,0.252173E-01,-9999,-9999,-9999,-9999,-9999,-9999,-9999,-9999,-9999,-9999,-9999,-9999,-9999,1.01115,1.01999,1.17343,1.17343,1.17343,1.17343,1.19002,1.19002,-9999,-9999,-9999,-9999,-9999,-9999,-9999,-9999,-9999,-9999,4,16,2,13,226,66,0,0,0,0,0,0,0,0,0,6,35,4,26,293,95,0,0,0,0,0,0,0,0,0,0,800000000,800000000,800000001,800000001,800001100,800000011,800001111,800000011,80001,80011,80,81,0.00000,0.00000,0.00000,0.00000,0.150000,0.500000E-01,6.30000,0.500000,11.6720,8.92236,11.0863,21.3752,355.478,79.3317,6.45017,6.07732,34,262,34,9417,454,439,17986,18038,0.510567E-01,0.217057E-01,0.104924E-01,0.104924E-01,0.539400E-01,0.104924E-01,0.211663E-01,0.331593E-01,0.722708,1.31646,0.934168,1.19704,2.17480,0.612712,8,41,1,5,33,25,12,11,100,1,3,1,1,3,2,1,1,5,0,1,0,0,0,0,1,0,-9999,-9999,-9999,-9999,-9999,-9999,-9999,-9999,-9999,-9999,-9999,-9999,-9999,-9999,-9999,-9999,-9999,-9999,-9999,-9999,-9999,-9999,-9999,-9999,-9999,-9999,-9999,-9999,-9999,9999,-50,-9999,0,0,1,169.840,3.08208,-9999,0,0,3,1,0,1,0,-9999,-9999,-9999,47.2102,8.41064,393.000,0.500000,0.400000,0.800000E-01,360,20,30,gill,r3_50_1,2.41000,uvw,axis,7.00000,11.0000,12.5000,0.200000E-01,licor,li7500_1,14.0000,31.0000,1.00000,-9999,-9999,-9999,0.950000,12.7000,0.100000,licor,li7500_1,14.0000,31.0000,1.00000,-9999,-9999,-9999,-9999,-9999,0.950000,12.7000,0.100000,other_irga,generic_closed_path_2,14.0000,31.0000,1.00000,700.000,4.00000,8.00000,4.15000,32.0000,0.130800,other_irga,generic_closed_path_2,14.0000,31.0000,1.00000,700.000,4.00000,8.00000,4.15000,32.0000,0.130800,13,16.0000,0.00000,248.002,50.0113,14.1846,97039.3,1.38904,22.0000,96.5005,0.500500,2.14748,303.719,5330.34,0
202005151200,202005151230,136.4999,136.5207,CH-CHA_202005150700.csv,1182.46,0,36000,36000,36000,36000,36000,36000,36000,36000,36000,36000,36000,36000,36000,36000,36000,36000,-0.445600E-01,42.9152,86.6537,0.127048,-14.5952,1.96062,0.657354,0.124108,0.632553E-02,7.75461,6.82045,0.999985E-02,1.47091,0.154319,0.654548,0.296136E-01,2.17416,-0.170190,-0.249526E-03,0.744050E-01,-0.385071E-02,-0.778738E-01,-0.853072E-03,0.232585E-09,0.663809E-11,0.108752E-08,0.178730E-09,-1.36934,0.563290,0.500006E-01,1.48151,-0.916376E-13,0.141833E-13,1.48151,4.41830,29.3766,28.9417,0.197506,0.589959,-15.2795,-0.131549,0.495250,-0.187963,21.1296,20.0257,96.5595,48.8823,0.253382E-01,1.14232,1156.00,1011.98,0.843372E-02,11.4107,23.3432,0.738300E-02,11.9325,8.91821,95.4184,1.13388,0.256412E-01,0.245267E+07,0.743791E-02,2,16.3985,420.494,415.507,2,468.020,12.0011,11.8588,0,0.766756E-01,1966.14,1942.82,0,0.126014E-01,323.127,319.295,0.500000E-01,0.500000E-01,0.00000,-0.980588,10.0000,0.500000E-01,0.500000E-01,0.00000,-0.980588,10.0000,5.40000,5.40000,3.90610,-1.00000,10.0000,0.900000,0.900000,3.90610,-1.00000,10.0000,1.43931,0.856904E-02,0.138329E-01,21.1200,16.4176,466.884,1.96605,0.323126,0.959817,-0.519762,-0.168688,20.6600,16.3149,456.566,1.96495,0.322898,1.96014,0.518865,0.176475,21.5700,16.5005,477.803,1.96723,0.323357,0.686449,0.787501,0.297571,0.554612,0.154961,16.3182,0.169526E-02,0.338315E-03,0.324169,-0.381352E-01,-0.317941,0.110204,-0.570451,0.365510,0.289468,0.147990E-01,2.76419,2.96478,4.72856,2.06410,3.75922,3.08850,3.13307,2.97074,-0.351469E-01,0.403382E-01,-0.149001E-01,1.60067,0.141651E-04,0.267438E-05,-2.11142,-0.717282E-05,-0.288788E-05,0.566713E-03,0.289594E-03,0.699632E-08,-9999,-9999,-9999,-9999,-9999,-9999,-9999,-9999,0.196412,-13.8818,-0.144794,-0.440681E-01,46.6310,70.7449,0.103723,-14.9001,1.60067,0.552437,0.104300,-0.445600E-01,46.6310,83.0105,0.121706,-17.4835,1.87819,0.552437,0.104300,-0.445600E-01,42.0746,86.8832,0.127384,-14.5952,1.96581,0.552437,0.104300,20.0257,96.5595,-9999,-9999,0.253382E-01,0.253382E-01,-9999,-9999,-9999,-9999,-9999,-9999,-9999,-9999,-9999,-9999,-9999,-9999,-9999,1.01116,1.01998,1.17338,1.17338,1.17338,1.17338,1.18992,1.18992,-9999,-9999,-9999,-9999,-9999,-9999,-9999,-9999,-9999,-9999,3,1,0,11,78,25,0,0,0,0,0,0,0,0,0,3,2,0,25,107,37,0,0,0,0,0,0,0,0,0,0,800000000,800000000,800000000,800000000,800000000,800000011,800000011,800000011,80011,80011,80,81,0.00000,0.00000,0.00000,0.00000,0.00000,0.00000,5.35000,0.850000,11.1253,8.46447,9.24501,19.0651,13.7643,11.6241,5.74845,5.96018,35,245,35,8536,250,221,18030,18055,0.426251E-01,0.135995E-01,0.246430E-01,0.246430E-01,0.484327E-01,0.246430E-01,0.191436E-01,0.339872E-02,1.17789,0.881905,1.37061,1.15160,1.22019,1.81725,4,29,0,4,86,0,16,0,77,1,2,1,1,5,1,2,1,5,0,0,0,0,0,0,1,0,-9999,-9999,-9999,-9999,-9999,-9999,-9999,-9999,-9999,-9999,-9999,-9999,-9999,-9999,-9999,-9999,-9999,-9999,-9999,-9999,-9999,-9999,-9999,-9999,-9999,-9999,-9999,-9999,-9999,9999,-50,-9999,0,0,1,157.640,1.93408,-9999,0,0,3,1,0,1,0,-9999,-9999,-9999,47.2102,8.41064,393.000,0.500000,0.400000,0.800000E-01,360,20,30,gill,r3_50_1,2.41000,uvw,axis,7.00000,11.0000,12.5000,0.200000E-01,licor,li7500_1,14.0000,31.0000,1.00000,-9999,-9999,-9999,0.950000,12.7000,0.100000,licor,li7500_1,14.0000,31.0000,1.00000,-9999,-9999,-9999,-9999,-9999,0.950000,12.7000,0.100000,other_irga,generic_closed_path_2,14.0000,31.0000,1.00000,700.000,4.00000,8.00000,4.15000,32.0000,0.130800,other_irga,generic_closed_path_2,14.0000,31.0000,1.00000,700.000,4.00000,8.00000,4.15000,32.0000,0.130800,13,16.0000,0.00000,248.000,50.0000,15.7417,97095.0,1.40133,22.0000,96.5011,0.501111,2.14748,303.731,5324.85,0
202005151230,202005151300,136.5207,136.5415,CH-CHA_202005150700.csv,1175.08,0,36000,36000,36000,35989,35989,35989,35989,35989,35989,35989,35989,35989,35989,35989,35989,35989,-0.526852E-01,46.8199,120.109,0.176348,-20.1588,2.72142,3.59979,0.173189,0.900889E-02,5.57417,9.31576,0.136777E-01,2.07172,0.211076,1.95286,0.366710E-01,2.25623,-0.147018E-01,-0.215857E-04,0.543871E-01,-0.333113E-03,0.141064,-0.224114E-02,0.130337E-09,0.370870E-11,0.608754E-09,0.998959E-10,-1.34890,0.571916,0.795753E-01,1.46729,0.879128E-13,0.796804E-14,1.46729,5.82483,32.7599,34.9239,0.215294,0.788685,-18.1412,-0.110798,0.389812,-0.189055,22.5995,21.4907,96.5595,44.6434,0.254647E-01,1.13664,1150.29,1012.01,0.838734E-02,11.4047,25.5462,0.737907E-02,14.1415,8.91036,95.4191,1.12825,0.257691E-01,0.244920E+07,0.743392E-02,2,16.3574,421.533,416.537,2,465.446,11.9946,11.8525,0,0.763995E-01,1968.83,1945.49,0,0.125371E-01,323.082,319.253,0.100000,0.100000,0.00000,-0.980588,10.0000,0.100000,0.100000,0.00000,-0.980588,10.0000,-0.700000,-0.700000,3.90610,-1.00000,10.0000,1.80000,1.80000,3.90610,-1.00000,10.0000,1.36607,-0.890301E-01,0.127567E-01,22.6100,16.3863,462.809,1.96785,0.323083,0.852006,-0.559240,-0.169400,22.2800,16.2415,451.324,1.96622,0.322855,1.98687,0.474302,0.180455,22.9000,16.4956,478.143,1.97025,0.323314,0.880556,0.838960,0.313268,0.451579,0.200521,20.0134,0.422226E-02,0.335902E-03,0.591222,0.499872,-0.334817,0.129237,-0.626130,0.478122,2.34156,-0.336334E-01,3.63728,3.24190,5.21221,2.85280,8.62339,3.26456,11.5360,2.96036,-0.445813E-01,0.454266E-01,-0.200701E-01,2.23729,0.779696E-04,0.375119E-05,-3.30946,-0.360983E-04,-0.419724E-05,0.788871E-02,0.475345E-03,0.709823E-07,22.9395,-3.48115,7.87438,19.6083,29.9039,41.9407,50.1923,62.8348,0.214100,-16.0457,-0.125267,-0.521022E-01,52.2540,98.7420,0.144977,-20.0701,2.23729,3.02570,0.145569,-0.526852E-01,52.2540,115.853,0.170099,-23.5479,2.62498,3.02570,0.145569,-0.526852E-01,45.9033,120.442,0.176837,-20.1588,2.72897,3.02570,0.145569,21.4907,96.5595,-9999,-9999,0.254647E-01,0.254647E-01,-9999,-9999,-9999,-9999,-9999,-9999,-9999,-9999,-9999,-9999,-9999,-9999,-9999,1.01119,1.01997,1.17329,1.17329,1.17329,1.17329,1.18974,1.18974,-9999,-9999,-9999,-9999,-9999,-9999,-9999,-9999,-9999,-9999,7,4,3,4,78,25,0,0,0,0,0,0,0,0,0,11,7,7,6,95,37,0,0,0,0,0,0,0,0,0,0,800000000,800000000,800000100,800000000,800001100,800000011,800001111,800000011,80001,80001,80,80,0.00000,0.00000,0.00000,0.00000,0.500000E-01,0.500000E-01,0.700000,1.75000,8.50299,8.43415,9.12020,14.4804,228.000,14.8732,5.77728,5.95745,46,233,46,6186,481,448,18074,18058,0.211818E-01,0.581338E-02,0.110239E-02,0.110239E-02,0.390826E-01,0.110239E-02,0.306438E-02,0.439850E-02,1.06838,1.08546,0.722157,1.01128,1.11239,0.806132,10,12,11,7,7,10,38,3,37,1,1,1,1,1,1,3,1,3,1,0,0,0,0,0,0,0,-9999,-9999,-9999,-9999,-9999,-9999,-9999,-9999,-9999,-9999,-9999,-9999,-9999,-9999,-9999,-9999,-9999,-9999,-9999,-9999,-9999,-9999,-9999,-9999,-9999,-9999,-9999,-9999,-9999,9999,-50,-9999,0,0,1,157.024,3.10883,-9999,0,0,3,1,0,1,0,-9999,-9999,-9999,47.2102,8.41064,393.000,0.500000,0.400000,0.800000E-01,360,20,30,gill,r3_50_1,2.41000,uvw,axis,7.00000,11.0000,12.5000,0.200000E-01,licor,li7500_1,14.0000,31.0000,1.00000,-9999,-9999,-9999,0.950000,12.7000,0.100000,licor,li7500_1,14.0000,31.0000,1.00000,-9999,-9999,-9999,-9999,-9999,0.950000,12.7000,0.100000,other_irga,generic_closed_path_2,14.0000,31.0000,1.00000,700.000,4.00000,8.00000,4.15000,32.0000,0.130800,other_irga,generic_closed_path_2,14.0000,31.0000,1.00000,700.000,4.00000,8.00000,4.15000,32.0000,0.130800,13,16.0000,0.00000,248.000,50.0000,16.7433,97099.9,1.41017,22.0000,96.5012,0.501236,2.14748,303.734,5320.67,0
202005151300,202005151330,136.5415,136.5624,CH-CHA_202005151300.csv,1153.07,0,36000,36000,36000,36000,36000,36000,36000,36000,36000,36000,36000,36000,36000,36000,36000,36000,-0.765921E-01,52.2513,146.130,0.214748,-22.3723,3.31401,-1.64555,0.158492,0.109198E-01,6.04308,11.5144,0.169212E-01,2.22091,0.261129,0.762876,0.369030E-01,1.44196,-0.533403E-01,-0.783873E-04,0.347933E-01,-0.120968E-02,-0.177914,-0.434533E-02,-0.363419E-09,-0.103046E-10,-0.169176E-08,-0.278027E-09,-1.51992,0.779181,0.871722E-01,1.71022,-0.740289E-13,-0.222527E-13,1.71022,5.84304,34.7303,38.5720,0.259998,1.21523,-28.6298,-0.702066E-01,0.357568,-0.175264,23.5401,22.4299,96.5595,42.0764,0.255457E-01,1.13304,1146.66,1012.02,0.834454E-02,11.3826,27.0523,0.736475E-02,15.6697,8.88174,95.4213,1.12469,0.258504E-01,0.244698E+07,0.741939E-02,2,16.3314,422.193,417.198,2,463.071,11.9711,11.8295,0,0.760249E-01,1965.36,1942.11,0,0.124941E-01,322.991,319.170,0.100000,0.100000,0.00000,-0.980588,10.0000,0.100000,0.100000,0.00000,-0.980588,10.0000,9.00000,9.00000,3.90610,-1.00000,10.0000,2.05000,2.05000,3.90610,-1.00000,10.0000,1.61208,0.101991,0.191891E-01,23.5000,16.3560,460.091,1.96521,0.322990,1.00498,-0.730721,-0.215029,23.2000,16.2206,448.314,1.96425,0.322771,2.31721,0.800750,0.237903,23.8600,16.4608,475.080,1.96628,0.323213,0.974503,1.15687,0.377432,0.462802,0.204533,21.2903,0.163455E-02,0.328336E-03,0.472215,-0.315359,-0.345559,0.343431,-0.158976,0.580380,0.597560,0.230511E-01,3.10104,2.95200,4.00136,2.84760,11.4531,3.38975,3.81295,2.97259,-0.623250E-01,0.514167E-01,-0.223543E-01,2.72629,-0.356558E-04,0.343420E-05,-3.37536,-0.182753E-04,-0.321794E-05,0.438325E-03,0.395972E-03,0.167129E-07,22.9824,-3.48766,7.88910,19.6450,29.9598,42.0191,50.2861,62.9522,0.258600,-25.0598,-0.802081E-01,-0.757704E-01,58.9576,120.214,0.176664,-22.3543,2.72629,-1.37931,0.132849,-0.765921E-01,58.9576,141.259,0.207591,-26.2677,3.20356,-1.37931,0.132849,-0.765921E-01,51.2131,146.539,0.215349,-22.3723,3.32328,-1.37931,0.132849,22.4299,96.5595,-9999,-9999,0.255457E-01,0.255457E-01,-9999,-9999,-9999,-9999,-9999,-9999,-9999,-9999,-9999,-9999,-9999,-9999,-9999,1.01084,1.02027,1.17506,1.17506,1.17506,1.17506,1.19302,1.19302,-9999,-9999,-9999,-9999,-9999,-9999,-9999,-9999,-9999,-9999,0,2,2,7,162,56,0,0,0,0,0,0,0,0,0,0,4,5,10,210,83,0,0,0,0,0,0,0,0,0,0,800000000,800000000,800000000,800000000,800001100,800000011,800000011,800000011,80001,80011,80,80,0.00000,0.00000,0.00000,0.00000,0.500000E-01,0.500000E-01,8.95000,2.00000,7.96979,7.84727,8.30484,16.0830,101.827,24.1181,5.78755,6.04959,25,148,25,5086,244,230,18001,18035,0.298136E-01,0.430259E-02,0.713129E-02,0.713129E-02,0.177340E-01,0.713129E-02,0.171884E-02,0.261811E-01,1.59955,1.25034,1.13960,1.28668,1.49790,0.877183,0,12,1,1,27,0,30,0,35,1,1,1,1,2,1,2,1,3,0,0,0,0,0,0,0,0,-9999,-9999,-9999,-9999,-9999,-9999,-9999,-9999,-9999,-9999,-9999,-9999,-9999,-9999,-9999,-9999,-9999,-9999,-9999,-9999,-9999,-9999,-9999,-9999,-9999,-9999,-9999,-9999,-9999,9999,-50,-9999,0,0,1,152.858,2.92170,-9999,0,0,3,1,0,1,0,-9999,-9999,-9999,47.2102,8.41064,393.000,0.500000,0.400000,0.800000E-01,360,20,30,gill,r3_50_1,2.41000,uvw,axis,7.00000,11.0000,12.5000,0.200000E-01,licor,li7500_1,14.0000,31.0000,1.00000,-9999,-9999,-9999,0.950000,12.7000,0.100000,licor,li7500_1,14.0000,31.0000,1.00000,-9999,-9999,-9999,-9999,-9999,0.950000,12.7000,0.100000,other_irga,generic_closed_path_2,14.0000,31.0000,1.00000,700.000,4.00000,8.00000,4.15000,32.0000,0.130800,other_irga,generic_closed_path_2,14.0000,31.0000,1.00000,700.000,4.00000,8.00000,4.15000,32.0000,0.130800,13,16.0000,0.00000,248.000,50.0000,17.8321,97110.6,1.42204,22.0000,96.5012,0.501167,2.14748,303.737,5313.96,0
202005151330,202005151400,136.5624,136.5832,CH-CHA_202005151300.csv,1116.81,0,36000,36000,36000,36000,36000,36000,36000,36000,35629,35629,36000,36000,36000,36000,35629,35629,-0.697981E-01,41.3611,125.866,0.185139,-19.2632,2.85709,-4.30887,0.177452,0.801493E-02,4.62944,8.76393,0.128911E-01,1.67323,0.198937,2.12635,0.390483E-01,1.45956,-0.197450,-0.290435E-03,0.772370E-01,-0.448202E-02,0.924766E-01,0.267981E-02,-0.116687E-09,-0.327316E-11,-0.541774E-09,-0.889698E-10,-1.47134,1.07141,0.642847E-01,1.82124,-0.137104E-13,-0.714259E-14,1.82124,5.24307,45.8212,30.6067,0.248595,0.900454,-31.6152,-0.635770E-01,0.328613,-0.145566,24.4894,23.3836,96.5595,39.4295,0.256274E-01,1.12943,1142.99,1012.00,0.825785E-02,11.3007,28.6606,0.731152E-02,17.3599,8.77490,95.4294,1.12117,0.259309E-01,0.244472E+07,0.736537E-02,2,16.3368,423.646,418.671,2,458.260,11.8836,11.7440,0,0.758512E-01,1966.97,1943.87,0,0.124562E-01,323.015,319.222,0.100000,0.100000,0.00000,-0.980588,10.0000,0.100000,0.100000,0.00000,-0.980588,10.0000,10.0000,10.0000,3.90610,-1.00000,10.0000,-0.600000,-0.600000,3.90610,-1.00000,10.0000,1.75779,-0.993274E-01,0.165254E-01,24.4900,16.3609,455.448,1.96632,0.323015,1.16111,-0.601295,-0.203708,24.2800,16.2463,445.606,1.96369,0.322792,2.41220,0.543067,0.213871,24.6900,16.4458,469.346,1.96954,0.323239,0.903049,0.928897,0.350087,0.324857,0.160570,18.1327,0.397550E-02,0.328505E-03,0.342673,0.325732,-0.229450,0.338744E-01,-0.607852,0.571409,0.626822,0.193902E-02,2.89201,3.14283,4.03890,3.09236,3.72002,3.22312,2.55359,2.97169,-0.468020E-01,0.413149E-01,-0.190890E-01,2.35350,-0.935257E-04,0.385167E-05,-2.40938,0.785440E-04,-0.277900E-05,0.686396E-04,0.362731E-03,0.281188E-07,23.5474,-3.57341,8.08306,20.1280,30.6964,43.0522,51.5224,64.5000,0.247269,-27.3519,-0.734867E-01,-0.690554E-01,47.2223,103.681,0.152507,-19.0890,2.35350,-3.60673,0.148536,-0.697981E-01,47.2223,121.929,0.179349,-22.4488,2.76773,-3.60673,0.148536,-0.697981E-01,40.5313,126.219,0.185659,-19.2632,2.86511,-3.60673,0.148536,23.3836,96.5595,-9999,-9999,0.256274E-01,0.256274E-01,-9999,-9999,-9999,-9999,-9999,-9999,-9999,-9999,-9999,-9999,-9999,-9999,-9999,1.01076,1.02047,1.17601,1.17601,1.17601,1.17601,1.19468,1.19468,-9999,-9999,-9999,-9999,-9999,-9999,-9999,-9999,-9999,-9999,3,5,1,4,62,12,0,0,0,0,0,0,0,0,0,5,11,2,7,77,24,0,0,0,0,0,0,0,0,0,0,800000000,800000000,800000000,800000001,800000000,800000011,800010011,800010011,80000,80000,80,81,0.00000,0.00000,0.00000,0.00000,0.500000E-01,0.500000E-01,18.5500,18.5500,7.10563,8.70980,10.4894,17.0132,12.6533,15.5070,5.74893,5.95353,28,182,28,7588,238,226,17805,17888,0.469222E-01,0.592159E-03,0.102853E-01,0.102853E-01,0.285581E-01,0.102853E-01,0.143871E-01,0.241406E-01,0.975108,1.61322,1.62978,1.39553,1.53114,1.25749,9,7,6,1,50,16,25,4,12,1,1,1,1,3,2,2,1,1,0,0,0,0,0,0,1,0,-9999,-9999,-9999,-9999,-9999,-9999,-9999,-9999,-9999,-9999,-9999,-9999,-9999,-9999,-9999,-9999,-9999,-9999,-9999,-9999,-9999,-9999,-9999,-9999,-9999,-9999,-9999,-9999,-9999,9999,-50,-9999,0,0,1,143.938,2.02281,-9999,0,0,3,1,0,1,0,-9999,-9999,-9999,47.2102,8.41064,393.000,0.500000,0.400000,0.800000E-01,360,20,30,gill,r3_50_1,2.41000,uvw,axis,7.00000,11.0000,12.5000,0.200000E-01,licor,li7500_1,14.0000,31.0000,1.00000,-9999,-9999,-9999,0.950000,12.7000,0.100000,licor,li7500_1,14.0000,31.0000,1.00000,-9999,-9999,-9999,-9999,-9999,0.950000,12.7000,0.100000,other_irga,generic_closed_path_2,14.0000,31.0000,1.00000,700.000,4.00000,8.00000,4.15000,32.0000,0.130800,other_irga,generic_closed_path_2,14.0000,31.0000,1.00000,700.000,4.00000,8.00000,4.15000,32.0000,0.130800,13,16.0000,0.00000,248.000,50.0000,17.3844,97176.2,1.41792,21.7939,96.5787,0.501445,0.164057,303.707,5319.67,0
202005151400,202005151430,136.5832,136.6040,CH-CHA_202005151300.csv,1066.90,0,36000,36000,36000,36000,36000,36000,36000,36000,36000,36000,36000,36000,36000,36000,36000,36000,-0.818454E-01,44.9121,110.748,0.162959,-19.1735,2.51480,3.68652,-0.252870,0.103734E-01,4.38332,9.41285,0.138504E-01,2.05554,0.213741,2.58656,0.773903E-01,0.541548,0.660152E-01,0.971371E-04,-0.807390E-01,0.149903E-02,-0.313590E-01,-0.765157E-02,0.155012E-09,0.437490E-11,0.722152E-09,0.118574E-09,-1.42081,0.952423,0.785319E-01,1.71230,0.191801E-13,0.953503E-14,1.71230,5.63036,40.7741,29.8278,0.269358,0.851352,-37.0374,-0.542694E-01,0.405532,-0.146051,24.8477,23.7379,96.5595,38.6905,0.256583E-01,1.12807,1141.64,1012.03,0.826801E-02,11.3282,29.2789,0.732934E-02,17.9508,8.81075,95.4267,1.11980,0.259629E-01,0.244388E+07,0.738346E-02,2,16.2571,422.099,417.130,2,458.824,11.9129,11.7726,0,0.757367E-01,1966.43,1943.27,0,0.124356E-01,322.877,319.075,0.100000,0.100000,0.00000,-0.980588,10.0000,0.100000,0.100000,0.00000,-0.980588,10.0000,0.450000,0.450000,3.90610,-1.00000,10.0000,6.80000,6.80000,3.90610,-1.00000,10.0000,1.56252,0.163928E-01,0.221571E-01,24.8100,16.2843,455.891,1.96492,0.322875,1.00048,-0.478578,-0.205750,24.6400,16.1591,445.337,1.96328,0.322637,2.35138,0.493558,0.218459,25.0300,16.3747,469.678,1.96824,0.323114,0.967785,0.793345,0.369728,0.309173,0.171783,18.6102,0.477646E-02,0.349249E-03,0.455647,-0.520931E-01,-0.363068,0.648824,-0.723173,0.760119,1.13304,0.140671E-01,2.97236,3.40867,4.66982,3.82070,3.83011,3.58960,3.53325,2.89674,-0.577592E-01,0.437308E-01,-0.190396E-01,2.06327,0.802249E-04,-0.550289E-05,-2.72900,0.377180E-04,0.258510E-05,-0.478348E-02,0.204504E-03,0.315120E-07,24.0352,-3.64743,8.25050,20.5449,31.3323,43.9440,52.5897,65.8361,0.267909,-32.9066,-0.610819E-01,-0.809675E-01,49.9247,90.8636,0.133700,-19.0396,2.06327,3.08998,-0.211952,-0.818454E-01,49.9247,106.772,0.157108,-22.3730,2.42450,3.08998,-0.211952,-0.818454E-01,44.0195,111.051,0.163404,-19.1735,2.52167,3.08998,-0.211952,23.7379,96.5595,-9999,-9999,0.256583E-01,0.256583E-01,-9999,-9999,-9999,-9999,-9999,-9999,-9999,-9999,-9999,-9999,-9999,-9999,-9999,1.01084,1.02028,1.17508,1.17508,1.17508,1.17508,1.19305,1.19305,-9999,-9999,-9999,-9999,-9999,-9999,-9999,-9999,-9999,-9999,11,9,3,27,53,24,0,0,0,0,0,0,0,0,0,16,14,8,51,75,36,0,0,0,0,0,0,0,0,0,0,800000000,800000000,800000000,800000000,800000000,800000011,800000111,800000011,80001,80001,80,80,0.00000,0.00000,0.00000,0.00000,0.500000E-01,0.500000E-01,0.400000,6.75000,9.48824,8.63562,9.84666,22.6527,8.90792,10.6266,5.87787,5.98838,25,179,25,6446,468,452,18081,17997,0.486640E-01,0.416878E-02,0.110320E-01,0.110320E-01,0.555702E-01,0.110320E-01,0.125376E-01,0.355633E-02,0.744779,1.78457,1.11508,1.21325,1.99887,1.65362,0,8,8,2,67,106,25,5,1,1,1,1,1,4,6,2,1,1,0,0,0,0,0,0,1,2,-9999,-9999,-9999,-9999,-9999,-9999,-9999,-9999,-9999,-9999,-9999,-9999,-9999,-9999,-9999,-9999,-9999,-9999,-9999,-9999,-9999,-9999,-9999,-9999,-9999,-9999,-9999,-9999,-9999,9999,-50,-9999,0,0,1,146.165,2.62870,-9999,0,0,3,1,0,1,0,-9999,-9999,-9999,47.2102,8.41064,393.000,0.500000,0.400000,0.800000E-01,360,20,30,gill,r3_50_1,2.41000,uvw,axis,7.00000,11.0000,12.5000,0.200000E-01,licor,li7500_1,14.0000,31.0000,1.00000,-9999,-9999,-9999,0.950000,12.7000,0.100000,licor,li7500_1,14.0000,31.0000,1.00000,-9999,-9999,-9999,-9999,-9999,0.950000,12.7000,0.100000,other_irga,generic_closed_path_2,14.0000,31.0000,1.00000,700.000,4.00000,8.00000,4.15000,32.0000,0.130800,other_irga,generic_closed_path_2,14.0000,31.0000,1.00000,700.000,4.00000,8.00000,4.15000,32.0000,0.130800,13,16.0000,0.00000,248.000,50.0000,17.5626,97193.0,1.42505,22.0000,96.5012,0.501250,0.894949E-02,303.679,5316.76,0
202005151430,202005151500,136.6040,136.6249,CH-CHA_202005151300.csv,1004.22,0,36000,36000,36000,36000,36000,36000,36000,36000,36000,36000,36000,36000,36000,36000,36000,36000,-0.682862E-01,38.3509,103.698,0.152621,-16.8318,2.35526,-3.41592,0.116357,0.949437E-02,4.16944,9.87134,0.145284E-01,1.83522,0.224204,2.04984,0.355663E-01,0.366680,0.479022E-01,0.705014E-04,-0.724217E-01,0.108799E-02,-0.186958,-0.726217E-02,0.159491E-10,0.452425E-12,0.744119E-10,0.122352E-10,-1.23240,0.932761,0.799074E-01,1.54766,0.101860E-12,0.985119E-15,1.54766,5.72385,44.7752,34.6658,0.246136,0.886232,-33.0957,-0.607329E-01,0.369831,-0.136590,25.0906,23.9780,96.5595,38.2033,0.256792E-01,1.12715,1140.73,1012.05,0.827586E-02,11.3481,29.7045,0.734229E-02,18.3564,8.83674,95.4247,1.11887,0.259846E-01,0.244331E+07,0.739660E-02,2,16.1900,420.708,415.746,2,459.260,11.9342,11.7934,0,0.755360E-01,1962.85,1939.70,0,0.124200E-01,322.743,318.937,0.500000E-01,0.500000E-01,0.00000,-0.980588,10.0000,0.100000,0.100000,0.00000,-0.980588,10.0000,9.95000,9.95000,3.90610,-1.00000,10.0000,0.600000,0.600000,3.90610,-1.00000,10.0000,1.42323,0.805483E-01,0.221771E-01,25.0600,16.2217,454.962,1.96306,0.322744,0.945124,-0.549532,-0.186998,24.8700,16.0857,443.402,1.95906,0.322526,2.01408,0.626091,0.202286,25.2900,16.3164,471.466,1.96609,0.322965,0.852093,0.964053,0.342060,0.326664,0.194906,22.3795,0.404353E-02,0.324726E-03,0.713427,-0.544161,-0.360510,0.425611,-0.592604,0.962235,0.117308,-0.192739E-01,3.67560,3.92450,4.66499,3.34711,6.70911,4.44018,2.11843,3.03250,-0.514883E-01,0.378148E-01,-0.167311E-01,1.93864,-0.745412E-04,0.253910E-05,-3.55318,-0.590602E-05,-0.619124E-05,0.213278E-02,0.835553E-03,0.492512E-07,23.7985,-3.61151,8.16924,20.3426,31.0237,43.5112,52.0718,65.1877,0.244788,-29.0515,-0.691874E-01,-0.675399E-01,43.1364,85.3551,0.125624,-16.7311,1.93864,-2.86867,0.977155E-01,-0.682862E-01,43.1364,100.192,0.147460,-19.6394,2.27562,-2.86867,0.977155E-01,-0.682862E-01,37.5972,103.987,0.153046,-16.8318,2.36182,-2.86867,0.977155E-01,23.9780,96.5595,-9999,-9999,0.256792E-01,0.256792E-01,-9999,-9999,-9999,-9999,-9999,-9999,-9999,-9999,-9999,-9999,-9999,-9999,-9999,1.01105,1.02005,1.17382,1.17382,1.17382,1.17382,1.19077,1.19077,-9999,-9999,-9999,-9999,-9999,-9999,-9999,-9999,-9999,-9999,8,6,6,28,151,67,0,0,0,0,0,0,0,0,0,14,8,11,56,200,104,0,0,0,0,0,0,0,0,0,0,800000000,800000000,800000000,800000001,800000100,800000011,800000011,800000011,80011,80011,80,81,0.00000,0.00000,0.00000,0.00000,0.00000,0.500000E-01,9.90000,0.550000,9.00009,8.01926,10.6065,17.1757,89.1640,28.6119,5.78670,6.14956,20,202,19,6631,240,220,18044,18118,0.645290E-01,0.135583E-01,0.359204E-02,0.359204E-02,0.135211E-01,0.359204E-02,0.181088E-02,0.515483E-02,1.41856,1.14447,1.14295,1.04561,0.930294,0.467650,0,4,5,6,86,20,19,5,17,1,1,1,1,5,2,2,1,2,0,0,0,0,0,0,1,0,-9999,-9999,-9999,-9999,-9999,-9999,-9999,-9999,-9999,-9999,-9999,-9999,-9999,-9999,-9999,-9999,-9999,-9999,-9999,-9999,-9999,-9999,-9999,-9999,-9999,-9999,-9999,-9999,-9999,9999,-50,-9999,0,0,1,142.879,2.95957,-9999,0,0,3,1,0,1,0,-9999,-9999,-9999,47.2102,8.41064,393.000,0.500000,0.400000,0.800000E-01,360,20,30,gill,r3_50_1,2.41000,uvw,axis,7.00000,11.0000,12.5000,0.200000E-01,licor,li7500_1,14.0000,31.0000,1.00000,-9999,-9999,-9999,0.950000,12.7000,0.100000,licor,li7500_1,14.0000,31.0000,1.00000,-9999,-9999,-9999,-9999,-9999,0.950000,12.7000,0.100000,other_irga,generic_closed_path_2,14.0000,31.0000,1.00000,700.000,4.00000,8.00000,4.15000,32.0000,0.130800,other_irga,generic_closed_path_2,14.0000,31.0000,1.00000,700.000,4.00000,8.00000,4.15000,32.0000,0.130800,13,16.0000,0.00000,248.000,50.0000,18.0374,97198.4,1.42968,22.0000,96.5027,0.502722,0.894479E-02,303.742,5316.45,0
202005151500,202005151530,136.6249,136.6457,CH-CHA_202005151300.csv,929.830,0,36000,36000,36000,36000,36000,36000,36000,36000,36000,36000,36000,36000,36000,36000,36000,36000,-0.817886E-01,29.0322,87.7542,0.129193,-16.3479,1.99371,-2.46504,0.208874,0.994401E-02,3.92652,10.2743,0.151259E-01,1.79357,0.233424,1.35033,0.459053E-01,0.463221,0.644802,0.949285E-03,-0.694538E-01,0.146495E-01,-0.303842E-01,-0.378761E-02,-0.842966E-10,-0.245587E-11,-0.394436E-09,-0.648600E-10,-0.998445,1.10877,0.614061E-01,1.49333,0.144721E-14,-0.522919E-14,1.49333,6.00770,56.3918,39.7884,0.269526,1.15932,-57.4070,-0.350131E-01,0.330836,-0.945188E-01,25.4218,24.2816,96.5595,38.4019,0.257077E-01,1.12588,1139.62,1012.21,0.846303E-02,11.6166,30.2500,0.751681E-02,18.6334,9.18324,95.3979,1.11742,0.260208E-01,0.244259E+07,0.757374E-02,2,16.1204,419.483,414.418,2,469.646,12.2211,12.0735,0,0.754296E-01,1962.82,1939.12,0,0.124034E-01,322.761,318.864,0.100000,0.100000,0.00000,-0.980588,10.0000,0.150000,0.150000,0.00000,-0.980588,10.0000,8.65000,8.65000,3.90610,-1.00000,10.0000,0.600000,0.600000,3.90610,-1.00000,10.0000,1.44875,0.142503E-01,0.309410E-01,25.4300,16.1429,467.862,1.96259,0.322763,0.863447,-0.665846,-0.208925,25.2600,16.0261,456.202,1.96085,0.322541,2.08174,0.738511,0.234116,25.5800,16.2287,482.571,1.96461,0.322985,0.841746,1.20894,0.385439,0.250893,0.168729,19.6253,0.270727E-02,0.332361E-03,0.267639,-0.157951,-0.658379,0.158310,-0.265237,0.205908,0.428487,-0.406903E-01,2.68295,3.72509,5.32269,3.32802,15.1683,3.28942,3.27769,3.03955,-0.692808E-01,0.290949E-01,-0.158096E-01,1.64429,-0.538982E-04,0.456702E-05,-2.35820,-0.150874E-04,-0.415723E-05,0.670405E-02,0.425087E-03,0.243988E-07,23.2598,-3.52976,7.98433,19.8821,30.3215,42.5263,50.8931,63.7121,0.268037,-49.6262,-0.405028E-01,-0.808874E-01,33.1572,72.3743,0.106550,-15.8096,1.64429,-2.07135,0.175515,-0.817886E-01,33.1572,84.9280,0.125032,-18.5519,1.92950,-2.07135,0.175515,-0.817886E-01,28.4632,88.0088,0.129568,-16.3479,1.99950,-2.07135,0.175515,24.2816,96.5595,-9999,-9999,0.257077E-01,0.257077E-01,-9999,-9999,-9999,-9999,-9999,-9999,-9999,-9999,-9999,-9999,-9999,-9999,-9999,1.01114,1.01999,1.17345,1.17345,1.17345,1.17345,1.19006,1.19006,-9999,-9999,-9999,-9999,-9999,-9999,-9999,-9999,-9999,-9999,2,16,5,11,256,40,0,0,0,0,0,0,0,0,0,2,26,11,18,301,44,0,0,0,0,0,0,0,0,0,0,800000000,800000000,800000100,800000011,800001100,800000011,800000011,800000011,80011,80011,80,80,0.00000,0.00000,0.00000,0.00000,0.500000E-01,0.100000,8.60000,0.550000,8.55735,8.99205,9.66145,22.6085,163.494,30.3092,5.90296,6.10283,32,196,31,8072,472,445,18095,18167,0.414699E-01,0.322529E-02,0.160179E-01,0.160179E-01,0.251647E-01,0.160179E-01,0.117815E-02,0.156419E-01,1.30543,1.70899,0.923266,0.776374,0.888738,0.329209,1,3,2,2,1,2,9,1,0,1,1,1,1,1,1,1,1,1,0,0,0,0,0,0,0,0,-9999,-9999,-9999,-9999,-9999,-9999,-9999,-9999,-9999,-9999,-9999,-9999,-9999,-9999,-9999,-9999,-9999,-9999,-9999,-9999,-9999,-9999,-9999,-9999,-9999,-9999,-9999,-9999,-9999,9999,-50,-9999,0,0,1,132.003,2.35669,-9999,0,0,3,1,0,1,0,-9999,-9999,-9999,47.2102,8.41064,393.000,0.500000,0.400000,0.800000E-01,360,20,30,gill,r3_50_1,2.41000,uvw,axis,7.00000,11.0000,12.5000,0.200000E-01,licor,li7500_1,14.0000,31.0000,1.00000,-9999,-9999,-9999,0.950000,12.7000,0.100000,licor,li7500_1,14.0000,31.0000,1.00000,-9999,-9999,-9999,-9999,-9999,0.950000,12.7000,0.100000,other_irga,generic_closed_path_2,14.0000,31.0000,1.00000,700.000,4.00000,8.00000,4.15000,32.0000,0.130800,other_irga,generic_closed_path_2,14.0000,31.0000,1.00000,700.000,4.00000,8.00000,4.15000,32.0000,0.130800,13,16.0000,0.00000,248.000,50.0000,17.7111,97207.9,1.42859,22.0000,96.5038,0.503833,0.890557E-02,303.749,5321.13,0
202005151530,202005151600,136.6457,136.6665,CH-CHA_202005151300.csv,845.003,0,36000,36000,36000,36000,36000,36000,36000,36000,36000,36000,36000,36000,36000,36000,36000,36000,-0.638565E-01,29.3950,85.2675,0.125563,-17.4677,1.93770,-5.55221,0.189265,0.861031E-02,3.12615,9.40239,0.138457E-01,1.58817,0.213668,1.81601,0.428329E-01,0.386242,-0.121079,-0.178297E-03,-0.984294E-01,-0.275150E-02,-0.243840,-0.641671E-02,-0.813189E-11,-0.236956E-12,-0.381320E-10,-0.628304E-11,-0.824761,0.922385,0.772688E-01,1.23976,-0.140873E-12,-0.507174E-15,1.23976,4.47902,58.3398,43.1435,0.238252,0.810776,-39.1635,-0.513233E-01,0.344739,-0.108354,25.6712,24.5350,96.5595,37.6595,0.257292E-01,1.12494,1138.65,1012.19,0.841909E-02,11.5661,30.7123,0.748400E-02,19.1462,9.11865,95.4029,1.11653,0.260411E-01,0.244199E+07,0.754043E-02,2,16.0337,417.554,412.535,2,467.208,12.1671,12.0209,0,0.751853E-01,1957.99,1934.46,0,0.123883E-01,322.620,318.742,0.100000,0.100000,0.00000,-0.980588,10.0000,0.500000E-01,0.500000E-01,0.00000,-0.980588,10.0000,9.00000,9.00000,3.90610,-1.00000,10.0000,0.650000,0.650000,3.90610,-1.00000,10.0000,1.17397,0.134712,0.908481E-02,25.6300,16.0578,467.128,1.95690,0.322620,0.708354,-0.670365,-0.172453,25.5100,15.9263,454.915,1.95516,0.322389,1.71707,0.708590,0.174952,25.8100,16.1516,481.057,1.96071,0.322851,0.733333,0.997533,0.297832,0.235836,0.186458,23.2952,0.369663E-02,0.339647E-03,0.338338,-0.366029,0.185873E-01,0.586837,-0.233293,-1.56275,0.662505,0.740302E-03,2.82183,2.93462,5.07693,3.33547,5.98637,14.1612,2.48823,2.97458,-0.556582E-01,0.293268E-01,-0.167689E-01,1.59882,-0.121788E-03,0.415152E-05,-2.88372,0.418617E-04,-0.403142E-05,0.197932E-01,0.100854E-02,0.191239E-06,25.9026,-3.93082,8.89152,22.1411,33.7666,47.3582,56.6756,70.9512,0.236862,-34.0039,-0.591109E-01,-0.631134E-01,33.3930,70.3556,0.103604,-16.7689,1.59882,-4.67674,0.159422,-0.638565E-01,33.3930,82.4633,0.121433,-19.6547,1.87397,-4.67674,0.159422,-0.638565E-01,28.8213,85.5129,0.125924,-17.4677,1.94327,-4.67674,0.159422,24.5350,96.5595,-9999,-9999,0.257292E-01,0.257292E-01,-9999,-9999,-9999,-9999,-9999,-9999,-9999,-9999,-9999,-9999,-9999,-9999,-9999,1.01177,1.01990,1.17209,1.17209,1.17209,1.17209,1.18720,1.18720,-9999,-9999,-9999,-9999,-9999,-9999,-9999,-9999,-9999,-9999,1,7,3,13,165,48,0,0,0,0,0,0,0,0,0,1,13,4,24,206,77,0,0,0,0,0,0,0,0,0,0,800000000,800000000,800000100,800000001,800000100,800001111,800000011,800000011,80011,80011,80,81,0.00000,0.00000,0.00000,0.00000,0.500000E-01,0.00000,8.95000,0.600000,8.82292,7.35215,8.14162,17.5562,57.2913,23.5025,5.74432,5.96774,35,254,35,8269,245,227,18112,18185,0.380505E-01,0.242800E-01,0.619163E-02,0.619163E-02,0.220846E-01,0.619163E-02,0.620786E-02,0.261896E-02,1.46750,1.65631,1.55725,1.47161,0.887087,0.988872,1,2,1,9,63,24,5,15,1,1,1,1,1,4,2,1,1,1,0,0,0,0,0,0,1,0,-9999,-9999,-9999,-9999,-9999,-9999,-9999,-9999,-9999,-9999,-9999,-9999,-9999,-9999,-9999,-9999,-9999,-9999,-9999,-9999,-9999,-9999,-9999,-9999,-9999,-9999,-9999,-9999,-9999,9999,-50,-9999,0,0,1,131.802,3.57332,-9999,0,0,3,1,0,1,0,-9999,-9999,-9999,47.2102,8.41064,393.000,0.500000,0.400000,0.800000E-01,360,20,30,gill,r3_50_1,2.41000,uvw,axis,7.00000,11.0000,12.5000,0.200000E-01,licor,li7500_1,14.0000,31.0000,1.00000,-9999,-9999,-9999,0.950000,12.7000,0.100000,licor,li7500_1,14.0000,31.0000,1.00000,-9999,-9999,-9999,-9999,-9999,0.950000,12.7000,0.100000,other_irga,generic_closed_path_2,14.0000,31.0000,1.00000,700.000,4.00000,8.00000,4.15000,32.0000,0.130800,other_irga,generic_closed_path_2,14.0000,31.0000,1.00000,700.000,4.00000,8.00000,4.15000,32.0000,0.130800,13,16.0000,0.00000,248.023,50.1427,17.5265,97224.8,1.42995,22.0000,96.5045,0.504528,0.901793E-02,303.704,5321.03,0
202005151600,202005151630,136.6665,136.6873,CH-CHA_202005151300.csv,751.192,0,36000,36000,36000,36000,36000,36000,36000,36000,36000,36000,36000,36000,36000,36000,36000,36000,-0.427557E-01,6.94962,83.5222,0.123003,-12.4771,1.89819,-3.64198,0.242138,0.736934E-02,1.83814,9.71728,0.143106E-01,1.66930,0.220843,2.36019,0.595145E-01,0.133979,-0.535530,-0.788674E-03,0.150368,-0.121709E-01,0.270069,0.258327E-02,0.101528E-09,0.288100E-11,0.474051E-09,0.779135E-10,-0.308557,1.17690,0.201800E-01,1.21684,-0.522016E-13,0.628969E-14,1.21684,5.31664,80.6870,39.9693,0.194974,0.803457,-90.7812,-0.221412E-01,0.832069E-01,-0.313139E-01,25.7374,24.6229,96.5595,36.7385,0.257349E-01,1.12471,1138.27,1012.06,0.825409E-02,11.3428,30.8744,0.733886E-02,19.5316,8.82986,95.4252,1.11646,0.260408E-01,0.244178E+07,0.739312E-02,2,16.1420,420.368,415.413,2,458.052,11.9285,11.7879,0,0.753695E-01,1962.76,1939.63,0,0.123875E-01,322.594,318.791,0.500000E-01,0.500000E-01,0.00000,-0.980588,10.0000,0.500000E-01,0.500000E-01,0.00000,-0.980588,10.0000,0.00000,0.00000,3.90610,-1.00000,10.0000,0.450000,0.450000,3.90610,-1.00000,10.0000,1.09093,0.471154E-01,0.360358E-01,25.7400,16.1478,456.935,1.96343,0.322591,0.667806,-0.592427,-0.174856,25.6800,16.0599,446.922,1.96078,0.322366,1.70702,0.605916,0.208437,25.8000,16.2252,469.039,1.96541,0.322823,0.754298,0.963467,0.331178,0.124146,0.172737,17.7649,0.408612E-02,0.341521E-03,0.589488,-0.297147,-0.570689,-0.948650E-01,0.116151,0.135075,-0.565742,0.982813E-03,3.11221,3.54697,4.22265,4.56941,13.1530,3.46920,3.03867,3.03060,-0.299793E-01,0.991279E-02,-0.115988E-01,1.59258,-0.799005E-04,0.531220E-05,-1.72504,0.165637E-03,-0.130245E-05,-0.726476E-02,0.748502E-03,0.232978E-06,-9999,-9999,-9999,-9999,-9999,-9999,-9999,-9999,0.193829,-55.1393,-0.364532E-01,-0.422548E-01,11.2835,70.0748,0.103199,-11.5988,1.59258,-3.06828,0.203995,-0.427557E-01,11.2835,82.1279,0.120950,-13.5938,1.86651,-3.06828,0.203995,-0.427557E-01,6.81393,83.7829,0.123387,-12.4771,1.90412,-3.06828,0.203995,24.6229,96.5595,-9999,-9999,0.257349E-01,0.257349E-01,-9999,-9999,-9999,-9999,-9999,-9999,-9999,-9999,-9999,-9999,-9999,-9999,-9999,1.01185,1.01991,1.17200,1.17200,1.17200,1.17200,1.18698,1.18698,-9999,-9999,-9999,-9999,-9999,-9999,-9999,-9999,-9999,-9999,2,14,0,33,445,111,0,0,0,0,0,0,0,0,0,3,27,0,57,528,129,0,0,0,0,0,0,0,0,0,0,800000000,800000000,800000000,800000111,810001100,800000011,800000011,800000011,80001,80001,80,80,0.00000,0.00000,0.00000,0.00000,0.00000,0.00000,0.00000,0.400000,7.91558,8.67224,9.90552,18.9107,96.6770,23.7052,5.81856,6.00849,32,252,32,12777,477,453,18207,18181,0.495287E-01,0.124219E-01,0.535676E-01,0.535676E-01,0.887110E-01,0.535676E-01,0.173454E-01,0.187419E-01,0.669237,2.36452,1.56013,1.27734,1.06517,1.51574,12,0,7,6,90,7,29,11,17,1,1,1,1,5,1,2,1,2,0,0,0,0,0,0,1,0,-9999,-9999,-9999,-9999,-9999,-9999,-9999,-9999,-9999,-9999,-9999,-9999,-9999,-9999,-9999,-9999,-9999,-9999,-9999,-9999,-9999,-9999,-9999,-9999,-9999,-9999,-9999,-9999,-9999,9999,-50,-9999,0,0,1,104.691,0.950230,-9999,0,0,3,1,0,1,0,-9999,-9999,-9999,47.2102,8.41064,393.000,0.500000,0.400000,0.800000E-01,360,20,30,gill,r3_50_1,2.41000,uvw,axis,7.00000,11.0000,12.5000,0.200000E-01,licor,li7500_1,14.0000,31.0000,1.00000,-9999,-9999,-9999,0.950000,12.7000,0.100000,licor,li7500_1,14.0000,31.0000,1.00000,-9999,-9999,-9999,-9999,-9999,0.950000,12.7000,0.100000,other_irga,generic_closed_path_2,14.0000,31.0000,1.00000,700.000,4.00000,8.00000,4.15000,32.0000,0.130800,other_irga,generic_closed_path_2,14.0000,31.0000,1.00000,700.000,4.00000,8.00000,4.15000,32.0000,0.130800,13,16.0000,0.00000,248.000,50.0000,17.3491,97265.4,1.42664,22.0000,96.5044,0.504444,0.889706E-02,303.721,5324.89,0
202005151630,202005151700,136.6873,136.7082,CH-CHA_202005151300.csv,650.001,0,36000,36000,36000,36000,36000,36000,36000,36000,36000,36000,36000,36000,36000,36000,36000,36000,-0.270516E-01,11.3496,80.1092,0.117972,-12.7745,1.82056,5.48612,0.473172,0.557132E-02,2.12613,13.1689,0.193931E-01,2.27304,0.299276,1.87825,0.504009E-01,-0.579859E-01,0.449883E-02,0.662517E-05,-0.990821E-01,0.102240E-03,-0.324681,0.269419E-02,-0.308637E-09,-0.879962E-11,-0.144304E-08,-0.237975E-09,-0.163450,1.09700,0.114521E-01,1.10917,0.101215E-12,-0.192053E-13,1.10917,4.19211,87.0169,40.0589,0.155077,0.589635,-27.9698,-0.718632E-01,0.141677,-0.642883E-01,25.6994,24.5848,96.5595,36.8282,0.257316E-01,1.12485,1138.42,1012.06,0.825651E-02,11.3447,30.8043,0.734008E-02,19.4596,8.83230,95.4251,1.11660,0.260375E-01,0.244187E+07,0.739435E-02,2,16.0704,418.450,413.517,2,458.186,11.9305,11.7899,0,0.751376E-01,1956.48,1933.41,0,0.123911E-01,322.647,318.843,0.00000,0.00000,0.00000,-0.980588,10.0000,0.500000E-01,0.500000E-01,0.00000,-0.980588,10.0000,3.40000,3.40000,3.90610,-1.00000,10.0000,0.650000,0.650000,3.90610,-1.00000,10.0000,1.08758,-0.370234E-01,0.247948E-01,25.6800,16.0905,456.401,1.95563,0.322648,0.624661,-0.489476,-0.150223,25.6000,15.9904,445.668,1.95389,0.322430,1.54146,0.438352,0.169727,25.7800,16.1716,468.113,1.95818,0.322867,0.684779,0.793451,0.284225,0.170047,0.238039,31.3319,0.360949E-02,0.326338E-03,0.368341,0.432166,-0.548298,0.938468,-6.19486,10.9490,1.15635,0.141798E-02,3.41276,4.11880,4.89932,6.44646,96.5267,238.979,4.24598,3.03244,-0.234019E-01,0.135421E-01,-0.120022E-01,1.52245,0.120437E-03,0.103876E-04,-5.61549,-0.534605E-04,-0.695993E-05,0.209044E-01,0.108377E-02,0.197783E-06,-9999,-9999,-9999,-9999,-9999,-9999,-9999,-9999,0.154134,-20.2935,-0.990467E-01,-0.267234E-01,15.4166,66.9918,0.986551E-01,-12.0022,1.52245,4.62551,0.398946,-0.270516E-01,15.4166,78.4930,0.115592,-14.0627,1.78383,4.62551,0.398946,-0.270516E-01,11.1270,80.3540,0.118333,-12.7745,1.82612,4.62551,0.398946,24.5848,96.5595,-9999,-9999,0.257316E-01,0.257316E-01,-9999,-9999,-9999,-9999,-9999,-9999,-9999,-9999,-9999,-9999,-9999,-9999,-9999,1.01228,1.02001,1.17168,1.17168,1.17168,1.17168,1.18606,1.18606,-9999,-9999,-9999,-9999,-9999,-9999,-9999,-9999,-9999,-9999,12,1,2,18,214,40,0,0,0,0,0,0,0,0,0,17,2,2,34,262,58,0,0,0,0,0,0,0,0,0,0,800000000,800000000,800000101,800000101,800001100,800001111,800000011,800000011,80001,80001,80,81,0.00000,0.00000,0.00000,0.00000,0.00000,0.00000,3.35000,0.600000,9.35351,10.0250,12.2125,19.5758,66.7412,165.640,5.72502,6.10050,107,396,106,10801,237,225,18193,18204,0.422076E-01,0.505276E-02,0.227340E-01,0.227340E-01,0.559391E-01,0.227340E-01,0.620079E-02,0.367942E-02,1.36501,1.16976,1.33618,1.48581,1.21074,1.65891,15,6,5,4,54,17,42,16,36,1,1,1,1,4,2,3,2,3,1,0,0,0,0,0,1,0,-9999,-9999,-9999,-9999,-9999,-9999,-9999,-9999,-9999,-9999,-9999,-9999,-9999,-9999,-9999,-9999,-9999,-9999,-9999,-9999,-9999,-9999,-9999,-9999,-9999,-9999,-9999,-9999,-9999,9999,-50,-9999,0,0,1,98.4745,0.591584,-9999,0,0,3,1,0,1,0,-9999,-9999,-9999,47.2102,8.41064,393.000,0.500000,0.400000,0.800000E-01,360,20,30,gill,r3_50_1,2.41000,uvw,axis,7.00000,11.0000,12.5000,0.200000E-01,licor,li7500_1,14.0000,31.0000,1.00000,-9999,-9999,-9999,0.950000,12.7000,0.100000,licor,li7500_1,14.0000,31.0000,1.00000,-9999,-9999,-9999,-9999,-9999,0.950000,12.7000,0.100000,other_irga,generic_closed_path_2,14.0000,31.0000,1.00000,700.000,4.00000,8.00000,4.15000,32.0000,0.130800,other_irga,generic_closed_path_2,14.0000,31.0000,1.00000,700.000,4.00000,8.00000,4.15000,32.0000,0.130800,13,16.0000,0.00000,248.055,50.3457,17.2621,97286.5,1.42779,22.0000,96.5051,0.505111,0.892281E-02,303.722,5323.44,0
202005151700,202005151730,136.7082,136.7290,CH-CHA_202005151300.csv,543.163,0,36000,36000,36000,36000,36000,36000,36000,36000,36000,36000,36000,36000,36000,36000,36000,36000,-0.423064E-01,-2.62660,76.3801,0.112499,-9.04404,1.73610,-3.28710,0.255248,0.607123E-02,1.17203,7.08446,0.104346E-01,1.38546,0.161028,2.56014,0.523869E-01,0.255856,0.514715,0.758116E-03,0.115631,0.116993E-01,0.495078,-0.540652E-03,-0.206758E-09,-0.597495E-11,-0.966268E-09,-0.158566E-09,-0.252977,1.07104,-0.926042E-02,1.10055,0.102142E-12,-0.128054E-13,1.10055,3.79918,84.6475,37.3514,0.193997,0.488448,236.613,0.849488E-02,-0.343885E-01,0.118993E-01,25.8892,24.7528,96.5595,37.1512,0.257480E-01,1.12412,1137.82,1012.19,0.840808E-02,11.5594,31.1146,0.747967E-02,19.5552,9.11010,95.4036,1.11572,0.260599E-01,0.244147E+07,0.753604E-02,2,16.1462,420.786,415.731,2,466.597,12.1600,12.0139,0,0.754581E-01,1966.52,1942.89,0,0.123828E-01,322.709,318.832,-0.200000,-0.200000,0.00000,-0.980588,10.0000,0.00000,0.00000,0.00000,-0.980588,10.0000,7.10000,7.10000,3.90610,-1.00000,10.0000,0.700000,0.700000,3.90610,-1.00000,10.0000,1.03033,-0.419448E-01,0.276552E-01,25.9000,16.1573,465.327,1.96712,0.322706,0.669599,-0.460488,-0.146774,25.8100,16.0698,456.317,1.96440,0.322468,1.50310,0.434004,0.164865,25.9900,16.2257,476.648,1.96992,0.322941,0.616789,0.722108,0.273910,0.131813,0.136505,15.7340,0.508063E-02,0.346452E-03,0.449866,0.120859,-0.496687,-0.619444,-0.754655E-01,0.230829,-0.719199,0.914570E-01,3.09955,3.09066,4.68864,3.31880,17.2198,3.22476,3.34557,3.02463,-0.342377E-01,0.132863E-02,-0.822597E-02,1.46709,-0.722279E-04,0.560859E-05,-0.784721,0.293351E-03,0.688384E-05,0.151983E-03,0.878873E-03,0.304830E-06,-9999,-9999,-9999,-9999,-9999,-9999,-9999,-9999,0.192813,-405.164,-0.496095E-02,-0.417916E-01,1.51175,64.5450,0.950674E-01,-8.22597,1.46709,-2.77161,0.215219,-0.423064E-01,1.51175,75.6249,0.111387,-9.63805,1.71893,-2.77161,0.215219,-0.423064E-01,-2.57506,76.6338,0.112873,-9.04404,1.74186,-2.77161,0.215219,24.7528,96.5595,-9999,-9999,0.257480E-01,0.257480E-01,-9999,-9999,-9999,-9999,-9999,-9999,-9999,-9999,-9999,-9999,-9999,-9999,-9999,1.01232,1.02002,1.17166,1.17166,1.17166,1.17166,1.18599,1.18599,-9999,-9999,-9999,-9999,-9999,-9999,-9999,-9999,-9999,-9999,6,1,7,6,429,41,0,0,0,0,0,0,0,0,0,10,2,11,11,509,54,0,0,0,0,0,0,0,0,0,0,800000001,800000000,800000011,800000011,810001100,800000011,800000011,800000011,80001,80011,80,81,0.00000,0.00000,0.00000,0.00000,0.200000,0.00000,7.05000,0.650000,8.17979,9.07980,10.7913,19.5637,168.811,22.3911,5.73679,6.04528,178,509,181,14130,495,458,18128,18188,0.459407E-01,0.843732E-03,0.215200E-02,0.215200E-02,0.427610E-01,0.215200E-02,0.215662E-01,0.754940E-02,1.59828,3.65306,2.64528,0.853862,0.798178,0.879841,11,61,28,1,112,46,6,7,104,1,4,2,1,6,3,1,1,6,0,1,0,0,0,0,2,1,-9999,-9999,-9999,-9999,-9999,-9999,-9999,-9999,-9999,-9999,-9999,-9999,-9999,-9999,-9999,-9999,-9999,-9999,-9999,-9999,-9999,-9999,-9999,-9999,-9999,-9999,-9999,-9999,-9999,9999,-50,-9999,0,0,1,103.290,-0.482115,-9999,0,0,3,1,0,1,0,-9999,-9999,-9999,47.2102,8.41064,393.000,0.500000,0.400000,0.800000E-01,360,20,30,gill,r3_50_1,2.41000,uvw,axis,7.00000,11.0000,12.5000,0.200000E-01,licor,li7500_1,14.0000,31.0000,1.00000,-9999,-9999,-9999,0.950000,12.7000,0.100000,licor,li7500_1,14.0000,31.0000,1.00000,-9999,-9999,-9999,-9999,-9999,0.950000,12.7000,0.100000,other_irga,generic_closed_path_2,14.0000,31.0000,1.00000,700.000,4.00000,8.00000,4.15000,32.0000,0.130800,other_irga,generic_closed_path_2,14.0000,31.0000,1.00000,700.000,4.00000,8.00000,4.15000,32.0000,0.130800,13,16.0000,0.00000,248.000,50.0000,17.1074,97300.0,1.42449,22.0000,96.5045,0.504528,0.898663E-02,303.744,5328.48,0
202005151730,202005151800,136.7290,136.7498,CH-CHA_202005151300.csv,432.505,0,36000,36000,36000,36000,36000,36000,36000,36000,36000,36000,36000,36000,36000,36000,36000,36000,-0.182909E-01,-0.440248,40.6789,0.599157E-01,-5.11007,0.924626,-1.06265,0.326456,0.438185E-02,1.11436,7.23998,0.106637E-01,0.962783,0.164564,1.55975,0.669311E-01,0.101207E-01,-0.331690E-01,-0.488544E-04,-0.158012E-02,-0.753926E-03,-0.242085,0.787819E-02,0.151664E-09,0.437790E-11,0.707154E-09,0.116378E-09,-0.422039,0.900239,0.213097E-01,0.994486,0.854569E-13,0.939406E-14,0.994486,4.53227,73.1857,37.1115,0.127560,0.478595,401.319,0.500849E-02,-0.108225E-01,0.303332E-02,25.8945,24.7594,96.5595,37.0919,0.257484E-01,1.12411,1137.80,1012.18,0.839783E-02,11.5456,31.1270,0.747067E-02,19.5814,9.09234,95.4050,1.11571,0.260600E-01,0.244145E+07,0.752690E-02,2,16.1447,420.750,415.701,2,466.028,12.1452,11.9995,0,0.752767E-01,1961.80,1938.26,0,0.123884E-01,322.857,318.983,0.00000,0.00000,0.00000,-0.980588,10.0000,0.500000E-01,0.500000E-01,0.00000,-0.980588,10.0000,9.55000,9.55000,3.90610,-1.00000,10.0000,0.800000,0.800000,3.90610,-1.00000,10.0000,0.894266,0.229291E-01,0.287207E-01,25.9000,16.1471,464.092,1.96127,0.322853,0.565041,-0.427492,-0.142772,25.8400,16.0948,457.082,1.95957,0.322623,1.33911,0.488619,0.165442,25.9400,16.1917,474.113,1.96378,0.323085,0.597227,0.725518,0.272274,0.670668E-01,0.101529,14.4282,0.290318E-02,0.350040E-03,1.03957,-0.286735,-0.598113,0.343728E-01,0.734449E-01,0.566017,0.571107,0.153934,4.90716,3.32338,4.40801,2.70290,11.5794,4.55189,2.72134,3.39529,-0.149564E-01,0.153436E-02,-0.467086E-02,0.780324,-0.233633E-04,0.717742E-05,-1.00700,0.250889E-04,-0.559239E-05,0.139526E-02,0.113830E-02,0.140322E-06,-9999,-9999,-9999,-9999,-9999,-9999,-9999,-9999,0.126747,-99.6593,-0.201687E-01,-0.180586E-01,1.74579,34.3304,0.505650E-01,-4.67086,0.780324,-0.896518,0.275419,-0.182909E-01,1.74579,40.2192,0.592386E-01,-5.47207,0.914176,-0.896518,0.275419,-0.182909E-01,-0.431528,40.8127,0.601129E-01,-5.11007,0.927667,-0.896518,0.275419,24.7594,96.5595,-9999,-9999,0.257484E-01,0.257484E-01,-9999,-9999,-9999,-9999,-9999,-9999,-9999,-9999,-9999,-9999,-9999,-9999,-9999,1.01287,1.02021,1.17153,1.17153,1.17153,1.17153,1.18531,1.18531,-9999,-9999,-9999,-9999,-9999,-9999,-9999,-9999,-9999,-9999,0,22,2,26,358,43,0,0,0,0,0,0,0,0,0,0,37,3,45,421,59,0,0,0,0,0,0,0,0,0,0,800000001,800000000,800000011,801000011,800001100,800000011,800000011,800000011,80011,80011,80,81,0.00000,0.00000,0.00000,0.00000,0.00000,0.00000,9.50000,0.750000,10.1827,12.0109,10.8675,5.34104,62.8133,38.2764,5.79548,5.95968,171,632,171,17062,259,237,18040,18129,0.434527E-01,0.341790E-02,0.536335E-02,0.536335E-02,0.649028E-01,0.536335E-02,0.189178E-02,0.183501E-01,1.91634,1.86224,0.369868,0.447152,1.49315,1.12295,0,27,0,0,152,4,47,32,212,1,2,1,1,6,1,3,3,6,1,1,1,1,1,1,2,1,-9999,-9999,-9999,-9999,-9999,-9999,-9999,-9999,-9999,-9999,-9999,-9999,-9999,-9999,-9999,-9999,-9999,-9999,-9999,-9999,-9999,-9999,-9999,-9999,-9999,-9999,-9999,-9999,-9999,9999,-50,-9999,0,0,1,115.118,1.22782,-9999,0,0,3,1,0,1,0,-9999,-9999,-9999,47.2102,8.41064,393.000,0.500000,0.400000,0.800000E-01,360,20,30,gill,r3_50_1,2.41000,uvw,axis,7.00000,11.0000,12.5000,0.200000E-01,licor,li7500_1,14.0000,31.0000,1.00000,-9999,-9999,-9999,0.950000,12.7000,0.100000,licor,li7500_1,14.0000,31.0000,1.00000,-9999,-9999,-9999,-9999,-9999,0.950000,12.7000,0.100000,other_irga,generic_closed_path_2,14.0000,31.0000,1.00000,700.000,4.00000,8.00000,4.15000,32.0000,0.130800,other_irga,generic_closed_path_2,14.0000,31.0000,1.00000,700.000,4.00000,8.00000,4.15000,32.0000,0.130800,13,16.0000,0.00000,248.000,50.0000,16.2518,97300.6,1.41740,22.0000,96.5029,0.502861,0.893931E-02,303.727,5333.81,0
202005151800,202005151830,136.7498,136.7707,CH-CHA_202005151300.csv,319.921,0,36000,36000,36000,36000,36000,36000,36000,36000,36000,36000,36000,36000,36000,36000,36000,36000,-0.218603E-01,0.811001E-02,35.2168,0.518693E-01,-3.65683,0.800453,-5.17004,0.298567,0.358685E-02,0.912858,5.71997,0.842470E-02,0.871127,0.130011,3.02004,0.530378E-01,-0.380445E-01,0.504649,0.743276E-03,0.467936E-01,0.114703E-01,0.745354,-0.788295E-03,0.812415E-12,0.238289E-13,0.380767E-11,0.622026E-12,-0.146392,0.643310,-0.330139E-03,0.659757,0.389005E-13,0.502118E-16,0.659757,2.45921,87.2672,43.6621,0.139452,0.254858,-28465.0,-0.706130E-04,0.230288E-03,-0.511070E-04,25.8902,24.7345,96.5595,37.8250,0.257481E-01,1.12411,1137.93,1012.30,0.855169E-02,11.7561,31.0803,0.760753E-02,19.3242,9.36056,95.3839,1.11556,0.260654E-01,0.244151E+07,0.766585E-02,2,16.1797,421.750,416.597,2,474.566,12.3703,12.2192,0,0.758322E-01,1976.69,1952.53,0,0.123880E-01,322.914,318.968,-0.500000E-01,-0.500000E-01,0.00000,-0.980588,10.0000,0.00000,0.00000,0.00000,-0.980588,10.0000,0.800000,0.800000,3.90610,-1.00000,10.0000,0.600000,0.600000,3.90610,-1.00000,10.0000,0.627234,-0.273265E-01,0.104307E-01,25.8900,16.1789,473.145,1.97700,0.322909,0.318498,-0.362169,-0.119630,25.8400,16.1290,467.104,1.97328,0.322673,0.940834,0.333733,0.130469,25.9300,16.2238,482.312,1.98144,0.323146,0.427307,0.529537,0.216137,0.678491E-01,0.996804E-01,13.1099,0.662990E-02,0.355128E-03,0.391045,0.254497,-0.481380,0.611529,0.605240,0.167403,-0.424130,0.126661,2.77404,3.23792,5.09465,4.14371,6.62558,3.77193,2.90449,3.27873,-0.154660E-01,0.166152E-02,-0.340127E-02,0.674121,-0.113702E-03,0.656622E-05,-0.751838,0.260927E-03,-0.627405E-06,-0.801506E-02,0.773043E-03,0.339566E-06,-9999,-9999,-9999,-9999,-9999,-9999,-9999,-9999,0.138352,-119.695,-0.167927E-01,-0.215169E-01,1.89070,29.6587,0.436830E-01,-3.40127,0.674121,-4.36217,0.251913,-0.218603E-01,1.89070,34.7875,0.512371E-01,-3.98945,0.790697,-4.36217,0.251913,-0.218603E-01,0.793688E-02,35.3342,0.520422E-01,-3.65683,0.803121,-4.36217,0.251913,24.7345,96.5595,-9999,-9999,0.257481E-01,0.257481E-01,-9999,-9999,-9999,-9999,-9999,-9999,-9999,-9999,-9999,-9999,-9999,-9999,-9999,1.01596,1.02181,1.17293,1.17293,1.17293,1.17293,1.18520,1.18520,-9999,-9999,-9999,-9999,-9999,-9999,-9999,-9999,-9999,-9999,3,5,4,41,512,47,0,0,0,0,0,0,0,0,0,9,7,8,68,613,70,0,0,0,0,0,0,0,0,0,0,800000000,800000011,800000111,801000011,810000100,800000011,800000011,800000011,80000,80001,80,80,0.00000,0.00000,0.00000,0.00000,0.500000E-01,0.00000,0.750000,0.550000,6.86510,8.00756,9.52748,7.54401,23.6828,16.8056,5.74610,5.95289,482,1185,590,17690,501,446,18061,18048,0.315488E-01,0.191446E-01,0.212912E-01,0.212912E-01,0.132117E-01,0.212912E-01,0.129335E-01,0.194873E-01,0.865140,2.04663,0.696451,0.800705,1.25517,0.842274,0,4,16,1,81,10,2,2,2131,1,1,2,1,5,1,1,1,9,0,0,0,0,0,0,1,0,-9999,-9999,-9999,-9999,-9999,-9999,-9999,-9999,-9999,-9999,-9999,-9999,-9999,-9999,-9999,-9999,-9999,-9999,-9999,-9999,-9999,-9999,-9999,-9999,-9999,-9999,-9999,-9999,-9999,9999,-50,-9999,0,0,1,102.820,-0.286705E-01,-9999,0,0,3,1,0,1,0,-9999,-9999,-9999,47.2102,8.41064,393.000,0.500000,0.400000,0.800000E-01,360,20,30,gill,r3_50_1,2.41000,uvw,axis,7.00000,11.0000,12.5000,0.200000E-01,licor,li7500_1,14.0000,31.0000,1.00000,-9999,-9999,-9999,0.950000,12.7000,0.100000,licor,li7500_1,14.0000,31.0000,1.00000,-9999,-9999,-9999,-9999,-9999,0.950000,12.7000,0.100000,other_irga,generic_closed_path_2,14.0000,31.0000,1.00000,700.000,4.00000,8.00000,4.15000,32.0000,0.130800,other_irga,generic_closed_path_2,14.0000,31.0000,1.00000,700.000,4.00000,8.00000,4.15000,32.0000,0.130800,13,16.0000,0.00000,248.000,50.0000,16.1082,97300.2,1.41618,22.0000,96.5004,0.500444,0.911479E-02,303.722,5334.51,0
202005151830,202005151900,136.7707,136.7915,CH-CHA_202005151300.csv,207.337,0,36000,36000,36000,35988,35988,35988,35988,35988,35988,35988,35988,35988,35988,35988,35988,35988,-0.194650E-01,-5.32325,33.1396,0.488070E-01,-0.809094,0.753194,-0.662939,0.404678,0.325576E-02,0.756261,5.86703,0.864078E-02,0.743687,0.133345,0.797148,0.706644E-01,-0.953097E-01,0.202266,0.297891E-03,0.185342,0.459708E-02,0.554561,0.111355E-01,0.480777E-10,0.140832E-11,0.224645E-09,0.365242E-10,0.290133,0.617006,0.137456E-01,0.681955,-0.440450E-13,0.294584E-14,0.681955,3.08304,122.709,30.9935,0.131578,0.163870,36.4287,0.551763E-01,-0.160631,0.355450E-01,25.8357,24.6719,96.5595,38.2392,0.257434E-01,1.12431,1138.19,1012.35,0.861486E-02,11.8405,30.9643,0.766238E-02,19.1238,9.46685,95.3755,1.11569,0.260630E-01,0.244166E+07,0.772154E-02,2,16.3205,425.381,420.146,2,478.072,12.4605,12.3072,0,0.762585E-01,1987.61,1963.15,0,0.123986E-01,323.158,319.181,-0.900000,-0.900000,0.00000,-0.980588,10.0000,-0.200000,-0.200000,0.00000,-0.980588,10.0000,-0.500000,-0.500000,3.90610,-1.00000,10.0000,0.800000,0.800000,3.90610,-1.00000,10.0000,0.610617,-0.920874E-02,0.143669E-01,25.8600,16.3069,476.180,1.98743,0.323150,0.405860,-0.251589,-0.751884E-01,25.7800,16.2344,466.008,1.98510,0.322886,0.885996,0.215002,0.885078E-01,25.9100,16.3828,489.291,1.99016,0.323415,0.394268,0.371942,0.184257,0.110240,0.128399,17.3900,0.316133E-02,0.400762E-03,1.13087,0.623363,-0.462395,-0.950977,0.775440,0.352808,0.121702,0.250349,5.24002,4.73728,10.1567,4.11500,5.29667,3.18761,2.18549,3.37273,-0.153938E-01,-0.308844E-02,-0.707785E-03,0.612710,-0.138852E-04,0.847597E-05,-0.662864,-0.992508E-04,-0.246233E-05,0.800356E-02,0.248664E-02,0.222152E-07,-9999,-9999,-9999,-9999,-9999,-9999,-9999,-9999,0.130771,54.3671,0.369709E-01,-0.192267E-01,-3.51523,26.9585,0.397036E-01,-0.707785,0.612710,-0.532757,0.325211,-0.194650E-01,-3.51523,33.0636,0.486950E-01,-0.868072,0.751466,-0.532757,0.325211,-0.194650E-01,-5.20584,33.2532,0.489742E-01,-0.809094,0.755775,-0.532757,0.325211,24.6719,96.5595,-9999,-9999,0.257434E-01,0.257434E-01,-9999,-9999,-9999,-9999,-9999,-9999,-9999,-9999,-9999,-9999,-9999,-9999,-9999,1.01239,1.02255,1.22646,1.22646,1.22646,1.22646,1.24435,1.24435,-9999,-9999,-9999,-9999,-9999,-9999,-9999,-9999,-9999,-9999,18,20,13,24,626,32,0,0,0,0,0,0,0,0,0,29,34,22,41,770,38,0,0,0,0,0,0,0,0,0,0,800000001,800000011,800001111,800000011,810000100,800000011,800000011,800000011,81000,81001,80,81,0.00000,0.00000,0.00000,0.00000,0.900000,0.200000,0.500000,0.750000,12.3153,14.1222,14.2912,21.8741,13.9872,10.5654,5.55167,5.94340,631,1569,631,16904,298,227,18019,18013,0.290388E-01,0.558493E-02,0.316715E-01,0.316715E-01,0.811515E-01,0.316715E-01,0.328604E-02,0.124430E-01,1.47425,1.88986,1.68970,1.13830,1.48802,1.22344,7,15,90,18,196,9,5,12,7,1,1,5,2,6,1,1,1,1,0,0,0,0,1,0,2,0,-9999,-9999,-9999,-9999,-9999,-9999,-9999,-9999,-9999,-9999,-9999,-9999,-9999,-9999,-9999,-9999,-9999,-9999,-9999,-9999,-9999,-9999,-9999,-9999,-9999,-9999,-9999,-9999,-9999,9999,-50,-9999,0,0,1,64.8158,1.15494,-9999,0,0,3,1,0,1,0,-9999,-9999,-9999,47.2102,8.41064,393.000,0.500000,0.400000,0.800000E-01,360,20,30,gill,r3_50_1,2.41000,uvw,axis,7.00000,11.0000,12.5000,0.200000E-01,licor,li7500_1,14.0000,31.0000,1.00000,-9999,-9999,-9999,0.950000,12.7000,0.100000,licor,li7500_1,14.0000,31.0000,1.00000,-9999,-9999,-9999,-9999,-9999,0.950000,12.7000,0.100000,other_irga,generic_closed_path_2,14.0000,31.0000,1.00000,700.000,4.00000,8.00000,4.15000,32.0000,0.130800,other_irga,generic_closed_path_2,14.0000,31.0000,1.00000,700.000,4.00000,8.00000,4.15000,32.0000,0.130800,13,16.0000,0.00000,248.000,50.0000,15.6248,97304.0,1.40882,22.0000,96.5000,0.500028,0.933573E-02,303.735,5338.41,0
