file_info,,,,,,,corrected_fluxes_and_quality_flags,,,,,,,,,,,,,,,storage_fluxes,,,,vertical_advection_fluxes,,gas_densities_concentrations_and_timelags,,,,,,,,,,air_properties,,,,,,,,,,,,,,unrotated_wind,,,rotated_wind,,,,,,rotation_angles_for_tilt_correction,,,turbulence,,,,,,footprint,,,,,,,,uncorrected_fluxes,,,,,,,,,,statistical_flags,,,,,,,,,,,,spikes,,,,,,variances,,,,,,covariances,,,custom_variables,,,,,,,
filename,date,time,DOY,daytime,file_records,used_records,Tau,qc_Tau,rand_err_Tau,H,qc_H,rand_err_H,LE,qc_LE,rand_err_LE,co2_flux,qc_co2_flux,rand_err_co2_flux,h2o_flux,qc_h2o_flux,rand_err_h2o_flux,H_strg,LE_strg,co2_strg,h2o_strg,co2_v-adv,h2o_v-adv,co2_molar_density,co2_mole_fraction,co2_mixing_ratio,co2_time_lag,co2_def_timelag,h2o_molar_density,h2o_mole_fraction,h2o_mixing_ratio,h2o_time_lag,h2o_def_timelag,sonic_temperature,air_temperature,air_pressure,air_density,air_heat_capacity,air_molar_volume,ET,water_vapor_density,e,es,specific_humidity,RH,VPD,Tdew,u_unrot,v_unrot,w_unrot,u_rot,v_rot,w_rot,wind_speed,max_wind_speed,wind_dir,yaw,pitch,roll,u*,TKE,L,(z-d)/L,bowen_ratio,T*,model,x_peak,x_offset,x_10%,x_30%,x_50%,x_70%,x_90%,un_Tau,Tau_scf,un_H,H_scf,un_LE,LE_scf,un_co2_flux,co2_scf,un_h2o_flux,h2o_scf,spikes_hf,amplitude_resolution_hf,drop_out_hf,absolute_limits_hf,skewness_kurtosis_hf,skewness_kurtosis_sf,discontinuities_hf,discontinuities_sf,timelag_hf,timelag_sf,attack_angle_hf,non_steady_wind_hf,u_spikes,v_spikes,w_spikes,ts_spikes,co2_spikes,h2o_spikes,u_var,v_var,w_var,ts_var,co2_var,h2o_var,w/ts_cov,w/co2_cov,w/h2o_cov,data_size_irga75_mean,status_code_irga75_mean,ga_diag_code_irga75_mean,agc_mean,fast_t_mean,air_p_mean,cooler_v_mean
,[yyyy-mm-dd],[HH:MM],[ddd.ddd],[1=daytime],[#],[#],[kg+1m-1s-2],[#],[kg+1m-1s-2],[W+1m-2],[#],[W+1m-2],[W+1m-2],[#],[W+1m-2],[µmol+1s-1m-2],[#],[µmol+1s-1m-2],[mmol+1s-1m-2],[#],[mmol+1s-1m-2],[W+1m-2],[W+1m-2],[µmol+1s-1m-2],[mmol+1s-1m-2],[µmol+1s-1m-2],[mmol+1s-1m-2],[mmol+1m-3],[µmol+1mol_a-1],[µmol+1mol_d-1],[s],[1=default],[mmol+1m-3],[mmol+1mol_a-1],[mmol+1mol_d-1],[s],[1=default],[K],[K],[Pa],[kg+1m-3],[J+1kg-1K-1],[m+3mol-1],[mm+1hour-1],[kg+1m-3],[Pa],[Pa],[kg+1kg-1],[%],[Pa],[K],[m+1s-1],[m+1s-1],[m+1s-1],[m+1s-1],[m+1s-1],[m+1s-1],[m+1s-1],[m+1s-1],[deg_from_north],[deg],[deg],[deg],[m+1s-1],[m+2s-2],[m],[#],[#],[K],[0=KJ/1=KM/2=HS],[m],[m],[m],[m],[m],[m],[m],[kg+1m-1s-2],[#],[W+1m-2],[#],[W+1m-2],[#],[µmol+1s-1m-2],[#],[mmol+1s-1m-2],[#],8u/v/w/ts/co2/h2o/ch4/none,8u/v/w/ts/co2/h2o/ch4/none,8u/v/w/ts/co2/h2o/ch4/none,8u/v/w/ts/co2/h2o/ch4/none,8u/v/w/ts/co2/h2o/ch4/none,8u/v/w/ts/co2/h2o/ch4/none,8u/v/w/ts/co2/h2o/ch4/none,8u/v/w/ts/co2/h2o/ch4/none,8co2/h2o/ch4/none,8co2/h2o/ch4/none,8aa,8U,[#],[#],[#],[#],[#],[#],[m+2s-2],[m+2s-2],[m+2s-2],[K+2],--,--,[m+1K+1s-1],--,--,--,--,--,--,--,--,--
CH-CHA_201201010200.csv,2012-01-01,02:30,1.1041,0,36000,36000,-0.735658E-02,1,0.137473E-02,-3.16392,1,0.517831,-0.857183,1,0.530773,3.39898,1,0.404739,-0.192629E-01,1,0.119277E-01,-9999,-9999,-9999,-9999,-0.891311E-11,-0.887603E-13,19.4422,479.667,481.970,0.00000,0,193.614,4.77672,4.79965,-0.500000E-01,0,286.536,286.102,96559.5,1.17368,1007.95,0.246714E-01,-0.124823E-02,0.348892E-02,460.662,1488.48,0.297264E-02,30.9485,1027.82,269.323,0.630136,0.699684,0.477196E-01,0.942818,-0.224483E-13,-0.458441E-15,0.942818,2.04866,136.889,47.9938,2.90119,-9999,0.791706E-01,0.132142,13.3313,0.150774,3.69107,0.337811E-01,0,-9999,-9999,-9999,-9999,-9999,-9999,-9999,-0.724409E-02,1.01553,-3.10682,1.03152,-0.584481,1.32178,2.71600,1.32178,-0.131346E-01,1.32178,800000099,800000099,800000099,800000099,800000099,800000199,801110199,811110199,80000,80000,80,81,2,0,1,2,4,0,0.143534,0.113560,0.718941E-02,0.279369E-01,0.236266E-01,24.3147,-0.262620E-02,0.271600E-02,-0.131346E-01,15.9907,0.438889,251.000,68.7500,8.02290,97401.4,1.28067
CH-CHA_201201010200.csv,2012-01-01,03:00,1.1249,0,36000,36000,-0.399234E-02,1,0.129421E-02,-0.474111,1,0.406536,-0.638672,1,0.190623,1.70496,1,0.748273,-0.143485E-01,1,0.428258E-02,-0.445784,0.241049,0.682742,0.541546E-02,0.114185E-09,0.113122E-11,19.9686,492.184,494.596,0.250000,0,197.826,4.87600,4.89989,10.0000,0,286.263,285.821,96559.5,1.17479,1008.00,0.246479E-01,-0.929786E-03,0.356482E-02,470.222,1461.31,0.303444E-02,32.1780,991.092,269.597,-0.557250E-01,-0.331620E-01,0.224917E-02,0.648849E-01,0.871502E-13,0.571826E-14,0.648849E-01,1.18174,183.508,210.757,1.98649,-9999,0.582954E-01,0.141756,35.5166,0.565932E-01,0.742338,0.686794E-02,0,-9999,-9999,-9999,-9999,-9999,-9999,-9999,-0.382524E-02,1.04368,-0.485871,1.03983,-0.489605,1.27292,1.36693,1.27292,-0.109996E-01,1.27292,800000099,800100099,800000099,800000099,800000099,801000099,811110199,811110199,81100,81100,80,81,0,0,0,1,0,2,0.140236,0.141732,0.154537E-02,0.195528E-01,0.101742,2.25382,-0.410300E-03,0.136693E-02,-0.109996E-01,15.9953,0.290000,251.000,68.7500,8.00366,97403.9,1.27951
CH-CHA_201201010200.csv,2012-01-01,03:30,1.1458,0,36000,36000,-0.716173E-02,1,0.751147E-03,-1.97359,1,0.633545,-0.573425,1,0.151462,3.15130,1,1.19720,-0.128813E-01,1,0.340240E-02,-0.179509,-0.881142E-01,0.130260,-0.197938E-02,-0.365278E-10,-0.357450E-12,20.0736,494.571,496.976,-0.500000E-01,0,196.434,4.83973,4.86327,-0.100000,0,286.147,285.708,96559.5,1.17527,1007.98,0.246379E-01,-0.834707E-03,0.353975E-02,466.729,1450.50,0.301186E-02,32.1770,983.776,269.498,-0.292542,0.309547,0.174243E-01,0.426267,-0.135719E-12,-0.181969E-14,0.426267,1.90255,59.7514,133.382,2.34270,-9999,0.780621E-01,0.159569,20.4866,0.981128E-01,3.44175,0.213416E-01,0,-9999,-9999,-9999,-9999,-9999,-9999,-9999,-0.704897E-02,1.01600,-1.94634,1.02836,-0.406335,1.27890,2.56056,1.27890,-0.912782E-02,1.27890,800000099,800000099,800000099,800000099,800000099,801100099,811110199,811110199,81100,81100,80,81,1,0,1,0,0,0,0.540858E-01,0.261951,0.310090E-02,0.345464E-01,0.225762,3.27245,-0.164298E-02,0.256056E-02,-0.912782E-02,16.0000,0.382222,251.000,68.7500,7.90576,97400.1,1.27780
CH-CHA_201201010200.csv,2012-01-01,04:00,1.1666,0,36000,36000,-0.186331E-02,2,0.144594E-02,-0.779640,1,0.479026,-0.355377,1,0.104550,-1.12616,1,0.639651,-0.798227E-02,1,0.234835E-02,-0.172279,0.741797E-01,-0.253520,0.166618E-02,0.174704E-09,0.173669E-11,19.8925,489.927,492.325,-1.00000,0,197.746,4.87025,4.89409,0.500000,0,286.041,285.599,96559.5,1.17570,1007.99,0.246288E-01,-0.517251E-03,0.356339E-02,469.668,1440.20,0.303086E-02,32.6113,970.532,269.582,0.503567,-0.362570E-01,0.143558E-01,0.505075,0.261286E-13,0.878242E-14,0.505075,1.44458,187.957,355.882,1.62875,-9999,0.398101E-01,0.172468,6.87851,0.292215,2.19384,0.165252E-01,0,-9999,-9999,-9999,-9999,-9999,-9999,-9999,-0.182414E-02,1.02147,-0.763031,1.04238,-0.233681,1.42660,-0.754545,1.42660,-0.524881E-02,1.42660,800000099,800100099,800000099,800000099,800000099,800000099,811110199,811110199,81100,81100,80,81,2,4,2,2,2,3,0.212198,0.130143,0.259542E-02,0.278398E-01,0.777651E-01,2.18841,-0.643855E-03,-0.754545E-03,-0.524881E-02,16.0000,0.322222,251.000,68.7500,7.89969,97402.5,1.27873
CH-CHA_201201010200.csv,2012-01-01,04:30,1.1874,0,36000,36000,0.259629E-02,2,0.177870E-02,-5.03773,1,0.908495,-2.39451,0,0.260275,5.09390,0,0.868623,-0.537742E-01,0,0.584507E-02,-0.305966,-0.248697E-01,0.328069,-0.558506E-03,0.106455E-09,0.104323E-11,20.1500,495.933,498.355,-0.500000E-01,0,197.465,4.86003,4.88376,-0.500000E-01,0,285.847,285.407,96559.5,1.17650,1007.98,0.246121E-01,-0.348457E-02,0.355832E-02,468.684,1422.07,0.302450E-02,32.9578,953.387,269.554,0.307649,0.508968,0.172949E-01,0.594975,-0.663126E-13,0.528313E-14,0.594975,1.49158,133.477,58.8488,1.66572,-9999,0.469765E-01,0.116112,1.74908,1.14917,2.10387,0.904294E-01,0,-9999,-9999,-9999,-9999,-9999,-9999,-9999,0.248015E-02,1.04683,-4.67838,1.09447,-1.14799,1.96170,2.76313,1.96170,-0.257807E-01,1.96170,800000099,800000099,800000099,800000099,800000099,800100099,811110199,811110199,80100,80100,80,81,4,1,4,2,9,3,0.134483,0.937532E-01,0.398815E-02,0.422785E-01,0.663027E-01,3.30684,-0.394504E-02,0.276313E-02,-0.257807E-01,16.0000,0.298889,251.000,68.7500,7.79924,97400.6,1.27856
CH-CHA_201201010200.csv,2012-01-01,05:00,1.2082,0,36000,36000,-0.590440E-02,1,0.734094E-03,-1.55660,1,0.356112,-1.22898,1,0.173250,-0.981000,2,0.695767,-0.276028E-01,1,0.389117E-02,0.193842,0.806508E-01,-0.435282,0.181141E-02,0.338970E-10,0.339914E-12,19.8174,487.961,490.360,9.40000,0,198.726,4.89320,4.91726,0.300000,0,285.972,285.529,96559.5,1.17598,1008.00,0.246229E-01,-0.178866E-02,0.358104E-02,471.878,1433.54,0.304515E-02,32.9170,961.659,269.644,0.808269,0.102508,0.340779E-01,0.815455,-0.159527E-12,0.171047E-14,0.815455,1.55769,181.142,7.22793,2.39509,-9999,0.708578E-01,0.914651E-01,19.4265,0.103467,1.26657,0.185322E-01,0,-9999,-9999,-9999,-9999,-9999,-9999,-9999,-0.582198E-02,1.01416,-1.57143,1.02797,-0.920007,1.28508,-0.681988,1.28508,-0.206633E-01,1.28508,800000099,800100099,800000099,800000099,800000099,800100099,811110199,811110199,81100,81100,80,81,1,2,2,1,1,0,0.653461E-01,0.115080,0.250381E-02,0.233565E-01,0.770270E-01,2.78890,-0.132566E-02,-0.681988E-03,-0.206633E-01,16.0000,0.330000,251.000,68.7500,7.85823,97399.5,1.28001
CH-CHA_201201010200.csv,2012-01-01,05:30,1.2291,0,36000,36000,0.354822E-02,1,0.688498E-03,-0.156941,2,0.185829,-0.395834,1,0.101399,-3.44896,1,1.14530,-0.889022E-02,1,0.227736E-02,-0.343510E-01,-0.309483E-01,0.812839E-01,-0.695083E-03,-0.433890E-10,-0.432647E-12,19.8794,489.449,491.850,-1.00000,0,198.225,4.88047,4.90441,0.100000,0,285.949,285.507,96559.5,1.17608,1008.00,0.246209E-01,-0.576086E-03,0.357201E-02,470.652,1431.50,0.303722E-02,32.8783,960.847,269.610,0.753291,0.458486,0.306864E-01,0.882382,-0.296244E-13,-0.218261E-14,0.882382,1.90139,156.349,31.3266,1.99296,-9999,0.549272E-01,0.144195,89.7496,0.223956E-01,0.396481,0.241021E-02,0,-9999,-9999,-9999,-9999,-9999,-9999,-9999,0.350860E-02,1.01129,-0.172991,1.02135,-0.320412,1.21660,-2.82378,1.21660,-0.719627E-02,1.21660,800000099,800000099,800000099,800000099,800000099,800000099,811110199,811110199,81100,81100,80,81,0,8,8,1,0,18,0.957803E-01,0.188297,0.431222E-02,0.459787E-01,0.228726,2.14435,-0.145924E-03,-0.282378E-02,-0.719627E-02,16.0000,0.357778,251.000,68.7500,7.80488,97399.7,1.27890
CH-CHA_201201010200.csv,2012-01-01,06:00,1.2499,0,36000,36000,0.467342E-02,1,0.825381E-03,-0.880479,1,0.384144,1.28489,2,0.345530,0.482088,2,0.280034,0.288611E-01,2,0.776128E-02,0.183672,-0.134084,-0.428921,-0.301179E-02,0.137205E-09,0.137472E-11,19.5527,481.592,483.927,0.00000,0,195.908,4.82530,4.84869,6.20000,0,286.060,285.623,96559.5,1.17563,1007.97,0.246305E-01,0.187020E-02,0.353026E-02,465.340,1442.43,0.300288E-02,32.2608,977.092,269.458,0.451750,0.507981,0.296794E-01,0.680444,-0.598522E-13,0.701718E-14,0.680444,1.46154,135.475,48.3531,2.49991,-9999,0.630497E-01,0.983209E-01,24.1955,0.830733E-01,-0.685256,0.117848E-01,0,-9999,-9999,-9999,-9999,-9999,-9999,-9999,0.461072E-02,1.01360,-0.798138,1.02574,1.03273,1.26015,0.411914,1.26015,0.231971E-01,1.26015,800000099,800000099,800000099,800000099,800000099,800000099,811110199,811110199,80100,80100,80,81,4,12,1,5,8,20,0.548479E-01,0.135175,0.661865E-02,0.192976E-01,0.177378E-01,3.82395,-0.673539E-03,0.411914E-03,0.231971E-01,16.0000,0.281111,251.000,68.7500,7.80680,97400.7,1.27875
CH-CHA_201201010200.csv,2012-01-01,06:30,1.2707,0,36000,36000,-0.106074E-01,2,0.371672E-02,-4.48102,1,1.20123,-1.70690,1,0.398510,5.07603,1,0.856607,-0.383446E-01,1,0.895231E-02,0.185057,0.762917E-01,0.105604,0.171385E-02,-0.720262E-10,-0.723455E-12,19.6231,483.527,485.887,8.00000,0,197.101,4.85671,4.88041,0.100000,0,286.180,285.740,96559.5,1.17513,1007.99,0.246408E-01,-0.248473E-02,0.355175E-02,468.364,1453.52,0.302243E-02,32.2227,985.158,269.544,0.158224,0.392617,0.156411E-01,0.423589,0.269151E-13,-0.367049E-14,0.423589,2.20848,106.948,68.0507,2.11614,-9999,0.950083E-01,0.345127,16.2673,0.123561,2.62524,0.398175E-01,0,-9999,-9999,-9999,-9999,-9999,-9999,-9999,-0.104326E-01,1.01675,-4.42834,1.03036,-1.21750,1.29976,4.11948,1.29976,-0.273505E-01,1.29976,800000099,800000099,800000099,800000099,800000099,800000099,810110099,811110099,80000,80000,80,81,0,0,0,2,2,18,0.562124,0.123620,0.450914E-02,0.598999E-01,0.441680E-01,4.93785,-0.373852E-02,0.411948E-02,-0.273505E-01,15.9953,0.436667,251.000,68.7500,7.87271,97441.1,1.27964
CH-CHA_201201010200.csv,2012-01-01,07:00,1.2916,0,36000,36000,-0.537745E-02,2,0.225606E-02,-5.45881,0,1.22626,-1.46083,1,0.289571,5.37904,0,1.07782,-0.328266E-01,1,0.650700E-02,0.493537,0.116921,-0.116978,0.262736E-02,0.172082E-09,0.175339E-11,19.5144,481.381,483.753,0.200000,0,198.837,4.90491,4.92909,0.150000,0,286.496,286.051,96559.5,1.17383,1008.02,0.246680E-01,-0.212716E-02,0.358304E-02,473.006,1483.50,0.305244E-02,31.8844,1010.50,269.676,0.848975,0.769401,0.413782E-01,1.14649,-0.137962E-12,0.881823E-14,1.14649,3.58479,148.792,42.1851,2.06831,-9999,0.676839E-01,0.302022,4.82805,0.416317,3.73679,0.681614E-01,0,-9999,-9999,-9999,-9999,-9999,-9999,-9999,-0.524700E-02,1.02486,-5.25243,1.05124,-0.863616,1.51800,3.76124,1.51800,-0.194065E-01,1.51800,800000099,800000099,800000099,800000099,800000099,800100099,801110199,811110199,81100,81100,80,81,16,1,5,10,0,4,0.444829,0.144458,0.147563E-01,0.698848E-01,0.670486E-01,3.63853,-0.443901E-02,0.376124E-02,-0.194065E-01,15.9957,0.364444,251.000,68.7500,7.89550,97450.4,1.28090
CH-CHA_201201010200.csv,2012-01-01,07:30,1.3124,0,36000,36000,-0.246516E-01,0,0.257642E-02,-10.1361,0,1.10520,-0.441011,1,0.934518E-01,1.68222,1,0.570514,-0.991850E-02,1,0.210177E-02,1.40602,0.272779,-0.685722,0.613491E-02,-0.158973E-09,-0.170172E-11,18.9431,468.759,471.123,0.250000,0,202.776,5.01783,5.04314,0.200000,0,287.398,286.941,96559.5,1.17014,1008.10,0.247457E-01,-0.642719E-03,0.365403E-02,483.878,1572.19,0.312273E-02,30.7773,1088.31,269.981,1.99690,0.671734,0.643036E-01,2.10783,-0.157019E-13,-0.839212E-14,2.10783,4.34395,168.676,18.5924,1.74819,-9999,0.145146,0.227412,25.6430,0.783839E-01,22.9839,0.592008E-01,0,-9999,-9999,-9999,-9999,-9999,-9999,-9999,-0.243243E-01,1.01346,-9.87480,1.02893,-0.131982,1.27899,1.76243,1.27899,-0.296834E-02,1.27899,800000099,800000099,800000099,800000099,800000099,800001099,800010099,800110099,81100,81100,80,80,9,11,4,4,7,17,0.219144,0.195224,0.404564E-01,0.396411E-01,0.166955E-01,0.364181,-0.837119E-02,0.176243E-02,-0.296834E-02,15.9934,0.450000,251.000,68.7500,8.16871,97463.5,1.29066
CH-CHA_201201010200.csv,2012-01-01,08:00,1.3332,0,36000,36000,-0.331789E-01,0,0.331339E-02,-13.1543,0,2.01411,-2.65188,1,0.431743,2.83518,0,1.24525,-0.596238E-01,1,0.970713E-02,-0.500118,-0.122888,0.237707,-0.276296E-02,0.128653E-09,0.135063E-11,19.1411,473.130,475.491,0.300000,0,200.948,4.96703,4.99183,0.250000,0,287.077,286.625,96559.5,1.17145,1008.07,0.247180E-01,-0.386362E-02,0.362109E-02,478.987,1540.16,0.309111E-02,31.0999,1061.17,269.844,1.88057,0.413903,0.585313E-01,1.92647,-0.118801E-12,0.672127E-14,1.92647,3.92517,174.262,12.4125,1.74106,-9999,0.168294,0.284828,30.8007,0.652582E-01,4.96037,0.661891E-01,0,-9999,-9999,-9999,-9999,-9999,-9999,-9999,-0.327649E-01,1.01264,-12.9370,1.02702,-1.81218,1.26444,2.85284,1.26444,-0.407442E-01,1.26444,800000099,800000099,800000099,800000099,800000099,800001099,800010199,800010199,80000,80000,80,81,10,11,4,0,1,2,0.284661,0.247392,0.376022E-01,0.749505E-01,0.469592E-01,1.96669,-0.109552E-01,0.285284E-02,-0.407442E-01,16.0000,0.233333,251.000,68.7500,8.21419,97483.4,1.28856
CH-CHA_201201010800.csv,2012-01-01,08:30,1.3541,1,36000,36000,-0.131110E-01,0,0.219965E-02,-6.72629,0,1.53265,-1.51435,1,0.425135,2.73268,0,0.581829,-0.340480E-01,1,0.955853E-02,-0.476212E-02,0.917949E-01,-0.337998,0.206387E-02,-0.562631E-10,-0.603097E-12,18.8897,466.915,469.264,0.150000,0,202.483,5.00498,5.03016,1.45000,0,287.077,286.622,96559.5,1.17145,1008.09,0.247180E-01,-0.220631E-02,0.364874E-02,482.640,1539.85,0.311473E-02,31.3432,1057.21,269.946,0.722984,1.29235,0.524154E-01,1.48176,0.659923E-13,-0.297851E-14,1.48176,3.46194,127.260,60.7759,2.02719,-9999,0.105793,0.200442,14.9629,0.134332,4.44169,0.538393E-01,0,-9999,-9999,-9999,-9999,-9999,-9999,-9999,-0.129171E-01,1.01501,-6.59198,1.03146,-1.00921,1.31570,2.37435,1.31570,-0.226906E-01,1.31570,800000099,800000099,800000099,800000099,800000099,800100099,800110199,801110199,81000,81000,80,80,8,0,2,2,0,8,0.176499,0.202169,0.222161E-01,0.950175E-01,0.159164E-01,2.94206,-0.558207E-02,0.237435E-02,-0.226906E-01,16.0000,0.293333,251.000,68.7500,8.22668,97499.8,1.28976
CH-CHA_201201010800.csv,2012-01-01,09:00,1.3749,1,36000,36000,-0.645946E-01,1,0.839437E-02,-16.2314,1,2.65156,0.807815,1,0.270749,1.55681,1,0.393355,0.181502E-01,1,0.608325E-02,-1.12193,0.857682E-01,-0.503725E-01,0.192706E-02,0.597939E-09,0.646751E-11,18.8988,465.992,468.352,0.500000E-01,0,204.415,5.04032,5.06586,10.0000,0,286.372,285.914,96559.5,1.17433,1008.09,0.246573E-01,0.117613E-02,0.368357E-02,486.043,1470.25,0.313673E-02,33.0584,984.212,270.040,0.108418,0.561491,0.436051E-01,0.573523,0.352929E-12,0.316391E-13,0.573523,2.31711,121.883,79.0712,4.36043,-9999,0.234532,0.546279,67.5574,0.297525E-01,-20.0930,0.584607E-01,0,53.6277,-8.13821,18.4087,45.8402,69.9092,98.0486,146.895,-0.637740E-01,1.01287,-15.8429,1.02225,1.01634,1.22010,2.01184,1.22010,0.228354E-01,1.22010,800000099,800000099,800000099,800000099,800000099,800001099,811110199,811110199,80000,80000,80,81,3,1,3,0,13,17,0.644654,0.433968,0.139366E-01,0.816209E-01,0.387996E-02,0.633459,-0.133827E-01,0.201184E-02,0.228354E-01,15.9895,0.517778,251.000,68.7500,8.54619,97500.3,1.29204
CH-CHA_201201010800.csv,2012-01-01,09:30,1.3957,1,36000,36000,-0.126523E-01,1,0.265872E-02,-0.265150,2,1.85874,3.45885,1,0.609523,-2.93589,1,0.859033,0.777147E-01,1,0.136950E-01,0.767642E-02,0.338233,-0.185209,0.759952E-02,0.939488E-10,0.105195E-11,18.7599,462.595,465.003,0.150000,0,210.055,5.17971,5.20668,0.100000,0,286.389,285.919,96559.5,1.17425,1008.17,0.246588E-01,0.503591E-02,0.378520E-02,499.462,1470.72,0.322350E-02,33.9604,971.256,270.406,-0.367664E-01,0.369095,0.295861E-01,0.372100,-0.242439E-12,0.500797E-14,0.372100,2.34789,80.0138,95.6886,4.56047,-9999,0.103802,0.327498,358.554,0.560585E-02,-0.766584E-01,0.215771E-02,0,-9999,-9999,-9999,-9999,-9999,-9999,-9999,-0.124651E-01,1.01502,-0.880245E-01,1.02135,2.88041,1.19715,-2.47011,1.19715,0.647180E-01,1.19715,800000099,800000099,800000099,800000099,800000099,800000099,811110099,811110099,81100,81100,80,81,0,6,0,2,16,0,0.169769,0.477087,0.813972E-02,0.122290,0.342464E-01,8.25537,-0.743551E-04,-0.247011E-02,0.647180E-01,15.9977,0.440000,251.000,68.7500,9.39279,97505.0,1.29765
CH-CHA_201201010800.csv,2012-01-01,10:00,1.4166,1,36000,36000,-0.775953E-02,1,0.192439E-02,-0.124580,2,0.740712,6.61782,0,0.830026,-3.94009,0,0.567258,0.148916,0,0.186775E-01,2.47812,0.125996,-0.385586,0.283519E-02,0.783057E-10,0.899473E-12,18.3702,455.484,457.879,0.100000,0,211.012,5.23199,5.25951,0.100000,0,287.968,287.491,96559.5,1.16781,1008.23,0.247947E-01,0.964975E-02,0.380244E-02,504.495,1629.24,0.325605E-02,30.9651,1124.74,270.541,0.713501,0.633561,0.293044E-01,0.954643,0.116546E-13,0.426266E-14,0.954643,2.38380,144.414,41.6038,1.75907,-9999,0.815140E-01,0.141612,369.572,0.543872E-02,-0.188249E-01,0.129803E-02,0,-9999,-9999,-9999,-9999,-9999,-9999,-9999,-0.765910E-02,1.01311,0.215829,1.02031,5.62225,1.17154,-3.41521,1.17154,0.126513,1.17154,800000099,800000099,800000099,800000099,800000099,800000099,800110099,811110199,81000,81000,80,80,1,0,0,8,20,15,0.161555,0.103146,0.185229E-01,0.161692,0.116200E-01,11.2362,0.183308E-03,-0.341521E-02,0.126513,15.9957,0.388889,251.000,68.7500,10.2351,97510.6,1.30909
CH-CHA_201201010800.csv,2012-01-01,10:30,1.4374,1,36000,36000,-0.185597E-01,0,0.394965E-02,3.45801,1,2.21585,13.4159,0,1.31496,-8.60611,0,1.26571,0.302199,0,0.296199E-01,1.67724,0.258581,0.111975,0.582464E-02,0.151252E-09,0.176516E-11,18.3848,457.556,460.013,0.100000,0,214.557,5.33982,5.36848,0.100000,0,289.048,288.559,96559.5,1.16344,1008.31,0.248877E-01,0.195825E-01,0.386631E-02,514.874,1745.30,0.332318E-02,29.5006,1230.43,270.816,0.515455,1.21894,0.436189E-01,1.32416,-0.362329E-13,0.822701E-14,1.32416,3.11014,119.091,67.0779,1.88770,-9999,0.126303,0.184920,-49.5316,-0.405802E-01,0.257754,-0.233386E-01,0,-9999,-9999,-9999,-9999,-9999,-9999,-9999,-0.183483E-01,1.01152,4.07913,1.01990,11.2984,1.17247,-7.61808,1.17247,0.254501,1.17247,800000099,800000099,800000099,800000099,800000099,800000099,800010199,800110199,81000,81000,80,81,4,2,0,1,5,0,0.241632,0.103439,0.247693E-01,0.175931,0.294891E-01,16.4061,0.347720E-02,-0.761808E-02,0.254501,16.0000,0.303333,251.000,68.7500,10.7379,97514.7,1.31627
CH-CHA_201201010800.csv,2012-01-01,11:00,1.4582,1,36000,36000,-0.224098E-01,0,0.283097E-02,6.81033,0,2.51157,12.8442,0,1.12598,-5.85566,0,0.942780,0.289708,0,0.253973E-01,2.17880,-0.121626,0.230679,-0.274334E-02,-0.207871E-10,-0.238042E-12,18.4683,461.847,464.303,0.250000,0,211.488,5.28879,5.31691,0.250000,0,290.439,289.953,96559.5,1.15787,1008.32,0.250075E-01,0.187731E-01,0.381101E-02,509.962,1907.68,0.329141E-02,26.7321,1397.72,270.687,1.81854,0.563640,0.616903E-01,1.90489,0.168941E-13,-0.112556E-14,1.90489,3.87476,169.388,17.2203,1.85586,-9999,0.139120,0.226353,-33.6108,-0.598023E-01,0.530228,-0.419299E-01,0,-9999,-9999,-9999,-9999,-9999,-9999,-9999,-0.221723E-01,1.01071,7.33426,1.02064,10.6969,1.17676,-5.40533,1.17676,0.241275,1.17676,800000099,800000099,800000099,800000099,800000099,800000099,800010199,800010199,81100,81100,80,80,1,2,0,6,3,2,0.193770,0.223102,0.358353E-01,0.115826,0.225001E-01,18.0605,0.628204E-02,-0.540533E-02,0.241275,15.9965,0.355556,251.000,68.7500,10.9050,97516.7,1.32144
CH-CHA_201201010800.csv,2012-01-01,11:30,1.4790,1,36000,36000,-0.376677E-01,0,0.348881E-02,9.62201,0,1.30130,15.9428,0,1.12078,-7.91399,0,1.23821,0.359921,0,0.253026E-01,1.44639,0.171534,-0.388584,0.387252E-02,-0.464946E-10,-0.548311E-12,18.1200,454.596,457.046,0.250000,0,213.689,5.36105,5.38995,0.300000,0,291.376,290.881,96559.5,1.15414,1008.38,0.250881E-01,0.233229E-01,0.385067E-02,516.918,2023.03,0.333640E-02,25.5517,1506.11,270.870,2.05729,0.648556,0.852936E-01,2.15878,0.467773E-13,-0.256593E-14,2.15878,4.04181,169.190,17.4974,2.26435,-9999,0.180657,0.225776,-52.0946,-0.385836E-01,0.603535,-0.457645E-01,0,-9999,-9999,-9999,-9999,-9999,-9999,-9999,-0.372699E-01,1.01067,10.2450,1.02125,13.2186,1.17927,-7.28617,1.17927,0.298422,1.17927,800000099,800000099,800000099,800000099,800000099,800000099,800010199,800010199,81100,81100,80,80,1,3,2,5,5,6,0.217145,0.190072,0.443338E-01,0.288075E-01,0.345562E-01,15.6468,0.880299E-02,-0.728617E-02,0.298422,15.9953,0.487222,251.000,68.7500,11.5702,97502.4,1.32961
CH-CHA_201201010800.csv,2012-01-01,12:00,1.4999,1,36000,36000,-0.249577E-01,1,0.820315E-02,18.3173,0,1.60775,16.5042,0,5.30749,-9.38654,0,1.28208,0.372541,0,0.119803,-0.237597,1.47681,-0.484421,0.333353E-01,0.143100E-09,0.192153E-11,17.7656,445.559,448.241,0.150000,0,238.553,5.98291,6.01892,0.100000,0,291.281,290.729,96559.5,1.15448,1008.71,0.250799E-01,0.241407E-01,0.429873E-02,576.764,2003.66,0.372354E-02,28.7856,1426.89,272.359,0.695418,0.674943,0.437108E-01,0.970085,-0.358381E-12,0.805491E-14,0.970085,3.22473,127.904,44.1440,2.58255,-9999,0.147031,0.650353,-14.7538,-0.136236,1.10985,-0.106979,0,-9999,-9999,-9999,-9999,-9999,-9999,-9999,-0.246371E-01,1.01301,18.8129,1.02027,13.5155,1.17154,-8.97405,1.17154,0.305078,1.17154,800000099,800000099,800000099,800000099,800000099,800000099,800000199,811000199,81100,81100,80,81,8,7,0,10,26,6,0.766984,0.502036,0.316847E-01,0.416083E-01,0.381345E-01,449.211,0.161549E-01,-0.897405E-02,0.305078,15.9981,0.424444,250.142,63.3873,13.0049,97499.1,1.34230
CH-CHA_201201010800.csv,2012-01-01,12:30,1.5207,1,36000,36000,-0.431972E-02,1,0.100738E-02,16.5587,0,2.79130,15.6251,0,3.62889,-9.85080,0,1.62896,0.352867,0,0.819523E-01,0.772221,2.67462,-0.819710,0.604018E-01,0.106265E-09,0.175661E-11,17.1193,430.236,433.318,0.250000,0,282.989,7.11200,7.16294,0.200000,0,291.882,291.225,96559.5,1.15202,1009.34,0.251317E-01,0.228658E-01,0.509946E-02,685.365,2067.17,0.442654E-02,33.1547,1381.81,274.742,-0.340337,-0.334040,0.119190E-01,0.477026,-0.104860E-12,0.620735E-14,0.477026,2.06303,318.745,224.465,1.43175,-9999,0.612347E-01,0.236406,-1.17920,-1.70455,1.05975,-0.232559,0,-9999,-9999,-9999,-9999,-9999,-9999,-9999,-0.423691E-02,1.01954,16.9833,1.02403,12.6721,1.17592,-9.21778,1.17592,0.286179,1.17592,800000099,800000099,800000099,800000099,800000099,800001099,801100199,811110199,80100,80100,80,81,1,4,1,7,22,14,0.246292,0.203466,0.230540E-01,0.119747,0.389381E-01,137.221,0.146059E-01,-0.921778E-02,0.286179,16.0000,3.07056,249.883,61.7705,14.9480,97451.2,1.35902
CH-CHA_201201010800.csv,2012-01-01,13:00,1.5415,1,36000,36000,-0.155031E-01,0,0.349724E-02,10.8217,0,2.30984,14.8190,0,3.34050,-6.58179,0,1.01970,0.334991,0,0.755138E-01,1.58285,3.57065,-0.886037,0.807164E-01,0.766705E-10,0.159916E-11,16.3923,413.608,417.207,0.100000,0,341.903,8.62684,8.70191,0.100000,0,293.045,292.245,96559.5,1.14735,1010.19,0.252318E-01,0.217074E-01,0.616109E-02,830.945,2203.38,0.536986E-02,37.7124,1372.43,277.459,-0.281335,0.706045,0.390894E-01,0.761037,-0.328993E-12,0.467723E-14,0.761037,2.53970,84.4567,111.726,2.94420,-9999,0.116242,0.417486,-12.3461,-0.162804,0.730260,-0.803225E-01,0,-9999,-9999,-9999,-9999,-9999,-9999,-9999,-0.152783E-01,1.01472,11.3747,1.02110,12.1218,1.17212,-6.17998,1.17212,0.274020,1.17212,800000099,800000099,800000099,800000099,800000099,800011099,810110199,811110199,80100,80100,80,81,1,0,0,15,26,10,0.173667,0.643091,0.182129E-01,0.101041,0.249244E-01,162.775,0.981394E-02,-0.617998E-02,0.274020,15.9969,0.282222,249.000,56.2500,14.7189,97437.0,1.36134
CH-CHA_201201010800.csv,2012-01-01,13:30,1.5624,1,36000,36000,-0.150685E-01,0,0.279536E-02,21.5073,0,2.09406,32.0100,0,2.40652,-9.93223,0,0.812411,0.723921,0,0.544247E-01,0.705245,0.567556,-0.159949,0.128355E-01,-0.478117E-10,-0.103263E-11,16.2466,410.601,414.275,0.100000,0,350.892,8.86813,8.94747,0.100000,0,293.524,292.700,96559.5,1.14546,1010.33,0.252731E-01,0.469101E-01,0.632308E-02,854.120,2266.67,0.552013E-02,37.6817,1412.55,277.852,0.360049,1.45388,0.492553E-01,1.49861,-0.735421E-13,-0.294288E-14,1.49861,3.36616,110.910,76.0907,1.88350,-9999,0.114695,0.212656,-5.96777,-0.336809,0.671892,-0.162031,0,-9999,-9999,-9999,-9999,-9999,-9999,-9999,-0.149026E-01,1.01113,22.7644,1.02000,26.1969,1.17349,-9.59551,1.17349,0.592455,1.17349,800000099,800000099,800000099,800000099,800000099,800000099,800000199,800000199,80100,80100,80,80,4,0,0,17,36,18,0.207903,0.186228,0.311812E-01,0.613824E-01,0.127149E-01,60.2933,0.196705E-01,-0.959551E-02,0.592455,15.9977,0.326667,249.000,56.2500,15.4834,97406.2,1.37480
CH-CHA_201201010800.csv,2012-01-01,14:00,1.5832,1,36000,36000,-0.356380E-01,0,0.361476E-02,6.68756,1,1.73381,20.5132,0,2.00392,-5.03913,1,0.865118,0.464190,0,0.453465E-01,0.947349,-0.352461,0.320712E-01,-0.797579E-02,0.250799E-10,0.531715E-12,16.2373,411.205,414.822,0.150000,0,344.244,8.71789,8.79456,0.150000,0,294.124,293.312,96559.5,1.14313,1010.26,0.253248E-01,0.300795E-01,0.620327E-02,839.691,2354.43,0.542657E-02,35.6643,1514.74,277.608,1.18548,1.54721,0.741039E-01,1.95057,0.543174E-13,0.154459E-14,1.95057,4.19044,133.621,52.5405,2.17724,-9999,0.176567,0.414615,-70.0187,-0.287066E-01,0.326013,-0.327966E-01,0,-9999,-9999,-9999,-9999,-9999,-9999,-9999,-0.352609E-01,1.01069,7.62443,1.02074,17.0188,1.17719,-4.71467,1.17719,0.385117,1.17719,800000099,800000099,800000099,800000099,800000099,800000099,800010199,800010199,81100,81100,80,81,0,4,0,6,22,2,0.229192,0.550917,0.491219E-01,0.124601,0.287163E-01,62.2737,0.660203E-02,-0.471467E-02,0.385117,15.9965,0.395556,249.000,56.2500,15.6890,97400.2,1.37451
CH-CHA_201201011400.csv,2012-01-01,14:30,1.6040,1,36000,36000,-0.397268E-01,0,0.499356E-02,6.81400,0,1.69813,26.9734,0,2.93480,-4.41704,0,0.709738,0.610560,0,0.664313E-01,0.481009,-0.231053,-0.366411E-01,-0.523005E-02,0.886816E-10,0.186198E-11,16.1933,410.514,414.083,0.300000,0,339.999,8.61927,8.69421,0.300000,0,294.427,293.624,96559.5,1.14196,1010.22,0.253509E-01,0.395643E-01,0.612678E-02,830.218,2400.16,0.536515E-02,34.5901,1569.94,277.446,1.87048,0.394536,0.502267E-01,1.91230,0.254364E-12,0.547644E-14,1.91230,4.17634,172.359,11.9107,1.50505,-9999,0.186516,0.524107,-81.0027,-0.248140E-01,0.252619,-0.316680E-01,0,-9999,-9999,-9999,-9999,-9999,-9999,-9999,-0.393059E-01,1.01071,8.08830,1.02066,22.4665,1.17683,-4.24256,1.17683,0.508544,1.17683,800000099,800000099,800000099,800000099,800001199,800001199,800010199,800010199,80100,80100,80,81,3,6,2,10,27,10,0.329856,0.667428,0.509310E-01,0.491261E-01,0.166149E-01,131.214,0.701120E-02,-0.424256E-02,0.508544,15.9977,0.410000,249.003,56.2674,15.5900,97350.4,1.37662
CH-CHA_201201011400.csv,2012-01-01,15:00,1.6249,1,36000,36000,-0.332741E-01,0,0.484178E-02,1.26005,0,1.08997,19.0380,0,1.35042,-5.59516,0,0.507818,0.430930,0,0.305670E-01,-0.332559E-01,-0.147707,-0.733213E-01,-0.334338E-02,0.670670E-10,0.140258E-11,16.1403,409.132,412.663,0.350000,0,337.544,8.55624,8.63008,0.350000,0,294.400,293.602,96559.5,1.14207,1010.18,0.253485E-01,0.279243E-01,0.608254E-02,824.163,2396.98,0.532589E-02,34.3834,1572.82,277.342,2.14022,-0.960455E-03,0.566617E-01,2.14097,-0.632755E-12,0.415526E-14,2.14097,4.60132,185.442,359.974,1.51654,-9999,0.170690,0.409439,-335.724,-0.598706E-02,0.661857E-01,-0.639863E-02,0,-9999,-9999,-9999,-9999,-9999,-9999,-9999,-0.329228E-01,1.01067,2.22739,1.02121,15.9616,1.17909,-4.94540,1.17909,0.361293,1.17909,800000099,800000099,800000099,800000099,800000099,800000099,800010199,800110199,81100,81100,80,81,6,2,1,12,16,2,0.358931,0.411074,0.488741E-01,0.147682E-01,0.803958E-02,26.1938,0.193065E-02,-0.494540E-02,0.361293,15.9981,2.88056,249.000,56.2500,15.8969,97301.1,1.37708
CH-CHA_201201011400.csv,2012-01-01,15:30,1.6457,1,36000,36000,-0.110416E-01,1,0.297354E-02,2.23979,0,0.897292,12.5605,0,1.35693,-6.97089,0,0.839460,0.284271,0,0.307103E-01,-0.214614,0.229135,-0.614171E-01,0.518581E-02,-0.156262E-09,-0.331463E-11,16.1017,407.974,411.536,0.150000,0,341.550,8.65397,8.72951,0.150000,0,294.270,293.463,96559.5,1.14257,1010.23,0.253373E-01,0.184208E-01,0.615474E-02,833.551,2376.51,0.538676E-02,35.0746,1542.96,277.504,0.786712,0.659455,0.311622E-01,1.02702,0.105951E-12,-0.970465E-14,1.02702,2.60171,139.926,39.9712,1.73876,-9999,0.983048E-01,0.251011,-36.0802,-0.557092E-01,0.178320,-0.197392E-01,0,-9999,-9999,-9999,-9999,-9999,-9999,-9999,-0.109033E-01,1.01268,2.85536,1.02014,10.5435,1.17155,-6.13975,1.17155,0.238623,1.17155,800000099,800000099,800000099,800000099,800000099,800000099,801110199,811110199,81000,81000,80,81,1,3,4,13,12,10,0.270667,0.212652,0.187028E-01,0.204718E-01,0.160721E-01,21.8548,0.247376E-02,-0.613975E-02,0.238623,15.9977,0.317778,249.000,56.2500,15.8166,97300.6,1.37439
CH-CHA_201201011400.csv,2012-01-01,16:00,1.6665,1,36000,36000,-0.884067E-02,1,0.185229E-02,-5.19441,1,1.74924,3.92625,1,1.74361,-1.78480,1,0.661426,0.888779E-01,1,0.394697E-01,0.328962,0.303172,0.843471E-01,0.686286E-02,0.594681E-10,0.127533E-11,16.1521,409.565,413.194,0.400000,0,346.393,8.78340,8.86123,-0.350000,0,294.495,293.676,96559.5,1.14168,1010.31,0.253567E-01,0.575929E-02,0.624201E-02,845.983,2407.95,0.546737E-02,35.1329,1561.97,277.715,0.236008,0.310501,0.166922E-01,0.390371,0.171405E-12,0.368175E-14,0.390371,1.80280,143.361,52.7620,2.45071,-9999,0.879973E-01,0.263747,11.1593,0.180119,-1.32300,0.511761E-01,0,-9999,-9999,-9999,-9999,-9999,-9999,-9999,-0.868022E-02,1.01848,-4.84559,1.03409,3.08696,1.33675,-1.17705,1.33675,0.698789E-01,1.33675,800000099,800000099,800000099,800000099,800000099,800001099,811100199,811110199,80000,80000,80,81,0,6,2,6,64,26,0.128519,0.392782,0.619347E-02,0.109297,0.239888E-01,70.8429,-0.420095E-02,-0.117705E-02,0.698789E-01,15.9969,0.272222,249.000,56.2500,14.7548,97300.7,1.36441
CH-CHA_201201011400.csv,2012-01-01,16:30,1.6873,1,36000,36000,-0.132194E-01,1,0.353168E-02,-9.68322,1,3.63186,-3.80859,1,1.85532,-5.57577,1,1.00548,-0.861219E-01,1,0.419535E-01,-1.72287,-0.512493,-0.630327E-02,-0.115888E-01,0.399706E-10,0.836189E-12,16.2099,409.447,412.984,4.50000,0,339.114,8.56568,8.63968,5.15000,0,293.360,292.565,96559.5,1.14612,1010.16,0.252590E-01,-0.558070E-02,0.611083E-02,825.070,2247.79,0.533177E-02,36.7058,1422.72,277.358,0.130942,0.300993,0.127146E-01,0.328488,-0.560587E-13,0.246581E-14,0.328488,1.59057,106.594,66.4893,2.21827,-9999,0.107397,0.193971,10.8816,0.184715,2.54247,0.778768E-01,0,-9999,-9999,-9999,-9999,-9999,-9999,-9999,-0.129641E-01,1.01969,-9.52873,1.03564,-2.48229,1.34849,-3.76511,1.34849,-0.561309E-01,1.34849,800000099,800000099,800000099,800000099,800000199,800110199,811110199,811110199,80000,80000,80,81,0,0,7,13,10,56,0.303385,0.788001E-01,0.575736E-02,0.336019,0.336076E-01,92.0662,-0.823030E-02,-0.376511E-02,-0.561309E-01,16.0000,0.242222,249.006,56.2896,11.4813,97301.9,1.32495
CH-CHA_201201011400.csv,2012-01-01,17:00,1.7082,0,36000,36000,-0.623890E-02,2,0.340935E-02,-22.1381,0,3.21644,-8.08024,1,1.29673,6.21453,0,1.21301,-0.182666,1,0.293147E-01,-0.425216,-1.20526,0.771603,-0.272467E-01,-0.137267E-09,-0.260798E-11,16.8017,423.927,427.370,0.100000,0,319.220,8.05434,8.11973,0.500000E-01,0,293.038,292.291,96559.5,1.14741,1009.87,0.252313E-01,-0.118368E-01,0.575235E-02,775.942,2209.79,0.501333E-02,35.1139,1433.85,276.486,0.272430,0.822962,0.167676E-01,0.867044,-0.527022E-13,-0.816985E-14,0.867044,3.15102,119.440,71.6836,1.10810,-9999,0.737386E-01,0.763858,1.54043,1.30483,2.73978,0.259095,0,-9999,-9999,-9999,-9999,-9999,-9999,-9999,-0.593653E-02,1.05093,-20.3411,1.10269,-3.45983,2.04991,3.60504,2.04991,-0.782147E-01,2.04991,800000099,800000099,800000099,800000099,800000199,800101199,810100199,811110199,81100,81100,80,81,2,0,3,10,9,45,1.08084,0.430175,0.167047E-01,0.331927,0.554028E-01,37.2754,-0.175545E-01,0.360504E-02,-0.782147E-01,16.0000,0.268889,249.051,56.5691,9.34466,97317.0,1.31131
CH-CHA_201201011400.csv,2012-01-01,17:30,1.7290,0,36000,36000,0.478715E-01,1,0.365567E-02,0.260342,2,0.694422,-22.9437,1,11.3449,-17.1297,1,10.2791,-0.518099,1,0.256182,-1.80540,-3.05736,-1.04585,-0.690391E-01,-0.539978E-10,-0.903245E-12,16.0976,404.386,407.140,-1.00000,0,269.271,6.76434,6.81041,0.00000,0,291.757,291.132,96559.5,1.15254,1009.14,0.251209E-01,-0.335728E-01,0.485227E-02,651.934,2055.13,0.421007E-02,31.7222,1403.20,274.046,0.623449,0.231819,0.207331E-01,0.665476,0.385066E-12,-0.335441E-14,0.665476,3.02632,151.785,20.3968,1.78535,-9999,0.203803,0.705125,-2764.91,-0.726968E-03,-0.113470E-01,-0.109831E-02,0,59.4262,-9.01816,20.3991,50.7966,77.4681,108.650,162.778,0.473220E-01,1.01161,-0.911337,1.01979,-19.0614,1.19603,-14.1576,1.19603,-0.430432,1.19603,800000099,800000099,800000099,800001099,800000099,800000099,801100199,811100199,80000,80000,80,81,6,9,6,12,0,0,0.276139,1.12597,0.814144E-02,0.352476,4.69696,2420.35,-0.783556E-03,-0.141576E-01,-0.430432,16.0000,0.336970,249.596,59.9750,7.78696,97332.8,1.29098
CH-CHA_201201011400.csv,2012-01-01,18:00,1.7498,0,36000,36000,0.809399E-02,1,0.187906E-02,-0.972848,2,1.92197,-24.4938,1,5.56506,-34.4572,1,6.66956,-0.553155,1,0.125678,0.156430,-9.37380,-5.66883,-0.211693,-0.659981E-10,-0.621706E-12,11.8957,298.560,299.402,-1.00000,0,112.058,2.81245,2.82038,2.60000,0,291.492,291.232,96559.5,1.15386,1007.01,0.250981E-01,-0.358445E-01,0.201929E-02,271.399,2068.31,0.175003E-02,13.1218,1796.91,262.472,0.534029,0.705730,0.325415E-01,0.885608,-0.136144E-12,-0.554807E-14,0.885608,2.38499,136.246,52.8851,2.10580,-9999,0.837539E-01,0.249249,51.3206,0.391656E-01,0.397181E-01,0.999663E-02,0,-9999,-9999,-9999,-9999,-9999,-9999,-9999,0.798740E-02,1.01334,-2.12109,1.02642,-19.2277,1.26956,-26.9841,1.26956,-0.434228,1.26956,800000099,800000099,800000099,800001099,800000099,800101099,811110199,811110199,81000,81100,80,81,4,0,6,0,0,0,0.251270,0.243478,0.374929E-02,0.375267,4.14791,1561.53,-0.182547E-02,-0.269841E-01,-0.434228,16.0000,0.273333,251.502,71.8851,7.42022,97378.7,1.28910
CH-CHA_201201011400.csv,2012-01-01,18:30,1.7707,0,36000,36000,-0.113729E-01,1,0.920642E-03,-3.65356,1,0.988421,-12.8231,1,5.90458,-9.78723,1,3.21681,-0.289437,1,0.133276,-0.850863,7.70814,6.38166,0.173985,0.745344E-10,0.108121E-11,16.6525,417.592,420.137,-1.00000,0,241.563,6.05766,6.09458,0.200000,0,291.245,290.686,96559.5,1.15461,1008.75,0.250769E-01,-0.187555E-01,0.435297E-02,583.957,1998.34,0.377008E-02,29.2221,1414.38,272.528,1.20709,0.672881,0.496590E-01,1.38286,-0.120034E-12,0.447588E-14,1.38286,2.31000,156.152,29.1372,2.05796,-9999,0.992471E-01,0.177566,22.7498,0.883526E-01,0.284920,0.316067E-01,0,-9999,-9999,-9999,-9999,-9999,-9999,-9999,-0.112195E-01,1.01367,-4.15812,1.02848,-9.80815,1.28771,-7.36724,1.28771,-0.221385,1.28771,800000099,800000099,800000099,800000099,800000099,800000199,811100199,811110199,81100,81100,80,81,0,0,4,2,0,4,0.714847E-01,0.280283,0.336411E-02,0.114349,1.17056,2019.38,-0.357008E-02,-0.736724E-02,-0.221385,16.0000,0.380000,249.732,60.8255,7.54047,97376.6,1.28662
CH-CHA_201201011400.csv,2012-01-01,19:00,1.7915,0,36000,36000,0.828514E-02,1,0.117514E-02,-6.56068,1,0.790824,-9999,-9999,-9999,-9999,-9999,-9999,-9999,-9999,-9999,1.07007,-9999,-9999,-9999,-9999,-9999,-9999,-9999,-9999,-9999,0,-9999,-9999,-9999,-9999,0,291.375,291.375,96559.5,1.15452,1005.51,0.250881E-01,-9999,-9999,-9999,2086.98,-9999,-9999,-9999,-9999,1.21373,0.615895,0.370468E-01,1.36156,-0.371288E-13,0.277490E-14,1.36156,2.14415,161.286,26.9051,1.55916,-9999,0.847129E-01,0.875773E-01,7.87107,0.255365,-9999,0.667134E-01,0,-9999,-9999,-9999,-9999,-9999,-9999,-9999,0.812750E-02,1.01940,-6.30607,1.04038,-9999,-9999,-9999,-9999,-9999,-9999,800000099,800001199,800000099,800001199,800000199,800000199,811111199,811111199,80000,80000,80,80,15,4,6,16,0,0,0.742265E-01,0.982118E-01,0.271638E-02,0.671054E-01,-9999,-9999,-0.543216E-02,-9999,-9999,15.9942,0.472222,254.174,88.5902,6.59817,97361.7,1.28351
CH-CHA_201201011400.csv,2012-01-01,19:30,1.8123,0,36000,36000,0.991791E-02,1,0.142863E-02,8.90580,1,3.16538,-9999,-9999,-9999,-9999,-9999,-9999,-9999,-9999,-9999,-1.66294,-9999,-9999,-9999,-9999,-9999,-9999,-9999,-9999,-9999,0,-9999,-9999,-9999,-9999,0,290.309,290.309,96559.5,1.15876,1005.48,0.249963E-01,-9999,-9999,-9999,1951.35,-9999,-9999,-9999,-9999,0.741087,0.415829,0.291450E-01,0.850278,0.249959E-13,0.105813E-13,0.850278,1.63426,161.450,29.2971,1.96431,-9999,0.925154E-01,0.106508,-7.55251,-0.266137,-9999,-0.826214E-01,0,-9999,-9999,-9999,-9999,-9999,-9999,-9999,0.978216E-02,1.01388,8.72550,1.02066,-9999,-9999,-9999,-9999,-9999,-9999,800000099,800100199,800000099,800001199,800000199,800010199,811100199,811100199,80000,80000,80,80,0,0,3,11,0,0,0.728630E-01,0.137648,0.250459E-02,0.539588,-9999,-9999,0.748900E-02,-9999,-9999,16.0000,0.286667,255.000,93.7500,5.45290,97313.0,1.27047
CH-CHA_201201011400.csv,2012-01-01,20:00,1.8332,0,36000,36000,0.831415E-02,1,0.228592E-02,6.47639,1,2.58193,-9999,-9999,-9999,-9999,-9999,-9999,-9999,-9999,-9999,-2.04533,-9999,-9999,-9999,-9999,-9999,-9999,-9999,-9999,-9999,0,-9999,-9999,-9999,-9999,0,289.004,289.004,96559.5,1.16399,1005.45,0.248839E-01,-9999,-9999,-9999,1795.84,-9999,-9999,-9999,-9999,0.460920,0.413096,0.282658E-01,0.619592,-0.254165E-13,0.907418E-14,0.619592,1.76647,139.958,41.8681,2.61474,-9999,0.845151E-01,0.178595,-7.91733,-0.253873,-9999,-0.654769E-01,0,-9999,-9999,-9999,-9999,-9999,-9999,-9999,0.817863E-02,1.01657,6.33589,1.02218,-9999,-9999,-9999,-9999,-9999,-9999,800000099,800000199,800000099,800001199,800000199,800000199,811100099,811110099,81000,81000,80,81,4,2,0,11,0,0,0.200652,0.153251,0.328706E-02,0.363709,-9999,-9999,0.541373E-02,-9999,-9999,15.9973,0.352222,255.000,93.7500,4.74898,97309.8,1.25359
CH-CHA_201201012000.csv,2012-01-01,20:30,1.8540,0,36000,36000,-0.402773E-02,1,0.907600E-03,-0.483232,2,0.350478,-9999,-9999,-9999,-14.1041,1,5.54774,-9999,-9999,-9999,-1.37286,-9999,-9999,-9999,-0.711208E-10,-9999,30.3157,752.091,752.091,-1.00000,0,-9999,-9999,-9999,-9999,0,288.130,288.130,96559.5,1.16752,1005.43,0.248087E-01,-9999,-9999,-9999,1697.95,-9999,-9999,-9999,-9999,0.694534,0.508056,0.313574E-01,0.861093,0.294712E-13,-0.234601E-14,0.861093,1.88619,146.315,36.1857,2.08693,-9999,0.587352E-01,0.163248,35.6156,0.564360E-01,-9999,0.700876E-02,0,-9999,-9999,-9999,-9999,-9999,-9999,-9999,-0.397860E-02,1.01235,-0.471942,1.02392,-9999,-9999,-11.3076,1.24348,-9999,-9999,800000099,800100199,800000099,800000199,800000199,800000199,811110099,811110099,81000,81000,80,81,0,5,6,3,3,0,0.103800,0.220479,0.221629E-02,0.324649,4.63566,-9999,-0.402043E-03,-0.113076E-01,-9999,15.9977,0.395556,255.000,93.7500,4.40005,97300.4,1.24113
CH-CHA_201201012000.csv,2012-01-01,21:00,1.8748,0,36000,36000,-0.167928E-01,1,0.344417E-02,-12.9654,1,3.12514,-9999,-9999,-9999,26.7419,1,6.36080,-9999,-9999,-9999,-0.416190,-9999,1.48256,-9999,-0.269542E-09,-9999,31.4463,779.424,779.424,6.75000,0,-9999,-9999,-9999,-9999,0,287.866,287.866,96559.5,1.16859,1005.43,0.247859E-01,-9999,-9999,-9999,1669.24,-9999,-9999,-9999,-9999,0.478828,0.477112,0.346989E-01,0.676843,-0.632400E-13,-0.857152E-14,0.676843,2.21077,153.629,44.8971,2.93860,-9999,0.119876,0.311975,11.2851,0.178111,-9999,0.920537E-01,0,-9999,-9999,-9999,-9999,-9999,-9999,-9999,-0.165138E-01,1.01690,-12.5458,1.03344,-9999,-9999,20.8614,1.33967,-9999,-9999,800000099,800000199,800000099,800000199,800000199,800000199,811100099,811110099,80000,80000,80,81,0,0,0,5,1,0,0.384986,0.234545,0.441832E-02,0.323141,1.73908,-9999,-0.106779E-01,0.208614E-01,-9999,16.0000,0.335556,255.000,93.7500,4.17264,97299.8,1.23976
CH-CHA_201201012000.csv,2012-01-01,21:30,1.8956,0,36000,36000,0.937942E-02,1,0.130501E-02,-4.09267,1,1.86010,-9999,-9999,-9999,12.9337,1,2.59265,-9999,-9999,-9999,-0.825831,-9999,4.34553,-9999,0.112920E-09,-9999,34.7358,859.391,859.391,10.0000,0,-9999,-9999,-9999,-9999,0,287.341,287.341,96559.5,1.17072,1005.41,0.247408E-01,-9999,-9999,-9999,1613.63,-9999,-9999,-9999,-9999,0.256274,0.334923,0.995833E-04,0.421722,0.119517E-12,0.325083E-14,0.421722,1.30035,136.381,52.5778,0.135295E-01,-9999,0.895078E-01,0.102311,14.8823,0.135060,-9999,0.388460E-01,0,-9999,-9999,-9999,-9999,-9999,-9999,-9999,0.922226E-02,1.01704,-3.96933,1.03107,-9999,-9999,10.2162,1.30715,-9999,-9999,800000099,800100199,800000099,800000199,800000199,801000199,811110099,811110099,80000,80000,80,81,3,0,3,0,1,0,0.772987E-01,0.125667,0.165581E-02,0.171841,0.463808,-9999,-0.337224E-02,0.102162E-01,-9999,15.9949,0.352778,255.000,93.7500,3.97294,97283.2,1.23178
CH-CHA_201201012000.csv,2012-01-01,22:00,1.9165,0,36000,36000,0.321757E-02,1,0.103050E-02,2.53658,1,1.37759,-9999,-9999,-9999,-9999,-9999,-9999,-9999,-9999,-9999,-0.943591,-9999,-9999,-9999,-9999,-9999,-9999,-9999,-9999,-9999,0,-9999,-9999,-9999,-9999,0,286.744,286.744,96559.5,1.17316,1005.40,0.246893E-01,-9999,-9999,-9999,1552.21,-9999,-9999,-9999,-9999,0.402709,0.335805,0.256514E-02,0.524353,-0.877761E-14,-0.193267E-14,0.524353,1.19008,143.809,39.8235,0.280292,-9999,0.523703E-01,0.629381E-01,-4.80943,-0.417929,-9999,-0.410645E-01,0,-9999,-9999,-9999,-9999,-9999,-9999,-9999,0.315949E-02,1.01838,2.47884,1.02329,-9999,-9999,-9999,-9999,-9999,-9999,800000099,800100199,800000099,800000199,800100199,800101199,811110099,811110099,80000,81000,80,81,0,0,1,1,6,0,0.616737E-01,0.623349E-01,0.186772E-02,0.144657,-9999,-9999,0.210160E-02,-9999,-9999,15.9973,0.363889,255.000,93.7500,3.76180,97268.2,1.22645
CH-CHA_201201012000.csv,2012-01-01,22:30,1.9373,0,36000,36000,-0.570060E-02,1,0.123918E-02,0.833958,1,1.45806,-9999,-9999,-9999,-9999,-9999,-9999,-9999,-9999,-9999,-0.447393,-9999,-9999,-9999,-9999,-9999,-9999,-9999,-9999,-9999,0,-9999,-9999,-9999,-9999,0,286.461,286.461,96559.5,1.17432,1005.39,0.246650E-01,-9999,-9999,-9999,1523.85,-9999,-9999,-9999,-9999,0.902277,0.451361,0.164142E-01,1.00901,-0.819182E-13,-0.206965E-14,1.00901,1.81631,155.673,26.5763,0.932106,-9999,0.696733E-01,0.124781,-34.4461,-0.583520E-01,-9999,-0.101380E-01,0,-9999,-9999,-9999,-9999,-9999,-9999,-9999,-0.562864E-02,1.01278,0.817466,1.02017,-9999,-9999,-9999,-9999,-9999,-9999,800000099,800100199,800000099,800001199,800000199,810000199,811110099,811110099,81000,81000,80,81,0,0,5,6,4,0,0.172589,0.744517E-01,0.252223E-02,0.159447,-9999,-9999,0.692383E-03,-9999,-9999,15.9981,0.267778,255.000,93.7500,3.82010,97214.5,1.22958
CH-CHA_201201012000.csv,2012-01-01,23:00,1.9581,0,36000,36000,0.302266E-02,2,0.190097E-02,-2.74781,0,0.780722,-9999,-9999,-9999,-9999,-9999,-9999,-9999,-9999,-9999,-0.280935,-9999,-9999,-9999,-9999,-9999,-9999,-9999,-9999,-9999,0,-9999,-9999,-9999,-9999,0,286.283,286.283,96559.5,1.17505,1005.39,0.246497E-01,-9999,-9999,-9999,1506.28,-9999,-9999,-9999,-9999,0.429813,0.335084,0.429167E-03,0.544996,0.278757E-13,0.294750E-14,0.544996,1.43087,151.196,37.9401,0.451185E-01,-9999,0.507185E-01,0.131313,4.03270,0.498425,-9999,0.458594E-01,0,-9999,-9999,-9999,-9999,-9999,-9999,-9999,0.294139E-02,1.02763,-2.60300,1.05563,-9999,-9999,-9999,-9999,-9999,-9999,800000099,800000199,800000099,800001199,800000199,810000199,811110099,811110099,80000,80000,80,81,3,7,1,6,23,0,0.162928,0.950597E-01,0.463850E-02,0.100038,-9999,-9999,-0.220335E-02,-9999,-9999,16.0000,0.303333,255.000,93.7500,4.22724,97183.2,1.22812
CH-CHA_201201012000.csv,2012-01-01,23:30,1.9790,0,36000,36000,-0.490195E-02,1,0.672901E-03,-5.38023,1,1.30021,-9999,-9999,-9999,-9999,-9999,-9999,-9999,-9999,-9999,-0.742251,-9999,-9999,-9999,-9999,-9999,-9999,-9999,-9999,-9999,0,-9999,-9999,-9999,-9999,0,285.815,285.815,96559.5,1.17698,1005.38,0.246093E-01,-9999,-9999,-9999,1460.79,-9999,-9999,-9999,-9999,0.263677,-0.107976,0.334389E-02,0.284948,-0.264372E-12,0.906473E-15,0.284948,1.24266,203.375,337.731,0.672385,-9999,0.645358E-01,0.194272,4.24307,0.473713,-9999,0.704533E-01,0,-9999,-9999,-9999,-9999,-9999,-9999,-9999,-0.476486E-02,1.02877,-5.09674,1.05562,-9999,-9999,-9999,-9999,-9999,-9999,800000099,800100199,800000099,800001199,800000199,800001199,811100099,811110099,81000,81000,80,81,0,0,0,0,0,0,0.667273E-01,0.320082,0.173324E-02,0.159014,-9999,-9999,-0.430719E-02,-9999,-9999,15.9965,0.305556,255.000,93.7500,4.52570,97132.8,1.22511
CH-CHA_201201012000.csv,2012-01-02,00:00,2.0000,0,36000,36000,0.993729E-03,2,0.126636E-02,-0.637276,1,0.662593,-9999,-9999,-9999,-9999,-9999,-9999,-9999,-9999,-9999,-0.481712,-9999,-9999,-9999,-9999,-9999,-9999,-9999,-9999,-9999,0,-9999,-9999,-9999,-9999,0,285.511,285.511,96559.5,1.17823,1005.37,0.245832E-01,-9999,-9999,-9999,1431.95,-9999,-9999,-9999,-9999,0.251907,0.395350,0.498056E-02,0.468811,0.103509E-12,-0.104067E-14,0.468811,1.34689,132.067,57.4958,0.608710,-9999,0.290415E-01,0.127676,3.26442,0.615730,-9999,0.185247E-01,0,-9999,-9999,-9999,-9999,-9999,-9999,-9999,0.963368E-03,1.03151,-0.599351,1.06328,-9999,-9999,-9999,-9999,-9999,-9999,800000099,800100199,800000099,800001199,800000199,800000199,811110099,811110099,81000,81000,80,81,3,0,3,5,3,0,0.222652,0.316176E-01,0.108217E-02,0.785626E-01,-9999,-9999,-0.505969E-03,-9999,-9999,16.0000,0.182222,255.000,93.7500,4.36585,97100.3,1.22342
CH-CHA_201201012000.csv,2012-01-02,00:30,2.0208,0,36000,36000,0.456600E-02,1,0.107780E-02,-2.67751,1,0.606046,-9999,-9999,-9999,-9999,-9999,-9999,-9999,-9999,-9999,-0.242835,-9999,-9999,-9999,-9999,-9999,-9999,-9999,-9999,-9999,0,-9999,-9999,-9999,-9999,0,285.358,285.358,96559.5,1.17886,1005.37,0.245700E-01,-9999,-9999,-9999,1417.61,-9999,-9999,-9999,-9999,0.579295,0.302891,-0.392361E-02,0.653713,0.267190E-13,-0.403168E-14,0.653713,1.49168,160.609,27.6033,-0.343894,-9999,0.622353E-01,0.562220E-01,7.64634,0.262871,-9999,0.362999E-01,0,-9999,-9999,-9999,-9999,-9999,-9999,-9999,0.447747E-02,1.01977,-2.57552,1.03960,-9999,-9999,-9999,-9999,-9999,-9999,800000099,800100199,800000099,800001199,800000199,800100199,811110099,811110099,80000,80000,80,81,0,0,14,5,2,0,0.907039E-01,0.200511E-01,0.168900E-02,0.611278E-01,-9999,-9999,-0.217308E-02,-9999,-9999,16.0000,0.171111,255.000,93.7500,3.93242,97076.6,1.22169
CH-CHA_201201012000.csv,2012-01-02,01:00,2.0416,0,36000,36000,0.424421E-02,1,0.984696E-03,-0.321316,2,0.252545,-9999,-9999,-9999,-9999,-9999,-9999,-9999,-9999,-9999,-0.556112,-9999,-9999,-9999,-9999,-9999,-9999,-9999,-9999,-9999,0,-9999,-9999,-9999,-9999,0,285.008,285.008,96559.5,1.18031,1005.36,0.245399E-01,-9999,-9999,-9999,1385.28,-9999,-9999,-9999,-9999,0.493216,0.361248,0.117064E-01,0.611473,-0.148485E-12,0.166379E-14,0.611473,1.51413,145.444,36.2203,1.09697,-9999,0.599654E-01,0.102433,56.9956,0.352659E-01,-9999,0.451557E-02,0,-9999,-9999,-9999,-9999,-9999,-9999,-9999,0.419080E-02,1.01274,-0.314221,1.02258,-9999,-9999,-9999,-9999,-9999,-9999,800000099,800000199,800000099,800001199,800000199,800100199,811110099,811110099,81000,81000,80,81,6,0,2,8,10,0,0.106740,0.939545E-01,0.417117E-02,0.492808E-01,-9999,-9999,-0.264799E-03,-9999,-9999,16.0000,0.243333,255.000,93.7500,3.96235,97055.1,1.21744
CH-CHA_201201012000.csv,2012-01-02,01:30,2.0624,0,36000,36000,0.225740E-02,2,0.173033E-02,2.53274,1,1.29131,-9999,-9999,-9999,-9999,-9999,-9999,-9999,-9999,-9999,-0.866395,-9999,-9999,-9999,-9999,-9999,-9999,-9999,-9999,-9999,0,-9999,-9999,-9999,-9999,0,284.464,284.464,96559.5,1.18257,1005.35,0.244930E-01,-9999,-9999,-9999,1336.30,-9999,-9999,-9999,-9999,-0.504844,-0.863622E-01,0.269126E-01,0.512884,0.945451E-13,-0.602846E-14,0.512884,1.66448,5.99023,189.707,3.00787,-9999,0.436910E-01,0.228753,-2.79673,-0.718697,-9999,-0.487591E-01,0,-9999,-9999,-9999,-9999,-9999,-9999,-9999,0.221609E-02,1.01864,2.47469,1.02346,-9999,-9999,-9999,-9999,-9999,-9999,800000099,800100199,800000099,800001199,800000199,801001199,811110099,811110099,81000,81000,80,81,5,0,1,0,0,0,0.230022,0.225904,0.158021E-02,0.152134,-9999,-9999,0.208150E-02,-9999,-9999,16.0000,0.247778,255.000,93.7500,3.81810,97043.3,1.21271
CH-CHA_201201012000.csv,2012-01-02,02:00,2.0833,0,36000,36000,-0.556605E-02,2,0.827064E-03,-3.67875,1,0.808357,-9999,-9999,-9999,-9999,-9999,-9999,-9999,-9999,-9999,-0.808324,-9999,-9999,-9999,-9999,-9999,-9999,-9999,-9999,-9999,0,-9999,-9999,-9999,-9999,0,283.957,283.957,96559.5,1.18468,1005.34,0.244493E-01,-9999,-9999,-9999,1292.06,-9999,-9999,-9999,-9999,0.622616,0.243762,0.215435E-01,0.668981,0.229436E-12,0.385950E-14,0.668981,1.90426,166.042,21.3810,1.84544,-9999,0.685446E-01,0.253449,7.43503,0.270342,-9999,0.450622E-01,0,-9999,-9999,-9999,-9999,-9999,-9999,-9999,-0.545703E-02,1.01998,-3.53687,1.04011,-9999,-9999,-9999,-9999,-9999,-9999,800000099,800000199,800000099,800001199,800000199,800000199,811110099,811110099,81000,81000,80,81,0,0,1,1,14,0,0.243232,0.261150,0.251687E-02,0.111917,-9999,-9999,-0.296965E-02,-9999,-9999,16.0000,0.211111,255.000,93.7500,3.57873,97006.9,1.20817
CH-CHA_201201020200.csv,2012-01-02,02:30,2.1041,0,36000,36000,0.523112E-02,2,0.240093E-02,-0.260368,2,0.168137,-9999,-9999,-9999,-9999,-9999,-9999,-9999,-9999,-9999,-0.199320,-9999,-9999,-9999,-9999,-9999,-9999,-9999,-9999,-9999,0,-9999,-9999,-9999,-9999,0,283.832,283.832,96559.5,1.18520,1005.34,0.244386E-01,-9999,-9999,-9999,1281.35,-9999,-9999,-9999,-9999,0.546730,0.294203,0.493903E-02,0.620881,0.153262E-12,0.195231E-14,0.620881,2.46390,155.920,28.2854,0.455785,-9999,0.664357E-01,0.188756,95.6486,0.210144E-01,-9999,0.328913E-02,0,-9999,-9999,-9999,-9999,-9999,-9999,-9999,0.516744E-02,1.01232,-0.254910,1.02141,-9999,-9999,-9999,-9999,-9999,-9999,800000099,800000199,800000099,800001199,800000199,800100199,811110099,811110099,80000,80000,80,81,0,4,3,0,0,0,0.281332,0.911592E-01,0.502198E-02,0.308816E-01,-9999,-9999,-0.213936E-03,-9999,-9999,16.0000,0.227778,255.000,93.7500,3.83406,97000.5,1.20929
CH-CHA_201201020200.csv,2012-01-02,03:00,2.1249,0,36000,36000,-0.140996E-01,1,0.258676E-02,-3.80684,1,0.690300,-9999,-9999,-9999,-9999,-9999,-9999,-9999,-9999,-9999,0.543708E-01,-9999,-9999,-9999,-9999,-9999,-9999,-9999,-9999,-9999,0,-9999,-9999,-9999,-9999,0,283.866,283.866,96559.5,1.18506,1005.34,0.244415E-01,-9999,-9999,-9999,1284.26,-9999,-9999,-9999,-9999,0.100554,0.399267,0.222725E-01,0.412337,0.225673E-12,-0.950023E-15,0.412337,1.51132,85.7831,75.8642,3.09636,-9999,0.109077,0.278874,28.9531,0.694225E-01,-9999,0.292941E-01,0,-9999,-9999,-9999,-9999,-9999,-9999,-9999,-0.138857E-01,1.01540,-3.70974,1.02618,-9999,-9999,-9999,-9999,-9999,-9999,800000099,800100199,800000099,800001199,800000199,800000199,811110099,811110099,81000,81000,80,81,0,0,1,3,5,0,0.324305,0.231225,0.221756E-02,0.285742E-01,-9999,-9999,-0.311380E-02,-9999,-9999,16.0000,0.303333,255.000,93.7500,4.08455,96999.9,1.21297
CH-CHA_201201020200.csv,2012-01-02,03:30,2.1458,0,36000,36000,-0.375751E-02,2,0.745125E-03,-6.59332,1,0.855517,-9999,-9999,-9999,-9999,-9999,-9999,-9999,-9999,-9999,0.228486,-9999,-9999,-9999,-9999,-9999,-9999,-9999,-9999,-9999,0,-9999,-9999,-9999,-9999,0,284.009,284.009,96559.5,1.18446,1005.34,0.244539E-01,-9999,-9999,-9999,1296.57,-9999,-9999,-9999,-9999,0.805917,0.569226,0.259661E-01,0.987013,-0.108397E-12,0.808489E-14,0.987013,2.25513,153.779,35.2339,1.50750,-9999,0.563236E-01,0.221979,2.30160,0.873306,-9999,0.983058E-01,0,-9999,-9999,-9999,-9999,-9999,-9999,-9999,-0.361743E-02,1.03873,-6.11197,1.07876,-9999,-9999,-9999,-9999,-9999,-9999,800000099,800000199,800000099,800001199,800000199,800100199,810110099,811110099,81000,81000,80,81,7,0,6,1,4,0,0.331428,0.107956,0.457381E-02,0.935002E-01,-9999,-9999,-0.513271E-02,-9999,-9999,15.9977,0.275556,255.000,93.7500,3.99322,96987.4,1.21462
CH-CHA_201201020200.csv,2012-01-02,04:00,2.1666,0,36000,36000,0.937577E-02,1,0.172941E-02,-4.13992,1,0.755467,-9999,-9999,-9999,-9999,-9999,-9999,-9999,-9999,-9999,0.770494,-9999,-9999,-9999,-9999,-9999,-9999,-9999,-9999,-9999,0,-9999,-9999,-9999,-9999,0,284.493,284.493,96559.5,1.18244,1005.35,0.244955E-01,-9999,-9999,-9999,1338.92,-9999,-9999,-9999,-9999,0.400459,0.199853,0.631944E-02,0.447603,0.152738E-12,-0.125242E-13,0.447603,1.70851,153.658,26.5219,0.808953,-9999,0.890458E-01,0.209277,14.4849,0.138765,-9999,0.391093E-01,0,-9999,-9999,-9999,-9999,-9999,-9999,-9999,0.921993E-02,1.01690,-4.01466,1.03120,-9999,-9999,-9999,-9999,-9999,-9999,800000099,800000199,800000099,800001199,800001199,800101199,811110099,811110099,81000,81000,80,81,0,0,0,4,8,0,0.189227,0.226066,0.326134E-02,0.474800E-01,-9999,-9999,-0.337715E-02,-9999,-9999,16.0000,0.248889,255.000,93.7500,4.16860,96929.5,1.22030
CH-CHA_201201020200.csv,2012-01-02,04:30,2.1874,0,36000,36000,0.347184E-02,2,0.129224E-02,-3.26351,1,0.515089,-9999,-9999,-9999,-9999,-9999,-9999,-9999,-9999,-9999,-0.259562,-9999,-9999,-9999,-9999,-9999,-9999,-9999,-9999,-9999,0,-9999,-9999,-9999,-9999,0,284.330,284.330,96559.5,1.18312,1005.35,0.244815E-01,-9999,-9999,-9999,1324.53,-9999,-9999,-9999,-9999,0.676382,0.541316,0.232497E-01,0.866635,0.784451E-13,-0.112079E-14,0.866635,2.21081,143.563,38.6707,1.53729,-9999,0.541708E-01,0.210132,4.13691,0.485870,-9999,0.506493E-01,0,-9999,-9999,-9999,-9999,-9999,-9999,-9999,0.338131E-02,1.02677,-3.09411,1.05475,-9999,-9999,-9999,-9999,-9999,-9999,800000099,800100199,800000099,800001199,800000199,800000199,811110099,811110099,81000,81000,80,81,0,1,2,2,2,0,0.196053,0.222164,0.204814E-02,0.591636E-01,-9999,-9999,-0.260130E-02,-9999,-9999,16.0000,0.271111,255.000,93.7500,3.90467,96900.0,1.21465
CH-CHA_201201020200.csv,2012-01-02,05:00,2.2082,0,36000,36000,-0.122485E-01,1,0.254963E-02,-5.27501,1,1.00603,-9999,-9999,-9999,-9999,-9999,-9999,-9999,-9999,-9999,0.113025,-9999,-9999,-9999,-9999,-9999,-9999,-9999,-9999,-9999,0,-9999,-9999,-9999,-9999,0,284.401,284.401,96559.5,1.18283,1005.35,0.244876E-01,-9999,-9999,-9999,1330.78,-9999,-9999,-9999,-9999,0.771337,0.222367,0.201286E-01,0.803002,0.603269E-13,-0.394040E-15,0.803002,2.09998,167.545,16.0816,1.43637,-9999,0.101761,0.312087,16.9662,0.118471,-9999,0.435918E-01,0,-9999,-9999,-9999,-9999,-9999,-9999,-9999,-0.120726E-01,1.01457,-5.12711,1.02885,-9999,-9999,-9999,-9999,-9999,-9999,800000099,800000199,800000099,800001199,800000199,801000199,811100099,811110099,81000,81000,80,81,0,19,5,4,3,0,0.327266,0.293336,0.357072E-02,0.757813E-01,-9999,-9999,-0.431156E-02,-9999,-9999,16.0000,8.46444,255.000,93.7500,3.97738,96881.3,1.21487
CH-CHA_201201020200.csv,2012-01-02,05:30,2.2291,0,36000,36000,-0.233250E-01,1,0.425596E-02,-5.48822,1,1.00508,-9999,-9999,-9999,-9999,-9999,-9999,-9999,-9999,-9999,-0.919007E-01,-9999,-9999,-9999,-9999,-9999,-9999,-9999,-9999,-9999,0,-9999,-9999,-9999,-9999,0,284.344,284.344,96559.5,1.18307,1005.35,0.244827E-01,-9999,-9999,-9999,1325.70,-9999,-9999,-9999,-9999,0.629160,0.356697,0.274687E-01,0.723761,-0.151431E-12,0.361845E-14,0.723761,2.56733,161.389,29.5507,2.17506,-9999,0.140413,0.524638,42.8404,0.469183E-01,-9999,0.328624E-01,0,-9999,-9999,-9999,-9999,-9999,-9999,-9999,-0.230372E-01,1.01249,-5.36342,1.02327,-9999,-9999,-9999,-9999,-9999,-9999,800000099,800001199,800000099,800001199,800000199,800000199,811100099,811110099,80000,80000,80,81,0,0,5,3,9,0,0.587523,0.455467,0.628731E-02,0.600551E-01,-9999,-9999,-0.450936E-02,-9999,-9999,15.9973,5.72833,255.000,93.7500,3.73815,96809.5,1.21108
CH-CHA_201201020200.csv,2012-01-02,06:00,2.2499,0,36000,36000,-0.702073E-01,1,0.831466E-02,-4.78538,1,3.82778,-9999,-9999,-9999,-9999,-9999,-9999,-9999,-9999,-9999,-0.537961,-9999,-9999,-9999,-9999,-9999,-9999,-9999,-9999,-9999,0,-9999,-9999,-9999,-9999,0,284.006,284.006,96559.5,1.18447,1005.34,0.244536E-01,-9999,-9999,-9999,1296.31,-9999,-9999,-9999,-9999,-0.771197E-01,-0.115048,0.159731E-01,0.139422,-0.934583E-13,-0.142236E-13,0.139422,2.60409,329.377,236.165,6.57859,-9999,0.243461,0.507889,256.114,0.784808E-02,-9999,0.165063E-01,0,64.1782,-9.73929,22.0303,54.8585,83.6627,117.338,175.794,-0.683203E-01,1.02762,-4.65570,1.02785,-9999,-9999,-9999,-9999,-9999,-9999,800000099,800000199,800000099,800001199,800000199,800100199,810100099,810110099,80000,80000,80,81,7,0,0,0,2,0,0.371665,0.634528,0.958549E-02,0.227258,-9999,-9999,-0.390972E-02,-9999,-9999,15.9977,0.403333,255.000,93.7500,3.59201,96799.0,1.21014
CH-CHA_201201020200.csv,2012-01-02,06:30,2.2707,0,36000,36000,-0.286200E-02,2,0.173967E-02,-4.24059,1,1.03325,-9999,-9999,-9999,-9999,-9999,-9999,-9999,-9999,-9999,0.702847,-9999,-9999,-9999,-9999,-9999,-9999,-9999,-9999,-9999,0,-9999,-9999,-9999,-9999,0,284.448,284.448,96559.5,1.18263,1005.35,0.244916E-01,-9999,-9999,-9999,1334.88,-9999,-9999,-9999,-9999,0.330553,0.398698,0.171421E-01,0.518188,0.822434E-15,0.257714E-14,0.518188,1.52230,140.179,50.3385,1.89574,-9999,0.491938E-01,0.209571,2.38435,0.842996,-9999,0.725016E-01,0,-9999,-9999,-9999,-9999,-9999,-9999,-9999,-0.275724E-02,1.03800,-3.93862,1.07667,-9999,-9999,-9999,-9999,-9999,-9999,800000099,800101199,800000099,800001199,800000199,800011199,801110099,811110099,81000,81000,80,81,0,0,3,2,6,0,0.226003,0.191744,0.139508E-02,0.767216E-01,-9999,-9999,-0.331265E-02,-9999,-9999,15.9953,0.500000,255.000,93.7500,3.49373,96773.7,1.21704
CH-CHA_201201020200.csv,2012-01-02,07:00,2.2916,0,36000,36000,-0.100565E-01,1,0.213503E-02,-3.07151,1,1.67483,-9999,-9999,-9999,-9999,-9999,-9999,-9999,-9999,-9999,-0.192373,-9999,-9999,-9999,-9999,-9999,-9999,-9999,-9999,-9999,0,-9999,-9999,-9999,-9999,0,284.327,284.327,96559.5,1.18314,1005.35,0.244812E-01,-9999,-9999,-9999,1324.23,-9999,-9999,-9999,-9999,0.196312,0.228509,0.129761E-01,0.301535,0.128812E-13,-0.162136E-14,0.301535,1.52164,136.234,49.3342,2.46640,-9999,0.921949E-01,0.215297,21.6688,0.927601E-01,-9999,0.280087E-01,0,-9999,-9999,-9999,-9999,-9999,-9999,-9999,-0.988077E-02,1.01779,-2.98502,1.02897,-9999,-9999,-9999,-9999,-9999,-9999,800000099,800100199,800000099,800001199,800000199,800000199,811100099,811110099,81000,81000,80,81,0,0,0,1,15,0,0.284535,0.144860,0.119905E-02,0.182737,-9999,-9999,-0.250955E-02,-9999,-9999,15.9969,0.393889,255.000,93.7500,3.51363,96762.0,1.21674
CH-CHA_201201020200.csv,2012-01-02,07:30,2.3124,0,36000,36000,0.767782E-02,1,0.184500E-02,2.61365,1,1.33401,-9999,-9999,-9999,-9999,-9999,-9999,-9999,-9999,-9999,0.840479E-01,-9999,-9999,-9999,-9999,-9999,-9999,-9999,-9999,-9999,0,-9999,-9999,-9999,-9999,0,284.380,284.380,96559.5,1.18292,1005.35,0.244858E-01,-9999,-9999,-9999,1328.88,-9999,-9999,-9999,-9999,0.710522,0.388300,0.186056E-01,0.809917,0.692298E-13,0.125150E-13,0.809917,1.90339,163.089,28.6565,1.31633,-9999,0.805642E-01,0.124831,-16.9920,-0.118291,-9999,-0.272794E-01,0,-9999,-9999,-9999,-9999,-9999,-9999,-9999,0.757008E-02,1.01423,2.56028,1.02085,-9999,-9999,-9999,-9999,-9999,-9999,800000099,800100199,800000099,800001199,800000199,800100199,811110099,811110099,81000,81000,80,81,0,7,1,3,1,0,0.171848,0.751685E-01,0.264495E-02,0.120502,-9999,-9999,0.215286E-02,-9999,-9999,16.0000,0.320000,255.000,93.7500,3.79339,96710.8,1.21881
CH-CHA_201201020200.csv,2012-01-02,08:00,2.3332,0,36000,36000,0.749043E-02,1,0.152956E-02,-2.84229,1,0.719787,-9999,-9999,-9999,-9999,-9999,-9999,-9999,-9999,-9999,-0.576170E-01,-9999,-9999,-9999,-9999,-9999,-9999,-9999,-9999,-9999,0,-9999,-9999,-9999,-9999,0,284.344,284.344,96559.5,1.18307,1005.35,0.244826E-01,-9999,-9999,-9999,1325.69,-9999,-9999,-9999,-9999,0.607309,0.510363,0.205994E-01,0.793548,0.934558E-14,0.519918E-14,0.793548,1.89584,147.709,40.0426,1.48749,-9999,0.795699E-01,0.137115,15.0537,0.133522,-9999,0.300326E-01,0,-9999,-9999,-9999,-9999,-9999,-9999,-9999,0.737902E-02,1.01510,-2.75949,1.03001,-9999,-9999,-9999,-9999,-9999,-9999,800000099,800100199,800000099,800001199,800000199,810000199,811110099,811110099,80000,80000,80,81,0,0,3,0,2,0,0.205892,0.666716E-01,0.166662E-02,0.680647E-01,-9999,-9999,-0.232008E-02,-9999,-9999,16.0000,0.384444,255.000,93.7500,3.93339,96700.2,1.22002
CH-CHA_201201020800.csv,2012-01-02,08:30,2.3541,1,36000,36000,0.262855E-02,2,0.234111E-02,-4.37820,0,1.10412,-9999,-9999,-9999,-9999,-9999,-9999,-9999,-9999,-9999,-0.721285,-9999,-9999,-9999,-9999,-9999,-9999,-9999,-9999,-9999,0,-9999,-9999,-9999,-9999,0,283.891,283.891,96559.5,1.18495,1005.34,0.244437E-01,-9999,-9999,-9999,1286.44,-9999,-9999,-9999,-9999,0.444651,0.561554,0.192892E-01,0.716540,0.228453E-13,0.456832E-14,0.716540,1.93197,134.336,51.6270,1.54258,-9999,0.470986E-01,0.128070,2.02671,0.991757,-9999,0.780322E-01,0,-9999,-9999,-9999,-9999,-9999,-9999,-9999,0.252288E-02,1.04189,-4.03589,1.08482,-9999,-9999,-9999,-9999,-9999,-9999,800000099,800001199,800000099,800001199,800000199,800110199,811110099,811110099,81000,81000,80,81,0,0,1,21,4,0,0.183306,0.678855E-01,0.494816E-02,0.710345E-01,-9999,-9999,-0.338786E-02,-9999,-9999,15.9973,0.510000,255.000,93.7500,3.95617,96700.7,1.21559
CH-CHA_201201020800.csv,2012-01-02,09:00,2.3749,1,36000,36000,-0.255558E-01,1,0.278812E-02,-7.60084,1,3.08113,-9999,-9999,-9999,-9999,-9999,-9999,-9999,-9999,-9999,0.591773,-9999,-9999,-9999,-9999,-9999,-9999,-9999,-9999,-9999,0,-9999,-9999,-9999,-9999,0,284.263,284.263,96559.5,1.18340,1005.35,0.244757E-01,-9999,-9999,-9999,1318.61,-9999,-9999,-9999,-9999,0.561923,0.167987,0.127849E-01,0.586635,-0.360216E-12,-0.558842E-14,0.586635,4.39656,161.726,16.6440,1.24878,-9999,0.146953,0.706273,35.4600,0.566837E-01,-9999,0.434744E-01,0,-9999,-9999,-9999,-9999,-9999,-9999,-9999,-0.252158E-01,1.01348,-7.42014,1.02435,-9999,-9999,-9999,-9999,-9999,-9999,800000099,800000199,800000099,800001199,800100199,801110199,801110099,811110099,81000,81000,80,81,4,1,8,19,36,0,0.311052,1.08643,0.150628E-01,0.265759,-9999,-9999,-0.623682E-02,-9999,-9999,15.9981,0.410000,255.000,93.7500,4.42864,96708.3,1.22210
CH-CHA_201201020800.csv,2012-01-02,09:30,2.3957,1,36000,36000,-0.497289E-01,1,0.712806E-02,-0.781041,2,0.485270,-9999,-9999,-9999,-9999,-9999,-9999,-9999,-9999,-9999,1.24498,-9999,-9999,-9999,-9999,-9999,-9999,-9999,-9999,-9999,0,-9999,-9999,-9999,-9999,0,285.047,285.047,96559.5,1.18015,1005.36,0.245432E-01,-9999,-9999,-9999,1388.81,-9999,-9999,-9999,-9999,0.212207,0.322716E-02,0.706139E-02,0.212349,-0.528503E-13,0.232168E-16,0.212349,3.42342,174.898,0.871262,1.90564,-9999,0.205275,0.937552,940.603,0.213693E-02,-9999,0.320684E-02,0,51.3393,-7.79093,17.6231,43.8840,66.9259,93.8645,140.626,-0.487110E-01,1.02090,-0.762580,1.02421,-9999,-9999,-9999,-9999,-9999,-9999,800000099,800000199,800000099,800001199,800000199,800100199,810110099,811110099,81000,81000,80,81,0,0,6,3,0,0,0.439234,1.42396,0.119062E-01,0.480203E-01,-9999,-9999,-0.642725E-03,-9999,-9999,15.9934,0.502222,255.000,93.7500,5.58632,96705.2,1.23646
CH-CHA_201201020800.csv,2012-01-02,10:00,2.4165,1,36000,36000,-0.203972E-02,2,0.820716E-03,-0.898554,2,0.626088,-9999,-9999,-9999,-9999,-9999,-9999,-9999,-9999,-9999,0.794763,-9999,-9999,-9999,-9999,-9999,-9999,-9999,-9999,-9999,0,-9999,-9999,-9999,-9999,0,285.548,285.548,96559.5,1.17808,1005.38,0.245863E-01,-9999,-9999,-9999,1435.40,-9999,-9999,-9999,-9999,0.394141,0.738536,0.173907E-01,0.837308,0.365443E-12,0.580079E-14,0.837308,1.86016,119.280,61.9121,1.19011,-9999,0.416100E-01,0.210344,6.80969,0.295168,-9999,0.182324E-01,0,-9999,-9999,-9999,-9999,-9999,-9999,-9999,-0.199868E-02,1.02053,-0.862454,1.04186,-9999,-9999,-9999,-9999,-9999,-9999,800000099,800010199,800000099,800001199,800000199,800010199,811110099,811110099,81000,81000,80,81,0,12,1,15,3,0,0.148918,0.265997,0.577314E-02,0.288467E-01,-9999,-9999,-0.728172E-03,-9999,-9999,15.9977,0.288889,255.000,93.7500,6.48860,96728.4,1.24717
CH-CHA_201201020800.csv,2012-01-02,10:30,2.4374,1,36000,36000,-0.291258E-01,1,0.241333E-02,0.834383,2,2.55537,-9999,-9999,-9999,-9999,-9999,-9999,-9999,-9999,-9999,1.62498,-9999,-9999,-9999,-9999,-9999,-9999,-9999,-9999,-9999,0,-9999,-9999,-9999,-9999,0,286.576,286.576,96559.5,1.17385,1005.40,0.246749E-01,-9999,-9999,-9999,1535.34,-9999,-9999,-9999,-9999,1.33939,0.228968,0.316683E-01,1.35919,0.754640E-13,0.216358E-14,1.35919,4.04132,175.663,9.70094,1.33508,-9999,0.157519,0.605040,-397.848,-0.505218E-02,-9999,-0.448831E-02,0,-9999,-9999,-9999,-9999,-9999,-9999,-9999,-0.287967E-01,1.01143,0.818098,1.01991,-9999,-9999,-9999,-9999,-9999,-9999,800000099,800010199,800000099,800001199,800000199,800000199,800010099,801110099,80000,80000,80,81,3,0,0,10,0,0,0.273670,0.914503,0.219073E-01,0.105228,-9999,-9999,0.693195E-03,-9999,-9999,15.9965,0.384444,255.000,93.7500,6.94062,96781.7,1.25458
CH-CHA_201201020800.csv,2012-01-02,11:00,2.4582,1,36000,36000,-0.149112E-01,2,0.360591E-02,-0.680120,2,0.866240,-9999,-9999,-9999,-9999,-9999,-9999,-9999,-9999,-9999,0.793442,-9999,-9999,-9999,-9999,-9999,-9999,-9999,-9999,-9999,0,-9999,-9999,-9999,-9999,0,287.079,287.079,96559.5,1.17179,1005.41,0.247182E-01,-9999,-9999,-9999,1586.41,-9999,-9999,-9999,-9999,1.19956,0.467065,0.319178E-01,1.28767,-0.236894E-13,-0.602694E-14,1.28767,3.93514,168.864,21.2742,1.42035,-9999,0.112806,0.477309,179.266,0.112124E-01,-9999,0.511754E-02,0,-9999,-9999,-9999,-9999,-9999,-9999,-9999,-0.147610E-01,1.01018,-0.666521,1.02040,-9999,-9999,-9999,-9999,-9999,-9999,800000099,800000099,800000099,800000199,800000199,800000199,800110199,810110199,81000,81000,80,80,0,5,1,6,0,0,0.545452,0.390815,0.183505E-01,0.357517E-01,-9999,-9999,-0.565745E-03,-9999,-9999,16.0000,0.326667,255.000,93.7500,7.54226,96787.0,1.26434
CH-CHA_201201020800.csv,2012-01-02,11:30,2.4790,1,36000,36000,-0.124635E-01,1,0.302181E-02,3.85231,2,1.97630,-9999,-9999,-9999,35.7329,2,24.0020,-9999,-9999,-9999,1.89862,-9999,-9999,-9999,0.102269E-09,-9999,26.8029,665.309,665.309,10.0000,0,-9999,-9999,-9999,-9999,0,288.288,288.288,96559.5,1.16688,1005.44,0.248223E-01,-9999,-9999,-9999,1715.28,-9999,-9999,-9999,-9999,0.873235,0.836584,0.482753E-01,1.21027,-0.483032E-13,0.381558E-14,1.21027,2.94112,140.557,43.7720,2.28603,-9999,0.103349,0.281211,-24.3390,-0.825836E-01,-9999,-0.317712E-01,0,-9999,-9999,-9999,-9999,-9999,-9999,-9999,-0.123172E-01,1.01188,3.77708,1.01992,-9999,-9999,30.2289,1.17198,-9999,-9999,800000099,800000099,800000099,800000199,800000099,800010099,800110199,810110199,80000,80000,80,81,0,6,1,4,0,0,0.230227,0.309601,0.225942E-01,0.220292,10.8622,-9999,0.321940E-02,0.302289E-01,-9999,16.0000,0.253333,253.604,85.0247,8.89898,96791.4,1.28141
CH-CHA_201201020800.csv,2012-01-02,12:00,2.4999,1,36000,36000,-0.107521,0,0.107620E-01,-51.2931,0,15.0127,-9999,-9999,-9999,9.10914,1,15.9549,-9999,-9999,-9999,3.09500,-9999,-11.6834,-9999,0.100359E-10,-9999,17.9296,448.117,448.117,2.00000,0,-9999,-9999,-9999,-9999,0,290.272,290.272,96559.5,1.15891,1005.48,0.249931E-01,-9999,-9999,-9999,1946.76,-9999,-9999,-9999,-9999,1.61588,0.987477E-01,0.197717E-01,1.61902,-0.675651E-12,0.559738E-15,1.61902,7.89919,172.075,3.49703,0.699723,-9999,0.304595,2.22622,46.7983,0.429502E-01,-9999,0.144516,0,29.5954,-4.49122,10.1592,25.2977,38.5806,54.1099,81.0665,-0.106310,1.01139,-50.0943,1.02393,-9999,-9999,9.54418,1.23930,-9999,-9999,800000099,800000099,800000099,800000199,800100199,800100199,801010199,801110199,81000,81000,80,81,15,20,27,58,30,0,1.14630,3.20225,0.103898,0.905488,1.28359,-9999,-0.429899E-01,0.954418E-02,-9999,15.9957,0.501111,249.546,59.6608,10.1439,96769.4,1.30963
CH-CHA_201201020800.csv,2012-01-02,12:30,2.5207,1,36000,36000,-0.177382,2,0.265309E-01,-83.2850,1,16.0866,-9999,-9999,-9999,-50.8689,2,35.0415,-9999,-9999,-9999,3.13685,-9999,4.32380,-9999,-0.338082E-09,-9999,21.0215,529.056,529.056,4.65000,0,-9999,-9999,-9999,-9999,0,292.296,292.296,96559.5,1.15088,1005.53,0.251674E-01,-9999,-9999,-9999,2210.79,-9999,-9999,-9999,-9999,1.69860,-3.03100,-0.110017E-01,3.47453,0.574020E-12,-0.160827E-13,3.47453,10.4808,238.713,299.267,-0.181420,-9999,0.392591,3.83368,61.7159,0.325686E-01,-9999,0.183317,0,27.1838,-4.12525,9.33133,23.2363,35.4369,49.7007,74.4607,-0.174999,1.01361,-80.8224,1.03047,-9999,-9999,-36.1593,1.26366,-9999,-9999,800000099,800000199,800000099,800001199,800001099,800101099,801000199,801000199,81000,81000,80,81,31,11,12,0,8,0,4.91539,2.53850,0.213466,1.09758,6.74330,-9999,-0.698404E-01,-0.361593E-01,-9999,16.0000,0.293333,251.716,73.2227,10.4744,96768.7,1.32718
CH-CHA_201201020800.csv,2012-01-02,13:00,2.5415,1,36000,36000,-0.164676,1,0.132113E-01,-56.8078,0,7.71402,-9999,-9999,-9999,43.2229,0,32.1697,-9999,-9999,-9999,-0.374667,-9999,4.43624,-9999,-0.162957E-09,-9999,24.3386,612.032,612.032,0.800000,0,-9999,-9999,-9999,-9999,0,292.055,292.055,96559.5,1.15183,1005.52,0.251466E-01,-9999,-9999,-9999,2177.71,-9999,-9999,-9999,-9999,1.51190,-4.66840,-0.116989E-01,4.90713,-0.618421E-13,-0.669542E-14,4.90713,13.0374,257.793,287.945,-0.136597,-9999,0.378113,3.32021,80.8346,0.248656E-01,-9999,0.129719,0,25.0024,-3.79421,8.58252,21.3717,32.5932,45.7124,68.4855,-0.162049,1.01621,-54.7897,1.03683,-9999,-9999,36.7437,1.28758,-9999,-9999,800000099,800001199,800000099,800001199,800001199,800001199,800000199,801000199,81100,81100,80,80,5,3,3,0,26,10,2.60757,3.78878,0.244069,0.420033,12.7775,-9999,-0.473061E-01,0.367437E-01,-9999,15.9981,0.387778,254.915,93.2163,10.4800,96794.1,1.32206
CH-CHA_201201020800.csv,2012-01-02,13:30,2.5624,1,36000,36000,-0.122962,1,0.109880E-01,-33.0116,0,3.32672,-9999,-9999,-9999,109.665,0,35.7736,-9999,-9999,-9999,-2.61996,-9999,-6.26581,-9999,-0.359954E-09,-9999,19.8189,495.510,495.510,4.85000,0,-9999,-9999,-9999,-9999,0,290.375,290.375,96559.5,1.15849,1005.48,0.250019E-01,-9999,-9999,-9999,1959.49,-9999,-9999,-9999,-9999,1.18685,-3.97782,-0.280572E-01,4.15120,-0.388455E-12,-0.181622E-13,4.15120,9.70302,260.130,286.613,-0.387255,-9999,0.325791,2.03251,88.9759,0.225904E-01,-9999,0.869880E-01,0,25.0377,-3.79957,8.59464,21.4019,32.6392,45.7770,68.5822,-0.121220,1.01437,-31.9708,1.03256,-9999,-9999,88.0291,1.26775,-9999,-9999,800000099,800001199,800000099,800001199,800001099,800001199,800000199,800010199,80100,80100,80,80,16,10,11,1,19,0,1.68271,2.20176,0.180557,0.148636,8.42911,-9999,-0.274464E-01,0.880291E-01,-9999,15.9981,0.486667,253.752,85.9505,9.66777,96875.0,1.30903
CH-CHA_201201020800.csv,2012-01-02,14:00,2.5832,1,36000,36000,-0.122372,0,0.115683E-01,-28.3583,0,3.93671,-9999,-9999,-9999,34.1401,0,47.2121,-9999,-9999,-9999,-1.42804,-9999,3.03597,-9999,-0.101817E-11,-9999,22.1395,551.791,551.791,7.15000,0,-9999,-9999,-9999,-9999,0,289.462,289.462,96559.5,1.16215,1005.46,0.249233E-01,-9999,-9999,-9999,1849.16,-9999,-9999,-9999,-9999,2.55489,-2.43389,-0.483575E-01,3.52897,0.129386E-12,-0.459888E-16,3.52897,8.38702,229.329,316.389,-0.785149,-9999,0.324497,1.44083,102.345,0.196395E-01,-9999,0.747898E-01,0,25.0023,-3.79419,8.58248,21.3716,32.5930,45.7122,68.4852,-0.120811,1.01292,-27.5559,1.02912,-9999,-9999,28.7695,1.25120,-9999,-9999,800000099,800001199,800000099,800001199,800001199,800001199,800000199,800000199,81100,81100,80,80,12,9,3,4,30,9,1.27936,1.42254,0.179762,0.113346,14.9588,-9999,-0.235824E-01,0.287695E-01,-9999,15.9981,0.407222,253.684,85.5240,9.22828,96920.6,1.30038
CH-CHA_201201021400.csv,2012-01-02,14:30,2.6040,1,36000,36000,-0.990188E-01,1,0.982178E-02,-13.1135,0,1.50749,-9999,-9999,-9999,44.7505,1,35.5060,-9999,-9999,-9999,-1.00956,-9999,2.51906,-9999,0.185844E-09,-9999,24.0625,598.385,598.385,8.60000,0,-9999,-9999,-9999,-9999,0,288.818,288.818,96559.5,1.16474,1005.45,0.248679E-01,-9999,-9999,-9999,1774.64,-9999,-9999,-9999,-9999,1.75619,-1.42081,0.759667E-02,2.25897,0.600459E-12,0.772336E-14,2.25897,6.87815,221.194,321.026,0.192679,-9999,0.291571,1.15873,160.554,0.125191E-01,-9999,0.384050E-01,0,27.9308,-4.23861,9.58774,23.8748,36.4106,51.0664,76.5068,-0.979824E-01,1.01058,-12.8183,1.02303,-9999,-9999,37.4304,1.22049,-9999,-9999,800000099,800000199,800000099,800001199,800001199,800001199,800110199,800110199,80000,80100,80,81,26,1,1,0,19,4,1.21772,0.989710,0.110029,0.307386E-01,8.77599,-9999,-0.109457E-01,0.374304E-01,-9999,15.9922,0.419444,253.378,83.6103,9.12125,96998.9,1.29554
CH-CHA_201201021400.csv,2012-01-02,15:00,2.6249,1,36000,36000,-0.107467E-01,1,0.279330E-02,-6.56041,0,1.81991,-9999,-9999,-9999,-23.6602,0,17.2235,-9999,-9999,-9999,0.713672,-9999,2.15356,-9999,0.385575E-09,-9999,25.6264,638.282,638.282,0.500000,0,-9999,-9999,-9999,-9999,0,289.274,289.274,96559.5,1.16290,1005.46,0.249072E-01,-9999,-9999,-9999,1827.12,-9999,-9999,-9999,-9999,0.945141,0.669205E-02,0.172261E-01,0.945322,-0.605039E-13,0.150460E-13,0.945322,3.63436,183.818,0.405674,1.04413,-9999,0.961315E-01,0.297094,11.5022,0.174750,-9999,0.583657E-01,0,-9999,-9999,-9999,-9999,-9999,-9999,-9999,-0.105742E-01,1.01631,-6.34952,1.03321,-9999,-9999,-17.2993,1.33896,-9999,-9999,800000099,800001199,800000099,800001199,800001199,800101199,800110199,800110199,80100,80100,80,80,29,4,2,3,4,18,0.244354,0.317230,0.326029E-01,0.455442E-01,3.80106,-9999,-0.543042E-02,-0.172993E-01,-9999,15.9914,0.434444,253.862,86.6387,9.34032,97071.5,1.30071
CH-CHA_201201021400.csv,2012-01-02,15:30,2.6457,1,36000,36000,-0.816079E-02,1,0.280464E-02,-7.97519,1,3.25054,-9999,-9999,-9999,55.1185,1,19.4940,-9999,-9999,-9999,-1.72826,-9999,-1.58238,-9999,-0.888242E-10,-9999,24.5473,609.078,609.078,10.0000,0,-9999,-9999,-9999,-9999,0,288.174,288.174,96559.5,1.16734,1005.43,0.248125E-01,-9999,-9999,-9999,1702.77,-9999,-9999,-9999,-9999,-0.287224E-01,0.747441,0.293853E-01,0.748570,0.729491E-13,-0.361850E-14,0.748570,3.23660,88.9931,92.2007,2.24974,-9999,0.836117E-01,0.219181,6.22532,0.322875,-9999,0.812687E-01,0,-9999,-9999,-9999,-9999,-9999,-9999,-9999,-0.798860E-02,1.02155,-7.64096,1.04374,-9999,-9999,38.5441,1.44503,-9999,-9999,800000099,800001199,800000099,800001199,800000199,811101199,800110199,801110199,81100,81100,80,81,9,6,0,0,1,2,0.148106,0.272248,0.180082E-01,0.190403,8.65348,-9999,-0.651024E-02,0.385441E-01,-9999,16.0000,0.467778,253.147,82.1679,9.20114,97099.8,1.29768
CH-CHA_201201021400.csv,2012-01-02,16:00,2.6665,1,36000,36000,0.224577E-02,2,0.152078E-02,-4.97114,1,2.66872,-9999,-9999,-9999,45.8354,1,23.5908,-9999,-9999,-9999,-1.25532,-9999,1.15634,-9999,-0.813805E-10,-9999,25.4754,630.360,630.360,9.00000,0,-9999,-9999,-9999,-9999,0,287.377,287.377,96559.5,1.17058,1005.41,0.247439E-01,-9999,-9999,-9999,1617.39,-9999,-9999,-9999,-9999,-0.336858,0.631396,0.264333E-01,0.716124,0.155901E-12,-0.319447E-14,0.716124,1.74152,67.8167,118.080,2.11536,-9999,0.438008E-01,0.162109,1.43577,1.39995,-9999,0.964337E-01,0,-9999,-9999,-9999,-9999,-9999,-9999,-9999,0.213283E-02,1.05295,-4.49216,1.10663,-9999,-9999,22.0946,2.09145,-9999,-9999,800000099,800001199,800000099,800001199,800001199,800101199,801110199,811110199,80000,80000,80,81,0,3,1,6,4,6,0.131020,0.186062,0.713678E-02,0.174082,16.7561,-9999,-0.381689E-02,0.220946E-01,-9999,15.9918,0.505556,253.718,85.7405,9.06268,97131.7,1.29373
CH-CHA_201201021400.csv,2012-01-02,16:30,2.6873,1,36000,36000,0.333432E-02,1,0.181912E-02,3.83662,2,1.90995,-9999,-9999,-9999,14.4539,1,3.17324,-9999,-9999,-9999,-0.475697,-9999,-0.870956,-9999,0.276542E-09,-9999,24.8544,614.348,614.348,-0.150000,0,-9999,-9999,-9999,-9999,0,287.076,287.076,96559.5,1.17181,1005.41,0.247179E-01,-9999,-9999,-9999,1586.07,-9999,-9999,-9999,-9999,-0.182392,0.664536,0.261819E-02,0.689117,-0.345253E-13,0.111265E-13,0.689117,1.81069,78.9633,105.348,0.217687,-9999,0.533428E-01,0.110933,-3.36023,-0.598174,-9999,-0.610485E-01,0,-9999,-9999,-9999,-9999,-9999,-9999,-9999,0.328323E-02,1.01556,3.75557,1.02158,-9999,-9999,12.0854,1.17265,-9999,-9999,800000099,800000199,800000099,800000199,800000199,800110199,811110099,811110099,81000,81000,80,81,1,3,6,10,0,0,0.106597,0.110109,0.516035E-02,0.125901,0.416125,-9999,0.318770E-02,0.120854E-01,-9999,16.0000,0.403333,251.988,74.9241,8.59147,97172.1,1.28826
CH-CHA_201201021400.csv,2012-01-02,17:00,2.7082,0,36000,36000,-0.135602E-01,1,0.225607E-02,1.56295,2,1.54438,-9999,-9999,-9999,-14.2119,1,4.28955,-9999,-9999,-9999,-0.951887,-9999,-2.69013,-9999,0.754045E-10,-9999,22.9057,564.993,564.993,-1.00000,0,-9999,-9999,-9999,-9999,0,286.474,286.474,96559.5,1.17427,1005.39,0.246661E-01,-9999,-9999,-9999,1525.11,-9999,-9999,-9999,-9999,-0.875800E-01,-0.178079,0.606958E-02,0.198543,0.554786E-13,0.329196E-14,0.198543,1.27063,312.843,243.812,1.75184,-9999,0.107460,0.192101,-67.4349,-0.298065E-01,-9999,-0.123195E-01,0,-9999,-9999,-9999,-9999,-9999,-9999,-9999,-0.130836E-01,1.03642,1.50983,1.03519,-9999,-9999,-12.0022,1.19292,-9999,-9999,800000099,800100199,800000099,800000199,800100199,801100199,811110199,811110199,81000,81000,80,81,1,0,5,2,2,0,0.214554,0.166960,0.268827E-02,0.103716,1.22032,-9999,0.127886E-02,-0.120022E-01,-9999,15.9942,0.416667,250.766,67.2898,7.95323,97199.6,1.28067
CH-CHA_201201021400.csv,2012-01-02,17:30,2.7290,0,36000,36000,-0.629261E-01,1,0.119782E-01,-43.1684,1,7.42899,-37.2973,1,23.7719,38.8862,1,11.3584,-0.839190,1,0.534870,1.44090,-9999,-5.02191,-9999,0.261616E-09,0.892229E-12,19.0858,472.516,473.279,2.55000,0,65.0914,1.61150,1.61410,9.55000,0,287.535,287.388,96559.5,1.16982,1006.28,0.247574E-01,-0.543795E-01,0.117295E-02,155.567,1618.48,0.100267E-02,9.61193,1462.91,255.680,0.592538,-0.724678,0.137167E-01,0.936188,-0.126581E-12,0.137073E-13,0.936188,5.40847,227.205,309.271,0.839506,-9999,0.231929,0.739453,24.5528,0.818644E-01,1.15741,0.158115,0,35.2653,-5.35164,12.1054,30.1442,45.9719,64.4762,96.5971,-0.621076E-01,1.01318,-43.8261,1.02625,-29.0758,1.26800,32.9008,1.26800,-0.654208,1.26800,800000099,800000099,800000099,800000099,800000099,800100099,800100199,810100199,81100,81100,80,81,7,1,1,0,4,8,1.02519,0.414851,0.388657E-01,0.407373,1.20076,2785.53,-0.372303E-01,0.329008E-01,-0.654208,15.9981,0.334444,249.765,61.0321,7.57786,97239.7,1.28511
CH-CHA_201201021400.csv,2012-01-02,18:00,2.7498,0,36000,36000,-0.537831E-02,1,0.215393E-02,6.85310,2,5.01590,-22.0587,2,8.29971,4.94770,1,1.64794,-0.495253,2,0.186341,-3.57284,10.6089,-1.85380,0.238186,0.994506E-10,0.135352E-11,17.8309,438.599,441.233,10.0000,0,242.677,5.96930,6.00515,0.500000,0,285.680,285.140,96559.5,1.17711,1008.58,0.245978E-01,-0.320924E-01,0.437304E-02,575.455,1397.31,0.371507E-02,41.1831,821.854,272.328,0.131744,0.733792,0.155092E-01,0.745686,0.831926E-13,0.557744E-14,0.745686,1.87943,105.570,79.8217,1.19175,-9999,0.675950E-01,0.102438,-3.83122,-0.524637,-0.310675,-0.853977E-01,0,-9999,-9999,-9999,-9999,-9999,-9999,-9999,-0.529943E-02,1.01488,5.59828,1.02120,-18.8925,1.17222,4.09785,1.17222,-0.424165,1.17222,800000099,800000099,800000099,800000099,800000099,800100099,811110199,811110199,80100,80100,80,81,6,12,5,0,0,0,0.123272,0.748005E-01,0.680353E-02,0.545111,0.833757E-01,1096.13,0.471551E-02,0.409785E-02,-0.424165,15.9957,0.546667,249.000,56.2500,7.31905,97288.7,1.27663
CH-CHA_201201021400.csv,2012-01-02,18:30,2.7707,0,36000,36000,0.446936E-02,1,0.272097E-02,-9.36623,0,2.64921,3.22482,0,1.15576,4.81119,0,0.948841,0.723902E-01,0,0.259443E-01,-0.276262,2.03277,-0.735089,0.456313E-01,-0.271590E-10,-0.434633E-12,17.2903,425.155,428.067,0.500000E-01,0,276.701,6.80388,6.85049,9.50000,0,285.582,284.967,96559.5,1.17746,1009.03,0.245893E-01,0.469088E-02,0.498615E-02,655.736,1381.36,0.423469E-02,47.4703,725.626,274.127,0.243963,0.830491,0.400375E-02,0.865592,-0.184833E-12,-0.157077E-14,0.865592,2.10794,111.348,73.6295,0.265020,-9999,0.616099E-01,0.238358,2.12287,0.946829,-2.90442,0.127958,0,-9999,-9999,-9999,-9999,-9999,-9999,-9999,0.429617E-02,1.04031,-8.56136,1.08182,1.93376,1.83266,2.86949,1.83266,0.434086E-01,1.83266,800000099,800001199,800000099,800000099,800100199,800100199,811110199,811110199,81100,81100,80,81,3,7,8,15,0,37,0.134553,0.328502,0.136615E-01,0.182462,0.353819E-01,19.3242,-0.720601E-02,0.286949E-02,0.434086E-01,16.0000,0.438889,249.000,56.2500,7.07828,97299.7,1.27234
CH-CHA_201201021400.csv,2012-01-02,19:00,2.7915,0,36000,36000,-0.865161E-03,1,0.346442E-03,-9.34873,1,1.71582,-3.12539,1,0.664817,13.7786,1,0.522623,-0.701447E-01,1,0.149208E-01,-0.321987,-0.193539,-0.377512E-01,-0.434369E-02,0.106519E-09,0.168751E-11,17.2749,424.465,427.339,0.00000,0,273.674,6.72449,6.77002,8.65000,0,285.372,284.764,96559.5,1.17833,1008.98,0.245712E-01,-0.454537E-02,0.493160E-02,648.102,1363.03,0.418526E-02,47.5487,714.925,273.964,-0.762292E-01,0.988638,0.992625E-02,0.991622,-0.402139E-13,0.616614E-14,0.991622,1.78620,92.9112,94.4091,0.573547,-9999,0.270967E-01,0.626902E-01,0.180936,11.1089,2.99122,0.290194,0,-9999,-9999,-9999,-9999,-9999,-9999,-9999,-0.700002E-03,1.23594,-6.54379,1.43781,-0.467278,5.92304,2.41183,5.92304,-0.104873E-01,5.92304,800000099,800000099,800000099,800000099,800000099,800100099,811100199,811110199,81100,81100,80,80,5,7,6,0,1,5,0.368836E-01,0.811219E-01,0.737506E-02,0.214953,0.425360E-01,28.0085,-0.550402E-02,0.241183E-02,-0.104873E-01,15.9981,0.317778,249.000,56.2500,6.82538,97311.0,1.26889
CH-CHA_201201021400.csv,2012-01-02,19:30,2.8123,0,36000,36000,-0.184304E-01,1,0.103108E-02,-6.21076,1,3.49030,4.29682,1,1.56220,3.80849,1,1.75150,0.963975E-01,1,0.350473E-01,-0.654186,-0.710640E-01,0.103345,-0.159429E-02,0.193287E-09,0.303537E-11,17.3769,426.351,429.225,10.0000,0,272.885,6.69540,6.74053,9.95000,0,284.958,284.354,96559.5,1.18004,1008.96,0.245356E-01,0.624656E-02,0.491740E-02,645.304,1326.48,0.416714E-02,48.6479,681.174,273.904,0.367047,0.436498,0.243099E-01,0.570828,0.987057E-13,0.111232E-13,0.570828,2.40021,134.864,49.9398,2.44079,-9999,0.124974,0.357637,26.7201,0.752243E-01,-1.44543,0.417403E-01,0,-9999,-9999,-9999,-9999,-9999,-9999,-9999,-0.181753E-01,1.01404,-5.85600,1.02565,3.57462,1.25643,3.25228,1.25643,0.801953E-01,1.25643,800000099,800000099,800000099,800000099,800000199,800110199,801110199,801110199,80000,80000,80,81,0,0,3,16,4,12,0.227443,0.475456,0.123753E-01,0.232654,0.726576E-01,31.5944,-0.491848E-02,0.325228E-02,0.801953E-01,15.9973,0.274444,249.000,56.2500,6.44487,97376.7,1.26131
CH-CHA_201201021400.csv,2012-01-02,20:00,2.8332,0,36000,36000,-0.270940E-01,1,0.222950E-02,-15.2754,1,7.34368,7.90474,1,3.49757,4.73451,1,2.57181,0.177482,1,0.785297E-01,1.33012,-0.586806,-0.276487,-0.131753E-01,-0.111714E-10,-0.171149E-12,17.1215,421.291,424.027,8.90000,0,262.306,6.45427,6.49619,0.850000,0,285.775,285.191,96559.5,1.17668,1008.84,0.246059E-01,0.115009E-01,0.472675E-02,622.111,1401.96,0.401701E-02,44.3745,779.846,273.398,0.713732,0.740920E-01,0.901000E-02,0.717624,-0.116045E-12,-0.652478E-15,0.717624,3.48404,175.097,5.92660,0.719386,-9999,0.151742,0.562969,19.4466,0.103360,-1.93243,0.848011E-01,0,-9999,-9999,-9999,-9999,-9999,-9999,-9999,-0.267144E-01,1.01421,-14.5062,1.02752,6.55072,1.27939,4.24609,1.27939,0.147081,1.27939,800000099,800000099,800000099,800000099,800100099,800100199,800100199,800110199,81100,81100,80,81,9,8,13,5,0,0,0.410095,0.667347,0.484961E-01,0.347539,0.619325E-01,58.6100,-0.122200E-01,0.424609E-02,0.147081,16.0000,0.391111,249.000,56.2500,6.80030,97399.3,1.27374
CH-CHA_201201022000.csv,2012-01-02,20:30,2.8540,0,36000,36000,-0.157867,1,0.253703E-01,15.5687,1,16.9736,23.2276,1,65.4763,-29.7122,1,32.4317,0.521987,1,1.47143,1.47620,-4.04427,1.71589,-0.908858E-01,-0.501545E-09,-0.530181E-11,18.3511,452.781,454.958,10.0000,0,193.988,4.78633,4.80935,10.0000,0,286.557,286.123,96559.5,1.17359,1007.96,0.246733E-01,0.338248E-01,0.349567E-02,461.587,1490.49,0.297862E-02,30.9689,1028.90,269.350,-0.172106,0.411904E-01,0.323131E-01,0.179892,0.174677E-12,-0.273306E-13,0.179892,5.31060,82.7135,166.540,10.3479,-9999,0.366765,0.810733,-269.351,-0.746239E-02,0.670269,-0.358845E-01,0,44.9061,-6.81468,15.4148,38.3851,58.5397,82.1027,123.005,-0.151913,1.03920,16.1704,1.03705,18.9985,1.19586,-25.7492,1.19586,0.426949,1.19586,800000099,800000099,800000099,800000099,800100099,800100099,800100199,810110199,80000,81000,80,81,0,1,4,10,11,7,1.03158,0.536767,0.531176E-01,0.615740,3.52748,6386.02,0.136698E-01,-0.257492E-01,0.426949,16.0000,0.336111,249.389,58.6825,6.89155,97445.0,1.27341
CH-CHA_201201022000.csv,2012-01-02,21:00,2.8748,0,36000,36000,-0.151667E-01,1,0.558754E-02,3.33158,2,2.50132,-6.39370,2,2.78647,-2.37023,2,1.48039,-0.143651,2,0.626054E-01,-0.373860,4.35356,-1.76259,0.978143E-01,-0.120265E-09,-0.188245E-11,17.0447,420.442,423.227,10.0000,0,266.792,6.58096,6.62455,10.0000,0,286.484,285.887,96559.5,1.17376,1008.93,0.246670E-01,-0.930861E-02,0.480760E-02,634.297,1467.59,0.409589E-02,43.2201,833.298,273.666,-0.295083,0.762282,0.376406E-01,0.818269,-0.333403E-12,-0.705585E-14,0.818269,2.03504,78.4087,111.162,2.63655,-9999,0.113672,0.382998,-37.4839,-0.536230E-01,-0.521072,-0.247489E-01,0,-9999,-9999,-9999,-9999,-9999,-9999,-9999,-0.149550E-01,1.01416,2.94037,1.02081,-5.52000,1.17184,-2.11434,1.17184,-0.124021,1.17184,800000099,800000099,800000099,800000099,800000099,800110199,810100199,811110199,81100,81100,80,81,0,0,3,10,1,24,0.369542,0.384543,0.119119E-01,0.212317,0.408771E-01,68.1619,0.248292E-02,-0.211434E-02,-0.124021,15.9953,0.431111,249.000,56.2500,6.70581,97496.7,1.26839
CH-CHA_201201022000.csv,2012-01-02,21:30,2.8956,0,36000,36000,-0.720403E-01,2,0.136402E-01,-16.5861,0,3.94225,-9999,-9999,-9999,-80.2753,1,28.6659,-9999,-9999,-9999,2.69050,-9999,3.66369,-9999,0.142707E-09,-9999,19.7039,487.922,487.922,10.0000,0,-9999,-9999,-9999,-9999,0,287.596,287.596,96559.5,1.16969,1005.42,0.247627E-01,-9999,-9999,-9999,1640.40,-9999,-9999,-9999,-9999,0.206478,-2.14306,0.202347E-01,2.15308,0.539895E-13,0.724257E-14,2.15308,8.27435,267.044,275.503,0.538477,-9999,0.248172,2.00130,78.2725,0.256795E-01,-9999,0.568295E-01,0,25.9512,-3.93820,8.90821,22.1827,33.8300,47.4471,71.0844,-0.712504E-01,1.01109,-16.1974,1.02399,-9999,-9999,-64.4033,1.23144,-9999,-9999,800000099,800000199,800000099,800001199,800001099,800011199,800000199,800000199,81000,81100,80,81,5,17,2,1,19,0,2.37327,1.53354,0.957935E-01,0.195503,7.10079,-9999,-0.137730E-01,-0.644033E-01,-9999,16.0000,0.326667,252.723,79.5181,6.86521,97524.5,1.26676
CH-CHA_201201022000.csv,2012-01-02,22:00,2.9165,0,36000,36000,-0.104182,0,0.940213E-02,-27.9598,0,2.37147,-9999,-9999,-9999,7.72639,0,11.8550,-9999,-9999,-9999,-0.456737,-9999,1.62092,-9999,0.389490E-10,-9999,20.9294,517.746,517.746,5.60000,0,-9999,-9999,-9999,-9999,0,287.306,287.306,96559.5,1.17087,1005.41,0.247377E-01,-9999,-9999,-9999,1609.92,-9999,-9999,-9999,-9999,0.951580,-3.64528,-0.158107E-01,3.76747,-0.580043E-12,0.186097E-14,3.76747,9.00169,261.370,284.630,-0.240450,-9999,0.298293,1.47188,80.6283,0.249292E-01,-9999,0.796229E-01,0,26.4355,-4.01169,9.07446,22.5967,34.4614,48.3326,72.4110,-0.102771,1.01373,-27.1204,1.03095,-9999,-9999,7.49387,1.26191,-9999,-9999,800000099,800000199,800000099,800001199,800001099,800001099,800000199,800000199,81000,81100,80,81,20,25,2,0,7,5,1.16193,1.64968,0.132142,0.104577,2.81243,-9999,-0.230380E-01,0.749387E-02,-9999,15.9914,0.465556,253.847,86.5461,6.72989,97559.1,1.26071
CH-CHA_201201022000.csv,2012-01-02,22:30,2.9373,0,36000,36000,-0.802413E-01,1,0.754047E-02,-44.6920,1,9.52558,-9999,-9999,-9999,34.2966,1,8.13244,-9999,-9999,-9999,-0.731755,-9999,1.68052,-9999,-0.886774E-10,-9999,22.2132,548.618,548.618,0.400000,0,-9999,-9999,-9999,-9999,0,286.842,286.842,96559.5,1.17276,1005.40,0.246978E-01,-9999,-9999,-9999,1562.19,-9999,-9999,-9999,-9999,0.592989,-0.314747,0.910292E-02,0.671405,-0.101060E-11,-0.399210E-14,0.671405,5.20877,189.876,332.042,0.776840,-9999,0.261574,1.63451,34.0127,0.590955E-01,-9999,0.144906,0,38.2782,-5.80887,13.1397,32.7196,49.8995,69.9848,104.850,-0.792047E-01,1.01309,-43.6304,1.02433,-9999,-9999,29.9016,1.24515,-9999,-9999,800000099,800001199,800000099,800000199,800000099,800100199,800100199,810100199,80100,80100,80,81,10,8,10,0,0,0,0.701326,2.52742,0.402749E-01,0.879452,0.800836,-9999,-0.370033E-01,0.299016E-01,-9999,16.0000,0.435556,254.678,91.7394,6.54710,97606.4,1.26910
CH-CHA_201201022000.csv,2012-01-02,23:00,2.9581,0,36000,36000,-0.704544E-02,1,0.903616E-03,0.703030,2,2.20627,-9999,-9999,-9999,9.90197,1,6.63872,-9999,-9999,-9999,-3.50346,-9999,-1.15497,-9999,-0.719837E-10,-9999,21.5260,527.564,527.564,3.40000,0,-9999,-9999,-9999,-9999,0,284.640,284.640,96559.5,1.18183,1005.36,0.245082E-01,-9999,-9999,-9999,1352.00,-9999,-9999,-9999,-9999,0.275164,0.219964,-0.291139E-02,0.352289,0.200495E-12,-0.334403E-14,0.352289,1.87723,149.404,38.6385,-0.473509,-9999,0.772104E-01,0.142041,-55.6060,-0.361472E-01,-9999,-0.766340E-02,0,-9999,-9999,-9999,-9999,-9999,-9999,-9999,-0.688016E-02,1.02402,0.684592,1.02693,-9999,-9999,8.35215,1.18020,-9999,-9999,800000099,800000199,800000099,800000199,800000199,800100199,811110199,811110199,80000,80000,80,81,6,4,5,4,0,1,0.840506E-01,0.193970,0.606166E-02,0.185160,2.51805,-9999,0.576176E-03,0.835215E-02,-9999,16.0000,0.386667,252.301,76.8842,5.73245,97658.8,1.24936
CH-CHA_201201022000.csv,2012-01-02,23:30,2.9790,0,36000,36000,0.636131E-02,1,0.221076E-02,-1.27084,1,0.853224,-2.17975,2,2.99064,-1.05470,1,0.769227,-0.489061E-01,2,0.670997E-01,-0.312054,-9999,-3.80394,-9999,0.876395E-10,0.680011E-12,18.6872,458.191,459.825,6.60000,0,144.997,3.55518,3.56787,0.350000,0,284.765,284.444,96559.5,1.18106,1007.26,0.245189E-01,-0.316911E-02,0.261285E-02,342.992,1334.53,0.221229E-02,25.7013,991.540,265.454,0.474270,0.432900,0.125028E-01,0.642254,0.258999E-13,0.468981E-14,0.642254,1.97641,145.824,42.3889,1.11545,-9999,0.733900E-01,0.149602,26.4317,0.760449E-01,0.583022,0.145560E-01,0,-9999,-9999,-9999,-9999,-9999,-9999,-9999,0.627393E-02,1.01393,-1.34037,1.02621,-1.69877,1.26429,-0.761004,1.26429,-0.381146E-01,1.26429,800000099,800001099,800000099,800000099,800000099,800100199,810110199,811110199,81100,81100,80,80,7,0,6,11,41,6,0.156071,0.136935,0.619751E-02,0.854874E-01,0.365815E-01,232.126,-0.112671E-02,-0.761004E-03,-0.381146E-01,15.9961,0.385000,251.000,68.7500,5.47523,97686.9,1.24671
CH-CHA_201201022000.csv,2012-01-03,00:00,3.0000,0,36000,36000,0.725361E-02,2,0.205117E-02,-5.23819,0,2.07173,0.536867,1,0.398695,-3.28207,0,0.610404,0.120452E-01,1,0.894519E-02,-0.312676E-01,0.367900,-0.114204,0.825427E-02,-0.667446E-10,-0.542276E-12,18.6027,456.108,457.804,-1.00000,0,151.140,3.70572,3.71950,-1.00000,0,284.759,284.425,96559.5,1.18108,1007.34,0.245184E-01,0.780531E-03,0.272354E-02,357.497,1332.79,0.230599E-02,26.8232,975.296,265.990,0.586923,0.986991,0.386610E-01,1.14897,-0.166263E-12,-0.358790E-14,1.14897,2.82676,131.295,59.2618,1.92828,-9999,0.783679E-01,0.228074,7.80817,0.257423,-9.75695,0.561811E-01,0,-9999,-9999,-9999,-9999,-9999,-9999,-9999,0.711704E-02,1.01919,-5.01722,1.03968,0.455747,1.40244,-2.13884,1.40244,0.102252E-01,1.40244,800000099,800000099,800000099,800000099,800001199,800101199,800100199,811100199,80100,80100,80,81,2,6,2,2,13,9,0.290643,0.153521,0.119846E-01,0.308325,0.591375E-01,13.3717,-0.421707E-02,-0.213884E-02,0.102252E-01,15.9973,0.326667,251.000,68.7500,4.52001,97699.2,1.23570
CH-CHA_201201022000.csv,2012-01-03,00:30,3.0208,0,36000,36000,-0.317356E-02,1,0.371069E-03,-3.46037,1,0.846112,-1.00708,0,0.171723,-0.946243,1,0.249769,-0.225906E-01,0,0.385206E-02,-0.321588,-0.288706,-0.181886E-01,-0.647619E-02,-0.403078E-10,-0.317288E-12,18.6030,455.776,457.418,-1.00000,0,146.436,3.58770,3.60062,0.200000,0,284.546,284.223,96559.5,1.18197,1007.27,0.245001E-01,-0.146387E-02,0.263878E-02,346.125,1315.07,0.223253E-02,26.3198,968.947,265.572,0.961127,0.652342,0.381006E-01,1.16222,0.856924E-13,-0.216673E-14,1.16222,2.57643,152.451,34.1658,1.87863,-9999,0.518168E-01,0.915286E-01,3.41661,0.588303,3.43605,0.560920E-01,0,-9999,-9999,-9999,-9999,-9999,-9999,-9999,-0.307940E-02,1.03058,-3.29383,1.06271,-0.573696,1.63276,-0.456722,1.63276,-0.128691E-01,1.63276,800000099,800001199,800000099,800000099,800100099,800100099,801110199,811110199,81100,81100,80,81,8,2,7,5,5,15,0.115972,0.620208E-01,0.506388E-02,0.228461,0.295251E-01,2.68092,-0.276662E-02,-0.456722E-03,-0.128691E-01,16.0000,0.332222,251.000,68.7500,3.66920,97700.7,1.22986
CH-CHA_201201022000.csv,2012-01-03,01:00,3.0416,0,36000,36000,-0.662443E-02,1,0.118819E-02,-3.02589,1,0.599394,-1.15894,2,0.200335,2.67591,1,0.380181,-0.259819E-01,2,0.449125E-02,-0.977642,0.622896E-02,0.385389,0.139645E-03,0.884287E-10,0.686022E-12,18.9298,462.784,464.452,-0.500000E-01,0,146.856,3.59024,3.60317,0.500000E-01,0,283.934,283.611,96559.5,1.18452,1007.26,0.244474E-01,-0.168363E-02,0.264634E-02,346.370,1262.57,0.223411E-02,27.4337,916.199,265.581,0.624886E-01,0.663563,0.335079E-01,0.667341,0.958506E-13,0.467140E-14,0.667341,1.55660,97.5524,84.6202,2.87809,-9999,0.747831E-01,0.275028,11.7451,0.171135,2.61091,0.339131E-01,0,-9999,-9999,-9999,-9999,-9999,-9999,-9999,-0.651503E-02,1.01679,-2.98054,1.03315,-0.820211,1.33649,2.13783,1.33649,-0.183880E-01,1.33649,800000099,800100099,800000099,800000099,800000099,810101099,811110199,811110199,80000,80000,80,81,0,0,4,3,18,27,0.100427,0.447800,0.182870E-02,0.387847E-01,0.158594E-01,2.79227,-0.249811E-02,0.213783E-02,-0.183880E-01,15.9973,0.320000,251.000,68.7500,3.72690,97750.9,1.22879
CH-CHA_201201022000.csv,2012-01-03,01:30,3.0624,0,36000,36000,-0.109041E-01,1,0.803088E-03,-2.38900,2,0.484618,51.6322,1,8.98159,-17.3213,1,3.22567,1.15764,1,0.201375,0.165644,-3.91075,1.86389,-0.876825E-01,0.921489E-10,0.370331E-12,20.3188,496.673,497.666,7.40000,0,81.6579,1.99604,2.00003,10.0000,0,283.894,283.715,96559.5,1.18480,1006.40,0.244440E-01,0.750152E-01,0.147148E-02,192.666,1271.36,0.124197E-02,15.1544,1078.69,258.243,-0.373894,-0.581807E-01,0.107051E-01,0.378545,-0.100538E-12,0.453515E-14,0.378545,1.45393,356.611,188.845,1.62053,-9999,0.959340E-01,0.201801,31.3975,0.640179E-01,-0.462696E-01,0.208847E-01,0,-9999,-9999,-9999,-9999,-9999,-9999,-9999,-0.106605E-01,1.02285,0.246279,1.02616,43.7257,1.17905,-15.0566,1.17905,0.980370,1.17905,800000099,800101199,800000099,800000099,800000099,800000199,801110199,811110199,81000,81100,80,81,5,0,2,1,10,39,0.686860E-01,0.332392,0.252450E-02,0.337292E-01,1.03286,3841.21,0.206543E-03,-0.150566E-01,0.980370,15.9946,0.396667,251.537,72.1063,4.61100,97799.6,1.23187
CH-CHA_201201022000.csv,2012-01-03,02:00,3.0833,0,36000,36000,-0.144708E-01,1,0.297110E-02,-23.6125,0,4.28628,12.8070,1,7.48663,7.64739,2,6.97735,0.287539,1,0.168087,2.27438,-3.31138,1.86022,-0.743461E-01,0.693314E-10,0.833681E-13,21.6091,530.650,530.989,0.350000,0,25.9841,0.638085,0.638492,5.15000,0,285.204,285.147,96559.5,1.17945,1005.71,0.245568E-01,0.186325E-01,0.468233E-03,61.6172,1398.00,0.396993E-03,4.40752,1336.38,245.224,-0.779386,-0.371562,0.155571E-01,0.863564,-0.299047E-12,0.320843E-14,0.863564,6.25397,354.706,205.489,1.03224,-9999,0.110766,0.705901,4.88867,0.411155,-1.84372,0.179715,0,-9999,-9999,-9999,-9999,-9999,-9999,-9999,-0.141308E-01,1.02406,-22.0016,1.04921,8.58358,1.50050,6.00026,1.50050,0.192716,1.50050,800000099,800000099,800000099,800000199,800100099,801101199,810110199,811110199,81000,81000,80,81,5,0,15,1,0,2,0.411557,0.965771,0.344738E-01,0.174825,0.904570,384.097,-0.185483E-01,0.600026E-02,0.192716,15.9953,0.372222,252.038,75.2364,5.39121,97855.4,1.24345
CH-CHA_201201030200.csv,2012-01-03,02:30,3.1041,0,36000,36000,0.463580E-03,2,0.191060E-02,0.783943,2,0.274476,-17.0696,1,8.71556,4.96678,1,3.46909,-0.383099,1,0.195606,-0.621570,5.58870,-3.14142,0.125429,0.134531E-09,0.832133E-12,19.2865,473.308,474.698,10.0000,0,119.295,2.92761,2.93621,-1.00000,0,285.021,284.756,96559.5,1.18005,1006.93,0.245409E-01,-0.248248E-01,0.214970E-02,282.502,1362.38,0.182170E-02,20.7360,1079.87,262.977,0.404008E-01,0.330778,0.236151E-01,0.334071,0.963064E-13,0.697543E-14,0.334071,1.77316,126.800,83.0364,4.05356,-9999,0.198204E-01,0.290553,-0.843954,-2.38165,-0.459261E-01,-0.332870E-01,0,-9999,-9999,-9999,-9999,-9999,-9999,-9999,0.455783E-03,1.01711,-0.293306E-01,1.02852,-13.3713,1.27378,4.00641,1.27378,-0.300095,1.27378,800000099,800000099,800000099,800000099,800000099,810000099,811110199,811110199,81100,81100,80,81,0,0,2,0,14,3,0.120307,0.453395,0.740431E-02,0.882995E-01,0.353791,1203.23,-0.246845E-04,0.400641E-02,-0.300095,15.9981,0.343333,251.009,68.8055,5.46703,97910.6,1.24227
CH-CHA_201201030200.csv,2012-01-03,03:00,3.1249,0,36000,36000,0.414886E-02,2,0.164286E-02,-2.16844,0,0.795447,0.665695,1,0.251132,1.55459,0,0.395797,0.149400E-01,1,0.563609E-02,-0.408542E-01,2.11122,-0.496689,0.473815E-01,-0.182359E-10,-0.148980E-12,18.9135,464.240,466.007,0.400000,0,154.515,3.79265,3.80709,0.350000,0,285.073,284.730,96559.5,1.17977,1007.39,0.245455E-01,0.968113E-03,0.278437E-02,365.874,1360.05,0.236010E-02,26.9015,994.175,266.291,0.483217,0.551280E-01,0.563319E-02,0.486384,-0.556938E-13,-0.964174E-15,0.486384,2.40834,165.357,6.50848,0.663602,-9999,0.593015E-01,0.285831,8.17289,0.245935,-3.25740,0.307670E-01,0,-9999,-9999,-9999,-9999,-9999,-9999,-9999,0.406823E-02,1.01982,-2.06019,1.03857,0.509871,1.38720,1.20304,1.38720,0.114429E-01,1.38720,800000099,800000099,800000099,800000099,800000099,800100099,810110199,811110199,81100,81100,80,81,0,0,7,0,3,3,0.255792,0.309782,0.608878E-02,0.522588E-01,0.185589E-01,3.27300,-0.173346E-02,0.120304E-02,0.114429E-01,15.9973,0.265556,251.000,68.7500,5.57651,97976.1,1.24113
CH-CHA_201201030200.csv,2012-01-03,03:30,3.1458,0,36000,36000,0.160807E-02,2,0.115569E-02,-2.67643,1,0.536610,-0.823288,1,0.318620,1.26323,1,0.324314,-0.184835E-01,1,0.715329E-02,0.598774,-0.183771,-0.910974E-01,-0.412582E-02,0.730529E-10,0.587050E-12,18.8212,462.575,464.301,0.100000,0,151.246,3.71723,3.73110,3.25000,0,285.443,285.107,96559.5,1.17824,1007.36,0.245773E-01,-0.119773E-02,0.272546E-02,358.607,1394.32,0.231315E-02,25.7191,1035.71,266.030,0.689314,0.817634,0.320201E-01,1.06991,0.928935E-13,0.388142E-14,1.06991,2.18021,134.936,49.8672,1.71500,-9999,0.369432E-01,0.185031,1.60092,1.25553,3.25091,0.610384E-01,0,-9999,-9999,-9999,-9999,-9999,-9999,-9999,0.153141E-02,1.05005,-2.45637,1.10095,-0.378314,2.02728,0.700758,2.02728,-0.849347E-02,2.02728,800000099,800000099,800000099,800000099,800000099,800000099,800110199,811110199,81100,81100,80,81,2,0,2,0,0,0,0.133056,0.227487,0.951923E-02,0.504194E-01,0.286932E-01,7.02048,-0.206954E-02,0.700758E-03,-0.849347E-02,15.9981,0.353333,251.000,68.7500,5.52119,97994.7,1.24167
CH-CHA_201201030200.csv,2012-01-03,04:00,3.1666,0,36000,36000,-0.285398E-01,1,0.553398E-02,-10.4101,1,2.19618,5.77617,1,0.954327,4.56176,1,1.04759,0.129693,1,0.214276E-01,0.170448,-0.202933,-0.162633E-01,-0.455648E-02,-0.240866E-09,-0.189342E-11,18.8025,462.277,463.963,0.150000,0,147.804,3.63390,3.64716,10.0000,0,285.543,285.214,96559.5,1.17784,1007.32,0.245859E-01,0.840411E-02,0.266343E-02,350.577,1404.22,0.226129E-02,24.9660,1053.64,265.737,0.332915,0.115627,0.178456E-01,0.352874,0.992762E-13,-0.128103E-13,0.352874,2.04797,169.108,19.1530,2.89880,-9999,0.155662,0.429640,30.7902,0.652806E-01,-1.80225,0.563664E-01,0,-9999,-9999,-9999,-9999,-9999,-9999,-9999,-0.280855E-01,1.01618,-9.87276,1.02621,4.76434,1.25048,4.06268,1.25048,0.106974,1.25048,800000099,800000099,800000099,800000099,800000099,800100099,810110199,810110199,80000,80000,80,81,8,2,2,3,5,28,0.377320,0.471609,0.103514E-01,0.750451E-01,0.267931E-01,7.36951,-0.832123E-02,0.406268E-02,0.106974,16.0000,0.292222,251.000,68.7500,5.25173,97995.5,1.23857
CH-CHA_201201030200.csv,2012-01-03,04:30,3.1874,0,36000,36000,-0.129450E-02,2,0.330294E-03,-2.92862,0,0.433017,0.339409,2,0.178106,1.14736,0,0.201774,0.761989E-02,2,0.399857E-02,-0.196359,-0.335026,-0.331145E-01,-0.752150E-02,-0.517396E-10,-0.391845E-12,18.7868,461.672,463.292,0.350000,0,142.280,3.49642,3.50869,-1.00000,0,285.407,285.091,96559.5,1.17841,1007.24,0.245742E-01,0.493769E-03,0.256389E-02,337.329,1392.83,0.217572E-02,24.2190,1055.50,265.240,1.14795,0.149101,0.172654E-01,1.15773,0.729586E-13,-0.275404E-14,1.15773,2.15133,181.246,7.40036,0.854496,-9999,0.331438E-01,0.991291E-01,1.05646,1.90258,-8.62859,0.744443E-01,0,-9999,-9999,-9999,-9999,-9999,-9999,-9999,-0.121345E-02,1.06679,-2.57761,1.13310,0.166292,2.36375,0.552698,2.36375,0.373333E-02,2.36375,800000099,800000099,800000099,800000099,800000099,800000099,811100199,811110199,80000,80000,80,81,0,3,8,6,14,27,0.834583E-01,0.110141,0.465926E-02,0.453424E-01,0.135190E-01,7.76773,-0.217164E-02,0.552698E-03,0.373333E-02,15.9957,0.342222,251.000,68.7500,4.52866,98008.9,1.22999
CH-CHA_201201030200.csv,2012-01-03,05:00,3.2082,0,36000,36000,0.163036E-02,1,0.474482E-03,-2.30540,1,1.50855,-9.73417,1,1.52956,-6.42529,1,1.00552,-0.218431,1,0.343227E-01,-0.803201,-0.694551,0.139899,-0.155855E-01,-0.290635E-10,-0.201097E-12,18.9259,464.224,465.720,-1.00000,0,130.953,3.21208,3.22243,8.65000,0,284.876,284.586,96559.5,1.18062,1007.08,0.245285E-01,-0.141543E-01,0.235977E-02,309.924,1347.16,0.199875E-02,23.0057,1037.23,264.153,0.314986,0.663555,0.188381E-01,0.734763,-0.353929E-13,-0.153565E-14,0.734763,1.35107,122.752,64.6066,1.46913,-9999,0.371608E-01,0.328763E-01,1.89145,1.06268,0.236835,0.521778E-01,0,-9999,-9999,-9999,-9999,-9999,-9999,-9999,0.155591E-02,1.04785,-2.39254,1.09661,-4.86460,1.98642,-3.11868,1.98642,-0.109160,1.98642,800000099,800100099,800000099,800000099,800001199,800101199,811110199,811110199,81100,81100,80,81,5,0,3,0,1,9,0.206587E-01,0.433235E-01,0.177029E-02,0.181808,0.150109,141.260,-0.201226E-02,-0.311868E-02,-0.109160,15.9977,0.263333,251.060,69.1228,3.15230,98061.2,1.21356
CH-CHA_201201030200.csv,2012-01-03,05:30,3.2291,0,36000,36000,0.827936E-02,1,0.121214E-02,2.26241,1,1.51896,-9999,-9999,-9999,-9999,-9999,-9999,-9999,-9999,-9999,-0.893707,-9999,-9999,-9999,-9999,-9999,-9999,-9999,-9999,-9999,0,-9999,-9999,-9999,-9999,0,284.026,284.026,96559.5,1.18439,1005.34,0.244553E-01,-9999,-9999,-9999,1297.98,-9999,-9999,-9999,-9999,0.165203,0.170787,-0.923875E-02,0.237793,0.113501E-14,0.425981E-14,0.237793,1.19958,139.642,45.9521,-2.22662,-9999,0.836086E-01,0.823422E-01,-21.9404,-0.916118E-01,-9999,-0.227253E-01,0,-9999,-9999,-9999,-9999,-9999,-9999,-9999,0.802359E-02,1.03188,2.19195,1.03214,-9999,-9999,-9999,-9999,-9999,-9999,800000099,800100199,800000099,800001199,800000099,800000199,811110199,811110199,81000,81000,80,81,0,0,1,0,0,0,0.605805E-01,0.101813,0.229066E-02,0.143180,-9999,-9999,0.184086E-02,-9999,-9999,16.0000,0.274444,254.119,88.2443,2.09003,98091.6,1.19048
CH-CHA_201201030200.csv,2012-01-03,06:00,3.2499,0,36000,36000,-0.827269E-02,1,0.127616E-02,-3.70123,1,0.709280,-9999,-9999,-9999,-9999,-9999,-9999,-9999,-9999,-9999,-0.891091,-9999,-9999,-9999,-9999,-9999,-9999,-9999,-9999,-9999,0,-9999,-9999,-9999,-9999,0,283.468,283.468,96559.5,1.18672,1005.33,0.244072E-01,-9999,-9999,-9999,1250.60,-9999,-9999,-9999,-9999,0.752512,0.309584,0.219167E-01,0.814001,0.121176E-12,-0.657519E-15,0.814001,2.07408,158.907,22.3623,1.54285,-9999,0.834928E-01,0.214133,13.3555,0.150500,-9999,0.371569E-01,0,-9999,-9999,-9999,-9999,-9999,-9999,-9999,-0.814533E-02,1.01564,-3.58891,1.03130,-9999,-9999,-9999,-9999,-9999,-9999,800000099,800000199,800000099,800001199,800000099,800100199,811111199,811111199,81000,81000,80,81,0,3,8,2,1,0,0.201180,0.224139,0.294813E-02,0.798836E-01,-9999,-9999,-0.300818E-02,-9999,-9999,15.9977,0.321111,255.000,93.7500,1.70516,98099.1,1.18775
CH-CHA_201201030200.csv,2012-01-03,06:30,3.2707,0,36000,36000,0.437790E-02,1,0.824233E-03,-2.18455,1,0.760701,-9999,-9999,-9999,-9999,-9999,-9999,-9999,-9999,-9999,0.211281,-9999,-9999,-9999,-9999,-9999,-9999,-9999,-9999,-9999,0,-9999,-9999,-9999,-9999,0,283.600,283.600,96559.5,1.18617,1005.34,0.244186E-01,-9999,-9999,-9999,1261.70,-9999,-9999,-9999,-9999,0.421383,0.297815,0.149961E-01,0.516219,0.831708E-13,-0.184832E-14,0.516219,1.69944,141.880,35.2510,1.66467,-9999,0.607519E-01,0.176475,8.71720,0.230579,-9999,0.301540E-01,0,-9999,-9999,-9999,-9999,-9999,-9999,-9999,0.429513E-02,1.01927,-2.10536,1.03761,-9999,-9999,-9999,-9999,-9999,-9999,800000099,800100199,800000099,800001199,800000199,800101199,811110099,811110099,81000,81000,80,81,0,0,2,0,0,0,0.104527,0.246495,0.192881E-02,0.113920,-9999,-9999,-0.176551E-02,-9999,-9999,16.0000,0.261111,255.000,93.7500,1.81074,98100.0,1.18511
CH-CHA_201201030200.csv,2012-01-03,07:00,3.2916,0,36000,36000,0.126833E-02,1,0.509808E-03,-0.247498,2,0.259058,-9999,-9999,-9999,-9999,-9999,-9999,-9999,-9999,-9999,-0.786228,-9999,-9999,-9999,-9999,-9999,-9999,-9999,-9999,-9999,0,-9999,-9999,-9999,-9999,0,283.109,283.109,96559.5,1.18823,1005.33,0.243763E-01,-9999,-9999,-9999,1220.90,-9999,-9999,-9999,-9999,0.524937,0.726058,0.314085E-01,0.896496,0.212096E-13,0.184517E-14,0.896496,1.46826,131.698,54.1332,2.00775,-9999,0.326713E-01,0.525367E-01,11.9670,0.167962,-9999,0.634160E-02,0,-9999,-9999,-9999,-9999,-9999,-9999,-9999,0.124822E-02,1.01612,-0.239672,1.03265,-9999,-9999,-9999,-9999,-9999,-9999,800000099,800100199,800000099,800001199,800010199,800011199,811110099,811110099,81000,81000,80,80,0,1,3,0,0,0,0.416444E-01,0.620565E-01,0.137256E-02,0.284110,-9999,-9999,-0.200637E-03,-9999,-9999,15.9914,0.390000,255.000,93.7500,0.739961,98100.0,1.17462
CH-CHA_201201030200.csv,2012-01-03,07:30,3.3124,0,36000,36000,0.570427E-02,2,0.178517E-02,-10.3498,1,5.96821,-9999,-9999,-9999,-47.6314,1,8.60961,-9999,-9999,-9999,-4.49724,-9999,-9999,-9999,0.138342E-09,-9999,28.8114,695.408,695.408,2.20000,0,-9999,-9999,-9999,-9999,0,280.324,280.324,96559.5,1.20003,1005.27,0.241366E-01,-9999,-9999,-9999,1010.99,-9999,-9999,-9999,-9999,0.718392,0.177795,0.134539E-01,0.740189,0.193446E-12,0.480166E-14,0.740189,1.74014,169.825,13.9008,1.04148,-9999,0.689452E-01,0.285811,2.68914,0.747450,-9999,0.124437,0,-9999,-9999,-9999,-9999,-9999,-9999,-9999,0.551228E-02,1.03483,-9.66561,1.07078,-9999,-9999,-27.1899,1.71938,-9999,-9999,800000099,800100199,800000099,800000199,800000199,800001199,811100199,811110199,80100,80100,80,81,0,12,2,2,0,0,0.237864,0.331632,0.212607E-02,3.62671,9.09799,-9999,-0.801223E-02,-0.271899E-01,-9999,15.9969,0.293333,255.000,93.7500,-0.871101E-01,98092.6,1.16246
CH-CHA_201201030200.csv,2012-01-03,08:00,3.3332,0,36000,36000,0.684817E-02,1,0.162111E-02,-0.381198,2,1.59348,-9999,-9999,-9999,-9999,-9999,-9999,-9999,-9999,-9999,3.96657,-9999,-9999,-9999,-9999,-9999,-9999,-9999,-9999,-9999,0,-9999,-9999,-9999,-9999,0,282.802,282.802,96559.5,1.18952,1005.32,0.243499E-01,-9999,-9999,-9999,1196.01,-9999,-9999,-9999,-9999,0.228617,0.308446,0.112472E-02,0.383935,-0.346792E-13,-0.250976E-14,0.383935,1.38257,138.200,53.4545,0.167846,-9999,0.758756E-01,0.139679,97.3212,0.206533E-01,-9999,0.420121E-02,0,-9999,-9999,-9999,-9999,-9999,-9999,-9999,0.674743E-02,1.01493,-0.372750,1.02267,-9999,-9999,-9999,-9999,-9999,-9999,800000099,800101199,800000099,800001199,800001199,801111199,811111199,811111199,80000,80000,80,80,5,0,0,2,0,0,0.134241,0.142239,0.287811E-02,0.220779,-9999,-9999,-0.311704E-03,-9999,-9999,16.0000,0.267778,255.000,93.7500,-0.660881,98088.6,1.15462
CH-CHA_201201030800.csv,2012-01-03,08:30,3.3541,1,36000,36000,0.374567E-02,2,0.124732E-02,2.45967,1,1.30876,-9999,-9999,-9999,-9999,-9999,-9999,-9999,-9999,-9999,-0.548152,-9999,-9999,-9999,-9999,-9999,-9999,-9999,-9999,-9999,0,-9999,-9999,-9999,-9999,0,282.460,282.460,96559.5,1.19096,1005.31,0.243204E-01,-9999,-9999,-9999,1168.82,-9999,-9999,-9999,-9999,0.332121,0.210900,0.272500E-03,0.393425,-0.157030E-13,0.114017E-15,0.393425,1.35078,145.666,32.4159,0.396851E-01,-9999,0.560811E-01,0.191634,-6.09008,-0.330045,-9999,-0.366321E-01,0,-9999,-9999,-9999,-9999,-9999,-9999,-9999,0.366414E-02,1.02225,2.39786,1.02577,-9999,-9999,-9999,-9999,-9999,-9999,800000099,800100199,800000099,800001199,800000199,801111199,811110199,811110199,80100,80100,80,80,2,0,2,5,0,0,0.167399,0.214316,0.155205E-02,0.205056,-9999,-9999,0.200275E-02,-9999,-9999,16.0000,0.261111,255.000,93.7500,-0.986578,98099.5,1.15182
CH-CHA_201201030800.csv,2012-01-03,09:00,3.3749,1,36000,36000,-0.166353E-02,2,0.214965E-02,-1.95110,2,1.57826,-9999,-9999,-9999,-9999,-9999,-9999,-9999,-9999,-9999,-0.848034,-9999,-9999,-9999,-9999,-9999,-9999,-9999,-9999,-9999,0,-9999,-9999,-9999,-9999,0,281.932,281.932,96559.5,1.19319,1005.30,0.242750E-01,-9999,-9999,-9999,1127.90,-9999,-9999,-9999,-9999,0.519115,0.262686,0.867903E-02,0.581858,-0.166154E-12,0.589717E-14,0.581858,2.18156,138.823,26.8407,0.854658,-9999,0.373388E-01,0.348958,2.26594,0.887048,-9999,0.435625E-01,0,-9999,-9999,-9999,-9999,-9999,-9999,-9999,-0.160096E-02,1.03908,-1.80821,1.07902,-9999,-9999,-9999,-9999,-9999,-9999,800000099,800100199,800000099,800001199,800000199,800000199,811110199,811110199,81000,81000,80,81,0,0,4,13,17,3,0.523586,0.172084,0.224620E-02,0.328077,-9999,-9999,-0.150745E-02,-9999,-9999,15.9977,0.753889,255.000,93.7500,-0.649183,98084.2,1.15324
CH-CHA_201201030800.csv,2012-01-03,09:30,3.3957,1,36000,36000,-0.103964E-01,1,0.135974E-02,-4.27950,1,0.823666,-9999,-9999,-9999,-9999,-9999,-9999,-9999,-9999,-9999,-1.06161,-9999,-9999,-9999,-9999,-9999,-9999,-9999,-9999,-9999,0,-9999,-9999,-9999,-9999,0,281.272,281.272,96559.5,1.19599,1005.29,0.242182E-01,-9999,-9999,-9999,1078.57,-9999,-9999,-9999,-9999,0.120299,0.638651,0.109783E-01,0.649975,-0.275888E-13,0.351589E-14,0.649975,1.53039,103.912,79.3325,0.967795,-9999,0.932348E-01,0.186277,16.0835,0.124973,-9999,0.381766E-01,0,-9999,-9999,-9999,-9999,-9999,-9999,-9999,-0.102402E-01,1.01525,-4.15690,1.02949,-9999,-9999,-9999,-9999,-9999,-9999,800000099,800100199,800000099,800001199,800001199,801001199,811110199,811110199,80000,80000,80,81,0,0,1,4,0,0,0.150608,0.219348,0.259692E-02,0.510388E-01,-9999,-9999,-0.345742E-02,-9999,-9999,15.9903,8.01333,255.000,93.7500,2.70652,98088.6,1.17262
CH-CHA_201201030800.csv,2012-01-03,10:00,3.4165,1,36000,36000,-0.468978E-02,2,0.178051E-02,-4.08084,2,1.84996,51.1727,1,10.6619,13.4648,1,2.78736,1.14365,1,0.238280,-1.49327,-9999,-9999,-9999,0.932835E-10,0.147766E-12,28.1015,678.563,679.293,-1.00000,0,44.5142,1.07488,1.07603,0.00000,0,280.443,280.348,96559.5,1.19944,1005.85,0.241468E-01,0.741085E-01,0.802147E-03,103.782,1012.61,0.668767E-03,10.2489,908.832,250.987,0.317827,0.260929,0.232319E-01,0.411871,0.100302E-12,0.331952E-14,0.411871,1.48277,155.588,39.3853,3.23353,-9999,0.625297E-01,0.130234,5.08878,0.394987,-0.797464E-01,0.540944E-01,0,-9999,-9999,-9999,-9999,-9999,-9999,-9999,-0.460569E-02,1.01826,-1.73035,1.03394,38.2677,1.33642,9.74840,1.33642,0.855239,1.33642,800000099,800000099,800000099,800000199,800001199,800001199,811110199,811110199,80000,80000,80,81,1,2,0,32,9,1,0.202482,0.547531E-01,0.323223E-02,0.142797,0.665379,6161.85,-0.143424E-02,0.974840E-02,0.855239,15.9981,3.66944,255.000,93.7500,5.98932,98050.8,1.19333
CH-CHA_201201030800.csv,2012-01-03,10:30,3.4374,1,36000,36000,-0.504241E-02,1,0.146598E-02,-3.45034,2,3.79823,-9999,-9999,-9999,4.59820,2,4.76569,-9999,-9999,-9999,3.03096,-9999,-3.61065,-9999,-0.139942E-09,-9999,25.2373,613.299,613.299,6.40000,0,-9999,-9999,-9999,-9999,0,282.237,282.237,96559.5,1.19190,1005.31,0.243013E-01,-9999,-9999,-9999,1151.41,-9999,-9999,-9999,-9999,0.412263,0.931023E-01,0.180928E-01,0.423032,0.252585E-12,-0.554504E-14,0.423032,1.52224,176.519,12.7258,2.45125,-9999,0.650429E-01,0.234911,6.77306,0.296764,-9999,0.442715E-01,0,-9999,-9999,-9999,-9999,-9999,-9999,-9999,-0.493405E-02,1.02196,-3.30911,1.04268,-9999,-9999,3.40419,1.42639,-9999,-9999,800000099,800000199,800000099,800000199,800000199,801000199,811110099,811110099,80000,81000,80,81,1,1,0,21,0,0,0.156577,0.305843,0.740248E-02,0.499329,1.30334,-9999,-0.276168E-02,0.340419E-02,-9999,16.0000,11.7822,254.907,93.1660,7.63765,98019.5,1.21254
CH-CHA_201201030800.csv,2012-01-03,11:00,3.4582,1,36000,36000,-0.217369E-01,1,0.491322E-02,7.21517,0,3.41913,-9999,-9999,-9999,4.25469,1,10.2918,-9999,-9999,-9999,3.76876,-9999,-6.30141,-9999,0.530389E-10,-9999,20.3403,498.443,498.443,10.0000,0,-9999,-9999,-9999,-9999,0,284.606,284.606,96559.5,1.18198,1005.36,0.245052E-01,-9999,-9999,-9999,1348.93,-9999,-9999,-9999,-9999,1.34208,0.664873,0.299500E-01,1.49804,-0.115048E-12,0.260758E-14,1.49804,3.34266,156.000,26.3540,1.14558,-9999,0.135611,0.290089,-29.3565,-0.684686E-01,-9999,-0.447737E-01,0,-9999,-9999,-9999,-9999,-9999,-9999,-9999,-0.214976E-01,1.01113,7.07373,1.01999,-9999,-9999,3.25590,1.17349,-9999,-9999,800000099,800000099,800000099,800000199,800000199,800001199,800000099,800010099,81000,81000,80,81,1,4,0,4,8,0,0.386918,0.170396,0.228654E-01,0.707523,1.54120,-9999,0.595278E-02,0.325590E-02,-9999,15.9977,7.15222,251.876,74.2275,10.2312,98006.3,1.24072
CH-CHA_201201030800.csv,2012-01-03,11:30,3.4790,1,36000,36000,-0.236823E-01,1,0.418763E-02,17.1658,0,2.75449,28.6044,0,2.94481,-3.29281,1,1.97815,0.642773,0,0.661732E-01,2.28426,-9999,-1.67201,-9999,-0.986928E-10,-0.722488E-12,18.9721,467.780,469.387,0.250000,0,138.887,3.42441,3.43618,0.250000,0,286.359,286.048,96559.5,1.17450,1007.22,0.246562E-01,0.416517E-01,0.250274E-02,330.389,1483.24,0.213090E-02,22.2748,1152.85,264.972,1.62869,0.362009,0.354767E-01,1.66882,-0.381561E-12,-0.520199E-14,1.66882,3.55883,176.014,12.5314,1.21812,-9999,0.141999,0.395529,-14.1744,-0.141805,0.600109,-0.102188,0,-9999,-9999,-9999,-9999,-9999,-9999,-9999,-0.234272E-01,1.01089,18.2752,1.02021,23.9996,1.17473,-3.87803,1.17473,0.539298,1.17473,800000099,800000099,800000099,800000099,800000099,800000099,800000199,800000199,81100,81100,80,81,1,1,0,6,3,2,0.397171,0.356643,0.372428E-01,0.181310,0.130064,75.4107,0.154484E-01,-0.387803E-02,0.539298,15.9965,1.00833,251.000,68.7500,11.0363,97992.5,1.26773
CH-CHA_201201030800.csv,2012-01-03,12:00,3.4999,1,36000,36000,-0.190251E-01,0,0.280007E-02,24.3960,0,2.43987,37.1644,0,4.96239,-7.09826,0,1.46094,0.836090,0,0.111639,1.89406,-0.911200E-01,-1.37253,-0.204993E-02,-0.287402E-10,-0.219961E-12,17.8721,442.503,444.007,0.300000,0,136.783,3.38666,3.39817,0.300000,0,287.558,287.249,96559.5,1.16960,1007.23,0.247594E-01,0.541786E-01,0.246483E-02,326.751,1603.93,0.210741E-02,20.3719,1277.18,264.830,1.55471,0.122612,0.493301E-01,1.56032,0.156875E-12,-0.160810E-14,1.56032,3.37944,185.061,4.50927,1.81173,-9999,0.127539,0.382962,-7.22661,-0.278139,0.656433,-0.162371,0,-9999,-9999,-9999,-9999,-9999,-9999,-9999,-0.188176E-01,1.01103,25.8110,1.02006,31.1781,1.17391,-7.45912,1.17391,0.701414,1.17391,800000099,800000099,800000099,800000099,800000099,800000099,800000199,800000199,81100,81100,80,81,2,4,3,20,26,12,0.261597,0.466642,0.376844E-01,0.116918,0.503224E-01,249.265,0.219098E-01,-0.745912E-02,0.701414,15.9957,0.352778,250.868,67.9241,12.7717,97920.2,1.29360
CH-CHA_201201030800.csv,2012-01-03,12:30,3.5207,1,36000,36000,-0.903232E-02,2,0.335994E-02,0.421840,2,2.57140,25.7055,1,8.91690,-6.38033,0,2.84451,0.579221,1,0.200924,2.60150,1.67720,-0.549916,0.377922E-01,0.439252E-10,0.415240E-12,17.3566,432.315,434.089,0.400000,0,164.077,4.08682,4.10359,0.400000,0,289.282,288.907,96559.5,1.16258,1007.64,0.249079E-01,0.375335E-01,0.295668E-02,394.215,1784.77,0.254320E-02,22.0877,1390.56,267.264,0.614127,-0.816636,-0.383750E-02,1.02179,-0.980625E-13,0.253076E-14,1.02179,4.07473,237.520,306.944,-0.215184,-9999,0.881430E-01,0.409177,-137.975,-0.145679E-01,0.164105E-01,-0.408536E-02,0,-9999,-9999,-9999,-9999,-9999,-9999,-9999,-0.891894E-02,1.01271,1.73434,1.02015,21.8442,1.17155,-5.67804,1.17155,0.492214,1.17155,800000099,800000099,800000099,800000099,800000099,801000199,800110199,801110199,81100,81100,80,81,4,3,0,0,5,7,0.426355,0.368522,0.234759E-01,0.192573,0.182001,783.830,0.148049E-02,-0.567804E-02,0.492214,15.9942,0.335556,249.640,60.2472,11.6488,97900.3,1.28547
CH-CHA_201201030800.csv,2012-01-03,13:00,3.5415,1,36000,36000,-0.294969E-01,0,0.503058E-02,27.9667,0,3.12628,50.1211,0,3.55052,-8.47134,0,0.833716,1.12911,0,0.799848E-01,-0.385758,2.86479,-1.04984,0.645369E-01,0.805595E-10,0.103060E-11,16.5839,412.874,415.066,0.300000,0,212.158,5.28190,5.30995,0.300000,0,289.146,288.662,96559.5,1.16305,1008.28,0.248961E-01,0.731662E-01,0.382308E-02,509.299,1756.87,0.328712E-02,28.9891,1247.57,270.669,1.67532,-0.148455,0.499444E-01,1.68263,0.380577E-12,0.485770E-14,1.68263,3.78509,193.532,354.936,1.70093,-9999,0.159254,0.472093,-12.2770,-0.163721,0.557982,-0.149752,0,-9999,-9999,-9999,-9999,-9999,-9999,-9999,-0.291796E-01,1.01087,29.9839,1.02023,41.7748,1.17484,-8.77307,1.17484,0.941087,1.17484,800000099,800000099,800000099,800000099,800000099,800000099,800010199,800010199,81100,81100,80,81,5,6,0,13,31,25,0.343434,0.550633,0.501191E-01,0.119494,0.117886E-01,102.673,0.255687E-01,-0.877307E-02,0.941087,16.0000,0.263333,249.000,56.2500,12.8731,97866.2,1.30306
CH-CHA_201201030800.csv,2012-01-03,13:30,3.5624,1,36000,36000,-0.424566E-01,0,0.417874E-02,34.2501,0,3.56401,57.8400,0,4.52386,-9.00183,0,0.915515,1.30282,0,0.101898,-0.225520,-0.118385,-0.213375E-01,-0.266657E-02,0.809199E-10,0.102652E-11,16.5765,412.479,414.649,0.300000,0,210.283,5.23255,5.26007,0.300000,0,288.997,288.518,96559.5,1.16365,1008.25,0.248833E-01,0.844225E-01,0.378930E-02,504.548,1740.76,0.325640E-02,28.9844,1236.21,270.543,2.00718,0.124409,0.641104E-01,2.01205,-0.272897E-12,0.488160E-14,2.01205,4.22399,183.590,3.54678,1.82594,-9999,0.191012,0.458972,-17.2975,-0.116202,0.592152,-0.152830,0,-9999,-9999,-9999,-9999,-9999,-9999,-9999,-0.420080E-01,1.01068,36.5083,1.02089,48.0504,1.17779,-9.52264,1.17779,1.08231,1.17779,800000099,800000099,800000099,800000099,800000099,800000099,800000199,800010199,81100,81100,80,81,3,1,1,2,22,6,0.300063,0.565908,0.519740E-01,0.131543,0.103402E-01,128.782,0.311172E-01,-0.952264E-02,1.08231,15.9981,0.352222,249.000,56.2500,14.8989,97801.2,1.31745
CH-CHA_201201030800.csv,2012-01-03,14:00,3.5832,1,36000,36000,-0.263908E-01,0,0.327935E-02,16.4730,0,2.62090,37.5375,0,2.52052,-7.57576,0,0.746163,0.845782,0,0.567916E-01,0.519216,0.416712,0.130131,0.938923E-02,-0.468676E-10,-0.610742E-12,16.6534,414.891,417.146,0.250000,0,217.014,5.40653,5.43592,0.250000,0,289.345,288.849,96559.5,1.16224,1008.35,0.249133E-01,0.548067E-01,0.391060E-02,521.296,1778.08,0.336471E-02,29.3180,1256.78,270.984,1.79035,0.740365,0.540078E-01,1.93814,-0.211206E-13,-0.281430E-14,1.93814,3.99612,163.257,22.4666,1.59680,-9999,0.150688,0.271079,-17.6579,-0.113830,0.438842,-0.932794E-01,0,-9999,-9999,-9999,-9999,-9999,-9999,-9999,-0.261115E-01,1.01070,18.0619,1.02072,31.3201,1.17708,-7.42222,1.17708,0.705694,1.17708,800000099,800001199,800000099,800000099,800000099,800000099,800000199,800000199,80000,80000,80,81,1,3,2,2,6,6,0.271843,0.230146,0.401690E-01,0.133194,0.124540E-01,74.3758,0.154118E-01,-0.742222E-02,0.705694,15.8643,4.38889,249.000,56.2500,13.5437,97777.8,1.30680
CH-CHA_201201031400.csv,2012-01-03,14:30,3.6040,1,36000,36000,-0.121876E-01,1,0.321851E-02,24.4269,0,6.12405,37.0557,0,3.03719,-6.99553,0,0.704269,0.835082,0,0.684458E-01,0.302673,0.104583,-0.527203E-02,0.235687E-02,0.128786E-09,0.169221E-11,16.6381,414.793,417.066,0.150000,0,218.619,5.45024,5.48011,0.150000,0,289.542,289.042,96559.5,1.16144,1008.38,0.249303E-01,0.541133E-01,0.393952E-02,525.503,1800.17,0.339192E-02,29.1919,1274.67,271.092,0.752303,0.928810,0.373149E-01,1.19584,0.705651E-14,0.774044E-14,1.19584,3.24114,137.411,50.9938,1.78814,-9999,0.102438,0.609744,-3.74103,-0.537285,0.659193,-0.203603,0,-9999,-9999,-9999,-9999,-9999,-9999,-9999,-0.120439E-01,1.01193,25.8599,1.01993,30.8501,1.17193,-7.28881,1.17193,0.695233,1.17193,800000099,800001199,800000099,800000099,800000099,800011099,800010199,801110199,80000,80000,80,81,0,7,2,4,38,29,0.310373,0.867072,0.420426E-01,0.405187,0.855360E-02,72.1804,0.220802E-01,-0.728881E-02,0.695233,15.8616,4.70556,249.000,56.2500,14.4881,97707.0,1.31915
CH-CHA_201201031400.csv,2012-01-03,15:00,3.6249,1,36000,36000,-0.192415E-01,0,0.224815E-02,-1.11201,2,0.743312,17.8316,0,1.54621,-3.64512,1,0.443287,0.402364,0,0.348896E-01,2.07008,0.206595,-0.995469E-01,0.466176E-02,0.868803E-10,0.116498E-11,16.4876,412.938,415.238,0.250000,0,221.082,5.53708,5.56791,0.250000,0,290.879,290.368,96559.5,1.15610,1008.46,0.250453E-01,0.260732E-01,0.398391E-02,533.861,1958.58,0.344598E-02,27.2576,1424.72,271.306,1.49483,0.583025,0.475038E-01,1.60521,0.306389E-12,0.526942E-14,1.60521,3.10127,166.988,21.3071,1.69583,-9999,0.129009,0.227381,164.156,0.122445E-01,-0.623616E-01,0.739318E-02,0,-9999,-9999,-9999,-9999,-9999,-9999,-9999,-0.190560E-01,1.00973,-0.191066,1.02015,14.7839,1.20166,-3.12638,1.20166,0.333593,1.20166,800000099,800001199,800000099,800000099,800000099,800100099,800110199,800110199,81100,81100,80,81,5,18,1,0,11,1,0.179948,0.249958,0.248559E-01,0.128956,0.127193E-01,69.7698,-0.163881E-03,-0.312638E-02,0.333593,15.8643,4.84556,249.001,56.2537,12.2853,97701.6,1.30916
CH-CHA_201201031400.csv,2012-01-03,15:30,3.6457,1,36000,36000,-0.806685E-02,1,0.158925E-02,-8.74352,0,1.26103,16.2761,0,2.65195,-5.25449,0,0.707518,0.367546,0,0.598861E-01,1.23447,-0.379559,-0.489805E-01,-0.857118E-02,-0.107198E-09,-0.139895E-11,16.4071,412.023,414.251,0.200000,0,214.116,5.37698,5.40605,0.250000,0,291.658,291.161,96559.5,1.15302,1008.39,0.251124E-01,0.238170E-01,0.385837E-02,518.452,2059.04,0.334631E-02,25.1792,1540.59,270.910,0.970454,0.173257,0.296093E-01,0.986243,-0.122298E-12,-0.653360E-14,0.986243,2.48777,175.475,10.1225,1.72041,-9999,0.836436E-01,0.282466,5.68996,0.353254,-0.537199,0.899054E-01,0,-9999,-9999,-9999,-9999,-9999,-9999,-9999,-0.789731E-02,1.02147,-7.69482,1.04411,11.3445,1.44860,-3.43913,1.44860,0.256180,1.44860,800000099,800001199,800000099,800000099,800000099,800101099,800110199,810110199,81100,81100,80,81,13,4,5,0,13,1,0.182909,0.365228,0.167946E-01,0.517534E-01,0.199019E-01,146.277,-0.661806E-02,-0.343913E-02,0.256180,15.8749,4.80828,248.795,56.0492,10.2417,97695.0,1.10357
CH-CHA_201201031400.csv,2012-01-03,16:00,3.6665,1,36000,36000,-0.361751E-01,0,0.326494E-02,-23.5758,0,1.88243,35.7417,1,4.30500,-5.79169,1,0.909859,0.807384,1,0.972475E-01,0.535262,-1.48340,0.292061,-0.335092E-01,0.239546E-09,0.272574E-11,16.6083,417.484,419.477,10.0000,0,188.982,4.75046,4.77313,0.400000,0,291.945,291.506,96559.5,1.15193,1008.06,0.251371E-01,0.523185E-01,0.340545E-02,458.133,2104.07,0.295629E-02,21.7737,1645.94,269.250,1.54296,-0.789966,0.245011E-01,1.73360,0.662596E-13,0.144233E-13,1.73360,4.30581,214.785,332.888,0.809794,-9999,0.177211,0.382858,20.0661,0.100169,-0.659616,0.114567,0,-9999,-9999,-9999,-9999,-9999,-9999,-9999,-0.356914E-01,1.01355,-21.2299,1.02872,28.1484,1.28444,-3.87064,1.28444,0.635855,1.28444,800000099,800000099,800000099,800000099,800000099,800001099,800000199,800100199,80100,80100,80,81,6,10,3,6,24,6,0.416087,0.308962,0.406677E-01,0.694983E-01,0.116804E-01,150.101,-0.182824E-01,-0.387064E-02,0.635855,15.9401,2.15500,249.000,56.2500,9.34620,97689.8,1.30098
CH-CHA_201201031400.csv,2012-01-03,16:30,3.6873,1,36000,36000,-0.189448E-01,1,0.257421E-02,-20.8810,1,3.14709,14.7625,1,4.14990,-2.53057,1,0.515613,0.333281,1,0.936889E-01,-0.946412,0.804922,-0.113944,0.181721E-01,0.320500E-12,0.392722E-14,16.5564,415.358,417.483,9.35000,0,202.872,5.08955,5.11559,0.400000,0,291.368,290.898,96559.5,1.15419,1008.23,0.250875E-01,0.215966E-01,0.365576E-02,490.782,2025.23,0.316738E-02,24.2334,1534.45,270.171,1.28051,0.323736,0.570225E-01,1.32203,-0.235190E-12,0.193581E-16,1.32203,3.65568,170.976,14.1881,2.47207,-9999,0.128117,0.312819,8.56132,0.234777,-1.41446,0.140058,0,-9999,-9999,-9999,-9999,-9999,-9999,-9999,-0.186043E-01,1.01830,-19.4752,1.03808,11.0135,1.38392,-1.19048,1.38392,0.248642,1.38392,800000099,800000099,800000099,800000099,800000099,800100099,800100199,811100199,80000,80000,80,81,1,8,7,3,1,2,0.204254,0.404209,0.171751E-01,0.289572,0.940389E-02,325.500,-0.167357E-01,-0.119048E-02,0.248642,16.0000,0.415556,249.000,56.2500,8.06962,97683.9,1.28604
CH-CHA_201201031400.csv,2012-01-03,17:00,3.7082,0,36000,36000,-0.393476E-02,2,0.606456E-03,-5.87856,0,1.61894,-1.90097,1,0.472814,0.711755,0,0.419639,-0.428855E-01,1,0.106666E-01,-1.17845,0.983826,0.279291,0.221949E-01,-0.647295E-10,-0.846941E-12,16.8050,420.557,422.884,3.15000,0,219.882,5.50269,5.53314,-1.00000,0,290.650,290.144,96559.5,1.15701,1008.44,0.250257E-01,-0.277898E-02,0.396227E-02,530.551,1930.93,0.342457E-02,27.4765,1400.38,271.222,0.731160,0.872178,0.486101E-01,1.13915,0.181701E-13,-0.385180E-14,1.13915,2.48415,136.363,50.0264,2.44569,-9999,0.583164E-01,0.145564,2.86810,0.700811,3.09240,0.863962E-01,0,-9999,-9999,-9999,-9999,-9999,-9999,-9999,-0.380498E-02,1.03411,-5.56663,1.06970,-1.01017,1.70395,0.599536,1.70395,-0.227892E-01,1.70395,800000099,800001199,800000099,800000099,800100099,800100099,811100199,811110199,81100,81100,80,80,2,8,6,3,16,3,0.219046,0.647165E-01,0.736484E-02,0.252062,0.225802E-01,40.7279,-0.477097E-02,0.599536E-03,-0.227892E-01,15.8600,5.12611,249.000,56.2500,5.90134,97663.1,1.25890
CH-CHA_201201031400.csv,2012-01-03,17:30,3.7290,0,36000,36000,-0.983895E-02,2,0.274849E-02,-18.0817,1,2.55471,12.8750,1,1.80118,4.53774,1,0.530044,0.290256,1,0.406061E-01,-1.12363,-0.183300,0.359308,-0.413235E-02,-0.900085E-10,-0.114314E-11,17.1143,427.228,429.559,0.150000,0,217.359,5.42596,5.45556,0.150000,0,289.925,289.426,96559.5,1.15991,1008.38,0.249632E-01,0.188086E-01,0.391680E-02,523.166,1844.85,0.337680E-02,28.3582,1321.69,271.032,0.387944,1.07718,0.349556E-01,1.14544,0.222005E-13,-0.525925E-14,1.14544,2.87868,119.047,70.1936,1.74877,-9999,0.921004E-01,0.396007,3.67305,0.547230,-1.40441,0.167853,0,-9999,-9999,-9999,-9999,-9999,-9999,-9999,-0.956626E-02,1.02850,-16.6031,1.05856,8.37011,1.59140,3.34803,1.59140,0.188697,1.59140,800000099,800001199,800000099,800000099,800100099,800101099,811110199,811110199,81100,81100,80,81,0,0,3,0,1,1,0.425526,0.357960,0.852805E-02,0.461675,0.232746E-01,109.280,-0.141952E-01,0.334803E-02,0.188697,15.8522,5.39278,249.000,56.2500,4.14514,97611.6,1.23635
CH-CHA_201201031400.csv,2012-01-03,18:00,3.7498,0,36000,36000,-0.311402E-01,1,0.524835E-02,2.85348,2,5.25690,-0.878654,1,0.364256,-1.07402,1,0.833762,-0.197893E-01,1,0.820390E-02,-1.58481,-0.327531,0.540433,-0.737677E-02,0.392102E-11,0.474356E-13,17.5769,437.227,439.552,-1.00000,0,212.641,5.28948,5.31760,-1.00000,0,288.902,288.418,96559.5,1.16403,1008.28,0.248751E-01,-0.128235E-02,0.383179E-02,510.029,1729.56,0.329184E-02,29.4890,1219.53,270.688,-0.432174,-0.141661,0.219904E-01,0.455330,-0.155395E-12,0.223078E-15,0.455330,2.96452,347.379,198.148,2.76821,-9999,0.163561,0.580752,-130.354,-0.154196E-01,-3.24756,-0.148645E-01,0,-9999,-9999,-9999,-9999,-9999,-9999,-9999,-0.305249E-01,1.02016,2.74119,1.02442,-0.810549,1.17649,-1.03150,1.17649,-0.182555E-01,1.17649,800000099,800001199,800000099,800000099,800101199,810101199,811100199,811110199,80000,80000,80,81,0,0,3,0,33,11,0.519264,0.631961,0.102797E-01,0.701953,0.105726,13.3646,0.233558E-02,-0.103150E-02,-0.182555E-01,15.8639,5.11056,249.000,56.2500,3.36600,97626.2,1.22149
CH-CHA_201201031400.csv,2012-01-03,18:30,3.7707,0,36000,36000,0.698307E-02,2,0.479648E-02,-4.49209,1,5.22447,1.62765,1,1.24167,2.19819,1,1.76512,0.366490E-01,1,0.279581E-01,-0.423032,0.292641E-01,0.287699,0.658924E-03,0.932715E-10,0.111738E-11,17.8072,442.546,444.904,10.0000,0,213.329,5.30166,5.32991,10.0000,0,288.634,288.149,96559.5,1.16511,1008.28,0.248520E-01,0.237486E-02,0.384419E-02,511.201,1699.90,0.329942E-02,30.0725,1188.70,270.719,0.241636,0.672196,0.256815E-01,0.714770,0.682628E-13,0.523784E-14,0.714770,2.65281,121.159,70.2279,2.05907,-9999,0.774176E-01,0.435926,8.78076,0.228910,-2.75986,0.493924E-01,0,-9999,-9999,-9999,-9999,-9999,-9999,-9999,0.685720E-02,1.01836,-4.26326,1.03683,1.26921,1.37469,1.75917,1.37469,0.285781E-01,1.37469,800000099,800001199,800000099,800000099,800100099,800100099,800100199,811100199,80000,80000,80,81,0,0,1,5,0,6,0.550136,0.314928,0.678833E-02,0.538527,0.949351E-01,22.9725,-0.362905E-02,0.175917E-02,0.285781E-01,15.8619,5.04389,249.000,56.2500,2.79145,97615.9,1.21550
CH-CHA_201201031400.csv,2012-01-03,19:00,3.7915,0,36000,36000,-0.223863E-01,1,0.239995E-02,-27.6794,0,6.06880,3.67515,1,1.31554,5.69021,0,1.16939,0.827712E-01,1,0.296283E-01,0.388619,-0.305144,-0.205252,-0.687240E-02,-0.295356E-09,-0.348337E-11,17.6400,438.748,441.030,0.150000,0,208.043,5.17452,5.20143,0.200000,0,288.870,288.396,96559.5,1.16417,1008.22,0.248724E-01,0.536358E-02,0.374893E-02,498.962,1727.16,0.322027E-02,28.8892,1228.19,270.393,0.445881,1.26016,0.550493E-01,1.33785,0.324881E-13,-0.167435E-13,1.33785,3.66727,118.766,70.5147,2.35825,-9999,0.138670,0.328287,8.18933,0.245441,-7.53151,0.170061,0,-9999,-9999,-9999,-9999,-9999,-9999,-9999,-0.219703E-01,1.01893,-26.4832,1.03941,3.15843,1.39674,5.08067,1.39674,0.711337E-01,1.39674,800000099,800001199,800000099,800000099,800000099,800000099,800100199,810100199,81100,81100,80,81,1,2,9,4,0,25,0.346531,0.283687,0.263555E-01,0.891568,0.346005E-01,37.8723,-0.225632E-01,0.508067E-02,0.711337E-01,15.9230,3.13222,249.000,56.2500,3.15305,97611.5,1.21980
CH-CHA_201201031400.csv,2012-01-03,19:30,3.8123,0,36000,36000,-0.285388,1,0.415479E-01,-106.616,1,22.4658,2.97422,1,2.70671,30.7828,1,5.73076,0.669831E-01,1,0.609585E-01,-0.461494E-01,-0.123742,0.546525,-0.278682E-02,0.899262E-09,0.102636E-10,18.0486,448.858,451.169,0.250000,0,205.995,5.12297,5.14935,9.45000,0,288.836,288.367,96559.5,1.16431,1008.19,0.248694E-01,0.434051E-02,0.371202E-02,493.999,1723.90,0.318818E-02,28.6559,1229.90,270.259,0.129956,0.205246,0.414899E-01,0.246447,0.983327E-13,0.498245E-13,0.246447,3.44563,127.698,57.6591,9.69202,-9999,0.495090,1.17693,96.7565,0.207738E-01,-35.8467,0.183455,0,55.7157,-8.45507,19.1254,47.6249,72.6310,101.866,152.614,-0.280128,1.01878,-103.936,1.02460,4.80017,1.21661,29.9501,1.21661,0.108106,1.21661,800000099,800001199,800000099,800000099,800000099,810100199,800100199,810100199,80000,80000,80,81,2,0,6,0,5,9,1.45045,0.846963,0.564481E-01,0.806085,0.617766E-01,9.94632,-0.885430E-01,0.299501E-01,0.108106,15.9821,0.774444,249.000,56.2500,3.26624,97631.1,1.22098
CH-CHA_201201031400.csv,2012-01-03,20:00,3.8332,0,36000,36000,-0.531142E-01,1,0.163913E-01,-54.5976,0,20.4412,1.90841,1,2.42411,8.66553,0,4.20172,0.430173E-01,1,0.546417E-01,1.42375,-0.161825,-0.477667,-0.364769E-02,-0.194193E-09,-0.223117E-11,17.6370,439.994,442.230,7.55000,0,202.639,5.05528,5.08097,0.250000,0,289.740,289.275,96559.5,1.16068,1008.17,0.249472E-01,0.278752E-02,0.365155E-02,487.483,1827.21,0.314604E-02,26.6791,1339.72,270.080,0.974254,0.802238,0.688521E-01,1.26392,-0.505608E-13,-0.110106E-13,1.26392,5.48946,146.738,39.4694,3.12273,-9999,0.213919,1.19214,15.2415,0.131876,-28.6090,0.218111,0,25.8094,-3.91667,8.85953,22.0615,33.6451,47.1878,70.6959,-0.523448E-01,1.01470,-52.9134,1.03047,2.55820,1.30903,8.77852,1.30903,0.576643E-01,1.30903,800000099,800001199,800000099,800000099,800000099,801100099,800100199,800100199,80000,80000,80,81,10,6,8,0,0,0,1.28574,1.02638,0.721571E-01,2.24211,0.143720,22.9052,-0.452186E-01,0.877852E-02,0.576643E-01,15.9961,0.473889,249.000,56.2500,3.29202,97641.3,1.23026
CH-CHA_201201032000.csv,2012-01-03,20:30,3.8540,0,36000,36000,-0.423345E-01,1,0.724542E-02,-63.7955,0,12.2220,3.67437,0,1.27517,9.09152,0,2.52355,0.829174E-01,0,0.287760E-01,1.83082,-0.256505E-01,-0.443777,-0.578839E-03,-0.862710E-10,-0.100803E-11,17.2357,431.726,433.915,0.300000,0,201.390,5.04450,5.07007,0.300000,0,290.914,290.449,96559.5,1.15600,1008.20,0.250483E-01,0.537305E-02,0.362905E-02,486.445,1968.59,0.313933E-02,24.7103,1482.14,270.052,1.40446,0.672260,0.584935E-01,1.55816,-0.652006E-13,-0.500536E-14,1.55816,5.60965,160.425,25.5786,2.15139,-9999,0.191368,1.06040,9.33862,0.215235,-17.3623,0.286036,0,-9999,-9999,-9999,-9999,-9999,-9999,-9999,-0.415789E-01,1.01817,-61.3180,1.03808,3.87025,1.37917,8.92131,1.37917,0.873377E-01,1.37917,800000099,800001199,800000099,800000099,800000099,800100099,800100099,800100199,80100,80100,80,80,16,7,13,0,0,2,0.829270,1.21466,0.768625E-01,1.05924,0.507463E-01,8.45537,-0.526122E-01,0.892131E-02,0.873377E-01,15.9949,0.553333,249.000,56.2500,4.68483,97601.0,1.25622
CH-CHA_201201032000.csv,2012-01-03,21:00,3.8748,0,36000,36000,-0.773934E-01,0,0.758687E-02,-94.1162,1,13.4192,8.87018,0,1.90544,13.7906,1,3.33203,0.200110,0,0.429864E-01,-0.472557,-0.348770,0.153736,-0.786818E-02,-0.150413E-09,-0.169524E-11,17.3688,434.588,436.727,0.350000,0,195.757,4.89806,4.92217,0.300000,0,290.597,290.146,96559.5,1.15727,1008.11,0.250211E-01,0.129671E-01,0.352755E-02,472.346,1931.25,0.304817E-02,24.4580,1458.90,269.658,2.28450,0.348071,0.781953E-01,2.31218,-0.359743E-12,-0.865992E-14,2.31218,6.89361,176.884,8.66309,1.93804,-9999,0.258604,1.08765,15.6205,0.128677,-10.6104,0.311953,0,30.3831,-4.61075,10.4295,25.9710,39.6074,55.5499,83.2239,-0.761665E-01,1.01611,-90.6008,1.03453,8.47226,1.32661,13.9702,1.32661,0.191133,1.32661,800000099,800000099,800000099,800000099,800000099,800100099,800100199,800100199,81100,81100,80,81,11,11,22,9,11,0,0.680030,1.42514,0.701321E-01,1.67094,0.117052,25.1326,-0.776589E-01,0.139702E-01,0.191133,16.0000,0.288889,249.000,56.2500,4.48939,97582.6,1.25045
CH-CHA_201201032000.csv,2012-01-03,21:30,3.8956,0,36000,36000,-0.100545,0,0.643607E-02,-57.3894,0,4.64310,-13.2940,1,3.48935,3.52189,0,0.650094,-0.300481,1,0.788688E-01,3.05692,0.326079,-0.867105,0.737027E-02,-0.327519E-09,-0.394282E-11,16.6060,418.340,420.457,0.350000,0,199.911,5.03617,5.06166,8.50000,0,292.583,292.116,96559.5,1.14940,1008.23,0.251921E-01,-0.194712E-01,0.360239E-02,485.643,2186.02,0.313415E-02,22.2158,1700.38,270.029,2.31585,-1.48084,0.338249E-01,2.74904,-0.230385E-12,-0.197229E-13,2.74904,6.51699,219.729,327.404,0.705000,-9999,0.295763,0.892512,38.3251,0.524460E-01,4.31694,0.167439,0,27.8240,-4.22239,9.55106,23.7835,36.2713,50.8711,76.2141,-0.992209E-01,1.01334,-56.4131,1.02929,-9.24511,1.26854,5.09455,1.26854,-0.208965,1.26854,800000099,800000099,800000099,800000099,800001099,800101099,800000199,800000199,80000,80000,80,81,18,12,10,6,7,2,0.590231,1.08049,0.114305,0.284875,0.557569E-02,45.0525,-0.486798E-01,0.509455E-02,-0.208965,16.0000,0.324444,249.000,56.2500,6.92275,97504.8,1.29833
CH-CHA_201201032000.csv,2012-01-03,22:00,3.9165,0,36000,36000,-0.432094E-01,1,0.668207E-02,-56.2496,0,3.32788,15.4833,1,1.94335,3.17008,0,0.347138,0.350027,1,0.439328E-01,0.284485,-1.06018,0.281601E-02,-0.239672E-01,-0.659319E-09,-0.722814E-11,16.6000,418.393,420.321,0.350000,0,181.987,4.58685,4.60799,0.350000,0,292.725,292.300,96559.5,1.14887,1007.99,0.252043E-01,0.226817E-01,0.327940E-02,442.378,2211.20,0.285445E-02,20.0063,1768.82,268.784,3.67677,-1.42190,0.529564E-01,3.94249,0.808982E-13,-0.397179E-13,3.94249,8.33902,208.857,338.857,0.769632,-9999,0.193934,0.928754,11.0229,0.182348,-3.63292,0.250459,0,-9999,-9999,-9999,-9999,-9999,-9999,-9999,-0.422033E-01,1.02384,-52.8823,1.05084,11.7908,1.42060,4.07031,1.42060,0.266552,1.42060,800000099,800000099,800000099,800000099,800000099,800000099,800000199,800000199,80000,80000,80,81,2,11,4,4,1,5,1.17652,0.537966,0.143023,0.182814,0.260914E-02,55.3046,-0.456647E-01,0.407031E-02,0.266552,15.9907,0.699444,249.000,56.2500,7.80276,97448.6,1.30443
CH-CHA_201201032000.csv,2012-01-03,22:30,3.9373,0,36000,36000,-0.464875E-01,1,0.820854E-02,-58.1631,0,4.03335,36.1864,0,2.30713,3.34706,0,0.551989,0.818460,0,0.521824E-01,0.790297,-0.917976,0.186576E-01,-0.207627E-01,0.688964E-10,0.690536E-12,16.5870,418.743,420.508,0.350000,0,166.249,4.19698,4.21467,0.350000,0,293.200,292.810,96559.5,1.14704,1007.80,0.252452E-01,0.530362E-01,0.299580E-02,404.828,2282.57,0.261177E-02,17.7356,1877.75,267.613,2.49005,-1.40981,0.235008E-01,2.86155,-0.187420E-12,0.415363E-14,2.86155,7.60019,218.788,330.482,0.470554,-9999,0.201316,1.16249,11.9240,0.168567,-1.60732,0.249929,0,19.2895,-2.92726,6.62147,16.4884,25.1459,35.2674,52.8370,-0.456090E-01,1.01926,-54.2620,1.04124,27.1870,1.37190,4.26777,1.37190,0.614912,1.37190,800000099,800000099,800000099,800000099,800000099,800000099,800000199,800000199,81100,81100,80,81,2,27,7,10,0,20,1.39154,0.801106,0.132336,0.150858,0.396928E-02,31.8195,-0.469403E-01,0.426777E-02,0.614912,16.0000,0.295556,249.000,56.2500,8.94480,97386.4,1.32220
CH-CHA_201201032000.csv,2012-01-03,23:00,3.9581,0,36000,36000,-0.637946E-01,1,0.922160E-02,-41.3218,0,3.09763,27.7372,0,2.76289,2.57916,0,0.342458,0.627369,0,0.624920E-01,0.303603E-01,0.696806,-0.498375E-01,0.157606E-01,0.825013E-10,0.887195E-12,16.5473,417.807,419.693,0.400000,0,177.945,4.49298,4.51325,0.400000,0,293.248,292.830,96559.5,1.14683,1007.96,0.252493E-01,0.406535E-01,0.320656E-02,433.337,2285.34,0.279601E-02,18.9616,1852.01,268.511,1.54521,-2.16364,-0.351944E-01,2.65899,-0.235297E-12,0.498579E-14,2.65899,6.81631,240.595,305.533,-0.758389,-9999,0.235853,0.901928,26.9898,0.744725E-01,-1.48976,0.151564,0,23.6763,-3.59296,8.12729,20.2381,30.8644,43.2878,64.8529,-0.629048E-01,1.01415,-38.7740,1.03084,22.2444,1.28451,3.37666,1.28451,0.503131,1.28451,800000099,800000099,800000099,800000099,800000099,800000099,800000199,800000199,80000,80000,80,81,14,2,5,1,3,9,1.13587,0.559162,0.108824,0.147870,0.220217E-02,70.7807,-0.335427E-01,0.337666E-02,0.503131,16.0000,0.361111,249.000,56.2500,9.71132,97378.8,1.32784
CH-CHA_201201032000.csv,2012-01-03,23:30,3.9790,0,36000,36000,-0.118601,0,0.113619E-01,-57.0295,0,4.19489,33.6734,0,1.89036,3.56758,0,0.489748,0.760939,0,0.427176E-01,-1.47157,0.639433,0.642920E-01,0.144497E-01,0.178420E-09,0.202836E-11,16.6474,419.011,421.016,0.400000,0,189.255,4.76349,4.78629,0.400000,0,292.324,291.882,96559.5,1.15044,1008.08,0.251697E-01,0.493089E-01,0.341037E-02,459.388,2154.31,0.296440E-02,21.3242,1694.92,269.286,1.96955,-3.19804,-0.349762E-01,3.75603,0.278706E-12,0.107176E-13,3.75603,7.97223,243.838,301.627,-0.533547,-9999,0.321079,1.49560,49.3396,0.407380E-01,-1.69361,0.153155,0,24.7066,-3.74932,8.48098,21.1188,32.2076,45.1716,67.6752,-0.116888,1.01465,-53.6276,1.03277,27.3446,1.27719,4.73996,1.27719,0.617923,1.27719,800000099,800000099,800000099,800000099,800000099,800000099,800000199,800000199,80100,80100,80,80,29,9,6,4,7,7,1.34421,1.46569,0.181307,0.159981,0.252638E-02,26.9671,-0.462413E-01,0.473996E-02,0.617923,15.9981,0.366667,249.000,56.2500,9.36359,97309.0,1.31316
CH-CHA_201201032000.csv,2012-01-04,00:00,4.0000,0,36000,36000,-0.917539E-01,1,0.981389E-02,-51.5862,0,3.08253,33.0350,0,1.78173,3.21951,0,0.319063,0.746215,0,0.402468E-01,-0.645337,-0.556167E-02,0.190445E-01,-0.125630E-03,-0.394661E-10,-0.448065E-12,16.6853,419.367,421.373,0.400000,0,189.431,4.76114,4.78392,0.400000,0,291.908,291.467,96559.5,1.15208,1008.07,0.251339E-01,0.483547E-01,0.341354E-02,459.162,2099.03,0.296294E-02,21.8749,1639.87,269.280,1.97053,-2.96989,-0.431304E-01,3.56442,0.199122E-12,-0.236532E-14,3.56442,8.70430,243.001,303.564,-0.693310,-9999,0.282209,1.25152,37.0371,0.542699E-01,-1.56156,0.157395,0,23.7172,-3.59918,8.14135,20.2731,30.9178,43.3626,64.9651,-0.903950E-01,1.01503,-48.3711,1.03338,26.5547,1.28625,4.23693,1.28625,0.599833,1.28625,800000099,800001199,800000099,800000099,800000099,800000099,800000199,800000199,81100,81100,80,80,28,17,5,5,8,5,1.23957,1.10833,0.155134,0.113259,0.140695E-02,25.1654,-0.416499E-01,0.423693E-02,0.599833,15.9953,0.451667,249.000,56.2500,8.72060,97297.1,1.30242
CH-CHA_201201032000.csv,2012-01-04,00:30,4.0208,0,36000,36000,-0.718312E-01,0,0.666060E-02,-30.1133,0,2.47932,16.2070,0,1.40320,1.95124,0,0.323399,0.366063,0,0.316936E-01,-0.139411,0.121130,0.448938E-01,0.273592E-02,0.232925E-10,0.266750E-12,16.7235,420.206,422.238,0.400000,0,191.521,4.81228,4.83555,0.400000,0,291.823,291.378,96559.5,1.15241,1008.09,0.251266E-01,0.237209E-01,0.345121E-02,464.086,2087.26,0.299477E-02,22.2342,1623.17,269.422,1.92755,-1.25614,-0.166736E-02,2.30072,-0.161078E-12,0.139280E-14,2.30072,5.95645,219.126,326.909,-0.415229E-01,-9999,0.249662,0.829404,43.9299,0.457548E-01,-1.85804,0.103824,0,26.1385,-3.96662,8.97252,22.3428,34.0742,47.7896,71.5975,-0.709679E-01,1.01216,-28.5577,1.02643,13.4887,1.25168,2.62475,1.25168,0.304663,1.25168,800000099,800000099,800000099,800000099,800000099,800000099,800000199,800000199,80100,80100,80,81,3,14,3,9,7,13,0.552483,1.01110,0.952197E-01,0.923981E-01,0.182244E-02,17.5777,-0.245819E-01,0.262475E-02,0.304663,15.9981,0.333333,249.000,56.2500,8.47759,97264.6,1.29808
CH-CHA_201201032000.csv,2012-01-04,01:00,4.0416,0,36000,36000,-0.284285E-01,1,0.176453E-02,-25.0944,1,4.24214,14.8428,1,2.21170,4.22088,1,1.16927,0.334986,1,0.499156E-01,-1.27424,0.740250,0.274799,0.167066E-01,-0.984678E-10,-0.118618E-11,16.9733,425.328,427.518,0.200000,0,204.467,5.12366,5.15005,0.250000,0,291.033,290.561,96559.5,1.15552,1008.24,0.250586E-01,0.217071E-01,0.368449E-02,494.066,1982.58,0.318861E-02,24.9203,1488.52,270.260,1.07279,0.709775,0.584185E-01,1.28766,-0.157675E-12,-0.580134E-14,1.28766,5.14418,149.685,33.4893,2.60028,-9999,0.156852,0.526001,13.0726,0.153757,-1.69067,0.137325,0,-9999,-9999,-9999,-9999,-9999,-9999,-9999,-0.279979E-01,1.01538,-23.6460,1.03195,11.6647,1.32353,4.03229,1.32353,0.263258,1.32353,800000099,800001199,800000099,800000099,800000099,801100099,801100199,811110199,81100,81100,80,81,3,0,6,0,0,0,0.244496,0.782640,0.248662E-01,0.312916,0.300232E-01,57.9175,-0.202963E-01,0.403229E-02,0.263258,16.0000,0.331111,249.000,56.2500,7.98123,97203.1,1.28640
CH-CHA_201201032000.csv,2012-01-04,01:30,4.0624,0,36000,36000,-0.250934E-01,1,0.420921E-02,-21.9002,0,3.00828,12.3201,0,1.24063,2.59755,0,0.961986,0.278064,0,0.280009E-01,0.787719E-01,0.237108,0.168062E-02,0.535152E-02,0.119993E-10,0.147352E-12,16.9710,425.359,427.592,0.350000,0,208.405,5.22343,5.25086,0.350000,0,291.093,290.611,96559.5,1.15527,1008.30,0.250638E-01,0.180185E-01,0.375547E-02,503.671,1988.92,0.325072E-02,25.3239,1485.24,270.519,1.73048,-0.112558,0.500115E-01,1.73485,-0.676305E-13,0.707046E-15,1.73485,4.09542,186.828,356.278,1.65192,-9999,0.147380,0.455720,12.4264,0.161752,-1.77760,0.127567,0,-9999,-9999,-9999,-9999,-9999,-9999,-9999,-0.246930E-01,1.01622,-20.6242,1.03425,9.60612,1.33802,2.67362,1.33802,0.216810,1.33802,800000099,800000099,800000099,800000099,800000099,800000099,800000199,800100199,80100,81100,80,81,4,3,7,12,13,19,0.468351,0.405416,0.376731E-01,0.220859,0.309661E-01,25.7818,-0.177054E-01,0.267362E-02,0.216810,16.0000,0.345556,249.000,56.2500,7.54922,97161.6,1.28073
CH-CHA_201201032000.csv,2012-01-04,02:00,4.0833,0,36000,36000,-0.602761E-01,1,0.937435E-02,-5.21983,1,3.64673,3.63493,1,2.94737,2.94983,1,2.14807,0.819919E-01,1,0.664829E-01,-0.955769,0.634413,0.264884,0.143102E-01,0.148744E-09,0.189770E-11,17.2024,430.287,432.662,0.150000,0,219.471,5.48967,5.51997,0.150000,0,290.505,290.000,96559.5,1.15759,1008.43,0.250132E-01,0.531308E-02,0.395487E-02,529.298,1913.39,0.341646E-02,27.6629,1384.09,271.190,-0.156444,0.247591,0.473299E-01,0.296675,0.396809E-12,0.864668E-14,0.296675,2.82053,53.9585,122.287,9.17986,-9999,0.228189,0.679409,193.518,0.103867E-01,-1.43602,0.195958E-01,0,44.7261,-6.78735,15.3530,38.2312,58.3050,81.7735,122.512,-0.592704E-01,1.01697,-4.92186,1.02291,3.12252,1.20577,2.63720,1.20577,0.704336E-01,1.20577,800000099,800000099,800000099,800000099,800000099,800000199,800110199,801110199,80000,80000,80,81,0,0,3,1,8,1,0.383775,0.954275,0.207689E-01,0.247878,0.531486E-01,55.1240,-0.421628E-02,0.263720E-02,0.704336E-01,16.0000,0.371111,249.000,56.2500,7.45328,97103.2,1.27591
CH-CHA_201201040200.csv,2012-01-04,02:30,4.1041,0,36000,36000,-0.241628E-01,1,0.384174E-02,-4.45287,1,1.77589,-1.24283,1,1.22633,1.00304,1,0.885622,-0.280096E-01,1,0.276378E-01,-1.41998,0.732792,0.665950,0.165149E-01,0.946153E-10,0.123891E-11,17.7500,442.639,445.220,2.50000,0,232.421,5.79600,5.82979,10.0000,0,289.626,289.094,96559.5,1.16108,1008.57,0.249375E-01,-0.181502E-02,0.418823E-02,558.779,1806.15,0.360717E-02,30.9376,1247.37,271.926,-0.318862,0.168260,0.284531E-01,0.361654,-0.288154E-13,0.533045E-14,0.361654,1.72200,46.6777,152.180,4.51239,-9999,0.144258,0.384306,57.3178,0.350676E-01,3.58285,0.263590E-01,0,-9999,-9999,-9999,-9999,-9999,-9999,-9999,-0.237931E-01,1.01554,-4.41083,1.02401,-0.896656,1.22677,1.01803,1.22677,-0.202079E-01,1.22677,800000099,800000099,800000099,800000099,800000099,800000199,810110199,810110199,81100,81100,80,81,0,0,8,16,2,41,0.278304,0.483495,0.681345E-02,0.123834,0.770253E-01,26.4744,-0.376660E-02,0.101803E-02,-0.202079E-01,15.9961,0.353333,249.000,56.2500,6.60928,97093.8,1.25632
CH-CHA_201201040200.csv,2012-01-04,03:00,4.1249,0,36000,36000,-0.107240E-01,2,0.129713E-02,-4.87631,1,1.32732,1.93165,1,0.692507,2.58096,1,0.808832,0.435330E-01,1,0.156069E-01,-0.188701E-01,-0.343604,-0.488586E-01,-0.774372E-02,-0.180711E-10,-0.231236E-12,17.7152,441.733,444.244,0.250000,0,226.682,5.65237,5.68451,0.250000,0,289.601,289.082,96559.5,1.16120,1008.49,0.249353E-01,0.282094E-02,0.408480E-02,544.958,1804.77,0.351776E-02,30.1955,1259.81,271.585,0.911198,0.115549,0.249108E-01,0.918833,-0.112667E-13,-0.102009E-14,0.918833,3.06804,185.978,7.22709,1.55356,-9999,0.961006E-01,0.464191,15.4733,0.129901,-2.52443,0.433298E-01,0,-9999,-9999,-9999,-9999,-9999,-9999,-9999,-0.105690E-01,1.01467,-4.64869,1.02955,1.58676,1.30179,2.16390,1.30179,0.357605E-01,1.30179,800000099,800001199,800000099,800000099,800000099,800100099,811100199,811110199,81100,81100,80,81,0,0,4,0,0,0,0.559940,0.361306,0.713555E-02,0.112674,0.440795E-01,20.5691,-0.396965E-02,0.216390E-02,0.357605E-01,15.9973,0.386667,249.000,56.2500,6.25288,97028.1,1.25305
CH-CHA_201201040200.csv,2012-01-04,03:30,4.1458,0,36000,36000,-0.995602E-02,2,0.266727E-02,-4.62657,1,0.825156,17.2806,2,8.13666,-3.77086,2,2.31798,0.389425,2,0.183362,-0.996391E-01,-1.12458,0.448933,-0.253428E-01,0.171515E-09,0.197503E-11,18.0556,450.056,452.401,9.80000,0,207.915,5.18252,5.20952,9.80000,0,289.494,289.019,96559.5,1.16166,1008.24,0.249261E-01,0.252347E-01,0.374663E-02,499.732,1797.47,0.322525E-02,27.8020,1297.73,270.414,-0.806717,-0.213083,0.362650E-01,0.835172,0.460112E-13,0.949923E-14,0.835172,2.43842,356.711,194.796,2.48869,-9999,0.925772E-01,0.333436,14.5786,0.137874,-0.267732,0.426692E-01,0,-9999,-9999,-9999,-9999,-9999,-9999,-9999,-0.981554E-02,1.01431,-3.69321,1.02842,13.4259,1.28984,-2.86788,1.28984,0.302558,1.28984,800000099,800001099,800000099,800000099,800000099,800100099,810110199,811110199,81000,81000,80,81,0,0,4,0,65,13,0.428173,0.234296,0.440356E-02,0.556443E-01,0.418665,2541.23,-0.315329E-02,-0.286788E-02,0.302558,16.0000,0.380000,249.133,57.0814,6.35057,97000.0,1.25476
CH-CHA_201201040200.csv,2012-01-04,04:00,4.1666,0,36000,36000,0.548234E-02,1,0.113546E-02,0.758216,2,1.03265,-9999,-9999,-9999,-16.5049,1,5.37508,-9999,-9999,-9999,-0.157023,-9999,6.63319,-9999,-0.715780E-10,-9999,23.0254,572.792,572.792,4.65000,0,-9999,-9999,-9999,-9999,0,288.918,288.918,96559.5,1.16433,1005.45,0.248765E-01,-9999,-9999,-9999,1786.07,-9999,-9999,-9999,-9999,0.338953,0.431680,0.159792E-01,0.549083,-0.764669E-13,-0.310866E-14,0.549083,1.42446,135.101,51.8611,1.66763,-9999,0.686190E-01,0.146395,-36.1950,-0.555325E-01,-9999,-0.943867E-02,0,-9999,-9999,-9999,-9999,-9999,-9999,-9999,0.538619E-02,1.01785,0.741197,1.02296,-9999,-9999,-14.0975,1.17443,-9999,-9999,800000099,800100199,800000099,800000199,800001099,800001199,810110199,811110199,81000,81000,80,81,0,0,3,10,14,1,0.108573,0.181963,0.225356E-02,0.979130E-01,3.63521,-9999,0.633135E-03,-0.140975E-01,-9999,15.9981,0.405000,251.240,70.2514,6.57007,96990.0,1.25186
CH-CHA_201201040200.csv,2012-01-04,04:30,4.1874,0,36000,36000,0.879070E-03,2,0.137635E-02,-1.06329,1,2.38865,-9999,-9999,-9999,-23.5133,1,14.4676,-9999,-9999,-9999,-2.76565,-9999,-0.176771,-9999,0.929071E-10,-9999,23.0345,569.541,569.541,10.0000,0,-9999,-9999,-9999,-9999,0,287.165,287.165,96559.5,1.17144,1005.41,0.247255E-01,-9999,-9999,-9999,1595.22,-9999,-9999,-9999,-9999,0.561455,0.380317,0.221874E-01,0.678502,0.157358E-12,0.403338E-14,0.678502,1.91233,149.636,34.1128,1.87394,-9999,0.273937E-01,0.224222,1.64207,1.22406,-9999,0.329561E-01,0,-9999,-9999,-9999,-9999,-9999,-9999,-9999,0.838574E-03,1.04829,-0.968874,1.09745,-9999,-9999,-11.7523,1.99457,-9999,-9999,800000099,800001199,800000099,800001199,800001199,800011199,811110199,811110199,81000,81000,80,81,4,1,4,5,8,1,0.120770,0.324565,0.310856E-02,0.729681,25.0461,-9999,-0.822625E-03,-0.117523E-01,-9999,16.0000,0.328889,254.296,89.3472,6.41852,96977.6,1.24558
CH-CHA_201201040200.csv,2012-01-04,05:00,4.2083,0,36000,36000,-0.644245E-02,1,0.131830E-02,-1.55755,1,0.538648,-9999,-9999,-9999,48.6807,1,14.4746,-9999,-9999,-9999,-2.40028,-9999,-1.55941,-9999,0.471155E-10,-9999,21.9967,541.013,541.013,9.90000,0,-9999,-9999,-9999,-9999,0,285.650,285.650,96559.5,1.17765,1005.38,0.245952E-01,-9999,-9999,-9999,1445.11,-9999,-9999,-9999,-9999,0.412526,0.538621,0.217203E-01,0.678794,-0.119514E-12,0.214193E-14,0.678794,1.61666,127.690,52.5518,1.83368,-9999,0.739634E-01,0.134759,22.0641,0.910981E-01,-9999,0.177860E-01,0,-9999,-9999,-9999,-9999,-9999,-9999,-9999,-0.635322E-02,1.01405,-1.51684,1.02683,-9999,-9999,38.3636,1.27157,-9999,-9999,800000099,800001199,800000099,800001199,800001199,800001199,811110199,811110199,81100,81100,80,81,0,0,1,13,3,4,0.113981,0.149849,0.568778E-02,0.236600E-01,18.2536,-9999,-0.128113E-02,0.383636E-01,-9999,15.9977,0.332222,255.000,93.7500,6.22961,96977.8,1.24260
CH-CHA_201201040200.csv,2012-01-04,05:30,4.2291,0,36000,36000,-0.449054E-02,1,0.933885E-03,-1.44458,0,0.339376,-9999,-9999,-9999,5.66506,1,9.98126,-9999,-9999,-9999,-0.618534,-9999,6.37832,-9999,-0.378378E-10,-9999,26.7710,657.538,657.538,6.65000,0,-9999,-9999,-9999,-9999,0,285.261,285.261,96559.5,1.17926,1005.37,0.245616E-01,-9999,-9999,-9999,1408.55,-9999,-9999,-9999,-9999,0.899707,0.552179,0.260656E-01,1.05596,-0.201796E-13,-0.141339E-14,1.05596,2.25550,155.363,31.5388,1.41444,-9999,0.617084E-01,0.119672,13.8154,0.145490,-9999,0.197453E-01,0,-9999,-9999,-9999,-9999,-9999,-9999,-9999,-0.442327E-02,1.01521,-1.40097,1.03113,-9999,-9999,4.38669,1.31749,-9999,-9999,800000099,800000199,800000099,800001199,800001199,800001199,810110199,811110199,81000,81000,80,80,0,0,0,3,5,7,0.158893,0.705619E-01,0.988971E-02,0.107500E-01,9.23868,-9999,-0.118166E-02,0.438669E-02,-9999,16.0000,0.290000,255.000,93.7500,6.16445,96938.6,1.24356
CH-CHA_201201040200.csv,2012-01-04,06:00,4.2499,0,36000,36000,-0.214670,1,0.212950E-01,1.42352,2,1.91575,-9999,-9999,-9999,95.6492,1,26.9340,-9999,-9999,-9999,0.663271E-01,-9999,1.25119,-9999,0.136362E-08,-9999,27.6977,680.400,680.400,6.80000,0,-9999,-9999,-9999,-9999,0,285.302,285.302,96559.5,1.17909,1005.37,0.245652E-01,-9999,-9999,-9999,1412.43,-9999,-9999,-9999,-9999,0.196001,0.405636,0.539208E-01,0.453722,0.799997E-12,0.492323E-13,0.453722,2.96164,116.226,64.2104,6.82522,-9999,0.426690,1.14054,-4634.98,-0.433659E-03,-9999,-0.281435E-02,0,61.1228,-9.27562,20.9815,52.2468,79.6797,111.752,167.425,-0.210419,1.02020,1.38955,1.02445,-9999,-9999,81.1986,1.17653,-9999,-9999,800000099,800000199,800000099,800001199,800001199,800001199,800110199,810110199,80000,80000,80,81,0,1,3,25,14,0,0.892137,1.35568,0.332615E-01,0.283846E-01,3.32108,-9999,0.117220E-02,0.811986E-01,-9999,16.0000,0.247778,255.000,93.7500,6.24869,96964.4,1.24823
CH-CHA_201201040200.csv,2012-01-04,06:30,4.2707,0,36000,36000,-0.451877,2,0.789521E-01,-105.314,1,19.4072,-9999,-9999,-9999,57.2351,2,31.2546,-9999,-9999,-9999,2.29214,-9999,-4.36706,-9999,-0.117003E-09,-9999,24.3093,600.200,600.200,9.05000,0,-9999,-9999,-9999,-9999,0,286.754,286.754,96559.5,1.17312,1005.40,0.246902E-01,-9999,-9999,-9999,1553.22,-9999,-9999,-9999,-9999,-1.98634,-3.50053,0.139275,4.02724,0.287914E-12,-0.481309E-14,4.02724,14.4997,305.790,240.428,1.98187,-9999,0.620638,7.94142,192.804,0.104251E-01,-9999,0.143869,0,38.0533,-5.77473,13.0625,32.5274,49.6063,69.5735,104.234,-0.445961,1.01327,-102.221,1.03026,-9999,-9999,51.7825,1.25148,-9999,-9999,800000099,800001199,800000099,800001199,800001199,800101199,800000199,801110199,81100,81100,80,81,9,4,8,58,37,19,13.9278,1.72491,0.230103,0.831409,16.0619,-9999,-0.866677E-01,0.517825E-01,-9999,16.0000,0.267778,254.903,93.1420,6.87367,97093.2,1.26464
CH-CHA_201201040200.csv,2012-01-04,07:00,4.2916,0,36000,36000,-0.217969,1,0.154217E-01,-44.9325,0,2.73129,-9999,-9999,-9999,11.5874,2,35.7152,-9999,-9999,-9999,-0.611532,-9999,-1.05905,-9999,-0.297353E-10,-9999,23.5544,580.777,580.777,3.30000,0,-9999,-9999,-9999,-9999,0,286.367,286.367,96559.5,1.17471,1005.39,0.246569E-01,-9999,-9999,-9999,1514.56,-9999,-9999,-9999,-9999,-2.24296,-5.01885,0.981301E-01,5.49813,-0.125215E-12,-0.126241E-14,5.49813,12.5815,301.669,245.920,1.02267,-9999,0.430757,2.12355,151.085,0.133038E-01,-9999,0.883209E-01,0,28.3348,-4.29991,9.72642,24.2201,36.9373,51.8050,77.6134,-0.214410,1.01660,-43.2836,1.03810,-9999,-9999,11.4330,1.28721,-9999,-9999,800000099,800001199,800000099,800001199,800001199,800001199,800000199,800000199,81000,81000,80,80,17,8,6,65,39,9,2.28594,1.72948,0.231681,0.713309E-01,10.6701,-9999,-0.366487E-01,0.114330E-01,-9999,15.9977,0.420000,254.298,89.3656,6.50603,97216.5,1.25524
CH-CHA_201201040200.csv,2012-01-04,07:30,4.3124,0,36000,36000,-0.915905E-01,1,0.101748E-01,-24.9449,0,2.33499,-9999,-9999,-9999,-67.4864,1,35.4430,-9999,-9999,-9999,-0.322277,-9999,0.840980,-9999,0.371955E-10,-9999,24.1967,596.190,596.190,6.40000,0,-9999,-9999,-9999,-9999,0,286.164,286.164,96559.5,1.17554,1005.39,0.246394E-01,-9999,-9999,-9999,1494.53,-9999,-9999,-9999,-9999,-0.502031,-2.79800,0.275299E-01,2.84282,-0.713228E-12,0.153722E-14,2.84282,8.42233,284.253,259.828,0.554861,-9999,0.279130,1.42084,74.0487,0.271443E-01,-9999,0.756144E-01,0,26.4114,-4.00804,9.06619,22.5761,34.4300,48.2885,72.3450,-0.904928E-01,1.01213,-24.2917,1.02689,-9999,-9999,-52.7653,1.24517,-9999,-9999,800000099,800000199,800000099,800001199,800001199,800101199,800000199,800010199,81000,81000,80,81,10,31,13,0,25,2,1.36472,1.36099,0.115973,0.733539E-01,10.1562,-9999,-0.205535E-01,-0.527653E-01,-9999,15.9981,0.354444,254.551,90.9456,6.41056,97336.2,1.25590
CH-CHA_201201040200.csv,2012-01-04,08:00,4.3332,0,35999,35999,-0.634692E-01,0,0.803549E-02,-15.3152,0,1.98382,-9999,-9999,-9999,-48.2915,1,27.8079,-9999,-9999,-9999,-0.663156,-9999,-0.879733,-9999,-0.256165E-09,-9999,23.5777,580.091,580.091,8.05000,0,-9999,-9999,-9999,-9999,0,285.745,285.745,96559.5,1.17726,1005.38,0.246033E-01,-9999,-9999,-9999,1454.12,-9999,-9999,-9999,-9999,1.83964,-1.29754,0.239989E-01,2.25132,0.288968E-12,-0.108647E-13,2.25132,6.53052,222.189,324.804,0.610779,-9999,0.232191,0.919657,69.4210,0.289538E-01,-9999,0.557280E-01,0,26.5211,-4.02468,9.10383,22.6698,34.5729,48.4890,72.6454,-0.627566E-01,1.01135,-14.9463,1.02468,-9999,-9999,-38.2015,1.23618,-9999,-9999,800000099,800000199,800000099,800001199,800001199,800001199,800000199,800010199,80100,80100,80,81,24,9,9,0,10,8,0.638711,1.12118,0.794211E-01,0.720728E-01,7.23446,-9999,-0.126279E-01,-0.382015E-01,-9999,15.9973,0.240007,254.239,88.9950,6.35692,97426.3,1.25225
CH-CHA_201201040800.csv,2012-01-04,08:30,4.3541,1,36000,36000,-0.748635E-01,0,0.815154E-02,-23.8336,0,4.07719,-9999,-9999,-9999,36.0653,1,37.5653,-9999,-9999,-9999,-0.994268,-9999,0.442021,-9999,-0.303418E-10,-9999,23.9583,588.162,588.162,5.90000,0,-9999,-9999,-9999,-9999,0,285.119,285.119,96559.5,1.17985,1005.37,0.245494E-01,-9999,-9999,-9999,1395.46,-9999,-9999,-9999,-9999,2.93198,-0.536920,0.761043E-01,2.98171,0.184894E-12,-0.126644E-14,2.98171,7.16920,197.125,349.623,1.46256,-9999,0.251896,0.732811,56.9571,0.352897E-01,-9999,0.797660E-01,0,25.9729,-3.94149,8.91567,22.2013,33.8583,47.4868,71.1439,-0.739159E-01,1.01282,-23.1748,1.02843,-9999,-9999,30.0573,1.25606,-9999,-9999,800000099,800000199,800000099,800001199,800001199,800101199,800010199,800010199,80000,80100,80,81,5,5,4,0,18,4,0.680017,0.687120,0.984841E-01,0.141808,14.3187,-9999,-0.195373E-01,0.300573E-01,-9999,15.9953,0.352222,253.895,86.8441,6.28365,97495.6,1.25314
CH-CHA_201201040800.csv,2012-01-04,09:00,4.3749,1,36000,36000,-0.323189E-01,0,0.446470E-02,-11.9626,0,1.29487,-9999,-9999,-9999,-6.15446,2,21.3061,-9999,-9999,-9999,0.506170,-9999,-0.831425,-9999,0.668125E-10,-9999,23.3131,572.963,572.963,9.70000,0,-9999,-9999,-9999,-9999,0,285.438,285.438,96559.5,1.17853,1005.37,0.245769E-01,-9999,-9999,-9999,1425.09,-9999,-9999,-9999,-9999,1.83763,-0.959414,0.151094E-01,2.07306,0.490205E-13,0.286588E-14,2.07306,4.64983,215.589,332.431,0.417602,-9999,0.165599,0.319448,32.2421,0.623408E-01,-9999,0.609676E-01,0,-9999,-9999,-9999,-9999,-9999,-9999,-9999,-0.319144E-01,1.01267,-11.6451,1.02726,-9999,-9999,-4.21687,1.26394,-9999,-9999,800000099,800000199,800000099,800001199,800001099,800001099,800010199,800110199,81000,81100,80,80,9,7,9,8,9,10,0.374818,0.200913,0.631646E-01,0.271478E-01,9.77591,-9999,-0.982824E-02,-0.421687E-02,-9999,15.9949,0.466667,253.680,85.4977,6.52453,97588.3,1.25729
CH-CHA_201201040800.csv,2012-01-04,09:30,4.3957,1,36000,36000,-0.427319E-01,0,0.425708E-02,-18.2227,0,2.48714,-9999,-9999,-9999,-5.91123,2,10.8387,-9999,-9999,-9999,0.564582,-9999,-2.41447,-9999,-0.201760E-10,-9999,21.4881,528.771,528.771,9.55000,0,-9999,-9999,-9999,-9999,0,285.794,285.794,96559.5,1.17706,1005.38,0.246076E-01,-9999,-9999,-9999,1458.84,-9999,-9999,-9999,-9999,2.42416,-1.20197,0.191014E-01,2.70585,0.384277E-13,-0.938939E-15,2.70585,5.79828,214.079,333.626,0.404471,-9999,0.190536,0.462834,32.2400,0.623448E-01,-9999,0.808178E-01,0,-9999,-9999,-9999,-9999,-9999,-9999,-9999,-0.421524E-01,1.01375,-17.6907,1.03007,-9999,-9999,-3.72372,1.27653,-9999,-9999,800000099,800000199,800000099,800000199,800000199,800001199,800010199,800010199,81100,81100,80,80,9,8,0,1,0,24,0.479967,0.356775,0.889276E-01,0.802613E-01,1.06809,-9999,-0.149491E-01,-0.372372E-02,-9999,16.0000,0.347778,254.475,90.4700,6.56370,97644.4,1.26066
CH-CHA_201201040800.csv,2012-01-04,10:00,4.4165,1,36000,36000,-0.128467,0,0.884145E-02,-22.8774,0,2.83754,-9999,-9999,-9999,64.5100,2,52.0298,-9999,-9999,-9999,-0.751243,-9999,5.26669,-9999,-0.250035E-09,-9999,25.4412,625.008,625.008,8.25000,0,-9999,-9999,-9999,-9999,0,285.321,285.321,96559.5,1.17901,1005.37,0.245668E-01,-9999,-9999,-9999,1414.16,-9999,-9999,-9999,-9999,2.58431,-2.22217,0.127940E-01,3.40835,0.406142E-12,-0.982797E-14,3.40835,8.22849,227.062,319.309,0.215074,-9999,0.330093,1.54438,133.529,0.150529E-01,-9999,0.584691E-01,0,25.6614,-3.89422,8.80874,21.9350,33.4523,46.9173,70.2907,-0.126892,1.01241,-22.2546,1.02799,-9999,-9999,53.2460,1.24387,-9999,-9999,800000099,800000199,800000099,800001199,800001199,800001199,800010199,800010199,80100,80100,80,81,10,7,2,7,12,2,0.858587,2.05587,0.174299,0.566560E-01,16.4186,-9999,-0.187748E-01,0.532460E-01,-9999,15.9961,0.358333,254.429,90.1783,6.60718,97703.5,1.25967
CH-CHA_201201040800.csv,2012-01-04,10:30,4.4374,1,36000,36000,-0.156185,0,0.142219E-01,-34.2098,0,5.00134,104.114,1,48.0242,-48.6037,2,24.6190,2.33771,1,1.07831,-0.145419,-9999,-9.83772,-9999,-0.167508E-09,-0.150580E-11,18.0997,445.075,446.863,-1.00000,0,162.706,4.00096,4.01703,-0.450000,0,285.592,285.230,96559.5,1.17761,1007.51,0.245901E-01,0.151484,0.293196E-02,385.943,1405.62,0.248975E-02,27.4572,1019.67,266.987,2.68844,-2.43515,-0.265261E-01,3.62745,-0.930353E-14,-0.925472E-14,3.62745,9.67291,229.506,317.830,-0.418985,-9999,0.364182,1.58537,119.991,0.167512E-01,-0.328582,0.791733E-01,0,24.8800,-3.77563,8.54048,21.2670,32.4335,45.4885,68.1500,-0.154217,1.01276,-28.3145,1.02889,83.7160,1.24743,-38.3294,1.24743,1.87971,1.24743,800000099,800000099,800000099,800000199,800000099,800101199,800010199,800010199,80100,80100,80,80,19,22,7,2,37,23,1.55334,1.38819,0.229213,0.150748,3.18425,6152.26,-0.238647E-01,-0.383294E-01,1.87971,16.0000,0.294444,253.940,87.1231,6.50006,97700.4,1.26142
CH-CHA_201201040800.csv,2012-01-04,11:00,4.4582,1,36000,36000,-0.107333,0,0.143727E-01,-15.5159,0,2.59542,-48.3368,2,25.4008,5.69118,1,2.99453,-1.08554,2,0.570444,0.316133,0.470717,-1.35002,0.105712E-01,-0.390510E-10,-0.389657E-12,17.0819,420.364,422.134,0.350000,0,170.445,4.19445,4.21212,9.15000,0,285.809,285.429,96559.5,1.17670,1007.62,0.246088E-01,-0.703428E-01,0.307142E-02,404.584,1424.16,0.261019E-02,28.4086,1019.58,267.605,2.20354,-1.15138,0.112351E-01,2.48624,0.432549E-12,-0.228611E-14,2.48624,7.34317,209.729,332.412,0.258917,-9999,0.302017,1.46012,150.895,0.133205E-01,0.320996,0.433292E-01,0,26.6990,-4.05167,9.16490,22.8219,34.8048,48.8143,73.1327,-0.106166,1.01098,-17.4882,1.02415,-38.9458,1.22700,5.64805,1.22700,-0.874636,1.22700,800000099,800000099,800000099,800000099,800000099,800100099,800010199,800110199,81100,81100,80,81,10,5,6,4,33,5,1.19957,1.58851,0.132145,0.610831E-01,0.577356E-01,1973.55,-0.147496E-01,0.564805E-02,-0.874636,15.9969,0.302222,251.737,73.3572,6.61063,97774.7,1.26922
CH-CHA_201201040800.csv,2012-01-04,11:30,4.4790,1,36000,36000,-0.394845E-01,0,0.511980E-02,-6.26680,0,3.91604,39.6858,1,11.9779,-11.3738,1,2.13918,0.892506,1,0.269375,2.30954,-3.93377,0.870758,-0.884677E-01,0.891332E-10,0.524469E-12,17.6512,436.376,437.499,0.300000,0,103.861,2.56768,2.57429,0.300000,0,287.125,286.891,96559.5,1.17142,1006.78,0.247221E-01,0.578344E-01,0.187158E-02,247.798,1567.15,0.159770E-02,15.8121,1319.35,261.334,2.37439,0.360003E-01,0.561303E-01,2.37533,0.103355E-12,0.504970E-14,2.37533,5.29019,186.875,0.868646,1.35406,-9999,0.183593,0.612303,83.9044,0.239558E-01,-0.157910,0.289429E-01,0,-9999,-9999,-9999,-9999,-9999,-9999,-9999,-0.390589E-01,1.01090,-4.19131,1.02385,32.3529,1.22615,-9.32681,1.22615,0.727595,1.22615,800000099,800001199,800000099,800000099,800000099,800000099,800010199,800010199,80000,80000,80,81,8,3,5,1,1,0,0.445000,0.711280,0.683272E-01,0.134382,0.582445E-01,936.409,-0.355388E-02,-0.932681E-02,0.727595,15.8674,4.54222,250.429,65.1806,7.53277,97802.2,1.27413
CH-CHA_201201040800.csv,2012-01-04,12:00,4.4999,1,36000,36000,-0.175498,0,0.179414E-01,-7.45135,2,5.47223,65.7476,0,6.56995,-6.24356,1,1.20738,1.47943,0,0.147835,0.900652,7.42683,-1.38481,0.167116,-0.154741E-09,-0.212800E-11,16.5689,410.836,413.170,0.350000,0,227.855,5.64980,5.68190,0.350000,0,287.978,287.463,96559.5,1.16774,1008.45,0.247956E-01,0.958671E-01,0.410595E-02,544.710,1626.23,0.351615E-02,33.4952,1081.52,271.579,2.29443,-2.42456,-0.614181E-02,3.33810,-0.495697E-12,-0.933926E-14,3.33810,9.80667,230.508,313.420,-0.105419,-9999,0.387670,1.82000,664.710,0.302388E-02,-0.113333,0.163219E-01,0,30.4682,-4.62366,10.4587,26.0437,39.7183,55.7055,83.4570,-0.173507,1.01147,-4.06214,1.02601,53.4106,1.22821,-5.28058,1.22821,1.20183,1.22821,800000099,800001199,800000099,800000099,800000099,800001099,800010199,800010199,81100,81100,80,81,8,7,7,0,16,1,1.55835,1.92514,0.156507,0.361325,0.246864E-01,177.514,-0.344947E-02,-0.528058E-02,1.20183,15.9199,2.85111,249.000,56.2500,10.1716,97796.1,1.29683
CH-CHA_201201041158.csv,2012-01-04,12:30,4.5207,1,36000,36000,-0.157640,1,0.136193E-01,3.14391,0,1.37912,61.0012,0,3.52548,-6.66663,1,0.684313,1.37410,0,0.794141E-01,1.74728,-0.673440,0.376632E-01,-0.151697E-01,-0.142902E-09,-0.186434E-11,16.5345,411.533,413.754,0.350000,0,215.714,5.36897,5.39795,0.350000,0,289.067,288.575,96559.5,1.16336,1008.33,0.248893E-01,0.890415E-01,0.388716E-02,517.680,1747.12,0.334132E-02,29.6305,1229.44,270.889,0.786108E-01,-3.95512,0.160257E-01,3.95593,0.119941E-13,-0.864267E-14,3.95593,12.4192,277.400,271.139,0.232109,-9999,0.368109,3.15699,-1348.74,-0.149028E-02,0.515384E-01,-0.728078E-02,0,27.5599,-4.18232,9.46041,23.5578,35.9271,50.3882,75.4907,-0.155683,1.01257,6.11165,1.02762,50.4118,1.20181,-6.14477,1.20181,1.13556,1.20181,800000099,800000099,800000099,800000099,800000099,800101099,800010199,800010199,81000,81000,80,81,8,17,5,13,26,5,2.99492,3.13772,0.181336,0.242173E-01,0.849139E-02,98.1952,0.521006E-02,-0.614477E-02,1.13556,15.9973,0.285556,249.000,56.2500,10.5261,97800.6,1.29442
CH-CHA_201201041158.csv,2012-01-04,13:00,4.5415,1,36000,36000,-0.133766,0,0.143478E-01,11.9229,1,2.86295,72.1456,0,5.50374,-10.5939,0,0.994542,1.62501,0,0.123966,-0.127577,-0.341392,-0.650567E-01,-0.768950E-02,0.564625E-10,0.719204E-12,16.4915,410.329,412.485,0.400000,0,210.065,5.22666,5.25412,0.400000,0,288.972,288.494,96559.5,1.16375,1008.25,0.248812E-01,0.105300,0.378536E-02,503.982,1738.04,0.325273E-02,28.9971,1234.06,270.528,0.834965,-2.60143,-0.795486E-02,2.73215,-0.622356E-12,0.342373E-14,2.73215,7.88074,264.469,287.795,-0.166821,-9999,0.339034,1.75459,-277.846,-0.723422E-02,0.165262,-0.299719E-01,0,29.5041,-4.47737,10.1278,25.2197,38.4616,53.9430,80.8164,-0.132314,1.01097,15.3139,1.02300,60.2473,1.18579,-9.98539,1.18579,1.35701,1.18579,800000099,800000099,800000099,800000099,800000099,800001099,800010199,800010199,81100,81100,80,81,7,15,3,8,17,10,1.41465,1.96481,0.129719,0.154122,0.110380E-01,127.623,0.130514E-01,-0.998539E-02,1.35701,15.9946,0.411111,249.000,56.2500,12.0297,97795.6,1.30261
CH-CHA_201201041158.csv,2012-01-04,13:30,4.5624,1,36000,36000,-0.123356,0,0.107923E-01,14.2471,0,2.15416,59.4081,0,3.46086,-8.31441,0,0.593979,1.33920,0,0.780163E-01,1.33351,-0.927063,0.949404E-01,-0.208983E-01,0.147665E-09,0.173389E-11,16.5156,412.091,414.095,0.350000,0,193.928,4.83881,4.86234,0.350000,0,289.790,289.345,96559.5,1.16049,1008.06,0.249516E-01,0.867803E-01,0.349458E-02,466.640,1835.38,0.301129E-02,25.4248,1368.73,269.495,2.11648,-3.45532,-0.465576E-01,4.05227,-0.975941E-13,0.894091E-14,4.05227,8.07785,245.274,301.489,-0.658302,-9999,0.326030,1.37085,-206.770,-0.972092E-02,0.239817,-0.373542E-01,0,25.4265,-3.85856,8.72808,21.7342,33.1460,46.4877,69.6470,-0.121806,1.01273,16.8403,1.02802,48.8384,1.20313,-7.94651,1.20313,1.10094,1.20313,800000099,800000099,800000099,800000099,800000099,800000099,800010199,800010199,81100,81100,80,80,7,10,3,3,18,7,1.20248,1.36524,0.173991,0.432658E-01,0.487195E-02,87.0131,0.143954E-01,-0.794651E-02,1.10094,15.9981,0.335000,249.000,56.2500,12.5295,97800.3,1.30507
CH-CHA_201201041158.csv,2012-01-04,14:00,4.5832,1,36000,36000,-0.899923E-01,0,0.857232E-02,-17.9486,0,3.05577,47.7322,0,2.63967,-5.92078,0,0.306908,1.07647,0,0.595308E-01,0.712531,0.449422E-01,0.867084E-01,0.101355E-02,-0.972302E-10,-0.114167E-11,16.5541,413.703,415.722,0.350000,0,194.376,4.85765,4.88136,0.350000,0,290.248,289.801,96559.5,1.15866,1008.08,0.249910E-01,0.697554E-01,0.350265E-02,468.455,1889.39,0.302302E-02,24.7939,1420.94,269.547,1.99824,-3.34404,-0.365579E-01,3.89576,-0.240305E-13,-0.587349E-14,3.89576,8.58200,245.687,300.861,-0.537674,-9999,0.278692,1.40531,102.515,0.196068E-01,-0.376027,0.551385E-01,0,22.8295,-3.46447,7.83664,19.5143,29.7606,41.7396,62.5336,-0.887972E-01,1.01346,-15.1248,1.03053,38.1822,1.25602,-4.36914,1.25602,0.861097,1.25602,800000099,800000099,800000099,800000099,800000099,800000099,800010199,800010199,80100,80100,80,80,51,2,9,5,27,9,1.04819,1.59600,0.166430,0.585131E-01,0.170551E-02,55.6508,-0.129490E-01,-0.436914E-02,0.861097,15.9973,0.371111,249.000,56.2500,10.3895,97809.5,1.29173
CH-CHA_201201041158.csv,2012-01-04,14:30,4.6040,1,36000,36000,-0.195579,0,0.137848E-01,-9.04249,2,3.08397,78.1847,0,3.79402,-11.2614,0,0.738044,1.76343,0,0.855729E-01,0.169665,0.461227E-01,-0.218620E-01,0.104028E-02,-0.364054E-09,-0.429592E-11,16.5315,413.296,415.322,0.350000,0,195.076,4.87699,4.90089,0.350000,0,290.358,289.909,96559.5,1.15822,1008.09,0.250005E-01,0.114270,0.351526E-02,470.317,1902.46,0.303506E-02,24.7215,1432.15,269.600,2.33310,-3.81984,-0.295142E-01,4.47609,0.124333E-12,-0.220218E-13,4.47609,8.88208,245.042,301.416,-0.377796,-9999,0.410928,1.63703,652.315,0.308133E-02,-0.115655,0.188465E-01,0,28.5396,-4.33100,9.79672,24.3952,37.2043,52.1795,78.1744,-0.192973,1.01350,-4.99193,1.03114,62.3863,1.25083,-9.23190,1.25083,1.40710,1.25083,800000099,800000099,800000099,800000099,800000099,800001099,800010199,800010199,80000,80000,80,80,21,13,3,2,26,13,1.37900,1.68798,0.207079,0.123272,0.474201E-02,77.9986,-0.427541E-02,-0.923190E-02,1.40710,15.9895,0.498333,249.000,56.2500,11.0789,97848.8,1.30308
CH-CHA_201201041400.csv,2012-01-04,15:00,4.6249,1,36000,36000,-0.779812E-01,1,0.687916E-02,-19.8763,0,1.08568,41.6975,0,2.62727,-3.30475,1,0.668970,0.940825,0,0.592794E-01,0.606066,0.256543E-01,0.114760,0.578842E-03,-0.407746E-10,-0.479732E-12,16.5947,415.433,417.474,0.400000,0,195.245,4.88777,4.91178,0.400000,0,290.748,290.298,96559.5,1.15667,1008.11,0.250341E-01,0.609655E-01,0.351831E-02,471.355,1949.87,0.304177E-02,24.1737,1478.52,269.630,1.60904,-3.58910,-0.714525E-01,3.93392,0.127534E-13,-0.245708E-14,3.93392,8.34552,252.109,294.147,-1.04073,-9999,0.259652,1.07815,74.8671,0.268476E-01,-0.476678,0.656492E-01,0,22.8055,-3.46083,7.82840,19.4938,29.7293,41.6958,62.4679,-0.769038E-01,1.01401,-17.2744,1.03166,33.2148,1.26456,-2.15146,1.26456,0.749429,1.26456,800000099,800000099,800000099,800000099,800001099,800001199,800010199,800010199,81100,81100,80,80,39,8,12,0,17,0,1.02829,0.983164,0.144846,0.184090E-01,0.143220E-01,73.5311,-0.148146E-01,-0.215146E-02,0.749429,16.0000,0.294444,249.002,56.2615,8.80708,97895.7,1.28878
CH-CHA_201201041400.csv,2012-01-04,15:30,4.6457,1,36000,36000,-0.636092E-01,2,0.837876E-02,-2.98469,2,4.04799,-9999,-9999,-9999,-39.2202,1,38.6073,-9999,-9999,-9999,-1.89623,-9999,10.9682,-9999,0.608191E-11,-9999,24.8482,618.499,618.499,-1.00000,0,-9999,-9999,-9999,-9999,0,289.087,289.087,96559.5,1.16365,1005.45,0.248911E-01,-9999,-9999,-9999,1805.46,-9999,-9999,-9999,-9999,-1.00992,-3.92014,0.592263E-01,4.04857,-0.241525E-12,0.244762E-15,4.04857,10.2227,289.915,255.553,0.838205,-9999,0.233802,1.87304,363.710,0.552639E-02,-9999,0.109110E-01,0,22.7753,-3.45625,7.81804,19.4680,29.6900,41.6406,62.3852,-0.627951E-01,1.01296,-2.89866,1.02968,-9999,-9999,-31.2911,1.24639,-9999,-9999,800000099,800000199,800000099,800001199,800001199,800001199,800000199,800100199,81000,81000,80,81,5,3,3,0,15,11,2.72948,0.898760,0.117831,1.39528,20.9532,-9999,-0.247748E-02,-0.312911E-01,-9999,15.9977,0.360000,252.530,78.3101,7.11899,97924.4,1.25137
CH-CHA_201201041400.csv,2012-01-04,16:00,4.6665,1,36000,36000,-0.114042E-01,2,0.413623E-02,-1.38267,2,1.75611,-9999,-9999,-9999,-14.5775,1,8.52580,-9999,-9999,-9999,-3.84790,-9999,-1.34418,-9999,-0.221826E-09,-9999,24.0596,593.822,593.822,3.00000,0,-9999,-9999,-9999,-9999,0,286.651,286.651,96559.5,1.17354,1005.40,0.246813E-01,-9999,-9999,-9999,1542.87,-9999,-9999,-9999,-9999,-0.537485,-1.93413,0.304503E-01,2.00765,0.310372E-13,-0.921989E-14,2.00765,7.57687,293.206,254.470,0.869044,-9999,0.985787E-01,1.20627,58.8462,0.341568E-01,-9999,0.118877E-01,0,-9999,-9999,-9999,-9999,-9999,-9999,-9999,-0.112766E-01,1.01132,-1.34984,1.02432,-9999,-9999,-11.7044,1.23706,-9999,-9999,800000099,800000199,800000099,800001199,800101199,811101199,800110199,811110199,80100,80100,80,81,9,9,6,6,2,0,2.03155,0.328787,0.521914E-01,0.361919,1.55761,-9999,-0.114405E-02,-0.117044E-01,-9999,15.9973,0.317778,253.164,82.2742,6.04101,97992.1,1.24051
CH-CHA_201201041400.csv,2012-01-04,16:30,4.6873,1,36000,36000,-0.337051E-01,1,0.603502E-02,-29.6224,0,3.78828,-9999,-9999,-9999,43.5874,2,19.4094,-9999,-9999,-9999,-0.243172,-9999,-5.13354,-9999,-0.116310E-10,-9999,20.2541,499.631,499.631,4.65000,0,-9999,-9999,-9999,-9999,0,286.497,286.497,96559.5,1.17417,1005.40,0.246681E-01,-9999,-9999,-9999,1527.48,-9999,-9999,-9999,-9999,-0.643359,-1.40549,0.290788E-01,1.54601,0.158989E-12,-0.574252E-15,1.54601,4.37239,306.745,245.404,1.07773,-9999,0.169427,0.500813,13.9448,0.144140,-9999,0.148105,0,-9999,-9999,-9999,-9999,-9999,-9999,-9999,-0.331934E-01,1.01542,-28.6930,1.03239,-9999,-9999,34.2675,1.32374,-9999,-9999,800000099,800000199,800000099,800000199,800000199,800101199,810100199,810100199,81100,81100,80,81,16,6,4,0,4,1,0.546222,0.420380,0.350224E-01,0.226660,7.63693,-9999,-0.243057E-01,0.342675E-01,-9999,16.0000,0.303333,249.828,61.4226,5.08620,98005.1,1.24189
CH-CHA_201201041400.csv,2012-01-04,17:00,4.7082,0,36000,36000,-0.598616E-01,1,0.561594E-02,-48.6783,0,4.72831,9.09537,2,10.7025,8.03171,1,10.1671,0.204530,2,0.240670,0.470972,-9999,-3.48851,-9999,0.579081E-10,0.489534E-12,17.6147,435.482,437.091,0.400000,0,148.908,3.68141,3.69501,0.400000,0,287.131,286.796,96559.5,1.17132,1007.38,0.247226E-01,0.132535E-01,0.268333E-02,355.155,1557.39,0.229086E-02,22.8044,1202.24,265.905,0.552373,-3.14522,-0.122704E-01,3.19338,0.382853E-13,0.328748E-14,3.19338,6.65181,266.980,279.961,-0.220157,-9999,0.226066,0.852050,20.1701,0.996523E-01,-5.35198,0.182487,0,23.2679,-3.53100,7.98713,19.8891,30.3321,42.5412,63.7345,-0.588721E-01,1.01681,-46.5609,1.03661,7.57300,1.32239,7.92242,1.32239,0.170296,1.32239,800000099,800000099,800000099,800000099,800000099,800101199,800000199,800000199,81100,81100,80,80,22,10,6,1,2,0,0.845947,0.753728,0.104424,0.237039,0.999042,2996.03,-0.394597E-01,0.792242E-02,0.170296,16.0000,0.357778,249.198,57.4875,4.70334,98028.4,1.24265
CH-CHA_201201041400.csv,2012-01-04,17:30,4.7290,0,36000,36000,-0.583059E-01,1,0.709271E-02,-46.8036,0,3.78028,14.0657,0,1.22235,2.18980,0,0.307993,0.316408,0,0.274966E-01,0.561542,2.79226,-0.977655,0.628118E-01,-0.356057E-10,-0.412650E-12,16.8593,417.475,419.505,0.400000,0,195.389,4.83829,4.86182,0.400000,0,287.592,287.151,96559.5,1.16936,1008.01,0.247624E-01,0.205032E-01,0.352091E-02,466.591,1593.79,0.301097E-02,29.2755,1127.20,269.494,0.689188,-2.61465,-0.323150E-01,2.70414,-0.701229E-13,-0.211194E-14,2.70414,7.96742,261.656,284.767,-0.684711,-9999,0.223296,0.909726,20.2202,0.994056E-01,-3.32749,0.177822,0,24.6327,-3.73810,8.45560,21.0556,32.1112,45.0364,67.4727,-0.574128E-01,1.01556,-44.6492,1.03373,11.6073,1.30942,3.35200,1.30942,0.261106,1.30942,800000099,800000099,800000099,800000099,800000099,800100099,800000199,800100199,80000,80000,80,80,30,5,11,1,3,0,1.08679,0.644314,0.883508E-01,0.190210,0.183970E-02,13.8010,-0.378793E-01,0.335200E-02,0.261106,16.0000,0.258889,249.000,56.2500,4.65005,98019.5,1.24319
CH-CHA_201201041400.csv,2012-01-04,18:00,4.7498,0,36000,36000,-0.396397E-01,1,0.127219E-01,-12.5043,0,4.11735,-4.18982,0,3.75746,-3.17975,0,2.47813,-0.942481E-01,0,0.845225E-01,-0.267253E-01,0.197775,0.281063,0.444886E-02,0.440284E-09,0.512549E-11,17.0689,422.652,424.742,10.0000,0,198.704,4.92023,4.94456,10.0000,0,287.583,287.134,96559.5,1.16939,1008.05,0.247616E-01,-0.610728E-02,0.358065E-02,474.480,1592.04,0.306197E-02,29.8033,1117.56,269.718,0.718781,0.366413,0.442565E-01,0.808000,-0.323915E-12,0.257945E-13,0.808000,5.28843,159.504,27.0111,3.13983,-9999,0.184113,1.36953,42.4247,0.473780E-01,2.98445,0.576144E-01,0,-9999,-9999,-9999,-9999,-9999,-9999,-9999,-0.391609E-01,1.01223,-12.4256,1.02327,-3.10873,1.23617,-2.02998,1.23617,-0.699294E-01,1.23617,800000099,800001099,800000099,800000099,800100099,810100099,800100199,810100199,80000,80000,80,81,17,7,23,3,6,20,0.782333,1.91198,0.447534E-01,0.355335,0.351118E-01,40.1225,-0.105408E-01,-0.202998E-02,-0.699294E-01,16.0000,0.372222,249.000,56.2500,4.21186,98021.8,1.23422
CH-CHA_201201041400.csv,2012-01-04,18:30,4.7707,0,36000,36000,-0.730994E-02,1,0.191930E-02,-11.5106,0,2.21112,-1.01772,1,0.440089,2.35968,0,0.785057,-0.228799E-01,1,0.989391E-02,-0.946977,0.575977,0.768372,0.129489E-01,0.966666E-10,0.114162E-11,17.6748,436.775,439.040,0.300000,0,208.736,5.15824,5.18499,-0.850000,0,287.005,286.536,96559.5,1.17173,1008.17,0.247118E-01,-0.148262E-02,0.376142E-02,497.395,1531.22,0.321014E-02,32.4836,1033.82,270.351,0.683969,1.09624,0.547897E-01,1.29328,-0.203855E-12,0.546919E-14,1.29328,3.04416,131.113,58.0391,2.42807,-9999,0.789847E-01,0.258046,3.63885,0.552372,11.3103,0.123366,0,-9999,-9999,-9999,-9999,-9999,-9999,-9999,-0.709999E-02,1.02957,-10.8948,1.06078,-0.432728,1.61010,1.84505,1.61010,-0.972843E-02,1.61010,800000099,800000099,800000099,800000099,800000099,800100099,801100199,811110199,81100,81100,80,81,11,5,16,7,12,45,0.190340,0.310499,0.152523E-01,0.252584,0.345276E-01,5.15243,-0.922267E-02,0.184505E-02,-0.972843E-02,15.9953,0.318889,249.000,56.2500,2.95604,98028.9,1.20821
CH-CHA_201201041400.csv,2012-01-04,19:00,4.7915,0,36000,36000,-0.239044E-02,2,0.160372E-02,-3.48740,1,1.83829,-1.95318,1,0.859939,2.76512,1,0.840410,-0.438696E-01,1,0.193147E-01,-1.54849,-0.531719,0.347740,-0.119427E-01,0.164685E-09,0.183566E-11,17.9950,443.144,445.344,8.60000,0,200.581,4.93949,4.96401,8.60000,0,286.008,285.560,96559.5,1.17583,1008.03,0.246259E-01,-0.284275E-02,0.361447E-02,476.335,1436.48,0.307396E-02,33.1598,960.149,269.770,0.737311,0.534814,0.442074E-01,0.911925,0.121321E-12,0.915171E-14,0.911925,1.67863,146.259,35.9555,2.77861,-9999,0.450885E-01,0.145039,2.23413,0.899679,1.78550,0.652555E-01,0,-9999,-9999,-9999,-9999,-9999,-9999,-9999,-0.229881E-02,1.03986,-3.29182,1.08095,-1.01550,1.82327,1.62891,1.82327,-0.228087E-01,1.82327,800000099,800100099,800000099,800000099,800000099,800000099,811100199,811110199,81100,81100,80,81,0,0,3,6,5,14,0.217292,0.707671E-01,0.201909E-02,0.231736,0.790381E-01,43.8548,-0.277726E-02,0.162891E-02,-0.228087E-01,15.9953,0.384444,249.000,56.2500,1.43075,98040.4,1.18457
CH-CHA_201201041400.csv,2012-01-04,19:30,4.8123,0,36000,36000,0.169936E-01,1,0.251756E-02,-15.3439,1,5.34712,6.49522,2,5.40341,3.20035,1,1.87408,0.145927,2,0.121398,0.462482,-1.16601,-0.677330E-01,-0.261966E-01,-0.845474E-10,-0.853167E-12,17.9290,441.903,443.882,3.65000,0,180.922,4.45923,4.47921,3.25000,0,286.256,285.852,96559.5,1.17485,1007.77,0.246473E-01,0.945610E-02,0.326021E-02,430.087,1464.27,0.277501E-02,29.3722,1034.18,268.411,0.686761,0.553230,0.242351E-01,0.882209,0.105871E-13,-0.471567E-14,0.882209,3.62399,144.059,38.8537,1.57417,-9999,0.120269,0.286923,9.63612,0.208590,-2.36233,0.107755,0,-9999,-9999,-9999,-9999,-9999,-9999,-9999,0.167030E-01,1.01740,-14.5414,1.03536,5.02031,1.36075,2.90192,1.36075,0.112791,1.36075,800000099,800000099,800000099,800000099,800100099,811101099,811100199,811110199,81100,81100,80,81,17,20,14,12,8,0,0.125887,0.430594,0.173649E-01,0.516589,0.958360E-01,350.924,-0.122818E-01,0.290192E-02,0.112791,15.9977,0.405556,249.167,57.2962,0.849350,98050.6,1.17954
CH-CHA_201201041400.csv,2012-01-04,20:00,4.8331,0,36000,36000,-0.100519,1,0.159662E-01,-69.6543,0,8.90536,22.2190,1,2.94971,12.2237,1,2.81535,0.500175,1,0.664012E-01,3.22105,0.102434E-01,-0.977791,0.230589E-03,-0.327123E-09,-0.344488E-11,17.0743,423.849,425.749,0.400000,0,179.807,4.46349,4.48350,0.400000,0,288.306,287.898,96559.5,1.16649,1007.82,0.248238E-01,0.324113E-01,0.324012E-02,430.497,1672.69,0.277766E-02,25.7369,1242.19,268.424,1.43090,-1.72965,-0.198286E-01,2.24489,-0.140356E-12,-0.191588E-13,2.24489,6.99323,232.074,309.600,-0.506087,-9999,0.293550,1.31146,30.8674,0.651172E-01,-3.13489,0.201836,0,29.9647,-4.54726,10.2859,25.6134,39.0621,54.7851,82.0781,-0.992281E-01,1.01301,-66.7168,1.02813,18.7310,1.26869,12.2377,1.26869,0.421655,1.26869,800000099,800000099,800000099,800000099,800000099,800100099,800000199,800100199,80000,80000,80,81,1,5,13,0,2,0,1.68752,0.841852,0.935543E-01,0.559886,0.632819E-01,40.9112,-0.567504E-01,0.122377E-01,0.421655,16.0000,0.272222,249.000,56.2500,3.30192,98020.9,1.23249
CH-CHA_201201042000.csv,2012-01-04,20:30,4.8540,0,36000,36000,0.856461E-02,2,0.423386E-02,-2.98424,1,1.14031,-0.726536,1,0.491385,-0.619809,1,0.225440,-0.163418E-01,1,0.110526E-01,-1.33423,0.842808,0.805853,0.189571E-01,-0.543445E-10,-0.596176E-12,17.7221,438.686,440.807,-1.00000,0,194.417,4.81253,4.83580,9.85000,0,287.491,287.053,96559.5,1.16977,1007.99,0.247537E-01,-0.105895E-02,0.350339E-02,464.110,1583.64,0.299493E-02,29.3065,1119.53,269.423,0.939736,0.506388,0.516567E-01,1.06874,-0.140224E-13,-0.306649E-14,1.06874,2.68673,157.070,28.3185,2.77043,-9999,0.855663E-01,0.267776,17.8440,0.112643,4.10749,0.295782E-01,0,-9999,-9999,-9999,-9999,-9999,-9999,-9999,0.844587E-02,1.01406,-2.93555,1.02866,-0.500481,1.29243,-0.353131,1.29243,-0.112572E-01,1.29243,800000099,800000099,800000099,800000099,800100199,801100199,811100199,811110199,81100,81100,80,80,2,19,15,14,10,24,0.392272,0.133675,0.960496E-02,0.127588,0.132381E-01,7.97494,-0.248961E-02,-0.353131E-03,-0.112572E-01,15.9977,0.243333,249.004,56.2757,3.63037,98003.6,1.21407
CH-CHA_201201042000.csv,2012-01-04,21:00,4.8748,0,36000,36000,-0.622586E-01,0,0.789759E-02,-44.1606,0,5.53866,17.8428,0,2.30160,8.44119,1,2.53515,0.401864,0,0.518376E-01,2.15411,-0.688861,-0.641432,-0.155149E-01,-0.640361E-10,-0.678968E-12,17.1623,426.821,428.761,0.400000,0,181.970,4.52553,4.54610,0.400000,0,288.838,288.424,96559.5,1.16434,1007.87,0.248696E-01,0.260408E-01,0.327910E-02,436.472,1730.28,0.281628E-02,25.2255,1293.81,268.606,1.31691,-1.25231,-0.404264E-02,1.81729,0.111092E-12,-0.373121E-14,1.81729,5.05240,225.814,316.440,-0.127457,-9999,0.231238,0.616929,23.7988,0.844582E-01,-2.47498,0.162739,0,28.5413,-4.33125,9.79731,24.3967,37.2065,52.1826,78.1791,-0.614455E-01,1.01323,-42.1244,1.02815,14.7307,1.27736,8.22723,1.27736,0.331771,1.27736,800000099,800000099,800000099,800000099,800000099,800100099,800000199,800100199,80100,80100,80,81,9,18,4,0,1,0,0.716093,0.452203,0.655632E-01,0.388298,0.920661E-01,44.9753,-0.358964E-01,0.822723E-02,0.331771,15.9981,0.335556,249.000,56.2500,4.18101,98000.8,1.23282
CH-CHA_201201042000.csv,2012-01-04,21:30,4.8956,0,36000,36000,-0.480220E-01,1,0.610305E-02,-34.4054,0,2.78042,19.3622,0,1.43706,2.30489,0,0.358177,0.436351,0,0.323858E-01,0.995060,-0.147242,-0.254441,-0.331828E-02,-0.101470E-09,-0.107311E-11,16.9357,422.104,423.997,0.400000,0,179.106,4.46401,4.48403,0.400000,0,289.468,289.059,96559.5,1.16181,1007.85,0.249239E-01,0.282756E-01,0.322749E-02,430.548,1802.11,0.277798E-02,23.8913,1371.56,268.425,1.50594,-2.30642,-0.432921E-01,2.75486,0.720561E-13,-0.599151E-14,2.75486,6.94053,242.595,303.142,-0.900428,-9999,0.203307,0.772468,20.7608,0.968172E-01,-1.77693,0.144525,0,23.0653,-3.50025,7.91757,19.7159,30.0679,42.1707,63.1794,-0.472898E-01,1.01548,-32.4037,1.03363,15.3640,1.30720,2.93946,1.30720,0.346246,1.30720,800000099,800000099,800000099,800000099,800000099,800000099,800000199,800000199,80000,80100,80,81,19,19,4,4,6,0,0.741849,0.716762,0.863242E-01,0.143921,0.283468E-02,23.8209,-0.276735E-01,0.293946E-02,0.346246,15.9926,0.463333,249.000,56.2500,5.38516,97966.5,1.25179
CH-CHA_201201042000.csv,2012-01-04,22:00,4.9165,0,36000,36000,-0.713845E-01,0,0.713628E-02,-36.2486,0,2.66222,18.3960,0,1.36831,4.82999,0,1.04854,0.414712,0,0.308468E-01,0.534872,0.201266,0.101527,0.453727E-02,-0.233801E-09,-0.250805E-11,16.9908,423.988,425.925,0.350000,0,182.265,4.54823,4.56901,0.350000,0,289.818,289.400,96559.5,1.16040,1007.90,0.249540E-01,0.268733E-01,0.328441E-02,438.659,1841.83,0.283041E-02,23.8164,1403.17,268.672,1.92598,-1.33165,0.900278E-03,2.34151,0.318014E-12,-0.137605E-13,2.34151,5.73498,220.672,325.340,0.220294E-01,-9999,0.248026,0.787481,35.7786,0.561788E-01,-1.97046,0.124959,0,27.0699,-4.10796,9.29222,23.1390,35.2884,49.4924,74.1487,-0.704880E-01,1.01272,-34.4040,1.02763,15.1969,1.26198,5.13002,1.26198,0.342594,1.26198,800000099,800000099,800000099,800000099,800000099,800100099,800000199,800100199,81100,81100,80,81,3,19,13,3,3,10,0.647182,0.841680,0.861001E-01,0.935209E-01,0.121537E-01,15.8450,-0.294159E-01,0.513002E-02,0.342594,15.9969,0.293333,249.000,56.2500,5.83226,97901.2,1.25704
CH-CHA_201201042000.csv,2012-01-04,22:30,4.9373,0,36000,36000,-0.167351E-01,1,0.341782E-02,-25.2462,0,2.13141,15.3134,0,1.05517,2.57558,0,0.454091,0.345227,0,0.237878E-01,0.348246E-01,0.422569E-01,0.584947E-01,0.952645E-03,0.163237E-10,0.175340E-12,17.0329,425.074,427.024,0.350000,0,182.958,4.56591,4.58686,0.350000,0,289.842,289.422,96559.5,1.16030,1007.91,0.249561E-01,0.223707E-01,0.329690E-02,440.362,1844.44,0.284141E-02,23.8750,1404.08,268.724,1.77034,-0.151923,0.451008E-01,1.77741,-0.206555E-12,0.958362E-15,1.77741,4.43555,192.270,355.095,1.45400,-9999,0.120096,0.456726,5.83192,0.344655,-1.64863,0.179752,0,-9999,-9999,-9999,-9999,-9999,-9999,-9999,-0.163542E-01,1.02329,-23.4603,1.04857,10.7456,1.47491,2.50826,1.47491,0.242251,1.47491,800000099,800000099,800000099,800000099,800000099,800000099,800000199,800000199,80000,80000,80,81,16,13,9,11,2,24,0.355457,0.508459,0.495362E-01,0.780254E-01,0.496665E-02,12.3289,-0.200604E-01,0.250826E-02,0.242251,15.9946,0.338889,249.000,56.2500,5.69143,97809.7,1.25196
CH-CHA_201201042000.csv,2012-01-04,23:00,4.9581,0,36000,36000,-0.332317E-01,1,0.626397E-02,-19.8198,1,2.63246,9.95253,1,1.46749,3.70128,1,0.677534,0.224361,1,0.330817E-01,-0.721616E-01,-0.685365E-01,0.409523E-01,-0.154503E-02,0.295294E-10,0.314635E-12,17.0662,425.834,427.775,1.75000,0,181.840,4.53724,4.55792,0.400000,0,289.793,289.376,96559.5,1.16050,1007.90,0.249519E-01,0.145386E-01,0.327675E-02,437.600,1839.04,0.282356E-02,23.7951,1401.44,268.640,0.865580,-0.621347E-01,0.233631E-01,0.868122,-0.159734E-12,0.173029E-14,0.868122,3.91268,175.400,355.894,1.54214,-9999,0.169221,0.486418,20.7817,0.967197E-01,-1.99143,0.100135,0,-9999,-9999,-9999,-9999,-9999,-9999,-9999,-0.327856E-01,1.01361,-18.8341,1.02695,8.14157,1.27491,3.61217,1.27491,0.183536,1.27491,800000099,800000099,800000099,800000099,800100099,800101099,811110199,811110199,81100,81100,80,81,1,7,10,16,36,23,0.519511,0.425104,0.282200E-01,0.108042,0.857802E-02,22.0395,-0.161022E-01,0.361217E-02,0.183536,16.0000,0.302222,249.000,56.2500,5.52578,97798.2,1.24833
CH-CHA_201201042000.csv,2012-01-04,23:30,4.9790,0,36000,36000,-0.638863E-01,1,0.110688E-01,-24.9941,0,3.07996,9.80672,0,1.33479,3.54320,1,0.828428,0.221118,0,0.300964E-01,0.323573,-0.254187,-0.115949,-0.573130E-02,-0.233090E-09,-0.243763E-11,16.9684,423.681,425.566,0.400000,0,177.453,4.43080,4.45052,0.400000,0,289.990,289.583,96559.5,1.15972,1007.84,0.249688E-01,0.143284E-01,0.319770E-02,427.349,1863.43,0.275731E-02,22.9335,1436.08,268.326,1.06383,-1.05144,-0.815639E-02,1.49577,0.138724E-12,-0.137367E-13,1.49577,6.46363,225.239,315.336,-0.312434,-9999,0.234708,0.821798,43.9702,0.457127E-01,-2.54867,0.911097E-01,0,30.1836,-4.58048,10.3611,25.8005,39.3474,55.1853,82.6776,-0.631651E-01,1.01142,-23.9419,1.02377,8.34707,1.23930,3.79462,1.23930,0.188206,1.23930,800000099,800000099,800000099,800000099,800000099,800100099,800100199,800100199,80000,80000,80,81,2,3,1,1,3,2,0.874446,0.710422,0.587288E-01,0.815764E-01,0.599993E-02,11.4600,-0.204839E-01,0.379462E-02,0.188206,15.9977,0.285556,249.000,56.2500,5.63199,97726.6,1.25239
CH-CHA_201201042000.csv,2012-01-05,00:00,5.0000,0,36000,36000,-0.128230,1,0.123948E-01,-49.4760,0,3.03114,33.2066,0,1.82804,2.40299,0,0.268452,0.748764,0,0.412198E-01,0.732741E-01,0.272006,-0.150048,0.613335E-02,0.900150E-10,0.971965E-12,16.8534,420.893,422.815,0.350000,0,181.980,4.54473,4.56548,0.350000,0,290.048,289.630,96559.5,1.15948,1007.91,0.249738E-01,0.485199E-01,0.327928E-02,438.321,1868.98,0.282823E-02,23.4524,1430.66,268.662,2.40498,-3.36834,-0.507101E-01,4.13910,0.988348E-13,0.534106E-14,4.13910,10.3264,241.228,305.527,-0.701975,-9999,0.332554,1.62957,63.1853,0.318112E-01,-1.48994,0.127306,0,24.1253,-3.66111,8.28143,20.6219,31.4497,44.1087,66.0829,-0.126346,1.01491,-46.3090,1.03361,26.8201,1.27649,3.56583,1.27649,0.604757,1.27649,800000099,800000099,800000099,800000099,800000099,800000099,800000199,800000199,80100,80100,80,80,13,30,6,2,10,3,1.82107,1.23165,0.206428,0.843030E-01,0.873976E-03,21.3030,-0.396261E-01,0.356583E-02,0.604757,15.9977,0.223333,249.000,56.2500,6.15466,97682.1,1.26187
CH-CHA_201201042000.csv,2012-01-05,00:30,5.0208,0,36000,36000,-0.858854E-01,1,0.109476E-01,-41.3035,0,2.78924,31.4979,0,1.95543,2.58426,0,0.293505,0.710292,0,0.440958E-01,0.131661,-0.243158,-0.204751E-01,-0.548333E-02,-0.148398E-09,-0.156787E-11,16.8338,420.513,422.390,0.350000,0,177.854,4.44285,4.46267,0.350000,0,290.123,289.714,96559.5,1.15919,1007.85,0.249802E-01,0.460269E-01,0.320494E-02,428.509,1879.02,0.276481E-02,22.8049,1450.51,268.362,2.17803,-2.82271,-0.505012E-01,3.56568,-0.275852E-13,-0.881549E-14,3.56568,7.73472,239.158,307.654,-0.811516,-9999,0.272196,1.37950,41.5029,0.484304E-01,-1.31131,0.129883,0,22.0901,-3.35226,7.58282,18.8823,28.7967,40.3878,60.5082,-0.846437E-01,1.01467,-38.5217,1.03266,25.2466,1.28020,3.39023,1.28020,0.569321,1.28020,800000099,800000099,800000099,800000099,800000099,800000099,800000199,800000199,81100,81100,80,80,8,9,4,10,16,6,1.24273,1.34389,0.172383,0.679669E-01,0.892778E-03,21.6455,-0.329726E-01,0.339023E-02,0.569321,16.0000,0.311111,249.000,56.2500,6.46069,97598.7,1.26471
CH-CHA_201201042000.csv,2012-01-05,01:00,5.0416,0,36000,36000,-0.182334,1,0.164102E-01,-46.7894,0,2.92687,32.8987,0,1.91790,4.26302,0,0.523697,0.741832,0,0.432467E-01,-0.106680,-0.742724E-01,0.126019E-01,-0.167477E-02,0.400292E-09,0.419726E-11,16.8473,420.747,422.612,0.350000,0,176.652,4.41174,4.43129,0.350000,0,290.052,289.646,96559.5,1.15948,1007.83,0.249741E-01,0.480707E-01,0.318328E-02,425.513,1870.89,0.274544E-02,22.7439,1445.38,268.270,2.68131,-2.35209,0.220083E-02,3.56676,0.330298E-12,0.237600E-13,3.56676,10.7869,226.603,318.742,0.353538E-01,-9999,0.396554,2.12673,113.285,0.177428E-01,-1.42223,0.100970,0,27.7904,-4.21730,9.53954,23.7548,36.2276,50.8097,76.1221,-0.180024,1.01283,-43.8926,1.02897,27.0853,1.24926,5.02714,1.24926,0.610746,1.24926,800000099,800000099,800000099,800000099,800000099,800000099,800000199,800000199,81100,81100,80,81,28,29,5,6,8,11,2.23793,1.80942,0.206108,0.702381E-01,0.199011E-02,18.6713,-0.375613E-01,0.502714E-02,0.610746,16.0000,0.244444,249.000,56.2500,6.24555,97489.0,1.26050
CH-CHA_201201042000.csv,2012-01-05,01:30,5.0624,0,36000,36000,-0.140349,1,0.164818E-01,-41.4481,0,3.53699,30.7689,0,3.24683,5.31479,0,0.929437,0.693742,0,0.732057E-01,-0.152675,0.122733E-01,0.133552E-01,0.276724E-03,0.336522E-10,0.353063E-12,16.8629,420.995,422.863,0.350000,0,176.917,4.41687,4.43647,0.350000,0,289.954,289.548,96559.5,1.15986,1007.83,0.249657E-01,0.449545E-01,0.318805E-02,426.008,1859.31,0.274864E-02,22.9121,1433.30,268.285,2.24892,-1.47458,-0.588278E-02,2.68925,-0.446365E-12,0.199563E-14,2.68925,11.0580,210.361,326.748,-0.125336,-9999,0.347857,2.70060,86.3203,0.232854E-01,-1.34708,0.101931,0,28.5977,-4.33981,9.81666,24.4449,37.2800,52.2857,78.3335,-0.138736,1.01163,-38.9178,1.02571,25.5295,1.23755,5.72750,1.23755,0.575609,1.23755,800000099,800000099,800000099,800000099,800000099,800100099,800100199,800110199,81100,81100,80,81,28,3,14,6,12,12,2.51826,2.73530,0.147639,0.100865,0.702206E-02,48.8170,-0.332929E-01,0.572750E-02,0.575609,16.0000,0.233333,249.000,56.2500,6.26038,97395.2,1.25992
CH-CHA_201201042000.csv,2012-01-05,02:00,5.0833,0,36000,36000,-0.267394E-01,2,0.700689E-02,-10.7199,0,1.87064,4.07907,0,1.00049,1.01831,0,0.483334,0.919435E-01,0,0.225513E-01,-0.470923,0.433017,0.144034,0.976035E-02,0.168346E-10,0.182701E-12,16.9866,423.667,425.624,0.250000,0,184.351,4.59794,4.61918,0.250000,0,289.670,289.248,96559.5,1.16099,1007.93,0.249413E-01,0.595794E-02,0.332200E-02,443.446,1824.01,0.286135E-02,24.3115,1380.57,268.816,1.24707,0.173154,0.390572E-01,1.25964,0.138648E-12,0.991052E-15,1.25964,4.88909,177.321,7.90492,1.77684,-9999,0.151762,0.817025,27.7151,0.725237E-01,-2.62803,0.603633E-01,0,-9999,-9999,-9999,-9999,-9999,-9999,-9999,-0.264114E-01,1.01242,-10.2608,1.02551,3.43017,1.25923,1.20501,1.25923,0.773171E-01,1.25923,800000099,800000099,800000099,800000099,800000099,801100099,800100199,801110199,81100,81100,80,81,1,3,5,1,7,2,0.932633,0.671022,0.303951E-01,0.787234E-01,0.572204E-02,16.1793,-0.876844E-02,0.120501E-02,0.773171E-01,16.0000,0.236667,249.000,56.2500,5.65044,97280.3,1.24669
CH-CHA_201201050200.csv,2012-01-05,02:30,5.1041,0,36000,36000,-0.956674E-01,1,0.132367E-01,-59.5341,0,9.74513,39.6045,0,7.51825,5.40782,0,1.71694,0.893137,0,0.169547,0.795445,-1.00157,-0.174020,-0.225867E-01,-0.717303E-11,-0.712852E-13,16.8296,420.434,422.198,0.350000,0,167.252,4.17825,4.19578,0.350000,0,290.141,289.756,96559.5,1.15914,1007.71,0.249818E-01,0.578753E-01,0.301388E-02,403.023,1884.09,0.260010E-02,21.3908,1481.07,267.554,1.47580,-0.363368,0.147156E-01,1.51995,0.597143E-12,-0.426215E-15,1.51995,6.90213,193.825,346.168,0.554724,-9999,0.287286,2.15049,33.8515,0.593770E-01,-1.50321,0.177411,0,24.9172,-3.78129,8.55328,21.2989,32.4821,45.5567,68.2522,-0.945396E-01,1.01193,-56.1856,1.02494,32.5772,1.25069,6.39094,1.25069,0.734660,1.25069,800000099,800000099,800000099,800000099,800000099,800100099,800000199,800100199,81100,81100,80,81,6,10,9,0,6,0,1.31395,2.84492,0.142103,0.289488,0.114733E-01,114.994,-0.481011E-01,0.639094E-02,0.734660,16.0000,0.210000,249.000,56.2500,5.87134,97203.3,1.25655
CH-CHA_201201050200.csv,2012-01-05,03:00,5.1249,0,36000,36000,-0.144563,1,0.141888E-01,-58.0059,0,3.43740,46.4766,0,2.51515,2.82233,0,0.293048,1.04860,0,0.567467E-01,0.759313,-1.06008,-0.188895,-0.239175E-01,0.972864E-10,0.871115E-12,16.6633,416.918,418.480,0.350000,0,149.205,3.73314,3.74713,0.350000,0,290.587,290.243,96559.5,1.15739,1007.48,0.250202E-01,0.679494E-01,0.268868E-02,360.140,1943.16,0.232306E-02,18.5338,1583.02,266.085,1.65137,-4.06900,-0.231169E-01,4.39139,-0.309113E-12,0.583837E-14,4.39139,10.5920,255.263,292.089,-0.301615,-9999,0.353419,2.43897,64.6800,0.310761E-01,-1.24807,0.140756,0,23.6272,-3.58552,8.11046,20.1962,30.8005,43.1981,64.7186,-0.142369,1.01541,-53.8706,1.03482,37.0227,1.28129,4.09085,1.28129,0.835304,1.28129,800000099,800000099,800000099,800000099,800000099,800000099,800000199,800000199,81100,81100,80,81,16,23,7,11,17,13,2.01973,2.61257,0.245625,0.104288,0.962260E-03,35.2511,-0.461993E-01,0.409085E-02,0.835304,16.0000,0.304444,249.000,56.2500,6.71315,97175.5,1.27432
CH-CHA_201201050200.csv,2012-01-05,03:30,5.1458,0,36000,36000,-0.249124,1,0.158090E-01,-72.1827,0,3.39877,59.6451,0,2.56409,3.51835,0,0.281610,1.34565,0,0.578483E-01,-0.726066E-01,0.240679,-0.675327E-02,0.542995E-02,0.132067E-09,0.121492E-11,16.6604,416.793,418.397,0.350000,0,153.263,3.83418,3.84894,0.350000,0,290.549,290.196,96559.5,1.15753,1007.54,0.250170E-01,0.871980E-01,0.276180E-02,369.875,1937.44,0.238594E-02,19.0909,1567.56,266.432,0.707517,-5.41501,0.209039E-01,5.46108,0.658299E-12,0.792701E-14,5.46108,15.0982,268.436,277.444,0.219317,-9999,0.463918,3.47327,117.563,0.170972E-01,-1.21020,0.133413,0,27.2036,-4.12825,9.33810,23.2532,35.4626,49.7368,74.5148,-0.245012,1.01678,-66.7298,1.03842,47.1749,1.29021,5.04676,1.29021,1.06431,1.29021,800000099,800000099,800000099,800000099,800000099,800000099,800000199,800000199,80100,80100,80,81,18,17,7,0,4,2,2.56151,4.08750,0.297539,0.947930E-01,0.728469E-03,31.1276,-0.572173E-01,0.504676E-02,1.06431,16.0000,0.243333,249.000,56.2500,6.87843,97155.3,1.27516
CH-CHA_201201050200.csv,2012-01-05,04:00,5.1666,0,36000,36000,-0.275401,1,0.165380E-01,-65.3339,0,3.03466,44.5174,0,2.32940,3.45068,0,0.279665,1.00436,0,0.525535E-01,0.159528E-02,0.565895,-0.305701E-01,0.127671E-01,0.196769E-09,0.192492E-11,16.6363,416.224,417.925,0.350000,0,162.747,4.07177,4.08841,0.300000,0,290.572,290.197,96559.5,1.15742,1007.66,0.250190E-01,0.650822E-01,0.293270E-02,392.765,1937.56,0.253383E-02,20.2711,1544.79,267.216,0.997377,-5.59482,0.629306E-02,5.68303,0.236004E-12,0.118277E-13,5.68303,12.7769,265.576,280.108,0.634461E-01,-9999,0.487795,4.22724,150.997,0.133115E-01,-1.46760,0.114840,0,28.3153,-4.29695,9.71972,24.2035,36.9118,51.7694,77.5599,-0.270805,1.01697,-60.8102,1.03899,35.4245,1.29088,4.83740,1.29088,0.799210,1.29088,800000099,800000099,800000099,800000099,800000099,800000099,800000199,800000199,80000,80000,80,81,21,1,9,0,8,4,3.10998,5.04690,0.297610,0.765179E-01,0.676468E-03,30.7278,-0.521398E-01,0.483740E-02,0.799210,15.9977,0.260000,249.000,56.2500,6.94596,97104.5,1.27588
CH-CHA_201201050200.csv,2012-01-05,04:30,5.1874,0,36000,36000,-0.200856,1,0.167317E-01,-70.4985,0,4.18703,54.0684,0,3.21599,2.93293,0,0.395484,1.21999,0,0.725648E-01,0.202433,-0.324538,-0.102332E-01,-0.732280E-02,-0.127734E-09,-0.120830E-11,16.6220,416.033,417.677,0.350000,0,157.235,3.93544,3.95099,0.350000,0,290.690,290.327,96559.5,1.15696,1007.59,0.250291E-01,0.790551E-01,0.283337E-02,379.631,1953.54,0.244897E-02,19.4330,1573.91,266.771,2.55795,-4.04773,-0.467643E-01,4.78847,0.428596E-13,-0.768466E-14,4.78847,11.9291,244.420,302.291,-0.559561,-9999,0.416661,2.29455,87.2080,0.230483E-01,-1.30388,0.145142,0,25.0231,-3.79735,8.58962,21.3894,32.6201,45.7502,68.5421,-0.197745,1.01573,-65.5235,1.03579,43.1531,1.28165,4.59427,1.28165,0.973697,1.28165,800000099,800000099,800000099,800000099,800000099,800001099,800000199,800000199,80100,80100,80,80,24,7,6,4,17,2,2.27361,2.01972,0.295759,0.105288,0.107809E-02,38.9266,-0.562072E-01,0.459427E-02,0.973697,16.0000,0.208889,249.000,56.2500,7.15802,96958.0,1.27792
CH-CHA_201201050200.csv,2012-01-05,05:00,5.2083,0,36000,36000,-0.270278,0,0.183267E-01,-55.4242,0,3.92172,44.3221,0,2.29319,3.28381,0,0.479625,1.00063,0,0.517720E-01,0.902705,-0.249474,-0.401738E-01,-0.563221E-02,-0.606179E-09,-0.559111E-11,16.5596,415.284,416.881,0.350000,0,152.738,3.83038,3.84511,0.350000,0,291.260,290.907,96559.5,1.15471,1007.55,0.250782E-01,0.648410E-01,0.275233E-02,369.509,2026.36,0.238358E-02,18.2351,1656.85,266.419,3.14150,-2.88015,-0.133893E-01,4.26198,-0.184613E-12,-0.366060E-13,4.26198,11.2108,228.236,317.485,-0.179999,-9999,0.483805,2.67238,173.659,0.115744E-01,-1.25049,0.984672E-01,0,27.9149,-4.23619,9.58227,23.8612,36.3899,51.0373,76.4632,-0.266605,1.01378,-51.6031,1.03149,36.0012,1.25719,4.43884,1.25719,0.812776,1.25719,800000099,800000099,800000099,800000099,800000099,800000099,800000199,800000199,80100,80100,80,81,13,12,5,7,19,15,1.95491,3.08647,0.303373,0.114829,0.168600E-02,21.9481,-0.443545E-01,0.443884E-02,0.812776,16.0000,0.203333,249.000,56.2500,7.69318,96886.6,1.28970
CH-CHA_201201050200.csv,2012-01-05,05:30,5.2291,0,36000,36000,-0.424581E-01,0,0.486220E-02,-30.0366,0,2.46405,22.1843,0,1.55761,2.04459,0,0.389030,0.500483,0,0.351402E-01,-1.15634,0.718212,0.152254,0.162030E-01,0.573799E-10,0.567035E-12,16.7135,418.117,419.852,0.300000,0,165.165,4.13188,4.14902,0.300000,0,290.547,290.166,96559.5,1.15752,1007.70,0.250167E-01,0.324313E-01,0.297626E-02,398.556,1933.73,0.257124E-02,20.6108,1535.17,267.408,2.64436,0.378592,0.536300E-01,2.67186,-0.180037E-12,0.343315E-14,2.67186,5.39757,178.838,8.14764,1.15013,-9999,0.191521,0.528434,19.8791,0.101111,-1.35396,0.134455,0,-9999,-9999,-9999,-9999,-9999,-9999,-9999,-0.418117E-01,1.01546,-28.0441,1.03351,17.3838,1.30825,2.53683,1.30825,0.392184,1.30825,800000099,800000099,800000099,800000099,800000099,800100099,800000199,800000199,80000,80000,80,81,13,15,6,2,2,2,0.489182,0.483289,0.843977E-01,0.975652E-01,0.307833E-02,24.6095,-0.240427E-01,0.253683E-02,0.392184,16.0000,0.225556,249.000,56.2500,7.25125,96793.2,1.27463
CH-CHA_201201050200.csv,2012-01-05,06:00,5.2499,0,36000,36000,-0.189974,1,0.207659E-01,-82.5686,1,11.3652,24.0062,0,2.08098,8.13079,1,1.76816,0.542369,0,0.470154E-01,2.32681,-0.713971E-01,-0.224284,-0.161307E-02,-0.645119E-09,-0.639273E-11,16.4610,413.922,415.627,0.350000,0,163.118,4.10171,4.11860,0.350000,0,292.043,291.664,96559.5,1.15159,1007.72,0.251456E-01,0.351455E-01,0.293939E-02,395.650,2125.06,0.255246E-02,18.6183,1729.41,267.312,2.56339,-2.29322,-0.153307E-01,3.43948,-0.342805E-12,-0.391908E-13,3.43948,10.9969,223.841,318.184,-0.255383,-9999,0.406161,2.57509,68.9752,0.291409E-01,-3.43947,0.175179,0,27.5293,-4.17768,9.44991,23.5316,35.8872,50.3323,75.4070,-0.187479,1.01331,-79.0346,1.02982,20.3907,1.25886,9.47058,1.25886,0.460685,1.25886,800000099,800000099,800000099,800000099,800000099,800100099,800000099,800000099,81000,81000,80,81,35,21,11,7,9,26,2.54392,2.38487,0.221378,0.475859,0.148494E-01,28.6578,-0.681054E-01,0.947058E-02,0.460685,16.0000,0.346667,249.000,56.2500,8.09998,96699.1,1.30186
CH-CHA_201201050200.csv,2012-01-05,06:30,5.2707,0,36000,36000,-0.199590,1,0.183907E-01,-58.9549,0,3.43161,65.4812,0,11.8098,-16.7006,1,4.05081,1.48012,0,0.266946,0.774090,0.161801,0.428153E-01,0.365732E-02,-0.218340E-09,-0.219550E-11,16.4644,414.724,416.461,6.25000,0,165.556,4.17023,4.18770,0.350000,0,292.549,292.163,96559.5,1.14959,1007.77,0.251892E-01,0.959118E-01,0.298333E-02,402.250,2192.40,0.259512E-02,18.3475,1790.15,267.529,2.81856,-3.80516,-0.682140E-01,4.73584,0.980334E-13,-0.132613E-13,4.73584,12.4874,239.612,306.528,-0.825305,-9999,0.416674,2.54860,104.302,0.192709E-01,-0.900333,0.122129,0,26.2459,-3.98292,9.00938,22.4346,34.2142,47.9859,71.8917,-0.196581,1.01530,-53.8459,1.03491,52.1116,1.27580,-11.3230,1.27580,1.17792,1.27580,800000099,800000099,800000099,800000099,800001199,800001199,800000199,801000199,80000,81000,80,80,8,8,8,2,10,4,2.78691,2.04777,0.262521,0.120174,0.129973,479.429,-0.464782E-01,-0.113230E-01,1.17792,15.9969,0.264444,249.094,56.8385,9.31699,96655.3,1.31909
CH-CHA_201201050200.csv,2012-01-05,07:00,5.2916,0,36000,36000,-0.263548,1,0.229141E-01,-72.9890,0,4.25255,85.0623,0,20.3193,-12.4618,1,5.61770,1.92244,0,0.459224,-0.238480,0.759725,-0.192418E-01,0.171701E-01,-0.829413E-10,-0.899101E-12,16.4570,414.364,416.233,7.00000,0,178.398,4.49179,4.51206,0.300000,0,292.425,292.009,96559.5,1.15006,1007.93,0.251785E-01,0.124574,0.321473E-02,433.223,2171.45,0.279527E-02,19.9508,1738.23,268.507,3.34898,-5.00539,-0.560976E-01,6.02269,-0.823404E-13,-0.503987E-14,6.02269,14.5246,242.678,303.785,-0.533682,-9999,0.478707,3.59707,127.761,0.157325E-01,-0.858064,0.131533,0,24.8042,-3.76414,8.51449,21.2023,32.3348,45.3500,67.9426,-0.258904,1.01794,-66.1352,1.04114,66.3841,1.30126,-7.46106,1.30126,1.50031,1.30126,800000099,800000099,800000099,800000099,800001199,800001199,800000199,801000199,81100,81100,80,80,15,9,6,9,45,6,3.57714,3.21792,0.399071,0.110714,0.111475,825.277,-0.570532E-01,-0.746106E-02,1.50031,15.9977,0.363333,249.077,56.7296,9.17868,96619.4,1.31462
CH-CHA_201201050200.csv,2012-01-05,07:30,5.3124,0,36000,36000,-0.131669,1,0.143171E-01,-44.1525,0,3.46041,42.2519,0,19.8925,-6.16278,1,8.50749,0.954407,0,0.449342,-0.847143,0.315753E-01,0.454312,0.713239E-03,-0.215476E-09,-0.229569E-11,16.8257,422.856,424.770,-1.00000,0,179.261,4.50512,4.52551,0.350000,0,291.881,291.464,96559.5,1.15220,1007.93,0.251316E-01,0.618456E-01,0.323028E-02,434.507,2098.64,0.280357E-02,20.7042,1664.14,268.546,2.65365,-3.90509,-0.452112E-01,4.72162,0.218068E-12,-0.128064E-13,4.72162,11.7625,241.313,304.198,-0.548637,-9999,0.338048,2.29913,74.3735,0.270258E-01,-1.04498,0.112465,0,23.2436,-3.52730,7.97876,19.8682,30.3003,42.4966,63.6677,-0.129614,1.01586,-40.6280,1.03597,33.5577,1.28426,-3.40360,1.28426,0.758020,1.28426,800000099,800000099,800000099,800000099,800000099,800001199,800000199,800000199,81000,81000,80,81,45,6,12,1,51,1,2.28454,2.07961,0.234113,0.143933,0.912408,2541.83,-0.349838E-01,-0.340360E-02,0.758020,16.0000,0.255556,249.191,57.4443,8.56989,96558.8,1.29890
CH-CHA_201201050200.csv,2012-01-05,08:00,5.3332,0,36000,36000,-0.160388,1,0.149714E-01,-49.4500,0,4.17552,-87.8767,0,31.5966,33.1782,0,12.1740,-1.98355,0,0.713197,-1.18561,-0.943962,0.376266,-0.213071E-01,-0.328063E-10,-0.313503E-12,17.1517,429.871,431.644,7.05000,0,163.904,4.10792,4.12486,9.75000,0,291.083,290.704,96559.5,1.15539,1007.70,0.250629E-01,-0.128534,0.295356E-02,396.248,2000.59,0.255633E-02,19.8065,1604.34,267.332,4.80155,-2.31452,0.390818E-01,5.33043,-0.169221E-13,-0.191272E-14,5.33043,12.0038,212.671,334.264,0.420087,-9999,0.372582,2.22007,88.9004,0.226096E-01,0.562720,0.113995,0,22.3481,-3.39141,7.67138,19.1028,29.1330,40.8595,61.2149,-0.157679,1.01718,-51.7136,1.03907,-66.6503,1.29715,28.1663,1.29715,-1.50443,1.29715,800000099,800000099,800000099,800000099,800001099,800001099,800000199,800000199,80000,80000,80,80,20,18,2,12,29,7,2.49992,1.62648,0.313738,0.124852,0.705876,2402.65,-0.444168E-01,0.281663E-01,-1.50443,16.0000,0.291111,249.486,59.2849,7.42311,96499.9,1.27405
CH-CHA_201201050800.csv,2012-01-05,08:30,5.3541,1,36000,36000,-0.161076,1,0.140994E-01,-53.0581,0,5.48218,-9999,-9999,-9999,97.0277,1,41.5174,-9999,-9999,-9999,-0.706420,-9999,4.64403,-9999,0.239619E-09,-9999,20.6551,516.196,516.196,-0.700000,0,-9999,-9999,-9999,-9999,0,290.251,290.251,96559.5,1.15899,1005.48,0.249913E-01,-9999,-9999,-9999,1944.20,-9999,-9999,-9999,-9999,4.13201,-1.72890,0.663874E-01,4.47962,-0.322325E-13,0.116010E-13,4.47962,10.4792,209.710,337.295,0.849146,-9999,0.372800,1.62140,82.9462,0.242326E-01,-9999,0.122130,0,25.2190,-3.82708,8.65686,21.5568,32.8755,46.1083,69.0787,-0.158664,1.01520,-51.2898,1.03448,-9999,-9999,78.5194,1.27698,-9999,-9999,800000099,800000199,800000099,800001199,800000099,800001099,800000199,800000199,80100,80100,80,80,12,9,1,10,15,0,1.83192,1.17869,0.232197,0.173878,9.35628,-9999,-0.440127E-01,0.785194E-01,-9999,16.0000,0.239809,251.352,70.9528,6.95898,96500.0,1.26089
CH-CHA_201201050800.csv,2012-01-05,09:00,5.3749,1,36000,36000,-0.342473E-01,1,0.579332E-02,-18.4959,1,7.28640,-9999,-9999,-9999,-17.6590,2,16.2411,-9999,-9999,-9999,-3.02306,-9999,3.25827,-9999,-0.135731E-09,-9999,23.2164,576.361,576.361,10.0000,0,-9999,-9999,-9999,-9999,0,288.326,288.326,96559.5,1.16673,1005.44,0.248256E-01,-9999,-9999,-9999,1719.51,-9999,-9999,-9999,-9999,1.65740,-0.865369,0.778486E-02,1.86973,-0.793076E-14,-0.584632E-14,1.86973,5.83579,216.279,332.430,0.238559,-9999,0.171328,0.610542,23.0947,0.870328E-01,-9999,0.920289E-01,0,-9999,-9999,-9999,-9999,-9999,-9999,-9999,-0.337916E-01,1.01349,-17.9792,1.02874,-9999,-9999,-12.7839,1.28203,-9999,-9999,800000099,800001199,800000099,800001199,800101199,800101199,800000199,801110199,80000,80000,80,81,2,5,2,2,4,9,0.857028,0.310117,0.539397E-01,0.561809,12.8130,-9999,-0.153267E-01,-0.127839E-01,-9999,16.0000,0.357778,252.892,80.5778,6.83789,96464.8,1.25546
CH-CHA_201201050800.csv,2012-01-05,09:30,5.3957,1,36000,36000,-0.251196E-01,0,0.570558E-02,-12.1739,0,2.95268,-9999,-9999,-9999,-42.0630,2,34.0164,-9999,-9999,-9999,-3.22902,-9999,-1.07801,-9999,0.530251E-10,-9999,22.5802,556.596,556.596,3.55000,0,-9999,-9999,-9999,-9999,0,286.285,286.285,96559.5,1.17504,1005.39,0.246498E-01,-9999,-9999,-9999,1506.41,-9999,-9999,-9999,-9999,1.23128,-0.611807,0.349797E-01,1.37534,0.358994E-13,0.234830E-14,1.37534,3.59139,213.898,333.578,1.45738,-9999,0.146211,0.315740,21.8067,0.921734E-01,-9999,0.704793E-01,0,-9999,-9999,-9999,-9999,-9999,-9999,-9999,-0.247913E-01,1.01324,-11.8476,1.02754,-9999,-9999,-32.2664,1.27843,-9999,-9999,800000099,800000199,800000099,800001199,800001199,800001199,800100199,800110199,81000,81000,80,80,5,7,9,0,11,3,0.348976,0.240950,0.415545E-01,0.938221E-01,12.8893,-9999,-0.100286E-01,-0.322664E-01,-9999,16.0000,0.228889,254.113,88.2089,6.78357,96400.7,1.25405
CH-CHA_201201050800.csv,2012-01-05,10:00,5.4165,1,36000,36000,-0.478426E-01,0,0.478191E-02,-15.3045,0,1.59075,-9999,-9999,-9999,27.7950,1,46.5649,-9999,-9999,-9999,-0.378863,-9999,3.61005,-9999,0.997533E-10,-9999,25.2842,622.730,622.730,4.20000,0,-9999,-9999,-9999,-9999,0,286.045,286.045,96559.5,1.17603,1005.39,0.246292E-01,-9999,-9999,-9999,1483.02,-9999,-9999,-9999,-9999,2.50888,-0.963307,0.521940E-01,2.68797,-0.393321E-13,0.394528E-14,2.68797,5.76044,208.008,338.995,1.11262,-9999,0.201697,0.540338,45.5362,0.441407E-01,-9999,0.641758E-01,0,21.2840,-3.22993,7.30611,18.1933,27.7459,38.9140,58.3002,-0.472394E-01,1.01277,-14.8868,1.02806,-9999,-9999,22.9896,1.25879,-9999,-9999,800000099,800000199,800000099,800001199,800001199,800001199,800000199,800010199,80000,80000,80,80,9,7,3,12,15,0,0.553697,0.423110,0.103870,0.287584E-01,15.7150,-9999,-0.125907E-01,0.229896E-01,-9999,16.0000,0.303333,254.993,93.7080,6.76842,96309.4,1.25657
CH-CHA_201201050800.csv,2012-01-05,10:30,5.4374,1,36000,36000,-0.470646E-01,0,0.438631E-02,-17.7024,0,1.61196,-9999,-9999,-9999,-79.6453,0,32.9827,-9999,-9999,-9999,0.592182E-01,-9999,-5.90432,-9999,-0.348636E-10,-9999,20.8893,514.553,514.553,7.15000,0,-9999,-9999,-9999,-9999,0,286.083,286.083,96559.5,1.17587,1005.39,0.246324E-01,-9999,-9999,-9999,1486.66,-9999,-9999,-9999,-9999,2.06326,-1.09134,0.172319E-01,2.33417,0.208731E-13,-0.166897E-14,2.33417,5.76845,215.195,332.124,0.422988,-9999,0.200063,0.468310,38.4193,0.523175E-01,-9999,0.748466E-01,0,23.0924,-3.50436,7.92688,19.7390,30.1033,42.2203,63.2537,-0.464794E-01,1.01259,-17.2310,1.02736,-9999,-9999,-62.3617,1.25962,-9999,-9999,800000099,800000199,800000099,800001199,800001199,800001199,800000199,800010199,80000,80000,80,80,8,21,5,5,16,4,0.477191,0.376082,0.833462E-01,0.254829E-01,10.2806,-9999,-0.145753E-01,-0.623617E-01,-9999,16.0000,0.225556,254.818,92.6151,6.93186,96286.2,1.25980
CH-CHA_201201050800.csv,2012-01-05,11:00,5.4582,1,36000,36000,-0.110305,1,0.139906E-01,-27.8855,0,2.53717,-9999,-9999,-9999,-107.678,1,31.3420,-9999,-9999,-9999,0.421194,-9999,-1.38925,-9999,0.482400E-09,-9999,19.8365,489.076,489.076,1.30000,0,-9999,-9999,-9999,-9999,0,286.349,286.349,96559.5,1.17478,1005.39,0.246553E-01,-9999,-9999,-9999,1512.77,-9999,-9999,-9999,-9999,2.28362,-2.33201,-0.409911E-01,3.26418,-0.556324E-13,0.243188E-13,3.26418,9.99169,230.570,314.399,-0.719532,-9999,0.306421,1.72742,87.6318,0.229369E-01,-9999,0.770491E-01,0,24.9020,-3.77897,8.54804,21.2858,32.4622,45.5287,68.2103,-0.108929,1.01263,-27.1183,1.02829,-9999,-9999,-84.8859,1.24924,-9999,-9999,800000099,800000199,800000099,800001199,800001099,800001199,800010199,800010199,80000,80000,80,81,12,8,2,0,5,3,1.77428,1.51864,0.161912,0.491350E-01,8.08608,-9999,-0.229599E-01,-0.848859E-01,-9999,16.0000,0.266667,254.867,92.9218,7.10551,96220.6,1.26234
CH-CHA_201201050800.csv,2012-01-05,11:30,5.4790,1,36000,36000,-0.296318,0,0.249030E-01,-41.4990,0,2.99976,-9999,-9999,-9999,88.5247,0,33.9978,-9999,-9999,-9999,0.244989,-9999,2.79584,-9999,0.110697E-09,-9999,21.9053,540.376,540.376,4.15000,0,-9999,-9999,-9999,-9999,0,286.504,286.504,96559.5,1.17414,1005.40,0.246687E-01,-9999,-9999,-9999,1528.15,-9999,-9999,-9999,-9999,3.28505,-4.09855,-0.571947E-01,5.25290,0.810341E-13,0.505341E-14,5.25290,11.5270,237.798,308.713,-0.623861,-9999,0.502363,2.55813,259.478,0.774631E-02,-9999,0.699780E-01,0,26.5814,-4.03383,9.12454,22.7214,34.6516,48.5993,72.8107,-0.291774,1.01557,-40.0608,1.03590,-9999,-9999,71.5518,1.27478,-9999,-9999,800000099,800000199,800000099,800001199,800001199,800001199,800000199,800010199,81000,81000,80,80,23,6,2,8,41,10,2.55135,2.19525,0.369671,0.400330E-01,5.64220,-9999,-0.339360E-01,0.715518E-01,-9999,16.0000,0.202222,254.692,91.8222,7.00249,96188.5,1.26121
CH-CHA_201201050800.csv,2012-01-05,12:00,5.4999,1,36000,36000,-0.253217,1,0.186961E-01,-25.0706,0,3.12799,-9999,-9999,-9999,-26.0262,0,28.2550,-9999,-9999,-9999,0.500004,-9999,-2.10642,-9999,0.123165E-09,-9999,20.3144,501.683,501.683,2.70000,0,-9999,-9999,-9999,-9999,0,286.821,286.821,96559.5,1.17285,1005.40,0.246959E-01,-9999,-9999,-9999,1560.00,-9999,-9999,-9999,-9999,4.10919,-3.07639,0.158514E-01,5.13321,-0.546641E-13,0.606293E-14,5.13321,13.3518,225.079,323.179,0.176930,-9999,0.464649,2.98710,339.859,0.591422E-02,-9999,0.457571E-01,0,24.3893,-3.70117,8.37206,20.8476,31.7939,44.5914,66.8061,-0.249434,1.01516,-24.2229,1.03500,-9999,-9999,-19.3092,1.26988,-9999,-9999,800000099,800001199,800000099,800001199,800001099,800001199,800010199,800010199,80000,80100,80,80,8,24,8,50,33,0,2.94318,2.63885,0.392172,0.621993E-01,3.93661,-9999,-0.205421E-01,-0.193092E-01,-9999,16.0000,0.306667,254.087,88.0441,7.13137,96054.2,1.26478
CH-CHA_201201050800.csv,2012-01-05,12:30,5.5207,1,36000,36000,-0.219548,0,0.149691E-01,-7.18816,2,3.31826,-9999,-9999,-9999,25.2223,1,34.7308,-9999,-9999,-9999,1.36472,-9999,2.79427,-9999,0.641243E-10,-9999,22.3316,553.166,553.166,10.0000,0,-9999,-9999,-9999,-9999,0,287.688,287.688,96559.5,1.16931,1005.42,0.247706E-01,-9999,-9999,-9999,1650.20,-9999,-9999,-9999,-9999,3.96752,-2.80471,-0.182843E-01,4.85880,-0.195589E-12,0.287147E-14,4.85880,11.3916,222.410,324.743,-0.215612,-9999,0.433311,2.07835,961.339,0.209083E-02,-9999,0.141104E-01,0,24.6589,-3.74209,8.46461,21.0781,32.1454,45.0844,67.5446,-0.216456,1.01428,-6.95833,1.03303,-9999,-9999,20.4060,1.25928,-9999,-9999,800000099,800000199,800000099,800001199,800001199,800001199,800010199,800010199,80100,80100,80,80,5,45,6,3,9,3,1.94721,1.87769,0.331809,0.208139,3.64594,-9999,-0.591869E-02,0.204060E-01,-9999,15.9977,0.262222,253.769,86.0555,7.43303,95941.5,1.27002
CH-CHA_201201050800.csv,2012-01-05,13:00,5.5415,1,36000,36000,-0.286609,1,0.224779E-01,-58.3360,0,6.06417,-9999,-9999,-9999,45.7138,1,43.1386,-9999,-9999,-9999,0.101585,-9999,-2.36665,-9999,0.201812E-09,-9999,20.5662,509.552,509.552,6.80000,0,-9999,-9999,-9999,-9999,0,287.752,287.752,96559.5,1.16905,1005.42,0.247762E-01,-9999,-9999,-9999,1657.10,-9999,-9999,-9999,-9999,3.48892,-4.13969,-0.557436E-01,5.41412,-0.101218E-12,0.981279E-14,5.41412,14.6150,236.107,310.124,-0.589926,-9999,0.495140,3.80668,176.744,0.113724E-01,-9999,0.100236,0,25.0483,-3.80117,8.59826,21.4109,32.6530,45.7962,68.6111,-0.282030,1.01624,-56.2366,1.03733,-9999,-9999,38.3984,1.28289,-9999,-9999,800000099,800000199,800000099,800001199,800001199,800001199,800000199,800000199,81100,81100,80,81,40,49,15,73,25,1,3.73218,3.46456,0.416617,0.201833,8.29772,-9999,-0.478450E-01,0.383984E-01,-9999,16.0000,0.213333,253.463,84.1457,7.39014,95881.3,1.26920
CH-CHA_201201050800.csv,2012-01-05,13:30,5.5624,1,36000,36000,-0.325368,0,0.199085E-01,-65.7858,0,4.35766,-9999,-9999,-9999,11.4581,0,12.1738,-9999,-9999,-9999,0.346922,-9999,-1.36196,-9999,-0.635463E-10,-9999,19.5375,484.434,484.434,9.90000,0,-9999,-9999,-9999,-9999,0,287.973,287.973,96559.5,1.16816,1005.43,0.247952E-01,-9999,-9999,-9999,1680.85,-9999,-9999,-9999,-9999,3.81629,-5.48428,-0.858378E-01,6.68197,0.232867E-13,-0.325254E-14,6.68197,14.3320,241.915,304.832,-0.736052,-9999,0.527760,3.40717,189.792,0.105905E-01,-9999,0.106131,0,25.3088,-3.84071,8.68769,21.6336,32.9926,46.2726,69.3247,-0.319284,1.01906,-63.0214,1.04386,-9999,-9999,11.6387,1.31099,-9999,-9999,800000099,800000199,800000099,800001199,800001099,800011099,800000199,800000199,81000,81000,80,80,35,14,5,115,18,8,2.92482,3.42828,0.461232,0.141065,1.23131,-9999,-0.536582E-01,0.116387E-01,-9999,16.0000,0.253333,253.012,81.3250,7.38955,95810.4,1.27179
CH-CHA_201201050800.csv,2012-01-05,14:00,5.5832,1,36000,36000,-0.614821,0,0.606658E-01,-48.5065,0,4.08063,137.819,1,45.8428,-38.9268,1,16.1328,3.10369,1,1.03238,0.531923,-9999,-1.76305,-9999,-0.274172E-09,-0.784723E-12,18.1951,451.867,452.452,0.300000,0,52.0774,1.29332,1.29499,0.200000,0,288.430,288.312,96559.5,1.16621,1006.13,0.248345E-01,0.201119,0.938434E-03,124.864,1717.89,0.804685E-03,7.26845,1593.03,253.106,3.46547,-6.06565,-0.118264,6.98682,0.117228E-12,-0.150684E-13,6.98682,15.9802,247.105,299.740,-0.969881,-9999,0.726081,4.30793,670.416,0.299814E-02,-0.351958,0.569356E-01,0,30.2461,-4.58996,10.3825,25.8539,39.4288,55.2995,82.8488,-0.603416,1.01890,-40.1443,1.04386,105.573,1.30689,-28.8625,1.30689,2.37751,1.30689,800000099,800000099,800000099,800000199,800000099,800000099,800000199,800000199,80100,80100,80,80,15,28,7,70,31,0,3.96767,4.08906,0.559142,0.764125E-01,0.245014,953.201,-0.342132E-01,-0.288625E-01,2.37751,15.9981,0.185556,250.909,68.1822,7.57716,95743.9,1.27549
CH-CHA_201201051400.csv,2012-01-05,14:30,5.6040,1,36000,36000,-0.745668,0,0.447681E-01,-61.9242,0,5.58857,132.954,1,49.9201,-81.6875,1,27.5534,2.99400,1,1.12416,-0.640609E-01,-0.223491,0.281428,-0.503283E-02,-0.601736E-09,-0.158031E-11,18.4076,457.065,457.614,4.40000,0,48.3428,1.20036,1.20181,0.100000,0,288.381,288.271,96559.5,1.16642,1006.08,0.248302E-01,0.194011,0.871138E-03,115.894,1713.40,0.746848E-03,6.76397,1597.50,252.247,4.52213,-7.04170,-0.237363,8.37194,0.708967E-13,-0.326896E-13,8.37194,17.4628,244.048,302.708,-1.62468,-9999,0.799549,5.16879,701.226,0.286641E-02,-0.465758,0.659978E-01,0,29.2849,-4.44409,10.0525,25.0323,38.1758,53.5421,80.2158,-0.729563,1.02207,-52.9598,1.05108,99.5143,1.33837,-59.5396,1.33837,2.24098,1.33837,800000099,800000199,800000099,800100199,800001099,800011099,800000199,810000199,81000,81100,80,80,19,26,1,175,69,0,4.76908,4.83347,0.735035,0.114726,0.527830,1001.68,-0.451295E-01,-0.595396E-01,2.24098,15.9973,0.291111,252.913,80.7063,7.71044,95663.3,1.27572
CH-CHA_201201051400.csv,2012-01-05,15:00,5.6249,1,36000,36000,-0.510402,1,0.311527E-01,-69.7586,0,5.68887,75.1319,0,16.6444,5.73353,1,5.11476,1.69192,0,0.374820,0.104503E-01,9.01374,-2.42718,0.202983,-0.112354E-09,-0.135031E-11,16.5799,412.183,414.235,9.95000,0,199.263,4.95376,4.97843,0.300000,0,288.731,288.277,96559.5,1.16474,1008.10,0.248604E-01,0.109636,0.359073E-02,477.709,1714.05,0.308285E-02,27.8701,1236.35,269.809,4.67069,-6.95742,-0.104736,8.38045,-0.978385E-13,-0.677650E-14,8.38045,23.2760,243.002,303.876,-0.716080,-9999,0.661974,5.53523,353.479,0.568633E-02,-0.928482,0.897480E-01,0,25.8893,-3.92880,8.88695,22.1298,33.7493,47.3338,70.9147,-0.499192,1.02246,-62.9874,1.05179,57.0297,1.34288,6.29549,1.34288,1.28427,1.34288,800000099,800000099,800000099,800100099,800000099,810001099,800000199,801000199,80000,80100,80,80,37,19,3,24,8,7,5.00442,5.38039,0.685659,0.179896,0.776976E-01,892.913,-0.536441E-01,0.629549E-02,1.28427,15.9977,0.307778,249.687,60.5464,8.04114,95577.3,1.28902
CH-CHA_201201051400.csv,2012-01-05,15:30,5.6457,1,36000,36000,-0.429798,1,0.311423E-01,-90.7317,0,6.62285,79.1934,0,36.0954,-11.5784,0,8.66964,1.78600,0,0.814036,2.38181,-0.134174,0.237697,-0.302593E-02,0.153220E-09,0.180123E-11,16.6699,416.602,418.652,7.25000,0,195.969,4.89752,4.92162,0.300000,0,290.251,289.801,96559.5,1.15865,1008.10,0.249913E-01,0.115733,0.353136E-02,472.293,1889.35,0.304783E-02,24.9977,1417.06,269.656,4.33078,-6.86005,-0.431445E-01,8.11279,0.867512E-13,0.919140E-14,8.11279,21.0501,244.462,302.264,-0.304705,-9999,0.609055,5.00600,211.670,0.949589E-02,-1.14570,0.127540,0,25.2622,-3.83364,8.67171,21.5938,32.9319,46.1874,69.1972,-0.420429,1.02228,-82.7739,1.05122,60.4475,1.34224,-5.85080,1.34224,1.36323,1.34224,800000099,800000099,800000099,800100099,800001099,800001199,800000199,801000199,80100,80100,80,80,40,28,7,5,56,27,4.86267,4.53222,0.617104,0.190577,0.293935,2610.07,-0.708661E-01,-0.585080E-02,1.36323,15.9977,0.262222,250.166,63.5354,8.17454,95506.6,1.29363
CH-CHA_201201051400.csv,2012-01-05,16:00,5.6665,1,36000,36000,-0.402856,1,0.287068E-01,-101.447,0,4.55428,66.7468,0,5.80549,-2.51096,1,0.676397,1.50542,0,0.130938,0.136670,3.09976,-0.717898,0.699126E-01,0.240857E-09,0.370203E-11,16.1240,403.248,405.763,0.300000,0,247.830,6.19802,6.23667,0.300000,0,290.458,289.888,96559.5,1.15773,1008.81,0.250091E-01,0.975514E-01,0.446590E-02,597.461,1899.82,0.385746E-02,31.4483,1302.36,272.842,3.90816,-6.97016,-0.541914E-01,7.99123,0.156064E-12,0.149378E-13,7.99123,18.0193,247.406,299.279,-0.388546,-9999,0.589890,5.45351,172.035,0.116837E-01,-1.51988,0.147249,0,25.1569,-3.81765,8.63554,21.5037,32.7945,45.9948,68.9085,-0.394084,1.02226,-93.5530,1.05106,51.8566,1.34267,1.27686,1.34267,1.16959,1.34267,800000099,800000099,800000099,800000099,800001099,800001199,800000199,801000199,80000,80000,80,80,27,22,6,2,50,12,5.14932,5.17274,0.584961,0.107358,0.625224E-02,98.0485,-0.801018E-01,0.127686E-02,1.16959,15.9977,0.370000,249.194,57.4627,8.66047,95481.3,1.31044
CH-CHA_201201051400.csv,2012-01-05,16:30,5.6873,1,36000,36000,-0.485604,1,0.279229E-01,-92.2047,0,4.72302,165.187,0,34.9740,-20.5641,0,5.78603,3.72696,0,0.789083,0.557451,-3.23554,0.609779,-0.730001E-01,0.106415E-09,0.124202E-11,16.5647,414.600,416.616,2.35000,0,193.334,4.83900,4.86253,0.300000,0,290.691,290.245,96559.5,1.15690,1008.08,0.250291E-01,0.241507,0.348389E-02,466.659,1943.38,0.301141E-02,24.0128,1476.72,269.496,3.55742,-7.21202,-0.280668E-01,8.04172,-0.121596E-12,0.642420E-14,8.04172,17.8061,251.092,296.255,-0.199971,-9999,0.647879,5.22038,250.713,0.801712E-02,-0.558182,0.122031,0,27.4867,-4.17122,9.43531,23.4953,35.8318,50.2545,75.2905,-0.475199,1.02190,-80.3295,1.05043,124.611,1.33795,-13.1508,1.33795,2.81147,1.33795,800000099,800000099,800000099,800100099,800000099,800000099,800000199,810000199,80100,80100,80,80,5,25,4,0,34,9,4.70628,5.16902,0.565463,0.140736,0.115526,2351.55,-0.688788E-01,-0.131508E-01,2.81147,16.0000,0.285556,249.612,60.0748,8.52111,95475.5,1.29969
CH-CHA_201201051400.csv,2012-01-05,17:00,5.7082,0,36000,36000,-0.312796,1,0.222543E-01,-62.5760,0,4.17521,-42.0852,1,24.2251,15.3986,1,12.4479,-0.949549,1,0.546580,0.408255E-01,2.22539,-0.156595,0.502105E-01,0.156868E-09,0.220017E-11,16.4418,411.683,414.074,8.45000,0,230.606,5.77411,5.80765,1.70000,0,290.803,290.271,96559.5,1.15639,1008.59,0.250388E-01,-0.615308E-01,0.415553E-02,556.673,1946.56,0.359355E-02,28.5977,1389.89,271.875,3.14451,-5.51701,-0.223506E-01,6.35027,0.225516E-12,0.954079E-14,6.35027,15.3019,247.437,299.682,-0.201660,-9999,0.520091,3.52975,191.137,0.105160E-01,1.48689,0.103160,0,26.0521,-3.95351,8.94286,22.2690,33.9616,47.6316,71.3608,-0.307171,1.01831,-62.0227,1.04215,-30.6475,1.30364,14.4426,1.30364,-0.691487,1.30364,800000099,800000099,800000099,800001199,800001199,800001199,800000199,800000199,81100,81100,80,80,23,37,9,1,43,7,3.19895,3.44390,0.416653,0.130704,1.44591,2193.37,-0.531783E-01,0.144426E-01,-0.691487,15.9930,0.451111,249.281,58.0043,8.31441,95436.5,1.30609
CH-CHA_201201051400.csv,2012-01-05,17:30,5.7290,0,36000,36000,-0.346432,2,0.243510E-01,-480.252,1,86.0026,-9999,-9999,-9999,-9999,-9999,-9999,-9999,-9999,-9999,-9.06954,-9999,-9999,-9999,-9999,-9999,-9999,-9999,-9999,-9999,0,-9999,-9999,-9999,-9999,0,284.571,284.571,96559.5,1.18212,1005.35,0.245023E-01,-9999,-9999,-9999,1345.85,-9999,-9999,-9999,-9999,-5.85723,-4.88259,0.542118,7.64398,0.184423E-12,0.382454E-13,7.64398,23.1570,323.568,219.821,4.06689,-9999,0.541350,8.32947,28.0565,0.716412E-01,-9999,0.746466,0,21.6122,-3.27973,7.41876,18.4738,28.1736,39.5139,59.1991,-0.336939,1.02818,-452.360,1.06166,-9999,-9999,-9999,-9999,-9999,-9999,800000099,800001199,800000099,800101199,800001199,800001199,810010199,811010199,80100,80100,80,80,55,41,6,106,27,12,9.65789,6.28087,0.720171,12.5778,-9999,-9999,-0.380630,-9999,-9999,16.0000,0.296667,254.254,89.0852,5.45705,95709.9,1.22898
CH-CHA_201201051400.csv,2012-01-05,18:00,5.7498,0,36000,36000,-0.999365E-01,1,0.832607E-02,-51.6718,1,7.48646,-9999,-9999,-9999,-9999,-9999,-9999,-9999,-9999,-9999,-1.71475,-9999,-9999,-9999,-9999,-9999,-9999,-9999,-9999,-9999,0,-9999,-9999,-9999,-9999,0,283.498,283.498,96559.5,1.18660,1005.33,0.244098E-01,-9999,-9999,-9999,1253.10,-9999,-9999,-9999,-9999,-1.45384,-3.54746,0.584886E-01,3.83426,0.960165E-12,-0.197353E-13,3.83426,9.61725,297.001,247.715,0.874037,-9999,0.290209,1.47768,40.1732,0.500334E-01,-9999,0.149255,0,25.1895,-3.82261,8.64675,21.5316,32.8371,46.0545,68.9980,-0.984107E-01,1.01550,-49.9471,1.03453,-9999,-9999,-9999,-9999,-9999,-9999,800000099,800000199,800000099,800001199,800001199,800011199,800000199,800010199,80100,80100,80,81,13,14,11,47,30,12,1.57003,1.24421,0.141122,0.271071,-9999,-9999,-0.418694E-01,-9999,-9999,15.9938,0.315556,254.408,90.0511,4.02608,95834.0,1.21764
CH-CHA_201201051400.csv,2012-01-05,18:30,5.7707,0,36000,36000,-0.800585E-01,0,0.944261E-02,-14.7283,0,2.30227,-9999,-9999,-9999,121.149,1,48.0789,-9999,-9999,-9999,0.893668,-9999,-9999,-9999,0.205999E-09,-9999,31.1774,762.540,762.540,10.0000,0,-9999,-9999,-9999,-9999,0,284.058,284.058,96559.5,1.18425,1005.34,0.244581E-01,-9999,-9999,-9999,1300.80,-9999,-9999,-9999,-9999,1.10029,-1.05332,0.120517E-01,1.52324,-0.519260E-12,0.660729E-14,1.52324,6.06586,220.711,316.249,0.453320,-9999,0.260005,1.40423,101.357,0.198309E-01,-9999,0.475786E-01,0,27.7300,-4.20813,9.51880,23.7032,36.1488,50.6992,75.9567,-0.792319E-01,1.01043,-14.4169,1.02160,-9999,-9999,100.648,1.21718,-9999,-9999,800000099,800001199,800000099,800001199,800001199,800101199,800010199,800110199,80100,80100,80,81,10,5,8,5,3,5,0.917412,1.80197,0.890870E-01,0.420559E-01,13.2018,-9999,-0.121091E-01,0.100648,-9999,15.9942,0.405556,254.360,89.7489,4.63189,95832.4,1.22568
CH-CHA_201201051400.csv,2012-01-05,19:00,5.7915,0,36000,36000,-0.104165,1,0.149961E-01,-39.3677,1,8.08976,-9999,-9999,-9999,29.3958,2,19.2150,-9999,-9999,-9999,0.492983,-9999,-7.64586,-9999,-0.179758E-09,-9999,25.4565,623.295,623.295,0.500000E-01,0,-9999,-9999,-9999,-9999,0,284.368,284.368,96559.5,1.18297,1005.35,0.244847E-01,-9999,-9999,-9999,1327.83,-9999,-9999,-9999,-9999,2.03617,0.100191,0.470893E-01,2.03918,-0.515301E-12,-0.706137E-14,2.03918,7.12938,165.721,2.81701,1.32321,-9999,0.296739,2.19124,56.3701,0.356572E-01,-9999,0.111552,0,31.6605,-4.80461,10.8680,27.0630,41.2727,57.8856,86.7231,-0.102988,1.01142,-38.4234,1.02458,-9999,-9999,26.1179,1.23896,-9999,-9999,800000099,800000199,800000099,800001199,800000199,800101199,800110199,800110199,80000,80100,80,81,3,6,6,3,0,0,1.98429,2.31488,0.833062E-01,0.523311,4.61138,-9999,-0.323077E-01,0.261179E-01,-9999,16.0000,0.222222,252.995,81.2179,4.77413,95896.7,1.23275
CH-CHA_201201051400.csv,2012-01-05,19:30,5.8123,0,36000,36000,-0.615677E-01,0,0.857850E-02,-22.2946,0,3.26974,-9999,-9999,-9999,18.2284,1,22.0165,-9999,-9999,-9999,1.68453,-9999,-2.27521,-9999,-0.966905E-10,-9999,23.6695,581.705,581.705,0.500000E-01,0,-9999,-9999,-9999,-9999,0,285.430,285.430,96559.5,1.17856,1005.37,0.245762E-01,-9999,-9999,-9999,1424.30,-9999,-9999,-9999,-9999,1.88632,-1.62564,0.191719E-01,2.49023,-0.843815E-13,-0.408503E-14,2.49023,6.39085,228.463,319.245,0.441116,-9999,0.228560,0.907891,45.4857,0.441897E-01,-9999,0.823226E-01,0,23.6318,-3.58621,8.11202,20.2001,30.8064,43.2064,64.7311,-0.608112E-01,1.01244,-21.7043,1.02720,-9999,-9999,15.7684,1.25496,-9999,-9999,800000099,800000199,800000099,800001199,800000199,800001199,800000199,800000199,81000,81000,80,81,15,19,5,0,22,0,0.729586,0.983517,0.102679,0.118351,8.24503,-9999,-0.183175E-01,0.157684E-01,-9999,15.9977,0.277778,252.799,79.9966,5.39987,95982.4,1.24265
CH-CHA_201201051400.csv,2012-01-05,20:00,5.8331,0,36000,36000,-0.544612E-01,0,0.588864E-02,-19.3085,1,2.42744,22.8871,1,4.68753,-2.72165,1,0.949998,0.513795,1,0.105231,-0.644734,-9999,-8.60577,-9999,0.332441E-09,0.322024E-11,17.2713,424.412,426.164,9.30000,0,167.301,4.11113,4.12810,0.350000,0,285.396,285.024,96559.5,1.17841,1007.57,0.245733E-01,0.332939E-01,0.301476E-02,396.557,1386.70,0.255832E-02,28.5971,990.148,267.342,1.29080,-2.20203,-0.286403E-01,2.55263,-0.462936E-13,0.192482E-13,2.55263,8.17304,245.364,300.378,-0.642868,-9999,0.214979,0.633014,43.7306,0.459632E-01,-0.843641,0.756453E-01,0,25.3692,-3.84988,8.70843,21.6852,33.0713,46.3830,69.4902,-0.537891E-01,1.01250,-17.7199,1.02737,18.4963,1.25530,-1.55664,1.25530,0.415224,1.25530,800000099,800000099,800000099,800000099,811000099,811100099,800000199,800000199,80100,80100,80,80,33,50,7,2,7,24,0.560359,0.629593,0.760760E-01,0.166485,0.965096E-02,121.714,-0.149242E-01,-0.155664E-02,0.415224,16.0000,0.227778,250.000,62.5000,5.31308,96000.0,1.24878
CH-CHA_201201052000.csv,2012-01-05,20:30,5.8540,0,36000,36000,-0.113144,0,0.105789E-01,-29.1834,0,3.00425,36.8613,1,9.94380,-5.96298,2,3.19438,0.828053,1,0.223377,1.10033,2.48466,-0.639873,0.558154E-01,-0.315789E-09,-0.392866E-11,16.7478,412.684,414.814,3.45000,0,208.356,5.13411,5.16061,0.350000,0,286.183,285.718,96559.5,1.17510,1008.14,0.246411E-01,0.536578E-01,0.375458E-02,495.073,1451.45,0.319512E-02,34.1088,956.380,270.288,1.90425,-3.07469,-0.209972E-01,3.61668,-0.327994E-12,-0.188555E-13,3.61668,8.56670,243.373,301.771,-0.332642,-9999,0.310298,1.28566,87.0220,0.230976E-01,-0.791709,0.793896E-01,0,25.9210,-3.93361,8.89785,22.1569,33.7907,47.3919,71.0017,-0.111669,1.01321,-26.6043,1.02979,29.8542,1.25517,-3.87216,1.25517,0.670644,1.25517,800000099,800000099,800000099,800000099,800000099,800001199,800000199,800010199,80000,80000,80,81,19,34,2,0,0,1,1.19352,1.22760,0.150195,0.132990,0.842908E-01,420.868,-0.224574E-01,-0.387216E-02,0.670644,16.0000,0.247778,249.143,57.1420,5.36506,96000.0,1.25542
CH-CHA_201201052000.csv,2012-01-05,21:00,5.8748,0,36000,36000,-0.680757E-01,1,0.927008E-02,-32.0184,0,3.92854,23.1259,0,1.94134,2.19521,0,0.432830,0.519988,0,0.436511E-01,1.54332,0.407344,-0.229733,0.915916E-02,0.111234E-09,0.144403E-11,16.5190,408.459,410.637,0.350000,0,214.448,5.30257,5.33083,0.350000,0,287.177,286.694,96559.5,1.17102,1008.25,0.247266E-01,0.336952E-01,0.386435E-02,511.289,1547.11,0.329998E-02,33.0481,1035.82,270.722,1.47741,-2.55105,0.709361E-02,2.94799,-0.606503E-12,0.673371E-14,2.94799,9.01178,244.542,300.077,0.137868,-9999,0.241109,1.74373,37.2125,0.540141E-01,-1.38452,0.112474,0,21.8224,-3.31164,7.49093,18.6535,28.4477,39.8983,59.7750,-0.671570E-01,1.01368,-30.0073,1.03015,18.7955,1.27188,2.78775,1.27188,0.422618,1.27188,800000099,800000099,800000099,800000099,800000099,800100099,800000199,800010199,81100,81100,80,81,29,8,7,0,5,2,1.19056,2.15745,0.139443,0.151953,0.220328E-02,24.0288,-0.254153E-01,0.278775E-02,0.422618,15.9981,5.53278,249.000,56.2500,5.89690,95992.0,1.26044
CH-CHA_201201052000.csv,2012-01-05,21:30,5.8956,0,36000,36000,0.251047,1,0.111713E-01,-153.704,1,24.1132,-9999,-9999,-9999,349.820,1,54.6397,-9999,-9999,-9999,-0.263867,-9999,5.76407,-9999,-0.823904E-09,-9999,20.8438,514.230,514.230,-0.150000,0,-9999,-9999,-9999,-9999,0,286.527,286.527,96559.5,1.17405,1005.40,0.246707E-01,-9999,-9999,-9999,1530.45,-9999,-9999,-9999,-9999,-0.899240,-3.44063,0.692308E-01,3.55687,0.523417E-12,-0.395275E-13,3.55687,9.19968,286.182,255.353,1.11527,-9999,0.462417,3.02356,54.6391,0.367868E-01,-9999,0.281596,0,36.4224,-5.52725,12.5026,31.1334,47.4803,66.5919,99.7667,0.247570,1.01405,-149.024,1.03140,-9999,-9999,282.940,1.26986,-9999,-9999,800000099,800001199,800000099,800001199,800001199,800101199,800000199,800000199,81000,81000,80,81,5,16,9,0,19,2,1.98363,3.92097,0.142518,1.51314,12.6572,-9999,-0.126250,0.282940,-9999,16.0000,9.64833,251.747,73.4169,6.01414,96037.7,1.25105
CH-CHA_201201052000.csv,2012-01-05,22:00,5.9165,0,36000,36000,-0.489498E-01,1,0.798027E-02,-26.3385,0,5.40280,-9999,-9999,-9999,9.75910,1,21.6821,-9999,-9999,-9999,-2.36467,-9999,-2.27891,-9999,-0.853476E-10,-9999,19.2576,472.629,472.629,0.450000,0,-9999,-9999,-9999,-9999,0,285.039,285.039,96559.5,1.18018,1005.36,0.245425E-01,-9999,-9999,-9999,1388.08,-9999,-9999,-9999,-9999,-0.443962,-2.70458,0.235339E-01,2.74088,-0.560666E-13,-0.443189E-14,2.74088,7.81491,286.906,260.678,0.491962,-9999,0.203658,0.849982,27.2385,0.737925E-01,-9999,0.108998,0,24.8552,-3.77188,8.53200,21.2459,32.4013,45.4433,68.0823,-0.482545E-01,1.01441,-25.5355,1.03145,-9999,-9999,8.74094,1.28806,-9999,-9999,800000099,800000099,800000099,800000199,800000199,800101199,800000199,800000199,80000,80100,80,81,5,1,20,0,18,0,1.11006,0.518044,0.718593E-01,0.325957,4.76150,-9999,-0.215215E-01,0.874094E-02,-9999,15.9961,5.38222,250.515,65.7195,5.22917,96050.4,1.24428
CH-CHA_201201052000.csv,2012-01-05,22:30,5.9373,0,36000,36000,-0.111638,1,0.125969E-01,-36.0267,0,3.29820,17.1480,0,5.54184,2.74026,0,1.05141,0.384899,0,0.124390,-0.273029,-9999,-3.55107,-9999,-0.180142E-10,-0.236710E-12,16.5952,407.734,409.931,0.400000,0,218.064,5.35772,5.38658,0.400000,0,285.351,284.867,96559.5,1.17851,1008.24,0.245694E-01,0.249415E-01,0.392952E-02,516.597,1372.36,0.333432E-02,37.6429,855.767,270.861,1.25972,-3.02588,-0.881653E-02,3.27764,0.199202E-12,-0.108551E-14,3.27764,9.14779,256.331,292.603,-0.154120,-9999,0.307779,1.64764,68.7905,0.292192E-01,-2.10092,0.985119E-01,0,26.9425,-4.08862,9.24848,23.0300,35.1222,49.2594,73.7996,-0.110207,1.01298,-34.2134,1.02902,14.4114,1.25528,3.46527,1.25528,0.323475,1.25528,800000099,800001199,800000099,800000099,800000099,800101099,800000199,800010199,81000,81000,80,81,8,2,4,0,10,0,1.86825,1.29286,0.134156,0.100584,0.104315E-01,218.889,-0.287939E-01,0.346527E-02,0.323475,15.9981,0.462222,249.032,56.4476,5.42471,96069.0,1.25564
CH-CHA_201201052000.csv,2012-01-05,23:00,5.9581,0,36000,36000,-0.180896,1,0.132262E-01,-51.8606,0,4.00593,43.5172,0,17.2145,-4.93111,1,3.05241,0.977395,0,0.386638,1.05408,-1.14632,0.230529,-0.257463E-01,0.282100E-10,0.334597E-12,16.7305,411.956,413.979,5.25000,0,198.439,4.88618,4.91017,0.350000,0,285.974,285.531,96559.5,1.17598,1008.00,0.246230E-01,0.633352E-01,0.357588E-02,471.202,1433.78,0.304078E-02,32.8644,962.573,269.625,0.883765,-5.45399,0.200263E-01,5.52516,-0.873684E-14,0.168614E-14,5.52516,11.8217,267.497,279.204,0.207672,-9999,0.392207,2.15155,98.8816,0.203273E-01,-1.19173,0.111549,0,25.3966,-3.85403,8.71782,21.7086,33.1070,46.4330,69.5651,-0.177837,1.01720,-47.9236,1.03929,34.4709,1.29555,-2.13785,1.29555,0.774215,1.29555,800000099,800000099,800000099,800000099,800000099,800001199,800000199,800000199,80000,80000,80,80,46,7,9,1,25,1,2.26252,1.78805,0.252533,0.166255,0.675764E-01,1179.57,-0.404288E-01,-0.213785E-02,0.774215,16.0000,0.402222,249.141,57.1292,4.85781,96078.5,1.24210
CH-CHA_201201052000.csv,2012-01-05,23:30,5.9790,0,36000,36000,-0.120147,1,0.126542E-01,-48.4216,0,4.42554,-9999,-9999,-9999,-14.6464,0,16.7189,-9999,-9999,-9999,0.334826,-9999,1.78548,-9999,0.356006E-10,-9999,18.0721,444.630,444.630,9.00000,0,-9999,-9999,-9999,-9999,0,285.743,285.743,96559.5,1.17727,1005.38,0.246031E-01,-9999,-9999,-9999,1453.87,-9999,-9999,-9999,-9999,0.828153,-4.07614,-0.381958E-02,4.15942,0.419176E-13,0.196992E-14,4.15942,9.77140,265.243,281.485,-0.526146E-01,-9999,0.319461,1.59546,57.1862,0.351483E-01,-9999,0.128060,0,25.4647,-3.86437,8.74121,21.7668,33.1958,46.5576,69.7517,-0.118341,1.01526,-46.8147,1.03432,-9999,-9999,-9.40783,1.28180,-9999,-9999,800000099,800001199,800000099,800000199,800001099,800001199,800000199,800000199,80100,80100,80,81,21,19,12,2,1,0,2.05069,0.973805,0.166423,0.198139,2.22981,-9999,-0.395526E-01,-0.940783E-02,-9999,16.0000,0.351111,250.191,63.6915,4.43326,96095.6,1.22997
CH-CHA_201201052000.csv,2012-01-06,00:00,6.0000,0,36000,36000,-0.528903E-01,1,0.683086E-02,-31.2654,0,2.94966,-9999,-9999,-9999,-44.8704,1,37.4354,-9999,-9999,-9999,-0.916595E-01,-9999,2.59032,-9999,-0.182276E-09,-9999,20.0025,492.023,492.023,6.85000,0,-9999,-9999,-9999,-9999,0,285.685,285.685,96559.5,1.17751,1005.38,0.245981E-01,-9999,-9999,-9999,1448.37,-9999,-9999,-9999,-9999,0.633463,-2.88242,-0.712944E-02,2.95121,0.211960E-13,-0.911270E-14,2.95121,6.60234,264.587,282.395,-0.138413,-9999,0.211936,1.22444,25.8600,0.777262E-01,-9999,0.124613,0,20.1576,-3.05900,6.91947,17.2305,26.2775,36.8546,55.2149,-0.521048E-01,1.01508,-30.2677,1.03296,-9999,-9999,-33.1802,1.29659,-9999,-9999,800000099,800000199,800000099,800001199,800001199,800101199,800000199,800000199,80000,80000,80,80,6,0,9,1,7,0,1.01964,1.29786,0.131382,0.670601E-01,10.2092,-9999,-0.255673E-01,-0.331802E-01,-9999,16.0000,0.381111,250.582,66.1356,4.74153,96099.8,1.23915
CH-CHA_201201052000.csv,2012-01-06,00:30,6.0208,0,36000,36000,-0.109235,1,0.152235E-01,-33.6948,0,3.73937,-15.2175,2,28.4677,8.63348,2,15.1571,-0.341864,2,0.639531,0.134483,-9999,-0.198487,-9999,-0.355936E-10,-0.131071E-12,19.8375,488.388,489.268,-0.900000,0,73.0505,1.79846,1.80170,-1.00000,0,285.933,285.770,96559.5,1.17636,1006.34,0.246195E-01,-0.221528E-01,0.131637E-02,173.606,1456.44,0.111902E-02,11.9199,1282.84,256.987,0.312309,-2.58379,0.508624E-01,2.60310,0.386998E-12,-0.179426E-14,2.60310,7.41993,270.332,276.892,1.11958,-9999,0.304727,1.43640,71.3455,0.281728E-01,2.21421,0.934041E-01,0,27.3611,-4.15216,9.39219,23.3879,35.6680,50.0249,74.9463,-0.107958,1.01183,-33.5695,1.02605,-11.9672,1.24225,8.67472,1.24225,-0.268845,1.24225,800000099,800000199,800000099,800000199,800001199,800101199,800000199,800110199,81000,81000,80,81,26,10,14,5,10,22,1.37438,1.37189,0.126535,0.740146E-01,1.32902,2612.28,-0.283569E-01,0.867472E-02,-0.268845,15.9981,0.421111,250.998,68.7373,5.07074,96116.9,1.23611
CH-CHA_201201052000.csv,2012-01-06,01:00,6.0416,0,36000,36000,-0.830248E-01,1,0.127066E-01,-24.0467,0,3.41793,-9999,-9999,-9999,-19.4818,2,32.1496,-9999,-9999,-9999,-0.545638,-9999,3.99108,-9999,-0.148605E-09,-9999,22.8413,561.344,561.344,10.0000,0,-9999,-9999,-9999,-9999,0,285.426,285.426,96559.5,1.17858,1005.37,0.245758E-01,-9999,-9999,-9999,1423.92,-9999,-9999,-9999,-9999,0.578913,-2.78905,0.257544E-01,2.84862,-0.181530E-12,-0.650597E-14,2.84862,8.22694,263.408,281.726,0.518020,-9999,0.265414,1.34033,66.0377,0.304372E-01,-9999,0.764618E-01,0,26.5027,-4.02189,9.09754,22.6542,34.5490,48.4555,72.5951,-0.820145E-01,1.01232,-23.4081,1.02728,-9999,-9999,-14.3027,1.24856,-9999,-9999,800000099,800001199,800000099,800001199,800001199,800101199,800100199,800110199,81100,81100,80,81,20,19,15,0,5,1,1.52453,1.05218,0.103955,0.105361,9.24547,-9999,-0.197551E-01,-0.143027E-01,-9999,15.9981,0.396667,251.780,73.6231,5.05533,96148.0,1.23266
CH-CHA_201201052000.csv,2012-01-06,01:30,6.0624,0,36000,36000,-0.149976,1,0.140280E-01,-22.5056,0,6.04454,-9999,-9999,-9999,-10.4082,1,15.2896,-9999,-9999,-9999,-1.07763,-9999,-0.277479,-9999,-0.178795E-09,-9999,22.6893,556.283,556.283,1.75000,0,-9999,-9999,-9999,-9999,0,284.748,284.748,96559.5,1.18139,1005.36,0.245175E-01,-9999,-9999,-9999,1361.67,-9999,-9999,-9999,-9999,-0.578324,-4.57385,0.722290E-01,4.61083,-0.230943E-13,-0.788017E-14,4.61083,10.2197,284.504,262.794,0.897579,-9999,0.356299,1.82814,170.696,0.117753E-01,-9999,0.531818E-01,0,26.8747,-4.07834,9.22521,22.9721,35.0339,49.1355,73.6140,-0.147826,1.01454,-21.7802,1.03331,-9999,-9999,-7.03149,1.26550,-9999,-9999,800000099,800000199,800000099,800001199,800001199,800101199,800000199,800010199,81000,81100,80,80,13,0,14,2,6,1,2.01087,1.46449,0.180924,0.609331,6.09629,-9999,-0.183379E-01,-0.703149E-02,-9999,15.9977,0.331111,253.722,85.7634,4.85904,96238.7,1.22753
CH-CHA_201201052000.csv,2012-01-06,02:00,6.0833,0,36000,36000,-0.286536,0,0.162477E-01,-48.6292,0,3.40614,-9999,-9999,-9999,-76.8249,1,32.3755,-9999,-9999,-9999,-1.46087,-9999,-5.21873,-9999,-0.445721E-09,-9999,18.8808,461.420,461.420,5.65000,0,-9999,-9999,-9999,-9999,0,283.832,283.832,96559.5,1.18520,1005.34,0.244386E-01,-9999,-9999,-9999,1281.37,-9999,-9999,-9999,-9999,-3.72863,-4.75271,0.179258,6.04343,0.601079E-13,-0.236071E-13,6.04343,13.1470,314.604,231.885,1.69974,-9999,0.491693,3.32495,207.609,0.968165E-02,-9999,0.830041E-01,0,28.5800,-4.33712,9.81059,24.4297,37.2569,52.2533,78.2850,-0.281610,1.01749,-46.7447,1.04032,-9999,-9999,-57.2256,1.29505,-9999,-9999,800000099,800000099,800000099,800001199,800001099,800001199,800000199,800000199,80000,80000,80,81,12,15,15,1,49,7,2.24278,4.11169,0.295433,0.773768E-01,4.44897,-9999,-0.392310E-01,-0.572256E-01,-9999,16.0000,0.318889,254.791,92.4453,4.42884,96358.5,1.22407
CH-CHA_201201060200.csv,2012-01-06,02:30,6.1041,0,36000,36000,-0.901254E-01,1,0.744237E-02,-35.6964,0,3.55730,-43.1304,1,7.06121,7.97414,1,2.27395,-0.965592,1,0.158085,-2.67300,-9999,-2.89846,-9999,-0.450227E-09,-0.577279E-11,16.8047,408.955,411.111,0.300000,0,215.469,5.24360,5.27124,0.350000,0,282.637,282.168,96559.5,1.18983,1008.13,0.243357E-01,-0.625704E-01,0.388275E-02,505.613,1145.98,0.326328E-02,44.1204,640.371,270.571,-2.06370,-2.82914,0.116028,3.50377,-0.640538E-12,-0.267917E-13,3.50377,12.2806,309.550,233.891,1.89770,-9999,0.275220,1.91179,49.6388,0.404926E-01,0.827640,0.108129,0,25.0003,-3.79390,8.58181,21.3699,32.5905,45.7086,68.4798,-0.888548E-01,1.01430,-36.5813,1.03187,-32.8585,1.27484,7.95453,1.27484,-0.735628,1.27484,800000099,800001199,800000099,800000099,800000199,800101199,800000199,800000199,80000,80000,80,81,27,5,11,1,40,68,2.06676,1.62749,0.129337,0.127003,0.452921E-01,865.128,-0.304971E-01,0.795453E-02,-0.735628,15.9977,0.408889,252.553,78.4565,3.49552,96445.8,1.21034
CH-CHA_201201060200.csv,2012-01-06,03:00,6.1249,0,36000,36000,-0.213874,1,0.178913E-01,-47.4499,0,6.11779,-19.4975,0,4.69944,4.95045,0,0.831831,-0.437205,0,0.105379,2.67469,-2.03591,-0.974068E-01,-0.456527E-01,0.128227E-09,0.138957E-11,16.6375,407.182,408.986,0.300000,0,180.297,4.41256,4.43211,0.350000,0,284.241,283.843,96559.5,1.18318,1007.71,0.244738E-01,-0.283309E-01,0.324895E-02,425.592,1282.28,0.274595E-02,33.1903,856.684,268.272,-3.47882,-4.13055,0.167175,5.40292,0.175362E-12,0.770710E-14,5.40292,11.9483,317.562,229.895,1.77311,-9999,0.425161,2.21897,137.653,0.146019E-01,2.43364,0.936044E-01,0,28.9009,-4.38583,9.92076,24.7041,37.6753,52.8401,79.1641,-0.210399,1.01652,-46.6229,1.03786,-14.2070,1.28698,5.79724,1.28698,-0.318574,1.28698,800000099,800001199,800000099,800000099,800000099,800000099,800000199,800000199,81000,81000,80,80,20,9,4,1,43,66,2.72216,1.50097,0.214809,0.369967,0.911444E-02,394.983,-0.391034E-01,0.579724E-02,-0.318574,16.0000,0.393333,250.767,67.2929,3.55826,96504.1,1.22483
CH-CHA_201201060200.csv,2012-01-06,03:30,6.1458,0,36000,36000,-0.378272,1,0.236503E-01,-95.9116,0,4.03187,52.2959,0,2.38842,3.19659,0,0.342989,1.17346,0,0.535933E-01,1.12446,0.322826E-01,0.134254,0.724385E-03,-0.106956E-09,-0.115558E-11,16.6960,409.632,411.453,0.350000,0,180.388,4.42578,4.44545,0.300000,0,284.949,284.549,96559.5,1.18024,1007.73,0.245348E-01,0.760402E-01,0.325059E-02,426.865,1343.85,0.275418E-02,31.7643,916.988,268.311,-3.81106,-5.98495,0.192154,7.09794,0.377805E-13,-0.640609E-14,7.09794,15.3488,309.536,237.512,1.55129,-9999,0.566132,3.30402,160.786,0.125011E-01,-1.83402,0.142443,0,29.5456,-4.48366,10.1421,25.2551,38.5157,54.0188,80.9300,-0.370780,1.02021,-89.3504,1.04641,41.0791,1.32289,5.63020,1.32289,0.921767,1.32289,800000099,800000099,800000099,800000099,800000099,800000099,800000199,800000199,81100,81100,80,80,12,13,8,0,4,0,3.83213,2.41549,0.360436,0.107995,0.871214E-03,24.4440,-0.751248E-01,0.563020E-02,0.921767,15.9977,0.382778,249.000,56.2500,3.30226,96514.9,1.22099
CH-CHA_201201060200.csv,2012-01-06,04:00,6.1666,0,36000,36000,-0.226158,2,0.226414E-01,-85.7711,0,5.43260,39.1400,0,2.21880,2.19718,0,0.334389,0.878669,0,0.498108E-01,0.781730,-0.383454,0.546785E-01,-0.860831E-02,0.221422E-09,0.230163E-11,16.7087,410.631,412.392,0.350000,0,173.683,4.26842,4.28672,0.350000,0,285.427,285.041,96559.5,1.17827,1007.65,0.245760E-01,0.569378E-01,0.312976E-02,411.709,1388.26,0.265623E-02,29.6564,976.555,267.834,-2.74966,-4.58441,0.159268,5.34815,0.554476E-12,0.132519E-13,5.34815,16.1722,306.218,239.045,1.70652,-9999,0.438110,3.90084,83.3240,0.241227E-01,-2.19139,0.164892,0,27.4893,-4.17160,9.43617,23.4974,35.8350,50.2591,75.2974,-0.222347,1.01714,-80.7868,1.03901,31.5751,1.29640,4.68332,1.29640,0.708842,1.29640,800000099,800000099,800000099,800000099,800000099,800100099,800000199,800000199,80100,80100,80,81,16,15,14,1,1,1,5.53127,2.01190,0.258514,0.211632,0.110010E-02,21.6999,-0.680430E-01,0.468332E-02,0.708842,15.9981,0.404444,249.000,56.2500,3.25270,96593.0,1.22032
CH-CHA_201201060200.csv,2012-01-06,04:30,6.1874,0,36000,36000,-0.263076E-01,2,0.453310E-02,-48.6856,0,5.95118,9.10853,1,1.54056,1.23222,0,0.468477,0.204702,1,0.346219E-01,1.78110,0.237160,0.154332,0.532985E-02,-0.389164E-09,-0.410962E-11,16.7573,413.464,415.277,0.400000,0,176.959,4.36623,4.38538,0.350000,0,286.563,286.166,96559.5,1.17360,1007.73,0.246737E-01,0.132647E-01,0.318880E-02,421.130,1494.72,0.271712E-02,28.1746,1073.59,268.133,-0.667609,-1.55545,0.229097E-01,1.69282,-0.106130E-12,-0.232236E-13,1.69282,7.32956,303.572,246.771,0.775433,-9999,0.149721,1.08943,5.85898,0.343063,-5.34505,0.274951,0,-9999,-9999,-9999,-9999,-9999,-9999,-9999,-0.257105E-01,1.02323,-46.0900,1.04839,6.91240,1.47583,2.41103,1.47583,0.155347,1.47583,800000099,800000099,800000099,800000099,800100099,800100099,800100199,800110199,80000,80000,80,81,22,13,16,29,50,15,1.30952,0.778994,0.903542E-01,0.205224,0.210923E-02,13.4655,-0.389712E-01,0.241103E-02,0.155347,16.0000,0.274444,249.000,56.2500,3.07278,96688.3,1.21442
CH-CHA_201201060200.csv,2012-01-06,05:00,6.2083,0,36000,36000,-0.276018E-01,1,0.220806E-02,-18.8993,1,3.50799,11.4590,1,3.18307,1.72895,1,0.509531,0.257477,1,0.715217E-01,-0.313490,1.02018,0.223378,0.229229E-01,0.118107E-09,0.135391E-11,16.9328,417.561,419.569,0.300000,0,194.108,4.78669,4.80971,0.300000,0,286.403,285.968,96559.5,1.17422,1007.95,0.246599E-01,0.166845E-01,0.349782E-02,461.622,1475.48,0.297884E-02,31.2862,1013.86,269.351,1.40503,-0.376855E-01,0.462590E-01,1.40629,0.194881E-13,0.697504E-14,1.40629,4.35179,191.246,358.464,1.88505,-9999,0.153318,0.708698,16.2083,0.124010,-1.64930,0.104151,0,-9999,-9999,-9999,-9999,-9999,-9999,-9999,-0.272113E-01,1.01435,-17.8324,1.02996,9.12873,1.30211,1.97149,1.30211,0.205117,1.30211,800000099,800000099,800000099,800000099,800000099,800100099,800010199,800010199,80100,80100,80,81,5,0,5,3,2,2,0.648297,0.737286,0.318123E-01,0.165583,0.481085E-02,73.6728,-0.150667E-01,0.197149E-02,0.205117,15.9957,0.331111,249.000,56.2500,2.93493,96711.5,1.20743
CH-CHA_201201060200.csv,2012-01-06,05:30,6.2291,0,36000,36000,-0.155956,1,0.248175E-01,-9.81443,1,8.55894,2.29475,2,3.74304,3.68182,1,2.06958,0.515747E-01,2,0.841253E-01,0.419836,0.123039,0.589413E-01,0.276532E-02,0.734212E-11,0.848389E-13,16.9606,418.643,420.678,0.300000,0,195.982,4.83746,4.86097,0.350000,0,286.673,286.233,96559.5,1.17311,1007.99,0.246832E-01,0.334204E-02,0.353159E-02,466.511,1501.30,0.301045E-02,31.0737,1034.79,269.492,0.357412,-0.223553,0.393664E-01,0.423401,-0.244622E-12,0.432892E-15,0.423401,6.67769,182.164,327.975,5.33487,-9999,0.364612,1.97319,419.797,0.478803E-02,-4.27691,0.227635E-01,0,40.5610,-6.15528,13.9233,34.6709,52.8753,74.1584,111.103,-0.153788,1.01410,-9.49987,1.02111,2.11541,1.19907,3.46275,1.19907,0.475440E-01,1.19907,800000099,800000099,800000099,800000099,800100099,800100199,800110199,801110199,81100,81100,80,81,3,16,8,0,8,0,1.35943,2.51925,0.677044E-01,0.324810,0.189780E-01,41.1393,-0.803384E-02,0.346275E-02,0.475440E-01,16.0000,0.387778,249.000,56.2500,3.31920,96768.3,1.20921
CH-CHA_201201060200.csv,2012-01-06,06:00,6.2499,0,36000,36000,-0.317514E-01,2,0.715232E-02,-33.5157,0,3.63579,20.2041,0,2.03596,1.42132,0,0.369400,0.454544,0,0.458041E-01,1.63960,-0.651597,-0.111989,-0.146593E-01,-0.112574E-09,-0.123426E-11,16.8174,416.580,418.491,0.400000,0,184.386,4.56737,4.58832,0.400000,0,287.689,287.273,96559.5,1.16899,1007.86,0.247707E-01,0.294544E-01,0.332263E-02,440.502,1606.40,0.284232E-02,27.4217,1165.90,268.728,-0.163584,-1.75503,-0.133278E-02,1.76264,-0.111388E-12,-0.669390E-14,1.76264,7.47278,281.981,264.675,-0.433229E-01,-9999,0.164807,0.905949,11.3523,0.177057,-1.65885,0.172608,0,-9999,-9999,-9999,-9999,-9999,-9999,-9999,-0.312249E-01,1.01686,-31.4803,1.03560,15.4942,1.35041,2.14567,1.35041,0.348582,1.35041,800000099,800000099,800000099,800000099,800000099,801101099,800100199,800100199,80100,80100,80,81,3,26,1,5,20,0,1.14355,0.604529,0.638178E-01,0.100926,0.169323E-02,18.8284,-0.267194E-01,0.214567E-02,0.348582,16.0000,0.296667,249.000,56.2500,3.81140,96792.5,1.22109
CH-CHA_201201060200.csv,2012-01-06,06:30,6.2707,0,36000,36000,-0.345412E-01,2,0.923430E-02,-16.7772,0,2.29077,9.03413,1,15.1019,2.31979,1,3.25533,0.203248,1,0.339759,0.181626E-01,-1.82220,0.394369,-0.409954E-01,-0.643265E-11,-0.578574E-13,17.1141,423.844,425.466,0.350000,0,153.930,3.81220,3.82679,0.400000,0,287.632,287.284,96559.5,1.16927,1007.46,0.247658E-01,0.131705E-01,0.277382E-02,367.757,1607.62,0.237226E-02,22.8759,1239.86,266.357,-0.956751,-1.40574,0.420606E-01,1.70096,0.335588E-12,-0.375868E-15,1.70096,6.97102,313.870,235.761,1.41693,-9999,0.171874,0.982277,25.7195,0.781508E-01,-1.85709,0.828641E-01,0,-9999,-9999,-9999,-9999,-9999,-9999,-9999,-0.341038E-01,1.01282,-15.9124,1.02714,7.35569,1.26962,2.42763,1.26962,0.165487,1.26962,800000099,800000099,800000099,800000099,800000099,801100199,800100199,800100199,80100,80100,80,81,16,15,9,4,79,8,1.51664,0.383996,0.639155E-01,0.686558E-01,0.133644,2106.14,-0.135081E-01,0.242763E-02,0.165487,16.0000,0.263333,249.425,58.9069,3.89802,96877.2,1.21153
CH-CHA_201201060200.csv,2012-01-06,07:00,6.2916,0,36000,36000,-0.813115E-01,1,0.134013E-01,-6.20547,1,2.89064,-115.661,1,33.5581,31.1121,1,10.8118,-2.60185,1,0.754905,-0.171281,-0.779633,0.524765,-0.175382E-01,0.308631E-09,0.248416E-11,17.5127,433.506,435.024,9.95000,0,140.959,3.48928,3.50150,9.60000,0,287.494,287.176,96559.5,1.16986,1007.28,0.247539E-01,-0.168600,0.254008E-02,336.641,1596.35,0.217128E-02,21.0882,1259.70,265.213,-0.297888,-0.480329,0.263083E-02,0.565208,0.565859E-13,0.176233E-13,0.565208,4.68609,302.131,238.194,0.266692,-9999,0.263639,1.17400,250.946,0.800969E-02,0.536521E-01,0.199748E-01,0,31.1387,-4.72541,10.6889,26.6169,40.5924,56.9314,85.2936,-0.802985E-01,1.01261,-11.7975,1.02116,-95.3348,1.20778,26.9587,1.20778,-2.14460,1.20778,800000099,800000099,800000099,800000099,800000099,800110099,800110199,800110199,80100,80100,80,81,0,1,7,28,3,3,1.04559,1.23386,0.685479E-01,0.678027E-01,0.472816,2297.58,-0.100117E-01,0.269587E-01,-2.14460,15.9953,0.245000,249.304,58.1494,3.36698,96909.5,1.20638
CH-CHA_201201060200.csv,2012-01-06,07:30,6.3124,0,36000,36000,-0.970276E-01,1,0.156013E-01,-11.9481,1,3.25039,-2.40884,1,3.00267,3.28606,1,0.862081,-0.541796E-01,1,0.675362E-01,-0.251407,2.99592,-0.778787,0.673842E-01,0.436099E-09,0.492078E-11,16.9362,419.170,421.162,0.350000,0,191.102,4.72976,4.75224,9.80000,0,287.447,287.017,96559.5,1.16996,1007.95,0.247499E-01,-0.351084E-02,0.344366E-02,456.140,1579.90,0.294341E-02,28.8715,1123.76,269.192,0.328715,-0.448157,0.870903E-02,0.555854,-0.397641E-12,0.257495E-13,0.555854,5.51719,215.396,306.259,0.897737,-9999,0.287980,1.36217,169.902,0.118303E-01,4.96011,0.351827E-01,0,39.2687,-5.95917,13.4797,33.5663,51.1907,71.7956,107.563,-0.958182E-01,1.01262,-11.8254,1.02091,-1.74123,1.20462,3.24301,1.20462,-0.391639E-01,1.20462,800000099,800000099,800000099,800000099,800100099,800101099,810110199,811110199,81100,81100,80,81,6,0,5,27,59,8,1.55684,1.12170,0.457968E-01,0.994594E-01,0.769818E-02,44.6945,-0.100279E-01,0.324301E-02,-0.391639E-01,16.0000,0.246667,249.000,56.2500,3.64701,96966.5,1.21106
CH-CHA_201201060200.csv,2012-01-06,08:00,6.3332,0,36000,36000,-0.616310E-01,1,0.104562E-01,-15.4733,1,2.55512,10.8540,1,1.70535,2.07090,1,0.647871,0.244180,1,0.383649E-01,0.346831,-0.100143,0.639631E-01,-0.225290E-02,-0.764009E-10,-0.852120E-12,16.9711,420.348,422.328,0.350000,0,189.283,4.68826,4.71034,0.350000,0,287.664,287.236,96559.5,1.16908,1007.93,0.247685E-01,0.158229E-01,0.341088E-02,452.143,1602.60,0.291757E-02,28.2131,1150.46,269.075,0.771942,-0.651526,0.956625E-02,1.01018,0.404415E-12,-0.450183E-14,1.01018,6.23584,224.379,319.835,0.542588,-9999,0.229603,1.00198,66.4903,0.302300E-01,-1.42558,0.571915E-01,0,32.0687,-4.86655,11.0081,27.4118,41.8048,58.6318,87.8411,-0.609524E-01,1.01113,-14.6172,1.02169,9.16449,1.22078,2.24794,1.22078,0.206171,1.22078,800000099,800000099,800000099,800000099,800100099,800100199,800110199,800110199,80000,80000,80,81,2,8,2,4,8,0,0.842626,1.11304,0.483033E-01,0.554519E-01,0.456949E-02,16.3702,-0.124048E-01,0.224794E-02,0.206171,15.9969,0.308889,249.000,56.2500,3.92914,97001.2,1.21500
CH-CHA_201201060800.csv,2012-01-06,08:30,6.3541,1,36000,36000,-0.216193E-01,0,0.253020E-02,-12.8732,0,0.889105,8.84711,0,0.845373,0.969502,0,0.285962,0.199050,0,0.190200E-01,0.155928,0.330738,0.581264E-01,0.744124E-02,0.512813E-10,0.587189E-12,17.0077,421.419,423.463,0.400000,0,194.744,4.82540,4.84879,0.400000,0,287.775,287.335,96559.5,1.16862,1008.00,0.247781E-01,0.128985E-01,0.350929E-02,465.349,1612.90,0.300294E-02,28.8517,1147.55,269.458,1.29755,-1.58054,-0.371444E-01,2.04527,0.136091E-13,0.301518E-14,2.04527,3.99792,237.586,309.384,-1.04062,-9999,0.136014,0.322611,16.6145,0.120979,-1.45508,0.803465E-01,0,-9999,-9999,-9999,-9999,-9999,-9999,-9999,-0.212985E-01,1.01507,-12.0725,1.03219,6.96612,1.31116,1.16888,1.31116,0.156730,1.31116,800000099,800000099,800000099,800000099,800000099,800000099,800000199,800010199,81100,81100,80,80,7,4,3,4,28,5,0.266652,0.326092,0.524784E-01,0.219693E-01,0.245969E-02,12.9496,-0.102485E-01,0.116888E-02,0.156730,16.0000,0.227778,249.000,56.2500,4.05056,97069.9,1.21510
CH-CHA_201201060800.csv,2012-01-06,09:00,6.3749,1,36000,36000,-0.548160E-01,1,0.965941E-02,-18.6114,1,2.76012,5.87678,1,1.02875,0.771883,1,0.424662,0.132233,1,0.231479E-01,0.151120,-0.248075,0.617621E-01,-0.558192E-02,0.214558E-09,0.239789E-11,17.0485,422.558,424.563,0.300000,0,190.534,4.72249,4.74490,0.300000,0,287.862,287.431,96559.5,1.16827,1007.95,0.247856E-01,0.856872E-02,0.343342E-02,455.440,1622.95,0.293888E-02,28.0625,1167.51,269.171,1.34204,-0.305187,0.388954E-01,1.37685,0.183114E-13,0.125851E-13,1.37685,4.75993,196.413,347.188,1.61880,-9999,0.216611,0.770292,46.4171,0.433030E-01,-3.16694,0.729649E-01,0,35.4517,-5.37992,12.1694,30.3035,46.2148,64.8169,97.1076,-0.542024E-01,1.01132,-17.9077,1.02331,5.10927,1.23593,1.33789,1.23593,0.114964,1.23593,800000099,800000099,800000099,800000099,800000099,800101099,800100199,810100199,81000,81000,80,81,0,1,7,3,20,16,0.969267,0.537858,0.334577E-01,0.110639,0.323541E-02,9.04341,-0.152074E-01,0.133789E-02,0.114964,16.0000,0.344444,249.000,56.2500,3.26420,97102.6,1.20395
CH-CHA_201201060800.csv,2012-01-06,09:30,6.3957,1,36000,36000,-0.831193E-02,1,0.723070E-03,-7.03689,0,1.50506,4.88358,0,0.866603,0.795703,0,0.531382,0.109876,0,0.194978E-01,-0.137666,0.237062E-01,0.758990E-01,0.533368E-03,-0.373606E-11,-0.417029E-13,17.1101,423.957,425.972,3.45000,0,190.988,4.73232,4.75482,0.500000,0,287.775,287.344,96559.5,1.16863,1007.95,0.247781E-01,0.711997E-02,0.344160E-02,456.387,1613.80,0.294500E-02,28.2803,1157.41,269.199,0.845627,-0.546810,-0.388708E-02,1.00703,0.592410E-14,-0.218354E-15,1.00703,3.70904,220.073,327.112,-0.221160,-9999,0.843361E-01,0.160125,7.24557,0.277411,-1.44093,0.708355E-01,0,-9999,-9999,-9999,-9999,-9999,-9999,-9999,-0.815239E-02,1.01957,-6.56026,1.04023,3.57381,1.40942,0.783947,1.40942,0.804075E-01,1.40942,800000099,800000099,800000099,800000099,800100099,800100099,800110199,811110199,81100,81100,80,81,10,1,6,5,4,2,0.197063,0.108170,0.150169E-01,0.562586E-01,0.926111E-02,12.6556,-0.556935E-02,0.783947E-03,0.804075E-01,16.0000,0.157778,249.000,56.2500,3.22409,97177.8,1.20814
CH-CHA_201201060800.csv,2012-01-06,10:00,6.4165,1,36000,36000,-0.270439E-01,0,0.394763E-02,-7.29495,0,2.00574,4.00814,0,1.35038,-2.35625,1,0.768010,0.901873E-01,0,0.303850E-01,0.144391,-0.184968,-0.245535,-0.416197E-02,0.630855E-10,0.700237E-12,16.9224,419.430,421.392,0.450000,0,187.836,4.65559,4.67737,0.450000,0,287.860,287.435,96559.5,1.16829,1007.92,0.247854E-01,0.584414E-02,0.338480E-02,448.998,1623.40,0.289724E-02,27.6578,1174.40,268.982,0.340519,-1.15557,0.135278E-01,1.20477,-0.141056E-12,0.372792E-14,1.20477,3.38923,262.271,286.419,0.643361,-9999,0.152146,0.514891,41.0362,0.489812E-01,-1.82003,0.407182E-01,0,-9999,-9999,-9999,-9999,-9999,-9999,-9999,-0.267347E-01,1.01156,-6.93616,1.02344,3.36652,1.23850,-1.63852,1.23850,0.757503E-01,1.23850,800000099,800000099,800000099,800000099,800000099,800100199,800110199,800110199,81100,81100,80,81,5,7,8,0,11,2,0.206347,0.793432,0.300042E-01,0.599917E-01,0.103152E-01,34.1156,-0.589041E-02,-0.163852E-02,0.757503E-01,16.0000,0.241111,249.000,56.2500,3.97852,97222.9,1.21546
CH-CHA_201201060800.csv,2012-01-06,10:30,6.4374,1,36000,36000,-0.215038E-01,0,0.280071E-02,-6.68146,0,0.816967,11.6184,0,1.19613,-1.51317,2,0.356773,0.261433,0,0.269148E-01,0.380499E-01,0.230727,-0.359205E-01,0.519172E-02,0.543233E-10,0.616349E-12,16.8938,418.768,420.767,0.400000,0,191.676,4.75132,4.77400,0.400000,0,287.893,287.459,96559.5,1.16815,1007.97,0.247883E-01,0.169409E-01,0.345400E-02,458.216,1625.94,0.295682E-02,28.1816,1167.72,269.252,0.899967,-0.865069,0.187950E-01,1.24845,0.417070E-12,0.321558E-14,1.24845,3.50672,230.918,316.133,0.862599,-9999,0.135678,0.476328,31.7741,0.632592E-01,-0.575074,0.418233E-01,0,-9999,-9999,-9999,-9999,-9999,-9999,-9999,-0.212505E-01,1.01192,-5.96728,1.02437,9.40208,1.24775,-1.03307,1.24775,0.211562,1.24775,800000099,800000099,800000099,800000099,800000099,800100099,800110199,811110199,81100,81100,80,81,1,0,3,5,11,0,0.198878,0.726952,0.268263E-01,0.151827E-01,0.100252E-01,22.0164,-0.506796E-02,-0.103307E-02,0.211562,15.9977,0.262222,249.000,56.2500,4.64476,97266.6,1.22336
CH-CHA_201201060800.csv,2012-01-06,11:00,6.4582,1,36000,36000,-0.141438E-01,1,0.270282E-02,-6.28338,0,0.833709,11.5365,0,1.06250,-1.28385,0,0.173906,0.259606,0,0.239094E-01,0.103258,0.600880E-01,0.804600E-01,0.135216E-02,-0.113261E-09,-0.128724E-11,16.9497,420.252,422.268,0.300000,0,192.637,4.77625,4.79918,0.300000,0,287.961,287.525,96559.5,1.16787,1007.98,0.247941E-01,0.168224E-01,0.347131E-02,460.617,1632.85,0.297235E-02,28.2095,1172.23,269.322,1.64787,0.110217,0.513133E-01,1.65235,0.359085E-13,-0.668221E-14,1.65235,4.03837,182.646,3.82650,1.77959,-9999,0.110049,0.298964,18.0295,0.111484,-0.544652,0.485020E-01,0,-9999,-9999,-9999,-9999,-9999,-9999,-9999,-0.139509E-01,1.01383,-5.57213,1.02920,9.01926,1.29061,-0.835380,1.29061,0.202961,1.29061,800000099,800000099,800000099,800000099,800010099,800110099,800110199,800110199,80100,80100,80,81,15,2,7,2,35,4,0.348356,0.222036,0.275343E-01,0.161611E-01,0.872839E-03,18.3664,-0.473341E-02,-0.835380E-03,0.202961,15.9957,0.330000,249.000,56.2500,4.90350,97292.1,1.22606
CH-CHA_201201060800.csv,2012-01-06,11:30,6.4790,1,36000,36000,-0.478784E-01,1,0.948379E-02,2.54457,2,2.51274,6.28746,1,1.32593,-3.17855,1,0.801257,0.141510,1,0.298422E-01,0.270656,0.339360E-01,-0.409492E-01,0.763787E-03,0.185519E-09,0.211850E-11,16.9090,419.496,421.515,0.450000,0,193.089,4.79035,4.81341,0.350000,0,288.134,287.697,96559.5,1.16717,1007.99,0.248090E-01,0.916986E-02,0.347946E-02,461.974,1651.09,0.298112E-02,27.9800,1189.11,269.361,0.608922,-0.456423,0.386317E-01,0.761971,0.216868E-12,0.109716E-13,0.761971,6.26043,221.474,323.146,2.90612,-9999,0.202537,0.807256,-277.534,-0.724234E-02,0.404706,-0.106788E-01,0,34.0351,-5.16496,11.6832,29.0927,44.3682,62.2271,93.2275,-0.471844E-01,1.01471,2.81368,1.02110,5.28350,1.17212,-2.87083,1.17212,0.118914,1.17212,800000099,800000099,800000099,800000099,800000099,810111099,800110199,810110199,80000,80000,80,81,12,3,7,0,32,11,0.628259,0.953863,0.323902E-01,0.349537E-01,0.721305E-02,28.2547,0.239157E-02,-0.287083E-02,0.118914,15.9953,0.284444,249.000,56.2500,5.26224,97300.1,1.23101
CH-CHA_201201060800.csv,2012-01-06,12:00,6.4999,1,36000,36000,-0.400161E-01,1,0.543844E-02,-14.0288,0,1.30736,31.3742,0,2.08018,-2.47275,0,0.247463,0.706706,0,0.468562E-01,1.33036,-0.587941,-0.111381,-0.132434E-01,0.123849E-10,0.134854E-12,16.7778,417.435,419.341,0.400000,0,182.686,4.54527,4.56602,0.350000,0,288.960,288.544,96559.5,1.16385,1007.88,0.248801E-01,0.457945E-01,0.329201E-02,438.373,1743.66,0.282856E-02,25.1410,1305.28,268.664,-0.754465,-2.38777,0.375354E-01,2.50441,0.108824E-13,0.738171E-15,2.50441,6.13118,294.573,252.465,0.858765,-9999,0.185426,0.746342,38.6278,0.520350E-01,-0.447145,0.644981E-01,0,-9999,-9999,-9999,-9999,-9999,-9999,-9999,-0.395195E-01,1.01257,-12.1574,1.02747,25.1096,1.25721,-1.64808,1.25721,0.565596,1.25721,800000099,800000099,800000099,800000099,800000099,800101099,800010199,800110199,81100,81100,80,81,26,7,12,2,14,1,0.756206,0.660640,0.758372E-01,0.238621E-01,0.160890E-02,41.8504,-0.103642E-01,-0.164808E-02,0.565596,15.9973,3.99667,249.000,56.2500,5.98713,97355.7,1.24494
CH-CHA_201201060800.csv,2012-01-06,12:30,6.5207,1,36000,36000,-0.545903E-01,1,0.734643E-02,-15.9643,0,1.08290,33.4881,0,2.33758,-2.40913,0,0.182682,0.754234,0,0.526480E-01,-0.188285,0.805492E-01,0.485356E-01,0.181417E-02,0.899523E-10,0.984566E-12,16.8207,418.333,420.257,0.350000,0,184.110,4.57883,4.59989,0.350000,0,288.843,288.424,96559.5,1.16432,1007.90,0.248701E-01,0.488743E-01,0.331766E-02,441.605,1730.29,0.284945E-02,25.5220,1288.68,268.761,0.265720,-2.65687,0.108513E-01,2.67014,0.241050E-13,0.534771E-14,2.67014,6.44129,270.966,275.711,0.232846,-9999,0.216532,1.01084,54.0545,0.371847E-01,-0.476715,0.628261E-01,0,23.7306,-3.60120,8.14593,20.2845,30.9352,43.3870,65.0017,-0.539337E-01,1.01217,-13.9393,1.02682,27.0214,1.24792,-1.54729,1.24792,0.608589,1.24792,800000099,800000099,800000099,800000099,800000099,800000099,800010199,800110199,81000,81000,80,80,10,1,6,1,32,0,0.959855,0.970622,0.912011E-01,0.157313E-01,0.503807E-03,32.9871,-0.118783E-01,-0.154729E-02,0.608589,15.9981,10.5567,249.000,56.2500,5.81026,97393.8,1.24265
CH-CHA_201201060800.csv,2012-01-06,13:00,6.5415,1,36000,36000,-0.770220E-01,1,0.101465E-01,-16.6452,0,1.30550,26.1068,0,4.03524,-1.24676,2,0.989836,0.587994,0,0.908842E-01,0.137006E-01,-0.219820,0.109184,-0.495093E-02,-0.105371E-10,-0.112483E-12,16.9019,420.352,422.247,0.450000,0,180.427,4.48724,4.50747,0.400000,0,288.844,288.433,96559.5,1.16432,1007.85,0.248701E-01,0.381020E-01,0.325130E-02,432.785,1731.26,0.279244E-02,24.9982,1298.48,268.494,0.826961,-2.33266,0.531653E-02,2.47491,-0.210605E-12,-0.623428E-15,2.47491,6.85882,255.530,289.520,0.123081,-9999,0.257200,1.25642,86.8823,0.231347E-01,-0.637582,0.551507E-01,0,25.6250,-3.88869,8.79623,21.9039,33.4048,46.8506,70.1908,-0.761637E-01,1.01127,-14.9750,1.02474,21.4043,1.23264,-0.537388,1.23264,0.482082,1.23264,800000099,800000099,800000099,800000099,800000099,800000099,800010199,800010199,81000,81000,80,81,29,42,4,13,56,11,1.10876,1.29789,0.106196,0.166295E-01,0.145454E-01,93.7811,-0.127614E-01,-0.537388E-03,0.482082,16.0000,8.93944,249.047,56.5439,5.62101,97400.2,1.23828
CH-CHA_201201060800.csv,2012-01-06,13:30,6.5624,1,36000,36000,-0.448141E-01,1,0.617424E-02,-11.5287,0,0.986545,21.3660,0,1.58529,-1.23625,0,0.121960,0.481216,0,0.357048E-01,-0.848272E-02,0.451324,-0.817124E-01,0.101650E-01,-0.470227E-10,-0.524888E-12,16.8404,418.841,420.808,0.450000,0,187.980,4.67528,4.69725,0.400000,0,288.855,288.427,96559.5,1.16426,1007.95,0.248711E-01,0.311828E-01,0.338741E-02,450.894,1730.66,0.290950E-02,26.0534,1279.76,269.038,0.932265,-2.04689,0.478639E-02,2.24920,0.483458E-13,-0.279225E-14,2.24920,6.72669,250.150,294.487,0.121928,-9999,0.196193,1.10963,55.6784,0.361002E-01,-0.539582,0.500737E-01,0,-9999,-9999,-9999,-9999,-9999,-9999,-9999,-0.443032E-01,1.01153,-10.2145,1.02505,17.3832,1.23973,-0.696879,1.23973,0.391515,1.23973,800000099,800000099,800000099,800000099,800000099,801001099,800010199,800110199,80000,80000,80,81,8,14,7,0,30,1,0.681667,1.45039,0.871962E-01,0.217107E-01,0.453588E-03,24.5219,-0.870420E-02,-0.696879E-03,0.391515,15.9973,0.362222,249.000,56.2500,5.69489,97415.5,1.24202
CH-CHA_201201060800.csv,2012-01-06,14:00,6.5832,1,36000,36000,-0.738988E-01,1,0.934834E-02,-9.27192,0,0.690067,30.3583,0,1.68403,-3.56308,0,0.338637,0.683777,0,0.379302E-01,0.708037E-01,0.100306E-01,-0.580189E-01,0.225925E-03,0.330473E-10,0.370167E-12,16.7946,417.767,419.731,0.400000,0,188.119,4.67946,4.70146,0.400000,0,288.901,288.472,96559.5,1.16408,1007.95,0.248750E-01,0.443087E-01,0.338990E-02,451.297,1735.67,0.291210E-02,26.0013,1284.38,269.050,0.622832,-3.25462,0.263732E-01,3.31379,-0.105802E-12,0.196773E-14,3.31379,8.27456,262.625,280.834,0.456001,-9999,0.251958,1.68028,146.634,0.137076E-01,-0.305416,0.313632E-01,0,23.3976,-3.55067,8.03163,19.9999,30.5011,42.7782,64.0896,-0.730206E-01,1.01203,-7.55624,1.02712,24.5885,1.23819,-2.73650,1.23819,0.553820,1.23819,800000099,800000099,800000099,800000099,800000099,800000099,800010199,800110199,81000,81000,80,81,12,9,4,0,25,2,1.84155,1.39108,0.127925,0.111425E-01,0.216101E-02,29.7370,-0.643998E-02,-0.273650E-02,0.553820,15.9981,0.411111,249.000,56.2500,5.98821,97426.9,1.24574
CH-CHA_201201061400.csv,2012-01-06,14:30,6.6040,1,36000,36000,-0.274263E-01,2,0.738688E-02,-7.09782,1,1.26980,21.3747,1,3.15098,-2.97324,1,0.809555,0.481462,1,0.709755E-01,0.101312,0.640102E-01,0.707174E-01,0.144182E-02,0.415787E-10,0.466921E-12,16.8433,419.076,421.058,0.400000,0,189.148,4.70615,4.72840,0.400000,0,288.968,288.537,96559.5,1.16380,1007.97,0.248808E-01,0.311988E-01,0.340844E-02,453.866,1742.88,0.292871E-02,26.0412,1289.01,269.125,-0.299710,-1.26537,0.179954E-01,1.30050,-0.823218E-13,0.246855E-14,1.30050,7.21643,287.541,256.675,0.792844,-9999,0.153513,1.32900,43.3242,0.463944E-01,-0.332067,0.394144E-01,0,-9999,-9999,-9999,-9999,-9999,-9999,-9999,-0.271222E-01,1.01121,-5.89824,1.02289,17.4070,1.23228,-2.28970,1.23228,0.392092,1.23228,800000099,800000099,800000099,800000099,800101099,800101099,800110199,800110199,80100,80100,80,80,4,16,9,15,27,36,0.937079,1.61360,0.107326,0.878074E-02,0.613371E-02,38.9718,-0.502801E-02,-0.228970E-02,0.392092,15.9953,0.352222,249.000,56.2500,6.33309,97490.4,1.24826
CH-CHA_201201061400.csv,2012-01-06,15:00,6.6249,1,36000,36000,-0.102092,1,0.110640E-01,-9.46216,1,1.47231,18.4444,0,6.68807,4.18814,1,2.64410,0.415502,0,0.150664,0.173263,-0.455278E-01,0.118913,-0.102562E-02,0.107793E-09,0.119931E-11,16.9254,421.277,423.261,8.95000,0,188.314,4.68716,4.70923,0.350000,0,289.077,288.647,96559.5,1.16337,1007.96,0.248902E-01,0.269246E-01,0.339341E-02,452.038,1755.26,0.291689E-02,25.7533,1303.22,269.071,-0.765949E-01,-1.08555,0.182181E-01,1.08840,0.352515E-12,0.636870E-14,1.08840,7.14892,269.539,265.964,0.959080,-9999,0.296235,2.26232,233.531,0.860700E-02,-0.513010,0.272391E-01,0,28.2602,-4.28859,9.70080,24.1564,36.8400,51.6686,77.4090,-0.101052,1.01029,-8.35701,1.01990,15.4655,1.20215,3.73206,1.20215,0.348395,1.20215,800000099,800001199,800000099,800000099,800000099,800101199,800110199,810110199,81000,81000,80,81,0,0,5,10,30,26,1.75259,2.66176,0.110297,0.155517E-01,0.230280E-01,141.181,-0.712674E-02,0.373206E-02,0.348395,15.9969,0.518889,249.000,56.2500,6.16520,97541.2,1.24582
CH-CHA_201201061400.csv,2012-01-06,15:30,6.6457,1,36000,36000,0.650457E-01,1,0.211137E-01,-10.8939,0,1.62222,14.8902,0,1.73681,1.38324,1,0.455765,0.335417,0,0.391236E-01,-0.894713E-01,0.446860,-0.361680E-01,0.100660E-01,0.326799E-09,0.378655E-11,16.9009,420.608,422.668,0.150000,0,195.827,4.87349,4.89736,0.350000,0,289.037,288.590,96559.5,1.16352,1008.06,0.248867E-01,0.217350E-01,0.352880E-02,469.980,1748.85,0.303288E-02,26.8736,1278.87,269.591,-1.05405,-1.44915,0.420863E-01,1.79244,-0.122049E-12,0.193362E-13,1.79244,7.80711,315.105,233.969,1.34542,-9999,0.236441,1.35237,103.139,0.194882E-01,-0.731615,0.392827E-01,0,26.5488,-4.02889,9.11335,22.6935,34.6091,48.5397,72.7214,0.643733E-01,1.01045,-9.92644,1.02212,12.3854,1.21898,1.46541,1.21898,0.278994,1.21898,800000099,800001099,800000099,800000099,800001099,800101099,800010099,800110199,80100,80100,80,81,11,9,16,9,75,14,1.35609,1.26651,0.821407E-01,0.227392E-01,0.106034E-02,18.2290,-0.846321E-02,0.146541E-02,0.278994,16.0000,0.428889,249.000,56.2500,5.83955,97612.9,1.24338
CH-CHA_201201061400.csv,2012-01-06,16:00,6.6665,1,36000,36000,-0.109975,1,0.169819E-01,-12.5248,0,2.18051,38.2700,1,37.1564,-8.13362,1,8.70159,0.862000,1,0.836918,-0.136565,-3.42989,1.03896,-0.772555E-01,0.338120E-10,0.264799E-12,17.6864,439.826,441.346,7.80000,0,138.512,3.44451,3.45641,0.350000,0,288.819,288.503,96559.5,1.16449,1007.29,0.248680E-01,0.558576E-01,0.249598E-02,332.325,1739.16,0.214341E-02,19.1084,1406.83,265.047,-0.947730,-1.79952,0.457117E-01,2.03434,0.143514E-12,0.191175E-14,2.03434,8.11173,304.843,242.226,1.28754,-9999,0.307312,2.16435,196.926,0.102069E-01,-0.327276,0.347458E-01,0,27.8415,-4.22506,9.55709,23.7985,36.2942,50.9032,76.2622,-0.108866,1.01019,-10.3635,1.02190,31.6202,1.21333,-6.47621,1.21333,0.712219,1.21333,800000099,800001099,800000099,800000199,800001099,800101099,800010199,800110199,80100,80100,80,81,1,0,6,9,9,4,2.20241,2.00308,0.123211,0.415680E-01,0.608252,3269.21,-0.883522E-02,-0.647621E-02,0.712219,15.9934,0.372222,249.554,59.7101,5.56914,97710.3,1.23598
CH-CHA_201201061400.csv,2012-01-06,16:30,6.6873,1,36000,36000,-0.346292E-01,2,0.893123E-02,2.36336,2,7.64050,-9999,-9999,-9999,-38.5506,1,42.2831,-9999,-9999,-9999,-2.63429,-9999,6.49329,-9999,0.749332E-11,-9999,22.6385,559.106,559.106,9.95000,0,-9999,-9999,-9999,-9999,0,286.835,286.835,96559.5,1.17279,1005.40,0.246971E-01,-9999,-9999,-9999,1561.41,-9999,-9999,-9999,-9999,0.610322,-1.85002,0.731792E-02,1.94810,0.629001E-12,0.330999E-15,1.94810,8.70663,254.158,288.258,0.215228,-9999,0.171835,2.15975,-182.344,-0.110231E-01,-9999,-0.116643E-01,0,-9999,-9999,-9999,-9999,-9999,-9999,-9999,-0.342628E-01,1.01070,2.31534,1.02074,-9999,-9999,-32.8830,1.17717,-9999,-9999,800000099,800000199,800000099,800001199,800001199,800101199,800010199,800110199,81000,81000,80,81,11,3,5,0,15,3,1.36272,2.82802,0.128751,0.531061,10.8724,-9999,0.196360E-02,-0.328830E-01,-9999,16.0000,0.256667,253.871,86.6955,4.52018,97794.9,1.21412
CH-CHA_201201061400.csv,2012-01-06,17:00,6.7082,0,36000,36000,-0.600104E-01,2,0.258497E-01,-11.1311,0,3.43576,-9999,-9999,-9999,-66.7640,0,18.2688,-9999,-9999,-9999,-2.30053,-9999,-3.97730,-9999,0.309807E-09,-9999,19.7952,486.413,486.413,10.0000,0,-9999,-9999,-9999,-9999,0,285.385,285.385,96559.5,1.17875,1005.37,0.245723E-01,-9999,-9999,-9999,1420.11,-9999,-9999,-9999,-9999,1.23291,0.666256,0.542188E-01,1.40246,-0.590134E-13,0.156507E-13,1.40246,7.10313,157.094,28.3866,2.21559,-9999,0.225633,2.17196,87.6483,0.229326E-01,-9999,0.416283E-01,0,23.4673,-3.56125,8.05555,20.0595,30.5920,42.9056,64.2805,-0.593832E-01,1.01056,-10.8954,1.02163,-9999,-9999,-54.2500,1.21866,-9999,-9999,800000099,800000199,800000099,800000199,800001099,800101099,800010199,801110199,81000,81000,80,81,0,2,5,0,5,20,2.75009,1.49200,0.101830,0.945216E-01,1.60123,-9999,-0.919382E-02,-0.542500E-01,-9999,16.0000,0.340000,250.633,66.4566,4.10112,97829.2,1.21297
CH-CHA_201201061400.csv,2012-01-06,17:30,6.7290,0,36000,36000,0.539475E-01,2,0.165949E-01,-14.9656,0,3.56465,-9999,-9999,-9999,8.18764,1,16.0183,-9999,-9999,-9999,0.530780,-9999,2.77436,-9999,-0.666639E-10,-9999,21.8355,537.179,537.179,3.60000,0,-9999,-9999,-9999,-9999,0,285.720,285.720,96559.5,1.17737,1005.38,0.246011E-01,-9999,-9999,-9999,1451.71,-9999,-9999,-9999,-9999,-0.113177E-01,-1.04521,0.198033E-01,1.04546,-0.169263E-12,-0.305300E-14,1.04546,8.83973,268.065,269.380,1.08537,-9999,0.214057,1.81562,55.6638,0.361097E-01,-9999,0.590640E-01,0,21.8686,-3.31864,7.50677,18.6929,28.5079,39.9827,59.9014,0.533440E-01,1.01131,-14.6393,1.02229,-9999,-9999,7.45950,1.22714,-9999,-9999,800000099,800001199,800000099,800000199,800000199,800100199,800010199,800110199,81000,81000,80,81,1,0,14,9,7,0,1.67583,1.84609,0.109328,0.689052E-01,1.30427,-9999,-0.123674E-01,0.745950E-02,-9999,15.9973,0.427778,252.176,76.0981,4.14976,97889.7,1.21737
CH-CHA_201201061400.csv,2012-01-06,18:00,6.7498,0,36000,36000,-0.428649E-01,1,0.151396E-01,-11.5297,0,3.30464,-9999,-9999,-9999,-20.5466,2,13.2604,-9999,-9999,-9999,-0.869012,-9999,-0.182271,-9999,0.246646E-09,-9999,21.7419,533.850,533.850,1.45000,0,-9999,-9999,-9999,-9999,0,285.172,285.172,96559.5,1.17963,1005.37,0.245540E-01,-9999,-9999,-9999,1400.38,-9999,-9999,-9999,-9999,0.641139,0.681278,0.520725E-01,0.936969,-0.365323E-12,0.113443E-13,0.936969,5.56669,131.814,46.7385,3.18588,-9999,0.190624,1.41844,51.0258,0.393919E-01,-9999,0.510001E-01,0,-9999,-9999,-9999,-9999,-9999,-9999,-9999,-0.423727E-01,1.01162,-11.2758,1.02252,-9999,-9999,-16.1112,1.22929,-9999,-9999,800000099,800000199,800000099,800001199,800001199,800101199,800110199,800110199,80000,80100,80,81,1,0,8,1,3,0,1.24886,1.52745,0.605614E-01,0.893230E-01,1.47137,-9999,-0.950771E-02,-0.161112E-01,-9999,15.9953,0.302222,252.791,79.9423,4.20670,97922.5,1.21579
CH-CHA_201201061400.csv,2012-01-06,18:30,6.7707,0,36000,36000,-0.856046E-01,1,0.194280E-01,-18.9892,0,2.94019,69.0632,2,52.6792,-32.4461,2,36.4086,1.55092,2,1.18299,0.313477,-9999,-2.55813,-9999,0.139503E-09,0.701805E-12,19.8072,487.062,488.258,4.85000,0,99.6453,2.45029,2.45631,0.400000,0,285.592,285.370,96559.5,1.17772,1006.68,0.245901E-01,0.100499,0.179561E-02,236.478,1418.70,0.152465E-02,16.6687,1182.22,260.753,0.436735,-0.290566,0.111571E-01,0.524681,0.203489E-12,0.704303E-14,0.524681,6.06466,227.717,326.364,1.21846,-9999,0.269605,1.87893,87.6827,0.229236E-01,-0.274954,0.594080E-01,0,24.7877,-3.76163,8.50883,21.1882,32.3133,45.3199,67.8974,-0.845024E-01,1.01304,-15.2114,1.02159,57.1068,1.21077,-26.5033,1.21077,1.28242,1.21077,800000099,800000099,800000099,800000099,800000099,800000199,800010199,800010199,81100,81100,80,81,10,3,1,7,3,0,1.31269,2.31839,0.126791,0.338969E-01,3.50912,3763.13,-0.128302E-01,-0.265033E-01,1.28242,15.9977,0.373333,249.833,61.4578,4.09149,97971.8,1.22106
CH-CHA_201201061400.csv,2012-01-06,19:00,6.7915,0,36000,36000,-0.237108,1,0.387613E-01,-0.478283,2,4.85418,12.4800,1,22.9482,-16.1150,1,6.73061,0.280227,1,0.515280,-0.182666,3.44460,-2.81121,0.773451E-01,-0.251930E-09,-0.223512E-11,17.7153,435.642,437.332,9.95000,0,157.170,3.86501,3.88001,0.350000,0,285.605,285.255,96559.5,1.17757,1007.44,0.245912E-01,0.181587E-01,0.283221E-02,372.846,1407.97,0.240513E-02,26.4810,1035.13,266.536,-0.258839,0.348939E-01,0.463771E-01,0.265266,0.185034E-12,-0.142210E-13,0.265266,5.83789,2.33085,172.322,10.0689,-9999,0.448725,1.43698,16054.2,0.125201E-03,-0.383238E-01,0.898461E-03,0,33.9772,-5.15616,11.6633,29.0432,44.2927,62.1211,93.0687,-0.230330,1.02943,0.159131,1.03051,10.4936,1.18565,-13.6734,1.18565,0.235623,1.18565,800000099,800000099,800000099,800000099,800000099,800100099,800010199,800110199,81100,81100,80,81,0,0,13,11,4,1,1.47123,1.24306,0.159668,0.381608E-01,0.759541E-01,524.548,0.134137E-03,-0.136734E-01,0.235623,16.0000,0.344444,249.256,57.8512,4.25979,97995.6,1.22499
CH-CHA_201201061400.csv,2012-01-06,19:30,6.8123,0,36000,36000,-0.827323E-01,1,0.148553E-01,-28.5976,1,5.50652,46.8108,1,11.2697,-7.76678,1,2.39957,1.05164,1,0.253181,0.860506,2.48117,-0.647941,0.557412E-01,-0.151018E-09,-0.174154E-11,17.1940,423.764,425.845,7.35000,0,198.281,4.88684,4.91084,0.350000,0,286.241,285.798,96559.5,1.17488,1008.00,0.246460E-01,0.681462E-01,0.357303E-02,471.266,1459.08,0.304119E-02,32.2989,987.812,269.627,-0.309487,-0.674171,0.183746E-01,0.742042,-0.187607E-13,-0.878315E-14,0.742042,8.98914,321.757,245.342,1.41891,-9999,0.265363,1.54408,55.5397,0.361904E-01,-0.610920,0.909984E-01,0,27.4258,-4.16196,9.41437,23.4431,35.7522,50.1430,75.1234,-0.817505E-01,1.01201,-25.7132,1.02213,38.6931,1.22317,-5.52587,1.22317,0.869268,1.22317,800000099,800000099,800000099,800000099,800100099,801101199,800110199,810110199,81100,81100,80,81,1,3,3,3,17,2,1.51856,1.47421,0.953918E-01,0.943485E-01,0.208486E-01,224.423,-0.217121E-01,-0.552587E-02,0.869268,15.9981,0.315556,249.045,56.5330,4.20725,97999.3,1.22443
CH-CHA_201201061400.csv,2012-01-06,20:00,6.8331,0,36000,36000,-0.384821E-01,1,0.156710E-01,-16.0188,0,3.83591,5.28014,0,1.45956,1.31485,0,0.560176,0.118674,0,0.328044E-01,0.721506,0.582576,-0.705246E-01,0.130937E-01,-0.128596E-09,-0.156070E-11,17.1129,422.469,424.646,0.250000,0,207.690,5.12728,5.15370,0.250000,0,286.719,286.253,96559.5,1.17290,1008.14,0.246872E-01,0.769007E-02,0.374257E-02,494.414,1503.26,0.319086E-02,32.8895,1008.84,270.270,0.581181,0.198551,0.216665E-01,0.614544,-0.608293E-13,-0.751457E-14,0.614544,5.61236,168.933,18.8619,2.02046,-9999,0.181133,0.905699,31.5353,0.637382E-01,-3.03378,0.747905E-01,0,-9999,-9999,-9999,-9999,-9999,-9999,-9999,-0.379701E-01,1.01348,-15.3849,1.02474,4.55928,1.24810,1.66226,1.24810,0.102472,1.24810,800000099,800000099,800000099,800000099,800100099,800101099,800110199,800110199,80000,80000,80,81,4,0,9,39,64,50,1.17816,0.576455,0.567839E-01,0.755978E-01,0.249727E-02,8.25803,-0.130109E-01,0.166226E-02,0.102472,16.0000,0.223333,249.000,56.2500,4.39909,98061.3,1.22639
CH-CHA_201201062000.csv,2012-01-06,20:30,6.8540,0,36000,36000,-0.523573E-01,1,0.750741E-02,-16.7041,0,2.59967,10.1750,0,1.21400,1.82500,0,0.347095,0.228816,0,0.273004E-01,0.915012,0.274834E-01,0.801015E-01,0.618048E-03,0.308992E-09,0.374532E-11,17.1378,423.943,426.133,0.250000,0,207.729,5.13865,5.16519,0.250000,0,287.300,286.833,96559.5,1.17053,1008.16,0.247372E-01,0.148272E-01,0.374328E-02,495.509,1561.11,0.319794E-02,31.7409,1065.60,270.300,1.77898,0.627068,0.689390E-01,1.88752,0.491250E-13,0.180298E-13,1.88752,7.37108,165.969,19.4169,2.09311,-9999,0.211494,0.732042,48.1400,0.417532E-01,-1.64169,0.669289E-01,0,29.9673,-4.54766,10.2868,25.6156,39.0654,54.7898,82.0851,-0.517630E-01,1.01148,-15.8199,1.02452,8.52453,1.24096,2.07410,1.24096,0.191700,1.24096,800000099,800000099,800000099,800000099,800000099,800000099,800110199,800110199,80000,80000,80,81,15,10,3,7,8,3,0.824863,0.590670,0.485513E-01,0.670640E-01,0.201618E-02,11.7986,-0.134058E-01,0.207410E-02,0.191700,15.9961,0.402222,249.000,56.2500,4.77412,98100.4,1.22953
CH-CHA_201201062000.csv,2012-01-06,21:00,6.8748,0,36000,36000,-0.521968E-01,1,0.112960E-01,-10.8194,0,1.88252,8.02025,0,0.983289,2.35927,0,0.513031,0.180441,0,0.221222E-01,0.739883,-0.188028,0.101455,-0.423028E-02,0.139985E-09,0.166369E-11,17.1858,425.813,427.978,0.300000,0,204.249,5.06069,5.08643,0.300000,0,287.763,287.302,96559.5,1.16865,1008.13,0.247771E-01,0.116926E-01,0.368056E-02,488.003,1609.38,0.314941E-02,30.3224,1121.38,270.095,1.38244,0.128665,0.521015E-01,1.38939,0.134699E-12,0.814541E-14,1.38939,5.67487,185.174,5.31725,2.14906,-9999,0.211339,0.783892,74.1600,0.271036E-01,-1.34902,0.434533E-01,0,28.4755,-4.32127,9.77473,24.3405,37.1207,52.0624,77.9989,-0.516450E-01,1.01069,-10.1980,1.02189,6.77110,1.22135,2.31863,1.22135,0.152337,1.22135,800000099,800000099,800000099,800000099,800100099,801100099,800110199,800110199,81000,81000,80,81,2,13,12,17,27,26,0.915823,0.596880,0.550813E-01,0.395465E-01,0.288215E-02,6.42464,-0.865587E-02,0.231863E-02,0.152337,16.0000,0.244444,249.000,56.2500,4.80939,98100.4,1.23001
CH-CHA_201201062000.csv,2012-01-06,21:30,6.8956,0,36000,36000,-0.280168E-01,1,0.240573E-02,-11.7615,1,1.69469,5.93377,1,0.786211,2.92370,1,0.560968,0.133512,1,0.176900E-01,0.157249,0.464022E-01,0.155881,0.104406E-02,0.182771E-09,0.216584E-11,17.2956,428.686,430.875,0.350000,0,204.953,5.07993,5.10587,0.350000,0,287.865,287.401,96559.5,1.16824,1008.14,0.247858E-01,0.865156E-02,0.369326E-02,489.857,1619.81,0.316139E-02,30.2415,1129.96,270.145,1.20205,0.292692,0.633783E-01,1.23879,-0.224223E-12,0.105675E-13,1.23879,3.89751,169.288,13.6849,2.93262,-9999,0.154861,0.340778,26.8415,0.748842E-01,-1.98213,0.644859E-01,0,-9999,-9999,-9999,-9999,-9999,-9999,-9999,-0.276711E-01,1.01249,-11.1895,1.02563,4.93441,1.26057,2.75075,1.26057,0.111026,1.26057,800000099,800000099,800000099,800000099,800000099,800100099,801100199,811110199,81100,81100,80,81,2,1,8,3,24,14,0.212724,0.445820,0.230126E-01,0.517829E-01,0.648995E-02,7.14414,-0.950074E-02,0.275075E-02,0.111026,15.9953,0.431111,249.000,56.2500,4.52487,98100.8,1.22538
CH-CHA_201201062000.csv,2012-01-06,22:00,6.9165,0,36000,36000,0.107439E-01,0,0.453206E-02,-10.7916,1,3.05946,4.98670,1,1.61699,0.789607,0,0.866175,0.112223,1,0.363895E-01,0.296961,0.377176E-01,0.853997E-01,0.848813E-03,-0.331888E-09,-0.393056E-11,17.3477,430.262,432.466,10.0000,0,205.449,5.09559,5.12169,0.00000,0,288.055,287.590,96559.5,1.16747,1008.16,0.248022E-01,0.727203E-02,0.370220E-02,491.364,1639.69,0.317114E-02,29.9669,1148.32,270.187,0.201598,0.557163,0.210010E-01,0.592886,-0.112382E-12,-0.191315E-13,0.592886,2.07649,106.925,70.1084,2.02993,-9999,0.959311E-01,0.173541,6.95397,0.289044,-2.16408,0.955774E-01,0,-9999,-9999,-9999,-9999,-9999,-9999,-9999,0.105269E-01,1.02062,-10.1592,1.04110,3.70907,1.41609,0.914111,1.41609,0.834704E-01,1.41609,800000099,800000099,800000099,800000099,800000099,800100099,811110199,811110199,80100,80100,80,81,3,6,3,4,5,0,0.157454,0.171391,0.182369E-01,0.910665E-01,0.109080E-01,17.3618,-0.863153E-02,0.914111E-03,0.834704E-01,16.0000,0.306667,249.000,56.2500,4.32666,98100.3,1.22206
CH-CHA_201201062000.csv,2012-01-06,22:30,6.9373,0,36000,36000,-0.671818E-02,2,0.273239E-02,-17.7411,0,1.96611,6.07206,0,0.742469,2.22880,0,0.372372,0.136726,0,0.167184E-01,0.935989,-0.613888,-0.181358,-0.138231E-01,0.750681E-10,0.851083E-12,17.1784,426.909,428.986,0.400000,0,194.760,4.84008,4.86362,0.400000,0,288.628,288.185,96559.5,1.16517,1008.03,0.248515E-01,0.885986E-02,0.350957E-02,466.763,1703.88,0.301208E-02,27.3941,1237.12,269.499,0.770865,-1.28201,-0.150596E-01,1.49599,-0.223274E-12,0.436991E-14,1.49599,6.63447,234.821,301.018,-0.576784,-9999,0.759332E-01,1.13504,2.09770,0.958193,-2.92177,0.198924,0,-9999,-9999,-9999,-9999,-9999,-9999,-9999,-0.644342E-02,1.04264,-16.1437,1.08647,3.49184,1.86035,1.65071,1.86035,0.786267E-01,1.86035,800000099,800000099,800000099,800000099,800000099,811100099,801110199,811110199,81100,81100,80,81,10,14,11,26,22,0,1.59931,0.642018,0.287393E-01,0.116972,0.499188E-02,8.64465,-0.137448E-01,0.165071E-02,0.786267E-01,16.0000,0.224444,249.000,56.2500,4.09885,98102.3,1.22485
CH-CHA_201201062000.csv,2012-01-06,23:00,6.9581,0,36000,36000,-0.220980E-01,1,0.398955E-02,-31.8876,0,4.92670,8.48381,0,1.35739,2.43243,0,0.735674,0.191062,0,0.305695E-01,0.255735,-0.123950,-0.407156E-01,-0.279146E-02,-0.387694E-10,-0.435627E-12,17.1387,426.156,428.207,0.400000,0,192.577,4.78845,4.81149,0.350000,0,288.786,288.348,96559.5,1.16453,1008.01,0.248651E-01,0.123808E-01,0.347024E-02,461.792,1721.81,0.297994E-02,26.8202,1260.02,269.356,0.903657,-1.71610,0.643194E-02,1.93950,0.178533E-12,-0.226209E-14,1.93950,6.09221,248.991,297.770,0.190010,-9999,0.137753,1.20423,6.96803,0.288460,-3.75864,0.197199,0,-9999,-9999,-9999,-9999,-9999,-9999,-9999,-0.216263E-01,1.02181,-30.1529,1.04572,6.41243,1.44233,2.74953,1.44233,0.144413,1.44233,800000099,800000099,800000099,800000099,800000099,800100099,800100199,800100199,80000,80000,80,81,22,34,16,13,16,7,0.618494,1.72631,0.636583E-01,0.246218,0.689613E-02,12.6373,-0.256870E-01,0.274953E-02,0.144413,15.9961,0.273333,249.000,56.2500,4.03612,98099.9,1.22772
CH-CHA_201201062000.csv,2012-01-06,23:30,6.9790,0,36000,36000,-0.443132E-01,1,0.805004E-02,-39.0680,0,3.09858,16.0224,0,1.23488,2.91309,0,0.392576,0.360922,0,0.278171E-01,0.385518,-0.286749,-0.764945E-01,-0.645935E-02,0.138941E-09,0.152729E-11,17.0679,424.741,426.733,0.350000,0,187.616,4.66889,4.69079,0.350000,0,289.021,288.593,96559.5,1.16359,1007.95,0.248854E-01,0.233877E-01,0.338084E-02,450.279,1749.17,0.290552E-02,25.7424,1298.89,269.020,1.36751,-2.38667,0.284167E-03,2.75069,-0.276706E-12,0.814049E-14,2.75069,7.44755,245.216,299.812,0.591909E-02,-9999,0.195149,1.45375,16.1695,0.124308,-2.43835,0.170693,0,-9999,-9999,-9999,-9999,-9999,-9999,-9999,-0.435780E-01,1.01687,-36.9850,1.03640,12.6934,1.33211,3.55078,1.33211,0.285933,1.33211,800000099,800000099,800000099,800000099,800000099,800001099,800000199,800000199,81100,81100,80,81,0,0,10,9,19,16,1.31679,1.50847,0.822381E-01,0.110133,0.202697E-02,11.0256,-0.315345E-01,0.355078E-02,0.285933,16.0000,0.254444,249.000,56.2500,4.45018,98104.5,1.23504
CH-CHA_201201062000.csv,2012-01-07,00:00,7.0000,0,36000,36000,-0.319574E-01,1,0.828840E-02,-17.5093,0,3.44459,5.96874,0,1.16473,1.05550,0,0.407284,0.134482,0,0.262427E-01,0.361234,-0.963692E-01,0.181097E-01,-0.217131E-02,0.249154E-09,0.271305E-11,17.0680,425.076,427.053,0.350000,0,185.854,4.62867,4.65019,0.350000,0,289.248,288.823,96559.5,1.16268,1007.93,0.249049E-01,0.871446E-02,0.334908E-02,446.405,1775.18,0.288048E-02,25.1471,1328.77,268.905,0.112398,-1.04306,-0.463056E-02,1.04911,0.100536E-12,0.145977E-13,1.04911,5.66203,266.248,276.150,-0.252892,-9999,0.165789,1.24741,22.1216,0.908612E-01,-2.93350,0.901199E-01,0,-9999,-9999,-9999,-9999,-9999,-9999,-9999,-0.315415E-01,1.01319,-16.7769,1.02667,5.00530,1.27222,1.47878,1.27222,0.112775,1.27222,800000099,800000099,800000099,800000099,800000099,800101099,800010199,800010199,80000,80000,80,81,1,2,6,29,57,48,0.950724,1.47197,0.721171E-01,0.782417E-01,0.124664E-02,4.98312,-0.143159E-01,0.147878E-02,0.112775,15.9949,0.427778,249.000,56.2500,4.62867,98102.1,1.23645
CH-CHA_201201062000.csv,2012-01-07,00:30,7.0208,0,36000,36000,-0.143605E-01,1,0.272725E-02,-14.6609,0,2.40402,5.27280,0,0.823417,1.92912,0,0.534048,0.118760,0,0.185460E-01,-0.577076,0.233035,0.161770,0.524867E-02,-0.805350E-10,-0.889087E-12,17.2095,428.069,430.102,0.300000,0,189.989,4.72578,4.74821,0.300000,0,288.889,288.456,96559.5,1.16412,1007.98,0.248740E-01,0.769565E-02,0.342360E-02,455.756,1733.85,0.294093E-02,26.2859,1278.09,269.181,1.73274,0.397173E-01,0.549381E-01,1.73406,-0.292357E-13,-0.467968E-14,1.73406,4.33632,186.059,1.31309,1.81553,-9999,0.111067,0.320364,7.94367,0.253032,-2.78047,0.112493,0,-9999,-9999,-9999,-9999,-9999,-9999,-9999,-0.140809E-01,1.01985,-13.8554,1.04165,3.98260,1.40945,1.86155,1.40945,0.897007E-01,1.40945,800000099,800000099,800000099,800000099,800000099,800100099,800100199,811100199,81100,81100,80,80,13,7,14,11,4,4,0.335047,0.283817,0.218636E-01,0.165170,0.998320E-02,11.9101,-0.118078E-01,0.186155E-02,0.897007E-01,16.0000,0.220000,249.000,56.2500,4.48555,98101.7,1.23030
CH-CHA_201201062000.csv,2012-01-07,01:00,7.0416,0,36000,36000,-0.125918E-01,1,0.264692E-02,0.374745,2,1.50967,-3.14510,1,1.18656,-2.27120,1,0.833626,-0.708103E-01,1,0.267149E-01,-0.627762,0.256433,0.245782,0.577345E-02,-0.134448E-09,-0.150184E-11,17.4156,432.610,434.711,9.90000,0,194.540,4.83245,4.85591,9.95000,0,288.499,288.057,96559.5,1.16569,1008.02,0.248404E-01,-0.458851E-02,0.350561E-02,466.028,1689.91,0.300733E-02,27.5772,1223.88,269.478,1.10393,-0.283760,0.264278E-01,1.14012,0.609725E-13,-0.771996E-14,1.14012,2.39084,203.300,345.584,1.32822,-9999,0.103933,0.152737,-254.654,-0.789306E-02,-0.119152,-0.306852E-02,0,-9999,-9999,-9999,-9999,-9999,-9999,-9999,-0.124407E-01,1.01215,0.206503,1.01997,-2.67930,1.17176,-1.92863,1.17176,-0.603231E-01,1.17176,800000099,800000099,800000099,800000099,800000099,800100099,811100199,811110199,80000,80000,80,81,10,24,6,2,0,5,0.224944,0.717878E-01,0.874312E-02,0.180221,0.292151E-01,29.6886,0.175741E-03,-0.192863E-02,-0.603231E-01,16.0000,0.232222,249.000,56.2500,3.73078,98102.5,1.21950
CH-CHA_201201062000.csv,2012-01-07,01:30,7.0624,0,36000,36000,-0.534783E-01,1,0.686089E-02,-0.712533,2,0.630105,-4.64394,1,1.39506,-4.86083,1,1.27438,-0.104535,1,0.314030E-01,-0.324052,0.113348,0.149157,0.255147E-02,-0.960386E-11,-0.107640E-12,17.5387,435.364,437.499,1.80000,0,196.574,4.87956,4.90348,10.0000,0,288.297,287.851,96559.5,1.16650,1008.05,0.248230E-01,-0.677389E-02,0.354226E-02,470.564,1667.63,0.303665E-02,28.2176,1197.06,269.607,0.599481,0.647075E-02,0.290408E-01,0.600219,0.227061E-12,-0.547581E-15,0.600219,2.88593,175.317,0.618421,2.77326,-9999,0.214115,0.520137,1171.01,0.171646E-02,0.153433,0.283005E-02,0,59.7942,-9.07401,20.5254,51.1112,77.9478,109.323,163.786,-0.528407E-01,1.01207,-0.931437,1.01997,-3.84909,1.19585,-3.99587,1.19585,-0.866432E-01,1.19585,800000099,800000099,800000099,800000099,800000099,800100099,801100199,811110199,81000,81000,80,81,9,7,16,0,0,0,0.542000,0.489425,0.884849E-02,0.121324,0.347992E-01,22.3610,-0.792115E-03,-0.399587E-02,-0.866432E-01,16.0000,0.222222,249.000,56.2500,4.07121,98100.2,1.22293
CH-CHA_201201062000.csv,2012-01-07,02:00,7.0833,0,36000,36000,-0.110847E-01,1,0.171364E-02,-9.07355,1,1.57908,-1.87124,1,0.857899,-2.23975,2,0.888579,-0.421192E-01,1,0.193102E-01,-0.103411,0.310247E-03,0.123557,0.698325E-05,-0.128923E-10,-0.143748E-12,17.6346,437.645,439.791,9.60000,0,196.624,4.87969,4.90361,9.65000,0,288.231,287.786,96559.5,1.16677,1008.04,0.248174E-01,-0.272932E-02,0.354316E-02,470.577,1660.57,0.303673E-02,28.3382,1189.99,269.607,1.56277,0.266468,0.506828E-01,1.58613,0.138969E-12,-0.731082E-15,1.58613,3.37264,177.656,9.67648,1.83113,-9999,0.974697E-01,0.203235,8.67481,0.231705,4.84894,0.791487E-01,0,-9999,-9999,-9999,-9999,-9999,-9999,-9999,-0.108785E-01,1.01896,-8.81083,1.03971,-1.16749,1.39441,-1.25402,1.39441,-0.262786E-01,1.39441,800000099,800000099,800000099,800000099,800000099,801100199,800100199,811110199,80000,80000,80,81,18,11,13,7,6,4,0.159554,0.234550,0.123659E-01,0.183575,0.325338E-01,15.7259,-0.749124E-02,-0.125402E-02,-0.262786E-01,16.0000,0.215556,249.000,56.2500,3.54802,98099.9,1.21105
CH-CHA_201201070200.csv,2012-01-07,02:30,7.1041,0,36000,36000,-0.192794E-01,1,0.430004E-02,-15.9875,1,2.44241,-0.584953,1,0.142626,3.95551,1,0.859032,-0.131574E-01,1,0.320811E-02,-1.13305,0.848278E-02,0.478316,0.190804E-03,-0.165880E-09,-0.181437E-11,18.0345,446.452,448.643,0.250000,0,197.257,4.88320,4.90716,0.200000,0,287.513,287.068,96559.5,1.16968,1008.03,0.247555E-01,-0.852601E-03,0.355457E-02,470.915,1585.17,0.303892E-02,29.7076,1114.25,269.617,1.10500,0.225958,0.504883E-01,1.12900,0.111194E-12,-0.919797E-14,1.12900,3.63688,173.759,11.5569,2.56309,-9999,0.128385,0.398126,11.2507,0.178656,27.3313,0.105615,0,-9999,-9999,-9999,-9999,-9999,-9999,-9999,-0.189682E-01,1.01640,-15.4958,1.03384,-0.124887,1.34421,3.58071,1.34421,-0.280909E-02,1.34421,800000099,800000099,800000099,800000099,800000099,800100099,801100199,811100199,81100,81100,80,81,7,9,7,0,10,5,0.627654,0.158752,0.984632E-02,0.241360,0.356945E-01,2.55307,-0.131423E-01,0.358071E-02,-0.280909E-02,16.0000,0.250000,249.000,56.2500,1.81597,98099.6,1.18546
CH-CHA_201201070200.csv,2012-01-07,03:00,7.1249,0,36000,36000,0.147843E-02,1,0.382641E-03,-4.63300,0,0.317405,-1.11185,1,0.731271E-01,1.23882,0,0.832553E-01,-0.249992E-01,1,0.164422E-02,-0.639465,-0.203645,0.124283,-0.457883E-02,-0.674560E-11,-0.721406E-13,18.1528,448.737,450.901,0.150000,0,194.135,4.79901,4.82215,0.500000E-01,0,287.100,286.663,96559.5,1.17137,1007.98,0.247200E-01,-0.161995E-02,0.349831E-02,462.808,1544.01,0.298651E-02,29.9744,1081.21,269.385,0.920133,0.608538,0.575111E-01,1.10466,-0.448847E-13,-0.371601E-15,1.10466,1.93355,154.140,33.4790,2.98430,-9999,0.355266E-01,0.457501E-01,0.822642,2.44335,4.16694,0.110450,0,-9999,-9999,-9999,-9999,-9999,-9999,-9999,0.136886E-02,1.08005,-4.02821,1.15834,-0.374394,2.63982,0.567653,2.63982,-0.841802E-02,2.63982,800000099,800100099,800000099,800000099,800001099,800111199,811110199,811110199,80000,80000,80,81,1,3,5,22,39,66,0.600395E-01,0.289554E-01,0.250537E-02,0.472299E-01,0.437100E-02,0.959189,-0.341168E-02,0.567653E-03,-0.841802E-02,15.9953,0.246667,249.000,56.2500,0.584854,98094.2,1.16962
CH-CHA_201201070200.csv,2012-01-07,03:30,7.1458,0,36000,36000,-0.110417E-01,1,0.214049E-02,-1.95704,2,1.98514,-4.25095,1,0.770626,-2.80955,1,0.767125,-0.955129E-01,1,0.173149E-01,-1.16198,-0.551189,0.902778E-01,-0.123844E-01,0.433141E-10,0.439678E-12,18.2678,450.393,452.462,-1.00000,0,185.435,4.57190,4.59290,10.0000,0,286.345,285.930,96559.5,1.17447,1007.84,0.246550E-01,-0.618923E-02,0.334154E-02,440.938,1471.81,0.284514E-02,29.9589,1030.87,268.741,0.253595,0.472035,0.305014E-01,0.536710,-0.207859E-12,0.237106E-14,0.536710,1.67863,121.844,61.7537,3.25789,-9999,0.969609E-01,0.231679,39.5895,0.507711E-01,0.460377,0.170518E-01,0,-9999,-9999,-9999,-9999,-9999,-9999,-9999,-0.108912E-01,1.01382,-2.11395,1.02448,-3.36646,1.24279,-2.14111,1.24279,-0.756396E-01,1.24279,800000099,800100099,800000099,800000099,800000099,800000199,811110199,811110199,81100,81100,80,81,0,0,0,5,1,3,0.189879,0.270528,0.295134E-02,0.188504,0.507697E-01,17.3170,-0.178592E-02,-0.214111E-02,-0.756396E-01,15.9973,4.01278,249.000,56.2500,-0.463372,98097.7,1.15675
CH-CHA_201201070200.csv,2012-01-07,04:00,7.1666,0,36000,36000,-0.254723E-02,1,0.738967E-03,3.12262,1,1.35091,3.81568,1,4.57191,-0.385198,2,1.60005,0.856793E-01,1,0.102660,-1.03551,-3.10379,-0.951868,-0.696941E-01,0.293195E-10,0.223273E-12,17.6090,432.984,434.416,-1.00000,0,134.096,3.29725,3.30816,-0.550000,0,285.577,285.278,96559.5,1.17772,1007.14,0.245888E-01,0.555202E-02,0.241640E-02,318.133,1410.13,0.205176E-02,22.5606,1091.99,264.488,0.541332,0.504767,0.368172E-01,0.741071,-0.125210E-12,0.166503E-14,0.741071,1.42229,137.942,42.9981,2.84769,-9999,0.465064E-01,0.939452E-01,-2.73725,-0.734314,0.818364,-0.566076E-01,0,-9999,-9999,-9999,-9999,-9999,-9999,-9999,-0.250975E-02,1.01493,3.25089,1.02122,3.19727,1.17225,-0.498839,1.17225,0.717933E-01,1.17225,800000099,800001199,800000099,800000099,800110099,800111199,811110199,811110199,80100,80100,80,81,0,13,8,7,5,7,0.113238,0.715898E-01,0.306269E-02,0.121522,0.494352,1065.52,0.274076E-02,-0.498839E-03,0.717933E-01,16.0000,9.96889,249.523,59.5212,-0.923453,98099.8,1.14724
CH-CHA_201201070200.csv,2012-01-07,04:30,7.1874,0,36000,36000,0.214716E-02,2,0.193023E-02,-1.95999,1,2.03677,-23.2539,1,7.97137,-5.20715,2,4.53587,-0.522044,1,0.178955,-0.351675,-1.10204,-0.206933E-02,-0.247404E-01,0.281200E-10,0.184795E-12,17.6236,432.946,434.182,-1.00000,0,115.817,2.84518,2.85330,0.100000,0,285.314,285.057,96559.5,1.17884,1006.89,0.245662E-01,-0.338285E-01,0.208702E-02,274.555,1389.72,0.177040E-02,19.7562,1115.16,262.618,0.542141,0.390161,0.265286E-01,0.668466,0.113237E-12,0.159558E-14,0.668466,2.24920,146.093,35.7413,2.27443,-9999,0.426781E-01,0.253562,3.36995,0.596448,0.842867E-01,0.386913E-01,0,-9999,-9999,-9999,-9999,-9999,-9999,-9999,0.206884E-02,1.03786,-2.59394,1.07673,-13.0128,1.77963,-2.74170,1.77963,-0.292133,1.77963,800000099,800000099,800000099,800000099,800100099,800100099,800100199,811110199,81000,81100,80,80,0,2,6,4,0,0,0.224798,0.275700,0.662619E-02,0.421156,1.89209,2719.85,-0.218537E-02,-0.274170E-02,-0.292133,16.0000,0.376667,249.594,59.9628,-1.10996,98089.9,1.14312
CH-CHA_201201070200.csv,2012-01-07,05:00,7.2083,0,36000,36000,-0.475623E-02,2,0.195157E-02,-3.37042,1,1.06172,-6.07220,1,1.19796,1.18869,1,0.898127,-0.136314,1,0.268928E-01,-0.670349E-01,2.89230,1.00738,0.649287E-01,-0.868291E-12,-0.775621E-14,18.3689,451.358,453.185,10.0000,0,164.085,4.03186,4.04818,0.100000,0,285.379,285.015,96559.5,1.17849,1007.53,0.245718E-01,-0.883315E-02,0.295680E-02,388.920,1385.83,0.250898E-02,28.0640,996.912,267.087,0.358191,0.492908,0.172644E-01,0.609555,-0.238080E-13,-0.472696E-16,0.609555,2.36552,136.945,53.9945,1.62301,-9999,0.635286E-01,0.192363,6.46498,0.310906,0.555057,0.446821E-01,0,-9999,-9999,-9999,-9999,-9999,-9999,-9999,-0.465278E-02,1.02223,-3.47488,1.04464,-4.11415,1.45229,0.986783,1.45229,-0.923580E-01,1.45229,800000099,800000099,800000099,800000099,800010099,811110099,810110199,811110199,80100,80100,80,80,21,0,5,35,13,4,0.229903,0.151545,0.327685E-02,0.793827E-01,0.748214E-01,67.3449,-0.292657E-02,0.986783E-03,-0.923580E-01,15.9961,0.508889,249.003,56.2672,-1.05607,98018.5,1.14447
CH-CHA_201201070200.csv,2012-01-07,05:30,7.2291,0,36000,36000,-0.448876E-01,1,0.682073E-02,-10.1758,1,4.69653,-7.18817,1,3.20943,11.5779,1,2.83938,-0.161322,1,0.720283E-01,-0.451663,-0.737309E-01,0.137492,-0.165472E-02,0.171338E-09,0.151064E-11,18.4897,453.868,455.692,10.0000,0,163.019,4.00164,4.01772,3.95000,0,285.092,284.731,96559.5,1.17967,1007.50,0.245471E-01,-0.104537E-01,0.293760E-02,386.010,1360.09,0.249018E-02,28.3812,974.078,266.989,-0.742542E-01,0.843003E-01,0.138889E-01,0.113195,0.754004E-13,0.926668E-14,0.113195,1.57337,52.4749,131.375,7.04788,-9999,0.195066,0.344530,61.9894,0.324249E-01,1.41563,0.438911E-01,0,-9999,-9999,-9999,-9999,-9999,-9999,-9999,-0.435594E-01,1.03049,-10.2122,1.03130,-5.60886,1.23751,9.86415,1.23751,-0.125878,1.23751,800000099,800000099,800000099,800000099,800000099,810000099,811110199,811110199,81100,81100,80,81,0,0,2,1,0,4,0.287605,0.393508,0.794586E-02,0.222096,0.104460,81.0798,-0.859233E-02,0.986415E-02,-0.125878,15.9953,0.366667,249.018,56.3629,-1.28667,98054.9,1.14212
CH-CHA_201201070200.csv,2012-01-07,06:00,7.2499,0,36000,36000,-0.397218E-02,2,0.181753E-02,-5.02205,1,1.65906,-2.89223,1,1.82788,3.11948,1,0.910977,-0.648971E-01,1,0.410148E-01,-0.317661,0.459882,0.415211,0.103190E-01,0.643244E-10,0.584068E-12,18.8104,461.444,463.386,10.0000,0,170.799,4.18993,4.20756,7.50000,0,284.910,284.531,96559.5,1.18042,1007.60,0.245314E-01,-0.420533E-02,0.307779E-02,404.148,1342.24,0.260738E-02,30.1099,938.094,267.591,0.366922,0.589873,0.267939E-01,0.695198,-0.106923E-12,0.341963E-14,0.695198,2.07572,128.138,58.1169,2.20881,-9999,0.580092E-01,0.223241,3.30339,0.608466,1.73640,0.727880E-01,0,-9999,-9999,-9999,-9999,-9999,-9999,-9999,-0.385247E-02,1.03108,-4.83001,1.06315,-1.68616,1.64111,2.08916,1.64111,-0.378347E-01,1.64111,800000099,800000099,800000099,800000099,800001099,800001199,811110199,811110199,81100,81100,80,81,0,0,1,2,4,18,0.215657,0.228046,0.277910E-02,0.160909,0.674177E-01,142.963,-0.406091E-02,0.208916E-02,-0.378347E-01,15.9977,0.372222,249.037,56.4822,-0.952227,98095.0,1.14496
CH-CHA_201201070200.csv,2012-01-07,06:30,7.2707,0,36000,36000,-0.120046E-01,0,0.370132E-02,7.71185,2,7.50172,-2.89494,1,0.842886,-4.65035,2,2.54913,-0.650000E-01,1,0.189253E-01,1.07425,0.669567,-0.589868,0.150338E-01,0.150869E-10,0.149476E-12,18.3254,450.655,452.676,-1.00000,0,181.561,4.46492,4.48495,-0.200000,0,285.612,285.207,96559.5,1.17750,1007.76,0.245918E-01,-0.421200E-02,0.327173E-02,430.635,1403.56,0.277855E-02,30.6817,972.923,268.428,0.265782,0.910540,0.374615E-01,0.949277,-0.173194E-13,0.823279E-15,0.949277,1.97134,113.676,73.7277,2.26166,-9999,0.100970,0.160100,-11.3448,-0.177173,-2.66391,-0.643644E-01,0,-9999,-9999,-9999,-9999,-9999,-9999,-9999,-0.118488E-01,1.01315,7.41331,1.02032,-2.61730,1.17154,-4.30087,1.17154,-0.587662E-01,1.17154,800000099,800000099,800000099,800000099,800100099,800100099,800100199,811100199,81100,81100,80,81,0,22,16,20,28,12,0.151822,0.151811,0.165674E-01,0.694261,0.121992,5.93181,0.624731E-02,-0.430087E-02,-0.587662E-01,15.9981,0.310000,249.000,56.2500,-0.167801,98069.5,1.15704
CH-CHA_201201070200.csv,2012-01-07,07:00,7.2916,0,36000,36000,-0.150933E-01,1,0.345171E-02,-15.8990,1,3.20466,0.616971,1,0.321782,3.71702,1,0.673066,0.138590E-01,1,0.722819E-02,0.736973,0.926751E-01,-0.393744,0.208176E-02,-0.306986E-10,-0.311739E-12,18.0025,443.441,445.447,0.150000,0,182.812,4.50306,4.52343,0.150000,0,286.080,285.672,96559.5,1.17557,1007.79,0.246322E-01,0.898065E-03,0.329427E-02,434.309,1447.11,0.280229E-02,30.0121,1012.80,268.540,0.192759,0.926537,0.257090E-01,0.946725,0.197426E-12,-0.170524E-14,0.946725,2.41928,110.850,78.2477,1.55610,-9999,0.113310,0.356448,7.77712,0.258450,-25.7694,0.118436,0,-9999,-9999,-9999,-9999,-9999,-9999,-9999,-0.148090E-01,1.01920,-15.2768,1.03933,0.711418,1.40074,3.25299,1.40074,0.159806E-01,1.40074,800000099,800000099,800000099,800000099,800000099,800000099,800100199,811100199,81100,81100,80,81,2,13,4,0,0,1,0.275252,0.422412,0.152314E-01,0.374104,0.234631E-01,3.04981,-0.128948E-01,0.325299E-02,0.159806E-01,15.9938,0.440000,249.000,56.2500,0.254440,98050.4,1.16697
CH-CHA_201201070200.csv,2012-01-07,07:30,7.3124,0,36000,36000,-0.752636E-01,1,0.102926E-01,-35.1989,1,27.6911,8.11548,1,2.03672,1.94666,1,3.11207,0.181971,1,0.456688E-01,-2.99138,-0.355596,-0.645779,-0.797343E-02,0.187048E-09,0.188827E-11,17.6418,431.687,433.577,0.250000,0,178.097,4.35794,4.37702,0.300000,0,284.191,283.798,96559.5,1.18339,1007.68,0.244695E-01,0.117917E-01,0.320931E-02,420.331,1278.45,0.271196E-02,32.8782,858.118,268.108,1.90975,0.400816,0.584475E-01,1.95224,0.855542E-13,0.106025E-13,1.95224,8.88699,174.202,11.8531,1.71562,-9999,0.252190,1.54982,38.7268,0.519021E-01,-4.33726,0.117045,0,33.3753,-5.06483,11.4567,28.5287,43.5081,61.0207,91.4201,-0.743693E-01,1.01202,-33.9421,1.02576,7.11455,1.25184,2.95814,1.25184,0.159528,1.25184,800000099,800000099,800000099,800000099,800100099,810111099,800100199,811110199,81100,81100,80,80,0,0,7,8,0,2,2.04781,0.999088,0.527375E-01,8.06225,0.177486,47.7277,-0.284635E-01,0.295814E-02,0.159528,16.0000,0.377778,249.000,56.2500,1.75778,98044.1,1.19644
CH-CHA_201201070200.csv,2012-01-07,08:00,7.3332,0,36000,36000,-0.869618E-01,1,0.140126E-01,-41.2575,1,8.54744,13.6548,1,2.99633,9.06686,1,2.54135,0.307118,1,0.673922E-01,5.04559,0.256866,0.128959,0.577730E-02,-0.245236E-09,-0.252223E-11,17.5407,434.061,436.007,0.300000,0,180.405,4.46428,4.48430,0.300000,0,287.401,286.994,96559.5,1.17017,1007.80,0.247459E-01,0.199012E-01,0.325090E-02,430.573,1577.60,0.277815E-02,27.2930,1147.02,268.426,0.392036,0.119693,0.451964E-01,0.412385,-0.433157E-15,-0.139809E-13,0.412385,4.06470,180.040,16.9780,6.29212,-9999,0.272609,0.616927,41.7358,0.481600E-01,-3.02146,0.128333,0,41.1796,-6.24917,14.1356,35.1997,53.6818,75.2895,112.797,-0.856838E-01,1.01492,-39.6221,1.02448,11.7875,1.23620,8.95641,1.23620,0.265118,1.23620,800000099,800000099,800000099,800000099,800000099,800100099,800100199,801100199,81100,81100,80,81,0,2,9,9,15,8,0.682291,0.515122,0.364418E-01,0.340515,0.401493E-01,31.6857,-0.335981E-01,0.895641E-02,0.265118,15.9942,0.307778,249.000,56.2500,2.82576,98032.4,1.20440
CH-CHA_201201070800.csv,2012-01-07,08:30,7.3541,1,36000,36000,-0.109546,1,0.215075E-01,-32.8215,1,5.88695,20.5732,1,3.52077,6.58146,1,2.00272,0.463025,1,0.792394E-01,1.07220,-0.487023,-0.264641,-0.109611E-01,-0.186480E-09,-0.185189E-11,17.3035,429.179,431.016,0.200000,0,171.837,4.26206,4.28031,0.200000,0,288.064,287.675,96559.5,1.16749,1007.71,0.248030E-01,0.300041E-01,0.309650E-02,411.096,1648.74,0.265228E-02,24.9340,1237.64,267.815,1.07021,1.41884,0.944828E-01,1.77971,0.140862E-12,-0.107770E-13,1.77971,9.21499,136.115,52.9734,3.04319,-9999,0.306317,1.76031,74.4288,0.270057E-01,-1.59535,0.910752E-01,0,34.9530,-5.30425,11.9982,29.8773,45.5648,63.9052,95.7417,-0.108378,1.01078,-31.0915,1.02284,17.3099,1.22624,6.57377,1.22624,0.389580,1.22624,800000099,800000099,800000099,800000099,800100099,810101099,800100199,810100199,81100,81100,80,81,3,9,8,1,0,2,2.14028,1.31103,0.693198E-01,0.213360,0.268879E-01,49.9482,-0.264274E-01,0.657377E-02,0.389580,15.9981,0.318889,249.000,56.2500,3.28439,98015.4,1.21390
CH-CHA_201201070800.csv,2012-01-07,09:00,7.3749,1,36000,36000,-0.501660E-01,1,0.994037E-02,-5.45240,2,1.92761,-3.41253,2,2.86056,-5.59485,1,1.52989,-0.767853E-01,2,0.643653E-01,-0.384520,0.196461,0.794671E-01,0.442055E-02,-0.179515E-09,-0.181062E-11,17.3769,430.643,432.522,-1.00000,0,175.266,4.34355,4.36250,10.0000,0,287.827,287.431,96559.5,1.16844,1007.75,0.247826E-01,-0.497569E-02,0.315830E-02,418.945,1622.93,0.270300E-02,25.8141,1203.98,268.064,1.05022,0.521338E-01,0.421872E-01,1.05236,-0.365515E-12,-0.103307E-13,1.05236,3.71862,184.210,2.84188,2.29751,-9999,0.207205,0.832718,138.677,0.144942E-01,1.59776,0.223475E-01,0,35.1274,-5.33071,12.0581,30.0263,45.7921,64.2240,96.2193,-0.496404E-01,1.01059,-5.51289,1.02050,-2.70787,1.20842,-4.37090,1.20842,-0.609297E-01,1.20842,800000099,800000099,800000099,800000099,800000099,800100099,800100199,811110199,81100,81100,80,81,0,0,3,0,6,8,0.654184,0.979925,0.313266E-01,0.114723,0.200240E-01,41.8354,-0.468188E-02,-0.437090E-02,-0.609297E-01,15.9977,0.304444,249.000,56.2500,3.75937,98014.0,1.21545
CH-CHA_201201070800.csv,2012-01-07,09:30,7.3957,1,36000,36000,-0.170159E-01,2,0.454974E-02,-17.3520,0,2.73457,13.4749,0,1.78271,-1.07855,1,0.576017,0.303176,0,0.401096E-01,-0.126460,-0.278833E-01,-0.170392,-0.627354E-03,-0.265198E-09,-0.268731E-11,17.2550,427.503,429.363,-1.00000,0,174.849,4.33199,4.35084,0.150000,0,287.746,287.351,96559.5,1.16877,1007.74,0.247756E-01,0.196458E-01,0.315078E-02,417.832,1614.52,0.269580E-02,25.8796,1196.69,268.029,0.753424,0.886217,0.425718E-01,1.16398,-0.460333E-12,-0.153693E-13,1.16398,4.78343,132.513,49.6302,2.09603,-9999,0.120660,0.648865,8.60447,0.233599,-1.28773,0.122098,0,-9999,-9999,-9999,-9999,-9999,-9999,-9999,-0.167135E-01,1.01810,-16.1477,1.03744,10.0117,1.37990,-0.234328,1.37990,0.225255,1.37990,800000099,800000099,800000099,800000099,800000099,800101099,800110199,801110199,80100,80100,80,81,8,26,14,1,55,11,0.689429,0.581986,0.263150E-01,0.114152,0.898031E-02,35.5190,-0.137099E-01,-0.234328E-03,0.225255,15.9957,0.341667,249.000,56.2500,3.87490,98001.2,1.21421
CH-CHA_201201070800.csv,2012-01-07,10:00,7.4165,1,36000,36000,-0.291217E-01,1,0.444876E-02,-14.5809,0,1.23658,12.5006,0,0.961207,-1.11846,0,0.877619E-01,0.281294,0,0.216295E-01,0.236383,-0.154031,-0.425866E-01,-0.346608E-02,-0.134440E-09,-0.134469E-11,17.2147,426.718,428.547,0.200000,0,172.183,4.26808,4.28638,0.200000,0,287.890,287.501,96559.5,1.16819,1007.71,0.247880E-01,0.182279E-01,0.310275E-02,411.676,1630.28,0.265602E-02,25.2519,1218.60,267.833,1.12010,2.01467,0.912088E-01,2.30691,0.559815E-13,-0.780962E-14,2.30691,5.27437,125.206,60.9272,2.26590,-9999,0.157889,0.450562,22.9432,0.876076E-01,-1.16641,0.784482E-01,0,-9999,-9999,-9999,-9999,-9999,-9999,-9999,-0.287182E-01,1.01405,-13.5747,1.03034,9.92082,1.28789,-0.385677,1.28789,0.223243,1.28789,800000099,800000099,800000099,800000099,800000099,800000099,800000199,800110199,80000,80000,80,80,1,14,3,18,19,19,0.492305,0.363871,0.449480E-01,0.449214E-01,0.335266E-03,17.7744,-0.115314E-01,-0.385677E-03,0.223243,15.9918,0.460000,249.000,56.2500,4.21718,97992.9,1.21964
CH-CHA_201201070800.csv,2012-01-07,10:30,7.4374,1,36000,36000,-0.185650E-01,2,0.395833E-02,-18.3254,0,1.36204,19.0419,0,1.17256,-1.61773,0,0.108114,0.428513,0,0.263869E-01,0.837579E-01,0.733926E-01,-0.164264E-01,0.165160E-02,0.124934E-09,0.125942E-11,17.1991,426.415,428.256,0.200000,0,173.378,4.29854,4.31710,0.200000,0,287.946,287.554,96559.5,1.16796,1007.72,0.247928E-01,0.277676E-01,0.312428E-02,414.610,1635.89,0.267498E-02,25.3445,1221.28,267.927,1.24820,2.04402,0.970314E-01,2.39696,-0.429066E-13,0.726398E-14,2.39696,6.39401,129.252,58.5892,2.32002,-9999,0.126076,0.658400,9.29457,0.216255,-0.962372,0.123495,0,-9999,-9999,-9999,-9999,-9999,-9999,-9999,-0.182034E-01,1.01986,-16.7735,1.04212,13.8997,1.39408,-0.623330,1.39408,0.312794,1.39408,800000099,800000099,800000099,800000099,800000099,801100099,800010199,800110199,80000,80000,80,81,3,14,2,5,72,11,0.722658,0.539240,0.549011E-01,0.286165E-01,0.403750E-03,15.8343,-0.142512E-01,-0.623330E-03,0.312794,15.9949,0.390556,249.000,56.2500,4.43188,97957.2,1.22225
CH-CHA_201201070800.csv,2012-01-07,11:00,7.4582,1,36000,36000,-0.312477E-01,0,0.373382E-02,-10.8745,0,1.05939,-7.43639,1,4.18640,2.58723,1,1.32441,-0.167342,1,0.942071E-01,-0.359597E-01,-0.122526,0.183622,-0.275723E-02,-0.330383E-11,-0.326516E-13,17.3374,429.801,431.635,10.0000,0,171.344,4.24770,4.26582,10.0000,0,287.919,287.531,96559.5,1.16808,1007.70,0.247905E-01,-0.108438E-01,0.308762E-02,409.713,1633.48,0.264334E-02,25.0822,1223.77,267.771,0.921707,1.85166,0.877092E-01,2.07024,-0.916457E-13,-0.190561E-15,2.07024,5.80370,122.669,63.5371,2.42816,-9999,0.163559,0.416312,34.1972,0.587767E-01,1.46234,0.564853E-01,0,-9999,-9999,-9999,-9999,-9999,-9999,-9999,-0.308591E-01,1.01259,-10.9428,1.02709,-5.67200,1.26238,2.54769,1.26238,-0.127638,1.26238,800000099,800000099,800000099,800000099,800000099,800001199,800000199,800010199,81100,81100,80,80,21,20,6,0,16,3,0.387041,0.394561,0.510222E-01,0.144456E-01,0.182367E-01,96.4635,-0.929663E-02,0.254769E-02,-0.127638,15.9981,0.347778,249.000,56.2500,4.60415,97908.2,1.22312
CH-CHA_201201070800.csv,2012-01-07,11:30,7.4790,1,36000,36000,-0.377355E-01,0,0.338830E-02,-15.0341,0,0.890062,18.5457,0,1.31588,-1.23039,0,0.191386,0.417380,0,0.296145E-01,0.173939,0.249000,-0.403824E-01,0.560388E-02,0.130161E-10,0.131997E-12,17.3001,429.056,430.931,0.200000,0,175.441,4.35107,4.37009,0.200000,0,288.039,287.641,96559.5,1.16758,1007.76,0.248008E-01,0.270462E-01,0.316145E-02,419.670,1645.18,0.270768E-02,25.5090,1225.51,268.087,1.66729,1.89562,0.118995,2.52733,0.577382E-13,0.752371E-15,2.52733,4.58917,137.844,48.6669,2.69867,-9999,0.179776,0.321418,32.8477,0.611914E-01,-0.810653,0.710728E-01,0,-9999,-9999,-9999,-9999,-9999,-9999,-9999,-0.372451E-01,1.01317,-13.7427,1.02873,14.8330,1.26821,-0.505257,1.26821,0.333823,1.26821,800000099,800000099,800000099,800000099,800000099,800001099,800000199,800110199,80000,80000,80,80,4,2,8,2,26,0,0.332379,0.260964,0.494928E-01,0.179742E-01,0.742668E-03,28.6263,-0.116797E-01,-0.505257E-03,0.333823,16.0000,0.256667,249.000,56.2500,4.60198,97899.7,1.22314
CH-CHA_201201070800.csv,2012-01-07,12:00,7.4999,1,36000,36000,-0.176599E-01,0,0.329995E-02,-7.04215,0,0.738834,11.7612,0,1.20735,-1.99095,0,0.211939,0.264686,0,0.271714E-01,-0.426704E-01,0.205936,-0.616304E-02,0.463457E-02,0.718375E-10,0.743016E-12,17.2967,428.943,430.854,0.200000,0,178.900,4.43656,4.45633,0.200000,0,288.019,287.614,96559.5,1.16766,1007.80,0.247991E-01,0.171516E-01,0.322378E-02,427.904,1642.30,0.276089E-02,26.0551,1214.40,268.344,1.01849,1.14433,0.964939E-01,1.53496,-0.556218E-13,0.415325E-14,1.53496,3.36538,138.604,48.3299,3.60422,-9999,0.122981,0.174936,22.4492,0.895353E-01,-0.598759,0.486607E-01,0,-9999,-9999,-9999,-9999,-9999,-9999,-9999,-0.174344E-01,1.01294,-6.30460,1.02715,9.33289,1.27233,-1.37107,1.27233,0.210036,1.27233,800000099,800000099,800000099,800000099,800000099,800100099,800110199,810110199,80000,81000,80,80,17,7,5,0,12,1,0.244024,0.851329E-01,0.207151E-01,0.140096E-01,0.151892E-02,28.0501,-0.535757E-02,-0.137107E-02,0.210036,15.9961,0.342222,249.000,56.2500,4.80345,97880.9,1.22557
CH-CHA_201201070800.csv,2012-01-07,12:30,7.5207,1,36000,36000,-0.238921E-01,1,0.562813E-02,-14.1980,0,1.82404,20.4856,0,1.97182,0.639473,1,0.466982,0.461067,0,0.443795E-01,0.142144,0.841393E-01,0.748187E-01,0.189371E-02,0.319969E-09,0.332481E-11,17.3467,430.323,432.256,9.55000,0,180.250,4.47150,4.49159,0.150000,0,288.113,287.704,96559.5,1.16727,1007.82,0.248072E-01,0.298771E-01,0.324811E-02,431.269,1651.91,0.278265E-02,26.1073,1220.64,268.447,0.826994,1.49509,0.647396E-01,1.70980,-0.141807E-12,0.184455E-13,1.70980,4.81046,126.999,61.0513,2.16996,-9999,0.143067,0.521783,17.5305,0.114657,-0.693071,0.843585E-01,0,-9999,-9999,-9999,-9999,-9999,-9999,-9999,-0.235597E-01,1.01410,-12.8439,1.02985,15.9969,1.29588,0.902079,1.29588,0.360040,1.29588,800000099,800000099,800000099,800000099,800000099,800100099,800010199,800110199,80000,80100,80,81,3,6,4,1,18,5,0.691461,0.316545,0.355599E-01,0.382168E-01,0.376494E-02,38.6869,-0.109179E-01,0.902079E-03,0.360040,16.0000,0.255556,249.000,56.2500,5.10101,97842.9,1.22843
CH-CHA_201201070800.csv,2012-01-07,13:00,7.5415,1,36000,36000,-0.164614E-01,2,0.547873E-02,-8.96439,0,1.03102,23.1804,0,4.30334,-1.30520,0,0.878686,0.521912,0,0.968907E-01,0.604751,-0.708721,0.579190E-01,-0.159570E-01,-0.275068E-09,-0.266318E-11,17.3683,431.393,433.203,0.200000,0,168.158,4.17670,4.19422,0.200000,0,288.471,288.089,96559.5,1.16585,1007.67,0.248380E-01,0.338199E-01,0.303020E-02,402.874,1693.40,0.259914E-02,23.7908,1290.53,267.549,0.902842,1.50333,0.691540E-01,1.75497,-0.134263E-12,-0.158374E-13,1.75497,5.71550,128.643,59.0126,2.25831,-9999,0.118827,0.996869,15.9075,0.126356,-0.386722,0.642166E-01,0,-9999,-9999,-9999,-9999,-9999,-9999,-9999,-0.162289E-01,1.01433,-7.63312,1.03038,17.9074,1.30011,-0.823057,1.30011,0.403189,1.30011,800000099,800000099,800000099,800000099,800000099,801100099,800010199,800110199,81100,81100,80,81,15,20,6,0,10,0,1.33284,0.606489,0.544055E-01,0.260568E-01,0.106904E-01,167.206,-0.649744E-02,-0.823057E-03,0.403189,16.0000,0.238889,249.000,56.2500,5.26859,97778.7,1.23376
CH-CHA_201201070800.csv,2012-01-07,13:30,7.5624,1,36000,36000,0.425213E-02,2,0.520415E-02,-2.41882,1,1.47801,13.6099,1,2.39427,-3.02774,1,0.734071,0.306415,1,0.539049E-01,-0.796068E-01,0.977862,-0.215485,0.220157E-01,0.237412E-09,0.254592E-11,17.2088,427.412,429.380,0.500000E-01,0,184.541,4.58342,4.60452,0.500000E-01,0,288.457,288.038,96559.5,1.16587,1007.89,0.248369E-01,0.198557E-01,0.332543E-02,442.047,1687.88,0.285231E-02,26.1895,1245.83,268.774,-0.988377E-01,0.538906,0.566306E-02,0.547924,-0.562828E-13,0.137959E-13,0.547924,2.55896,83.6300,100.393,0.592190,-9999,0.603918E-01,0.322443,7.73998,0.259691,-0.177725,0.340849E-01,0,-9999,-9999,-9999,-9999,-9999,-9999,-9999,0.417744E-02,1.01788,-1.73393,1.03475,10.0769,1.35023,-2.24818,1.35023,0.226873,1.35023,800000099,800000099,800000099,800000099,800000099,800000099,811110199,811110199,81100,81100,80,81,1,2,0,4,3,12,0.382597,0.240299,0.219914E-01,0.196091E-01,0.637966E-02,35.6313,-0.147560E-02,-0.224818E-02,0.226873,15.9973,0.368889,249.000,56.2500,5.78166,97740.7,1.23904
CH-CHA_201201070800.csv,2012-01-07,14:00,7.5832,1,36000,36000,-0.324779E-01,1,0.837896E-02,-4.87210,1,0.677695,13.7661,1,3.74558,-1.06460,1,0.523295,0.309960,1,0.843361E-01,0.147423,0.756756E-02,-0.101211,0.170392E-03,0.613512E-09,0.661254E-11,17.1279,425.542,427.503,0.150000,0,184.607,4.58656,4.60770,0.200000,0,288.551,288.132,96559.5,1.16549,1007.89,0.248450E-01,0.200854E-01,0.332663E-02,442.350,1698.10,0.285427E-02,26.0497,1255.75,268.784,0.875726,0.697877,0.423793E-01,1.12059,-0.689172E-13,0.358195E-13,1.12059,4.56620,139.760,38.5518,2.16737,-9999,0.166932,0.676895,81.1544,0.247676E-01,-0.353920,0.248458E-01,0,-9999,-9999,-9999,-9999,-9999,-9999,-9999,-0.321341E-01,1.01070,-4.09261,1.02108,11.3798,1.21453,-0.782016,1.21453,0.256228,1.21453,800000099,800011199,800000099,800000099,800000099,800100099,800110199,810110199,81100,81100,80,81,0,7,2,4,12,9,1.02528,0.300239,0.282755E-01,0.950073E-02,0.135181E-01,151.451,-0.348399E-02,-0.782016E-03,0.256228,15.9981,0.400000,249.033,56.4582,6.21249,97732.9,1.24172
CH-CHA_201201071400.csv,2012-01-07,14:30,7.6040,1,36000,36000,-0.587318E-01,0,0.591668E-02,-7.71702,0,1.42845,-9999,-9999,-9999,3.63534,2,6.04034,-9999,-9999,-9999,0.443711,-9999,0.793140,-9999,0.996001E-10,-9999,17.7260,440.192,440.192,7.60000,0,-9999,-9999,-9999,-9999,0,288.415,288.415,96559.5,1.16637,1005.44,0.248332E-01,-9999,-9999,-9999,1729.31,-9999,-9999,-9999,-9999,2.47960,0.837111,0.890000E-01,2.61861,0.424912E-13,0.561888E-14,2.61861,4.90500,168.438,18.6546,1.94772,-9999,0.224398,0.412353,124.369,0.161616E-01,-9999,0.293251E-01,0,27.7796,-4.21566,9.53583,23.7456,36.2135,50.7899,76.0926,-0.580811E-01,1.01120,-7.53066,1.02475,-9999,-9999,3.28414,1.23009,-9999,-9999,800000099,800000099,800000099,800000199,800001099,800001099,800010199,800010199,81000,81000,80,81,4,4,5,0,15,0,0.526380,0.232264,0.660615E-01,0.354784E-01,1.06651,-9999,-0.642159E-02,0.328414E-02,-9999,16.0000,0.195556,250.701,66.8785,5.68398,97697.9,1.23636
CH-CHA_201201071400.csv,2012-01-07,15:00,7.6249,1,36000,36000,-0.359302E-01,0,0.435256E-02,-4.87509,1,1.48494,-9999,-9999,-9999,-17.3943,2,25.6490,-9999,-9999,-9999,-1.50576,-9999,10.9232,-9999,0.137505E-09,-9999,25.9096,641.284,641.284,5.60000,0,-9999,-9999,-9999,-9999,0,287.459,287.459,96559.5,1.17025,1005.42,0.247509E-01,-9999,-9999,-9999,1625.94,-9999,-9999,-9999,-9999,1.22433,1.53040,0.891496E-01,1.96191,-0.199580E-12,0.530713E-14,1.96191,5.16134,134.862,51.3399,2.60443,-9999,0.175223,0.325337,93.7318,0.214442E-01,-9999,0.236465E-01,0,-9999,-9999,-9999,-9999,-9999,-9999,-9999,-0.355496E-01,1.01071,-4.76576,1.02294,-9999,-9999,-13.9004,1.22449,-9999,-9999,800000099,800010199,800000099,800000199,800000199,810100199,800010199,800110199,81100,81100,80,81,22,7,2,1,7,19,0.310429,0.293154,0.470909E-01,0.250121E-01,10.6113,-9999,-0.405051E-02,-0.139004E-01,-9999,15.9977,0.286667,254.998,93.7380,5.21403,97691.7,1.23039
CH-CHA_201201071400.csv,2012-01-07,15:30,7.6457,1,36000,36000,-0.548917E-01,0,0.616692E-02,-6.31475,0,0.644197,-9999,-9999,-9999,28.0670,0,19.5498,-9999,-9999,-9999,-0.662113E-01,-9999,-7.30036,-9999,-0.822324E-10,-9999,20.4833,506.906,506.906,0.150000,0,-9999,-9999,-9999,-9999,0,287.417,287.417,96559.5,1.17042,1005.42,0.247473E-01,-9999,-9999,-9999,1621.52,-9999,-9999,-9999,-9999,1.38158,2.43795,0.122246,2.80487,-0.788258E-13,-0.401460E-14,2.80487,5.38139,125.829,60.4598,2.49794,-9999,0.216563,0.439172,136.612,0.147132E-01,-9999,0.247792E-01,0,27.5227,-4.17667,9.44765,23.5260,35.8786,50.3202,75.3889,-0.542733E-01,1.01139,-6.15873,1.02533,-9999,-9999,23.0927,1.23197,-9999,-9999,800000099,800000099,800000099,800000199,800000199,800001199,800010199,800010199,81000,81000,80,81,6,1,2,19,0,0,0.566492,0.248878,0.629745E-01,0.639254E-02,5.86336,-9999,-0.523365E-02,0.230927E-01,-9999,16.0000,0.232222,250.963,68.5186,5.12921,97670.9,1.22811
CH-CHA_201201071400.csv,2012-01-07,16:00,7.6665,1,36000,36000,-0.184174E-01,1,0.374046E-02,-13.0276,1,2.38266,-9999,-9999,-9999,-23.7196,2,7.99012,-9999,-9999,-9999,0.134870,-9999,-1.57415,-9999,0.532479E-10,-9999,19.3064,477.922,477.922,7.50000,0,-9999,-9999,-9999,-9999,0,287.502,287.502,96559.5,1.17007,1005.42,0.247546E-01,-9999,-9999,-9999,1630.53,-9999,-9999,-9999,-9999,1.35442,1.12826,0.873907E-01,1.76496,-0.439848E-13,0.275805E-14,1.76496,4.50839,147.743,39.7950,2.83813,-9999,0.125461,0.601925,12.8753,0.156113,-9999,0.882670E-01,0,-9999,-9999,-9999,-9999,-9999,-9999,-9999,-0.181234E-01,1.01622,-12.5957,1.03429,-9999,-9999,-17.1756,1.33771,-9999,-9999,800000099,800000099,800000099,800000199,800000099,800101199,800010199,800010199,81000,81000,80,81,9,0,3,10,3,0,0.503635,0.649941,0.502739E-01,0.581052E-01,0.812243,-9999,-0.107069E-01,-0.171756E-01,-9999,15.9981,0.238889,250.800,67.5005,4.94364,97666.0,1.22475
CH-CHA_201201071400.csv,2012-01-07,16:30,7.6873,1,36000,36000,-0.158915E-01,1,0.401447E-02,-5.27351,0,0.924512,-14.5491,1,19.5040,3.87282,1,8.21853,-0.327479,1,0.439005,0.436878,-9999,-0.774914,-9999,-0.374641E-10,-0.216559E-12,18.6950,463.628,464.874,0.150000,0,108.065,2.67998,2.68718,6.95000,0,288.025,287.780,96559.5,1.16776,1006.86,0.247996E-01,-0.212206E-01,0.194734E-02,258.627,1660.02,0.166759E-02,15.5797,1401.40,261.868,0.922229,-0.362023E-01,0.465076E-01,0.924110,-0.117599E-13,-0.200396E-14,0.924110,3.65913,190.015,357.752,2.88474,-9999,0.116656,0.274131,25.5797,0.785781E-01,0.362463,0.384480E-01,0,-9999,-9999,-9999,-9999,-9999,-9999,-9999,-0.156825E-01,1.01333,-5.82342,1.02655,-11.3575,1.27099,3.39571,1.27099,-0.255641,1.27099,800000099,800000099,800000099,800000099,800100099,800101099,800110199,801110199,81100,81100,80,80,0,2,2,5,1,0,0.252929,0.264821,0.305119E-01,0.172812E-01,1.05765,3107.58,-0.495287E-02,0.339571E-02,-0.255641,15.9973,0.248889,249.928,62.0522,5.33710,97652.9,1.23570
CH-CHA_201201071400.csv,2012-01-07,17:00,7.7082,0,36000,36000,-0.349611E-01,1,0.522505E-02,-10.8519,1,2.25362,7.07431,1,1.28295,1.07046,1,0.403257,0.159243,1,0.288792E-01,0.107178,6.58696,-2.02374,0.148272,-0.848162E-11,-0.107807E-12,17.1691,426.257,428.579,0.300000,0,218.231,5.41803,5.44754,0.300000,0,288.343,287.848,96559.5,1.16628,1008.34,0.248270E-01,0.103189E-01,0.393253E-02,522.403,1667.26,0.337187E-02,31.3329,1144.86,271.012,1.26639,0.184787E-01,0.477038E-01,1.26742,-0.115992E-13,-0.494005E-15,1.26742,4.89867,182.786,0.835981,2.15704,-9999,0.173138,0.372259,40.6572,0.494378E-01,-1.53398,0.532973E-01,0,-9999,-9999,-9999,-9999,-9999,-9999,-9999,-0.345622E-01,1.01154,-10.2632,1.02355,5.92827,1.23929,1.25321,1.23929,0.133445,1.23929,800000099,800000099,800000099,800000099,801100099,801100099,800110199,810110199,80000,80000,80,81,7,10,9,24,16,1,0.312954,0.402734,0.288308E-01,0.608679E-01,0.354340E-02,14.0612,-0.872723E-02,0.125321E-02,0.133445,16.0000,0.234444,249.000,56.2500,5.70497,97667.0,1.24134
CH-CHA_201201071400.csv,2012-01-07,17:30,7.7290,0,36000,36000,-0.499747E-01,1,0.654424E-02,-18.0917,1,2.82199,9.56079,1,1.02960,3.37136,1,0.616716,0.215268,1,0.231821E-01,0.418213,0.906257E-01,0.414152E-01,0.204051E-02,-0.759170E-10,-0.969935E-12,17.1838,427.022,429.365,0.200000,0,219.545,5.45575,5.48567,0.200000,0,288.613,288.114,96559.5,1.16518,1008.36,0.248502E-01,0.139494E-01,0.395620E-02,526.033,1696.08,0.339534E-02,31.0146,1170.05,271.106,1.80778,0.608776,0.853697E-01,1.90944,0.270241E-13,-0.441793E-14,1.90944,5.32302,169.406,18.6111,2.56251,-9999,0.207099,0.497987,41.7376,0.481580E-01,-1.89227,0.743513E-01,0,31.2321,-4.73958,10.7210,26.6967,40.7141,57.1022,85.5494,-0.493927E-01,1.01178,-17.1925,1.02519,8.04237,1.24712,3.36611,1.24712,0.181080,1.24712,800000099,800000099,800000099,800000099,800000099,810100099,800000099,800110199,80100,80100,80,80,27,11,20,5,5,0,0.450205,0.503785,0.419836E-01,0.133563,0.705618E-02,10.2943,-0.146328E-01,0.336611E-02,0.181080,16.0000,2.84000,249.000,56.2500,5.61548,97675.5,1.24097
CH-CHA_201201071400.csv,2012-01-07,18:00,7.7498,0,36000,36000,-0.235031E-01,1,0.325583E-02,-10.6464,0,1.88694,6.95215,0,1.23739,0.890784,1,0.346237,0.156628,0,0.278776E-01,0.990444,-0.176983,-0.534085E-01,-0.398733E-02,0.974628E-10,0.123120E-11,17.1070,426.033,428.338,0.200000,0,216.105,5.38189,5.41101,0.250000,0,289.238,288.745,96559.5,1.16267,1008.34,0.249041E-01,0.101495E-01,0.389421E-02,518.924,1766.25,0.334936E-02,29.3800,1247.32,270.922,1.52536,0.443500,0.475714E-01,1.58924,-0.247541E-12,0.569726E-14,1.58924,4.28583,171.611,16.2118,1.71531,-9999,0.142179,0.541596,22.9494,0.875842E-01,-1.53139,0.638716E-01,0,-9999,-9999,-9999,-9999,-9999,-9999,-9999,-0.231997E-01,1.01308,-10.0366,1.02753,5.65878,1.27527,1.06815,1.27527,0.127489,1.27527,800000099,800000099,800000099,800000099,800000099,800100199,810110199,810110199,80000,81100,80,81,2,2,3,0,3,5,0.497711,0.543584,0.418977E-01,0.931540E-01,0.596629E-02,17.8160,-0.856101E-02,0.106815E-02,0.127489,16.0000,10.4267,249.000,56.2500,5.89604,97678.9,1.24953
CH-CHA_201201071400.csv,2012-01-07,18:30,7.7707,0,36000,36000,-0.294314E-01,1,0.613444E-02,-12.3562,0,3.14388,4.46401,1,1.49662,0.874059,1,0.698135,0.100582,1,0.337215E-01,0.172964,0.188320,0.972845E-01,0.424319E-02,-0.479384E-10,-0.611843E-12,17.1724,427.836,430.185,0.250000,0,219.173,5.46052,5.49050,0.250000,0,289.356,288.855,96559.5,1.16219,1008.38,0.249142E-01,0.651773E-02,0.394949E-02,526.492,1778.76,0.339832E-02,29.5989,1252.27,271.118,1.43931,0.705312,0.537231E-01,1.60373,-0.519010E-13,-0.279160E-14,1.60373,7.15319,160.592,26.1065,1.91970,-9999,0.159135,0.884247,27.7263,0.724942E-01,-2.76796,0.662545E-01,0,-9999,-9999,-9999,-9999,-9999,-9999,-9999,-0.290670E-01,1.01254,-11.8298,1.02639,3.79379,1.26384,1.15355,1.26384,0.854808E-01,1.26384,800000099,800000099,800000099,800000099,800100099,800100099,800010199,800110199,81100,81100,80,81,3,0,17,3,10,6,0.517597,1.21262,0.382771E-01,0.137133,0.260356E-01,42.0679,-0.100942E-01,0.115355E-02,0.854808E-01,16.0000,13.4711,249.000,56.2500,6.18753,97662.2,1.25353
CH-CHA_201201071400.csv,2012-01-07,19:00,7.7915,0,36000,36000,-0.163704E-01,1,0.244312E-02,-16.2886,0,4.03096,12.7135,1,1.61380,2.59741,0,1.26931,0.286487,1,0.363654E-01,0.156775,0.310347,0.563569E-01,0.699336E-02,0.581808E-10,0.758347E-12,17.2076,428.881,431.292,0.300000,0,224.290,5.59016,5.62159,0.300000,0,289.468,288.955,96559.5,1.16173,1008.46,0.249238E-01,0.185643E-01,0.404170E-02,538.970,1790.17,0.347903E-02,30.1072,1251.20,271.435,1.93936,-0.704693E-01,0.469644E-01,1.94121,0.204408E-13,0.338110E-14,1.94121,5.68733,191.217,357.919,1.38631,-9999,0.118707,0.681772,8.73046,0.230229,-1.28120,0.117123,0,-9999,-9999,-9999,-9999,-9999,-9999,-9999,-0.160607E-01,1.01928,-15.1101,1.04065,9.41210,1.39411,2.36904,1.39411,0.212092,1.39411,800000099,800000099,800000099,800000099,800000099,800110099,801110199,801110199,81100,81100,80,81,1,5,3,1,0,3,0.546840,0.776560,0.401440E-01,0.194418,0.267508E-01,18.7284,-0.128974E-01,0.236904E-02,0.212092,15.9973,0.395069,249.000,56.2500,6.09972,97618.2,1.25219
CH-CHA_201201071400.csv,2012-01-07,19:30,7.8123,0,36000,36000,-0.244350E-01,1,0.226551E-02,-12.4842,1,1.42140,43.7180,1,12.7834,-8.72269,2,3.57780,0.985170,1,0.288069,0.501162E-01,-3.15894,0.855439,-0.711856E-01,0.196906E-10,0.189094E-12,17.8492,444.734,446.642,-1.00000,0,171.411,4.27090,4.28922,0.350000,0,289.379,288.987,96559.5,1.16218,1007.74,0.249162E-01,0.638390E-01,0.308882E-02,411.948,1793.87,0.265778E-02,22.9641,1381.93,267.842,1.42196,-0.600106E-01,0.396156E-01,1.42377,0.696521E-15,0.110316E-14,1.42377,3.64121,190.238,357.583,1.59442,-9999,0.145000,0.487267,20.7560,0.968394E-01,-0.285561,0.735135E-01,0,-9999,-9999,-9999,-9999,-9999,-9999,-9999,-0.241263E-01,1.01279,-10.0886,1.02666,34.5235,1.26905,-6.69946,1.26905,0.777976,1.26905,800000099,800001199,800000099,800000099,800000099,800000099,800110199,800110199,81100,81100,80,81,3,0,4,11,5,2,0.318965,0.633955,0.216156E-01,0.787674E-01,0.295005,1964.22,-0.861405E-02,-0.669946E-02,0.777976,16.0000,0.426667,249.307,58.1701,6.19465,97623.8,1.25145
CH-CHA_201201071400.csv,2012-01-07,20:00,7.8331,0,36000,36000,-0.696273E-01,1,0.103611E-01,-30.0496,0,5.89895,-9999,-9999,-9999,-39.2669,1,16.9092,-9999,-9999,-9999,1.24679,-9999,2.22358,-9999,-0.109012E-09,-9999,19.4781,486.001,486.001,6.95000,0,-9999,-9999,-9999,-9999,0,289.785,289.785,96559.5,1.16085,1005.47,0.249511E-01,-9999,-9999,-9999,1887.55,-9999,-9999,-9999,-9999,0.251955E-01,-2.01004,-0.873609E-04,2.01020,0.155506E-13,-0.559664E-14,2.01020,7.62379,281.528,270.718,-0.249001E-02,-9999,0.244907,1.25163,41.5224,0.484076E-01,-9999,0.105122,0,27.0776,-4.10913,9.29485,23.1455,35.2983,49.5064,74.1697,-0.688042E-01,1.01196,-29.2968,1.02570,-9999,-9999,-30.0241,1.25021,-9999,-9999,800000099,800000199,800000099,800000199,800000099,800101199,800100199,800100199,80100,80100,80,81,23,29,16,0,11,7,1.32374,1.09563,0.838887E-01,0.287009,2.41424,-9999,-0.251000E-01,-0.300241E-01,-9999,16.0000,0.346667,250.724,67.0271,6.32426,97689.8,1.25490
CH-CHA_201201072000.csv,2012-01-07,20:30,7.8540,0,36000,36000,-0.219141,1,0.267178E-01,-27.3101,0,3.70695,-58.8156,2,46.1272,21.7799,1,12.3267,-1.32422,2,1.03854,-2.70232,-9999,-2.14499,-9999,0.367662E-09,0.278109E-11,17.9779,446.386,447.899,7.65000,0,135.989,3.37659,3.38803,10.0000,0,288.375,288.067,96559.5,1.16629,1007.24,0.248298E-01,-0.858092E-01,0.245053E-02,325.780,1690.99,0.210113E-02,19.2656,1365.21,264.792,2.16293,-2.69338,0.764903E-02,3.45436,-0.357630E-12,0.204508E-13,3.45436,12.3469,239.773,308.766,0.126871,-9999,0.433470,2.15535,253.443,0.793077E-02,0.464335,0.536323E-01,0,29.9435,-4.54404,10.2786,25.5952,39.0343,54.7462,82.0198,-0.216521,1.01210,-29.4351,1.02740,-46.9521,1.23806,19.2408,1.23806,-1.05711,1.23806,800000099,800001199,800000099,800001199,800001099,800101199,800000199,800010199,80000,80000,80,81,14,5,2,2,29,36,2.72085,1.38549,0.204356,0.959450E-01,0.816520,5109.20,-0.250569E-01,0.192408E-01,-1.05711,16.0000,0.470000,252.543,78.3943,6.44159,97675.5,1.25578
CH-CHA_201201072000.csv,2012-01-07,21:00,7.8748,0,36000,36000,-0.135800,0,0.101966E-01,-32.8285,0,2.53168,18.8841,0,11.3795,3.79651,0,2.73170,0.425093,0,0.256159,-0.297583,5.23406,-1.21639,0.117822,-0.990269E-10,-0.129709E-11,17.0725,423.921,426.288,0.350000,0,223.621,5.55265,5.58365,0.400000,0,288.385,287.878,96559.5,1.16610,1008.41,0.248306E-01,0.275461E-01,0.402965E-02,535.360,1670.45,0.345567E-02,32.0488,1135.09,271.344,2.50231,-2.09767,-0.684528E-02,3.26525,-0.508338E-13,-0.580038E-14,3.26525,8.58937,226.517,320.027,-0.120115,-9999,0.341258,1.34195,102.914,0.195309E-01,-1.73842,0.818080E-01,0,27.5068,-4.17427,9.44220,23.5124,35.8579,50.2912,75.3454,-0.134138,1.01239,-31.0408,1.02782,15.8563,1.24511,4.23435,1.24511,0.356935,1.24511,800000099,800001099,800000099,800000099,800000099,800000099,800000199,800010199,81100,81100,80,80,12,6,4,1,3,3,1.10437,1.42293,0.156599,0.552451E-01,0.722742E-01,617.670,-0.263974E-01,0.423435E-02,0.356935,15.9957,0.499444,249.249,57.8074,6.42687,97688.7,1.26568
CH-CHA_201201072000.csv,2012-01-07,21:30,7.8956,0,36000,36000,-0.113973,0,0.116759E-01,-41.2465,0,4.53802,60.7302,1,30.4906,-12.1426,2,10.5319,1.36832,1,0.686990,1.49112,-1.26949,0.434646,-0.286031E-01,0.250697E-11,0.291495E-13,17.3425,431.973,434.154,8.65000,0,201.648,5.02272,5.04808,0.400000,0,289.288,288.828,96559.5,1.16249,1008.15,0.249084E-01,0.886675E-01,0.363369E-02,484.348,1775.69,0.312578E-02,27.2767,1291.34,269.994,2.29734,-2.11377,-0.684181E-02,3.12183,0.117216E-12,0.144557E-15,3.12183,8.39959,229.496,317.383,-0.125570,-9999,0.313117,1.21072,63.2676,0.317698E-01,-0.679176,0.112400,0,24.4988,-3.71779,8.40966,20.9412,31.9367,44.7917,67.1061,-0.112539,1.01275,-37.2017,1.02840,49.0948,1.25301,-8.47532,1.25301,1.10617,1.25301,800000099,800001199,800000099,800000099,800000099,800000099,800000199,800000199,81100,81100,80,81,18,14,6,3,10,2,1.24929,0.996046,0.176106,0.123354,0.567184,2462.27,-0.317431E-01,-0.847532E-02,1.10617,15.9953,0.473889,249.717,60.7287,6.99858,97699.1,1.27779
CH-CHA_201201072000.csv,2012-01-07,22:00,7.9165,0,36000,36000,-0.693410E-01,1,0.860310E-02,-30.6308,0,2.86870,-9999,-9999,-9999,10.1328,1,14.7045,-9999,-9999,-9999,1.55101,-9999,1.80009,-9999,-0.614313E-10,-9999,18.6495,465.385,465.385,8.05000,0,-9999,-9999,-9999,-9999,0,289.821,289.821,96559.5,1.16071,1005.47,0.249542E-01,-9999,-9999,-9999,1891.84,-9999,-9999,-9999,-9999,1.66225,-1.79562,0.137389E-02,2.44690,0.191701E-12,-0.329398E-14,2.44690,6.53034,234.572,312.791,0.321705E-01,-9999,0.244418,1.06022,40.4911,0.496405E-01,-9999,0.107382,0,24.9277,-3.78287,8.55686,21.3078,32.4957,45.5757,68.2807,-0.684755E-01,1.01264,-29.8090,1.02757,-9999,-9999,9.38767,1.25928,-9999,-9999,800000099,800001199,800000099,800001199,800001099,800001099,800000199,800100199,80000,80100,80,81,3,2,2,2,6,0,0.882660,1.13503,0.102751,0.780130E-01,1.72921,-9999,-0.255420E-01,0.938767E-02,-9999,16.0000,0.402222,251.297,70.6071,7.24224,97681.0,1.27656
CH-CHA_201201072000.csv,2012-01-07,22:30,7.9373,0,36000,36000,0.658927E-01,1,0.587509E-02,-58.2957,1,11.6003,-9999,-9999,-9999,-43.9699,2,34.8076,-9999,-9999,-9999,-2.11074,-9999,0.676486,-9999,-0.597351E-09,-9999,19.2396,477.883,477.883,1.60000,0,-9999,-9999,-9999,-9999,0,288.476,288.476,96559.5,1.16612,1005.44,0.248385E-01,-9999,-9999,-9999,1736.14,-9999,-9999,-9999,-9999,-0.908031,-0.750355,0.653128E-01,1.17975,0.486036E-12,-0.310479E-13,1.17975,5.73054,324.007,219.569,3.17360,-9999,0.237710,0.856600,19.5708,0.102704,-9999,0.209166,0,34.2259,-5.19391,11.7486,29.2558,44.6169,62.5758,93.7500,0.650077E-01,1.01361,-56.7101,1.02796,-9999,-9999,-31.6462,1.28464,-9999,-9999,800000099,800001199,800000099,800001199,800001099,800101199,800100199,800100199,81000,81000,80,81,12,7,7,1,7,3,0.567262,1.10194,0.439980E-01,0.783841,11.2396,-9999,-0.483683E-01,-0.316462E-01,-9999,16.0000,0.351111,254.468,90.4247,7.07840,97697.5,1.26288
CH-CHA_201201072000.csv,2012-01-07,23:00,7.9581,0,36000,36000,0.501290E-01,0,0.560000E-02,0.730477,2,5.42981,-9999,-9999,-9999,49.3309,0,29.3279,-9999,-9999,-9999,-3.33749,-9999,0.868876,-9999,0.106455E-09,-9999,20.0277,493.818,493.818,7.90000,0,-9999,-9999,-9999,-9999,0,286.365,286.365,96559.5,1.17471,1005.39,0.246567E-01,-9999,-9999,-9999,1514.37,-9999,-9999,-9999,-9999,-1.18980,-1.04706,0.565021E-01,1.58592,0.149328E-12,0.531538E-14,1.58592,5.70027,330.402,221.349,2.04173,-9999,0.206575,0.732269,-1024.97,-0.196103E-02,-9999,-0.299406E-02,0,27.4824,-4.17056,9.43381,23.4915,35.8261,50.2466,75.2785,0.495839E-01,1.01099,0.716090,1.02009,-9999,-9999,41.9791,1.17410,-9999,-9999,800000099,800001199,800000099,800001199,800001199,800101199,800100199,800100199,80000,80000,80,81,3,16,11,0,14,6,0.491822,0.915205,0.575103E-01,0.440994,7.58332,-9999,0.606317E-03,0.419791E-01,-9999,16.0000,0.400000,255.000,93.7500,6.62046,97704.5,1.25513
CH-CHA_201201072000.csv,2012-01-07,23:30,7.9790,0,36000,36000,-0.327684E-01,1,0.434670E-02,-8.24824,1,2.77756,-9999,-9999,-9999,79.6464,1,23.3488,-9999,-9999,-9999,-2.74396,-9999,3.87422,-9999,0.398707E-09,-9999,23.0307,564.442,564.442,9.50000,0,-9999,-9999,-9999,-9999,0,284.640,284.640,96559.5,1.18183,1005.36,0.245082E-01,-9999,-9999,-9999,1352.03,-9999,-9999,-9999,-9999,-0.824595,-0.107357,0.529117E-01,0.833235,0.285635E-12,0.173119E-13,0.833235,3.99427,5.05323,187.418,3.64082,-9999,0.166513,0.608158,47.5395,0.422806E-01,-9999,0.416904E-01,0,-9999,-9999,-9999,-9999,-9999,-9999,-9999,-0.323809E-01,1.01197,-8.06451,1.02278,-9999,-9999,65.1422,1.23128,-9999,-9999,800000099,800000199,800000099,800000199,800000199,800101199,800110199,811110199,81100,81100,80,81,4,2,5,0,8,0,0.303778,0.886584,0.259532E-01,0.109451,7.62396,-9999,-0.678738E-02,0.651422E-01,-9999,15.9907,0.610556,255.000,93.7500,6.42296,97705.5,1.25175
CH-CHA_201201072000.csv,2012-01-08,00:00,8.0000,0,36000,36000,-0.344841E-01,1,0.445226E-02,-17.1599,0,1.56035,-9999,-9999,-9999,-27.2307,1,10.2922,-9999,-9999,-9999,0.140878,-9999,-0.315875,-9999,-0.160305E-09,-9999,22.7886,558.682,558.682,2.60000,0,-9999,-9999,-9999,-9999,0,284.729,284.729,96559.5,1.18146,1005.36,0.245158E-01,-9999,-9999,-9999,1359.98,-9999,-9999,-9999,-9999,-0.278684,-2.56459,0.106107E-01,2.57971,0.503569E-13,-0.703442E-14,2.57971,5.71623,283.561,263.798,0.235666,-9999,0.170844,0.475881,24.6804,0.814413E-01,-9999,0.845617E-01,0,-9999,-9999,-9999,-9999,-9999,-9999,-9999,-0.339925E-01,1.01446,-16.6372,1.03142,-9999,-9999,-20.1887,1.29154,-9999,-9999,800000099,800000199,800000099,800000199,800000199,800101199,800000199,800110199,80000,80100,80,80,35,6,13,0,8,0,0.546320,0.340527,0.649144E-01,0.465984E-01,1.77044,-9999,-0.140068E-01,-0.201887E-01,-9999,15.9981,0.343333,255.000,93.7500,6.25236,97708.1,1.25183
CH-CHA_201201072000.csv,2012-01-08,00:30,8.0208,0,36000,36000,-0.334294E-01,1,0.454190E-02,-16.2115,0,2.11652,-9999,-9999,-9999,-14.7776,1,8.20111,-9999,-9999,-9999,1.00284,-9999,-4.74113,-9999,0.561677E-11,-9999,19.2117,472.036,472.036,7.90000,0,-9999,-9999,-9999,-9999,0,285.361,285.361,96559.5,1.17885,1005.37,0.245703E-01,-9999,-9999,-9999,1417.88,-9999,-9999,-9999,-9999,-0.140511,-3.39316,0.147058E-01,3.39610,-0.399972E-13,0.292362E-15,3.39610,7.16013,279.542,267.629,0.248104,-9999,0.168397,0.689298,25.0183,0.803412E-01,-9999,0.812274E-01,0,-9999,-9999,-9999,-9999,-9999,-9999,-9999,-0.328936E-01,1.01629,-15.6521,1.03573,-9999,-9999,-10.5780,1.30996,-9999,-9999,800000099,800000099,800000099,800000199,800000099,800000199,800000199,800000199,81000,81100,80,80,5,2,8,0,10,12,0.792788,0.494357,0.914518E-01,0.138681,1.04716,-9999,-0.132065E-01,-0.105780E-01,-9999,16.0000,0.288889,254.725,92.0340,6.19365,97700.7,1.25436
CH-CHA_201201072000.csv,2012-01-08,01:00,8.0416,0,36000,36000,-0.682065E-01,0,0.604696E-02,-28.5210,0,2.20360,8.98793,1,7.99271,5.62775,0,2.98507,0.201833,1,0.179484,-0.218561E-01,-9999,-2.97756,-9999,0.828119E-11,0.123946E-12,16.9599,417.515,420.140,0.400000,0,253.841,6.24900,6.28830,-0.150000,0,285.913,285.347,96559.5,1.17613,1008.73,0.246178E-01,0.130788E-01,0.457421E-02,602.366,1416.49,0.388921E-02,42.5251,814.129,272.954,0.631369E-01,-3.44405,0.271958E-01,3.44474,0.484658E-13,0.488282E-15,3.44474,6.76314,275.921,271.050,0.452348,-9999,0.240816,0.716139,41.6287,0.482840E-01,-3.17326,0.998269E-01,0,24.8426,-3.76996,8.52765,21.2351,32.3848,45.4201,68.0476,-0.672344E-01,1.01446,-27.2269,1.03213,7.73196,1.27836,5.45425,1.27836,0.173629,1.27836,800000099,800001199,800000099,800000099,800000099,800001099,800000199,800000199,80000,80000,80,80,18,7,7,0,117,306,0.746525,0.585151,0.100602,0.835247E-01,0.111097,1322.31,-0.229491E-01,0.545425E-02,0.173629,15.9907,0.570556,252.426,77.6617,6.15632,97701.5,1.25520
CH-CHA_201201072000.csv,2012-01-08,01:30,8.0624,0,36000,36000,-0.938703E-01,0,0.769129E-02,-32.7505,0,3.81195,35.8638,0,8.22734,2.06896,1,0.610344,0.805469,0,0.184779,0.228553,2.52721,-0.740993,0.567590E-01,0.948007E-11,0.171072E-12,16.3946,403.935,406.901,0.350000,0,295.847,7.28917,7.34269,-0.350000,0,286.152,285.491,96559.5,1.17508,1009.30,0.246383E-01,0.521944E-01,0.533116E-02,702.399,1429.93,0.453686E-02,49.1211,727.533,275.085,0.424820,-3.83492,-0.435319E-02,3.85838,0.277234E-13,0.578245E-15,3.85838,8.02575,270.220,276.321,-0.646436E-01,-9999,0.282638,0.835427,58.6209,0.342881E-01,-0.913190,0.977008E-01,0,26.5804,-4.03368,9.12418,22.7205,34.6502,48.5974,72.8078,-0.925369E-01,1.01441,-30.0644,1.03238,28.9921,1.27197,2.61803,1.27197,0.651137,1.27197,800000199,800000099,800000099,800000099,800001199,800001199,800000199,800000199,80100,80100,80,80,13,16,7,0,313,398,0.919156,0.634672,0.117026,0.225898,0.202023E-01,445.099,-0.253492E-01,0.261803E-02,0.651137,16.0000,0.370000,251.263,70.3932,6.22135,97705.6,1.25956
CH-CHA_201201072000.csv,2012-01-08,02:00,8.0833,0,36000,36000,-0.262227E-01,2,0.645763E-02,-36.9077,1,7.82815,7.59553,1,1.38066,3.85252,1,0.267096,0.170817,1,0.310499E-01,2.20404,0.979829,-0.681476E-01,0.220356E-01,0.191220E-09,0.365412E-11,16.2621,402.680,405.803,0.400000,0,310.761,7.69502,7.75469,-0.600000,0,287.587,286.886,96559.5,1.16919,1009.55,0.247619E-01,0.110690E-01,0.559991E-02,741.411,1566.43,0.478958E-02,47.3312,825.023,275.843,0.599654,-2.46483,0.160972E-03,2.53672,-0.516667E-13,0.117586E-13,2.53672,7.06943,258.952,283.674,0.363581E-02,-9999,0.149760,1.25989,7.73912,0.259719,-4.85914,0.208789,0,-9999,-9999,-9999,-9999,-9999,-9999,-9999,-0.256436E-01,1.02258,-34.9393,1.04759,6.28263,1.43941,3.86014,1.43941,0.141291,1.43941,800000099,800000099,800000099,800000099,800000199,800100199,800000199,800100199,81100,81100,80,81,12,15,11,0,175,264,1.53287,0.885177,0.101739,0.295949,0.954459E-03,23.5417,-0.296006E-01,0.386014E-02,0.141291,16.0000,0.358889,251.000,68.7500,6.36336,97702.4,1.26531
CH-CHA_201201080200.csv,2012-01-08,02:30,8.1041,0,36000,36000,-0.675147E-01,1,0.965730E-02,-23.7081,1,3.68431,2.07246,2,19.1707,2.43047,1,4.60493,0.466277E-01,2,0.431315,0.693458,-3.97342,0.793556,-0.893968E-01,0.137196E-09,0.198798E-11,16.8359,417.310,419.849,0.300000,0,243.954,6.04685,6.08364,0.150000,0,287.877,287.325,96559.5,1.16812,1008.67,0.247869E-01,0.302148E-02,0.439605E-02,582.917,1611.84,0.376335E-02,36.1646,1028.93,272.504,1.27746,0.323299,0.617271E-01,1.31918,0.328323E-12,0.814899E-14,1.31918,4.72861,171.377,14.2022,2.68196,-9999,0.240412,1.45835,49.8281,0.403387E-01,-11.4396,0.836963E-01,0,31.2799,-4.74684,10.7374,26.7376,40.7765,57.1896,85.6804,-0.667646E-01,1.01124,-23.0825,1.02299,2.28633,1.23311,2.91140,1.23311,0.514394E-01,1.23311,800000099,800000099,800000099,800000099,800000099,800100099,800000199,800110199,80100,80100,80,81,1,0,6,0,6,2,0.741634,2.11871,0.563603E-01,0.107855,0.228136,4085.56,-0.195906E-01,0.291140E-02,0.514394E-01,15.9981,0.296667,251.256,70.3490,6.27187,97701.2,1.25743
CH-CHA_201201080200.csv,2012-01-08,03:00,8.1249,0,36000,36000,-0.212583E-01,1,0.352044E-02,-15.8217,0,1.63425,9.56338,0,1.38566,2.43532,0,0.353891,0.215112,0,0.311680E-01,-0.392967,3.74072,-0.631511,0.841412E-01,-0.353680E-10,-0.662382E-12,16.3725,405.672,408.778,0.150000,0,306.630,7.59754,7.65571,0.150000,0,287.769,287.077,96559.5,1.16845,1009.51,0.247776E-01,0.139393E-01,0.552547E-02,732.042,1585.97,0.472888E-02,46.1572,853.932,275.664,1.07147,1.62763,0.837885E-01,1.95045,0.387085E-12,-0.216020E-14,1.95045,4.43745,128.434,56.6430,2.46210,-9999,0.134883,0.524289,13.1897,0.152392,-1.65441,0.994433E-01,0,-9999,-9999,-9999,-9999,-9999,-9999,-9999,-0.209190E-01,1.01622,-14.8749,1.03446,7.58643,1.33499,2.33202,1.33499,0.170644,1.33499,800000099,800000099,800000099,800000099,800000099,800000099,800110199,800110199,81100,81100,80,81,3,3,2,3,16,5,0.328412,0.669808,0.503581E-01,0.356947E-01,0.210995E-02,16.7979,-0.126106E-01,0.233202E-02,0.170644,15.9973,0.319444,251.000,68.7500,6.31100,97700.4,1.26002
CH-CHA_201201080200.csv,2012-01-08,03:30,8.1458,0,36000,36000,-0.449720E-01,0,0.384288E-02,-18.0781,0,1.84696,10.1418,0,2.15240,2.13529,0,0.221801,0.228128,0,0.484155E-01,0.287192E-01,-0.789525,0.976361E-01,-0.177593E-01,-0.600338E-10,-0.107115E-11,16.4458,407.471,410.455,0.250000,0,293.433,7.27026,7.32350,0.200000,0,287.757,287.095,96559.5,1.16852,1009.33,0.247766E-01,0.147827E-01,0.528766E-02,700.581,1587.86,0.452508E-02,44.1210,887.282,275.048,1.94045,1.55534,0.120304,2.48976,0.552880E-13,-0.365040E-14,2.48976,5.06037,148.118,38.7134,2.76959,-9999,0.196179,0.301909,35.5136,0.565980E-01,-1.78252,0.781323E-01,0,-9999,-9999,-9999,-9999,-9999,-9999,-9999,-0.443959E-01,1.01297,-17.1092,1.02830,8.50897,1.26511,2.30856,1.26511,0.191398,1.26511,800000099,800000099,800000099,800000099,800000099,800000099,800000199,800010199,81000,81000,80,80,7,18,3,0,7,21,0.332846,0.216961,0.540100E-01,0.716444E-01,0.164742E-02,66.0166,-0.145064E-01,0.230856E-02,0.191398,15.9977,0.311111,251.000,68.7500,6.42238,97699.3,1.25959
CH-CHA_201201080200.csv,2012-01-08,04:00,8.1666,0,36000,36000,-0.541616E-01,1,0.857486E-02,-1.42322,2,1.10526,2.86440,1,1.89333,-4.26462,2,2.17749,0.644490E-01,1,0.425999E-01,0.458722,-1.23658,0.426000,-0.278229E-01,0.109666E-10,0.178419E-12,16.7487,415.329,418.154,10.0000,0,272.489,6.75708,6.80305,-1.00000,0,288.002,287.386,96559.5,1.16756,1009.05,0.247976E-01,0.417629E-02,0.491025E-02,651.235,1618.11,0.420555E-02,40.2467,966.875,274.031,0.110469,-0.387666,0.237063E-01,0.403795,-0.136253E-12,0.654775E-15,0.403795,4.19345,256.582,285.905,3.36569,-9999,0.215380,0.567538,596.898,0.336741E-02,-0.496865,0.560882E-02,0,40.3287,-6.12004,13.8435,34.4724,52.5726,73.7338,110.467,-0.533920E-01,1.01441,-1.25115,1.02114,2.41786,1.19775,-3.52405,1.19775,0.544019E-01,1.19775,800000099,800000099,800000099,800000099,800111099,800111199,810100199,811110199,81100,81100,80,81,4,3,2,10,15,20,0.418685,0.692424,0.239662E-01,0.160892,0.462183E-01,22.2450,-0.106197E-02,-0.352405E-02,0.544019E-01,15.9961,0.351111,250.396,64.9733,5.90285,97699.7,1.25068
CH-CHA_201201080200.csv,2012-01-08,04:30,8.1874,0,36000,36000,-0.227439E-01,2,0.839238E-02,-13.1768,0,1.80159,3.99455,0,1.69213,2.33136,0,0.732575,0.898817E-01,0,0.380748E-01,0.807605E-01,-0.566291,0.249367,-0.127422E-01,0.153859E-09,0.238962E-11,16.9325,419.928,422.685,0.300000,0,262.983,6.52203,6.56485,-0.200000,0,288.032,287.437,96559.5,1.16746,1008.93,0.248002E-01,0.582433E-02,0.473895E-02,628.629,1623.50,0.405920E-02,38.7207,994.866,273.542,-0.845507,-0.434463,0.346128E-01,0.951230,-0.107833E-12,0.908662E-14,0.951230,4.41146,341.055,207.196,2.08530,-9999,0.139576,0.858954,17.5455,0.114559,-3.29869,0.801484E-01,0,-9999,-9999,-9999,-9999,-9999,-9999,-9999,-0.224273E-01,1.01412,-12.6325,1.02844,3.42781,1.29045,2.28811,1.29045,0.771296E-01,1.29045,800000099,800000099,800000099,800000099,800011099,800111199,800110199,800110199,81100,81100,80,81,0,6,8,14,48,34,1.29161,0.381570,0.447282E-01,0.520935E-01,0.974169E-02,24.2578,-0.107248E-01,0.228811E-02,0.771296E-01,15.9942,0.503333,250.000,62.5000,5.44215,97733.6,1.24522
CH-CHA_201201080200.csv,2012-01-08,05:00,8.2082,0,36000,36000,-0.658567E-02,2,0.344749E-02,-12.3678,1,3.90081,-9999,-9999,-9999,-48.0647,2,23.2586,-9999,-9999,-9999,0.426115,-9999,4.38736,-9999,0.132522E-09,-9999,20.2149,500.769,500.769,-1.00000,0,-9999,-9999,-9999,-9999,0,287.708,287.708,96559.5,1.16923,1005.42,0.247723E-01,-9999,-9999,-9999,1652.30,-9999,-9999,-9999,-9999,-1.43709,-0.373297,0.726354E-01,1.48656,-0.104622E-12,0.655568E-14,1.48656,4.86912,353.881,194.561,2.80068,-9999,0.750498E-01,0.711567,2.90303,0.692380,-9999,0.140183,0,-9999,-9999,-9999,-9999,-9999,-9999,-9999,-0.636486E-02,1.03469,-11.5482,1.07097,-9999,-9999,-27.7538,1.70519,-9999,-9999,800000099,800000199,800000099,800000199,800000199,800101199,800110199,800110199,80000,80000,80,81,2,9,4,2,0,3,0.967794,0.402687,0.526525E-01,0.209222,5.13779,-9999,-0.982347E-02,-0.277538E-01,-9999,16.0000,0.294444,253.294,83.0884,5.71841,97765.9,1.24174
CH-CHA_201201080200.csv,2012-01-08,05:30,8.2291,0,36000,36000,-0.621550E-02,2,0.991824E-03,-2.90468,0,1.96029,-25.1541,2,9.39637,9.92520,2,3.64178,-0.565462,2,0.211230,-1.97972,-9999,0.986670E-03,-9999,-0.239446E-09,-0.827131E-12,20.2928,500.787,501.654,10.0000,0,70.0986,1.72990,1.73289,7.40000,0,286.613,286.456,96559.5,1.17358,1006.32,0.246780E-01,-0.366420E-01,0.126318E-02,166.991,1523.30,0.107635E-02,10.9625,1356.31,256.523,0.560704,0.674463,0.183304E-01,0.877283,-0.812795E-13,-0.117995E-13,0.877283,3.81447,132.800,50.2621,1.19726,-9999,0.727750E-01,0.417010,11.2733,0.178298,0.115475,0.337962E-01,0,-9999,-9999,-9999,-9999,-9999,-9999,-9999,-0.610047E-02,1.01886,-3.87304,1.03845,-18.0205,1.39196,7.45890,1.39196,-0.405099,1.39196,800000099,800000099,800000099,800000199,800000199,800100199,801100199,811110199,80000,80000,80,81,7,0,15,1,5,1,0.352476,0.472185,0.935825E-02,0.133866,0.563780,2006.68,-0.327948E-02,0.745890E-02,-0.405099,15.9922,0.450000,251.043,69.0172,5.59608,97768.7,1.23959
CH-CHA_201201080200.csv,2012-01-08,06:00,8.2499,0,36000,36000,-0.406689E-01,1,0.136762E-01,-9.11809,1,6.89980,-48.9242,1,13.5068,18.6653,1,5.46907,-1.10010,1,0.303711,0.433392,8.05146,-3.37226,0.181044,-0.230901E-09,-0.266272E-11,17.7437,438.762,440.994,10.0000,0,204.618,5.05975,5.08548,7.45000,0,287.190,286.730,96559.5,1.17098,1008.12,0.247277E-01,-0.712865E-01,0.368722E-02,487.913,1550.70,0.314882E-02,31.4640,1062.79,270.092,1.11523,0.371623,0.527868E-01,1.17670,-0.161320E-12,-0.130131E-13,1.17670,6.08685,163.919,18.4294,2.57115,-9999,0.186361,0.753106,60.3386,0.333120E-01,0.186372,0.414463E-01,0,-9999,-9999,-9999,-9999,-9999,-9999,-9999,-0.402113E-01,1.01138,-11.2811,1.02293,-39.2656,1.23344,15.9110,1.23344,-0.882920,1.23344,800000099,800000099,800000099,800000099,800000099,800100099,800110199,810110199,80100,80100,80,81,17,12,12,0,0,2,1.16287,0.313264,0.300809E-01,0.394225,0.249234,749.754,-0.955625E-02,0.159110E-01,-0.882920,16.0000,0.325556,249.272,57.9523,5.59121,97774.6,1.24628
CH-CHA_201201080200.csv,2012-01-08,06:30,8.2707,0,36000,36000,-0.361955E-01,1,0.582108E-02,-18.3701,0,2.20216,8.57951,1,1.34625,2.89031,0,0.523907,0.193008,1,0.302857E-01,0.770467,1.71014,-0.879567,0.384720E-01,-0.181283E-10,-0.247488E-12,17.0554,422.554,425.005,0.300000,0,232.840,5.76871,5.80218,0.300000,0,287.744,287.218,96559.5,1.16868,1008.51,0.247754E-01,0.125069E-01,0.419578E-02,556.153,1600.66,0.359018E-02,34.7452,1044.51,271.862,2.05608,-0.344354,0.416676E-01,2.08513,0.561879E-13,-0.106291E-14,2.08513,5.41659,197.854,350.492,1.14503,-9999,0.175987,0.629413,25.2240,0.796861E-01,-2.14115,0.885632E-01,0,-9999,-9999,-9999,-9999,-9999,-9999,-9999,-0.357173E-01,1.01339,-17.4615,1.02877,7.11425,1.27796,2.92215,1.27796,0.160045,1.27796,800000099,800000099,800000099,800000099,800000099,800100199,800100199,801110199,81000,81000,80,81,17,19,18,18,18,44,0.650489,0.571089,0.372480E-01,0.101158,0.743049E-02,23.8792,-0.148151E-01,0.292215E-02,0.160045,16.0000,0.225556,249.000,56.2500,5.82959,97711.9,1.25101
CH-CHA_201201080200.csv,2012-01-08,07:00,8.2916,0,36000,36000,-0.378839E-01,0,0.484372E-02,-24.4987,0,2.60774,11.2581,0,1.15106,1.90819,0,0.369030,0.253397,0,0.259082E-01,0.852419,-0.395932,-0.357933E-01,-0.891167E-02,0.110666E-09,0.147002E-11,16.9975,421.893,424.270,0.350000,0,225.786,5.60418,5.63577,0.350000,0,288.271,287.759,96559.5,1.16655,1008.44,0.248208E-01,0.164201E-01,0.406866E-02,540.320,1657.72,0.348776E-02,32.5941,1117.40,271.469,2.43402,-0.712661,0.486218E-01,2.53667,0.224261E-12,0.651068E-14,2.53667,4.79088,202.497,343.680,1.09829,-9999,0.180208,0.348956,20.3076,0.989775E-01,-2.17610,0.115562,0,-9999,-9999,-9999,-9999,-9999,-9999,-9999,-0.373195E-01,1.01512,-23.2141,1.03272,9.13908,1.30440,2.32411,1.30440,0.205703,1.30440,800000099,800000099,800000099,800000099,800000099,800000099,800000199,800100199,80000,80000,80,81,15,13,8,4,10,24,0.386032,0.257889,0.539904E-01,0.125389,0.409315E-02,15.9504,-0.197333E-01,0.232411E-02,0.205703,15.9969,0.414444,249.000,56.2500,5.88148,97695.4,1.25306
CH-CHA_201201080200.csv,2012-01-08,07:30,8.3124,0,36000,36000,-0.402626E-01,0,0.431993E-02,-16.3716,0,1.64635,10.7226,0,0.856828,2.70354,0,0.383436,0.241531,0,0.193004E-01,1.26099,-0.306299,-0.588746E-01,-0.689952E-02,-0.156095E-09,-0.203147E-11,16.9071,420.803,423.120,0.350000,0,220.035,5.47646,5.50661,0.350000,0,289.064,288.562,96559.5,1.16337,1008.38,0.248891E-01,0.156512E-01,0.396503E-02,528.026,1745.65,0.340824E-02,30.2480,1217.63,271.157,2.18370,-0.184204,0.404697E-01,2.19183,0.395536E-12,-0.923249E-14,2.19183,4.45742,188.655,355.178,1.05796,-9999,0.186034,0.574363,33.4321,0.601218E-01,-1.52684,0.750165E-01,0,-9999,-9999,-9999,-9999,-9999,-9999,-9999,-0.397597E-01,1.01265,-15.4305,1.02734,8.82239,1.26228,2.70917,1.26228,0.198728,1.26228,800000099,800000099,800000099,800000099,800000099,800000099,800100199,800100199,80000,80000,80,81,3,5,2,2,0,2,0.422389,0.685946,0.403912E-01,0.979355E-01,0.469217E-02,14.6818,-0.131534E-01,0.270917E-02,0.198728,15.9930,0.374444,249.000,56.2500,6.26413,97672.3,1.26125
CH-CHA_201201080200.csv,2012-01-08,08:00,8.3332,0,36000,36000,-0.373229E-01,1,0.178486E-02,-14.0131,1,1.99039,7.21173,1,1.15000,-2.58934,1,0.636183,0.162535,1,0.259181E-01,0.873507,-0.191909,0.791651E-01,-0.432516E-02,0.911570E-10,0.116490E-11,16.9339,422.271,424.562,10.0000,0,216.399,5.39623,5.42551,0.200000,0,289.614,289.119,96559.5,1.16116,1008.35,0.249365E-01,0.105322E-01,0.389951E-02,520.305,1809.06,0.335830E-02,28.7610,1288.76,270.958,1.39973,0.468310,0.473310E-01,1.47675,-0.308255E-12,0.538312E-14,1.47675,3.67954,170.070,18.4988,1.83668,-9999,0.179284,0.456082,34.9597,0.574947E-01,-1.94310,0.667557E-01,0,-9999,-9999,-9999,-9999,-9999,-9999,-9999,-0.368855E-01,1.01186,-13.3314,1.02471,6.06169,1.24888,-1.56690,1.24888,0.136615,1.24888,800000099,800000099,800000099,800000099,800000099,800101099,800100199,810110199,81000,81000,80,81,4,2,6,4,7,2,0.279508,0.605703,0.269534E-01,0.137005,0.925617E-02,21.9851,-0.113860E-01,-0.156690E-02,0.136615,15.9949,0.223889,249.000,56.2500,6.28472,97659.6,1.26164
CH-CHA_201201080800.csv,2012-01-08,08:30,8.3541,1,36000,36000,-0.539043E-02,1,0.164012E-02,-4.45219,1,1.34393,1.57284,1,0.633696,1.68953,1,0.449948,0.354347E-01,1,0.142767E-01,-0.603577,0.471416,0.342748,0.106206E-01,0.321444E-11,0.419446E-13,17.2103,428.620,431.031,0.550000,0,224.574,5.59297,5.62443,0.550000,0,289.247,288.735,96559.5,1.16262,1008.45,0.249049E-01,0.229617E-02,0.404682E-02,539.241,1765.09,0.348078E-02,30.5503,1225.85,271.442,0.508991,-0.804297,-0.673375E-02,0.951846,0.365336E-13,0.186774E-15,0.951846,2.30809,242.721,302.327,-0.405337,-9999,0.680916E-01,0.144047,6.02828,0.333428,-2.83067,0.557683E-01,0,-9999,-9999,-9999,-9999,-9999,-9999,-9999,-0.527650E-02,1.02159,-4.20017,1.04431,1.16841,1.45082,1.31010,1.45082,0.263234E-01,1.45082,800000099,800000099,800000099,800000099,800000099,800101099,811110199,811110199,80000,80000,80,80,0,2,11,1,3,0,0.150690,0.132017,0.538730E-02,0.110415,0.151686E-01,16.9741,-0.358240E-02,0.131010E-02,0.263234E-01,15.9981,0.350000,249.000,56.2500,6.13447,97673.1,1.25493
CH-CHA_201201080800.csv,2012-01-08,09:00,8.3749,1,36000,36000,-0.146191E-01,2,0.402004E-02,-15.8813,1,3.18083,12.0826,1,1.34319,1.96285,1,1.58969,0.272414,1,0.302835E-01,1.21411,0.136918E-01,-0.289430,0.308695E-03,-0.432240E-10,-0.571771E-12,16.9489,423.244,425.627,0.400000,0,224.201,5.59871,5.63023,0.400000,0,290.025,289.510,96559.5,1.15950,1008.47,0.249718E-01,0.176524E-01,0.404011E-02,539.793,1854.75,0.348435E-02,29.1033,1314.96,271.456,0.571623,-2.32717,-0.160821E-01,2.39640,0.211160E-12,-0.255026E-14,2.39640,7.63518,261.621,283.800,-0.384512,-9999,0.112286,0.943235,7.57853,0.265223,-1.31440,0.120955,0,-9999,-9999,-9999,-9999,-9999,-9999,-9999,-0.143036E-01,1.02206,-14.6745,1.04648,8.70315,1.43414,1.84281,1.43414,0.196221,1.43414,800000099,800000099,800000099,800000099,800000099,800100099,800000199,810000199,80100,80100,80,81,6,6,13,1,5,2,1.22985,0.593619,0.630004E-01,0.327776,0.634200E-01,28.6133,-0.125496E-01,0.184281E-02,0.196221,15.9977,0.387778,249.000,56.2500,6.42834,97694.0,1.26550
CH-CHA_201201080800.csv,2012-01-08,09:30,8.3957,1,36000,36000,-0.579626E-01,0,0.569523E-02,-31.7879,0,2.20729,18.5836,0,1.40400,1.49486,0,0.208963,0.419186,0,0.316697E-01,0.774983,0.131107,-0.208823,0.295735E-02,0.678769E-10,0.915106E-12,16.7643,419.359,421.743,0.400000,0,226.014,5.65373,5.68588,0.400000,0,290.526,290.006,96559.5,1.15750,1008.51,0.250150E-01,0.271632E-01,0.407277E-02,545.088,1914.14,0.351860E-02,28.4769,1369.06,271.589,1.22104,-2.75181,-0.343743E-01,3.01074,-0.210435E-13,0.404890E-14,3.01074,7.54076,252.862,293.928,-0.654172,-9999,0.223776,1.01683,29.9698,0.670674E-01,-1.71054,0.121688,0,22.6508,-3.43735,7.77530,19.3616,29.5277,41.4130,62.0442,-0.571329E-01,1.01452,-29.9417,1.03190,15.1021,1.28588,2.25018,1.28588,0.340654,1.28588,800000099,800000099,800000099,800000099,800000099,800100099,800000199,800000199,80000,80000,80,80,9,19,9,0,12,0,0.731651,1.19258,0.109431,0.779324E-01,0.831793E-03,20.1974,-0.256493E-01,0.225018E-02,0.340654,16.0000,0.263333,249.000,56.2500,7.13290,97699.9,1.27697
CH-CHA_201201080800.csv,2012-01-08,10:00,8.4166,1,36000,36000,-0.649300E-01,1,0.695513E-02,-33.7836,0,2.74115,21.7516,0,6.42968,1.73609,0,1.86271,0.490593,0,0.145017,-0.175035,-0.143519,0.108859,-0.323697E-02,0.139169E-09,0.184736E-11,16.8521,421.384,423.754,0.350000,0,223.698,5.59353,5.62499,0.350000,0,290.409,289.894,96559.5,1.15797,1008.48,0.250049E-01,0.317904E-01,0.403103E-02,539.294,1900.59,0.348112E-02,28.3751,1361.30,271.443,1.64520,-3.10325,-0.160771E-01,3.51243,0.110562E-12,0.825829E-14,3.51243,8.21227,248.516,297.931,-0.262255,-9999,0.236796,1.38242,33.4130,0.601562E-01,-1.55316,0.122171,0,21.7079,-3.29426,7.45161,18.5556,28.2984,39.6889,59.4613,-0.639541E-01,1.01526,-31.6720,1.03378,17.5238,1.29081,2.48792,1.29081,0.395239,1.29081,800000099,800000099,800000099,800000099,800001199,800001199,800000199,800010199,81100,81100,80,81,17,19,6,1,36,37,1.04732,1.58123,0.136279,0.789295E-01,0.327738E-01,312.573,-0.271214E-01,0.248792E-02,0.395239,15.9981,0.276667,249.056,56.5974,7.18067,97699.8,1.27378
CH-CHA_201201080800.csv,2012-01-08,10:30,8.4374,1,36000,36000,-0.524643E-01,2,0.918278E-02,-25.3061,0,3.96169,-9999,-9999,-9999,25.7944,1,21.8036,-9999,-9999,-9999,0.720172E-01,-9999,1.56687,-9999,-0.629861E-10,-9999,18.0447,450.478,450.478,0.500000,0,-9999,-9999,-9999,-9999,0,289.940,289.940,96559.5,1.16023,1005.47,0.249645E-01,-9999,-9999,-9999,1906.28,-9999,-9999,-9999,-9999,0.817547,-2.61965,-0.204000E-01,2.74433,0.339512E-12,-0.349055E-14,2.74433,8.91297,260.645,287.332,-0.425912,-9999,0.212647,1.67761,32.2756,0.622762E-01,-9999,0.102012,0,21.7021,-3.29337,7.44962,18.5506,28.2909,39.6783,59.4454,-0.517492E-01,1.01382,-24.5629,1.03025,-9999,-9999,21.2516,1.27729,-9999,-9999,800000099,800000099,800000099,800001199,800001099,800101099,800110199,800110199,80100,80100,80,81,25,9,6,0,16,0,2.11148,1.13376,0.109974,0.127297,4.25768,-9999,-0.210555E-01,0.212516E-01,-9999,15.9957,0.316667,249.983,62.3908,6.92599,97706.7,1.26680
CH-CHA_201201080800.csv,2012-01-08,11:00,8.4582,1,36000,36000,-0.952377E-01,1,0.104719E-01,-16.8335,0,2.71449,-9999,-9999,-9999,44.6443,1,18.8449,-9999,-9999,-9999,-2.64234,-9999,2.31629,-9999,-0.339958E-09,-9999,19.8729,493.239,493.239,-0.550000,0,-9999,-9999,-9999,-9999,0,288.258,288.258,96559.5,1.16700,1005.43,0.248197E-01,-9999,-9999,-9999,1712.01,-9999,-9999,-9999,-9999,1.24978,-3.11187,0.714306E-02,3.35347,0.113826E-12,-0.171066E-13,3.35347,8.34097,254.079,291.881,0.122043,-9999,0.285673,1.36661,117.634,0.170868E-01,-9999,0.502205E-01,0,26.2496,-3.98348,9.01063,22.4377,34.2190,47.9926,71.9017,-0.940677E-01,1.01244,-16.3752,1.02799,-9999,-9999,36.6556,1.24492,-9999,-9999,800000099,800000099,800000099,800001199,800001199,810101199,800000199,800000199,81000,81100,80,80,8,7,15,0,5,1,1.30986,1.30000,0.123355,0.154470,2.63787,-9999,-0.139560E-01,0.366556E-01,-9999,16.0000,0.193333,251.549,72.1825,6.41443,97708.4,1.25643
CH-CHA_201201080800.csv,2012-01-08,11:30,8.4790,1,36000,36000,-0.120990,1,0.901242E-02,-28.3729,0,2.21707,28.2500,0,1.35922,0.136546E-01,0,0.993288E-01,0.635948,0,0.305981E-01,-0.540925,-9999,-4.19850,-9999,0.963002E-10,0.135253E-11,16.7370,415.680,418.121,0.350000,0,235.070,5.83822,5.87251,0.350000,0,288.448,287.915,96559.5,1.16582,1008.57,0.248361E-01,0.412094E-01,0.423597E-02,562.842,1674.43,0.363346E-02,33.6139,1111.59,272.025,0.750958,-4.83506,0.748722E-02,4.89304,0.245787E-12,0.575374E-14,4.89304,9.37468,267.847,278.828,0.876728E-01,-9999,0.322151,1.43207,100.177,0.200644E-01,-1.00435,0.749046E-01,0,24.9592,-3.78765,8.56768,21.3347,32.5368,45.6333,68.3671,-0.119118,1.01572,-26.0776,1.03586,22.6182,1.28040,0.900102,1.28040,0.509169,1.28040,800000099,800000099,800000099,800000099,800001099,800001099,800000199,800000199,80100,80100,80,80,29,2,2,0,29,1,1.41783,1.26837,0.177938,0.916902E-01,0.158344E-03,21.5648,-0.221785E-01,0.900102E-03,0.509169,15.9949,0.377778,249.000,56.2500,6.45008,97699.9,1.27038
CH-CHA_201201080800.csv,2012-01-08,12:00,8.4999,1,36000,36000,-0.935640E-01,1,0.958890E-02,-24.8941,0,1.87544,38.3243,0,10.3928,-4.23687,1,2.88979,0.862682,0,0.233942,-0.988882E-01,-1.11185,0.226840,-0.250278E-01,0.375025E-09,0.480186E-11,16.9118,419.869,422.138,2.90000,0,216.540,5.37605,5.40511,0.350000,0,288.343,287.852,96559.5,1.16628,1008.31,0.248270E-01,0.559018E-01,0.390206E-02,518.362,1667.68,0.334573E-02,31.0829,1149.31,270.907,-0.305615,-3.72622,0.495488E-01,3.73906,-0.727066E-13,0.221754E-13,3.73906,9.23511,281.214,265.311,0.759286,-9999,0.283239,1.31966,77.5937,0.259042E-01,-0.649565,0.747386E-01,0,25.4746,-3.86587,8.74462,21.7753,33.2087,46.5757,69.7790,-0.923083E-01,1.01360,-22.3382,1.03068,30.8093,1.26021,-2.66212,1.26021,0.693519,1.26021,800000099,800000099,800000099,800000099,800000099,800000099,800000199,800000199,80000,80000,80,80,15,3,10,0,33,2,1.16189,1.34674,0.130696,0.504021E-01,0.672530E-01,570.966,-0.189955E-01,-0.266212E-02,0.693519,16.0000,0.280000,249.230,57.6849,6.91695,97716.1,1.26990
CH-CHA_201201080800.csv,2012-01-08,12:30,8.5207,1,36000,36000,-0.821437E-01,1,0.709600E-02,-27.0768,0,2.37693,-9999,-9999,-9999,13.7106,0,17.4198,-9999,-9999,-9999,0.914030,-9999,1.22145,-9999,0.722006E-10,-9999,17.8150,442.432,442.432,6.50000,0,-9999,-9999,-9999,-9999,0,288.434,288.434,96559.5,1.16629,1005.44,0.248348E-01,-9999,-9999,-9999,1731.46,-9999,-9999,-9999,-9999,0.618637,-3.41090,-0.185722E-02,3.46655,0.309001E-13,0.405281E-14,3.46655,8.62409,266.277,280.280,-0.306965E-01,-9999,0.265390,1.25994,58.6352,0.342797E-01,-9999,0.870065E-01,0,25.5981,-3.88461,8.78699,21.8808,33.3697,46.8014,70.1171,-0.810333E-01,1.01370,-26.2718,1.03064,-9999,-9999,11.9633,1.26527,-9999,-9999,800000099,800000099,800000099,800001199,800001099,810001199,800000199,800000199,81000,81000,80,80,28,3,5,0,14,1,1.20377,1.20275,0.113364,0.642653E-01,2.75369,-9999,-0.224042E-01,0.119633E-01,-9999,16.0000,0.291111,250.530,65.8134,7.07308,97711.2,1.27119
CH-CHA_201201080800.csv,2012-01-08,13:00,8.5415,1,36000,36000,-0.644190E-01,1,0.373673E-02,-14.9921,0,2.11706,-9999,-9999,-9999,39.7891,1,26.0125,-9999,-9999,-9999,-1.13508,-9999,4.18316,-9999,-0.163845E-09,-9999,20.9711,519.511,519.511,-1.00000,0,-9999,-9999,-9999,-9999,0,287.713,287.713,96559.5,1.16921,1005.42,0.247727E-01,-9999,-9999,-9999,1652.87,-9999,-9999,-9999,-9999,-0.674643E-01,-2.82625,0.404843E-01,2.82734,0.204793E-12,-0.781292E-14,2.82734,7.89475,275.980,268.633,0.820438,-9999,0.234726,1.06864,73.2683,0.274334E-01,-9999,0.543325E-01,0,24.7444,-3.75506,8.49397,21.1512,32.2569,45.2407,67.7789,-0.636477E-01,1.01212,-14.6000,1.02685,-9999,-9999,32.7015,1.24516,-9999,-9999,800000099,800000199,800000099,800001199,800001099,800101199,800000199,800010199,80000,80100,80,81,26,14,8,0,48,1,0.903408,1.13735,0.965277E-01,0.669147E-01,5.59003,-9999,-0.124197E-01,0.327015E-01,-9999,15.9977,0.233333,255.000,93.7500,6.79954,97701.7,1.25529
CH-CHA_201201080800.csv,2012-01-08,13:30,8.5624,1,36000,36000,-0.747026E-01,1,0.874993E-02,-20.4859,0,3.46997,-9999,-9999,-9999,-30.7194,1,23.2901,-9999,-9999,-9999,0.384826,-9999,-1.96782,-9999,0.126616E-09,-9999,19.4896,483.221,483.221,8.70000,0,-9999,-9999,-9999,-9999,0,287.958,287.958,96559.5,1.16822,1005.43,0.247938E-01,-9999,-9999,-9999,1679.18,-9999,-9999,-9999,-9999,-0.899874,-2.66498,0.486983E-01,2.81323,-0.706780E-13,0.649659E-14,2.81323,8.70669,295.906,251.342,0.991867,-9999,0.252875,0.964169,67.0442,0.299802E-01,-9999,0.689722E-01,0,27.2610,-4.13696,9.35782,23.3023,35.5375,49.8418,74.6721,-0.737998E-01,1.01223,-19.9458,1.02708,-9999,-9999,-23.6801,1.24742,-9999,-9999,800000099,800000199,800000099,800001199,800001199,800101199,800010199,800110199,81100,81100,80,81,11,5,8,0,15,5,1.09243,0.747970,0.879391E-01,0.953361E-01,5.16101,-9999,-0.169816E-01,-0.236801E-01,-9999,15.9969,0.327778,255.000,93.7500,6.90837,97703.4,1.25731
CH-CHA_201201080800.csv,2012-01-08,14:00,8.5832,1,36000,36000,-0.600968E-01,1,0.787319E-02,-16.0703,1,9.84466,-9999,-9999,-9999,-9999,-9999,-9999,-9999,-9999,-9999,-4.05804,-9999,-9999,-9999,-9999,-9999,-9999,-9999,-9999,-9999,0,-9999,-9999,-9999,-9999,0,285.400,285.400,96559.5,1.17869,1005.37,0.245736E-01,-9999,-9999,-9999,1421.51,-9999,-9999,-9999,-9999,-2.19491,-1.36705,0.124094,2.58879,0.104328E-12,-0.165717E-14,2.58879,6.84805,338.003,211.916,2.74752,-9999,0.225801,0.922503,60.8457,0.330344E-01,-9999,0.600582E-01,0,29.0308,-4.40553,9.96532,24.8151,37.8445,53.0775,79.5197,-0.593824E-01,1.01203,-15.6563,1.02644,-9999,-9999,-9999,-9999,-9999,-9999,800000099,800001199,800000099,800001199,800101099,800101199,800010199,800010199,80100,80100,80,81,2,0,2,0,5,3,0.870105,0.914986,0.599145E-01,1.01217,-9999,-9999,-0.132118E-01,-9999,-9999,15.9946,0.442222,255.000,93.7500,6.77418,97716.2,1.25104
CH-CHA_201201081400.csv,2012-01-08,14:30,8.6040,1,36000,36000,-0.181561E-01,1,0.392216E-02,15.2265,0,2.05949,-9999,-9999,-9999,-11.2200,0,22.0901,-9999,-9999,-9999,-3.27882,-9999,-9999,-9999,0.140225E-09,-9999,27.3270,666.696,666.696,1.05000,0,-9999,-9999,-9999,-9999,0,283.348,283.348,96559.5,1.18722,1005.33,0.243969E-01,-9999,-9999,-9999,1240.63,-9999,-9999,-9999,-9999,-1.28208,0.539536,0.496701E-01,1.39187,0.648582E-14,0.513136E-14,1.39187,3.86485,30.8642,157.177,2.04509,-9999,0.123665,0.372026,-10.5485,-0.190548,-9999,-0.103161,0,-9999,-9999,-9999,-9999,-9999,-9999,-9999,-0.179524E-01,1.01135,14.9291,1.01992,-9999,-9999,-10.6156,1.17283,-9999,-9999,800000099,800000199,800000099,800001199,800001099,800001099,800010199,800110199,81000,81000,80,81,13,16,2,40,3,0,0.327220,0.366512,0.503200E-01,0.360573E-01,4.64542,-9999,0.125082E-01,-0.106156E-01,-9999,15.9961,0.343333,255.000,93.7500,7.21055,97748.8,1.24961
CH-CHA_201201081400.csv,2012-01-08,15:00,8.6249,1,36000,36000,-0.977235E-02,2,0.346718E-02,-3.18046,2,4.15418,-9999,-9999,-9999,69.2215,1,33.0192,-9999,-9999,-9999,2.26933,-9999,-2.07665,-9999,0.198774E-09,-9999,25.6455,628.822,628.822,4.65000,0,-9999,-9999,-9999,-9999,0,284.775,284.775,96559.5,1.18127,1005.36,0.245198E-01,-9999,-9999,-9999,1364.14,-9999,-9999,-9999,-9999,-0.366884,0.971586,0.506674E-01,1.03978,0.153835E-12,0.775083E-14,1.03978,5.45631,77.5774,110.687,2.79306,-9999,0.909545E-01,0.412603,20.0933,0.100033,-9999,0.294439E-01,0,-9999,-9999,-9999,-9999,-9999,-9999,-9999,-0.964141E-02,1.01358,-3.09527,1.02752,-9999,-9999,54.2265,1.28097,-9999,-9999,800000099,800000199,800000099,800000199,800000199,800100199,800010099,800110199,80000,80000,80,81,9,8,2,0,1,16,0.375102,0.421582,0.285227E-01,0.339816,12.4277,-9999,-0.260631E-02,0.542265E-01,-9999,15.9953,0.346667,255.000,93.7500,7.59975,97764.8,1.25916
CH-CHA_201201081400.csv,2012-01-08,15:30,8.6457,1,36000,36000,-0.263491E-01,1,0.630473E-02,-1.49911,2,2.45116,17.8589,1,17.5211,2.63314,2,5.86561,0.400595,1,0.393017,-0.936324,-9999,-12.1456,-9999,-0.697911E-10,-0.140947E-11,16.5976,407.191,410.567,9.60000,0,335.198,8.22347,8.29165,0.500000E-01,0,284.930,284.188,96559.5,1.18005,1009.79,0.245332E-01,0.259586E-01,0.604027E-02,792.194,1311.93,0.511866E-02,60.3839,519.735,276.780,0.359883,0.752684,0.524714E-01,0.835944,0.130037E-12,-0.420490E-14,0.835944,2.81444,120.814,64.4460,3.59877,-9999,0.149428,0.333271,189.278,0.106193E-01,-0.839415E-01,0.841915E-02,0,-9999,-9999,-9999,-9999,-9999,-9999,-9999,-0.260669E-01,1.01083,-0.591391,1.01964,14.8433,1.19775,2.12388,1.19775,0.332950,1.19775,800000099,800000099,800000099,800000099,800000099,800000099,800110199,811110199,81000,81100,80,81,4,1,2,3,0,0,0.381102,0.266939,0.185009E-01,0.510242E-01,0.501320,2706.02,-0.496299E-03,0.212388E-02,0.332950,16.0000,0.337778,255.000,93.7500,7.42179,97792.1,1.26489
CH-CHA_201201081400.csv,2012-01-08,16:00,8.6665,1,36000,36000,-0.172973E-01,1,0.423623E-02,-6.88703,1,1.85911,16.6858,1,5.19126,-1.12538,2,0.479535,0.374517,1,0.116519,1.04723,-0.195765,-1.12018,-0.439398E-02,0.415316E-10,0.874563E-12,15.7265,386.703,389.878,5.70000,0,331.164,8.14310,8.20996,0.150000,0,285.583,284.846,96559.5,1.17736,1009.76,0.245893E-01,0.242687E-01,0.596758E-02,784.472,1370.38,0.506861E-02,57.2447,585.913,276.641,1.00882,0.783404,0.551874E-01,1.27847,0.430449E-13,0.264087E-14,1.27847,3.12807,149.835,37.8314,2.47404,-9999,0.121209,0.365853,21.9889,0.914097E-01,-0.412747,0.477938E-01,0,-9999,-9999,-9999,-9999,-9999,-9999,-9999,-0.170790E-01,1.01278,-5.93478,1.02635,13.2940,1.26751,-0.749521,1.26751,0.298387,1.26751,800000099,800000099,800000099,800000099,800000099,800100099,801110199,811110199,81100,81100,80,81,6,1,14,0,10,11,0.296172,0.411769,0.237642E-01,0.856595E-01,0.486167E-02,317.361,-0.499205E-02,-0.749521E-03,0.298387,15.9961,0.265556,255.000,93.7500,7.11490,97800.8,1.26141
CH-CHA_201201081400.csv,2012-01-08,16:30,8.6873,1,36000,36000,-0.291433,1,0.419764E-01,47.1533,2,13.3611,-120.584,1,21.7189,20.0679,1,2.78539,-2.70956,1,0.488031,1.84463,-3.22257,0.451278,-0.724122E-01,-0.110374E-08,-0.190405E-10,16.0047,394.987,397.697,0.350000,0,276.095,6.81386,6.86061,10.0000,0,286.629,286.010,96559.5,1.17315,1009.06,0.246794E-01,-0.175579,0.497523E-02,656.696,1479.47,0.424090E-02,44.3872,822.775,274.147,0.165387,0.271608,0.565940E-01,0.322996,-0.684732E-12,-0.689636E-13,0.322996,4.39749,129.967,58.6620,10.0912,-9999,0.498416,1.19375,-223.260,-0.900294E-02,-0.391041,-0.799189E-01,0,47.5884,-7.22173,16.3356,40.6779,62.0363,87.0068,130.352,-0.284176,1.02554,39.8184,1.02793,-102.796,1.18171,15.9997,1.18171,-2.30986,1.18171,800000099,800000099,800000099,800000099,800100099,801101099,800110199,811110199,80000,80000,80,81,5,1,15,7,107,19,1.28271,1.01993,0.848507E-01,0.180054,0.101757E-01,329.318,0.336367E-01,0.159997E-01,-2.30986,16.0000,0.290000,255.000,93.7500,6.66031,97826.0,1.25855
CH-CHA_201201081400.csv,2012-01-08,17:00,8.7082,0,36000,36000,-0.260363E-01,1,0.609487E-02,-21.5181,0,2.80960,24.9877,1,8.42783,-5.51529,2,2.38680,0.562041,1,0.189564,1.63472,-4.01560,0.649391,-0.903214E-01,-0.101550E-09,-0.128533E-11,16.4384,406.945,409.052,4.75000,0,208.063,5.15074,5.17741,2.25000,0,287.515,287.046,96559.5,1.16965,1008.17,0.247557E-01,0.364202E-01,0.374930E-02,496.673,1582.87,0.320547E-02,31.3781,1086.19,270.331,0.204449,-1.15636,-0.137986E-02,1.17429,-0.215978E-12,-0.617758E-14,1.17429,6.07497,269.502,280.027,-0.673259E-01,-9999,0.149197,1.06804,13.1195,0.153207,-0.861147,0.122307,0,-9999,-9999,-9999,-9999,-9999,-9999,-9999,-0.256472E-01,1.01517,-19.7407,1.03130,19.3027,1.31833,-3.56412,1.31833,0.434169,1.31833,800000099,800000099,800000099,800000099,800001099,800101099,800010199,810110199,81100,81100,80,81,5,3,6,4,218,61,0.716189,1.35771,0.621820E-01,0.573063E-01,0.518460E-01,315.063,-0.167405E-01,-0.356412E-02,0.434169,16.0000,0.304444,254.327,89.5462,6.35505,97880.9,1.25738
CH-CHA_201201081400.csv,2012-01-08,17:30,8.7290,0,36000,36000,-0.206761,1,0.278378E-01,-15.6610,1,4.81581,-45.7972,1,11.5344,13.5544,1,2.68716,-1.03019,1,0.259461,0.146259,-3.36071,0.644926,-0.755980E-01,0.592170E-09,0.531473E-11,16.9201,418.818,420.399,0.350000,0,151.858,3.75890,3.77308,9.50000,0,287.481,287.138,96559.5,1.16989,1007.42,0.247528E-01,-0.667564E-01,0.273648E-02,362.622,1592.46,0.233909E-02,22.7712,1229.84,266.175,0.178737,-0.157014,0.398285E-01,0.241219,-0.533859E-12,0.349981E-13,0.241219,5.49532,183.283,318.702,9.50382,-9999,0.420398,1.51394,403.189,0.498526E-02,0.341964,0.316082E-01,0,44.2429,-6.71404,15.1872,37.8182,57.6751,80.8902,121.188,-0.202866,1.01920,-17.5738,1.02367,-37.6478,1.20360,12.2703,1.20360,-0.846873,1.20360,800000099,800000099,800000099,800000099,800000099,800101099,800100199,801110199,80000,80000,80,81,16,3,7,10,119,36,0.930947,2.02449,0.724332E-01,0.766829E-01,0.196049E-01,151.048,-0.149111E-01,0.122703E-01,-0.846873,16.0000,0.328889,253.259,82.8712,5.80130,97895.1,1.24807
CH-CHA_201201081400.csv,2012-01-08,18:00,8.7498,0,36000,36000,-0.143934E-01,1,0.393667E-02,-12.4755,0,2.25227,12.3439,1,4.86689,1.23685,1,0.478769,0.277737,1,0.109505,0.392756,-2.95803,0.383238,-0.665558E-01,0.127680E-09,0.759386E-12,17.1970,425.878,426.959,0.150000,0,102.281,2.53294,2.53938,0.100000,0,287.618,287.387,96559.5,1.16942,1006.77,0.247646E-01,0.179974E-01,0.184310E-02,244.449,1618.41,0.157608E-02,15.1042,1373.97,261.164,1.10918,1.17854,0.662904E-01,1.61977,0.171984E-12,0.742453E-14,1.61977,3.84455,142.598,46.7366,2.34554,-9999,0.110942,0.500812,9.30035,0.216121,-1.01066,0.955123E-01,0,-9999,-9999,-9999,-9999,-9999,-9999,-9999,-0.141394E-01,1.01797,-11.4874,1.03772,9.08115,1.37430,1.27535,1.37430,0.204326,1.37430,800000099,800000099,800000099,800000099,800000099,800100099,800110199,800110199,81100,81100,80,81,11,12,4,1,6,1,0.447815,0.523077,0.307326E-01,0.894581E-01,0.957397E-02,228.568,-0.975715E-02,0.127535E-02,0.204326,15.9981,0.278889,252.617,78.8538,5.45407,97903.7,1.24524
CH-CHA_201201081400.csv,2012-01-08,18:30,8.7707,0,36000,36000,-0.247940E-01,1,0.330660E-02,-15.0712,0,2.36668,-6.06426,1,3.28891,-2.02980,1,0.532200,-0.136508,1,0.740340E-01,0.739223,-2.22054,0.367908,-0.499849E-01,-0.190138E-09,-0.707964E-12,17.4476,432.664,433.362,9.50000,0,64.9648,1.61099,1.61359,9.70000,0,288.004,287.857,96559.5,1.16792,1006.29,0.247978E-01,-0.884569E-02,0.117067E-02,155.518,1668.33,0.100236E-02,9.32179,1512.81,255.677,1.80617,1.22538,0.835019E-01,2.18421,-0.536663E-13,-0.108976E-13,2.18421,4.96689,153.272,34.1547,2.19094,-9999,0.145703,0.800692,17.4365,0.115275,2.48526,0.880133E-01,0,-9999,-9999,-9999,-9999,-9999,-9999,-9999,-0.244191E-01,1.01536,-14.8690,1.03290,-4.50776,1.31460,-0.907862,1.31460,-0.101471,1.31460,800000099,800000099,800000099,800000099,800000099,800100099,800000199,800110199,80100,80100,80,81,9,2,7,0,5,0,0.508616,1.04198,0.507894E-01,0.886286E-01,0.495917E-02,84.9890,-0.126517E-01,-0.907862E-03,-0.101471,16.0000,0.262222,251.636,72.7267,5.77901,97953.0,1.24993
CH-CHA_201201081400.csv,2012-01-08,19:00,8.7915,0,36000,36000,-0.306375E-01,0,0.499334E-02,-16.9025,0,1.63046,28.2164,1,10.7368,5.74949,1,1.41713,0.635390,1,0.241777,0.601838,4.32064,0.152856,0.972943E-01,-0.208756E-09,-0.163412E-11,17.5282,435.488,436.978,0.300000,0,137.209,3.40896,3.42062,0.350000,0,288.552,288.240,96559.5,1.16557,1007.26,0.248450E-01,0.411732E-01,0.247251E-02,328.900,1709.97,0.212128E-02,19.2342,1381.07,264.914,1.60967,-0.622029,0.367731E-01,1.72607,0.113052E-12,-0.119097E-13,1.72607,4.95756,207.834,338.872,1.22075,-9999,0.162128,0.404704,21.4265,0.938090E-01,-0.599030,0.887998E-01,0,-9999,-9999,-9999,-9999,-9999,-9999,-9999,-0.302362E-01,1.01327,-15.1195,1.02812,22.2281,1.27877,4.96455,1.27877,0.500542,1.27877,800000099,800000099,800000099,800000099,800000099,801101099,800100199,800110199,80100,80100,80,81,10,7,13,9,0,0,0.365498,0.401805,0.421049E-01,0.459708E-01,0.276293E-01,787.624,-0.128782E-01,0.496455E-02,0.500542,16.0000,0.276667,249.997,62.4837,5.86330,97970.2,1.25139
CH-CHA_201201081400.csv,2012-01-08,19:30,8.8123,0,36000,36000,-0.319078E-01,1,0.495531E-02,-14.7481,0,1.82475,9.37248,1,2.52623,2.14553,1,0.718320,0.211054,1,0.568870E-01,-0.653889E-03,4.88825,-0.727704,0.110076,0.908787E-10,0.117239E-11,16.9757,422.032,424.342,0.200000,0,218.996,5.44445,5.47425,0.200000,0,288.738,288.240,96559.5,1.16468,1008.36,0.248610E-01,0.136763E-01,0.394630E-02,524.946,1709.87,0.338831E-02,30.7010,1184.92,271.078,1.54239,1.08440,0.563542E-01,1.88628,-0.242003E-12,0.535347E-14,1.88628,4.75586,152.529,35.1097,1.71201,-9999,0.165518,0.809781,26.1379,0.768998E-01,-1.57355,0.758697E-01,0,-9999,-9999,-9999,-9999,-9999,-9999,-9999,-0.314995E-01,1.01296,-13.9133,1.02766,7.66531,1.27134,2.19939,1.27134,0.172611,1.27134,800000099,800000099,800000099,800000099,800000099,800101099,800110199,800110199,80000,80000,80,81,14,12,10,2,13,0,0.905011,0.665279,0.492716E-01,0.711448E-01,0.132330E-01,64.0578,-0.118470E-01,0.219939E-02,0.172611,16.0000,0.265556,249.000,56.2500,5.83276,97972.8,1.25028
CH-CHA_201201081400.csv,2012-01-08,20:00,8.8331,0,36000,36000,-0.495348E-01,2,0.665233E-02,-26.8981,0,2.25425,14.2342,0,1.65707,3.13171,0,0.381414,0.320704,0,0.373346E-01,0.875161,-0.187882,-0.281443E-01,-0.423308E-02,-0.126314E-09,-0.160803E-11,16.9224,421.510,423.785,0.350000,0,215.430,5.36602,5.39497,0.350000,0,289.289,288.797,96559.5,1.16247,1008.33,0.249085E-01,0.207816E-01,0.388204E-02,517.397,1772.19,0.333949E-02,29.1954,1254.79,270.882,2.20560,-1.49182,0.127092E-01,2.66277,-0.344452E-12,-0.746429E-14,2.66277,7.89655,227.663,325.926,0.273468,-9999,0.206426,2.00327,27.8000,0.723021E-01,-1.88968,0.111166,0,22.0999,-3.35375,7.58619,18.8907,28.8095,40.4057,60.5351,-0.488474E-01,1.01407,-25.4381,1.03070,11.6261,1.28312,3.38345,1.28312,0.261942,1.28312,800000099,800000099,800000099,800000099,800000099,800100099,800100199,810110199,81100,81100,80,81,6,6,9,11,18,7,2.14293,1.76458,0.990325E-01,0.710292E-01,0.230112E-02,24.2774,-0.217021E-01,0.338345E-02,0.261942,15.9977,0.258889,249.000,56.2500,5.97737,97992.5,1.25428
CH-CHA_201201082000.csv,2012-01-08,20:30,8.8540,0,36000,36000,-0.631238E-01,1,0.114289E-01,-24.1304,0,1.85013,10.3413,0,0.873805,3.02321,0,0.432054,0.233003,0,0.196880E-01,0.592633E-01,-0.472435E-01,0.739002E-01,-0.106446E-02,-0.432710E-10,-0.547057E-12,16.9752,422.880,425.153,0.300000,0,214.611,5.34630,5.37504,0.300000,0,289.325,288.835,96559.5,1.16232,1008.32,0.249116E-01,0.150986E-01,0.386729E-02,515.498,1776.48,0.332721E-02,29.0180,1260.98,270.832,1.96120,-0.304431,0.436200E-01,1.98517,0.740587E-12,-0.254906E-14,1.98517,5.23310,189.524,351.177,1.25906,-9999,0.233041,1.16457,44.5868,0.450806E-01,-2.33341,0.883498E-01,0,30.3198,-4.60114,10.4078,25.9169,39.5249,55.4342,83.0506,-0.623912E-01,1.01174,-23.0448,1.02519,8.80141,1.24583,3.31899,1.24583,0.198308,1.24583,800000099,800000099,800000099,800000099,800000099,800100099,800000099,800110199,81100,81100,80,81,12,2,10,2,9,8,1.33073,0.941166,0.572501E-01,0.490904E-01,0.311112E-02,6.70609,-0.196629E-01,0.331899E-02,0.198308,16.0000,0.304444,249.000,56.2500,5.86740,98000.7,1.25264
CH-CHA_201201082000.csv,2012-01-08,21:00,8.8748,0,36000,36000,0.309535E-01,1,0.946437E-02,-19.4089,0,2.43867,7.45688,0,0.934397,3.34114,0,0.615762,0.168014,0,0.210533E-01,0.300068E-02,0.380992E-01,0.499248E-01,0.858428E-03,-0.786532E-10,-0.995162E-12,17.0122,423.805,426.090,0.300000,0,215.247,5.36220,5.39111,0.300000,0,289.329,288.837,96559.5,1.16231,1008.33,0.249119E-01,0.108873E-01,0.387875E-02,517.029,1776.70,0.333711E-02,29.1006,1259.67,270.872,1.36383,-0.413824,0.244772E-01,1.42544,0.168441E-13,-0.462335E-14,1.42544,3.68231,203.079,343.121,0.983916,-9999,0.163190,0.536566,19.0351,0.105594,-2.60281,0.101480,0,-9999,-9999,-9999,-9999,-9999,-9999,-9999,0.305350E-01,1.01371,-18.5269,1.02863,6.18104,1.28857,3.29470,1.28857,0.139268,1.28857,800000099,800000099,800000099,800000099,800000099,800101099,800100199,801110199,81100,81100,80,81,1,2,8,3,3,14,0.639005,0.398474,0.356530E-01,0.595565E-01,0.450850E-02,6.09306,-0.158080E-01,0.329470E-02,0.139268,16.0000,0.183333,249.000,56.2500,5.75193,98033.5,1.24980
CH-CHA_201201082000.csv,2012-01-08,21:30,8.8956,0,36000,36000,-0.302881E-01,0,0.304107E-02,-20.1167,0,1.26792,11.6238,0,0.681372,3.52436,0,0.340258,0.261915,0,0.153531E-01,0.836402E-01,-0.423221E-01,0.861564E-01,-0.953626E-03,0.811924E-10,0.102006E-11,17.0732,425.402,427.687,0.350000,0,214.499,5.34453,5.37325,0.350000,0,289.380,288.890,96559.5,1.16210,1008.32,0.249163E-01,0.169721E-01,0.386528E-02,515.328,1782.77,0.332611E-02,28.9060,1267.44,270.828,1.99719,-0.963669,0.480849E-01,2.21805,-0.175880E-13,0.475554E-14,2.21805,4.00376,213.475,334.242,1.24221,-9999,0.161441,0.262863,17.7810,0.113042,-1.73064,0.106341,0,-9999,-9999,-9999,-9999,-9999,-9999,-9999,-0.298382E-01,1.01508,-18.9583,1.03236,9.26629,1.30878,3.38309,1.30878,0.208793,1.30878,800000099,800000099,800000099,800000099,800000099,800000099,800000199,800010199,80000,80000,80,80,10,5,6,0,1,1,0.267125,0.214662,0.439389E-01,0.319291E-01,0.318719E-02,6.13477,-0.161792E-01,0.338309E-02,0.208793,15.9981,0.296667,249.000,56.2500,5.88110,98073.9,1.25177
CH-CHA_201201082000.csv,2012-01-08,22:00,8.9165,0,36000,36000,-0.394947E-01,0,0.553121E-02,-15.9978,0,1.31139,-10.9660,2,6.95579,9.77852,0,2.68326,-0.247098,2,0.156735,0.386800E-01,-0.406055,0.245599,-0.914969E-02,-0.343613E-09,-0.413576E-11,17.2553,429.953,432.190,0.500000,0,207.687,5.17496,5.20188,9.95000,0,289.389,288.915,96559.5,1.16208,1008.23,0.249171E-01,-0.160120E-01,0.374252E-02,499.004,1785.59,0.322054E-02,27.9461,1286.59,270.394,1.60184,-1.10071,0.132976E-01,1.94361,-0.375484E-13,-0.199134E-13,1.94361,4.04353,221.782,325.505,0.392004,-9999,0.184354,0.284811,33.2934,0.603724E-01,1.45885,0.740650E-01,0,-9999,-9999,-9999,-9999,-9999,-9999,-9999,-0.390070E-01,1.01250,-16.1089,1.02676,-8.30181,1.26162,8.48122,1.26162,-0.187066,1.26162,800000099,800000099,800000099,800000099,800001199,800001199,800010199,800110199,81100,81100,80,80,14,11,4,9,0,5,0.283301,0.225922,0.603978E-01,0.227642E-01,0.928529E-01,245.545,-0.137490E-01,0.848122E-02,-0.187066,16.0000,0.226667,249.034,56.4648,6.05400,98092.6,1.25313
CH-CHA_201201082000.csv,2012-01-08,22:30,8.9373,0,36000,36000,-0.385037E-01,1,0.438919E-02,-18.5456,0,1.11629,14.2184,0,0.831985,1.80322,0,0.191317,0.320394,0,0.187477E-01,0.448038E-01,0.275074,-0.341086,0.619845E-02,-0.547163E-10,-0.683239E-12,16.9993,423.631,425.884,0.350000,0,212.269,5.28985,5.31798,0.350000,0,289.429,288.943,96559.5,1.16191,1008.29,0.249205E-01,0.207615E-01,0.382509E-02,510.065,1788.86,0.329207E-02,28.5135,1278.79,270.689,1.09100,-2.40163,-0.122315E-01,2.63785,-0.322086E-12,-0.321874E-14,2.63785,5.77295,251.467,294.431,-0.265678,-9999,0.182039,0.595030,27.6516,0.726901E-01,-1.30434,0.869595E-01,0,-9999,-9999,-9999,-9999,-9999,-9999,-9999,-0.379721E-01,1.01400,-17.3343,1.03053,11.4334,1.28215,2.02707,1.28215,0.257637,1.28215,800000099,800000099,800000099,800000099,800000099,800000099,800000199,800110199,81100,81100,80,81,38,8,3,0,18,1,0.536277,0.585135,0.686472E-01,0.340875E-01,0.125319E-02,11.6574,-0.147961E-01,0.202707E-02,0.257637,16.0000,0.227778,249.000,56.2500,6.10728,98099.7,1.25360
CH-CHA_201201082000.csv,2012-01-08,23:00,8.9581,0,36000,36000,-0.448332E-01,0,0.482062E-02,-17.3966,0,1.22201,10.5664,0,0.718121,1.65518,0,0.176276,0.238101,0,0.161820E-01,0.558022E-02,0.108172,-0.392939E-01,0.243752E-02,-0.538467E-10,-0.679290E-12,16.9696,422.903,425.171,0.400000,0,214.077,5.33503,5.36365,0.400000,0,289.436,288.947,96559.5,1.16188,1008.32,0.249211E-01,0.154290E-01,0.385766E-02,514.414,1789.26,0.332020E-02,28.7501,1274.85,270.804,0.901171,-2.18365,-0.354008E-01,2.36256,-0.420390E-13,-0.317312E-14,2.36256,6.83928,254.544,292.425,-0.858559,-9999,0.196435,0.511633,37.0397,0.542661E-01,-1.64640,0.755938E-01,0,-9999,-9999,-9999,-9999,-9999,-9999,-9999,-0.442733E-01,1.01265,-16.4313,1.02750,8.72608,1.26040,1.92536,1.26040,0.196632,1.26040,800000099,800000099,800000099,800000099,800100099,810100099,800100199,800110199,81100,81100,80,80,34,24,18,0,5,0,0.513794,0.448049,0.614238E-01,0.394921E-01,0.106492E-02,9.40485,-0.140254E-01,0.192536E-02,0.196632,15.9965,0.231667,249.000,56.2500,6.10156,98099.7,1.25327
CH-CHA_201201082000.csv,2012-01-08,23:30,8.9790,0,36000,36000,-0.332566E-01,1,0.385923E-02,-16.2363,0,1.16557,11.0274,0,0.759741,1.77714,0,0.179141,0.248495,0,0.171202E-01,0.285829E-01,0.126600E-01,-0.964202E-02,0.285283E-03,0.146353E-09,0.184890E-11,16.9614,422.724,424.994,0.400000,0,214.275,5.34032,5.36899,0.400000,0,289.455,288.965,96559.5,1.16180,1008.32,0.249228E-01,0.161025E-01,0.386123E-02,514.923,1791.35,0.332349E-02,28.7450,1276.42,270.817,0.845542,-2.29683,-0.284192E-01,2.44769,-0.109122E-13,0.862863E-14,2.44769,5.50819,256.249,290.210,-0.665254,-9999,0.169189,0.563691,25.3573,0.792672E-01,-1.47236,0.819190E-01,0,-9999,-9999,-9999,-9999,-9999,-9999,-9999,-0.327987E-01,1.01396,-15.2472,1.03028,8.89629,1.28421,1.93565,1.28421,0.200471,1.28421,800000099,800000099,800000099,800000099,800000099,800100099,800000199,800000199,80000,80000,80,80,13,6,4,2,5,4,0.491294,0.574264,0.618245E-01,0.382794E-01,0.970436E-03,9.15930,-0.130155E-01,0.193565E-02,0.200471,16.0000,6.71722,249.000,56.2500,6.10087,98100.1,1.25353
CH-CHA_201201082000.csv,2012-01-09,00:00,9.0000,0,36000,36000,-0.289112E-01,0,0.430118E-02,-14.9275,0,1.33671,9.78305,0,0.835595,2.29662,0,0.283304,0.220438,0,0.188282E-01,-0.110234,0.128319,0.394782E-01,0.289137E-02,0.734422E-11,0.935495E-13,16.9946,423.456,425.752,0.450000,0,216.474,5.39391,5.42316,0.400000,0,289.390,288.895,96559.5,1.16206,1008.35,0.249171E-01,0.142844E-01,0.390086E-02,520.081,1783.31,0.335685E-02,29.1638,1263.23,270.952,0.779632,-1.64721,-0.169319E-01,1.82247,-0.595443E-13,0.432151E-15,1.82247,4.06796,249.439,295.328,-0.532323,-9999,0.157732,0.379416,22.3482,0.899400E-01,-1.52586,0.807663E-01,0,-9999,-9999,-9999,-9999,-9999,-9999,-9999,-0.285283E-01,1.01342,-14.0583,1.02855,7.92582,1.28113,2.30486,1.28113,0.178590,1.28113,800000099,800000099,800000099,800000099,800000099,800000099,800100199,800110199,80100,80100,80,80,3,3,4,0,0,0,0.393064,0.327886,0.378826E-01,0.419076E-01,0.203341E-02,9.94217,-0.119976E-01,0.230486E-02,0.178590,16.0000,13.0617,249.000,56.2500,6.09424,98100.3,1.25220
CH-CHA_201201082000.csv,2012-01-09,00:30,9.0208,0,36000,36000,-0.403181E-01,0,0.378547E-02,-15.6745,0,1.32140,9.24978,0,0.754279,3.00759,0,0.415991,0.208421,0,0.169958E-01,-0.941752E-02,-0.412226E-01,0.271832E-01,-0.928850E-03,-0.185232E-09,-0.234913E-11,17.0152,423.959,426.251,0.400000,0,215.789,5.37669,5.40576,0.400000,0,289.382,288.889,96559.5,1.16209,1008.34,0.249165E-01,0.135057E-01,0.388851E-02,518.424,1782.63,0.334613E-02,29.0820,1264.20,270.909,1.66974,-1.13869,0.186878E-01,2.02113,-0.820752E-13,-0.108862E-13,2.02113,5.10825,221.708,325.708,0.529775,-9999,0.186264,0.415604,35.0486,0.573489E-01,-1.69458,0.718151E-01,0,-9999,-9999,-9999,-9999,-9999,-9999,-9999,-0.398282E-01,1.01230,-14.8327,1.02642,7.67227,1.25694,2.94941,1.25694,0.172876,1.25694,800000099,800001199,800000099,800000099,800000099,800000099,800000199,800010199,81100,81100,80,80,10,5,4,21,4,19,0.341582,0.426419,0.632076E-01,0.234039E-01,0.246476E-02,4.65568,-0.126582E-01,0.294941E-02,0.172876,15.9961,5.93167,249.000,56.2500,5.99793,98106.7,1.25007
CH-CHA_201201082000.csv,2012-01-09,01:00,9.0416,0,36000,36000,-0.262786E-01,1,0.476326E-02,-6.93565,0,0.811343,3.94473,0,0.465991,1.58496,0,0.253606,0.888839E-01,0,0.104998E-01,-0.174410E-01,0.922796E-02,0.141111E-01,0.207927E-03,0.112679E-09,0.142915E-11,17.0264,424.221,426.516,0.450000,0,215.952,5.38055,5.40965,0.450000,0,289.371,288.878,96559.5,1.16214,1008.34,0.249155E-01,0.575968E-02,0.389145E-02,518.795,1781.36,0.334853E-02,29.1236,1262.56,270.919,0.594876,-1.24795,-0.137428E-01,1.38255,-0.126129E-12,0.661792E-14,1.38255,4.81145,248.050,295.486,-0.569538,-9999,0.150374,0.453090,41.6779,0.482270E-01,-1.75820,0.393596E-01,0,-9999,-9999,-9999,-9999,-9999,-9999,-9999,-0.259803E-01,1.01148,-6.58558,1.02369,3.32328,1.23971,1.52952,1.23971,0.748813E-01,1.23971,800000099,800000099,800000099,800000099,800000099,800000099,800110199,801110199,81100,81100,80,81,2,3,7,1,3,4,0.516519,0.362513,0.271470E-01,0.331568E-01,0.200775E-02,6.89368,-0.561992E-02,0.152952E-02,0.748813E-01,16.0000,0.360000,249.000,56.2500,5.91256,98152.4,1.24841
CH-CHA_201201082000.csv,2012-01-09,01:30,9.0624,0,36000,36000,-0.105164E-01,1,0.108727E-02,-9.48811,0,1.25038,4.25983,0,0.551456,2.53494,0,0.606523,0.959870E-01,0,0.124260E-01,0.528465E-01,-0.738644E-01,0.193620,-0.166439E-02,0.244580E-10,0.305844E-12,17.1686,427.809,430.110,0.500000,0,214.690,5.34970,5.37847,0.450000,0,289.402,288.912,96559.5,1.16201,1008.32,0.249182E-01,0.621996E-02,0.386872E-02,515.826,1785.20,0.332933E-02,28.8945,1269.38,270.841,1.09180,-0.271004,0.290951E-01,1.12530,0.144276E-12,0.142458E-14,1.12530,2.88205,204.216,346.060,1.48157,-9999,0.951325E-01,0.269367,7.71399,0.260566,-2.22734,0.851216E-01,0,-9999,-9999,-9999,-9999,-9999,-9999,-9999,-0.103190E-01,1.01914,-8.94823,1.03953,3.21424,1.40130,2.12313,1.40130,0.724267E-01,1.40130,800000099,800000099,800000099,800000099,800000099,800100099,800110099,810110199,80100,80100,80,81,8,1,2,1,11,3,0.173856,0.347998,0.168799E-01,0.402385E-01,0.109802E-01,4.94764,-0.763705E-02,0.212313E-02,0.724267E-01,15.9981,0.427778,249.000,56.2500,5.86315,98179.7,1.24768
CH-CHA_201201082000.csv,2012-01-09,02:00,9.0833,0,36000,36000,-0.156980E-01,1,0.230353E-02,-10.1160,1,0.707730,3.69314,1,0.258447,2.14641,1,0.184223,0.831894E-01,1,0.582162E-02,-0.554330,0.213550,0.642651E-01,0.481030E-02,-0.408021E-10,-0.517280E-12,17.2369,428.999,431.345,0.250000,0,218.525,5.43875,5.46849,0.250000,0,289.057,288.559,96559.5,1.16340,1008.36,0.248885E-01,0.539067E-02,0.393782E-02,524.397,1745.28,0.338476E-02,30.0466,1220.88,271.064,1.48938,0.608857,0.749558E-01,1.61077,-0.654915E-13,-0.236714E-14,1.61077,3.33888,164.690,22.2347,2.66718,-9999,0.116161,0.121353,13.1717,0.152600,-2.73914,0.742345E-01,0,-9999,-9999,-9999,-9999,-9999,-9999,-9999,-0.154550E-01,1.01572,-9.62860,1.03311,2.98080,1.32951,1.97508,1.32951,0.671436E-01,1.32951,800000099,800000099,800000099,800000099,800000099,800000099,800000199,810100199,80100,80100,80,81,8,10,5,11,11,11,0.167102,0.602565E-01,0.153463E-01,0.272521E-01,0.220459E-02,2.30066,-0.820764E-02,0.197508E-02,0.671436E-01,16.0000,0.364444,249.000,56.2500,5.45201,98200.4,1.24035
CH-CHA_201201090200.csv,2012-01-09,02:30,9.1041,0,36000,36000,-0.245808E-01,1,0.252298E-02,-13.5581,1,1.08530,2.87492,1,0.255903,2.60808,1,0.346551,0.647537E-01,1,0.576388E-02,-0.122193,-0.944299E-01,0.577607E-01,-0.212691E-02,-0.309049E-10,-0.388002E-12,17.2847,430.068,432.403,0.300000,0,217.005,5.39939,5.42870,0.300000,0,288.975,288.481,96559.5,1.16373,1008.34,0.248814E-01,0.419604E-02,0.391042E-02,520.608,1736.59,0.336026E-02,29.9788,1215.98,270.966,1.44449,0.394435,0.808104E-01,1.49956,-0.770259E-13,-0.178799E-14,1.49956,2.98749,169.171,15.2730,3.08914,-9999,0.145336,0.200569,19.2482,0.104425,-4.71599,0.795000E-01,0,-9999,-9999,-9999,-9999,-9999,-9999,-9999,-0.242474E-01,1.01375,-13.0487,1.02883,2.51678,1.28946,2.53792,1.28946,0.566871E-01,1.28946,800000099,800000099,800000099,800000099,800000099,800000099,800100099,801110199,80000,80000,80,81,3,9,2,0,0,3,0.166160,0.218310,0.166682E-01,0.446341E-01,0.483634E-02,1.96109,-0.111201E-01,0.253792E-02,0.566871E-01,16.0000,0.385556,249.000,56.2500,5.24744,98226.9,1.23773
CH-CHA_201201090200.csv,2012-01-09,03:00,9.1249,0,36000,36000,-0.580091E-02,1,0.136287E-02,-3.06635,1,1.45965,-0.919092,1,0.232469,1.76791,1,0.538674,-0.206968E-01,1,0.523492E-02,-0.356748,0.423529E-01,0.188544,0.953736E-03,-0.651441E-10,-0.813938E-12,17.4384,433.555,435.916,8.60000,0,217.884,5.41702,5.44653,-1.00000,0,288.750,288.254,96559.5,1.16463,1008.35,0.248620E-01,-0.134116E-02,0.392626E-02,522.306,1711.45,0.337124E-02,30.5184,1189.14,271.010,0.363371,0.879647,0.540026E-01,0.953275,-0.631176E-13,-0.373566E-14,0.953275,1.90612,120.216,67.5551,3.24752,-9999,0.705753E-01,0.812922E-01,9.74557,0.206248,3.33628,0.369973E-01,0,-9999,-9999,-9999,-9999,-9999,-9999,-9999,-0.570115E-02,1.01750,-3.00211,1.03577,-0.605577,1.36478,1.41769,1.36478,-0.136369E-01,1.36478,800000099,800000099,800000099,800000099,800000099,800100099,800100099,811100199,80000,80000,80,81,1,2,3,0,3,9,0.858330E-01,0.711164E-01,0.563505E-02,0.111278,0.214348E-01,4.20437,-0.255640E-02,0.141769E-02,-0.136369E-01,15.9981,0.355556,249.000,56.2500,4.88041,98267.7,1.23131
CH-CHA_201201090200.csv,2012-01-09,03:30,9.1458,0,36000,36000,0.485692E-02,1,0.237360E-02,-3.53978,1,3.03726,0.578564,1,0.265916,0.739876,2,1.23747,0.130260E-01,1,0.598694E-02,-0.314676,-0.534994E-01,0.230983,-0.120451E-02,0.170720E-09,0.210358E-11,17.6225,437.823,440.198,10.0000,0,217.140,5.39476,5.42403,9.30000,0,288.547,288.054,96559.5,1.16545,1008.33,0.248446E-01,0.844088E-03,0.391287E-02,520.163,1689.55,0.335738E-02,30.7870,1169.39,270.954,0.390220E-01,0.298284,0.195667E-01,0.301461,-0.232315E-12,0.968763E-14,0.301461,1.66093,81.9969,82.5468,3.72146,-9999,0.645555E-01,0.197935,6.46084,0.311105,-6.11823,0.466602E-01,0,-9999,-9999,-9999,-9999,-9999,-9999,-9999,0.474488E-02,1.02361,-3.36666,1.04442,0.470872,1.43627,0.639475,1.43627,0.106014E-01,1.43627,800000099,800000099,800000099,800000099,800100099,801100199,811110199,811110199,81100,81100,80,81,0,3,0,3,9,6,0.174156,0.215435,0.627978E-02,0.236597,0.752872E-01,4.10568,-0.286485E-02,0.639475E-03,0.106014E-01,15.9977,0.392222,249.000,56.2500,4.53565,98294.1,1.22624
CH-CHA_201201090200.csv,2012-01-09,04:00,9.1666,0,36000,36000,-0.240230E-01,1,0.150845E-02,-2.63478,2,1.93154,1.54118,1,0.548378,5.51674,1,1.83700,0.346802E-01,1,0.123398E-01,-0.882914,0.370884E-01,0.185284,0.834575E-03,-0.180189E-09,-0.220935E-11,17.7945,441.241,443.641,9.95000,0,218.183,5.41016,5.43959,9.95000,0,287.988,287.494,96559.5,1.16772,1008.32,0.247964E-01,0.224728E-02,0.393166E-02,521.645,1629.55,0.336696E-02,32.0117,1107.90,270.993,-0.192052,0.321158,0.281454E-01,0.375258,-0.650533E-13,-0.101261E-13,0.375258,1.71085,65.6290,120.879,4.30138,-9999,0.143432,0.279244,95.2033,0.211127E-01,-1.70958,0.156013E-01,0,-9999,-9999,-9999,-9999,-9999,-9999,-9999,-0.236659E-01,1.01509,-2.50092,1.02273,1.32531,1.21355,4.64749,1.21355,0.298225E-01,1.21355,800000099,800100099,800000099,800000099,800000099,810000099,811110199,811110199,81100,81100,80,81,0,2,1,8,4,6,0.501240E-01,0.504011,0.435290E-02,0.887220E-01,0.123236,5.53147,-0.212404E-02,0.464749E-02,0.298225E-01,16.0000,0.393333,249.000,56.2500,4.38465,98299.7,1.22145
CH-CHA_201201090200.csv,2012-01-09,04:30,9.1874,0,36000,36000,-0.150912E-01,1,0.277465E-02,-3.57623,1,1.12754,0.252428E-02,2,0.161615,4.70607,1,1.02694,0.567958E-04,2,0.363632E-02,-0.183939,0.117424,0.405602,0.264202E-02,-0.330470E-09,-0.402032E-11,18.1032,448.718,451.181,-0.600000,0,220.233,5.45887,5.48883,-1.00000,0,287.875,287.377,96559.5,1.16817,1008.35,0.247867E-01,0.368037E-05,0.396861E-02,526.333,1617.29,0.339729E-02,32.5443,1090.95,271.114,0.205060,0.227742,0.264892E-01,0.307600,0.911819E-13,-0.182548E-13,0.307600,1.11964,139.283,48.0000,4.94018,-9999,0.113660,0.122017,34.9031,0.575880E-01,-1416.73,0.267116E-01,0,-9999,-9999,-9999,-9999,-9999,-9999,-9999,-0.148387E-01,1.01701,-3.48561,1.02627,0.849860E-01,1.24632,3.92940,1.24632,0.191217E-02,1.24632,800000099,800100099,800000099,800000099,800000099,800000199,811110199,811110199,81100,81100,80,81,0,4,0,0,0,2,0.219005,0.224149E-01,0.261442E-02,0.498938E-01,0.546104E-01,2.25074,-0.295912E-02,0.392940E-02,0.191217E-02,15.9938,0.380556,249.000,56.2500,4.62171,98298.8,1.22179
CH-CHA_201201090200.csv,2012-01-09,05:00,9.2082,0,36000,36000,0.738554E-03,2,0.201082E-02,-8.70487,1,2.18044,5.77971,1,0.413608,21.5717,1,1.10950,0.130061,1,0.930741E-02,0.232347,-0.147337,0.224667E-01,-0.331551E-02,-0.840082E-10,-0.100962E-11,18.1110,449.133,451.570,6.75000,0,217.659,5.39771,5.42700,2.20000,0,288.017,287.525,96559.5,1.16760,1008.32,0.247990E-01,0.842794E-02,0.392221E-02,520.447,1632.79,0.335922E-02,31.8746,1112.35,270.962,-0.397097E-01,0.274257,0.110014E-01,0.277336,0.296752E-13,-0.463853E-14,0.277336,1.90602,116.894,98.2386,2.27341,-9999,0.251504E-01,0.320729,0.155358,12.9379,-1.50611,0.293986,0,-9999,-9999,-9999,-9999,-9999,-9999,-9999,0.582902E-03,1.26703,-5.70005,1.51569,0.880696,6.80971,3.22762,6.80971,0.198183E-01,6.80971,800000099,800000099,800000099,800000099,800100099,810100099,810110199,811110199,81100,81100,80,81,11,0,5,1,11,4,0.446591,0.187903,0.696238E-02,0.125829,0.451867E-01,3.29483,-0.484159E-02,0.322762E-02,0.198183E-01,16.0000,0.313333,249.000,56.2500,4.48123,98299.8,1.22027
CH-CHA_201201090200.csv,2012-01-09,05:30,9.2291,0,36000,36000,-0.857363E-02,2,0.347924E-02,-0.385943,2,0.486153,0.276149,1,0.271012,-0.934995,1,0.790853,0.621416E-02,1,0.609855E-02,-0.794748E-02,-0.124193,-0.127019E-01,-0.279471E-02,0.277474E-10,0.330458E-12,18.1021,448.898,451.311,9.90000,0,215.587,5.34616,5.37490,6.45000,0,288.008,287.520,96559.5,1.16764,1008.29,0.247981E-01,0.402677E-03,0.388488E-02,515.485,1632.26,0.332712E-02,31.5810,1116.78,270.832,0.505669E-01,0.477712,0.246686E-01,0.481014,0.176385E-12,0.153283E-14,0.481014,2.21396,96.8790,83.9576,2.93968,-9999,0.856895E-01,0.331025,138.586,0.145037E-01,-1.39759,0.382561E-02,0,-9999,-9999,-9999,-9999,-9999,-9999,-9999,-0.846008E-02,1.01342,-0.364248,1.02144,0.236658,1.20680,-0.759981,1.20680,0.532550E-02,1.20680,800000099,800001199,800000099,800000099,800000099,800000099,811100099,811110199,81100,81100,80,80,0,3,9,3,5,21,0.404611,0.251980,0.545974E-02,0.137981,0.457090E-01,2.61361,-0.309387E-03,-0.759981E-03,0.532550E-02,15.9981,0.454444,249.000,56.2500,4.17845,98300.2,1.21958
CH-CHA_201201090200.csv,2012-01-09,06:00,9.2499,0,36000,36000,-0.290739E-01,1,0.410050E-02,4.63671,2,2.15343,-0.600085,1,0.342217,1.83929,1,1.16455,-0.135005E-01,1,0.769909E-02,-0.377380,0.159733E-01,0.164363,0.359362E-03,-0.507738E-10,-0.601382E-12,18.2394,451.928,454.360,8.50000,0,216.034,5.35278,5.38159,-1.00000,0,287.769,287.280,96559.5,1.16861,1008.29,0.247775E-01,-0.874835E-03,0.389293E-02,516.123,1607.17,0.333125E-02,32.1137,1091.05,270.849,-0.289941,-0.155944,0.171236E-01,0.329663,0.136003E-12,-0.278374E-14,0.329663,2.32691,359.232,208.273,2.97744,-9999,0.157731,0.361755,-71.9445,-0.279382E-01,-7.72675,-0.249481E-01,0,-9999,-9999,-9999,-9999,-9999,-9999,-9999,-0.283600E-01,1.02517,4.48240,1.02769,-0.616594,1.18134,1.35062,1.18134,-0.138720E-01,1.18134,800000099,800001199,800000099,800000099,800000099,800000099,811100099,811110199,81100,81100,80,81,28,0,3,0,0,2,0.321934,0.396697,0.487912E-02,0.117069,0.554456E-01,2.52062,0.380414E-02,0.135062E-02,-0.138720E-01,15.9953,0.516667,249.000,56.2500,4.21261,98304.1,1.21773
CH-CHA_201201090200.csv,2012-01-09,06:30,9.2707,0,36000,36000,-0.116698E-01,1,0.265696E-02,-1.89602,2,2.19835,-2.30611,1,0.432306,4.92364,1,1.30066,-0.518706E-01,1,0.972371E-02,-0.368496,-0.204167,0.823606E-01,-0.459225E-02,-0.808296E-10,-0.939098E-12,18.3160,453.444,455.846,10.0000,0,212.799,5.26822,5.29612,10.0000,0,287.527,287.047,96559.5,1.16960,1008.24,0.247567E-01,-0.336122E-02,0.383465E-02,507.983,1583.02,0.327860E-02,32.0895,1075.04,270.634,-0.254145,0.105854E-01,0.767514E-02,0.254481,0.320023E-13,-0.441306E-14,0.254481,1.96576,28.1471,177.615,1.72830,-9999,0.998882E-01,0.220023,44.6837,0.449829E-01,0.822170,0.160964E-01,0,-9999,-9999,-9999,-9999,-9999,-9999,-9999,-0.114582E-01,1.01847,-1.95893,1.02637,-1.80813,1.23940,4.07434,1.23940,-0.406697E-01,1.23940,800000099,800000099,800000099,800000099,800001199,800111199,811110199,811110199,81100,81100,80,81,0,3,8,0,11,74,0.296278,0.139767,0.400013E-02,0.209835,0.980656E-01,4.80546,-0.166119E-02,0.407434E-02,-0.406697E-01,16.0000,0.268889,249.000,56.2500,3.80431,98327.0,1.20985
CH-CHA_201201090200.csv,2012-01-09,07:00,9.2916,0,36000,36000,-0.392470E-01,1,0.414088E-02,-18.9087,1,4.15267,-7.36465,1,0.993239,9.38245,1,2.26969,-0.165633,1,0.223382E-01,-0.173991,-0.380833,0.275670,-0.856504E-02,-0.734713E-10,-0.818900E-12,18.5290,458.518,460.874,6.60000,0,206.521,5.11057,5.13682,4.90000,0,287.402,286.937,96559.5,1.17012,1008.15,0.247460E-01,-0.107330E-01,0.372151E-02,492.806,1571.74,0.318046E-02,31.3543,1078.93,270.226,0.231402,0.218174,0.393301E-01,0.320458,-0.855758E-13,-0.396521E-14,0.320458,1.68967,152.012,43.3146,7.04974,-9999,0.183142,0.388147,27.6148,0.727871E-01,2.56749,0.875222E-01,0,-9999,-9999,-9999,-9999,-9999,-9999,-9999,-0.385906E-01,1.01701,-18.7596,1.02735,-5.40895,1.25978,8.32951,1.25978,-0.121649,1.25978,800000099,800000099,800000099,800000099,800000099,801101199,811100199,811100199,81100,81100,80,81,2,1,1,0,8,37,0.212762,0.557578,0.595525E-02,0.270884,0.124553,9.70379,-0.159026E-01,0.832951E-02,-0.121649,15.9981,0.363333,249.000,56.2500,2.91456,98353.0,1.20201
CH-CHA_201201090200.csv,2012-01-09,07:30,9.3124,0,36000,36000,-0.177430E-01,1,0.211687E-02,0.680053,2,1.16158,1.53813,2,0.481387,1.90174,1,1.62848,0.345814E-01,2,0.108229E-01,-0.552647,-0.251499,0.185077,-0.565440E-02,0.168857E-09,0.183019E-11,18.6898,461.921,464.245,10.0000,0,202.574,5.00663,5.03182,-1.00000,0,287.043,286.587,96559.5,1.17159,1008.09,0.247151E-01,0.224088E-02,0.365038E-02,482.799,1536.39,0.311576E-02,31.4243,1053.59,269.951,-0.149729,-0.134794,0.856250E-02,0.201647,-0.163201E-12,0.903469E-14,0.201647,1.33450,8.52037,221.995,2.43367,-9999,0.123063,0.204433,-232.949,-0.862850E-02,0.442130,-0.467890E-02,0,-9999,-9999,-9999,-9999,-9999,-9999,-9999,-0.171263E-01,1.03601,0.734108,1.03491,1.26823,1.19248,1.54991,1.19248,0.285132E-01,1.19248,800000099,800100099,800000099,800000099,800000099,800100199,811110199,811110199,81100,81100,80,81,0,0,17,2,3,15,0.146309,0.259710,0.284597E-02,0.123191,0.134721,6.65567,0.621565E-03,0.154991E-02,0.285132E-01,15.9981,0.327778,249.000,56.2500,2.71783,98359.6,1.19664
CH-CHA_201201090200.csv,2012-01-09,08:00,9.3332,0,36000,36000,0.260184E-02,2,0.180250E-02,-2.35077,1,1.09332,-1.52106,1,0.211456,5.22670,1,1.53701,-0.341895E-01,1,0.475298E-02,-0.395497,-0.254666,0.185580,-0.572421E-02,0.228568E-11,0.240760E-13,18.8448,465.329,467.621,10.0000,0,198.500,4.90149,4.92564,10.0000,0,286.783,286.337,96559.5,1.17266,1008.02,0.246927E-01,-0.221548E-02,0.357697E-02,472.676,1511.55,0.305031E-02,31.2710,1038.87,269.667,0.241823,0.531117,0.254931E-01,0.584135,0.216962E-13,0.121290E-15,0.584135,1.89325,116.436,65.5197,2.50132,-9999,0.471037E-01,0.143853,3.77895,0.531894,1.54548,0.422195E-01,0,-9999,-9999,-9999,-9999,-9999,-9999,-9999,0.252865E-02,1.02895,-2.27887,1.05850,-0.912211,1.59205,3.37519,1.59205,-0.205041E-01,1.59205,800000099,800100099,800000099,800000099,800000099,800001099,811110199,811110199,80000,80000,80,81,0,5,0,1,0,6,0.193642,0.910722E-01,0.299106E-02,0.839737E-01,0.208593,2.13134,-0.192787E-02,0.337519E-02,-0.205041E-01,15.9977,0.374444,249.000,56.2500,2.57810,98360.3,1.19359
CH-CHA_201201090800.csv,2012-01-09,08:30,9.3541,1,36000,36000,0.207589E-02,2,0.140622E-02,0.415831,1,0.808978,0.966838E-01,1,0.581978E-01,-1.10214,2,0.713339,0.217283E-02,1,0.130791E-02,-0.275236,-0.662332E-01,-0.612362E-03,-0.148850E-02,-0.189745E-10,-0.198756E-12,18.8560,465.318,467.597,1.10000,0,197.515,4.87417,4.89805,1.05000,0,286.606,286.164,96559.5,1.17338,1008.01,0.246775E-01,0.140800E-03,0.355922E-02,470.046,1494.48,0.303330E-02,31.4522,1024.43,269.592,-0.572356,-0.226487,0.243503E-01,0.616020,-0.496257E-13,-0.100629E-14,0.616020,1.30250,351.531,201.589,2.26540,-9999,0.420613E-01,0.914335E-01,-15.2105,-0.132146,4.30094,-0.835857E-02,0,-9999,-9999,-9999,-9999,-9999,-9999,-9999,0.204194E-02,1.01663,0.411776,1.02221,0.727914E-01,1.17343,-0.959849,1.17343,0.163589E-02,1.17343,800000099,800100099,800000099,800000099,800000099,800000099,811110199,811110199,81100,81100,80,81,0,1,2,0,0,34,0.113106,0.673758E-01,0.238556E-02,0.551923E-01,0.886919E-01,0.784298,0.348144E-03,-0.959849E-03,0.163589E-02,16.0000,0.248889,249.000,56.2500,2.77164,98384.9,1.19287
CH-CHA_201201090800.csv,2012-01-09,09:00,9.3749,1,36000,36000,-0.223241E-02,2,0.128202E-02,-1.98540,1,0.551825,-0.233652,1,0.742623E-01,3.98140,1,0.675729,-0.525017E-02,1,0.166868E-02,-0.260932,0.205172E-01,-0.299274,0.461022E-03,-0.124719E-09,-0.132432E-11,18.6442,459.828,462.084,10.0000,0,197.971,4.88263,4.90659,0.750000,0,286.442,285.999,96559.5,1.17405,1008.01,0.246633E-01,-0.340211E-03,0.356744E-02,470.860,1478.46,0.303857E-02,31.8481,1007.60,269.616,-0.445973,0.181069E-01,0.133261E-01,0.446540,0.235743E-12,-0.668944E-14,0.446540,1.56109,28.7275,177.675,1.71014,-9999,0.436056E-01,0.193704,3.54971,0.566244,8.49725,0.384728E-01,0,-9999,-9999,-9999,-9999,-9999,-9999,-9999,-0.216697E-02,1.03020,-1.88189,1.06043,-0.112521,1.60709,2.54694,1.60709,-0.252835E-02,1.60709,800000099,800100099,800000099,800000099,800000199,800100199,811110199,811110199,80000,80000,80,81,0,3,11,11,12,62,0.231003,0.155162,0.124430E-02,0.385275E-01,0.643125E-01,0.788497,-0.159016E-02,0.254694E-02,-0.252835E-02,16.0000,0.204444,249.000,56.2500,2.90773,98397.2,1.19343
CH-CHA_201201090800.csv,2012-01-09,09:30,9.3957,1,36000,36000,0.519926E-03,2,0.439593E-03,0.398345,1,0.401444,0.977793E-01,2,0.113409,0.381681,1,0.222393,0.219625E-02,2,0.254732E-02,-0.643339,0.104278,-0.152156,0.234221E-02,0.729038E-10,0.785686E-12,18.5572,457.040,459.303,4.20000,0,199.992,4.92554,4.94992,-0.600000,0,286.040,285.594,96559.5,1.17570,1008.02,0.246287E-01,0.142317E-03,0.360385E-02,474.991,1439.66,0.306528E-02,32.9933,964.669,269.732,-0.363689,0.141018,0.164139E-01,0.390417,-0.652629E-14,0.392860E-14,0.390417,1.01656,33.6383,158.807,2.40953,-9999,0.210292E-01,0.429260E-01,-1.98435,-1.01293,4.07392,-0.159835E-01,0,-9999,-9999,-9999,-9999,-9999,-9999,-9999,0.508551E-03,1.02237,0.393307,1.02585,0.736641E-01,1.17858,0.304465,1.17858,0.165459E-02,1.17858,800000099,800100099,800000099,800000099,800001099,801001099,811110199,811110199,81100,81100,80,81,0,0,0,9,31,7,0.415279E-01,0.435316E-01,0.792417E-03,0.485070E-01,0.198447E-01,6.71241,0.331867E-03,0.304465E-03,0.165459E-02,15.9977,0.257778,249.000,56.2500,3.52736,98404.8,1.19849
CH-CHA_201201090800.csv,2012-01-09,10:00,9.4166,1,36000,36000,-0.756572E-02,1,0.111686E-02,0.221028,2,0.524003,-0.906999,2,0.624304,0.965306,1,0.940804,-0.203762E-01,2,0.140253E-01,0.312595,0.620218,-0.673445,0.139336E-01,-0.919334E-10,-0.107109E-11,18.0420,444.694,447.010,8.80000,0,210.201,5.18098,5.20796,10.0000,0,286.261,285.791,96559.5,1.17478,1008.16,0.246477E-01,-0.132038E-02,0.378783E-02,499.584,1458.40,0.322429E-02,34.2556,958.819,270.410,0.132357,-0.110153,0.183194E-01,0.173169,-0.170290E-13,-0.509552E-14,0.173169,1.20271,244.127,320.231,6.07265,-9999,0.802504E-01,0.149572,-198.758,-0.101128E-01,-0.243691,-0.232548E-02,0,-9999,-9999,-9999,-9999,-9999,-9999,-9999,-0.727243E-02,1.04033,0.168033,1.03781,-0.758874,1.19706,0.804115,1.19706,-0.170485E-01,1.19706,800000099,800010099,800000099,800000099,800000099,800000099,811110199,811110199,81100,81100,80,81,2,4,3,7,0,7,0.394783E-01,0.255250,0.441530E-02,0.593611E-01,0.419190E-01,7.98566,0.141876E-03,0.804115E-03,-0.170485E-01,16.0000,0.294444,249.000,56.2500,4.78514,98442.4,1.21310
CH-CHA_201201090800.csv,2012-01-09,10:30,9.4374,1,36000,36000,0.125042E-01,1,0.258778E-02,4.89211,1,0.698157,3.81753,1,0.620523,-2.77157,1,0.320039,0.857709E-01,1,0.139417E-01,0.154605,0.502674,0.875399E-01,0.112939E-01,-0.114261E-09,-0.137946E-11,18.0998,446.300,448.717,0.750000,0,218.516,5.38812,5.41730,0.600000,0,286.377,285.888,96559.5,1.17428,1008.28,0.246577E-01,0.555795E-02,0.393766E-02,519.523,1467.75,0.335324E-02,35.3959,948.229,270.938,-0.119987,-0.322676,-0.196210E-01,0.344821,-0.304189E-13,-0.631285E-14,0.344821,1.37004,296.290,249.602,-3.26200,-9999,0.103191,0.580064E-01,-19.0930,-0.105274,1.28149,-0.400407E-01,0,-9999,-9999,-9999,-9999,-9999,-9999,-9999,0.122065E-01,1.02439,4.95583,1.02717,3.09719,1.18056,-2.60163,1.18056,0.695866E-01,1.18056,800000099,800000099,800000099,800000099,800000099,800000099,811110099,811110199,80000,80000,81,81,17,0,2,23,11,3,0.973640E-01,0.131526E-01,0.549626E-02,0.110853E-01,0.514243E-02,7.78338,0.418565E-02,-0.260163E-02,0.695866E-01,16.0000,0.314444,249.000,56.2500,5.76814,98477.2,1.22612
CH-CHA_201201090800.csv,2012-01-09,11:00,9.4582,1,36000,36000,-0.335927E-01,1,0.607616E-02,18.1139,1,2.66034,18.4619,1,2.09831,-8.74991,1,1.35271,0.414843,1,0.471495E-01,0.189935,0.411824,-0.156238,0.925378E-02,-0.679628E-10,-0.851835E-12,17.9750,443.433,445.911,0.400000,0,225.296,5.55791,5.58898,0.350000,0,286.513,286.008,96559.5,1.17372,1008.37,0.246694E-01,0.268818E-01,0.405983E-02,535.867,1479.32,0.345895E-02,36.2239,943.450,271.357,-0.325512E-01,-0.164870,0.213103E-01,0.169399,0.111662E-12,-0.378096E-14,0.169399,1.21844,239.175,258.831,7.22693,-9999,0.169177,0.129987,-22.7232,-0.884558E-01,0.981150,-0.904661E-01,0,-9999,-9999,-9999,-9999,-9999,-9999,-9999,-0.322697E-01,1.04100,18.3665,1.03826,14.8801,1.19777,-8.26156,1.19777,0.334359,1.19777,800000099,800000099,800000099,800000099,800000099,800000099,811110199,811110199,81100,81100,81,81,0,2,1,19,7,12,0.164405,0.787007E-01,0.168692E-01,0.577021E-01,0.169178E-01,18.3856,0.155182E-01,-0.826156E-02,0.334359,16.0000,0.331111,249.000,56.2500,7.31452,98497.3,1.24016
CH-CHA_201201090800.csv,2012-01-09,11:30,9.4790,1,36000,36000,-0.593925E-02,0,0.187497E-02,16.5433,0,2.40839,13.7882,0,1.44931,-6.56524,0,0.806780,0.310019,0,0.325869E-01,1.03519,0.241240,-0.182556,0.542413E-02,-0.227285E-10,-0.292201E-12,17.7976,440.075,442.579,0.150000,0,228.809,5.65767,5.68987,0.100000,0,287.178,286.663,96559.5,1.17099,1008.44,0.247267E-01,0.200892E-01,0.412313E-02,545.468,1543.94,0.352106E-02,35.3296,998.472,271.598,0.614612,0.148168,0.463875E-01,0.633919,0.123380E-13,-0.127705E-14,0.633919,1.83943,175.379,13.5540,4.19641,-9999,0.712178E-01,0.661456E-01,-1.85616,-1.08288,1.19982,-0.196711,0,-9999,-9999,-9999,-9999,-9999,-9999,-9999,-0.584374E-02,1.01634,16.8908,1.02204,11.2622,1.17321,-6.45342,1.17321,0.253224,1.17321,800000099,800000099,800000099,800000099,800000099,800001199,811010199,811110199,80000,81000,80,80,0,1,0,31,24,50,0.576521E-01,0.595089E-01,0.151302E-01,0.956350E-01,0.159152E-01,26.9019,0.143036E-01,-0.645342E-02,0.253224,16.0000,0.172222,249.000,56.2500,8.10518,98493.8,1.25407
CH-CHA_201201090800.csv,2012-01-09,12:00,9.4999,1,36000,36000,-0.189956E-01,0,0.235820E-02,25.5271,0,3.60082,22.2212,0,1.39426,-9.05307,0,1.35777,0.500212,0,0.313857E-01,1.90993,0.415514,-0.407844,0.935348E-02,-0.163884E-09,-0.220907E-11,17.4183,432.542,435.079,0.200000,0,234.789,5.83044,5.86463,0.200000,0,288.409,287.876,96559.5,1.16598,1008.56,0.248327E-01,0.324137E-01,0.423090E-02,562.093,1670.25,0.362861E-02,33.6532,1108.16,272.007,1.39662,0.755463,0.711278E-01,1.58944,0.291108E-13,-0.940875E-14,1.58944,3.34201,158.119,28.4100,2.56485,-9999,0.127638,0.176952,-6.92527,-0.290242,1.14877,-0.170069,0,-9999,-9999,-9999,-9999,-9999,-9999,-9999,-0.187892E-01,1.01099,26.1645,1.02010,18.1457,1.17412,-9.01310,1.17412,0.408471,1.17412,800000099,800000099,800000099,800000099,800000099,800010099,800010199,801110199,81000,81000,80,81,5,2,0,0,18,6,0.161604,0.163748,0.285507E-01,0.187798,0.371418E-01,28.5865,0.222494E-01,-0.901310E-02,0.408471,16.0000,0.237778,249.000,56.2500,8.83138,98493.1,1.26440
CH-CHA_201201090800.csv,2012-01-09,12:30,9.5207,1,36000,36000,-0.387285E-01,0,0.300178E-02,31.0346,0,3.96428,34.0973,0,1.99952,-9.11758,0,0.766215,0.767981,0,0.450357E-01,0.913900,-0.261653,-0.221416,-0.589327E-02,0.321782E-10,0.429702E-12,17.2191,428.444,430.910,0.200000,0,229.940,5.72137,5.75429,0.200000,0,288.981,288.457,96559.5,1.16368,1008.52,0.248820E-01,0.497652E-01,0.414353E-02,551.597,1733.97,0.356071E-02,31.8112,1182.38,271.750,1.82217,0.990305,0.105294,2.07656,-0.982697E-13,0.186875E-14,2.07656,3.88601,158.754,28.5230,2.90648,-9999,0.182431,0.273904,-16.6319,-0.120852,0.910177,-0.144955,0,-9999,-9999,-9999,-9999,-9999,-9999,-9999,-0.383195E-01,1.01067,32.1410,1.02104,27.9751,1.17843,-9.35535,1.17843,0.630088,1.17843,800000099,800000099,800000099,800000099,800000099,800000099,800000199,800010199,80000,80000,80,80,8,0,2,1,9,7,0.212096,0.291552,0.441590E-01,0.189237,0.110763E-01,48.2874,0.273870E-01,-0.935535E-02,0.630088,16.0000,0.304444,249.000,56.2500,10.1347,98436.3,1.28372
CH-CHA_201201090800.csv,2012-01-09,13:00,9.5415,1,36000,36000,-0.488697E-01,0,0.511403E-02,17.0788,0,1.67512,31.1940,0,2.23414,-9.56013,0,0.948353,0.703002,0,0.503496E-01,0.959143,0.965422E-01,0.257634,0.217572E-02,0.117327E-10,0.156041E-12,17.3740,433.223,435.733,0.200000,0,231.069,5.76172,5.79511,0.200000,0,289.598,289.069,96559.5,1.16120,1008.55,0.249350E-01,0.455545E-01,0.416387E-02,555.481,1803.28,0.358583E-02,30.8040,1247.80,271.846,1.76939,1.00782,0.112806,2.03940,0.132984E-12,0.675301E-15,2.03940,3.72586,157.640,29.6653,3.17085,-9999,0.205148,0.237463,-42.9778,-0.467683E-01,0.547503,-0.710863E-01,0,29.6704,-4.50259,10.1849,25.3618,38.6783,54.2469,81.2717,-0.483536E-01,1.01067,18.3279,1.02095,25.8878,1.17806,-9.11728,1.17806,0.583419,1.17806,800000099,800000099,800000099,800000099,800000099,800000099,800010199,800010199,81000,81000,80,80,1,6,0,4,10,8,0.243182,0.184912,0.468329E-01,0.343844E-01,0.138358E-01,43.9783,0.156497E-01,-0.911728E-02,0.583419,16.0000,0.263333,249.000,56.2500,9.36168,98400.4,1.28180
CH-CHA_201201090800.csv,2012-01-09,13:30,9.5624,1,36000,36000,-0.299495E-01,0,0.326141E-02,8.95016,0,0.907331,29.2800,0,2.13804,-7.16873,0,0.750964,0.660072,0,0.481990E-01,0.507742,-0.695326,-0.453545,-0.156751E-01,0.258619E-10,0.333055E-12,17.0188,424.802,427.139,0.300000,0,219.173,5.47070,5.50080,0.300000,0,289.896,289.393,96559.5,1.16003,1008.40,0.249607E-01,0.427727E-01,0.394949E-02,527.473,1841.00,0.340466E-02,28.6515,1313.52,271.143,1.84825,0.306503E-01,0.816856E-01,1.85031,0.391221E-13,0.151960E-14,1.85031,3.27800,186.103,0.950073,2.53026,-9999,0.160680,0.188365,-39.4037,-0.510104E-01,0.305675,-0.476178E-01,0,-9999,-9999,-9999,-9999,-9999,-9999,-9999,-0.296313E-01,1.01074,10.2741,1.02053,24.5378,1.17627,-6.71502,1.17627,0.553168,1.17627,800000099,800000099,800000099,800000099,800000099,800000099,800010199,800110199,81100,81100,80,80,4,3,0,3,8,3,0.189575,0.154841,0.323147E-01,0.141000E-01,0.142407E-01,57.7167,0.878298E-02,-0.671502E-02,0.553168,16.0000,0.236667,249.000,56.2500,9.14361,98408.1,1.28492
CH-CHA_201201090800.csv,2012-01-09,14:00,9.5832,1,36000,36000,-0.388858E-01,0,0.291592E-02,1.98903,0,0.510345,27.4395,0,1.83146,-6.30499,0,0.457694,0.618718,0,0.412964E-01,0.354041,0.117008,-0.101050,0.263834E-02,-0.145114E-10,-0.189393E-12,16.9301,422.925,425.272,0.300000,0,220.960,5.51972,5.55036,0.300000,0,290.127,289.620,96559.5,1.15910,1008.43,0.249806E-01,0.400929E-01,0.398170E-02,532.191,1867.71,0.343517E-02,28.4942,1335.52,271.264,1.94619,-0.250217,0.443778E-01,1.96271,0.168975E-12,-0.857135E-15,1.96271,3.91839,193.677,352.674,1.29559,-9999,0.183162,0.404542,-262.638,-0.765313E-02,0.724876E-01,-0.929047E-02,0,-9999,-9999,-9999,-9999,-9999,-9999,-9999,-0.384745E-01,1.01069,3.35674,1.02077,23.1296,1.17731,-5.66183,1.17731,0.521536,1.17731,800000099,800010099,800000099,800000099,800000099,800000099,800010199,800110199,80100,80100,80,81,4,6,5,6,17,8,0.262139,0.504867,0.420784E-01,0.746596E-02,0.473984E-02,39.4384,0.287178E-02,-0.566183E-02,0.521536,15.9977,0.276667,249.000,56.2500,9.00193,98402.8,1.28580
CH-CHA_201201091400.csv,2012-01-09,14:30,9.6040,1,36000,36000,-0.428694E-01,1,0.213649E-02,-4.60104,1,1.03256,34.2263,1,3.78870,-4.44214,1,0.543856,0.771915,1,0.854476E-01,0.352161,-0.113013,-0.132402,-0.254881E-02,0.403995E-09,0.525801E-11,16.8187,420.463,422.776,0.350000,0,218.896,5.47233,5.50244,0.350000,0,290.348,289.845,96559.5,1.15822,1008.41,0.249997E-01,0.500201E-01,0.394451E-02,527.629,1894.65,0.340567E-02,27.8483,1367.02,271.147,1.36498,-0.276592,0.278428E-01,1.39300,0.265837E-12,0.240206E-13,1.39300,3.14746,199.636,348.545,1.14528,-9999,0.192388,0.390688,131.574,0.152766E-01,-0.134430,0.204762E-01,0,-9999,-9999,-9999,-9999,-9999,-9999,-9999,-0.424426E-01,1.01006,-2.79472,1.02041,28.3285,1.20625,-3.76176,1.20625,0.638901,1.20625,800000099,800010099,800000099,800000099,800000099,800000099,800010199,801110199,80000,80000,80,81,0,9,1,3,20,3,0.182907,0.564437,0.340318E-01,0.722017E-02,0.764937E-02,93.6723,-0.239282E-02,-0.376176E-02,0.638901,15.9977,0.277778,249.000,56.2500,8.82130,98402.6,1.28624
CH-CHA_201201091400.csv,2012-01-09,15:00,9.6249,1,36000,36000,-0.200525E-01,0,0.321111E-02,-6.43840,0,0.689797,14.1598,0,1.36904,-3.34078,0,0.350306,0.319407,0,0.308820E-01,0.291077,-0.424556,-0.281434E-01,-0.957685E-02,-0.730087E-10,-0.920416E-12,16.7879,419.939,422.174,0.450000,0,211.645,5.29415,5.32232,0.450000,0,290.518,290.031,96559.5,1.15755,1008.32,0.250143E-01,0.206976E-01,0.381384E-02,510.478,1917.20,0.329474E-02,26.6263,1406.72,270.700,1.02823,-1.24164,-0.295494E-01,1.61238,-0.952093E-13,-0.434888E-14,1.61238,3.82409,236.826,309.629,-1.05009,-9999,0.131618,0.230085,30.1053,0.667656E-01,-0.454696,0.419107E-01,0,-9999,-9999,-9999,-9999,-9999,-9999,-9999,-0.198135E-01,1.01206,-5.59755,1.02539,11.3763,1.25378,-2.51672,1.25378,0.256619,1.25378,800000099,800000099,800000099,800000099,800000099,800000099,800010199,800110199,80100,80100,80,80,4,5,0,1,27,1,0.252362,0.170685,0.371225E-01,0.749069E-02,0.354730E-02,34.6690,-0.479578E-02,-0.251672E-02,0.256619,16.0000,0.312222,249.000,56.2500,8.61819,98450.1,1.28454
CH-CHA_201201091400.csv,2012-01-09,15:30,9.6457,1,36000,36000,-0.136232E-01,0,0.190742E-02,-6.43186,0,0.527203,10.5504,0,0.902783,-1.51651,0,0.190632,0.237977,0,0.203634E-01,-0.807825E-01,0.277678,0.285702E-01,0.626337E-02,-0.200797E-09,-0.258388E-11,16.8116,420.470,422.758,0.450000,0,216.333,5.41066,5.44010,0.450000,0,290.477,289.979,96559.5,1.15771,1008.38,0.250108E-01,0.154209E-01,0.389833E-02,521.694,1910.92,0.336728E-02,27.3007,1389.22,270.994,0.811979,-1.09159,-0.398508E-01,1.36106,-0.138812E-13,-0.119440E-13,1.36106,3.57884,239.757,306.644,-1.67782,-9999,0.108477,0.157438,16.8721,0.119132,-0.609632,0.507894E-01,0,-9999,-9999,-9999,-9999,-9999,-9999,-9999,-0.134363E-01,1.01391,-5.75933,1.02895,8.25881,1.29263,-1.00338,1.29263,0.186287,1.29263,800000099,800000099,800000099,800000099,800000099,800001099,800110199,811110199,80000,80000,80,80,26,8,1,6,4,2,0.193380,0.101422,0.200729E-01,0.136877E-01,0.277603E-02,29.3986,-0.493341E-02,-0.100338E-02,0.186287,15.9977,0.344444,249.000,56.2500,8.23376,98488.4,1.28133
CH-CHA_201201091400.csv,2012-01-09,16:00,9.6665,1,36000,36000,-0.352533E-01,0,0.276154E-02,-11.6305,0,0.880307,53.6058,1,10.2444,-9.26748,1,2.94672,1.20885,1,0.231017,-0.399630,-0.961729,0.323524,-0.216876E-01,-0.671151E-10,-0.788042E-12,17.0692,426.483,428.629,-1.00000,0,200.420,5.00761,5.03282,0.400000,0,290.184,289.724,96559.5,1.15890,1008.16,0.249856E-01,0.783332E-01,0.361158E-02,482.894,1880.17,0.311637E-02,25.6835,1397.27,269.953,-0.578765E-01,-2.38934,0.938375E-02,2.39006,-0.160267E-12,-0.393195E-14,2.39006,4.52868,277.585,268.612,0.224953,-9999,0.174412,0.631128,38.7782,0.518333E-01,-0.216963,0.570749E-01,0,-9999,-9999,-9999,-9999,-9999,-9999,-9999,-0.348328E-01,1.01207,-8.74201,1.02634,42.9476,1.24904,-7.36235,1.24904,0.968497,1.24904,800000099,800000099,800000099,800000099,800001099,800001099,800000199,800110199,81100,81100,80,80,7,2,4,0,9,0,0.375037,0.837970,0.492488E-01,0.354450E-01,0.167523,1133.28,-0.748230E-02,-0.736235E-02,0.968497,16.0000,0.330000,249.266,57.9153,7.77506,98498.3,1.27374
CH-CHA_201201091400.csv,2012-01-09,16:30,9.6873,1,36000,36000,-0.278717E-01,1,0.315633E-02,-12.3804,0,0.989366,7.59458,0,8.71384,2.59759,0,4.69355,0.171205,0,0.196436,-0.550302,-0.930003,0.443259,-0.209651E-01,0.139329E-10,0.148029E-12,17.4217,434.710,436.727,0.350000,0,185.095,4.61851,4.63994,0.400000,0,289.797,289.373,96559.5,1.16048,1007.94,0.249522E-01,0.110941E-01,0.333541E-02,445.427,1838.58,0.287416E-02,24.2267,1393.15,268.876,1.39475,-0.756503,0.981778E-02,1.58673,-0.668832E-13,0.799746E-15,1.58673,4.07502,217.076,331.525,0.354515,-9999,0.154975,0.354200,25.5553,0.786530E-01,-1.63016,0.682965E-01,0,-9999,-9999,-9999,-9999,-9999,-9999,-9999,-0.275214E-01,1.01273,-11.6994,1.02679,6.19879,1.26797,2.49256,1.26797,0.139739,1.26797,800000099,800000099,800000099,800000099,800000099,800000099,800000199,801110199,80000,80000,80,81,15,10,3,7,1,1,0.462258,0.204371,0.417713E-01,0.166605E-01,0.296113,1383.17,-0.100021E-01,0.249256E-02,0.139739,16.0000,0.262222,249.330,58.3128,6.91286,98500.0,1.26151
CH-CHA_201201091400.csv,2012-01-09,17:00,9.7082,0,36000,36000,0.266374E-02,0,0.744695E-03,-0.456552,2,0.583064,-1.77148,2,1.06192,-0.851592,1,0.402734,-0.399236E-01,2,0.239324E-01,-0.446656,2.28289,-0.412191,0.514492E-01,-0.651192E-10,-0.849735E-12,17.1270,427.065,429.458,9.15000,0,223.489,5.57273,5.60396,10.0000,0,289.599,289.088,96559.5,1.16121,1008.45,0.249351E-01,-0.258705E-02,0.402727E-02,537.293,1805.41,0.346817E-02,29.7601,1268.12,271.393,0.473478,0.447454,0.248065E-01,0.651929,-0.287386E-12,-0.380213E-14,0.651929,2.01564,137.225,43.3814,2.18069,-9999,0.478951E-01,0.152387,20.4584,0.982481E-01,0.257723,0.814020E-02,0,-9999,-9999,-9999,-9999,-9999,-9999,-9999,0.262447E-02,1.01496,-0.526549,1.02883,-1.35333,1.29181,-0.628164,1.29181,-0.304998E-01,1.29181,800000099,800000099,800000099,800000099,800100099,800100099,811110199,811110199,80000,80000,80,81,4,7,2,7,7,9,0.406132E-01,0.257018,0.714228E-02,0.752468E-01,0.115243E-01,38.9383,-0.449650E-03,-0.628164E-03,-0.304998E-01,16.0000,0.252222,249.000,56.2500,6.81314,98500.1,1.26027
CH-CHA_201201091400.csv,2012-01-09,17:30,9.7290,0,36000,36000,0.147101E-02,1,0.461599E-03,-0.337698,2,0.400128,-0.962572,2,0.211300,1.29133,1,0.403243,-0.216886E-01,2,0.476100E-02,-0.356290,0.239204,0.344582,0.538972E-02,-0.169608E-09,-0.221967E-11,17.3962,433.451,435.924,8.15000,0,227.666,5.67262,5.70498,-1.00000,0,289.381,288.861,96559.5,1.16208,1008.50,0.249164E-01,-0.140542E-02,0.410255E-02,546.906,1779.38,0.353036E-02,30.7358,1232.47,271.634,0.446233,0.558227,0.101761E-01,0.714734,-0.162323E-13,-0.974967E-14,0.714734,1.40691,135.760,51.3621,0.815783,-9999,0.355788E-01,0.341185E-01,11.3381,0.177279,0.350829,0.809892E-02,0,-9999,-9999,-9999,-9999,-9999,-9999,-9999,0.144567E-02,1.01753,-0.369125,1.03503,-0.698189,1.35643,0.971719,1.35643,-0.157315E-01,1.35643,800000099,800000099,800000099,800000099,800000099,810000099,811110199,811110199,81100,81100,80,81,32,2,2,0,3,3,0.223037E-01,0.431541E-01,0.277920E-02,0.338132E-01,0.345438E-01,15.6915,-0.314966E-03,0.971719E-03,-0.157315E-01,15.9981,0.308889,249.000,56.2500,6.49972,98546.8,1.25449
CH-CHA_201201091400.csv,2012-01-09,18:00,9.7498,0,36000,36000,0.270399E-02,1,0.940140E-03,-3.43113,1,1.12807,5.01703,1,0.835296,5.98385,1,1.11294,0.113032,1,0.188190E-01,-0.160271,0.172361,0.223751,0.388325E-02,0.199968E-10,0.262509E-12,17.5684,437.596,440.125,9.60000,0,230.630,5.74456,5.77775,9.80000,0,289.285,288.758,96559.5,1.16246,1008.53,0.249081E-01,0.732449E-02,0.415596E-02,553.829,1767.78,0.357515E-02,31.3292,1213.95,271.805,0.929213E-01,0.529422,0.823333E-03,0.537515,-0.958062E-13,0.113823E-14,0.537515,1.17686,105.284,80.0451,0.877623E-01,-9999,0.482297E-01,0.463355E-01,2.77975,0.723088,-0.683895,0.606813E-01,0,-9999,-9999,-9999,-9999,-9999,-9999,-9999,0.261705E-02,1.03322,-3.03769,1.06707,3.03475,1.67790,3.64296,1.67790,0.683721E-01,1.67790,800000099,800000099,800000099,800000099,800000099,800000099,811110199,811110199,80000,81100,80,81,0,7,1,2,6,12,0.297007E-01,0.596884E-01,0.328197E-02,0.561922E-01,0.778089E-01,21.3824,-0.259105E-02,0.364296E-02,0.683721E-01,16.0000,0.220000,249.000,56.2500,6.40007,98580.0,1.25317
CH-CHA_201201091400.csv,2012-01-09,18:30,9.7707,0,36000,36000,0.210488E-02,1,0.554100E-03,-1.07621,1,0.306105,0.555223,1,0.155222,1.03441,1,0.479292,0.125076E-01,1,0.349671E-02,-0.188303,0.164059,0.323022,0.369578E-02,-0.547782E-10,-0.717857E-12,17.8156,443.578,446.172,-0.350000,0,233.470,5.81301,5.84699,-0.400000,0,289.171,288.639,96559.5,1.16291,1008.57,0.248983E-01,0.810490E-03,0.420713E-02,560.416,1754.24,0.361776E-02,31.9464,1193.82,271.966,-0.876765E-01,0.582496,0.848764E-02,0.589118,-0.111750E-12,-0.307473E-14,0.589118,1.22156,88.4600,98.5598,0.825509,-9999,0.425442E-01,0.107516,6.08310,0.330424,-1.93834,0.215678E-01,0,-9999,-9999,-9999,-9999,-9999,-9999,-9999,0.205973E-02,1.02192,-1.00839,1.04387,0.405081,1.44403,0.751719,1.44403,0.912531E-02,1.44403,800000099,800100099,800000099,800000099,800000099,801001099,811110199,811110199,81100,81100,80,81,0,2,2,6,3,4,0.260862E-01,0.187513,0.143400E-02,0.148618E-01,0.118591,14.3533,-0.859756E-03,0.751719E-03,0.912531E-02,15.9981,0.253333,249.000,56.2500,6.28810,98594.0,1.24938
CH-CHA_201201091400.csv,2012-01-09,19:00,9.7915,0,36000,36000,0.930168E-02,1,0.190881E-02,-1.92058,1,0.569387,0.558921,1,0.653090,2.31883,1,0.913902,0.125891E-01,1,0.147102E-01,-0.227723,0.344324E-01,0.245170,0.775554E-03,-0.256714E-10,-0.333833E-12,18.0068,448.117,450.743,10.0000,0,234.163,5.82736,5.86152,10.0000,0,289.027,288.494,96559.5,1.16349,1008.57,0.248859E-01,0.815775E-03,0.421962E-02,561.797,1738.00,0.362670E-02,32.3244,1176.20,272.000,0.165507,0.240193,0.281778E-02,0.291707,-0.507812E-13,-0.142565E-14,0.291707,1.36081,146.016,55.4309,0.553464,-9999,0.894128E-01,0.866134E-01,31.6422,0.635227E-01,-3.43623,0.183048E-01,0,-9999,-9999,-9999,-9999,-9999,-9999,-9999,0.914183E-02,1.01749,-1.84411,1.02686,0.491386,1.25085,1.93097,1.25085,0.110680E-01,1.25085,800000099,800100099,800000099,800000099,800000099,800000199,811110199,811110199,81100,81100,80,81,1,0,1,0,2,0,0.144791,0.264393E-01,0.199637E-02,0.169411E-01,0.589995E-01,13.7990,-0.157151E-02,0.193097E-02,0.110680E-01,16.0000,0.256667,249.000,56.2500,6.28706,98604.2,1.24897
CH-CHA_201201091400.csv,2012-01-09,19:30,9.8123,0,36000,36000,-0.421405E-01,1,0.578586E-02,-25.4644,1,3.94691,111.396,1,26.8028,-13.9018,2,4.63463,2.51004,1,0.603939,0.631598,-3.17554,0.714587,-0.715534E-01,-0.249102E-09,-0.243057E-11,18.5208,461.357,463.443,8.50000,0,180.713,4.50160,4.52196,0.400000,0,289.309,288.896,96559.5,1.16245,1007.87,0.249102E-01,0.162651,0.325645E-02,434.168,1783.49,0.280138E-02,24.3438,1349.32,268.536,0.766925,-0.655999E-01,0.212494E-01,0.770018,0.355686E-12,-0.134498E-13,0.770018,4.21044,171.267,355.111,1.58134,-9999,0.190399,0.609360,23.0393,0.872421E-01,-0.228594,0.114155,0,-9999,-9999,-9999,-9999,-9999,-9999,-9999,-0.416000E-01,1.01299,-19.5003,1.02493,88.9761,1.25312,-10.9047,1.25312,2.00487,1.25312,800000099,800000099,800000099,800000099,800100099,800100099,811110199,811110199,81100,81100,80,81,12,0,13,23,1,9,0.555309,0.641089,0.223212E-01,0.234326,0.412567,6514.50,-0.166444E-01,-0.109047E-01,2.00487,16.0000,0.290000,249.597,59.9807,6.16444,98659.2,1.24845
CH-CHA_201201091400.csv,2012-01-09,20:00,9.8331,0,36000,36000,-0.386561E-01,1,0.259813E-02,-15.6556,1,1.56169,54.5834,1,16.0444,2.10528,2,3.51566,1.23070,1,0.361757,1.04627,-5.15118,0.586055,-0.116145,-0.295012E-09,-0.146567E-11,18.9266,472.233,473.343,0.300000,0,94.0306,2.34614,2.35165,0.300000,0,289.781,289.565,96559.5,1.16070,1006.72,0.249508E-01,0.797495E-01,0.169443E-02,226.434,1861.32,0.145983E-02,12.1652,1634.89,260.217,1.12207,0.102950E-01,0.239896E-01,1.12237,0.375290E-12,-0.155872E-13,1.12237,4.47100,185.781,0.525675,1.22473,-9999,0.182494,0.293594,32.9874,0.609323E-01,-0.286819,0.734159E-01,0,-9999,-9999,-9999,-9999,-9999,-9999,-9999,-0.382082E-01,1.01172,-12.6408,1.02356,44.0680,1.24009,1.93546,1.24009,0.993611,1.24009,800000099,800000099,800000099,800000199,801000099,801100099,800110199,800110199,80100,80100,80,81,5,14,13,5,1,0,0.172448,0.388096,0.266438E-01,0.331462E-01,0.362177,1554.18,-0.108179E-01,0.193546E-02,0.993611,15.9973,0.288889,251.526,72.0400,6.31946,98685.1,1.25629
CH-CHA_201201092000.csv,2012-01-09,20:30,9.8540,0,36000,36000,-0.273982E-01,1,0.414334E-02,-12.9437,1,2.91663,-50.3287,1,19.8043,19.4567,1,7.16128,-1.13465,1,0.446487,-0.167394,-0.415416,1.80564,-0.936551E-02,-0.210438E-09,-0.903953E-12,20.2776,505.728,506.830,0.300000,0,87.1045,2.17240,2.17713,-1.00000,0,289.658,289.458,96559.5,1.16121,1006.62,0.249402E-01,-0.735256E-01,0.156962E-02,209.678,1848.69,0.135171E-02,11.3420,1639.01,259.273,1.21247,0.167048,0.475956E-01,1.22485,-0.350057E-12,-0.103778E-13,1.22485,3.68029,179.050,7.84453,2.22698,-9999,0.153605,0.378655,23.7913,0.844847E-01,0.257184,0.720900E-01,0,-9999,-9999,-9999,-9999,-9999,-9999,-9999,-0.270327E-01,1.01352,-14.9606,1.02786,-39.0208,1.28320,16.2141,1.28320,-0.879719,1.28320,800000099,800000099,800000099,800000099,800000099,800101199,800110199,800110199,80100,80100,80,81,8,3,4,0,0,0,0.274735,0.455932,0.266421E-01,0.115322,0.825117,3180.96,-0.127988E-01,0.162141E-01,-0.879719,15.9977,0.263333,250.855,67.8462,6.37981,98699.3,1.25436
CH-CHA_201201092000.csv,2012-01-09,21:00,9.8748,0,36000,36000,-0.389464E-01,1,0.353757E-02,-22.1661,1,2.72029,77.7889,1,26.1354,-10.4154,2,6.71435,1.75327,1,0.589061,-0.441836,3.60036,-2.74801,0.811478E-01,0.188873E-09,0.152709E-11,18.2438,454.777,456.455,9.90000,0,147.506,3.67699,3.69056,0.250000,0,289.514,289.176,96559.5,1.16168,1007.43,0.249278E-01,0.113612,0.265805E-02,354.729,1815.70,0.228811E-02,19.5368,1460.97,265.889,1.39933,0.300412,0.546608E-01,1.43226,-0.449908E-13,0.103527E-13,1.43226,3.13543,173.653,12.1164,2.18717,-9999,0.183101,0.787143,23.5363,0.853999E-01,-0.284953,0.103443,0,-9999,-9999,-9999,-9999,-9999,-9999,-9999,-0.384685E-01,1.01242,-17.8944,1.02587,61.8019,1.26099,-7.94373,1.26099,1.39294,1.26099,800000099,800000099,800000099,800000099,800000099,800000199,800010199,800110199,81100,81100,80,81,5,1,1,0,1,0,0.248318,1.29693,0.290367E-01,0.111313,0.835436,6306.56,-0.152903E-01,-0.794373E-02,1.39294,15.9977,0.285556,249.598,59.9876,6.31047,98700.2,1.25433
CH-CHA_201201092000.csv,2012-01-09,21:30,9.8956,0,36000,36000,-0.897196E-02,1,0.253116E-02,-5.95442,0,0.785100,4.96219,0,5.07466,3.50294,0,0.914437,0.111779,0,0.114312,-0.920882,4.58862,-0.841432,0.103364,-0.990861E-10,-0.126132E-11,17.6439,439.198,441.667,0.100000,0,224.598,5.59076,5.62220,0.100000,0,289.102,288.590,96559.5,1.16320,1008.45,0.248923E-01,0.724326E-02,0.404725E-02,539.028,1748.76,0.347940E-02,30.8234,1209.73,271.437,0.780741,1.05353,0.620776E-01,1.31276,0.528289E-13,-0.561589E-14,1.31276,3.16902,137.993,53.4588,2.71041,-9999,0.878245E-01,0.324783,9.67149,0.207827,-1.19996,0.577983E-01,0,-9999,-9999,-9999,-9999,-9999,-9999,-9999,-0.881955E-02,1.01728,-5.53127,1.03596,3.74877,1.36308,2.76159,1.36308,0.844449E-01,1.36308,800000099,800000099,800000099,800000099,800000099,800000199,810110199,810110199,81100,81100,80,81,11,4,2,0,2,4,0.282535,0.340229,0.268028E-01,0.174890E-01,0.195288E-01,330.806,-0.471537E-02,0.276159E-02,0.844449E-01,15.9969,0.314444,249.113,56.9592,6.23921,98701.0,1.25022
CH-CHA_201201092000.csv,2012-01-09,22:00,9.9165,0,36000,36000,-0.116474E-01,0,0.104343E-02,-4.68346,0,0.405845,3.14468,0,0.253431,1.76810,0,0.215004,0.708240E-01,0,0.570772E-02,-0.306170,0.816546,-0.673637E-01,0.183901E-01,-0.281385E-09,-0.381072E-11,17.6038,437.951,440.564,0.150000,0,238.404,5.93106,5.96645,0.150000,0,288.938,288.395,96559.5,1.16384,1008.63,0.248782E-01,0.458940E-02,0.429604E-02,571.776,1727.01,0.369126E-02,33.1078,1155.24,272.240,1.26313,0.807265,0.571028E-01,1.50015,-0.101105E-12,-0.159843E-13,1.50015,2.59711,154.566,32.5825,2.18148,-9999,0.100039,0.760399E-01,18.1737,0.110599,-1.48933,0.398818E-01,0,-9999,-9999,-9999,-9999,-9999,-9999,-9999,-0.114878E-01,1.01389,-4.40643,1.02914,2.53188,1.29252,1.53241,1.29252,0.570226E-01,1.29252,800000099,800000099,800000099,800000099,800000099,800000099,800110199,811110199,81100,81100,80,80,0,5,2,0,0,0,0.699631E-01,0.667568E-01,0.153599E-01,0.936586E-02,0.354717E-02,2.30577,-0.375373E-02,0.153241E-02,0.570226E-01,15.9926,0.376667,249.000,56.2500,6.23017,98704.2,1.24875
CH-CHA_201201092000.csv,2012-01-09,22:30,9.9373,0,36000,36000,-0.108429E-01,1,0.185850E-02,-7.66803,0,0.667935,2.66612,1,0.446693,2.69679,0,0.378758,0.600551E-01,1,0.100619E-01,0.250515,-0.165988,-0.126055,-0.373893E-02,-0.886695E-10,-0.119317E-11,17.5007,435.617,438.186,0.150000,0,235.496,5.86184,5.89640,0.150000,0,289.091,288.554,96559.5,1.16323,1008.59,0.248914E-01,0.389157E-02,0.424364E-02,565.115,1744.79,0.364816E-02,32.3887,1179.68,272.080,1.09578,1.22898,0.745938E-01,1.64824,0.329718E-12,-0.506663E-14,1.64824,3.33795,136.925,48.2792,2.59390,-9999,0.965476E-01,0.365236,9.97802,0.201443,-2.87610,0.676958E-01,0,-9999,-9999,-9999,-9999,-9999,-9999,-9999,-0.106544E-01,1.01769,-7.27929,1.03719,2.10996,1.36842,2.24132,1.36842,0.475276E-01,1.36842,800000099,800000099,800000099,800000099,800000099,800000199,800010199,801010199,80000,80000,80,81,2,14,1,0,0,0,0.174888,0.528553,0.270317E-01,0.148983E-01,0.559848E-02,6.71584,-0.620452E-02,0.224132E-02,0.475276E-01,16.0000,0.211111,249.000,56.2500,6.17407,98701.5,1.24945
CH-CHA_201201092000.csv,2012-01-09,23:00,9.9581,0,36000,36000,-0.397173E-02,2,0.193830E-02,-5.03624,0,0.795702,2.48525,0,0.265382,2.60507,0,0.564823,0.559790E-01,0,0.597761E-02,-0.575158E-01,0.303264E-01,0.142346,0.683088E-03,0.245094E-09,0.328532E-11,17.6087,438.252,440.842,0.150000,0,236.033,5.87449,5.90920,0.150000,0,289.056,288.518,96559.5,1.16337,1008.60,0.248884E-01,0.362744E-02,0.425332E-02,566.332,1740.70,0.365604E-02,32.5348,1174.36,272.109,0.597444,0.950837,0.468150E-01,1.12393,-0.432497E-13,0.139189E-13,1.12393,3.22924,124.769,57.8574,2.38722,-9999,0.584294E-01,0.300525,3.36738,0.596903,-2.02645,0.734579E-01,0,-9999,-9999,-9999,-9999,-9999,-9999,-9999,-0.385534E-02,1.03019,-4.65381,1.06190,1.61583,1.62552,1.74869,1.62552,0.363958E-01,1.62552,800000099,800000099,800000099,800000099,800000099,800100099,801110199,801110199,81100,81100,80,81,3,11,5,10,4,0,0.249081,0.333826,0.181433E-01,0.270965E-01,0.119201E-01,2.01492,-0.396618E-02,0.174869E-02,0.363958E-01,15.9973,0.286667,249.000,56.2500,6.09564,98712.4,1.24879
CH-CHA_201201092000.csv,2012-01-09,23:30,9.9790,0,36000,36000,-0.674714E-02,0,0.156364E-02,-4.89674,0,0.673435,1.22476,0,0.395636,2.74892,0,0.800417,0.275860E-01,0,0.891109E-02,-0.739888E-01,-0.125552,-0.113895,-0.282787E-02,-0.658113E-10,-0.878523E-12,17.5272,436.144,438.698,0.500000E-01,0,233.972,5.82215,5.85624,0.500000E-01,0,289.004,288.471,96559.5,1.16358,1008.57,0.248839E-01,0.178757E-02,0.421618E-02,561.295,1735.44,0.362345E-02,32.3430,1174.15,271.987,0.512832,0.930905,0.516753E-01,1.06407,0.121033E-12,-0.375482E-14,1.06407,2.14257,124.686,61.1498,2.78359,-9999,0.761485E-01,0.108580,7.66617,0.262191,-3.99810,0.547951E-01,0,-9999,-9999,-9999,-9999,-9999,-9999,-9999,-0.661975E-02,1.01925,-4.65974,1.03966,0.974845,1.40320,2.13116,1.40320,0.219569E-01,1.40320,800000099,800000099,800000099,800000099,800000099,800000099,800110199,811110199,81000,81000,80,81,0,13,1,1,0,3,0.976948E-01,0.106949,0.125171E-01,0.239138E-01,0.333879E-01,4.81513,-0.397062E-02,0.213116E-02,0.219569E-01,15.9961,0.241111,249.000,56.2500,5.93968,98708.8,1.24503
CH-CHA_201201092000.csv,2012-01-10,00:00,10.0000,0,36000,36000,-0.892483E-02,1,0.137152E-02,-1.05038,2,0.400502,0.310943,2,0.181743,0.920062,2,0.687545,0.700235E-02,2,0.409281E-02,-0.271962,-0.108924E-01,0.266718,-0.245294E-03,0.885397E-10,0.116780E-11,17.7361,441.078,443.659,0.500000E-01,0,233.931,5.81761,5.85165,0.100000,0,288.830,288.298,96559.5,1.16428,1008.56,0.248689E-01,0.453752E-03,0.421543E-02,560.859,1716.26,0.362063E-02,32.6791,1155.40,271.977,0.274468,0.363170,0.279479E-01,0.456077,0.198490E-12,0.499207E-14,0.456077,1.53196,132.921,52.9196,3.51323,-9999,0.875530E-01,0.235830,54.3206,0.370026E-01,-3.37805,0.102168E-01,0,-9999,-9999,-9999,-9999,-9999,-9999,-9999,-0.880046E-02,1.01413,-1.01151,1.02334,0.278323,1.22651,0.792497,1.22651,0.626777E-02,1.22651,800000099,800000099,800000099,800000099,800000099,810100099,811110199,811110199,80000,80000,80,81,0,0,5,0,0,37,0.130253,0.338355,0.305077E-02,0.411807E-01,0.717890E-01,2.58180,-0.861408E-03,0.792497E-03,0.626777E-02,15.9973,0.313333,249.000,56.2500,5.77689,98702.5,1.24268
CH-CHA_201201092000.csv,2012-01-10,00:30,10.0208,0,36000,36000,-0.102343E-01,1,0.244230E-02,-6.07524,1,1.61448,1.01051,1,0.330164,5.01337,1,1.03705,0.227559E-01,1,0.743503E-02,-0.385344E-01,-0.852943E-01,-0.446560E-01,-0.192076E-02,0.697980E-10,0.916697E-12,17.7046,440.252,442.812,0.00000,0,232.524,5.78208,5.81571,7.00000,0,288.802,288.273,96559.5,1.16440,1008.54,0.248666E-01,0.147458E-02,0.419009E-02,557.440,1713.56,0.359851E-02,32.5312,1156.12,271.893,0.132874,0.754630,0.323106E-01,0.766920,0.622890E-13,0.394237E-14,0.766920,1.95069,107.018,80.0138,2.41460,-9999,0.937518E-01,0.169698,11.5311,0.174311,-6.01205,0.551808E-01,0,-9999,-9999,-9999,-9999,-9999,-9999,-9999,-0.100684E-01,1.01649,-5.83831,1.03298,0.890709,1.33599,3.98288,1.33599,0.200580E-01,1.33599,800000099,800000099,800000099,800000099,800000099,801001099,800100199,811110199,81100,81100,80,81,7,0,1,0,0,0,0.188434,0.143557,0.740507E-02,0.972921E-01,0.503193E-01,2.77692,-0.497155E-02,0.398288E-02,0.200580E-01,16.0000,0.287778,249.000,56.2500,5.56147,98703.7,1.23889
CH-CHA_201201092000.csv,2012-01-10,01:00,10.0416,0,36000,36000,-0.222103E-01,1,0.489889E-02,-8.05741,1,1.22005,2.10869,1,0.248549,2.50466,1,0.505212,0.474917E-01,1,0.559780E-02,0.197571,-0.336603E-01,-0.278885E-01,-0.758095E-03,0.221645E-09,0.290733E-11,17.6762,439.736,442.287,0.250000,0,231.860,5.76805,5.80152,0.250000,0,288.927,288.399,96559.5,1.16390,1008.54,0.248773E-01,0.307746E-02,0.417812E-02,556.090,1727.46,0.358977E-02,32.1912,1171.37,271.860,1.30549,0.416573,0.544783E-01,1.37142,0.930719E-13,0.125392E-13,1.37142,3.54020,167.461,17.6975,2.27661,-9999,0.138140,0.423625,27.8138,0.722663E-01,-3.82106,0.496900E-01,0,-9999,-9999,-9999,-9999,-9999,-9999,-9999,-0.219376E-01,1.01243,-7.75718,1.02577,1.85735,1.26071,2.30388,1.26071,0.418310E-01,1.26071,800000099,800000099,800000099,800000099,800000099,800100099,811110199,811110199,81100,81100,80,81,0,2,3,11,3,1,0.599296,0.228407,0.195476E-01,0.643925E-01,0.140105E-01,1.73981,-0.660841E-02,0.230388E-02,0.418310E-01,15.9981,0.228889,249.000,56.2500,5.55803,98701.8,1.24128
CH-CHA_201201092000.csv,2012-01-10,01:30,10.0624,0,36000,36000,-0.489863E-02,1,0.131698E-02,-4.40972,1,0.453363,1.17323,1,0.215762,2.90630,1,0.341798,0.264206E-01,1,0.485887E-02,-0.169811,0.801442E-02,0.258267,0.180481E-03,-0.126120E-09,-0.163749E-11,17.8749,444.513,447.093,0.350000,0,232.081,5.77139,5.80489,0.300000,0,288.819,288.291,96559.5,1.16433,1008.54,0.248680E-01,0.171205E-02,0.418210E-02,556.411,1715.51,0.359185E-02,32.4342,1159.10,271.868,0.769943,0.432391,0.358967E-01,0.883777,-0.372070E-13,-0.705570E-14,0.883777,2.18234,153.835,29.3180,2.32784,-9999,0.648633E-01,0.106506,5.26116,0.382045,-3.75862,0.578953E-01,0,-9999,-9999,-9999,-9999,-9999,-9999,-9999,-0.478735E-02,1.02324,-4.16424,1.04758,0.876479,1.48402,2.10739,1.48402,0.197379E-01,1.48402,800000099,800000099,800000099,800000099,800000099,801101099,811110199,811110199,81000,81000,80,81,3,12,3,3,2,6,0.169130,0.384004E-01,0.548183E-02,0.226950E-01,0.126752E-01,2.61168,-0.354623E-02,0.210739E-02,0.197379E-01,16.0000,0.205556,249.000,56.2500,5.57399,98701.3,1.23918
CH-CHA_201201092000.csv,2012-01-10,02:00,10.0833,0,36000,36000,-0.747536E-02,1,0.191148E-02,-5.19984,1,0.835224,0.480871,1,0.104214,4.96081,1,0.659819,0.108281E-01,1,0.234666E-02,-0.138660,0.298696E-01,0.223120,0.672593E-03,0.220390E-09,0.284125E-11,18.0463,448.639,451.249,0.200000,0,232.651,5.78383,5.81748,0.300000,0,288.732,288.203,96559.5,1.16468,1008.54,0.248605E-01,0.701661E-03,0.419238E-02,557.608,1705.81,0.359960E-02,32.6888,1148.20,271.898,0.680918,0.406009,0.433333E-01,0.793959,-0.200134E-13,0.122125E-13,0.793959,2.22362,152.617,30.8062,3.12869,-9999,0.801148E-01,0.180578,8.40703,0.239086,-10.8134,0.552556E-01,0,-9999,-9999,-9999,-9999,-9999,-9999,-9999,-0.733854E-02,1.01864,-4.99215,1.03775,0.459893,1.38465,3.77939,1.38465,0.103557E-01,1.38465,800000099,800000099,800000099,800000099,800000099,800000099,811110199,811110199,81100,81100,80,81,12,2,7,5,15,26,0.259178,0.976438E-01,0.433491E-02,0.436252E-01,0.350055E-01,0.486998,-0.424998E-02,0.377939E-02,0.103557E-01,15.9942,0.425556,249.000,56.2500,5.46568,98722.8,1.23698
CH-CHA_201201100200.csv,2012-01-10,02:30,10.1041,0,36000,36000,-0.905284E-02,1,0.213316E-02,-7.16924,0,0.845976,0.800300,0,0.146498,2.97566,0,0.438466,0.180188E-01,0,0.329841E-02,-0.195334,-0.745452E-01,-0.167763,-0.167838E-02,0.625966E-10,0.808251E-12,17.9294,445.538,448.116,0.150000,0,231.506,5.75281,5.78609,0.150000,0,288.605,288.079,96559.5,1.16520,1008.52,0.248495E-01,0.116762E-02,0.417173E-02,554.623,1692.23,0.358028E-02,32.7747,1137.60,271.824,0.920425,0.765331,0.606692E-01,1.19858,-0.330810E-13,0.349128E-14,1.19858,2.64019,145.289,39.7434,2.90141,-9999,0.881440E-01,0.172760,8.12077,0.247513,-8.95819,0.692142E-01,0,-9999,-9999,-9999,-9999,-9999,-9999,-9999,-0.888520E-02,1.01887,-6.86838,1.03909,0.726049,1.39585,2.39807,1.39585,0.163470E-01,1.39585,800000099,800000099,800000099,800000099,800000099,800000199,800110099,811110099,80100,80100,80,81,4,2,4,0,0,9,0.200810,0.128359,0.163500E-01,0.243369E-01,0.853001E-02,0.552649,-0.584480E-02,0.239807E-02,0.163470E-01,15.9953,4.41944,249.000,56.2500,5.38935,98719.6,1.23675
CH-CHA_201201100200.csv,2012-01-10,03:00,10.1249,0,36000,36000,-0.822479E-02,1,0.219579E-02,-1.86946,1,0.818418,0.798487,1,0.211308,1.78815,1,0.692752,0.179820E-01,1,0.475868E-02,0.368879,0.112704E-01,0.595903E-01,0.253810E-03,-0.141884E-09,-0.182898E-11,17.9591,446.640,449.227,-0.500000E-01,0,231.506,5.75750,5.79084,0.00000,0,288.840,288.313,96559.5,1.16425,1008.53,0.248698E-01,0.116523E-02,0.417173E-02,555.075,1717.97,0.358321E-02,32.3098,1162.90,271.836,0.206273,0.379850,0.254786E-01,0.432994,0.562390E-13,-0.790039E-14,0.432994,1.62711,118.597,61.4963,3.37340,-9999,0.840505E-01,0.104086,27.0022,0.744385E-01,-2.34125,0.189427E-01,0,-9999,-9999,-9999,-9999,-9999,-9999,-9999,-0.810140E-02,1.01523,-1.78403,1.02629,0.676607,1.25725,1.49477,1.25725,0.152372E-01,1.25725,800000099,800000099,800000099,800000099,800001099,810101099,811110199,811110199,81100,81100,80,81,7,0,0,20,20,14,0.118637,0.827158E-01,0.681810E-02,0.274462E-01,0.193649E-01,0.880687,-0.151939E-02,0.149477E-02,0.152372E-01,16.0000,13.0461,249.000,56.2500,5.50061,98766.5,1.23897
CH-CHA_201201100200.csv,2012-01-10,03:30,10.1458,0,36000,36000,-0.706487E-02,1,0.138568E-02,-0.287155,2,0.213019,0.661717,1,0.130715,-2.45620,1,0.844858,0.148989E-01,1,0.294312E-02,-0.334693,-0.123912E-01,0.270478,-0.278994E-03,0.284921E-10,0.362891E-12,18.1736,451.640,454.253,7.20000,0,231.470,5.75235,5.78563,0.350000,0,288.627,288.101,96559.5,1.16511,1008.52,0.248514E-01,0.965447E-03,0.417108E-02,554.578,1694.62,0.358000E-02,32.7259,1140.04,271.823,0.667502,0.576682,0.536881E-01,0.883744,0.169432E-13,0.156777E-14,0.883744,1.89536,140.024,40.8251,3.48290,-9999,0.778698E-01,0.124984,139.792,0.143785E-01,-0.433954,0.313830E-02,0,-9999,-9999,-9999,-9999,-9999,-9999,-9999,-0.698865E-02,1.01091,-0.248585,1.02031,0.552996,1.20550,-2.03027,1.20550,0.124509E-01,1.20550,800000099,800000099,800000099,800000099,800001099,800101099,811110099,811110099,81100,81100,80,81,28,2,13,18,17,11,0.132679,0.112915,0.437287E-02,0.585063E-01,0.703737E-01,0.876998,-0.211555E-03,-0.203027E-02,0.124509E-01,15.9957,3.39778,249.000,56.2500,5.31824,98771.7,1.23601
CH-CHA_201201100200.csv,2012-01-10,04:00,10.1666,0,36000,36000,-0.587798E-02,1,0.552881E-03,-2.19550,1,0.860966,0.260435,1,0.195505,1.47579,1,0.761953,0.586328E-02,1,0.440148E-02,-0.147487,-0.148344E-01,-0.886870E-02,-0.333974E-03,-0.155624E-09,-0.198071E-11,18.1730,451.476,454.085,0.00000,0,231.297,5.74617,5.77938,0.500000E-01,0,288.532,288.007,96559.5,1.16549,1008.52,0.248433E-01,0.379941E-03,0.416797E-02,553.984,1684.41,0.357615E-02,32.8888,1130.43,271.809,0.250267,0.526546,0.377910E-01,0.584219,0.232117E-13,-0.856351E-14,0.584219,1.53033,119.575,64.5783,3.70884,-9999,0.710166E-01,0.156359,13.8687,0.144931,-8.43014,0.263016E-01,0,-9999,-9999,-9999,-9999,-9999,-9999,-9999,-0.578456E-02,1.01615,-2.11829,1.03107,0.247891,1.31336,1.21140,1.31336,0.558089E-02,1.31336,800000099,800000099,800000099,800000099,800000099,800000099,811110099,811110099,81100,81100,80,81,0,7,2,0,2,6,0.860999E-01,0.221199,0.542024E-02,0.947546E-01,0.574005E-01,1.79701,-0.180216E-02,0.121140E-02,0.558089E-02,15.9977,0.412222,249.000,56.2500,5.33400,98736.2,1.23582
CH-CHA_201201100200.csv,2012-01-10,04:30,10.1874,0,36000,36000,-0.966232E-02,1,0.149866E-02,-7.68759,1,1.47135,0.521698,1,0.154762,6.16760,1,1.17104,0.117439E-01,1,0.348383E-02,-0.181886,-0.387460E-01,0.186282,-0.872208E-03,-0.190348E-09,-0.239759E-11,18.3189,454.917,457.539,8.50000,0,230.742,5.73006,5.76309,8.80000,0,288.415,287.891,96559.5,1.16596,1008.51,0.248332E-01,0.761005E-03,0.415797E-02,552.434,1671.91,0.356612E-02,33.0420,1119.48,271.771,-0.342981E-01,0.263553,0.319682E-01,0.267691,-0.315884E-14,-0.103908E-13,0.267691,1.52859,102.353,97.4146,6.85874,-9999,0.910328E-01,0.270813,8.34243,0.240937,-14.7357,0.718171E-01,0,-9999,-9999,-9999,-9999,-9999,-9999,-9999,-0.945232E-02,1.02222,-7.37248,1.04004,0.541339,1.38820,4.73872,1.38820,0.121860E-01,1.38820,800000099,800100099,800000099,800000099,800000099,800000099,811110199,811110199,80000,80000,80,81,0,4,6,0,21,40,0.752035E-01,0.462943,0.347833E-02,0.767181E-01,0.730950E-01,0.761778,-0.626973E-02,0.473872E-02,0.121860E-01,15.9973,0.382222,249.000,56.2500,5.30424,98715.1,1.23352
CH-CHA_201201100200.csv,2012-01-10,05:00,10.2082,0,36000,36000,-0.127081E-01,1,0.293597E-02,-2.14072,1,0.625610,0.374086,1,0.735677E-01,0.829324,1,0.482565,0.841982E-02,1,0.165584E-02,-0.233995,-0.100923,0.210910,-0.227154E-02,-0.367480E-09,-0.455585E-11,18.4855,458.811,461.435,9.80000,0,229.175,5.68813,5.72067,0.500000E-01,0,288.262,287.743,96559.5,1.16658,1008.48,0.248201E-01,0.545604E-03,0.412973E-02,548.398,1655.96,0.354002E-02,33.1166,1107.56,271.671,0.480398,0.738331E-01,0.376192E-01,0.487492,0.580361E-13,-0.198794E-13,0.487492,1.47306,179.601,8.73751,4.42585,-9999,0.104372,0.215399,45.1516,0.445167E-01,-5.72253,0.174338E-01,0,-9999,-9999,-9999,-9999,-9999,-9999,-9999,-0.125332E-01,1.01396,-2.07349,1.02376,0.353935,1.23285,0.764378,1.23285,0.796628E-02,1.23285,800000099,800101199,800000099,800000099,800000099,811001099,811110099,811110099,81100,81100,80,81,0,4,1,2,7,28,0.396526,0.321553E-01,0.211700E-02,0.255537E-01,0.195955E-01,0.194564,-0.176245E-02,0.764378E-03,0.796628E-02,16.0000,0.387778,249.000,56.2500,5.14877,98700.3,1.23042
CH-CHA_201201100200.csv,2012-01-10,05:30,10.2291,0,36000,36000,0.308615E-02,1,0.158163E-02,-2.19073,1,1.48939,0.117375,0,0.785743E-01,2.00242,2,1.60649,0.264203E-02,0,0.176866E-02,0.121545,-0.744782E-01,0.865638E-01,-0.167646E-02,-0.217491E-11,-0.267237E-13,18.5451,460.409,463.028,0.100000,0,227.869,5.65717,5.68936,0.500000E-01,0,288.337,287.820,96559.5,1.16629,1008.47,0.248265E-01,0.171204E-03,0.410619E-02,545.419,1664.23,0.352074E-02,32.7730,1118.82,271.597,0.490705,0.615837,0.410149E-01,0.788498,-0.834808E-13,-0.117277E-15,0.788498,1.67526,135.174,51.4518,2.98167,-9999,0.514406E-01,0.104889,5.28218,0.380525,-18.6644,0.362090E-01,0,-9999,-9999,-9999,-9999,-9999,-9999,-9999,0.301572E-02,1.02336,-2.08755,1.04760,0.122775,1.48422,1.42919,1.48422,0.276358E-02,1.48422,800000099,800000099,800000099,800000099,800100099,800100099,811110199,811110199,80000,80000,80,81,1,2,15,2,0,21,0.787212E-01,0.124038,0.701902E-02,0.143679,0.183374,0.587431,-0.177489E-02,0.142919E-02,0.276358E-02,16.0000,0.291111,249.000,56.2500,5.10004,98699.7,1.23100
CH-CHA_201201100200.csv,2012-01-10,06:00,10.2499,0,36000,36000,-0.854161E-01,1,0.107558E-01,-4.41507,1,1.62944,0.335661,1,0.124113,9.25385,1,2.07740,0.755583E-02,1,0.279383E-02,0.663524E-01,0.153401,-0.140430,0.345310E-02,-0.175909E-09,-0.219819E-11,18.4375,457.815,460.450,0.00000,0,230.399,5.72095,5.75386,0.150000,0,288.385,287.862,96559.5,1.16609,1008.50,0.248306E-01,0.489618E-03,0.415179E-02,551.557,1668.76,0.356045E-02,33.0518,1117.21,271.749,-0.398589,-0.162812E-01,0.305097E-01,0.400086,0.276258E-12,-0.954078E-14,0.400086,2.44334,28.9261,182.339,4.37350,-9999,0.270648,0.573054,381.736,0.526542E-02,-13.1534,0.138716E-01,0,64.8047,-9.83437,22.2454,55.3941,84.4795,118.484,177.510,-0.841956E-01,1.01450,-4.30721,1.02134,0.389432,1.19978,7.91050,1.19978,0.876624E-02,1.19978,800000099,800000099,800000099,800000099,800000099,800000099,811110199,811110199,80100,80100,80,81,3,2,1,1,2,7,0.631262,0.503284,0.115616E-01,0.437534E-01,0.593901E-01,0.716862,-0.366259E-02,0.791050E-02,0.876624E-02,15.9938,0.355556,249.000,56.2500,5.35869,98701.8,1.23539
CH-CHA_201201100200.csv,2012-01-10,06:30,10.2707,0,36000,36000,-0.259645,1,0.367213E-01,-9.97405,2,4.97278,-0.799724,2,0.689126,-2.84050,1,3.10030,-0.180010E-01,2,0.155116E-01,-0.918329E-01,-0.978830E-02,0.178852,-0.220325E-03,0.180696E-08,0.224024E-10,18.5743,461.118,463.769,-1.00000,0,230.282,5.71688,5.74975,10.0000,0,288.326,287.804,96559.5,1.16632,1008.50,0.248255E-01,-0.116647E-02,0.414968E-02,551.165,1662.50,0.355791E-02,33.1529,1111.33,271.739,-0.111971,-0.100378,0.361182E-01,0.154654,-0.306243E-13,0.972826E-13,0.154654,2.66560,52.4759,221.875,13.5057,-9999,0.471824,0.532088,895.273,0.224513E-02,12.4719,0.179720E-01,0,52.8438,-8.01925,18.1396,45.1701,68.8872,96.6153,144.747,-0.253076,1.02596,-9.75789,1.02661,-0.409579,1.20546,-1.89550,1.20546,-0.921924E-02,1.20546,800000099,800000099,800000099,800000099,800100099,810100099,811110199,811110199,81100,81100,80,81,0,0,4,0,21,14,0.826134,0.179522,0.585194E-01,0.321047E-01,0.217907E-01,0.458152,-0.829586E-02,-0.189550E-02,-0.921924E-02,15.9969,0.403333,249.000,56.2500,5.29946,98735.5,1.23236
CH-CHA_201201100200.csv,2012-01-10,07:00,10.2916,0,36000,36000,-0.613746E-02,1,0.833515E-03,-3.00790,1,0.592594,-0.899737,1,0.151240,2.66637,1,0.496925,-0.202500E-01,1,0.340388E-02,-0.181446,-0.107186,0.290655,-0.241240E-02,-0.724116E-11,-0.880513E-13,18.7982,466.483,469.144,9.90000,0,228.583,5.67235,5.70471,0.100000,0,288.207,287.689,96559.5,1.16681,1008.47,0.248153E-01,-0.131220E-02,0.411907E-02,546.880,1650.18,0.353019E-02,33.1407,1103.30,271.633,1.10085,0.204980,0.594456E-01,1.12135,0.267758E-12,-0.385205E-15,1.12135,1.88417,177.203,10.5477,3.03882,-9999,0.725261E-01,0.121192,10.7821,0.186421,3.34309,0.352456E-01,0,-9999,-9999,-9999,-9999,-9999,-9999,-9999,-0.603627E-02,1.01676,-2.94845,1.03458,-0.595086,1.35173,2.10310,1.35173,-0.133933E-01,1.35173,800000099,800000099,800000099,800000099,800000099,800000099,811110199,811110199,81100,81100,80,81,5,0,4,0,0,24,0.821643E-01,0.156555,0.366409E-02,0.457327E-01,0.319621E-01,1.47235,-0.250570E-02,0.210310E-02,-0.133933E-01,16.0000,0.400000,249.000,56.2500,5.00857,98713.5,1.22989
CH-CHA_201201100200.csv,2012-01-10,07:30,10.3124,0,36000,36000,-0.301020E-02,1,0.794157E-03,-2.70246,1,0.554232,-0.687709,1,0.955865E-01,2.08836,1,0.340850,-0.154811E-01,1,0.215175E-02,0.328902,-0.674593E-02,-0.116192,-0.151858E-03,-0.980406E-11,-0.119708E-12,18.6982,464.337,466.984,-0.500000E-01,0,228.305,5.66955,5.70187,-0.450000,0,288.416,287.897,96559.5,1.16597,1008.47,0.248333E-01,-0.100317E-02,0.411405E-02,546.610,1672.59,0.352845E-02,32.6805,1125.98,271.626,0.125230,0.567478,0.322064E-01,0.582023,-0.242725E-13,-0.524333E-15,0.582023,1.41774,104.688,77.5555,3.17210,-9999,0.508107E-01,0.772923E-01,4.12658,0.487087,3.92966,0.452328E-01,0,-9999,-9999,-9999,-9999,-9999,-9999,-9999,-0.293021E-02,1.02730,-2.58928,1.05510,-0.387051,1.55755,1.44124,1.55755,-0.871292E-02,1.55755,800000099,800100099,800000099,800000099,800000099,800001099,811110199,811110199,80000,80000,80,80,0,0,4,0,23,32,0.637885E-01,0.884875E-01,0.230864E-02,0.362418E-01,0.210427E-01,0.561354,-0.220206E-02,0.144124E-02,-0.871292E-02,16.0000,0.265123,249.000,56.2500,4.99833,98733.1,1.23014
CH-CHA_201201100200.csv,2012-01-10,08:00,10.3332,0,36000,36000,-0.458525E-02,1,0.163460E-02,-5.16512,0,1.68326,0.757333,1,0.225215,5.22451,1,1.21152,0.170480E-01,1,0.506970E-02,-0.413807E-01,0.352622E-01,-0.181488E-01,0.793769E-03,0.667874E-10,0.818172E-12,18.6863,464.001,466.654,0.500000E-01,0,228.915,5.68421,5.71670,0.00000,0,288.391,287.871,96559.5,1.16607,1008.48,0.248311E-01,0.110471E-02,0.412504E-02,548.021,1669.75,0.353757E-02,32.8205,1121.73,271.662,0.239804,0.845301,0.393382E-01,0.879538,-0.945887E-13,0.357414E-14,0.879538,2.74244,113.743,74.1619,2.56346,-9999,0.627075E-01,0.172949,4.05849,0.495259,-6.82014,0.700438E-01,0,-9999,-9999,-9999,-9999,-9999,-9999,-9999,-0.446487E-02,1.02696,-4.86892,1.05515,0.581998,1.56048,3.52566,1.56048,0.131011E-01,1.56048,800000099,800000099,800000099,800000099,800100099,800110199,811110199,811110199,80000,80000,80,81,8,11,8,4,6,6,0.101543,0.235569,0.878671E-02,0.115701,0.671723E-01,1.44908,-0.414039E-02,0.352566E-02,0.131011E-01,15.9961,0.328889,249.000,56.2500,5.14094,98745.6,1.23368
CH-CHA_201201100800.csv,2012-01-10,08:30,10.3541,1,36000,36000,-0.238579E-01,1,0.187444E-02,-1.12096,1,0.655319,0.555930,2,0.169591,3.17318,1,0.814023,0.125121E-01,2,0.381692E-02,-0.284711,0.307160E-01,0.123842,0.691313E-03,-0.322411E-09,-0.393913E-11,18.7901,466.287,468.959,0.500000E-01,0,229.572,5.69697,5.72961,0.00000,0,288.211,287.690,96559.5,1.16679,1008.48,0.248156E-01,0.810784E-03,0.413689E-02,549.249,1650.38,0.354552E-02,33.2801,1101.13,271.692,0.580643E-01,0.389435,0.418492E-01,0.395958,0.680891E-13,-0.171586E-13,0.395958,1.64955,123.277,81.5197,6.06698,-9999,0.142995,0.226785,221.744,0.906449E-02,-2.01637,0.666205E-02,0,-9999,-9999,-9999,-9999,-9999,-9999,-9999,-0.235147E-01,1.01460,-1.06983,1.02165,0.487558,1.20303,2.68454,1.20303,0.109733E-01,1.20303,800000099,800000099,800000099,800000099,800000099,800000099,811110199,811110199,80000,80000,80,81,0,0,2,4,2,0,0.784518E-01,0.370808,0.430992E-02,0.376992E-01,0.346495E-01,0.742430,-0.909181E-03,0.268454E-02,0.109733E-01,16.0000,0.289863,249.000,56.2500,5.22819,98798.6,1.23161
CH-CHA_201201100800.csv,2012-01-10,09:00,10.3749,1,36000,36000,-0.120449E-01,1,0.207553E-02,-4.71059,1,1.34004,-0.567508,1,0.180106,-1.67266,1,0.700111,-0.127737E-01,1,0.405389E-02,0.131590,0.320048E-01,0.127472,0.720376E-03,-0.204184E-09,-0.248793E-11,18.8794,468.641,471.332,9.65000,0,230.040,5.71027,5.74306,6.55000,0,288.296,287.774,96559.5,1.16645,1008.49,0.248229E-01,-0.827735E-03,0.414532E-02,550.529,1659.31,0.355380E-02,33.1782,1108.78,271.724,0.908562,0.156559,0.412783E-01,0.922876,0.113460E-12,-0.108152E-13,0.922876,1.90097,174.355,9.77693,2.56358,-9999,0.101618,0.293894,18.9373,0.106140,8.30048,0.394065E-01,0,-9999,-9999,-9999,-9999,-9999,-9999,-9999,-0.118793E-01,1.01394,-4.61065,1.02794,-0.328374,1.28530,-1.09234,1.28530,-0.739118E-02,1.28530,800000099,800000099,800000099,800000099,800000099,801111099,801110199,811110199,81100,81100,80,81,4,8,2,0,1,0,0.305105,0.270736,0.119456E-01,0.488791E-01,0.162247E-01,0.639462,-0.391944E-02,-0.109234E-02,-0.739118E-02,15.9981,0.322222,249.000,56.2500,5.39679,98799.4,1.23368
CH-CHA_201201100800.csv,2012-01-10,09:30,10.3957,1,36000,36000,-0.403526E-02,1,0.935717E-03,-0.969339,0,0.810736,-0.859644,1,0.694780,-0.712412,2,0.325707,-0.193426E-01,1,0.156330E-01,-0.560460,0.602676E-01,-0.377100,0.135606E-02,0.844054E-10,0.104852E-11,18.6221,461.687,464.350,0.500000E-01,0,231.331,5.73527,5.76836,8.25000,0,287.942,287.419,96559.5,1.16788,1008.50,0.247925E-01,-0.125340E-02,0.416859E-02,552.935,1621.61,0.356937E-02,34.0979,1068.68,271.783,0.514982,0.557195,0.452404E-01,0.760078,0.346200E-13,0.453255E-14,0.760078,1.78869,139.608,47.2546,3.41230,-9999,0.587810E-01,0.660963E-01,17.8123,0.112843,1.12761,0.140012E-01,0,-9999,-9999,-9999,-9999,-9999,-9999,-9999,-0.397705E-02,1.01464,-0.982333,1.02879,-0.638280,1.29298,-0.502850,1.29298,-0.143618E-01,1.29298,800000099,800000099,800000099,800000099,800000099,800000099,811110199,811110199,80000,80000,80,80,4,4,3,1,12,5,0.755666E-01,0.505222E-01,0.610381E-02,0.702039E-01,0.193048E-01,14.0218,-0.834037E-03,-0.502850E-03,-0.143618E-01,15.9981,0.341111,249.000,56.2500,5.65080,98799.8,1.23403
CH-CHA_201201100800.csv,2012-01-10,10:00,10.4166,1,36000,36000,-0.543148E-02,0,0.159844E-02,-0.501411,0,1.35581,22.7463,1,17.6891,-6.91651,0,4.16139,0.512125,1,0.398264,1.01310,-2.38860,0.648480,-0.537786E-01,-0.516378E-10,-0.516919E-12,19.0686,473.668,475.925,-0.100000,0,190.886,4.74165,4.76424,0.00000,0,288.496,288.063,96559.5,1.16570,1007.98,0.248402E-01,0.331857E-01,0.343977E-02,457.285,1690.52,0.295081E-02,27.0500,1233.23,269.225,-0.147406,0.517224,0.220275E-01,0.538270,0.865470E-13,-0.270800E-14,0.538270,1.33458,76.6615,105.907,2.34536,-9999,0.682598E-01,0.959881E-01,53.9166,0.372798E-01,-0.220436E-01,0.625159E-02,0,-9999,-9999,-9999,-9999,-9999,-9999,-9999,-0.533504E-02,1.01808,0.671226,1.02310,19.2838,1.17462,-6.07047,1.17462,0.434167,1.17462,800000099,800000099,800000099,800000199,800000099,800000099,801110199,811110199,80100,80100,80,81,0,0,0,0,9,0,0.873619E-01,0.961863E-01,0.842802E-02,0.977450E-01,0.679956,5974.98,0.571255E-03,-0.607047E-02,0.434167,15.9926,0.287778,249.578,59.8641,7.34650,98804.8,1.25742
CH-CHA_201201100800.csv,2012-01-10,10:30,10.4374,1,36000,36000,-0.692150E-02,0,0.199457E-02,-1.11559,2,1.22566,-9999,-9999,-9999,15.9195,2,7.74247,-9999,-9999,-9999,1.33760,-9999,3.17839,-9999,-0.119489E-09,-9999,21.4050,532.478,532.478,1.90000,0,-9999,-9999,-9999,-9999,0,288.916,288.916,96559.5,1.16434,1005.45,0.248763E-01,-9999,-9999,-9999,1785.80,-9999,-9999,-9999,-9999,0.331728,0.683932,0.321722E-01,0.760817,0.221938E-13,-0.558229E-14,0.760817,1.94497,122.304,64.1252,2.42356,-9999,0.771009E-01,0.117778,34.8966,0.575987E-01,-9999,0.123596E-01,0,-9999,-9999,-9999,-9999,-9999,-9999,-9999,-0.683483E-02,1.01268,-1.08936,1.02408,-9999,-9999,12.8531,1.24406,-9999,-9999,800000099,800000199,800000099,800001199,800001199,800001199,801110199,811110199,80000,80000,80,81,27,0,0,0,7,0,0.976734E-01,0.124583,0.132991E-01,0.528363E-01,1.69702,-9999,-0.930526E-03,0.128531E-01,-9999,16.0000,0.236667,253.743,85.8932,7.97703,98825.3,1.26499
CH-CHA_201201100800.csv,2012-01-10,11:00,10.4582,1,36000,36000,-0.142937E-01,1,0.364674E-02,-4.15031,2,2.70852,-9999,-9999,-9999,-46.7073,1,9.44868,-9999,-9999,-9999,-0.646329,-9999,1.01162,-9999,-0.104422E-09,-9999,22.1880,551.170,551.170,-0.650000,0,-9999,-9999,-9999,-9999,0,288.504,288.504,96559.5,1.16601,1005.44,0.248409E-01,-9999,-9999,-9999,1739.29,-9999,-9999,-9999,-9999,0.210411,0.327408,0.312519E-01,0.390443,0.146508E-12,-0.470624E-14,0.390443,1.63618,138.330,57.2730,4.59100,-9999,0.110719,0.136638,27.7772,0.723615E-01,-9999,0.319744E-01,0,-9999,-9999,-9999,-9999,-9999,-9999,-9999,-0.140718E-01,1.01577,-4.04292,1.02656,-9999,-9999,-36.9312,1.25734,-9999,-9999,800000099,800000199,800000099,800001199,800001199,800001199,811110199,811110199,80000,80000,80,81,0,2,0,4,15,2,0.144481,0.115576,0.132190E-01,0.537290E-01,1.18561,-9999,-0.344857E-02,-0.369312E-01,-9999,16.0000,0.312222,254.431,90.1948,8.52276,98880.8,1.27139
CH-CHA_201201100800.csv,2012-01-10,11:30,10.4790,1,36000,36000,-0.100230E-01,0,0.222406E-02,36.4973,1,6.28145,-9999,-9999,-9999,5.00414,2,5.80061,-9999,-9999,-9999,-1.26232,-9999,-0.376489,-9999,0.243103E-09,-9999,21.9698,544.233,544.233,2.65000,0,-9999,-9999,-9999,-9999,0,287.702,287.702,96559.5,1.16926,1005.42,0.247718E-01,-9999,-9999,-9999,1651.73,-9999,-9999,-9999,-9999,0.161118,-0.581250,-0.888444E-02,0.603233,-0.917326E-13,0.110653E-13,0.603233,1.84895,262.658,285.493,-0.843886,-9999,0.925857E-01,0.190145,-1.84701,-1.08825,-9999,-0.335319,0,-9999,-9999,-9999,-9999,-9999,-9999,-9999,-0.985700E-02,1.01684,35.6997,1.02234,-9999,-9999,2.24386,1.17360,-9999,-9999,800000099,800000199,800000099,800001199,800001199,800001199,801100199,811110199,81000,81000,80,81,2,0,0,17,7,1,0.144597,0.217748,0.179451E-01,0.391480,0.431394,-9999,0.303674E-01,0.224386E-02,-9999,15.9957,0.352222,252.953,80.9542,10.1450,98833.3,1.28197
CH-CHA_201201100800.csv,2012-01-10,12:00,10.4999,1,36000,36000,-0.227323E-01,0,0.653039E-02,76.7054,0,10.9560,-18.5388,2,32.3996,-6.32521,2,6.93561,-0.417009,2,0.728792,-0.947360,-9999,-3.48664,-9999,-0.627213E-10,-0.288125E-12,19.4070,480.080,481.141,0.400000,0,89.1507,2.20536,2.21023,9.55000,0,287.303,287.102,96559.5,1.17073,1006.59,0.247374E-01,-0.270222E-01,0.160649E-02,212.856,1588.73,0.137222E-02,13.3979,1375.87,259.457,0.946921,-0.594884E-01,0.183225E-01,0.948965,-0.620602E-13,-0.323189E-14,0.948965,2.43922,188.398,356.405,1.10633,-9999,0.139346,0.301850,-2.99706,-0.670656,-4.13756,-0.467116,0,-9999,-9999,-9999,-9999,-9999,-9999,-9999,-0.224373E-01,1.01315,74.2398,1.02032,-16.5563,1.17154,-8.98387,1.17154,-0.372416,1.17154,800000099,800000099,800000099,800001199,800001099,800001099,800000199,800000199,80100,80100,80,81,2,0,0,14,5,0,0.282037,0.277943,0.437200E-01,0.875206,0.656410,3065.65,0.629985E-01,-0.898387E-02,-0.372416,15.9969,0.358889,250.319,64.4963,14.3723,98805.7,1.31129
CH-CHA_201201100800.csv,2012-01-10,12:30,10.5207,1,36000,36000,0.632379E-02,1,0.296568E-02,18.3713,0,1.98688,19.0373,1,14.4783,-7.96925,1,4.17192,0.429023,1,0.326282,3.04471,1.40843,-0.240278,0.317402E-01,0.391636E-09,0.230014E-11,19.0943,475.628,476.960,0.500000,0,112.143,2.79343,2.80126,0.550000,0,289.301,289.044,96559.5,1.16260,1006.95,0.249095E-01,0.278007E-01,0.202082E-02,269.566,1800.50,0.173820E-02,14.9717,1530.93,262.387,-0.160676,-0.807410,0.211783E-01,0.823514,0.165469E-12,0.205107E-13,0.823514,2.04032,281.060,258.745,1.47364,-9999,0.737520E-01,0.291507,-1.85557,-1.08323,0.965017,-0.212780,0,-9999,-9999,-9999,-9999,-9999,-9999,-9999,0.623581E-02,1.01411,18.9777,1.02078,15.9700,1.17182,-7.85943,1.17182,0.359899,1.17182,800000099,800000099,800000099,800000099,800001099,800001199,800100199,801110199,81100,81100,80,81,1,12,0,13,1,0,0.186955,0.373893,0.221670E-01,0.853378E-01,0.519540,3161.45,0.162109E-01,-0.785943E-02,0.359899,15.9953,0.313333,252.109,75.6803,13.0078,98800.6,1.30127
CH-CHA_201201100800.csv,2012-01-10,13:00,10.5415,1,36000,36000,-0.340528E-01,0,0.286411E-02,26.0581,0,2.06568,44.8696,1,9.76650,-12.8402,0,3.84577,1.01130,1,0.220124,0.200122,5.54340,-1.34069,0.124941,-0.253168E-10,-0.287060E-12,18.0746,450.759,453.074,0.400000,0,204.943,5.11102,5.13728,0.400000,0,289.641,289.172,96559.5,1.16107,1008.20,0.249388E-01,0.655324E-01,0.369307E-02,492.850,1815.18,0.318074E-02,27.1515,1322.34,270.227,-1.45785,-1.39447,0.779432E-01,2.01890,0.558981E-13,-0.140068E-14,2.01890,3.37855,323.806,223.727,2.21256,-9999,0.171257,0.188603,-16.3854,-0.122670,0.580751,-0.129984,0,-9999,-9999,-9999,-9999,-9999,-9999,-9999,-0.336931E-01,1.01068,27.8262,1.02090,37.3056,1.17786,-12.4691,1.17786,0.840820,1.17786,800000099,800001199,800000099,800000099,800000099,800000099,800000199,800000199,80000,80000,80,80,7,11,3,5,22,9,0.152296,0.189764,0.351446E-01,0.874570E-01,0.236601,751.557,0.237710E-01,-0.124691E-01,0.840820,15.9969,0.394444,250.486,65.5364,12.3967,98800.0,1.30177
CH-CHA_201201100800.csv,2012-01-10,13:30,10.5624,1,36000,36000,-0.778952E-03,2,0.100426E-02,54.2494,0,5.68007,46.3626,0,5.14326,-7.36844,0,1.54542,1.04408,0,0.115826,-1.35878,2.99706,-1.27436,0.674937E-01,-0.665369E-10,-0.990582E-12,17.1737,427.181,429.915,0.350000,0,255.678,6.35975,6.40046,0.350000,0,288.890,288.308,96559.5,1.16400,1008.86,0.248741E-01,0.676566E-01,0.460731E-02,613.019,1717.35,0.395816E-02,35.6957,1104.33,273.195,-1.16084,-0.707342,0.393683E-01,1.35994,0.332128E-13,-0.387434E-14,1.35994,2.86798,336.021,211.355,1.65886,-9999,0.258689E-01,0.258506,-0.271316E-01,-74.0833,1.17011,-1.78580,0,-9999,-9999,-9999,-9999,-9999,-9999,-9999,-0.770151E-03,1.01143,55.5789,1.01991,37.7341,1.17266,-9.00984,1.17266,0.849769,1.17266,800000099,800000099,800000099,800000099,800000099,800000099,800000199,800000199,81000,81000,80,81,0,4,0,32,35,11,0.241481,0.237393,0.381386E-01,0.505435,0.580634E-01,328.764,0.473287E-01,-0.900984E-02,0.849769,16.0000,3.69389,249.092,56.8243,15.0396,98768.6,1.32725
CH-CHA_201201100800.csv,2012-01-10,14:00,10.5832,1,36000,36000,-0.168571E-01,1,0.409288E-02,66.6163,0,7.92320,67.6400,0,5.20465,-8.15342,0,0.975184,1.52379,0,0.117250,0.573750,-0.315725,-0.531295,-0.711260E-02,0.158261E-10,0.236174E-12,16.7575,417.340,419.955,0.350000,0,250.074,6.22800,6.26703,0.300000,0,289.244,288.673,96559.5,1.16259,1008.80,0.249046E-01,0.987413E-01,0.450634E-02,600.345,1758.12,0.387613E-02,34.1470,1157.77,272.908,-1.54934,-0.828842,0.784522E-01,1.75886,0.624925E-13,0.944414E-15,1.75886,3.93225,337.639,208.145,2.55647,-9999,0.120415,0.367005,-2.22837,-0.902003,0.984864,-0.471707,0,-9999,-9999,-9999,-9999,-9999,-9999,-9999,-0.166770E-01,1.01080,68.7655,1.02036,55.3272,1.17547,-10.2814,1.17547,1.24640,1.17547,800000099,800000099,800000099,800000099,800000099,800001099,800000199,800000199,81100,81100,80,81,2,2,0,15,30,20,0.453958,0.236853,0.431983E-01,0.539520,0.162659E-01,161.717,0.586330E-01,-0.102814E-01,1.24640,15.9973,1.10500,249.000,56.2500,18.9110,98737.3,1.35108
CH-CHA_201201101400.csv,2012-01-10,14:30,10.6040,1,36000,36000,-0.248199E-01,0,0.220808E-02,26.0309,0,2.17306,33.0412,0,1.93479,-5.85017,0,0.481170,0.744838,0,0.436153E-01,1.07129,0.438717,0.199661,0.988986E-02,-0.556496E-10,-0.847423E-12,16.8655,421.047,423.764,0.300000,0,256.825,6.41164,6.45302,0.300000,0,289.946,289.357,96559.5,1.15976,1008.91,0.249650E-01,0.482655E-01,0.462799E-02,618.011,1836.69,0.399047E-02,33.6481,1218.68,273.307,-1.96028,-0.854538,0.103149,2.14092,0.539250E-13,-0.329961E-14,2.14092,3.69819,343.884,203.554,2.76157,-9999,0.146290,0.264845,-10.2261,-0.196557,0.787832,-0.152073,0,-9999,-9999,-9999,-9999,-9999,-9999,-9999,-0.245578E-01,1.01067,27.1881,1.02121,27.1005,1.17909,-6.32683,1.17909,0.610918,1.17909,800000099,800000099,800000099,800000099,800000099,800000099,800000199,800010199,81100,81100,80,80,3,0,2,2,22,5,0.181094,0.314910,0.336869E-01,0.120421,0.796025E-02,73.3064,0.232358E-01,-0.632683E-02,0.610918,15.9953,0.272222,249.000,56.2500,16.3501,98727.8,1.32645
CH-CHA_201201101400.csv,2012-01-10,15:00,10.6249,1,36000,36000,-0.164166E-01,0,0.246829E-02,20.6253,0,1.85429,29.0027,0,2.11735,-6.05672,0,0.643059,0.653696,0,0.477233E-01,-0.256943,-0.483716E-01,-0.114335,-0.109026E-02,0.496087E-10,0.756864E-12,16.7901,418.925,421.620,0.300000,0,256.161,6.39141,6.43252,0.300000,0,289.780,289.193,96559.5,1.16043,1008.90,0.249507E-01,0.423595E-01,0.461603E-02,616.064,1817.58,0.397787E-02,33.8948,1201.51,273.264,-1.49886,-0.628418,0.946250E-01,1.62802,-0.837885E-13,0.295464E-14,1.62802,3.08055,343.838,202.746,3.33206,-9999,0.118941,0.221910,-6.93659,-0.289768,0.711150,-0.148116,0,-9999,-9999,-9999,-9999,-9999,-9999,-9999,-0.162390E-01,1.01094,21.7123,1.02015,23.9484,1.17441,-6.26091,1.17441,0.539777,1.17441,800000099,800000099,800000099,800000099,800000099,800000099,800000199,801110199,81100,81100,80,80,0,2,3,6,12,4,0.147427,0.267290,0.291027E-01,0.618585E-01,0.104695E-01,59.7049,0.185456E-01,-0.626091E-02,0.539777,16.0000,0.262222,249.000,56.2500,16.4539,98732.2,1.32754
CH-CHA_201201101400.csv,2012-01-10,15:30,10.6457,1,36000,36000,-0.172699E-01,0,0.180008E-02,6.31549,0,0.871865,24.0534,0,1.91998,-4.99737,0,0.476117,0.542325,0,0.432892E-01,0.544035,-0.546278E-01,-0.127061,-0.123168E-02,0.274324E-10,0.419392E-12,16.6756,416.564,419.234,0.450000,0,254.940,6.36852,6.40934,0.400000,0,290.126,289.541,96559.5,1.15904,1008.89,0.249805E-01,0.351427E-01,0.459401E-02,613.863,1858.30,0.396362E-02,33.0335,1244.44,273.214,-1.14424,-1.06578,0.695060E-01,1.56525,0.254055E-13,0.164507E-14,1.56525,2.77090,323.710,222.967,2.54510,-9999,0.122066,0.110183,-24.4865,-0.820861E-01,0.262561,-0.442454E-01,0,-9999,-9999,-9999,-9999,-9999,-9999,-9999,-0.170816E-01,1.01102,7.43018,1.02007,20.1794,1.17395,-4.71394,1.17395,0.454979,1.17395,800000099,800000099,800000099,800000099,800000099,800000099,800010199,801110199,80000,80100,80,80,0,4,1,0,6,1,0.808745E-01,0.118887,0.206051E-01,0.211634E-01,0.666482E-02,49.2866,0.635411E-02,-0.471394E-02,0.454979,15.9953,0.370000,249.000,56.2500,16.0360,98726.9,1.32556
CH-CHA_201201101400.csv,2012-01-10,16:00,10.6665,1,36000,36000,-0.106783E-01,0,0.999640E-03,-3.61672,0,0.526727,12.0053,0,0.947829,-2.44118,0,0.294251,0.270784,0,0.213786E-01,0.622779,0.367510E-02,0.619738E-01,0.828931E-04,0.389730E-10,0.594327E-12,16.6987,417.717,420.395,0.450000,0,254.651,6.37007,6.41090,0.450000,0,290.525,289.939,96559.5,1.15745,1008.90,0.250149E-01,0.175468E-01,0.458881E-02,614.011,1905.97,0.396458E-02,32.2152,1291.96,273.218,-1.02620,-0.986847,0.469113E-01,1.42448,-0.276784E-13,0.233389E-14,1.42448,2.46010,322.725,223.880,1.88721,-9999,0.960504E-01,0.826041E-01,20.8322,0.964852E-01,-0.301260,0.322452E-01,0,-9999,-9999,-9999,-9999,-9999,-9999,-9999,-0.105432E-01,1.01281,-2.95190,1.02670,9.49201,1.26944,-1.87146,1.26944,0.214096,1.26944,800000099,800000099,800000099,800000099,800000099,800000099,811110199,811110199,81100,81100,80,80,3,5,2,0,13,4,0.644502E-01,0.874017E-01,0.133562E-01,0.113887E-01,0.856836E-02,31.0534,-0.252785E-02,-0.187146E-02,0.214096,16.0000,0.407778,249.000,56.2500,14.8844,98719.2,1.31900
CH-CHA_201201101400.csv,2012-01-10,16:30,10.6873,1,36000,36000,-0.381759E-02,1,0.885700E-03,-5.13808,0,1.63855,4.02022,0,0.428047,-1.55063,0,0.174084,0.906974E-01,0,0.965689E-02,0.359772,0.759293E-01,0.185009,0.171299E-02,0.859306E-10,0.130621E-11,16.8229,421.162,423.876,0.350000,0,255.720,6.40196,6.44321,0.350000,0,290.759,290.169,96559.5,1.15652,1008.92,0.250350E-01,0.587719E-02,0.460808E-02,617.080,1934.01,0.398444E-02,31.9067,1316.93,273.286,-1.05274,-0.549668,0.365061E-01,1.18816,-0.136019E-12,0.510794E-14,1.18816,2.07526,340.811,207.571,1.76069,-9999,0.574537E-01,0.967494E-01,3.13842,0.640449,-1.27806,0.766428E-01,0,-9999,-9999,-9999,-9999,-9999,-9999,-9999,-0.370118E-02,1.03145,-4.68284,1.06446,2.52548,1.64980,-0.808257,1.64980,0.569757E-01,1.64980,800000099,800000099,800000099,800000099,800000099,800100099,811100199,811110199,80000,80000,80,81,3,1,2,1,0,1,0.121359,0.639337E-01,0.820621E-02,0.131642,0.238748E-02,8.56408,-0.401327E-02,-0.808257E-03,0.569757E-01,16.0000,6.24870,249.000,56.2500,13.1619,98741.8,1.30930
CH-CHA_201201101400.csv,2012-01-10,17:00,10.7082,0,36000,36000,0.255660E-02,1,0.112571E-02,0.898438,0,1.02715,-1.57159,1,0.651274,1.89732,0,1.19189,-0.354670E-01,1,0.146977E-01,0.518613,-0.240547E-02,0.343497,-0.542856E-04,-0.314818E-10,-0.471303E-12,17.0592,427.566,430.321,8.60000,0,255.388,6.40095,6.44219,-0.400000,0,291.092,290.502,96559.5,1.15520,1008.93,0.250637E-01,-0.229826E-02,0.460208E-02,616.982,1975.12,0.398381E-02,31.2377,1358.14,273.284,-0.527452,0.152590,0.362196E-01,0.550274,0.295351E-15,-0.184544E-14,0.550274,1.82231,29.1731,163.865,3.77400,-9999,0.470439E-01,0.857590E-01,-9.85335,-0.203992,-0.571674,-0.163858E-01,0,-9999,-9999,-9999,-9999,-9999,-9999,-9999,0.251182E-02,1.01783,0.797355,1.02295,-1.35522,1.17441,1.58989,1.17441,-0.305840E-01,1.17441,800000099,800000099,800000099,800000099,800000099,800100099,811100199,811100199,80000,81000,80,80,2,23,10,5,9,22,0.778583E-01,0.877179E-01,0.594187E-02,0.560792,0.894453E-01,13.2831,0.684123E-03,0.158989E-02,-0.305840E-01,16.0000,0.216667,249.000,56.2500,8.58303,98769.8,1.27857
CH-CHA_201201101400.csv,2012-01-10,17:30,10.7290,0,36000,36000,0.213371E-02,2,0.127286E-02,-2.09051,1,0.993002,-4.51210,1,2.37727,-3.23666,2,0.680323,-0.101713,1,0.535891E-01,-1.82231,-1.48754,0.547418,-0.335326E-01,-0.120380E-10,-0.158914E-12,17.5383,437.728,440.272,-1.00000,0,231.523,5.77845,5.81203,-1.00000,0,289.869,289.338,96559.5,1.16011,1008.57,0.249584E-01,-0.659100E-02,0.417205E-02,557.090,1834.52,0.359625E-02,30.3670,1277.43,271.885,-0.347409E-01,0.298103,0.200799E-01,0.300792,0.296321E-12,-0.686384E-15,0.300792,1.40982,61.3924,96.6473,3.82772,-9999,0.428862E-01,0.166052,3.20780,0.626598,0.463313,0.416611E-01,0,-9999,-9999,-9999,-9999,-9999,-9999,-9999,0.206236E-02,1.03460,-2.12045,1.06828,-2.63619,1.67766,-1.83822,1.67766,-0.594258E-01,1.67766,800000099,800100099,800000099,800000099,800000099,801000099,811110199,811110199,80000,80100,80,81,0,7,1,9,18,1,0.113064,0.217367,0.167224E-02,0.871664E-01,0.476897E-01,304.639,-0.181227E-02,-0.183822E-02,-0.594258E-01,16.0000,0.263333,249.304,58.1488,5.13376,98787.3,1.23828
CH-CHA_201201101400.csv,2012-01-10,18:00,10.7498,0,36000,36000,-0.233933E-02,1,0.790779E-03,-6.61946,1,2.31367,31.0726,1,12.1228,23.9911,1,4.35071,0.700098,1,0.273139,-0.814290,-5.70333,-1.25811,-0.128502,-0.185164E-09,-0.151864E-11,16.6473,414.432,415.846,5.05000,0,136.535,3.39900,3.41060,-1.00000,0,289.131,288.819,96559.5,1.16324,1007.27,0.248948E-01,0.453663E-01,0.246035E-02,327.940,1774.74,0.211509E-02,18.4783,1446.79,264.877,-0.503276E-01,0.101787,0.110550E-01,0.114087,0.157580E-12,-0.111228E-13,0.114087,1.41121,70.4120,116.310,5.56069,-9999,0.448447E-01,0.120939,1.15783,1.73600,-0.213032,0.125979,0,-9999,-9999,-9999,-9999,-9999,-9999,-9999,-0.220567E-02,1.06060,-5.05866,1.11745,14.4359,2.15335,11.1579,2.15335,0.325257,2.15335,800000099,800100099,800000099,800000099,800000099,800000199,811110199,811110199,81100,81100,80,81,3,0,0,2,0,0,0.306814E-01,0.208390,0.280605E-02,0.203064,1.03199,4172.01,-0.431738E-02,0.111579E-01,0.325257,15.9961,0.193333,250.416,65.0974,3.24148,98786.3,1.22011
CH-CHA_201201101400.csv,2012-01-10,18:30,10.7707,0,36000,36000,0.115143E-01,1,0.264082E-02,0.957508E-01,2,0.576449,-9999,-9999,-9999,-9999,-9999,-9999,-9999,-9999,-9999,-1.27512,-9999,-9999,-9999,-9999,-9999,-9999,-9999,-9999,-9999,0,-9999,-9999,-9999,-9999,0,288.008,288.008,96559.5,1.16801,1005.43,0.247982E-01,-9999,-9999,-9999,1684.67,-9999,-9999,-9999,-9999,-0.416058,-0.261900,0.272542E-02,0.491633,-0.718647E-13,-0.528830E-14,0.491633,1.69192,332.724,212.190,0.317626,-9999,0.992874E-01,0.134955,-868.240,-0.231503E-02,-9999,-0.821200E-03,0,-9999,-9999,-9999,-9999,-9999,-9999,-9999,0.112978E-01,1.01916,0.935262E-01,1.02379,-9999,-9999,-9999,-9999,-9999,-9999,800000099,800100199,800000099,800001199,800000099,810100199,811100199,811110199,81000,81000,80,81,0,0,3,0,0,0,0.228007,0.389040E-01,0.299971E-02,0.980510,-9999,-9999,0.796405E-04,-9999,-9999,16.0000,4.69611,254.565,91.0285,2.14388,98787.3,1.20704
CH-CHA_201201101400.csv,2012-01-10,19:00,10.7915,0,36000,36000,-0.636241E-02,1,0.162269E-02,-9.72821,1,3.50429,-9999,-9999,-9999,-9999,-9999,-9999,-9999,-9999,-9999,-0.707037E-01,-9999,-9999,-9999,-9999,-9999,-9999,-9999,-9999,-9999,0,-9999,-9999,-9999,-9999,0,287.963,287.963,96559.5,1.16820,1005.43,0.247943E-01,-9999,-9999,-9999,1679.80,-9999,-9999,-9999,-9999,-1.11563,-0.322976,0.400964E-01,1.16213,-0.156124E-12,0.110497E-14,1.16213,2.04636,352.831,196.146,1.97724,-9999,0.737994E-01,0.169886,3.50934,0.572758,-9999,0.112231,0,-9999,-9999,-9999,-9999,-9999,-9999,-9999,-0.617779E-02,1.02988,-9.16609,1.06133,-9999,-9999,-9999,-9999,-9999,-9999,800000099,800000199,800000099,800001199,800000099,800110099,811100199,811110199,81000,81100,80,81,0,0,1,2,1,0,0.129258,0.207215,0.329847E-02,0.578874,-9999,-9999,-0.780401E-02,-9999,-9999,15.9953,1.68444,255.000,93.7500,1.72582,98767.7,1.21285
CH-CHA_201201101400.csv,2012-01-10,19:30,10.8123,0,36000,36000,0.151431E-01,1,0.375890E-02,8.90615,2,3.63807,-9999,-9999,-9999,-6.65095,1,2.18158,-9999,-9999,-9999,-1.99678,-9999,-9999,-9999,-0.395221E-09,-9999,28.0995,693.648,693.648,-1.00000,0,-9999,-9999,-9999,-9999,0,286.699,286.699,96559.5,1.17335,1005.40,0.246855E-01,-9999,-9999,-9999,1547.68,-9999,-9999,-9999,-9999,-0.501541,0.230445,0.135542E-01,0.552116,-0.114488E-12,-0.140651E-13,0.552116,1.78511,25.1477,155.322,1.40672,-9999,0.113604,0.229707,-13.9823,-0.143753,-9999,-0.664554E-01,0,-9999,-9999,-9999,-9999,-9999,-9999,-9999,0.148784E-01,1.01779,8.70657,1.02292,-9999,-9999,-6.29345,1.17438,-9999,-9999,800000099,800000199,800000099,800000199,800000199,800010199,811110099,811110099,81000,81000,80,81,24,10,1,30,6,0,0.373240,0.820224E-01,0.415141E-02,0.529138,0.353183,-9999,0.738043E-02,-0.629345E-02,-9999,15.9981,0.400000,255.000,93.7500,1.49924,98774.7,1.20023
CH-CHA_201201101400.csv,2012-01-10,20:00,10.8332,0,36000,36000,0.833181E-02,1,0.123437E-02,-8.10204,1,2.19009,-9999,-9999,-9999,28.1802,1,5.97750,-9999,-9999,-9999,-1.44558,-9999,0.239879E-01,-9999,0.179313E-09,-9999,28.2070,694.087,694.087,10.0000,0,-9999,-9999,-9999,-9999,0,285.787,285.787,96559.5,1.17709,1005.38,0.246069E-01,-9999,-9999,-9999,1458.09,-9999,-9999,-9999,-9999,-0.167544E-01,-0.195222,-0.171729E-01,0.196690,0.425176E-13,0.635704E-14,0.196690,0.803119,281.595,265.095,-5.00884,-9999,0.841326E-01,0.469983E-01,6.24277,0.321972,-9999,0.813746E-01,0,-9999,-9999,-9999,-9999,-9999,-9999,-9999,0.811837E-02,1.02629,-7.73915,1.04689,-9999,-9999,19.9127,1.44912,-9999,-9999,800000099,800101199,800000099,800000199,800000199,800000199,811110099,811110099,80000,80000,80,81,0,0,2,4,0,0,0.588352E-01,0.338233E-01,0.133805E-02,0.252110,2.69268,-9999,-0.653962E-02,0.199127E-01,-9999,15.9953,0.622778,255.000,93.7500,0.926469,98765.0,1.18270
CH-CHA_201201102000.csv,2012-01-10,20:30,10.8540,0,36000,36000,-0.109705E-01,1,0.184742E-02,-9.62944,2,2.87996,-9999,-9999,-9999,36.5521,2,5.85452,-9999,-9999,-9999,-1.43926,-9999,4.86111,-9999,0.211999E-09,-9999,31.9124,782.776,782.776,10.0000,0,-9999,-9999,-9999,-9999,0,284.881,284.881,96559.5,1.18083,1005.36,0.245289E-01,-9999,-9999,-9999,1373.72,-9999,-9999,-9999,-9999,0.616104E-01,0.864844E-01,0.719556E-02,0.106429,-0.967058E-13,0.664316E-14,0.106429,0.990253,124.237,54.5344,3.87666,-9999,0.963871E-01,0.123748,7.89816,0.254490,-9999,0.841533E-01,0,-9999,-9999,-9999,-9999,-9999,-9999,-9999,-0.106467E-01,1.03041,-9.20849,1.04571,-9999,-9999,26.5762,1.40956,-9999,-9999,800000099,800100199,800000099,800000199,800001199,800111199,811110099,811110099,80000,80000,80,81,0,0,0,0,0,0,0.972550E-01,0.148295,0.194568E-02,0.304174,1.72268,-9999,-0.775671E-02,0.265762E-01,-9999,16.0000,0.358889,255.000,93.7500,0.328308,98772.8,1.17519
CH-CHA_201201102000.csv,2012-01-10,21:00,10.8748,0,36000,36000,0.130336E-02,1,0.347955E-03,-1.19851,1,0.466369,-9999,-9999,-9999,-1.28049,2,1.26703,-9999,-9999,-9999,-0.897154,-9999,3.68292,-9999,-0.268280E-10,-9999,34.7150,849.837,849.837,-1.00000,0,-9999,-9999,-9999,-9999,0,284.318,284.318,96559.5,1.18317,1005.35,0.244804E-01,-9999,-9999,-9999,1323.43,-9999,-9999,-9999,-9999,0.311216E-01,0.351806,0.399917E-02,0.353202,0.225942E-13,-0.772808E-15,0.353202,0.921737,101.595,84.9446,0.648751,-9999,0.331901E-01,0.570868E-01,2.59089,0.775795,-9999,0.303576E-01,0,-9999,-9999,-9999,-9999,-9999,-9999,-9999,0.125693E-02,1.03695,-1.11626,1.07369,-9999,-9999,-0.666561,1.73648,-9999,-9999,800000099,800101199,800000099,800000199,800000199,800001199,811110099,811110099,81000,81000,80,81,0,0,2,1,0,0,0.624788E-01,0.509973E-01,0.697563E-03,0.680824E-01,0.789007,-9999,-0.938424E-03,-0.666561E-03,-9999,16.0000,0.392222,255.000,93.7500,0.124632E-01,98775.2,1.17035
CH-CHA_201201102000.csv,2012-01-10,21:30,10.8956,0,36000,36000,-0.867614E-02,1,0.183027E-02,-11.6529,1,2.61365,-9999,-9999,-9999,-9999,-9999,-9999,-9999,-9999,-9999,-1.16160,-9999,-9999,-9999,-9999,-9999,-9999,-9999,-9999,-9999,0,-9999,-9999,-9999,-9999,0,283.590,283.590,96559.5,1.18621,1005.33,0.244178E-01,-9999,-9999,-9999,1260.88,-9999,-9999,-9999,-9999,-0.237372,-0.158018,0.179829E-01,0.285724,-0.132044E-13,-0.629748E-14,0.285724,1.39811,347.394,213.652,3.60847,-9999,0.855230E-01,0.118939,4.55905,0.440881,-9999,0.114256,0,-9999,-9999,-9999,-9999,-9999,-9999,-9999,-0.844160E-02,1.02778,-11.0614,1.05347,-9999,-9999,-9999,-9999,-9999,-9999,800000099,800100199,800000099,800001199,800000199,800111199,811110099,811110099,81000,81000,80,81,18,2,2,9,16,0,0.141259,0.938165E-01,0.280248E-02,0.272561,-9999,-9999,-0.927553E-02,-9999,-9999,15.9914,0.535556,255.000,93.7500,-0.848109E-01,98772.4,1.16623
CH-CHA_201201102000.csv,2012-01-10,22:00,10.9165,0,36000,36000,-0.212499E-02,1,0.646362E-03,-1.13999,1,1.02615,-9999,-9999,-9999,-9999,-9999,-9999,-9999,-9999,-9999,-0.402159,-9999,-9999,-9999,-9999,-9999,-9999,-9999,-9999,-9999,0,-9999,-9999,-9999,-9999,0,283.339,283.339,96559.5,1.18726,1005.33,0.243961E-01,-9999,-9999,-9999,1239.85,-9999,-9999,-9999,-9999,-0.176784,0.381001,0.905083E-02,0.420114,0.107888E-13,0.463282E-14,0.420114,1.09558,69.1599,114.891,1.23446,-9999,0.423063E-01,0.838216E-01,5.64118,0.356309,-9999,0.225757E-01,0,-9999,-9999,-9999,-9999,-9999,-9999,-9999,-0.207551E-02,1.02384,-1.08906,1.04677,-9999,-9999,-9999,-9999,-9999,-9999,800000099,800100199,800000099,800001199,800000199,800010199,811110099,811110099,81000,81000,80,81,0,3,5,0,11,0,0.592045E-01,0.107606,0.832555E-03,0.131338,-9999,-9999,-0.912420E-03,-9999,-9999,16.0000,0.354444,255.000,93.7500,-0.743274E-01,98786.5,1.16380
CH-CHA_201201102000.csv,2012-01-10,22:30,10.9373,0,36000,36000,0.577627E-02,1,0.122120E-02,-8.27845,1,2.32210,-9999,-9999,-9999,-9999,-9999,-9999,-9999,-9999,-9999,-0.517937,-9999,-9999,-9999,-9999,-9999,-9999,-9999,-9999,-9999,0,-9999,-9999,-9999,-9999,0,283.015,283.015,96559.5,1.18862,1005.32,0.243683E-01,-9999,-9999,-9999,1213.26,-9999,-9999,-9999,-9999,0.185824,0.162290,-0.562778E-02,0.246780,-0.130593E-12,0.524753E-14,0.246780,1.47438,162.194,41.1326,-1.30673,-9999,0.697111E-01,0.106848,3.47545,0.578342,-9999,0.993798E-01,0,-9999,-9999,-9999,-9999,-9999,-9999,-9999,0.559477E-02,1.03244,-7.78943,1.06278,-9999,-9999,-9999,-9999,-9999,-9999,800000099,800100199,800000099,800001199,800100199,800111199,811110099,811110099,80000,80000,80,81,1,0,8,3,0,0,0.108543,0.103593,0.156013E-02,0.402230,-9999,-9999,-0.651863E-02,-9999,-9999,16.0000,0.248889,255.000,93.7500,-0.639686,98793.3,1.15528
CH-CHA_201201102000.csv,2012-01-10,23:00,10.9581,0,36000,36000,-0.577990E-02,1,0.122099E-02,3.02596,1,1.08921,-9999,-9999,-9999,-9999,-9999,-9999,-9999,-9999,-9999,-0.333658,-9999,-9999,-9999,-9999,-9999,-9999,-9999,-9999,-9999,0,-9999,-9999,-9999,-9999,0,282.807,282.807,96559.5,1.18950,1005.32,0.243503E-01,-9999,-9999,-9999,1196.41,-9999,-9999,-9999,-9999,-0.611983,-0.197213,0.458915E-01,0.644610,0.280789E-12,-0.153362E-13,0.644610,1.99932,359.778,197.862,4.08249,-9999,0.697074E-01,0.278506,-9.50659,-0.211432,-9999,-0.363009E-01,0,-9999,-9999,-9999,-9999,-9999,-9999,-9999,-0.568786E-02,1.01618,2.96099,1.02194,-9999,-9999,-9999,-9999,-9999,-9999,800000099,800100199,800000099,800001199,800001199,801011199,811110099,811110099,80100,80100,80,81,0,0,2,20,13,0,0.215862,0.339401,0.174912E-02,0.118061,-9999,-9999,0.247611E-02,-9999,-9999,15.9969,0.328889,255.000,93.7500,-0.651844,98799.3,1.15296
CH-CHA_201201102000.csv,2012-01-10,23:30,10.9790,0,36000,36000,-0.240275E-01,1,0.333219E-02,-1.31456,1,2.21323,-9999,-9999,-9999,-9999,-9999,-9999,-9999,-9999,-9999,-0.812399,-9999,-9999,-9999,-9999,-9999,-9999,-9999,-9999,-9999,0,-9999,-9999,-9999,-9999,0,282.300,282.300,96559.5,1.19163,1005.31,0.243067E-01,-9999,-9999,-9999,1156.32,-9999,-9999,-9999,-9999,0.141485,0.909307E-01,0.137586E-01,0.168747,-0.480829E-14,0.103634E-13,0.168747,2.49243,158.499,32.7284,4.67674,-9999,0.141998,0.285728,184.977,0.108662E-01,-9999,0.772778E-02,0,-9999,-9999,-9999,-9999,-9999,-9999,-9999,-0.234638E-01,1.02402,-1.28075,1.02640,-9999,-9999,-9999,-9999,-9999,-9999,800000099,800000199,800000099,800001199,800100199,810110199,811110199,811110199,81000,81000,80,81,2,0,8,18,0,0,0.131947,0.433646,0.586228E-02,0.816773E-01,-9999,-9999,-0.106911E-02,-9999,-9999,15.9973,0.303333,255.000,93.7500,-0.429853,98799.6,1.15153
CH-CHA_201201102000.csv,2012-01-11,00:00,11.0000,0,36000,36000,0.375532E-02,1,0.127022E-02,-4.68740,1,1.01305,-9999,-9999,-9999,-9999,-9999,-9999,-9999,-9999,-9999,-0.215584,-9999,-9999,-9999,-9999,-9999,-9999,-9999,-9999,-9999,0,-9999,-9999,-9999,-9999,0,282.166,282.166,96559.5,1.19220,1005.31,0.242951E-01,-9999,-9999,-9999,1145.88,-9999,-9999,-9999,-9999,0.538565,0.364231,0.394500E-02,0.650178,-0.159720E-12,0.146541E-15,0.650178,1.57092,147.460,34.0704,0.347648,-9999,0.561241E-01,0.110694,3.20304,0.627528,-9999,0.696845E-01,0,-9999,-9999,-9999,-9999,-9999,-9999,-9999,0.364126E-02,1.03133,-4.40733,1.06355,-9999,-9999,-9999,-9999,-9999,-9999,800000099,800100199,800000099,800001199,800010099,800010099,811110199,811110199,80000,80000,80,81,2,0,0,0,0,0,0.125217,0.941601E-01,0.201011E-02,0.104675,-9999,-9999,-0.367729E-02,-9999,-9999,16.0000,0.302222,255.000,93.7500,0.505518E-01,98783.8,1.15447
CH-CHA_201201102000.csv,2012-01-11,00:30,11.0208,0,36000,36000,-0.830005E-02,2,0.184630E-02,6.78950,1,2.52505,-9999,-9999,-9999,-9999,-9999,-9999,-9999,-9999,-9999,-5.18825,-9999,-9999,-9999,-9999,-9999,-9999,-9999,-9999,-9999,0,-9999,-9999,-9999,-9999,0,278.969,278.969,96559.5,1.20586,1005.25,0.240199E-01,-9999,-9999,-9999,920.869,-9999,-9999,-9999,-9999,0.288878,0.151294,0.156897E-01,0.326476,-0.222168E-12,-0.382159E-14,0.326476,1.41103,187.695,27.6425,2.75457,-9999,0.829645E-01,0.241453,-7.14267,-0.281408,-9999,-0.675112E-01,0,-9999,-9999,-9999,-9999,-9999,-9999,-9999,-0.809488E-02,1.02535,6.60583,1.02780,-9999,-9999,-9999,-9999,-9999,-9999,800000099,800100099,800000099,800001199,800000199,800100199,811110199,811110199,80000,80000,80,81,0,5,4,3,0,0,0.376848,0.104052,0.200583E-02,0.684372,-9999,-9999,0.544951E-02,-9999,-9999,15.9977,0.336667,255.000,93.7500,0.729952,98762.4,1.15608
CH-CHA_201201102000.csv,2012-01-11,01:00,11.0416,0,36000,36000,-0.715694E-03,2,0.426413E-03,0.754920,2,0.908750,-9999,-9999,-9999,-9999,-9999,-9999,-9999,-9999,-9999,2.17338,-9999,-9999,-9999,-9999,-9999,-9999,-9999,-9999,-9999,0,-9999,-9999,-9999,-9999,0,280.315,280.315,96559.5,1.20007,1005.27,0.241357E-01,-9999,-9999,-9999,1010.32,-9999,-9999,-9999,-9999,-0.630795,-0.207583,0.240811E-01,0.664510,-0.536824E-14,-0.262697E-15,0.664510,1.26606,350.775,198.215,2.07679,-9999,0.244208E-01,0.416976E-01,-1.63837,-1.22683,-9999,-0.256242E-01,0,-9999,-9999,-9999,-9999,-9999,-9999,-9999,-0.704497E-03,1.01589,0.738832,1.02177,-9999,-9999,-9999,-9999,-9999,-9999,800000099,800000099,800000099,800001199,800000099,800000199,811110199,811110199,81000,81000,80,80,0,1,0,12,0,0,0.584058E-01,0.214663E-01,0.352314E-02,0.665943E-01,-9999,-9999,0.612428E-03,-9999,-9999,16.0000,0.246667,255.000,93.7500,1.26797,98757.4,1.15963
CH-CHA_201201102000.csv,2012-01-11,01:30,11.0624,0,36000,36000,-0.431644E-01,1,0.589538E-02,-15.1897,2,3.12864,-9999,-9999,-9999,-9999,-9999,-9999,-9999,-9999,-9999,1.57431,-9999,-9999,-9999,-9999,-9999,-9999,-9999,-9999,-9999,0,-9999,-9999,-9999,-9999,0,281.293,281.293,96559.5,1.19590,1005.29,0.242200E-01,-9999,-9999,-9999,1080.07,-9999,-9999,-9999,-9999,0.565411E-01,0.950293E-01,0.170447E-01,0.111884,-0.241969E-12,0.198616E-14,0.111884,1.55939,131.361,59.2480,8.76273,-9999,0.189983,0.153832,38.3387,0.524274E-01,-9999,0.665039E-01,0,-9999,-9999,-9999,-9999,-9999,-9999,-9999,-0.419112E-01,1.02990,-14.7121,1.03246,-9999,-9999,-9999,-9999,-9999,-9999,800000099,800010199,800000099,800000199,800000199,800100199,811110199,811110199,80000,80000,80,81,1,0,2,11,3,0,0.169667,0.126193,0.118050E-01,0.612812E-01,-9999,-9999,-0.122374E-01,-9999,-9999,16.0000,0.232222,255.000,93.7500,1.87311,98773.6,1.16939
CH-CHA_201201102000.csv,2012-01-11,02:00,11.0833,0,36000,36000,-0.137747E-01,1,0.257985E-02,3.12262,1,0.859271,-9999,-9999,-9999,-5.07221,1,1.66109,-9999,-9999,-9999,0.350250,-9999,-9999,-9999,-0.375785E-09,-9999,36.6594,888.576,888.576,7.95000,0,-9999,-9999,-9999,-9999,0,281.510,281.510,96559.5,1.19497,1005.29,0.242387E-01,-9999,-9999,-9999,1096.16,-9999,-9999,-9999,-9999,0.752827,0.307600,0.448000E-01,0.814477,0.161481E-13,-0.102507E-13,0.814477,2.02341,169.221,22.2246,3.15312,-9999,0.107365,0.138910,-33.6597,-0.597153E-01,-9999,-0.242106E-01,0,-9999,-9999,-9999,-9999,-9999,-9999,-9999,-0.135820E-01,1.01419,3.05892,1.02082,-9999,-9999,-4.61721,1.17186,-9999,-9999,800000099,800010199,800000099,800000199,800000099,800000199,811110199,811110199,80000,80000,80,81,1,6,0,5,0,0,0.222895,0.464073E-01,0.851761E-02,0.226970E-01,0.132953,-9999,0.254634E-02,-0.461721E-02,-9999,16.0000,0.246667,255.000,93.7500,2.24447,98799.1,1.17287
CH-CHA_201201110200.csv,2012-01-11,02:30,11.1041,0,36000,36000,-0.186878E-02,1,0.539307E-03,0.308910,0,0.399038,-9999,-9999,-9999,3.20855,1,5.08668,-9999,-9999,-9999,0.256580,-9999,-1.22868,-9999,0.211656E-09,-9999,35.7247,866.412,866.412,9.95000,0,-9999,-9999,-9999,-9999,0,281.670,281.670,96559.5,1.19430,1005.30,0.242524E-01,-9999,-9999,-9999,1108.09,-9999,-9999,-9999,-9999,0.710086,0.125740,0.116829E-01,0.721228,-0.400092E-13,0.592464E-14,0.721228,1.49696,178.389,10.0417,0.928155,-9999,0.395570E-01,0.667933E-01,-17.0169,-0.118118,-9999,-0.650432E-02,0,-9999,-9999,-9999,-9999,-9999,-9999,-9999,-0.184087E-02,1.01516,0.302452,1.02135,-9999,-9999,2.70893,1.17239,-9999,-9999,800000099,800010199,800000099,800000199,800000199,800001199,810110099,811110099,81000,81000,80,80,6,3,3,15,0,0,0.468855E-01,0.794722E-01,0.722902E-02,0.685758E-02,1.35990,-9999,0.251912E-03,0.270893E-02,-9999,16.0000,0.247778,255.000,93.7500,2.34729,98800.3,1.17531
CH-CHA_201201110200.csv,2012-01-11,03:00,11.1249,0,36000,36000,0.618684E-02,1,0.169471E-02,-0.248192,2,0.228472,-9999,-9999,-9999,-9999,-9999,-9999,-9999,-9999,-9999,0.278798,-9999,-9999,-9999,-9999,-9999,-9999,-9999,-9999,-9999,0,-9999,-9999,-9999,-9999,0,281.844,281.844,96559.5,1.19356,1005.30,0.242674E-01,-9999,-9999,-9999,1121.19,-9999,-9999,-9999,-9999,0.457376,0.349437,-0.114097E-02,0.575587,0.173639E-12,0.670679E-14,0.575587,1.90486,151.271,37.3799,-0.113576,-9999,0.719966E-01,0.113976,127.700,0.157400E-01,-9999,0.287300E-02,0,-9999,-9999,-9999,-9999,-9999,-9999,-9999,0.611025E-02,1.01253,-0.243055,1.02114,-9999,-9999,-9999,-9999,-9999,-9999,800000099,800010199,800000099,800001199,800000199,800110199,811110099,811110099,81000,81000,80,81,0,1,4,7,0,0,0.171948,0.522936E-01,0.371167E-02,0.369020E-02,-9999,-9999,-0.202565E-03,-9999,-9999,16.0000,0.222222,255.000,93.7500,2.73923,98800.9,1.17901
CH-CHA_201201110200.csv,2012-01-11,03:30,11.1458,0,36000,36000,0.465556E-02,1,0.119707E-02,-1.05785,1,0.502333,-9999,-9999,-9999,-9999,-9999,-9999,-9999,-9999,-9999,0.183709,-9999,-9999,-9999,-9999,-9999,-9999,-9999,-9999,-9999,0,-9999,-9999,-9999,-9999,0,281.958,281.958,96559.5,1.19308,1005.30,0.242772E-01,-9999,-9999,-9999,1129.91,-9999,-9999,-9999,-9999,0.245708,0.585877,-0.305278E-02,0.635322,-0.187964E-12,-0.852504E-14,0.635322,1.45492,117.989,67.2475,-0.275312,-9999,0.624671E-01,0.646128E-01,19.5694,0.102711,-9999,0.141191E-01,0,-9999,-9999,-9999,-9999,-9999,-9999,-9999,0.458857E-02,1.01460,-1.02922,1.02781,-9999,-9999,-9999,-9999,-9999,-9999,800000099,800010199,800000099,800001199,800000199,800000199,811110099,811110099,80000,80000,80,81,0,1,0,11,3,0,0.483620E-01,0.764409E-01,0.442280E-02,0.936636E-02,-9999,-9999,-0.858111E-03,-9999,-9999,15.9981,0.304444,255.000,93.7500,2.80678,98800.8,1.18009
CH-CHA_201201110200.csv,2012-01-11,04:00,11.1666,0,36000,36000,-0.236439E-02,1,0.667885E-03,-0.720184,1,0.392587,-9999,-9999,-9999,-9999,-9999,-9999,-9999,-9999,-9999,0.574039,-9999,-9999,-9999,-9999,-9999,-9999,-9999,-9999,-9999,0,-9999,-9999,-9999,-9999,0,282.316,282.316,96559.5,1.19156,1005.31,0.243081E-01,-9999,-9999,-9999,1157.55,-9999,-9999,-9999,-9999,0.109505,0.622970,-0.698056E-02,0.632560,0.411643E-13,0.477013E-15,0.632560,1.49519,107.558,80.0305,-0.632295,-9999,0.445452E-01,0.510625E-01,10.4233,0.192837,-9999,0.134966E-01,0,-9999,-9999,-9999,-9999,-9999,-9999,-9999,-0.232365E-02,1.01753,-0.696105,1.03459,-9999,-9999,-9999,-9999,-9999,-9999,800000099,800010199,800000099,800001199,800000199,800000199,811110099,811110099,80000,80000,80,81,0,22,0,33,32,0,0.505532E-01,0.465327E-01,0.503915E-02,0.102459E-01,-9999,-9999,-0.581109E-03,-9999,-9999,16.0000,0.690556,255.000,93.7500,2.99057,98800.0,1.18577
CH-CHA_201201110200.csv,2012-01-11,04:30,11.1874,0,36000,36000,0.535688E-02,1,0.184143E-02,1.14830,1,0.652522,-9999,-9999,-9999,-9999,-9999,-9999,-9999,-9999,-9999,0.398878,-9999,-9999,-9999,-9999,-9999,-9999,-9999,-9999,-9999,0,-9999,-9999,-9999,-9999,0,282.565,282.565,96559.5,1.19051,1005.31,0.243295E-01,-9999,-9999,-9999,1177.12,-9999,-9999,-9999,-9999,0.283323E-02,-0.116969,-0.278514E-02,0.117036,-0.209907E-13,0.627409E-15,0.117036,1.13217,290.166,271.388,-1.36361,-9999,0.670793E-01,0.664900E-01,-22.3234,-0.900401E-01,-9999,-0.143031E-01,0,-9999,-9999,-9999,-9999,-9999,-9999,-9999,0.508224E-02,1.05404,1.09665,1.04711,-9999,-9999,-9999,-9999,-9999,-9999,800000099,800110199,800000099,800001199,800000199,800100199,811110099,811110099,81000,81000,80,81,9,0,3,9,3,0,0.102143,0.268800E-01,0.395667E-02,0.133427E-01,-9999,-9999,0.916283E-03,-9999,-9999,15.9973,10.4233,255.000,93.7500,3.36931,98784.8,1.19218
CH-CHA_201201110200.csv,2012-01-11,05:00,11.2082,0,36000,36000,-0.685800E-02,1,0.159963E-02,-0.834867,1,0.722030,-9999,-9999,-9999,-9999,-9999,-9999,-9999,-9999,-9999,-0.747603E-02,-9999,-9999,-9999,-9999,-9999,-9999,-9999,-9999,-9999,0,-9999,-9999,-9999,-9999,0,282.560,282.560,96559.5,1.19053,1005.31,0.243291E-01,-9999,-9999,-9999,1176.75,-9999,-9999,-9999,-9999,0.824247E-01,0.320906,0.732778E-02,0.331404,0.372221E-13,0.169852E-15,0.331404,1.41602,111.476,75.5950,1.26699,-9999,0.758976E-01,0.646700E-01,44.4751,0.451938E-01,-9999,0.919063E-02,0,-9999,-9999,-9999,-9999,-9999,-9999,-9999,-0.674809E-02,1.01629,-0.814454,1.02506,-9999,-9999,-9999,-9999,-9999,-9999,800000099,800010199,800000099,800000199,800100199,800100199,811110099,811110099,81000,81000,80,81,0,2,4,14,0,0,0.751051E-01,0.488220E-01,0.541283E-02,0.153656E-01,-9999,-9999,-0.680491E-03,-9999,-9999,16.0000,0.450604,255.000,93.7500,3.57418,98764.7,1.19450
CH-CHA_201201110200.csv,2012-01-11,05:30,11.2291,0,36000,36000,0.244975E-02,1,0.142072E-02,0.625170,1,0.497933,-9999,-9999,-9999,-9999,-9999,-9999,-9999,-9999,-9999,0.601746,-9999,-9999,-9999,-9999,-9999,-9999,-9999,-9999,-9999,0,-9999,-9999,-9999,-9999,0,282.936,282.936,96559.5,1.18895,1005.32,0.243615E-01,-9999,-9999,-9999,1206.86,-9999,-9999,-9999,-9999,-0.410336,-0.116254,0.208493E-01,0.426996,0.169480E-13,0.239218E-14,0.426996,1.47993,348.746,195.818,2.79875,-9999,0.453919E-01,0.503404E-01,-12.7055,-0.158199,-9999,-0.115226E-01,0,-9999,-9999,-9999,-9999,-9999,-9999,-9999,0.239926E-02,1.02104,0.609927,1.02499,-9999,-9999,-9999,-9999,-9999,-9999,800000099,800011199,800000099,800000199,800000199,800000199,811110199,811110199,81000,81000,80,81,15,21,5,0,0,0,0.674864E-01,0.286058E-01,0.458860E-02,0.117374E-01,-9999,-9999,0.510280E-03,-9999,-9999,16.0000,0.464444,255.000,93.7500,3.84645,98761.9,1.19679
CH-CHA_201201110200.csv,2012-01-11,06:00,11.2499,0,36000,36000,-0.179818E-02,1,0.141005E-02,2.86217,1,0.470956,-9999,-9999,-9999,4.98140,1,1.59224,-9999,-9999,-9999,-0.252268,-9999,-9999,-9999,0.358135E-09,-9999,35.6547,868.117,868.117,0.250000,0,-9999,-9999,-9999,-9999,0,282.779,282.779,96559.5,1.18961,1005.32,0.243479E-01,-9999,-9999,-9999,1194.16,-9999,-9999,-9999,-9999,-0.507000,-0.146174,0.434326E-01,0.529436,-0.162230E-13,0.100445E-13,0.529436,1.44350,353.872,196.083,4.70559,-9999,0.388788E-01,0.719150E-01,-1.74380,-1.15266,-9999,-0.615563E-01,0,-9999,-9999,-9999,-9999,-9999,-9999,-9999,-0.176591E-02,1.01827,2.79721,1.02322,-9999,-9999,3.98340,1.17479,-9999,-9999,800000099,800010099,800000099,800000199,800000099,800100199,811110199,811110199,81000,81000,80,81,0,1,1,10,13,0,0.964575E-01,0.407950E-01,0.657740E-02,0.457145E-02,0.850016E-01,-9999,0.233892E-02,0.398340E-02,-9999,16.0000,0.413333,255.000,93.7500,3.88536,98757.8,1.19480
CH-CHA_201201110200.csv,2012-01-11,06:30,11.2707,0,36000,36000,-0.101285E-01,0,0.319008E-02,1.86700,1,0.549009,-9999,-9999,-9999,-2.42727,1,3.59165,-9999,-9999,-9999,0.110741,-9999,-1.90277,-9999,0.568005E-10,-9999,34.2307,833.649,833.649,10.0000,0,-9999,-9999,-9999,-9999,0,282.848,282.848,96559.5,1.18932,1005.32,0.243539E-01,-9999,-9999,-9999,1199.73,-9999,-9999,-9999,-9999,-0.488010,0.249819E-01,0.416417E-01,0.490420,0.555590E-13,0.165934E-14,0.490420,1.50286,15.4102,177.070,4.87086,-9999,0.922831E-01,0.153179,-35.7500,-0.562238E-01,-9999,-0.169206E-01,0,-9999,-9999,-9999,-9999,-9999,-9999,-9999,-0.993774E-02,1.01919,1.82358,1.02381,-9999,-9999,-2.22545,1.17561,-9999,-9999,800000099,800011199,800000099,800000199,800000099,800100099,811110199,811110199,81100,81100,80,81,0,1,0,18,1,0,0.150401,0.143448,0.125088E-01,0.484226E-02,0.247744,-9999,0.152518E-02,-0.222545E-02,-9999,15.9957,0.415556,255.000,93.7500,3.84598,98781.2,1.19376
CH-CHA_201201110200.csv,2012-01-11,07:00,11.2916,0,36000,36000,-0.493806E-02,1,0.161849E-02,0.668250,2,1.36896,-9999,-9999,-9999,4.53251,1,1.29514,-9999,-9999,-9999,0.319593,-9999,-1.72663,-9999,-0.324713E-09,-9999,32.9223,802.350,802.350,0.00000,0,-9999,-9999,-9999,-9999,0,283.048,283.048,96559.5,1.18848,1005.32,0.243711E-01,-9999,-9999,-9999,1215.91,-9999,-9999,-9999,-9999,0.382898,0.446729,0.213747E-01,0.588756,-0.116315E-12,-0.986304E-14,0.588756,1.84082,146.564,49.3996,2.08057,-9999,0.644587E-01,0.104829,-34.0377,-0.590521E-01,-9999,-0.867676E-02,0,-9999,-9999,-9999,-9999,-9999,-9999,-9999,-0.485508E-02,1.01709,0.653549,1.02249,-9999,-9999,3.80598,1.17380,-9999,-9999,800000099,800010099,800000099,800000199,800010099,800010199,811110199,811110199,81100,81100,80,81,0,5,0,31,12,0,0.111937,0.892943E-01,0.842747E-02,0.685763E-01,0.808164E-01,-9999,0.546989E-03,0.380598E-02,-9999,15.9973,0.458889,255.000,93.7500,3.76724,98795.3,1.19612
CH-CHA_201201110200.csv,2012-01-11,07:30,11.3124,0,36000,36000,-0.196961E-02,1,0.442816E-03,11.6935,2,7.11539,-9999,-9999,-9999,0.318941,2,1.39454,-9999,-9999,-9999,-3.45238,-9999,-1.76233,-9999,-0.103721E-09,-9999,31.8625,770.646,770.646,8.35000,0,-9999,-9999,-9999,-9999,0,280.906,280.906,96559.5,1.19755,1005.28,0.241866E-01,-9999,-9999,-9999,1051.98,-9999,-9999,-9999,-9999,0.498202,0.194072,0.122525E-01,0.534808,0.226206E-13,-0.325528E-14,0.534808,1.13323,165.574,21.2832,1.31277,-9999,0.405549E-01,0.185939E-01,-0.484420,-4.14930,-9999,-0.239509,0,-9999,-9999,-9999,-9999,-9999,-9999,-9999,-0.193449E-02,1.01815,11.4290,1.02315,-9999,-9999,-0.666401,1.17469,-9999,-9999,800000099,800001099,800000099,800000199,800000099,800000099,811110199,811110199,80000,80000,80,80,2,3,0,0,1,0,0.195554E-01,0.143076E-01,0.332495E-02,3.39252,0.183304,-9999,0.949350E-02,-0.666401E-03,-9999,15.9977,0.442778,255.000,93.7500,3.92508,98799.5,1.19848
CH-CHA_201201110200.csv,2012-01-11,08:00,11.3332,0,36000,36000,0.137885E-02,1,0.983579E-03,2.22274,1,0.790127,-9999,-9999,-9999,-2.25998,1,1.30435,-9999,-9999,-9999,4.51916,-9999,-1.46596,-9999,0.122860E-09,-9999,30.4541,744.007,744.007,8.70000,0,-9999,-9999,-9999,-9999,0,283.737,283.737,96559.5,1.18559,1005.34,0.244305E-01,-9999,-9999,-9999,1273.31,-9999,-9999,-9999,-9999,0.219062,0.423330,0.123081E-01,0.476810,-0.293592E-13,0.403428E-14,0.476810,1.24812,123.168,62.6396,1.47916,-9999,0.341029E-01,0.433210E-01,-1.51546,-1.32633,-9999,-0.546828E-01,0,-9999,-9999,-9999,-9999,-9999,-9999,-9999,0.135241E-02,1.01955,2.17058,1.02403,-9999,-9999,-2.09208,1.17593,-9999,-9999,800000099,800010099,800000099,800000199,800000099,800010099,811110199,811110199,80000,80000,80,81,2,5,0,10,3,0,0.628738E-01,0.207005E-01,0.306758E-02,0.493152E-01,0.175060,-9999,0.182107E-02,-0.209208E-02,-9999,16.0000,0.300000,255.000,93.7500,4.11471,98801.5,1.20133
CH-CHA_201201110800.csv,2012-01-11,08:30,11.3541,1,36000,36000,-0.941122E-02,0,0.147088E-02,1.24838,2,0.592816,-30.7234,2,72.1952,-1.85031,2,6.26852,-0.688353,2,1.61753,-1.23398,-9999,-3.98884,-9999,-0.425265E-10,-0.932581E-12,27.4278,671.383,681.415,10.0000,0,601.477,14.7230,14.9430,10.0000,0,284.291,282.968,96559.5,1.18226,1013.34,0.244781E-01,-0.446053E-01,0.108386E-01,1415.38,1208.96,0.916774E-02,100.000,0.00000,285.299,0.696278,0.627441,0.349533E-01,0.937927,-0.445269E-13,-0.155049E-14,0.937927,1.80067,145.734,42.0232,2.13571,-9999,0.892210E-01,0.997653E-01,-48.4346,-0.414993E-01,-0.406329E-01,-0.116792E-01,0,-9999,-9999,-9999,-9999,-9999,-9999,-9999,-0.931200E-02,1.01065,-0.275362,1.02000,-25.2532,1.20269,-1.23992,1.20269,-0.565795,1.20269,800000099,800010099,800000099,800000099,800000099,800001199,801110199,811110199,81000,81000,80,81,12,7,0,4,0,0,0.840302E-01,0.103255,0.122451E-01,0.735165E-02,1.14493,75465.0,-0.229846E-03,-0.123992E-02,-0.565795,15.9938,0.376667,253.982,87.3892,3.98252,98841.9,1.20017
CH-CHA_201201110800.csv,2012-01-11,09:00,11.3749,1,36000,36000,-0.216253E-01,1,0.272941E-02,-0.451586,2,0.467096,-9999,-9999,-9999,83.3406,1,17.5101,-9999,-9999,-9999,2.51959,-9999,-7.75778,-9999,-0.389667E-09,-9999,21.6325,530.008,530.008,10.0000,0,-9999,-9999,-9999,-9999,0,284.552,284.552,96559.5,1.18220,1005.35,0.245005E-01,-9999,-9999,-9999,1344.09,-9999,-9999,-9999,-9999,0.988167,-0.572555,0.452611E-02,1.14207,0.288987E-12,-0.180130E-13,1.14207,2.94432,214.928,329.912,0.227069,-9999,0.135249,0.293742,465.301,0.431978E-02,-9999,0.280927E-02,0,-9999,-9999,-9999,-9999,-9999,-9999,-9999,-0.214092E-01,1.01010,-0.442887,1.01964,-9999,-9999,69.5101,1.19939,-9999,-9999,800000099,800010199,800000099,800000199,800000099,800000099,800110199,800110199,80000,80000,80,81,0,2,0,10,0,0,0.252738,0.317112,0.176331E-01,0.556366E-02,5.26429,-9999,-0.372634E-03,0.695101E-01,-9999,15.9949,0.375556,251.385,71.1559,4.00694,98893.8,1.20236
CH-CHA_201201110800.csv,2012-01-11,09:30,11.3957,1,36000,36000,-0.989658E-02,1,0.205684E-02,0.565516,1,0.241307,13.8920,1,4.46328,-4.08830,2,2.13749,0.311586,1,0.100107,-0.722396,-9999,-4.84315,-9999,0.760249E-10,0.796472E-12,18.0329,441.760,443.814,8.05000,0,188.921,4.62808,4.64960,0.300000,0,284.516,284.099,96559.5,1.18202,1007.83,0.244975E-01,0.201908E-01,0.340435E-02,446.349,1304.24,0.288011E-02,34.2229,857.890,268.903,1.27729,-0.118528,0.228161E-01,1.28298,-0.136251E-12,0.421590E-14,1.28298,2.99294,192.295,354.698,1.01899,-9999,0.915019E-01,0.238784,-115.139,-0.174572E-01,0.407080E-01,-0.518804E-02,0,-9999,-9999,-9999,-9999,-9999,-9999,-9999,-0.978272E-02,1.01164,1.25281,1.01990,11.7837,1.17228,-3.63046,1.17228,0.264298,1.17228,800000099,800010099,800000099,800000099,800000099,800000099,800110199,801110199,80000,80000,80,81,3,7,0,20,15,1,0.199098,0.259683,0.187869E-01,0.424615E-02,0.119771,271.059,0.105166E-02,-0.363046E-02,0.264298,15.9981,0.303333,249.000,56.2500,4.16741,98901.4,1.20637
CH-CHA_201201110800.csv,2012-01-11,10:00,11.4166,1,36000,36000,-0.197149E-01,0,0.275401E-02,3.92463,0,0.497976,6.84860,0,0.590280,-2.09358,0,0.204707,0.153605,0,0.132392E-01,-0.320830E-01,1.09762,-0.425071,0.246182E-01,0.196899E-09,0.230314E-11,17.7154,434.014,436.229,0.200000,0,207.218,5.07669,5.10259,0.200000,0,284.536,284.078,96559.5,1.18190,1008.07,0.244992E-01,0.995362E-02,0.373407E-02,489.544,1302.49,0.315937E-02,37.5854,812.941,270.137,1.28554,0.650239,0.644842E-01,1.44207,0.989994E-13,0.111145E-13,1.44207,2.71814,158.731,26.8308,2.56291,-9999,0.129154,0.183542,-46.6583,-0.430792E-01,0.573056,-0.255046E-01,0,-9999,-9999,-9999,-9999,-9999,-9999,-9999,-0.194958E-01,1.01124,4.19263,1.01995,5.71698,1.17313,-2.01646,1.17313,0.128224,1.17313,800000099,800000099,800000099,800000099,800000099,800000099,800010199,800110199,80000,80000,80,81,2,0,0,3,11,1,0.143331,0.200257,0.234956E-01,0.853978E-02,0.983613E-03,7.19763,0.351895E-02,-0.201646E-02,0.128224,15.9981,0.360000,249.000,56.2500,4.51810,98913.6,1.21139
CH-CHA_201201110800.csv,2012-01-11,10:30,11.4374,1,36000,36000,-0.152743E-01,0,0.233553E-02,5.73770,0,0.549719,6.97395,0,0.718220,-2.17354,0,0.267052,0.156414,0,0.161084E-01,-0.329085E-01,-0.435527E-01,-0.230872E-01,-0.976811E-03,-0.788104E-10,-0.919510E-12,17.6996,433.594,435.798,0.100000,0,206.508,5.05889,5.08461,0.500000E-01,0,284.514,284.058,96559.5,1.18200,1008.06,0.244973E-01,0.101356E-01,0.372127E-02,487.831,1300.70,0.314829E-02,37.5052,812.870,270.090,0.686853,0.891138,0.558351E-01,1.12650,-0.134826E-12,-0.445266E-14,1.12650,2.32805,133.716,52.3764,2.84103,-9999,0.113677,0.129722,-21.7613,-0.923659E-01,0.822733,-0.423606E-01,0,-9999,-9999,-9999,-9999,-9999,-9999,-9999,-0.150901E-01,1.01220,5.97708,1.01998,5.78861,1.17172,-2.16887,1.17172,0.129829,1.17172,800000099,800000099,800000099,800000099,800000099,800000099,800010199,811110199,81100,81100,80,81,0,1,1,12,17,11,0.112718,0.125943,0.207833E-01,0.711546E-02,0.174439E-02,7.27934,0.501632E-02,-0.216887E-02,0.129829,15.9977,0.304444,249.000,56.2500,4.78248,98952.9,1.21411
CH-CHA_201201110800.csv,2012-01-11,11:00,11.4582,1,36000,36000,-0.651439E-02,0,0.995542E-03,7.86741,0,0.838898,4.02309,1,0.601623,-3.15751,0,0.352725,0.902319E-01,1,0.134935E-01,0.165172E-01,0.236767,-0.479156E-01,0.531033E-02,-0.638814E-10,-0.761117E-12,17.6628,432.720,434.963,-0.500000E-01,0,210.444,5.15566,5.18238,-0.100000,0,284.533,284.068,96559.5,1.18191,1008.11,0.244990E-01,0.584703E-02,0.379220E-02,497.147,1301.59,0.320853E-02,38.1952,804.447,270.344,0.229198E-01,0.665784,0.207053E-01,0.666500,0.739292E-13,-0.361672E-14,0.666500,1.57204,98.8496,88.0284,1.78022,-9999,0.742411E-01,0.952073E-01,-4.42094,-0.454655,1.95556,-0.889390E-01,0,-9999,-9999,-9999,-9999,-9999,-9999,-9999,-0.641265E-02,1.01587,7.90358,1.02176,3.22654,1.17286,-3.07543,1.17286,0.723664E-01,1.17286,800000099,800000099,800000099,800000099,800000099,800001099,801110199,811110199,81100,81100,80,81,0,1,0,9,8,9,0.433950E-01,0.132785,0.142342E-01,0.126371E-01,0.297390E-02,11.4806,0.663329E-02,-0.307543E-02,0.723664E-01,16.0000,0.330000,249.000,56.2500,5.28847,98978.1,1.22032
CH-CHA_201201110800.csv,2012-01-11,11:30,11.4790,1,36000,36000,-0.315059E-02,1,0.152022E-02,13.5228,0,1.45417,6.69234,0,0.762041,-4.68070,0,0.510769,0.150098,0,0.170914E-01,-0.773821E-02,0.411671,-0.794719E-01,0.923312E-02,-0.571220E-10,-0.705152E-12,17.6031,431.272,433.581,-0.150000,0,217.304,5.32391,5.35241,-0.450000,0,284.543,284.063,96559.5,1.18186,1008.21,0.244998E-01,0.972637E-02,0.391582E-02,513.344,1301.17,0.331327E-02,39.4525,787.826,270.776,0.113586,0.424748,0.126472E-02,0.439675,-0.199379E-13,-0.324500E-14,0.439675,1.48334,116.556,75.0283,0.164811,-9999,0.516314E-01,0.122554,-0.865169,-2.32325,2.02064,-0.219805,0,-9999,-9999,-9999,-9999,-9999,-9999,-9999,-0.308691E-02,1.02063,13.5344,1.02473,5.32714,1.17693,-4.62951,1.17693,0.119479,1.17693,800000099,800000099,800000099,800000099,800000099,800001099,811110199,811110199,81100,81100,81,81,0,2,0,12,23,25,0.102793,0.124186,0.181303E-01,0.248978E-01,0.389402E-02,8.52169,0.113586E-01,-0.462951E-02,0.119479,16.0000,0.314444,249.000,56.2500,6.16409,98991.2,1.23082
CH-CHA_201201110800.csv,2012-01-11,12:00,11.4999,1,36000,36000,-0.122105E-01,0,0.215633E-02,13.4280,0,1.93889,9.88738,0,0.777882,-4.37552,0,0.410029,0.221903,0,0.174580E-01,1.08487,0.148477,-0.478096E-01,0.333227E-02,-0.264457E-10,-0.330866E-12,17.5250,430.399,432.729,0.500000E-01,0,219.258,5.38478,5.41394,0.500000E-01,0,285.232,284.745,96559.5,1.17900,1008.25,0.245591E-01,0.143793E-01,0.395103E-02,519.203,1361.33,0.335117E-02,38.1393,842.131,270.929,0.414022,0.820939,0.111410E-01,0.919499,0.726223E-13,-0.150902E-14,0.919499,2.11301,123.802,63.2369,0.694232,-9999,0.101767,0.146848,-6.67193,-0.301262,1.35809,-0.110999,0,-9999,-9999,-9999,-9999,-9999,-9999,-9999,-0.120496E-01,1.01335,13.6610,1.02041,8.06322,1.17157,-4.40955,1.17157,0.180963,1.17157,800000099,800000099,800000099,800000099,800000099,800001099,800010199,801110199,81100,81100,80,81,0,0,3,18,37,13,0.103494,0.169947,0.202549E-01,0.896638E-01,0.568235E-02,14.9490,0.114921E-01,-0.440955E-02,0.180963,16.0000,0.304444,249.000,56.2500,6.54445,98980.5,1.23399
CH-CHA_201201110800.csv,2012-01-11,12:30,11.5207,1,36000,36000,0.151717E-01,1,0.522740E-02,22.5373,1,3.22564,14.9785,0,1.32691,-5.06788,0,0.615313,0.336381,0,0.297992E-01,1.07672,0.766915E-01,0.194747E-01,0.172231E-02,0.440287E-10,0.553617E-12,17.4977,430.755,433.101,0.100000,0,220.016,5.41632,5.44582,0.100000,0,285.914,285.423,96559.5,1.17619,1008.28,0.246178E-01,0.217975E-01,0.396469E-02,522.238,1423.60,0.337080E-02,36.6843,901.365,271.008,0.726617,0.606154,0.697472E-02,0.946279,0.630931E-13,0.251626E-14,0.946279,2.42161,141.087,39.8353,0.422313,-9999,0.113574,0.192973,-5.52560,-0.363761,1.50465,-0.167326,0,-9999,-9999,-9999,-9999,-9999,-9999,-9999,0.149746E-01,1.01317,22.8510,1.02033,12.1593,1.17155,-5.44372,1.17155,0.273069,1.17155,800000099,800000099,800000099,800000099,800000099,800000099,800110199,811110199,81000,81000,80,81,0,15,1,22,37,20,0.188118,0.173938,0.238898E-01,0.914622E-01,0.574503E-02,16.0855,0.192684E-01,-0.544372E-02,0.273069,15.9977,0.333333,249.000,56.2500,6.61680,98956.1,1.23656
CH-CHA_201201110800.csv,2012-01-11,13:00,11.5415,1,36000,36000,-0.273552E-01,0,0.468562E-02,10.8294,0,1.83157,17.0564,0,1.41151,-4.47050,0,0.496947,0.383349,0,0.317242E-01,1.29954,-0.353942E-01,0.367492E-01,-0.795497E-03,0.152816E-10,0.191333E-12,17.4749,431.430,433.773,0.200000,0,218.795,5.40171,5.43105,0.150000,0,286.735,286.244,96559.5,1.17282,1008.29,0.246885E-01,0.248410E-01,0.394268E-02,520.832,1502.32,0.336171E-02,34.6686,981.483,270.972,1.42697,0.901542,0.717038E-01,1.68942,0.500779E-13,0.874486E-15,1.68942,3.88588,153.900,32.2843,2.43252,-9999,0.152723,0.249664,-27.9614,-0.718849E-01,0.634917,-0.599629E-01,0,-9999,-9999,-9999,-9999,-9999,-9999,-9999,-0.270612E-01,1.01087,11.4807,1.02024,14.1740,1.17489,-4.42143,1.17489,0.318566,1.17489,800000099,800000099,800000099,800000099,800000099,800000099,800010199,800010199,81100,81100,80,80,0,3,7,1,23,9,0.254541,0.212220,0.325662E-01,0.526399E-01,0.383167E-02,17.0606,0.970846E-02,-0.442143E-02,0.318566,16.0000,0.242222,249.000,56.2500,6.40359,98903.8,1.23559
CH-CHA_201201110800.csv,2012-01-11,13:30,11.5624,1,36000,36000,-0.155117E-01,0,0.227790E-02,10.0277,0,0.978167,13.5321,0,1.07013,-3.99158,0,0.408518,0.304307,0,0.240647E-01,0.906570,-0.499178E-01,-0.465392E-01,-0.112254E-02,0.149277E-10,0.186558E-12,17.4055,430.574,432.903,0.150000,0,217.523,5.38106,5.41017,0.150000,0,287.307,286.818,96559.5,1.17048,1008.29,0.247378E-01,0.197191E-01,0.391977E-02,518.844,1559.58,0.334885E-02,33.2681,1040.74,270.920,1.13455,0.770144,0.749533E-01,1.37329,-0.382084E-13,0.857645E-15,1.37329,2.84958,152.704,34.1691,3.12872,-9999,0.115119,0.144517,-12.9328,-0.155419,0.741032,-0.738080E-01,0,-9999,-9999,-9999,-9999,-9999,-9999,-9999,-0.153370E-01,1.01139,10.5224,1.01991,11.2327,1.17273,-3.95490,1.17273,0.252597,1.17273,800000099,800000099,800000099,800000099,800000099,800000099,800110199,800110199,81100,81100,80,80,2,1,1,3,21,2,0.127815,0.135387,0.258332E-01,0.173442E-01,0.380476E-02,16.6393,0.891588E-02,-0.395490E-02,0.252597,16.0000,0.323333,249.000,56.2500,6.32215,98898.6,1.23656
CH-CHA_201201110800.csv,2012-01-11,14:00,11.5832,1,36000,36000,-0.162884E-01,1,0.906413E-03,8.66152,0,1.08467,12.0271,0,0.947473,-3.56062,0,0.363379,0.270433,0,0.213043E-01,-0.171213,-0.164839,-0.169715E-01,-0.370648E-02,-0.117704E-09,-0.145342E-11,17.3998,430.262,432.560,0.100000,0,214.853,5.31289,5.34126,0.500000E-01,0,287.193,286.709,96559.5,1.17096,1008.26,0.247280E-01,0.175241E-01,0.387166E-02,512.282,1548.63,0.330641E-02,33.0797,1036.35,270.748,0.520343,1.04286,0.198496E-01,1.16563,-0.993530E-13,-0.676470E-14,1.16563,2.99294,118.721,63.4827,0.975738,-9999,0.117942,0.295172,-16.1013,-0.124834,0.720169,-0.622034E-01,0,-9999,-9999,-9999,-9999,-9999,-9999,-9999,-0.160946E-01,1.01204,9.10587,1.01995,10.0004,1.17183,-3.51761,1.17183,0.224863,1.17183,800000099,800000099,800000099,800000099,800000099,800001099,811110199,811110199,81100,81100,80,81,5,7,1,3,31,16,0.344186,0.224560,0.215973E-01,0.183359E-01,0.265419E-02,12.1167,0.771278E-02,-0.351761E-02,0.224863,15.9965,0.315000,249.000,56.2500,6.32063,98860.5,1.23751
CH-CHA_201201111400.csv,2012-01-11,14:30,11.6040,1,36000,36000,-0.107310E-01,0,0.385198E-02,11.0164,0,1.96113,9.91685,0,1.01880,-3.12417,0,0.414269,0.223016,0,0.229114E-01,0.232782,0.212142,-0.101080E-01,0.477076E-02,0.155462E-10,0.195221E-12,17.3829,430.076,432.411,0.150000,0,218.286,5.40068,5.43001,0.100000,0,287.348,286.857,96559.5,1.17032,1008.31,0.247414E-01,0.144514E-01,0.393351E-02,520.733,1563.55,0.336107E-02,33.3046,1042.81,270.969,-0.767488,0.281992,0.422333E-01,0.818743,-0.452539E-13,0.894339E-15,0.818743,2.05571,27.7638,159.826,2.95681,-9999,0.957567E-01,0.142794,-6.77522,-0.296669,1.11088,-0.974935E-01,0,-9999,-9999,-9999,-9999,-9999,-9999,-9999,-0.105813E-01,1.01415,11.2991,1.02080,8.14744,1.17184,-3.23053,1.17184,0.183224,1.17184,800000099,800000099,800000099,800000099,800000099,800001199,810110199,811110199,81100,81100,80,81,10,0,1,8,37,37,0.172587,0.942953E-01,0.187057E-01,0.366902E-01,0.290489E-02,12.1429,0.957526E-02,-0.323053E-02,0.183224,15.9977,0.366667,249.000,56.2500,6.77681,98841.3,1.24182
CH-CHA_201201111400.csv,2012-01-11,15:00,11.6249,1,36000,36000,-0.603616E-02,1,0.122245E-02,4.08904,0,1.01074,7.23748,0,0.712437,-1.34934,0,0.189132,0.162795,0,0.160251E-01,0.351659,-0.194207E-01,0.238781E-01,-0.436836E-03,0.107727E-09,0.134939E-11,17.3872,430.516,432.850,0.300000,0,217.792,5.39264,5.42187,0.150000,0,287.571,287.079,96559.5,1.16941,1008.31,0.247605E-01,0.105491E-01,0.392461E-02,519.959,1586.34,0.335606E-02,32.7772,1066.38,270.949,-1.06297,-0.359819,0.351929E-01,1.12278,-0.429626E-13,0.619577E-14,1.12278,2.83399,349.038,198.701,1.79621,-9999,0.718451E-01,0.181757,-7.70950,-0.260717,0.564981,-0.482686E-01,0,-9999,-9999,-9999,-9999,-9999,-9999,-9999,-0.596329E-02,1.01222,4.37867,1.01999,6.04377,1.17171,-1.39058,1.17171,0.135945,1.17171,800000099,800000099,800000099,800000099,800000099,800101099,800110199,811110199,80000,80000,80,80,0,0,1,2,55,14,0.162900,0.183300,0.173150E-01,0.215422E-01,0.112941E-02,11.2621,0.371349E-02,-0.139058E-02,0.135945,15.9973,0.280000,249.000,56.2500,6.57720,98873.4,1.23930
CH-CHA_201201111400.csv,2012-01-11,15:30,11.6457,1,36000,36000,0.557090E-02,1,0.257713E-02,1.02896,1,0.292283,3.44107,1,0.490704,-0.970339,1,0.148834,0.774184E-01,1,0.110400E-01,0.361985,-0.163683E-01,-0.218708E-02,-0.368259E-03,0.112342E-09,0.140556E-11,17.3717,430.475,432.806,0.200000,0,217.344,5.38585,5.41501,0.150000,0,287.800,287.309,96559.5,1.16848,1008.31,0.247803E-01,0.501671E-02,0.391655E-02,519.305,1610.13,0.335183E-02,32.2523,1090.83,270.932,-0.165267,-0.113128,-0.938194E-02,0.200497,0.667528E-13,0.646696E-14,0.200497,1.23458,305.914,214.392,-2.68204,-9999,0.690481E-01,0.112872,-27.1966,-0.739063E-01,0.299024,-0.126484E-01,0,-9999,-9999,-9999,-9999,-9999,-9999,-9999,0.537649E-02,1.03616,1.16686,1.03501,2.84511,1.19264,-0.885780,1.19264,0.640102E-01,1.19264,800000099,800000099,800000099,800000099,800000099,800001199,811110199,811110199,81100,81100,80,81,0,0,0,17,45,46,0.131942,0.874380E-01,0.636404E-02,0.645763E-02,0.108627E-02,6.69261,0.990388E-03,-0.885780E-03,0.640102E-01,16.0000,0.300000,249.000,56.2500,6.58610,98873.5,1.24290
CH-CHA_201201111400.csv,2012-01-11,16:00,11.6665,1,36000,36000,-0.213508E-02,2,0.121325E-02,0.743869,1,0.551031,4.63925,1,0.470332,-0.324695,1,0.857129E-01,0.104393,1,0.105834E-01,0.269991,0.441768E-01,0.469247E-01,0.994068E-03,-0.179874E-09,-0.225361E-11,17.3962,431.341,433.684,0.00000,0,217.953,5.40418,5.43355,0.00000,0,287.973,287.480,96559.5,1.16778,1008.32,0.247952E-01,0.676463E-02,0.392751E-02,521.070,1628.09,0.336324E-02,32.0050,1107.02,270.978,0.624788,0.374729,0.470006E-01,0.730062,0.217040E-12,-0.103399E-13,0.730062,2.25619,154.414,30.9541,3.69119,-9999,0.427590E-01,0.186707,-8.93406,-0.224982,0.160343,-0.147744E-01,0,-9999,-9999,-9999,-9999,-9999,-9999,-9999,-0.210341E-02,1.01506,0.965270,1.02129,3.91780,1.17232,-0.347927,1.17232,0.881584E-01,1.17232,800000099,800010099,800000099,800000099,800000099,800001199,811110199,811110199,81100,81100,80,81,0,3,1,11,49,20,0.297327,0.684543E-01,0.763183E-02,0.123780E-01,0.427905E-03,7.42834,0.819767E-03,-0.347927E-03,0.881584E-01,16.0000,0.276667,249.000,56.2500,6.52502,98874.2,1.24283
CH-CHA_201201111400.csv,2012-01-11,16:30,11.6873,1,36000,36000,-0.439305E-02,1,0.166040E-02,1.26008,1,0.522526,3.46249,0,0.526785,0.543465,1,0.129012,0.779257E-01,0,0.118557E-01,0.264715,0.783388E-02,0.426641E-01,0.176307E-03,-0.174925E-09,-0.218892E-11,17.4177,432.128,434.477,0.100000,0,217.957,5.40744,5.43683,0.500000E-01,0,288.142,287.648,96559.5,1.16709,1008.33,0.248097E-01,0.504959E-02,0.392758E-02,521.383,1645.88,0.336527E-02,31.6781,1124.49,270.986,0.554501,0.352660,0.458256E-01,0.658741,-0.325339E-14,-0.100429E-13,0.658741,2.02554,150.945,32.4562,3.98902,-9999,0.613522E-01,0.804354E-01,-15.5796,-0.129015,0.363923,-0.174527E-01,0,-9999,-9999,-9999,-9999,-9999,-9999,-9999,-0.432397E-02,1.01598,1.41018,1.02182,2.90531,1.17294,0.379394,1.17294,0.653858E-01,1.17294,800000099,800010099,800000099,800000099,800000099,800001099,811110199,811110199,81100,81100,80,81,12,8,0,18,71,45,0.101026,0.534447E-01,0.640011E-02,0.771865E-02,0.907602E-03,8.98883,0.119831E-02,0.379394E-03,0.653858E-01,16.0000,0.255556,249.000,56.2500,6.11353,98890.2,1.23781
CH-CHA_201201111400.csv,2012-01-11,17:00,11.7082,0,36000,36000,-0.469970E-02,1,0.689233E-03,-0.425096,2,0.892313E-01,3.64851,1,0.365217,1.41360,1,0.215778,0.821187E-01,1,0.822012E-02,0.131808,0.730730E-01,0.153773,0.164469E-02,0.752699E-10,0.940997E-12,17.5269,434.966,437.345,0.100000,0,219.114,5.43779,5.46753,0.150000,0,288.228,287.732,96559.5,1.16674,1008.35,0.248171E-01,0.532129E-02,0.394844E-02,524.305,1654.80,0.338417E-02,31.6839,1130.49,271.061,0.820456,0.361072,0.690283E-01,0.899047,0.383153E-13,0.429454E-14,0.899047,1.51119,162.557,23.7537,4.40347,-9999,0.634670E-01,0.397505E-01,51.1239,0.393163E-01,-0.116512,0.569319E-02,0,-9999,-9999,-9999,-9999,-9999,-9999,-9999,-0.464785E-02,1.01116,-0.236439,1.02111,2.99880,1.21413,1.15305,1.21413,0.674954E-01,1.21413,800000099,800010099,800000099,800000099,800000099,800000099,811110199,811110199,80000,80000,80,81,0,12,1,23,7,0,0.372566E-01,0.377259E-01,0.451852E-02,0.423977E-02,0.597883E-02,8.69881,-0.200972E-03,0.115305E-02,0.674954E-01,16.0000,0.294444,249.000,56.2500,5.88421,98892.3,1.23567
CH-CHA_201201111400.csv,2012-01-11,17:30,11.7290,0,36000,36000,-0.237013E-01,1,0.173421E-02,0.320169,2,0.455906,4.71238,1,0.846641,3.89918,1,0.607515,0.106065,1,0.190560E-01,0.248342E-01,0.220570E-01,0.150952,0.496454E-03,0.164215E-09,0.204333E-11,17.6381,437.753,440.151,0.500000E-01,0,219.471,5.44696,5.47679,0.500000E-01,0,288.245,287.748,96559.5,1.16667,1008.35,0.248186E-01,0.687304E-02,0.395487E-02,525.187,1656.48,0.338988E-02,31.7049,1131.30,271.084,-0.143644,0.281126,0.354832E-01,0.317686,-0.275300E-12,0.931024E-14,0.317686,1.20482,69.7974,117.065,6.41289,-9999,0.142532,0.149127,-768.816,-0.261441E-02,0.679421E-01,-0.190945E-02,0,-9999,-9999,-9999,-9999,-9999,-9999,-9999,-0.231042E-01,1.02584,0.550277,1.02813,3.95725,1.18201,3.24542,1.18201,0.890692E-01,1.18201,800000099,800010099,800000099,800000099,800000099,800000099,811110199,811110199,81000,81000,80,81,3,4,2,0,20,2,0.469019E-01,0.243869,0.748372E-02,0.330531E-02,0.100773E-01,9.76975,0.467758E-03,0.324542E-02,0.890692E-01,15.9973,0.291111,249.000,56.2500,5.70990,98898.0,1.23318
CH-CHA_201201111400.csv,2012-01-11,18:00,11.7498,0,36000,36000,0.130174E-01,1,0.320781E-02,-2.12015,1,0.654441,3.74908,1,0.770134,2.36367,1,0.545008,0.843816E-01,1,0.173336E-01,-0.389289E-01,-0.122112,0.122266,-0.274840E-02,0.493140E-10,0.604781E-12,17.7309,440.010,442.397,-0.500000E-01,0,217.449,5.39623,5.42551,-0.500000E-01,0,288.216,287.723,96559.5,1.16679,1008.32,0.248160E-01,0.546793E-02,0.391844E-02,520.304,1653.84,0.335829E-02,31.4603,1133.54,270.958,0.303982,0.651869,0.291007E-01,0.719851,-0.291314E-12,0.278125E-14,0.719851,2.04123,114.977,64.9993,2.31687,-9999,0.105625,0.144519,47.2490,0.425406E-01,-0.565512,0.170611E-01,0,-9999,-9999,-9999,-9999,-9999,-9999,-9999,0.128597E-01,1.01227,-1.89099,1.02262,3.08607,1.22790,1.98521,1.22790,0.694590E-01,1.22790,800000099,800010099,800000099,800000099,800000099,801101099,801110199,811110199,81100,81100,80,81,6,4,1,2,35,6,0.134375,0.143102,0.115615E-01,0.808617E-02,0.892457E-02,9.43072,-0.160729E-02,0.198521E-02,0.694590E-01,15.9969,0.202222,249.000,56.2500,5.62647,98900.4,1.23233
CH-CHA_201201111400.csv,2012-01-11,18:30,11.7707,0,36000,36000,-0.159989E-01,1,0.194072E-02,-3.58209,1,0.351197,4.96936,1,0.440293,2.55611,1,0.360276,0.111842,1,0.990939E-02,-0.689933E-01,-0.156804,0.199613,-0.352907E-02,-0.887935E-11,-0.106688E-12,17.8824,443.694,446.072,0.150000,0,214.862,5.33110,5.35967,0.100000,0,288.166,287.679,96559.5,1.16700,1008.29,0.248117E-01,0.724737E-02,0.387181E-02,514.035,1649.17,0.331775E-02,31.1693,1135.14,270.794,0.837837,0.911871,0.741638E-01,1.24056,0.179882E-13,-0.496541E-15,1.24056,2.75234,139.792,47.4228,3.42734,-9999,0.117087,0.919431E-01,38.0935,0.527650E-01,-0.720835,0.260000E-01,0,-9999,-9999,-9999,-9999,-9999,-9999,-9999,-0.158154E-01,1.01160,-3.26053,1.02362,4.06722,1.24014,2.17377,1.24014,0.915382E-01,1.24014,800000099,800011099,800000099,800000099,800000099,800000099,800110099,811110099,80000,80000,80,80,3,6,2,4,14,2,0.108466,0.595390E-01,0.158814E-01,0.435569E-02,0.420899E-02,3.60906,-0.277098E-02,0.217377E-02,0.915382E-01,16.0000,0.341111,249.000,56.2500,5.29236,98899.8,1.22895
CH-CHA_201201111400.csv,2012-01-11,19:00,11.7915,0,36000,36000,-0.162416E-01,0,0.153319E-02,-2.76231,0,0.429366,4.84170,0,0.446768,3.02392,0,0.341226,0.108945,0,0.100529E-01,-0.362837,-0.927105E-01,-0.521648E-01,-0.208611E-02,0.632947E-10,0.756656E-12,17.8581,442.732,445.087,0.100000,0,213.485,5.29263,5.32079,0.500000E-01,0,287.932,287.449,96559.5,1.16795,1008.26,0.247916E-01,0.705963E-02,0.384700E-02,510.332,1624.81,0.329380E-02,31.4087,1114.48,270.696,0.742840,0.952598,0.806103E-01,1.21068,0.709196E-14,0.354431E-14,1.21068,2.30549,136.089,52.0528,3.81772,-9999,0.117924,0.130734,50.4647,0.398298E-01,-0.570525,0.198918E-01,0,-9999,-9999,-9999,-9999,-9999,-9999,-9999,-0.160626E-01,1.01115,-2.46662,1.02248,3.98275,1.22868,2.54052,1.22868,0.896173E-01,1.22868,800000099,800010099,800000099,800000099,800000099,800100099,800110199,810110199,81100,81100,80,81,4,0,6,20,23,12,0.941899E-01,0.149304,0.179746E-01,0.461182E-02,0.283040E-02,2.81937,-0.209462E-02,0.254052E-02,0.896173E-01,15.9977,3.01278,249.000,56.2500,5.07985,98897.2,1.22609
CH-CHA_201201111400.csv,2012-01-11,19:30,11.8123,0,36000,36000,-0.108149E-01,0,0.147563E-02,-2.40006,0,0.521272,2.44501,0,0.451355,1.21956,1,0.317579,0.550144E-01,0,0.101558E-01,-0.471686E-01,-0.139866,-0.113565,-0.314710E-02,-0.114581E-11,-0.136118E-13,17.7759,440.638,442.957,0.00000,0,211.170,5.23461,5.26215,0.00000,0,287.897,287.419,96559.5,1.16810,1008.23,0.247886E-01,0.356493E-02,0.380529E-02,504.747,1621.67,0.325768E-02,31.1251,1116.92,270.548,-0.715575E-01,0.915233,-0.348125E-02,0.918033,0.492284E-13,-0.644589E-16,0.918033,2.45902,92.9634,94.4706,-0.217270,-9999,0.962214E-01,0.151346,31.5531,0.637021E-01,-0.981616,0.211793E-01,0,-9999,-9999,-9999,-9999,-9999,-9999,-9999,-0.106829E-01,1.01236,-2.22669,1.02425,2.00354,1.24718,1.05951,1.24718,0.450810E-01,1.24718,800000099,800010099,800000099,800000099,800000099,800001199,800010199,800010199,80100,80100,80,80,0,5,2,34,66,40,0.984991E-01,0.174179,0.300137E-01,0.280083E-02,0.252705E-02,2.72787,-0.189069E-02,0.105951E-02,0.450810E-01,16.0000,12.2950,249.000,56.2500,4.98698,98899.7,1.22478
CH-CHA_201201111400.csv,2012-01-11,20:00,11.8332,0,36000,36000,-0.575011E-02,1,0.998264E-03,-2.25203,0,0.442896,2.59975,0,0.316745,2.01446,0,0.282510,0.584912E-01,0,0.712638E-02,-0.140715,-0.640743E-01,-0.208148E-01,-0.144159E-02,0.464918E-10,0.549979E-12,17.7660,440.254,442.559,-0.100000,0,210.165,5.20803,5.23530,-0.100000,0,287.805,287.330,96559.5,1.16847,1008.21,0.247807E-01,0.379023E-02,0.378718E-02,502.189,1612.33,0.324114E-02,31.1469,1110.14,270.480,0.233843,0.576118,0.372107E-01,0.622879,-0.284236E-13,0.261689E-14,0.622879,2.11350,116.179,67.9081,3.42488,-9999,0.701502E-01,0.130078,13.0305,0.154254,-0.866248,0.272505E-01,0,-9999,-9999,-9999,-9999,-9999,-9999,-9999,-0.565939E-02,1.01603,-2.06664,1.03111,2.01433,1.31477,1.60253,1.31477,0.453200E-01,1.31477,800000099,800011199,800000099,800000099,800000099,800000099,801110099,811110099,81100,81100,80,81,1,4,2,2,14,7,0.116336,0.131904,0.119163E-01,0.436546E-02,0.358985E-02,2.69799,-0.175426E-02,0.160253E-02,0.453200E-01,15.9961,0.912222,249.000,56.2500,4.97420,98899.1,1.22376
CH-CHA_201201112000.csv,2012-01-11,20:30,11.8540,0,36000,36000,0.270720E-02,1,0.153730E-02,-1.37666,0,0.390021,1.81872,0,0.220606,1.45757,0,0.245223,0.409191E-01,0,0.496339E-02,0.851486E-02,-0.423197E-01,-0.201454E-01,-0.952146E-03,-0.114164E-10,-0.134710E-12,17.7508,439.883,442.178,-0.100000,0,209.454,5.19048,5.21757,0.00000,0,287.809,287.335,96559.5,1.16846,1008.20,0.247810E-01,0.265156E-02,0.377437E-02,500.499,1612.89,0.323021E-02,31.0312,1112.39,270.434,-0.478270,0.329047,0.207333E-02,0.580533,-0.475645E-13,-0.643149E-15,0.580533,1.51977,45.0493,145.472,0.204628,-9999,0.481341E-01,0.912219E-01,6.88616,0.291890,-0.756943,0.242780E-01,0,-9999,-9999,-9999,-9999,-9999,-9999,-9999,0.265309E-02,1.02039,-1.24648,1.04055,1.30986,1.41019,1.07205,1.41019,0.294705E-01,1.41019,800000099,800010099,800000099,800000099,800001099,800101199,811110199,811110199,81100,81100,80,81,4,2,3,10,48,39,0.104337,0.696155E-01,0.849147E-02,0.430277E-02,0.309479E-02,1.55708,-0.105809E-02,0.107205E-02,0.294705E-01,15.9981,0.468889,249.000,56.2500,5.10004,98899.5,1.22441
CH-CHA_201201112000.csv,2012-01-11,21:00,11.8748,0,36000,36000,-0.344048E-02,1,0.134175E-02,-1.26078,1,0.412934,2.35960,1,0.310941,1.44621,1,0.243740,0.530876E-01,1,0.699573E-02,-0.261138E-01,-0.547452E-01,0.140764E-02,-0.123169E-02,-0.774868E-11,-0.910268E-13,17.7530,439.909,442.194,0.500000E-01,0,208.552,5.16778,5.19463,0.500000E-01,0,287.790,287.319,96559.5,1.16854,1008.19,0.247794E-01,0.344008E-02,0.375810E-02,498.314,1611.16,0.321608E-02,30.9289,1112.85,270.375,-0.632091,0.475752,-0.838750E-03,0.791126,-0.620940E-13,-0.436471E-15,0.791126,2.29645,45.9686,143.033,-0.607449E-01,-9999,0.542611E-01,0.148942,10.7713,0.186607,-0.534320,0.197227E-01,0,-9999,-9999,-9999,-9999,-9999,-9999,-9999,-0.338512E-02,1.01635,-1.11549,1.03279,1.78525,1.33424,1.11600,1.33424,0.401655E-01,1.33424,800000099,800010099,800000099,800000099,800000099,800101099,811110099,811110099,81100,81100,80,81,13,20,3,8,50,33,0.139772,0.141232,0.168805E-01,0.313292E-02,0.198040E-02,1.87160,-0.946847E-03,0.111600E-02,0.401655E-01,15.9918,0.550000,249.000,56.2500,5.03955,98900.1,1.22263
CH-CHA_201201112000.csv,2012-01-11,21:30,11.8956,0,36000,36000,-0.899977E-03,1,0.293065E-03,-0.814174,1,0.359075,1.17968,1,0.194488,1.53421,1,0.296184,0.265393E-01,1,0.437543E-02,-0.104708,0.474055E-01,0.684977E-01,0.106649E-02,0.160195E-10,0.188363E-12,17.8080,441.171,443.472,0.00000,0,209.392,5.18744,5.21449,0.00000,0,287.725,287.252,96559.5,1.16880,1008.20,0.247738E-01,0.171975E-02,0.377324E-02,500.206,1604.24,0.322831E-02,31.1801,1104.04,270.426,-0.130770,0.248461,-0.483750E-03,0.280773,-0.130297E-12,0.899572E-15,0.280773,1.43056,67.0089,117.759,-0.987161E-01,-9999,0.277489E-01,0.875490E-01,2.23083,0.901011,-0.690167,0.248992E-01,0,-9999,-9999,-9999,-9999,-9999,-9999,-9999,-0.865471E-03,1.03987,-0.715563,1.07897,0.670222,1.78441,0.877234,1.78441,0.150781E-01,1.78441,800000099,800010099,800000099,800000099,800000099,800001099,811110199,811110199,81100,81100,80,81,1,2,3,5,25,18,0.440185E-01,0.124955,0.612488E-02,0.513320E-02,0.741546E-02,2.23583,-0.607243E-03,0.877234E-03,0.150781E-01,15.9957,0.343333,249.000,56.2500,5.13001,98898.9,1.22427
CH-CHA_201201112000.csv,2012-01-11,22:00,11.9165,0,36000,36000,-0.126071E-01,0,0.165428E-02,-2.64511,1,0.737634,3.97389,0,0.310097,1.97871,0,0.258573,0.893822E-01,0,0.697481E-02,-0.346185,-0.118615,0.114772E-02,-0.266793E-02,0.216767E-10,0.252456E-12,17.8227,441.192,443.471,0.100000,0,207.571,5.13831,5.16485,0.100000,0,287.501,287.033,96559.5,1.16971,1008.17,0.247545E-01,0.579196E-02,0.374042E-02,495.477,1581.58,0.319773E-02,31.3279,1086.11,270.299,0.763954,1.08839,0.717869E-01,1.33168,-0.228959E-13,0.121624E-14,1.33168,2.67219,131.428,54.9344,3.09015,-9999,0.103817,0.120734,35.9584,0.558979E-01,-0.665622,0.216055E-01,0,-9999,-9999,-9999,-9999,-9999,-9999,-9999,-0.124616E-01,1.01167,-2.39301,1.02401,3.23757,1.24340,1.67170,1.24340,0.728207E-01,1.24340,800000099,800011199,800000099,800000099,800000099,800001099,800110099,801110099,80000,80000,80,80,5,28,0,4,34,18,0.122140,0.995295E-01,0.197980E-01,0.112988E-01,0.233061E-02,2.34830,-0.202924E-02,0.167170E-02,0.728207E-01,15.9953,0.417778,249.000,56.2500,4.81004,98884.5,1.21911
CH-CHA_201201112000.csv,2012-01-11,22:30,11.9373,0,36000,36000,-0.181961E-01,0,0.292945E-02,-2.42021,0,0.525150,4.53288,0,0.340288,2.00082,0,0.189581,0.101942,0,0.765290E-02,-0.208590,-0.764522E-01,0.743414E-01,-0.171937E-02,-0.115073E-09,-0.132782E-11,17.8864,442.560,444.832,0.150000,0,206.389,5.10667,5.13288,0.100000,0,287.366,286.901,96559.5,1.17026,1008.15,0.247429E-01,0.660586E-02,0.371914E-02,492.430,1568.07,0.317803E-02,31.4036,1075.64,270.216,0.783641,1.27276,0.734836E-01,1.49646,-0.441548E-13,-0.643359E-14,1.49646,3.24791,126.835,58.3793,2.81463,-9999,0.124695,0.214058,68.0964,0.295170E-01,-0.533924,0.164512E-01,0,-9999,-9999,-9999,-9999,-9999,-9999,-9999,-0.180034E-01,1.01070,-2.14723,1.02217,3.74065,1.22315,1.70352,1.22315,0.841255E-01,1.22315,800000099,800010099,800000099,800000099,800000099,800000099,800110199,800110199,80000,80000,80,80,0,0,0,1,7,7,0.209454,0.191175,0.274877E-01,0.419711E-02,0.123110E-02,2.09460,-0.182000E-02,0.170352E-02,0.841255E-01,15.9977,0.287778,249.000,56.2500,4.46944,98840.9,1.21475
CH-CHA_201201112000.csv,2012-01-11,23:00,11.9581,0,36000,36000,-0.189930E-01,0,0.208720E-02,-2.29206,0,0.668130,5.57447,0,0.434378,2.57951,0,0.254143,0.125356,0,0.976805E-02,-0.150650,-0.109587,-0.476463E-01,-0.246433E-02,-0.583371E-10,-0.668495E-12,17.8571,441.684,443.931,0.100000,0,204.628,5.06133,5.08708,0.100000,0,287.266,286.806,96559.5,1.17067,1008.12,0.247343E-01,0.812305E-02,0.368740E-02,488.066,1558.38,0.314981E-02,31.3188,1070.31,270.096,0.675744,1.29963,0.740697E-01,1.46668,-0.752168E-13,-0.326688E-14,1.46668,3.30425,123.704,62.5278,2.89476,-9999,0.127374,0.176072,76.6379,0.262272E-01,-0.411171,0.152475E-01,0,-9999,-9999,-9999,-9999,-9999,-9999,-9999,-0.187946E-01,1.01056,-1.97116,1.02177,4.59877,1.21944,2.16915,1.21944,0.103415,1.21944,800000099,800010099,800000099,800000099,800000099,800100099,800110199,800110199,81000,81000,80,80,9,6,3,0,16,12,0.159326,0.164741,0.280761E-01,0.545935E-02,0.136526E-02,2.44679,-0.167022E-02,0.216915E-02,0.103415,16.0000,0.372222,249.000,56.2500,4.26713,98809.8,1.21220
CH-CHA_201201112000.csv,2012-01-11,23:30,11.9790,0,36000,36000,-0.692108E-02,1,0.217847E-02,-1.63080,0,0.672090,3.39656,0,0.269110,1.82964,0,0.173867,0.763707E-01,0,0.605085E-02,-0.202466,-0.678350E-01,-0.584221E-01,-0.152525E-02,0.992811E-10,0.113413E-11,17.8218,440.609,442.838,0.500000E-01,0,203.587,5.03328,5.05875,0.500000E-01,0,287.136,286.678,96559.5,1.17121,1008.10,0.247230E-01,0.494882E-02,0.366863E-02,485.365,1545.44,0.313235E-02,31.4063,1060.07,270.022,0.575618,0.956566,0.604128E-01,1.11804,-0.294279E-13,0.557076E-14,1.11804,2.73615,127.983,58.9624,3.09747,-9999,0.768723E-01,0.129601,23.6776,0.848903E-01,-0.480132,0.179677E-01,0,-9999,-9999,-9999,-9999,-9999,-9999,-9999,-0.683452E-02,1.01266,-1.42999,1.02570,2.71233,1.26206,1.49113,1.26206,0.609858E-01,1.26206,800000099,800010099,800000099,800000099,800000099,800100099,800110199,811110199,80000,80000,80,81,9,4,0,1,6,5,0.136097,0.107766,0.153376E-01,0.103193E-01,0.148921E-02,2.01507,-0.121114E-02,0.149113E-02,0.609858E-01,15.9965,0.310000,249.000,56.2500,4.20463,98803.4,1.21123
CH-CHA_201201112000.csv,2012-01-12,00:00,12.0000,0,36000,36000,-0.122268E-01,0,0.133777E-02,-3.38682,0,0.906099,4.70291,0,0.293533,2.24083,0,0.173917,0.105745,0,0.660013E-02,0.320354E-01,-0.261866E-01,0.140139E-01,-0.588809E-03,0.667786E-10,0.760757E-12,17.8310,440.867,443.093,0.150000,0,203.135,5.02246,5.04781,0.150000,0,287.155,286.698,96559.5,1.17113,1008.10,0.247247E-01,0.685231E-02,0.366050E-02,484.323,1547.48,0.312561E-02,31.2975,1063.16,269.993,1.15054,1.10705,0.860904E-01,1.59897,0.199509E-13,0.374508E-14,1.59897,2.77768,143.144,43.8966,3.08636,-9999,0.102177,0.105251,26.7730,0.750755E-01,-0.720155,0.280757E-01,0,-9999,-9999,-9999,-9999,-9999,-9999,-9999,-0.120761E-01,1.01248,-3.07907,1.02627,3.77726,1.26275,1.87900,1.26275,0.849321E-01,1.26275,800000099,800000099,800000099,800000099,800000099,800000099,800010199,811110199,80000,80000,80,80,0,7,2,0,1,0,0.971149E-01,0.977491E-01,0.156377E-01,0.204487E-01,0.248991E-02,3.71815,-0.260803E-02,0.187900E-02,0.849321E-01,15.9981,0.317778,249.000,56.2500,4.21223,98797.0,1.21089
CH-CHA_201201112000.csv,2012-01-12,00:30,12.0208,0,36000,36000,0.129404E-01,0,0.256324E-02,-0.780911,2,0.795559,2.96391,0,0.358830,1.91152,0,0.239885,0.666425E-01,0,0.806818E-02,-0.339351E-01,-0.635720E-01,-0.509671E-01,-0.142940E-02,-0.254133E-09,-0.288612E-11,17.7946,439.930,442.139,0.00000,0,202.089,4.99617,5.02126,0.00000,0,287.131,286.676,96559.5,1.17123,1008.08,0.247226E-01,0.431843E-02,0.364164E-02,481.792,1545.32,0.310925E-02,31.1775,1063.53,269.923,0.164229,0.691046,0.234849E-01,0.710680,-0.234267E-12,-0.142815E-13,0.710680,2.66424,95.5999,76.6315,1.89372,-9999,0.105112,0.262793,126.411,0.159005E-01,-0.263474,0.629231E-02,0,-9999,-9999,-9999,-9999,-9999,-9999,-9999,0.127921E-01,1.01160,-0.618800,1.02053,2.46416,1.20522,1.59580,1.20522,0.554057E-01,1.20522,800000099,800010099,800000099,800000099,800000099,800100099,800110199,811110199,81100,81100,80,81,0,8,5,0,32,24,0.186186,0.322972,0.164288E-01,0.158369E-01,0.168785E-02,2.38035,-0.524098E-03,0.159580E-02,0.554057E-01,15.9977,0.378889,249.000,56.2500,4.21261,98795.8,1.21092
CH-CHA_201201112000.csv,2012-01-12,01:00,12.0416,0,36000,36000,-0.717645E-02,0,0.125436E-02,-1.67820,1,0.602413,2.24492,0,0.291275,2.19535,0,0.288204,0.504689E-01,0,0.654826E-02,-0.238603,0.616030E-01,0.493875E-01,0.138492E-02,-0.153220E-09,-0.174534E-11,17.8406,440.838,443.063,-0.100000,0,203.224,5.02162,5.04697,-0.100000,0,286.982,286.525,96559.5,1.17183,1008.09,0.247098E-01,0.327038E-02,0.366209E-02,484.243,1530.20,0.312509E-02,31.6457,1045.96,269.991,-0.330223,0.519172,0.123081E-01,0.615417,-0.592076E-13,-0.858827E-14,0.615417,1.47414,63.7701,122.459,1.14596,-9999,0.782567E-01,0.738409E-01,24.2743,0.828036E-01,-0.747557,0.181533E-01,0,-9999,-9999,-9999,-9999,-9999,-9999,-9999,-0.707797E-02,1.01391,-1.53022,1.02589,1.80791,1.26028,1.79452,1.26028,0.406445E-01,1.26028,800000099,800010099,800000099,800000099,800000099,800001199,810110199,811110199,81100,81100,80,81,1,0,5,3,41,45,0.389287E-01,0.941832E-01,0.145701E-01,0.529790E-02,0.160723E-02,1.05256,-0.129535E-02,0.179452E-02,0.406445E-01,16.0000,0.268889,249.000,56.2500,4.35895,98775.4,1.21028
CH-CHA_201201112000.csv,2012-01-12,01:30,12.0624,0,36000,36000,-0.690489E-02,1,0.863757E-03,-0.919706,1,0.327844,2.01385,1,0.248066,1.69326,1,0.226612,0.452752E-01,1,0.557700E-02,0.356152E-01,0.198920E-01,0.263578E-01,0.447210E-03,-0.514104E-10,-0.585936E-12,17.8587,441.322,443.553,-0.100000,0,203.540,5.02984,5.05527,-0.100000,0,287.005,286.548,96559.5,1.17174,1008.10,0.247118E-01,0.293383E-02,0.366779E-02,485.034,1532.45,0.313021E-02,31.6509,1047.42,270.013,-0.560499,0.379470,0.292090E-01,0.677503,0.338681E-13,-0.287873E-14,0.677503,1.45588,42.0493,145.901,2.47095,-9999,0.767649E-01,0.459378E-01,41.8087,0.480761E-01,-0.456690,0.101427E-01,0,-9999,-9999,-9999,-9999,-9999,-9999,-9999,-0.681911E-02,1.01258,-0.801820,1.02302,1.64724,1.23135,1.39832,1.23135,0.370331E-01,1.23135,800000099,800010099,800000099,800000099,800000099,800101099,811110199,811110199,81100,81100,80,80,18,0,3,2,55,22,0.383493E-01,0.452868E-01,0.823953E-02,0.282260E-02,0.223706E-02,1.49855,-0.678802E-03,0.139832E-02,0.370331E-01,15.9973,0.396111,249.000,56.2500,4.44109,98742.4,1.20928
CH-CHA_201201112000.csv,2012-01-12,02:00,12.0833,0,36000,36000,-0.163725E-02,1,0.733044E-03,-0.750163,1,0.411762,1.43194,0,0.193439,1.50726,0,0.210729,0.321885E-01,0,0.434831E-02,-0.217488,-0.404105E-01,-0.318787E-01,-0.908384E-03,0.204924E-10,0.233091E-12,17.8437,440.736,442.957,-0.300000,0,202.963,5.01316,5.03841,-0.300000,0,286.866,286.411,96559.5,1.17231,1008.09,0.246999E-01,0.208582E-02,0.365739E-02,483.427,1518.77,0.311982E-02,31.8302,1035.34,269.968,-0.215419,0.455469,0.146633E-01,0.504056,-0.644393E-14,0.114844E-14,0.504056,1.12040,73.2267,115.312,1.66701,-9999,0.373711E-01,0.315603E-01,5.91394,0.339875,-0.523878,0.169856E-01,0,-9999,-9999,-9999,-9999,-9999,-9999,-9999,-0.160213E-02,1.02192,-0.659959,1.04334,1.00591,1.43629,1.06708,1.43629,0.226118E-01,1.43629,800000099,800010099,800000099,800000099,800000099,800000099,811110199,811110199,81100,81100,80,81,1,6,0,13,17,13,0.388961E-01,0.205232E-01,0.370125E-02,0.131172E-01,0.447539E-02,2.05717,-0.558441E-03,0.106708E-02,0.226118E-01,15.9949,0.368889,249.000,56.2500,4.40277,98705.2,1.20937
CH-CHA_201201120200.csv,2012-01-12,02:30,12.1041,0,36000,36000,0.122456E-01,1,0.428484E-02,-0.709964,1,0.588963,2.75390,1,0.513647,2.39889,1,0.633269,0.619055E-01,1,0.115464E-01,0.182459E-01,-0.720813E-01,-0.859434E-01,-0.162033E-02,0.190380E-10,0.216035E-12,17.7792,439.158,441.357,0.300000,0,201.752,4.98339,5.00835,0.350000,0,286.875,286.422,96559.5,1.17227,1008.07,0.247006E-01,0.401148E-02,0.363556E-02,480.561,1519.92,0.310129E-02,31.6176,1039.35,269.888,0.530977,-0.274784,-0.377639E-02,0.597877,-0.366734E-13,0.107080E-14,0.597877,2.61130,215.781,332.638,-0.361901,-9999,0.102206,0.234967,127.824,0.157247E-01,-0.257803,0.587814E-02,0,-9999,-9999,-9999,-9999,-9999,-9999,-9999,0.120969E-01,1.01229,-0.559600,1.02081,2.28942,1.20512,1.99900,1.20512,0.514644E-01,1.20512,800000099,800010099,800000099,800000099,800000099,800100099,800110199,810110199,81100,81100,80,80,0,1,3,2,4,8,0.239585,0.218262,0.120862E-01,0.679323E-02,0.999195E-02,3.88330,-0.473541E-03,0.199900E-02,0.514644E-01,16.0000,0.324444,249.000,56.2500,4.36562,98700.3,1.21010
CH-CHA_201201120200.csv,2012-01-12,03:00,12.1249,0,36000,36000,-0.183389E-01,1,0.106954E-02,0.124984,2,0.582353,3.42108,1,0.341511,3.17296,1,0.589810,0.769025E-01,1,0.767683E-02,-0.120706E-01,0.401022E-01,0.114532E-01,0.901458E-03,-0.162782E-11,-0.185243E-13,17.7881,439.368,441.576,0.450000,0,202.426,4.99995,5.02507,0.450000,0,286.869,286.414,96559.5,1.17230,1008.08,0.247001E-01,0.498328E-02,0.364772E-02,482.156,1519.16,0.311160E-02,31.7383,1037.00,269.933,0.732588,-0.489943,0.858806E-02,0.881364,0.913465E-13,-0.915116E-16,0.881364,3.28455,220.387,326.226,0.558302,-9999,0.125074,0.290893,-1330.67,-0.151052E-02,0.365336E-01,-0.845581E-03,0,-9999,-9999,-9999,-9999,-9999,-9999,-9999,-0.180923E-01,1.01363,0.296339,1.02054,2.90248,1.17164,2.67373,1.17164,0.652449E-01,1.17164,800000099,800010099,800000099,800000099,800000099,800100099,801110199,811110199,81100,81100,80,81,10,5,1,0,2,7,0.164039,0.401006,0.167400E-01,0.499928E-02,0.806432E-02,2.20040,0.250759E-03,0.267373E-02,0.652449E-01,15.9977,0.265556,249.000,56.2500,4.21108,98699.8,1.20818
CH-CHA_201201120200.csv,2012-01-12,03:30,12.1458,0,36000,36000,0.631044E-02,2,0.296336E-02,-0.316787,2,0.188475,3.39440,0,0.298754,1.59236,0,0.339009,0.763005E-01,0,0.671549E-02,-0.473854E-01,-0.967125E-01,-0.924106E-01,-0.217394E-02,0.106446E-09,0.120633E-11,17.7215,437.670,439.852,0.450000,0,200.833,4.96001,4.98474,0.400000,0,286.835,286.385,96559.5,1.17244,1008.06,0.246972E-01,0.494428E-02,0.361901E-02,478.311,1516.19,0.308674E-02,31.5468,1037.88,269.826,0.919460,-0.422819,0.107158E-01,1.01208,0.431859E-13,0.600662E-14,1.01208,3.46168,218.105,335.304,0.606658,-9999,0.733643E-01,0.401814,105.952,0.189709E-01,-0.933263E-01,0.365348E-02,0,-9999,-9999,-9999,-9999,-9999,-9999,-9999,0.624509E-02,1.01046,-0.142629,1.01995,2.81566,1.20254,1.31022,1.20254,0.632914E-01,1.20254,800000099,800010099,800000099,800000099,800001099,800101099,801110099,811110199,81100,81100,80,81,0,15,13,1,12,9,0.323522,0.461944,0.181619E-01,0.802001E-02,0.551277E-02,2.28715,-0.120679E-03,0.131022E-02,0.632914E-01,16.0000,0.328889,249.000,56.2500,3.99731,98695.2,1.20555
CH-CHA_201201120200.csv,2012-01-12,04:00,12.1666,0,36000,36000,-0.420966E-02,1,0.843100E-03,-0.714096,1,0.209808,3.32258,0,0.275486,1.64147,0,0.188668,0.746836E-01,0,0.619226E-02,-0.589998E-01,-0.363073E-02,-0.949137E-03,-0.816100E-04,-0.261513E-10,-0.296289E-12,17.7231,437.653,439.834,0.500000,0,200.799,4.95851,4.98322,0.500000,0,286.798,286.347,96559.5,1.17259,1008.06,0.246940E-01,0.483949E-02,0.361839E-02,478.167,1512.51,0.308581E-02,31.6142,1034.34,269.822,0.324925,-1.13866,-0.252692E-01,1.18438,0.210399E-14,-0.147555E-14,1.18438,2.21335,260.540,285.927,-1.22252,-9999,0.599170E-01,0.102934,25.6044,0.785022E-01,-0.214922,0.100827E-01,0,-9999,-9999,-9999,-9999,-9999,-9999,-9999,-0.415953E-02,1.01205,-0.538943,1.02450,2.66105,1.24950,1.31750,1.24950,0.598138E-01,1.24950,800000099,800010099,800000099,800000099,800000099,800001099,800110199,801110199,81000,81000,80,80,16,16,3,0,9,5,0.943218E-01,0.992185E-01,0.123269E-01,0.287282E-02,0.202198E-02,2.98304,-0.455944E-03,0.131750E-02,0.598138E-01,16.0000,0.221111,249.000,56.2500,4.01226,98654.8,1.20470
CH-CHA_201201120200.csv,2012-01-12,04:30,12.1874,0,36000,36000,0.740135E-02,2,0.312694E-02,-0.261797,2,0.127201,3.14042,0,0.271405,0.994058,1,0.173752,0.705865E-01,0,0.610032E-02,-0.571626E-01,0.218827E-01,0.555646E-01,0.491852E-03,-0.329500E-10,-0.373127E-12,17.7666,438.673,440.863,0.450000,0,201.189,4.96755,4.99235,0.450000,0,286.763,286.311,96559.5,1.17274,1008.06,0.246909E-01,0.457400E-02,0.362543E-02,479.036,1508.94,0.309143E-02,31.7465,1029.91,269.846,0.510239,-1.07750,-0.920056E-02,1.19224,-0.948464E-13,-0.185461E-14,1.19224,3.16261,250.544,295.339,-0.442159,-9999,0.794430E-01,0.266583,162.788,0.123474E-01,-0.833639E-01,0.278755E-02,0,-9999,-9999,-9999,-9999,-9999,-9999,-9999,0.732773E-02,1.01005,-0.101085,1.01973,2.60926,1.20025,0.813897,1.20025,0.586478E-01,1.20025,800000099,800010099,800000099,800000099,800000099,810000099,810110199,811110199,80000,80000,80,81,4,1,2,1,1,0,0.315482,0.193904,0.237800E-01,0.196182E-02,0.159896E-02,2.10716,-0.855068E-04,0.813897E-03,0.586478E-01,16.0000,0.220000,249.000,56.2500,3.97741,98607.9,1.20402
CH-CHA_201201120200.csv,2012-01-12,05:00,12.2082,0,36000,36000,-0.305364E-01,0,0.242461E-02,0.525935,0,0.337090,6.04073,0,0.345417,1.83740,0,0.901526E-01,0.135769,0,0.776344E-02,-0.903453E-01,-0.228929,-0.578593E-01,-0.514531E-02,-0.399283E-10,-0.444626E-12,17.7276,437.611,439.754,0.400000,0,197.408,4.87307,4.89694,0.400000,0,286.697,286.254,96559.5,1.17301,1008.01,0.246853E-01,0.879781E-02,0.355730E-02,469.940,1503.33,0.303262E-02,31.2599,1033.39,269.589,0.761438,-2.18663,-0.197737E-01,2.31549,-0.194305E-13,-0.225232E-14,2.31549,4.27959,257.241,289.199,-0.489298,-9999,0.161346,0.237684,-678.819,-0.296102E-02,0.870649E-01,-0.275682E-02,0,-9999,-9999,-9999,-9999,-9999,-9999,-9999,-0.302128E-01,1.01071,0.819199,1.02169,5.07868,1.18095,1.48230,1.18095,0.114146,1.18095,800000099,800010099,800000099,800000099,800000099,800000099,800010199,800010199,81100,81100,80,80,11,3,1,17,9,0,0.229486,0.206270,0.396127E-01,0.279910E-02,0.447118E-03,3.90284,0.692825E-03,0.148230E-02,0.114146,15.9961,0.283889,249.000,56.2500,3.61054,98600.6,1.19855
CH-CHA_201201120200.csv,2012-01-12,05:30,12.2291,0,36000,36000,-0.255589E-01,0,0.246369E-02,1.14913,1,0.660557,6.09506,0,0.374388,1.32648,0,0.107073,0.136969,0,0.841333E-02,-0.246351,-0.146879,0.124561E-01,-0.330069E-02,-0.794559E-10,-0.873338E-12,17.7469,437.840,439.957,0.400000,0,195.064,4.81251,4.83578,0.400000,0,286.536,286.099,96559.5,1.17368,1007.97,0.246714E-01,0.887562E-02,0.351506E-02,464.108,1488.12,0.299491E-02,31.1875,1024.01,269.423,0.559368,-1.98602,-0.887806E-02,2.06331,0.213187E-13,-0.447718E-14,2.06331,4.09073,260.819,285.730,-0.246534,-9999,0.147570,0.229828,-237.701,-0.845600E-02,0.188534,-0.658226E-02,0,-9999,-9999,-9999,-9999,-9999,-9999,-9999,-0.252890E-01,1.01067,1.43324,1.02101,5.12290,1.17830,1.02380,1.17830,0.115123,1.17830,800000099,800010099,800000099,800000099,800000099,800000099,800010199,800110199,80100,80100,80,80,9,2,1,6,10,0,0.231935,0.193372,0.343481E-01,0.738798E-02,0.929537E-03,3.21523,0.121150E-02,0.102380E-02,0.115123,16.0000,0.267778,249.000,56.2500,3.37106,98576.9,1.19578
CH-CHA_201201120200.csv,2012-01-12,06:00,12.2499,0,36000,36000,-0.419178E-01,0,0.325056E-02,0.744194,0,0.247161,7.33224,0,0.361561,2.20816,0,0.181234,0.164749,0,0.812396E-02,-0.226421,-0.184678,0.766274E-01,-0.414955E-02,0.111317E-09,0.120034E-11,17.8132,439.245,441.335,0.400000,0,192.080,4.73640,4.75894,0.400000,0,286.386,285.956,96559.5,1.17430,1007.93,0.246585E-01,0.106757E-01,0.346128E-02,456.779,1474.27,0.294754E-02,30.9835,1017.49,269.210,0.643190,-2.07988,-0.877625E-02,2.17708,-0.171090E-12,0.624916E-14,2.17708,4.30528,259.688,287.184,-0.230971,-9999,0.188934,0.290242,-770.276,-0.260945E-02,0.101496,-0.332789E-02,0,-9999,-9999,-9999,-9999,-9999,-9999,-9999,-0.414750E-01,1.01068,1.09817,1.02130,6.17124,1.17946,1.77769,1.17946,0.138662,1.17946,800000099,800010099,800000099,800000099,800000099,800000099,800010199,800010199,81100,81100,80,80,5,5,2,1,10,0,0.231408,0.300816,0.482610E-01,0.136017E-02,0.794102E-03,2.43592,0.927815E-03,0.177769E-02,0.138662,16.0000,0.232222,249.000,56.2500,3.16457,98557.8,1.19202
CH-CHA_201201120200.csv,2012-01-12,06:30,12.2707,0,36000,36000,-0.409932E-01,1,0.302499E-02,-1.48339,2,0.481490,3.58600,1,0.247680,2.83786,1,0.449580,0.805666E-01,1,0.556461E-02,-0.157659,-0.848811E-01,0.407709E-01,-0.190702E-02,-0.239835E-09,-0.256270E-11,17.8499,439.993,442.071,0.400000,0,190.731,4.70143,4.72364,0.400000,0,286.283,285.856,96559.5,1.17472,1007.91,0.246496E-01,0.522072E-02,0.343696E-02,453.412,1464.69,0.292577E-02,30.9562,1011.28,269.112,1.17348,-1.53122,0.164986E-02,1.92917,0.192536E-12,-0.134362E-13,1.92917,3.88376,240.790,307.466,0.490005E-01,-9999,0.186805,0.355400,373.517,0.538128E-02,-0.413660,0.670673E-02,0,-9999,-9999,-9999,-9999,-9999,-9999,-9999,-0.405896E-01,1.00994,-1.27664,1.02120,2.98511,1.20812,2.38444,1.20812,0.670663E-01,1.20812,800000099,800010099,800000099,800000099,800000099,800001099,800010199,800010199,81100,81100,80,81,7,0,6,0,5,1,0.171048,0.502769,0.369845E-01,0.216506E-02,0.348572E-02,2.26248,-0.107824E-02,0.238444E-02,0.670663E-01,15.9953,0.356667,249.000,56.2500,3.04074,98521.1,1.19040
CH-CHA_201201120200.csv,2012-01-12,07:00,12.2916,0,36000,36000,-0.359244E-01,1,0.383773E-02,6.43731,1,2.80495,4.64986,1,0.361281,3.85177,1,0.727207,0.104451,1,0.811558E-02,-0.266653,-0.160588,0.718520E-04,-0.360735E-02,0.388481E-10,0.409265E-12,17.8608,439.994,442.043,0.350000,0,188.164,4.63534,4.65692,0.350000,0,286.108,285.688,96559.5,1.17544,1007.87,0.246346E-01,0.676845E-02,0.339071E-02,447.047,1448.63,0.288463E-02,30.8600,1001.58,268.924,1.07724,-1.24716,0.225635E-01,1.64814,-0.244914E-12,0.217505E-14,1.64814,3.82547,236.131,310.819,0.784419,-9999,0.174821,0.596322,-70.5458,-0.284921E-01,1.38441,-0.310818E-01,0,-9999,-9999,-9999,-9999,-9999,-9999,-9999,-0.355367E-01,1.01091,6.54613,1.02018,3.80482,1.17457,2.95101,1.17457,0.854689E-01,1.17457,800000099,800010099,800000099,800000099,800011099,800011099,800010099,800110099,80100,80100,80,81,0,0,3,0,35,11,0.239595,0.921110,0.319395E-01,0.882247E-01,0.106620E-01,2.57749,0.552562E-02,0.295101E-02,0.854689E-01,16.0000,0.223333,249.000,56.2500,2.90246,98502.7,1.18782
CH-CHA_201201120200.csv,2012-01-12,07:30,12.3124,0,36000,36000,-0.681365E-01,1,0.428639E-02,-24.3613,1,15.9349,3.72376,1,0.248956,1.02281,1,0.231426,0.834802E-01,1,0.558116E-02,-3.34904,-0.117691,-0.345009,-0.263843E-02,-0.383957E-09,-0.406102E-11,17.7365,433.719,435.717,0.400000,0,187.595,4.58735,4.60849,0.400000,0,284.005,283.592,96559.5,1.18415,1007.80,0.244535E-01,0.540952E-02,0.338046E-02,442.426,1260.97,0.285476E-02,35.0862,818.542,268.786,0.273280,-1.86676,-0.564958E-02,1.88666,-0.199146E-12,-0.216479E-13,1.88666,4.10626,269.369,278.329,-0.171571,-9999,0.239876,0.579156,48.1536,0.417415E-01,-6.54214,0.851010E-01,0,40.3329,-6.12067,13.8450,34.4759,52.5779,73.7413,110.478,-0.673604E-01,1.01152,-23.6061,1.02460,3.46999,1.24180,1.82265,1.24180,0.777911E-01,1.24180,800000099,800000099,800000099,800000099,800000099,800001099,800010199,800110199,81100,81100,80,80,0,7,4,0,31,3,0.246986,0.881607,0.297201E-01,2.70354,0.104758E-02,2.39106,-0.197808E-01,0.182265E-02,0.777911E-01,15.9977,6.60167,249.000,56.2500,2.85328,98497.1,1.18726
CH-CHA_201201120200.csv,2012-01-12,08:00,12.3332,0,36000,36000,-0.211016E-01,0,0.236696E-02,-0.551627,1,0.623798,5.34595,0,0.252519,1.51361,0,0.108533,0.120089,0,0.567247E-02,3.33497,0.151763,0.983041E-01,0.340914E-02,0.623825E-10,0.666025E-12,17.6787,435.520,437.554,0.450000,0,188.746,4.64981,4.67154,0.450000,0,286.116,285.695,96559.5,1.17541,1007.87,0.246353E-01,0.778175E-02,0.340121E-02,448.442,1449.25,0.289364E-02,30.9429,1000.81,268.965,0.420454,-1.87849,-0.127583E-02,1.92497,-0.604893E-14,0.352868E-14,1.92497,3.69173,263.505,282.616,-0.379745E-01,-9999,0.133987,0.224722,370.627,0.542324E-02,-0.103186,0.347526E-02,0,-9999,-9999,-9999,-9999,-9999,-9999,-9999,-0.208956E-01,1.00986,-0.277388,1.02100,4.42285,1.20619,1.23545,1.20619,0.993527E-01,1.20619,800000099,800011199,800000099,800000099,800000099,800010099,800010099,810010099,80000,80000,80,80,18,1,1,0,8,1,0.262942,0.154757,0.317452E-01,0.831802E-02,0.757978E-03,2.38641,-0.234149E-03,0.123545E-02,0.993527E-01,15.9981,4.55833,249.000,56.2500,2.92562,98476.6,1.18928
CH-CHA_201201120800.csv,2012-01-12,08:30,12.3541,1,36000,36000,-0.198706E-01,0,0.241324E-02,0.221625,1,0.451358,5.09402,0,0.308553,1.21682,0,0.100064,0.114446,0,0.693216E-02,0.234499,0.650814E-01,0.405068E-01,0.146216E-02,-0.290342E-10,-0.311239E-12,17.6995,436.263,438.312,0.500000,0,189.734,4.67662,4.69859,0.450000,0,286.267,285.843,96559.5,1.17479,1007.89,0.246482E-01,0.741608E-02,0.341902E-02,451.023,1463.38,0.291033E-02,30.8205,1012.36,269.042,0.756869,-1.49676,-0.144996E-01,1.67731,0.602988E-14,-0.164039E-14,1.67731,3.79527,250.166,296.824,-0.495303,-9999,0.130055,0.196143,-843.633,-0.238255E-02,0.435069E-01,-0.143920E-02,0,-9999,-9999,-9999,-9999,-9999,-9999,-9999,-0.196567E-01,1.01088,0.474764,1.02022,4.31113,1.17480,0.983465,1.17480,0.968567E-01,1.17480,800000099,800010099,800000099,800000099,800000099,800000099,800010199,800010199,81100,81100,80,80,12,13,2,0,10,0,0.224201,0.138241,0.298444E-01,0.345331E-02,0.415755E-03,2.19286,0.400963E-03,0.983465E-03,0.968567E-01,15.9949,0.422222,249.000,56.2500,3.01439,98481.6,1.19018
CH-CHA_201201120800.csv,2012-01-12,09:00,12.3749,1,36000,36000,-0.310543E-01,0,0.389247E-02,0.366785,0,0.256063,5.97963,0,0.426853,0.306692,0,0.841526E-01,0.134344,0,0.959009E-02,0.209536E-01,-0.436895E-02,0.906185E-02,-0.981570E-04,-0.120161E-10,-0.128711E-12,17.7055,436.429,438.479,0.400000,0,189.653,4.67482,4.69678,0.450000,0,286.280,285.856,96559.5,1.17473,1007.89,0.246494E-01,0.870550E-02,0.341754E-02,450.850,1464.65,0.290921E-02,30.7820,1013.80,269.036,1.04262,-1.49907,-0.845042E-02,1.82602,0.812168E-13,-0.678667E-15,1.82602,3.32970,242.427,304.819,-0.265154,-9999,0.162589,0.204978,-995.998,-0.201808E-02,0.613390E-01,-0.190532E-02,0,-9999,-9999,-9999,-9999,-9999,-9999,-9999,-0.307240E-01,1.01075,0.661443,1.02048,5.05299,1.17605,0.194676,1.17605,0.113525,1.17605,800000099,800010099,800000099,800000099,800000099,800001099,800010199,800110199,81000,81000,80,80,9,14,3,2,44,23,0.215585,0.155875,0.384965E-01,0.998735E-03,0.249266E-03,2.69938,0.558650E-03,0.194676E-03,0.113525,15.9961,0.335556,249.000,56.2500,3.06983,98497.9,1.19075
CH-CHA_201201120800.csv,2012-01-12,09:30,12.3957,1,36000,36000,-0.219985E-01,0,0.226051E-02,1.70756,0,0.361975,6.03364,0,0.510903,1.16607,1,0.311639,0.135550,0,0.114778E-01,-0.990648E-01,0.107856E-01,-0.218748E-02,0.242305E-03,-0.327809E-09,-0.351500E-11,17.7077,436.389,438.440,10.0000,0,189.874,4.67926,4.70126,0.450000,0,286.218,285.793,96559.5,1.17499,1007.89,0.246440E-01,0.878361E-02,0.342153E-02,451.277,1458.66,0.291197E-02,30.9377,1007.39,269.049,0.873298,-0.994994,-0.297778E-03,1.32388,0.149344E-12,-0.185123E-13,1.32388,3.20484,236.803,311.273,-0.128874E-01,-9999,0.136830,0.221989,-127.515,-0.157629E-01,0.283006,-0.105377E-01,0,-9999,-9999,-9999,-9999,-9999,-9999,-9999,-0.217480E-01,1.01152,1.98009,1.01990,5.08568,1.17247,0.867963,1.17247,0.114253,1.17247,800000099,800010099,800000099,800000099,800000099,800000099,800010199,800110199,81100,81100,80,81,3,9,3,14,5,5,0.192075,0.227098,0.248057E-01,0.273961E-02,0.159491E-02,4.03272,0.167200E-02,0.867963E-03,0.114253,16.0000,0.402222,249.000,56.2500,3.23276,98499.6,1.19270
CH-CHA_201201120800.csv,2012-01-12,10:00,12.4166,1,36000,36000,-0.345827E-01,0,0.583915E-02,4.22664,0,0.741230,7.74728,0,0.543557,-0.747567,1,0.361429,0.174044,0,0.122111E-01,-0.299000E-01,0.515219E-01,0.446075E-01,0.115745E-02,-0.992898E-10,-0.106748E-11,17.7419,437.206,439.271,0.450000,0,190.746,4.70048,4.72268,0.400000,0,286.201,285.774,96559.5,1.17506,1007.90,0.246426E-01,0.112781E-01,0.343725E-02,453.320,1456.86,0.292518E-02,31.1162,1003.54,269.109,1.03246,-1.01257,0.799389E-02,1.44615,0.360866E-13,-0.559634E-14,1.44615,3.51366,231.126,315.557,0.316717,-9999,0.171554,0.375338,-101.532,-0.197968E-01,0.545564,-0.208026E-01,0,-9999,-9999,-9999,-9999,-9999,-9999,-9999,-0.341986E-01,1.01123,4.53679,1.01995,6.48242,1.17315,-0.890866,1.17315,0.145629,1.17315,800000099,800000099,800000099,800000099,800000099,800001099,800010099,800110099,80000,80000,80,80,7,3,1,1,9,5,0.344594,0.365781,0.403002E-01,0.857690E-02,0.452141E-02,3.48416,0.383064E-02,-0.890866E-03,0.145629,15.9961,0.347778,249.000,56.2500,3.46972,98499.2,1.19477
CH-CHA_201201120800.csv,2012-01-12,10:30,12.4374,1,36000,36000,-0.419020E-01,0,0.469355E-02,5.29487,1,0.783338,9.20001,0,0.586927,-3.05900,0,0.353622,0.206662,0,0.131843E-01,-0.145109,0.158776E-01,-0.241559E-01,0.356662E-03,0.276265E-09,0.297732E-11,17.7296,436.764,438.829,0.300000,0,191.072,4.70701,4.72927,0.300000,0,286.110,285.683,96559.5,1.17543,1007.90,0.246347E-01,0.133917E-01,0.344312E-02,453.950,1448.14,0.292925E-02,31.3470,994.192,269.128,2.01730,-0.186936,0.630783E-01,2.02693,-0.540727E-12,0.155822E-13,2.02693,4.75802,191.522,354.706,1.78334,-9999,0.188807,0.491807,-108.043,-0.186037E-01,0.575529,-0.236712E-01,0,-9999,-9999,-9999,-9999,-9999,-9999,-9999,-0.414594E-01,1.01068,5.65086,1.02092,7.66060,1.17793,-2.90892,1.17793,0.172082,1.17793,800000099,800001199,800000099,800000099,800000099,800000099,800010199,800110199,81100,81100,80,81,1,5,1,6,30,8,0.355625,0.585142,0.428468E-01,0.172625E-01,0.183491E-02,5.00202,0.476978E-02,-0.290892E-02,0.172082,15.9977,0.447778,249.000,56.2500,3.56846,98499.2,1.19491
CH-CHA_201201120800.csv,2012-01-12,11:00,12.4582,1,36000,36000,-0.345670E-01,0,0.406147E-02,10.8880,0,1.00953,9.83664,0,0.577173,-2.50781,0,0.238213,0.220939,0,0.129637E-01,-0.182375,0.294873E-01,-0.793145E-01,0.662306E-03,0.939049E-10,0.101801E-11,17.6777,435.311,437.375,0.300000,0,191.641,4.71914,4.74152,0.250000,0,285.996,285.568,96559.5,1.17590,1007.91,0.246249E-01,0.143168E-01,0.345337E-02,455.118,1437.25,0.293680E-02,31.6658,982.134,269.162,2.09775,0.395163,0.597093E-01,2.13548,-0.724005E-13,0.531207E-14,2.13548,4.09153,176.901,10.6681,1.60223,-9999,0.171453,0.319759,-39.3446,-0.510871E-01,1.10688,-0.535812E-01,0,-9999,-9999,-9999,-9999,-9999,-9999,-9999,-0.342020E-01,1.01067,11.1590,1.02119,8.07087,1.17903,-2.69081,1.17903,0.181278,1.17903,800000099,800000099,800000099,800000099,800000099,800000099,800010199,800010199,80100,80100,80,80,3,2,4,1,24,1,0.300616,0.295960,0.429426E-01,0.220876E-01,0.164004E-02,6.17747,0.941531E-02,-0.269081E-02,0.181278,16.0000,0.345556,249.000,56.2500,3.73587,98499.6,1.19695
CH-CHA_201201120800.csv,2012-01-12,11:30,12.4790,1,36000,36000,-0.392238E-01,0,0.377771E-02,16.9308,0,1.48115,14.1537,0,0.826326,-4.10399,0,0.397231,0.317867,0,0.185578E-01,-0.186995,-0.254428E-02,-0.334631E-01,-0.571401E-04,0.625303E-10,0.678687E-12,17.6601,434.698,436.759,0.250000,0,191.678,4.71810,4.74046,0.250000,0,285.878,285.450,96559.5,1.17638,1007.91,0.246147E-01,0.205978E-01,0.345403E-02,455.017,1426.17,0.293615E-02,31.9049,971.149,269.159,2.11955,0.611424,0.711090E-01,2.20712,0.470882E-15,0.354077E-14,2.20712,4.37417,171.224,16.0912,1.84627,-9999,0.182600,0.399782,-30.5647,-0.657622E-01,1.19621,-0.782002E-01,0,-9999,-9999,-9999,-9999,-9999,-9999,-9999,-0.388093E-01,1.01068,17.2908,1.02138,11.5785,1.17978,-4.34437,1.17978,0.260032,1.17978,800000099,800000099,800000099,800000099,800000099,800000099,800010199,800110199,80000,80000,80,80,4,2,4,1,8,9,0.285510,0.467897,0.461572E-01,0.376495E-01,0.349649E-02,9.54037,0.145830E-01,-0.434437E-02,0.260032,15.9981,0.345556,249.000,56.2500,3.96452,98487.6,1.19897
CH-CHA_201201120800.csv,2012-01-12,12:00,12.4999,1,36000,36000,-0.359655E-01,0,0.377888E-02,19.2879,0,1.44120,15.8773,0,0.919462,-4.77420,0,0.403609,0.356543,0,0.206475E-01,-0.157984,-0.695170E-01,-0.647712E-01,-0.156108E-02,-0.320948E-09,-0.347185E-11,17.6182,433.513,435.555,0.300000,0,190.585,4.68953,4.71162,0.250000,0,285.775,285.351,96559.5,1.17681,1007.89,0.246059E-01,0.231040E-01,0.343435E-02,452.266,1416.86,0.291836E-02,31.9202,964.597,269.078,2.24613,0.463651,0.450204E-01,2.29392,-0.711797E-12,-0.182168E-13,2.29392,5.41629,177.136,11.6633,1.12456,-9999,0.174820,0.678264,-23.5439,-0.853724E-01,1.21481,-0.930203E-01,0,-9999,-9999,-9999,-9999,-9999,-9999,-9999,-0.355846E-01,1.01070,19.6802,1.02163,12.9746,1.18072,-5.02458,1.18072,0.291359,1.18072,800000099,800000099,800000099,800000099,800000099,800000099,800000199,800000199,80000,80000,80,81,0,11,2,9,34,16,0.459244,0.838694,0.585892E-01,0.368870E-01,0.336298E-02,10.8672,0.165925E-01,-0.502458E-02,0.291359,15.9981,0.326667,249.000,56.2500,4.16724,98438.4,1.20023
CH-CHA_201201120800.csv,2012-01-12,12:30,12.5207,1,36000,36000,-0.510156E-01,0,0.457094E-02,19.7852,0,1.48892,18.8532,0,1.08868,-6.20730,0,0.508542,0.423334,0,0.244455E-01,-0.140794,0.468623E-01,-0.515616E-01,0.105225E-02,0.690691E-10,0.751859E-12,17.5852,432.569,434.616,0.250000,0,191.426,4.70878,4.73106,0.250000,0,285.688,285.262,96559.5,1.17716,1007.90,0.245984E-01,0.274320E-01,0.344950E-02,454.120,1408.62,0.293035E-02,32.2387,954.498,269.133,2.20584,0.967446,0.656986E-01,2.40956,0.178837E-12,0.392767E-14,2.40956,4.52359,162.867,23.6815,1.56241,-9999,0.208177,0.325678,-38.7572,-0.518614E-01,1.04943,-0.801040E-01,0,28.2078,-4.28064,9.68281,24.1116,36.7717,51.5728,77.2654,-0.504729E-01,1.01075,20.3086,1.02196,15.4536,1.18200,-6.27595,1.18200,0.346998,1.18200,800000099,800000099,800000099,800000099,800000099,800000099,800000199,800010199,80000,80000,80,81,0,8,0,3,20,4,0.256296,0.340337,0.547229E-01,0.392899E-01,0.412129E-02,11.9019,0.171169E-01,-0.627595E-02,0.346998,15.9977,0.390000,249.000,56.2500,4.25825,98393.0,1.20061
CH-CHA_201201120800.csv,2012-01-12,13:00,12.5415,1,36000,36000,-0.593410E-01,0,0.464875E-02,30.9715,0,1.93345,23.5932,0,1.22823,-6.29576,0,0.516962,0.529800,0,0.275806E-01,0.106507,0.722842E-01,0.160134E-02,0.162319E-02,-0.542298E-10,-0.594008E-12,17.5821,432.599,434.658,0.250000,0,192.586,4.73849,4.76105,0.250000,0,285.758,285.329,96559.5,1.17687,1007.91,0.246045E-01,0.343310E-01,0.347041E-02,456.980,1414.85,0.294884E-02,32.2988,957.871,269.216,2.32698,1.27174,0.786225E-01,2.65299,0.152028E-13,-0.308437E-14,2.65299,5.24886,158.199,28.6574,1.69824,-9999,0.224550,0.304611,-31.0722,-0.646881E-01,1.31273,-0.116277,0,27.1145,-4.11473,9.30752,23.1770,35.3464,49.5739,74.2707,-0.587007E-01,1.01091,31.4690,1.02273,19.1560,1.18484,-6.86472,1.18484,0.430160,1.18484,800000099,800000099,800000099,800000099,800000099,800000099,800000199,800000199,81000,81000,80,80,11,10,0,0,2,0,0.267131,0.271808,0.702826E-01,0.446214E-01,0.402152E-02,13.1141,0.265295E-01,-0.686472E-02,0.430160,16.0000,0.380000,249.000,56.2500,4.37099,98329.9,1.20199
CH-CHA_201201120800.csv,2012-01-12,13:30,12.5624,1,36000,36000,-0.611836E-01,0,0.494352E-02,28.0278,0,1.62511,21.3406,0,1.07358,-6.04489,0,0.476181,0.479224,0,0.241082E-01,0.267112E-01,0.253019E-01,0.194361E-01,0.568180E-03,-0.164782E-10,-0.180742E-12,17.5955,432.954,435.020,0.250000,0,192.997,4.74888,4.77154,0.250000,0,285.776,285.346,96559.5,1.17680,1007.92,0.246060E-01,0.310537E-01,0.347781E-02,457.982,1416.42,0.295531E-02,32.3338,958.437,269.245,2.37524,1.32951,0.639479E-01,2.72276,0.231657E-13,-0.936503E-15,2.72276,5.06271,157.376,29.2373,1.34580,-9999,0.228017,0.367200,-35.9506,-0.559101E-01,1.31336,-0.103632,0,26.9195,-4.08515,9.24061,23.0104,35.0923,49.2175,73.7368,-0.605200E-01,1.01097,28.4707,1.02296,17.3130,1.18568,-6.50195,1.18568,0.388781,1.18568,800000099,800000099,800000099,800000099,800000099,800000099,800000199,800000199,81100,81100,80,80,4,4,4,5,19,6,0.334482,0.326129,0.737885E-01,0.399986E-01,0.358299E-02,11.6659,0.240032E-01,-0.650195E-02,0.388781,16.0000,0.288889,249.000,56.2500,4.50115,98300.0,1.20369
CH-CHA_201201120800.csv,2012-01-12,14:00,12.5832,1,36000,36000,-0.472695E-01,0,0.454443E-02,26.2163,0,1.62724,21.0386,0,1.16410,-5.83829,0,0.467184,0.472458,0,0.261420E-01,0.535926E-01,0.154928,-0.331657E-01,0.347917E-02,0.329326E-09,0.366581E-11,17.5684,432.347,434.438,0.200000,0,195.558,4.81257,4.83584,0.200000,0,285.816,285.380,96559.5,1.17663,1007.96,0.246094E-01,0.306153E-01,0.352396E-02,464.114,1419.57,0.299495E-02,32.6941,955.452,269.423,1.93711,1.05508,0.860229E-01,2.20749,-0.523006E-13,0.187453E-13,2.20749,4.17725,157.656,28.5758,2.23331,-9999,0.200433,0.287251,-26.1059,-0.769940E-01,1.24610,-0.110286,0,28.2941,-4.29374,9.71245,24.1854,36.8842,51.7307,77.5019,-0.467699E-01,1.01068,26.7295,1.02138,17.1751,1.17979,-6.27495,1.17979,0.385697,1.17979,800000099,800000099,800000099,800000099,800000099,800000099,800000199,800000199,81100,81100,80,80,6,3,1,1,13,4,0.247861,0.276300,0.503414E-01,0.529487E-01,0.502211E-02,15.9689,0.225376E-01,-0.627495E-02,0.385697,16.0000,0.165556,249.000,56.2500,4.84540,98286.6,1.20875
CH-CHA_201201121400.csv,2012-01-12,14:30,12.6040,1,36000,36000,-0.505563E-01,0,0.456930E-02,35.5245,0,2.67699,25.4532,0,1.38556,-8.40146,0,0.664870,0.571522,0,0.311110E-01,-0.213615,0.915598E-01,-0.166647E-01,0.205587E-02,0.389153E-11,0.436870E-13,17.5641,432.042,434.148,0.200000,0,197.177,4.85018,4.87382,0.200000,0,285.684,285.245,96559.5,1.17717,1007.97,0.245981E-01,0.370346E-01,0.355313E-02,467.736,1407.05,0.301837E-02,33.2422,939.318,269.527,2.23943,1.05053,0.970072E-01,2.47549,-0.456778E-13,0.221562E-15,2.47549,4.44587,161.660,25.1316,2.24583,-9999,0.207237,0.382980,-21.2950,-0.943883E-01,1.39568,-0.144468,0,26.7061,-4.05275,9.16734,22.8280,34.8141,48.8273,73.1522,-0.500168E-01,1.01079,36.0360,1.02217,20.6368,1.18275,-8.87046,1.18275,0.463375,1.18275,800000099,800000099,800000099,800000099,800000099,800000099,800000199,800000199,81100,81100,80,80,2,5,0,8,19,16,0.266425,0.437358,0.621777E-01,0.864505E-01,0.639125E-02,17.0601,0.303702E-01,-0.887046E-02,0.463375,16.0000,0.268889,249.000,56.2500,5.62051,98256.3,1.21450
CH-CHA_201201121400.csv,2012-01-12,15:00,12.6249,1,36000,36000,-0.806866E-01,0,0.749153E-02,39.5375,0,2.65607,27.8088,0,1.44279,-8.20244,0,0.659701,0.624153,0,0.323827E-01,-0.694336,0.569186E-01,-0.456015E-01,0.127750E-02,0.383968E-09,0.433960E-11,17.5569,431.209,433.321,0.250000,0,198.428,4.87352,4.89739,0.250000,0,285.249,284.809,96559.5,1.17896,1007.98,0.245606E-01,0.404451E-01,0.357567E-02,469.983,1367.11,0.303290E-02,34.3778,897.130,269.591,2.53063,1.46166,0.109565,2.92447,-0.694349E-13,0.218699E-13,2.92447,6.03130,157.198,30.0102,2.14709,-9999,0.261608,0.482616,-38.4895,-0.522220E-01,1.42176,-0.127177,0,28.9219,-4.38901,9.92796,24.7220,37.7026,52.8785,79.2216,-0.797963E-01,1.01116,40.0153,1.02366,22.4218,1.18816,-8.85582,1.18816,0.503244,1.18816,800000099,800000099,800000099,800000099,800000099,800000099,800000199,800010199,81000,81100,80,80,7,2,1,2,12,7,0.481343,0.402707,0.811817E-01,0.743352E-01,0.548866E-02,16.5232,0.336725E-01,-0.885582E-02,0.503244,16.0000,0.215556,249.000,56.2500,7.35744,98201.1,1.22235
CH-CHA_201201121400.csv,2012-01-12,15:30,12.6457,1,36000,36000,-0.536058E-01,0,0.444452E-02,9.30651,0,1.03602,11.5981,0,0.643871,-3.99690,0,0.326679,0.260393,0,0.144558E-01,0.514307,-0.782388E-01,0.130829E-01,-0.175657E-02,-0.109782E-09,-0.123190E-11,17.5469,431.449,433.548,0.200000,0,196.898,4.84140,4.86495,0.200000,0,285.571,285.133,96559.5,1.17764,1007.97,0.245883E-01,0.168735E-01,0.354811E-02,466.890,1396.63,0.301290E-02,33.4296,929.745,269.502,2.32871,1.44350,0.877867E-01,2.74122,0.214414E-13,-0.625650E-14,2.74122,5.34410,155.009,31.7936,1.83520,-9999,0.213354,0.340424,-88.6979,-0.226612E-01,0.802418,-0.367476E-01,0,27.1540,-4.12072,9.32109,23.2108,35.3980,49.6462,74.3790,-0.530236E-01,1.01098,9.67788,1.02303,9.52937,1.18590,-3.87181,1.18590,0.213947,1.18590,800000099,800000099,800000099,800000099,800000099,800000099,800010199,800010199,80000,80000,80,80,8,12,2,0,27,14,0.389839,0.227791,0.632179E-01,0.209342E-01,0.234826E-02,5.70859,0.815309E-02,-0.387181E-02,0.213947,16.0000,0.268889,249.000,56.2500,6.80143,98193.9,1.21593
CH-CHA_201201121400.csv,2012-01-12,16:00,12.6665,1,36000,36000,-0.391487E-01,0,0.400338E-02,-3.60702,1,1.27202,7.69362,0,0.476386,-3.83535,0,0.336533,0.172757,0,0.106971E-01,0.240370,0.136480E-01,0.302003E-02,0.306462E-03,-0.180665E-11,-0.202937E-13,17.5398,431.504,433.606,0.200000,0,197.021,4.84700,4.87061,0.200000,0,285.723,285.284,96559.5,1.17701,1007.97,0.246014E-01,0.111947E-01,0.355033E-02,467.430,1410.63,0.301639E-02,33.1362,943.201,269.518,1.85108,1.30820,0.102841,2.26902,0.352886E-13,-0.103003E-15,2.26902,4.17639,151.881,35.2498,2.59776,-9999,0.182376,0.263043,142.941,0.140617E-01,-0.468833,0.166706E-01,0,-9999,-9999,-9999,-9999,-9999,-9999,-9999,-0.387385E-01,1.01059,-3.15322,1.02307,6.34880,1.22069,-3.04982,1.22069,0.142560,1.22069,800000099,800000099,800000099,800000099,800000099,800000099,800010199,800110199,80000,80000,80,80,8,4,4,1,10,3,0.261603,0.220783,0.436999E-01,0.195703E-01,0.242413E-02,3.42187,-0.265781E-02,-0.304982E-02,0.142560,16.0000,0.198889,249.000,56.2500,6.39530,98199.7,1.21451
CH-CHA_201201121400.csv,2012-01-12,16:30,12.6873,1,36000,36000,-0.329594E-01,0,0.334681E-02,-7.83478,0,2.12958,1.64351,0,0.454879,-0.849131,0,0.121580,0.369244E-01,0,0.102197E-01,0.890860,-0.180891,0.224852,-0.406404E-02,-0.550732E-10,-0.603353E-12,17.6730,435.626,437.715,0.150000,0,193.616,4.77249,4.79538,0.200000,0,286.279,285.846,96559.5,1.17473,1007.94,0.246493E-01,0.239270E-02,0.348896E-02,460.255,1463.69,0.297001E-02,31.4448,1003.44,269.311,1.72438,1.69467,0.964486E-01,2.41965,-0.499913E-13,-0.311623E-14,2.41965,4.44930,141.639,44.5022,2.28445,-9999,0.167502,0.380367,50.9842,0.394239E-01,-4.76709,0.395031E-01,0,-9999,-9999,-9999,-9999,-9999,-9999,-9999,-0.325663E-01,1.01207,-7.55744,1.02636,1.46969,1.24868,-0.365262,1.24868,0.330192E-01,1.24868,800000099,800000099,800000099,800000099,800000099,800000099,800000199,800010199,80000,80000,80,80,2,5,3,14,45,10,0.294986,0.418297,0.474506E-01,0.152873,0.504037E-03,4.37584,-0.638263E-02,-0.365262E-03,0.330192E-01,16.0000,0.285556,249.000,56.2500,4.68619,98187.2,1.20132
CH-CHA_201201121400.csv,2012-01-12,17:00,12.7082,0,36000,36000,-0.963478E-02,1,0.223765E-02,-8.60640,0,1.11084,-1.45737,0,0.494638,0.509707,0,0.228740,-0.327592E-01,0,0.111186E-01,0.848159,-0.512394,0.221287,-0.115178E-01,-0.191825E-11,-0.198982E-13,17.8057,439.691,441.705,0.100000,0,184.700,4.56094,4.58184,0.100000,0,286.796,286.382,96559.5,1.17263,1007.84,0.246938E-01,-0.212280E-02,0.332829E-02,439.883,1515.93,0.283832E-02,29.0173,1076.05,268.709,0.552234,1.40113,0.559110E-01,1.50707,0.103448E-13,-0.107733E-15,1.50707,3.58946,116.552,68.4890,2.12611,-9999,0.906444E-01,0.266685,7.35520,0.273276,5.90543,0.803394E-01,0,-9999,-9999,-9999,-9999,-9999,-9999,-9999,-0.944245E-02,1.02037,-8.31968,1.04250,-0.872303,1.42358,0.686208,1.42358,-0.196079E-01,1.42358,800000099,800000099,800000099,800000099,800000099,800000099,800100199,800100199,80000,80000,80,81,1,11,5,7,14,21,0.267242,0.248891,0.172376E-01,0.679793E-01,0.372239E-02,8.00084,-0.703971E-02,0.686208E-03,-0.196079E-01,15.9938,0.430000,249.000,56.2500,2.26174,98198.8,1.18157
CH-CHA_201201121400.csv,2012-01-12,17:30,12.7290,0,36000,36000,-0.503493E-02,1,0.103187E-02,-9.73261,0,1.30289,0.834973,2,0.904987,1.89955,0,0.406598,0.187629E-01,2,0.203363E-01,-0.512483,-0.951782,0.262642,-0.213878E-01,0.635797E-10,0.596249E-12,18.0234,444.509,446.370,0.200000,0,169.023,4.16860,4.18605,5.80000,0,286.437,286.058,96559.5,1.17413,1007.62,0.246629E-01,0.121584E-02,0.304580E-02,402.093,1484.22,0.259410E-02,27.0912,1082.13,267.524,1.07602,0.750402,0.510714E-01,1.31283,0.405917E-14,0.352762E-14,1.31283,2.88906,150.253,34.8914,2.22946,-9999,0.654846E-01,0.140519,2.45218,0.819680,-11.6562,0.125625,0,-9999,-9999,-9999,-9999,-9999,-9999,-9999,-0.485091E-02,1.03794,-9.01101,1.07730,0.590137,1.77553,1.35708,1.77553,0.132612E-01,1.77553,800000099,800000099,800000099,800000099,800000099,800100099,801100199,801110199,81100,81100,80,80,5,9,4,8,6,19,0.132778,0.137718,0.105428E-01,0.130214,0.141435E-01,32.8015,-0.761660E-02,0.135708E-02,0.132612E-01,16.0000,0.240000,249.000,56.2500,0.771987,98190.3,1.16673
CH-CHA_201201121400.csv,2012-01-12,18:00,12.7498,0,36000,36000,-0.700037E-02,1,0.169292E-02,-0.154315,2,1.30564,9.78161,1,6.37496,3.02264,1,1.51976,0.219714,1,0.143194,-0.690212,-2.66708,-0.193803,-0.599079E-01,-0.669383E-10,-0.466285E-12,17.9130,440.960,442.319,10.0000,0,124.780,3.07168,3.08115,2.90000,0,285.902,285.623,96559.5,1.17640,1007.02,0.246168E-01,0.142375E-01,0.224854E-02,296.391,1442.50,0.191137E-02,20.5471,1146.11,263.585,-0.305932,0.653131,0.230008E-01,0.721598,0.558838E-13,-0.373686E-14,0.721598,1.77034,71.8031,115.099,1.82660,-9999,0.771405E-01,0.209351,252.769,0.795192E-02,-0.157760E-01,0.168861E-02,0,-9999,-9999,-9999,-9999,-9999,-9999,-9999,-0.689584E-02,1.01516,0.343722,1.02135,8.31989,1.17239,2.50259,1.17239,0.186881,1.17239,800000099,800000099,800000099,800000099,800000099,800100099,811100199,811110199,80100,80100,80,81,0,10,1,2,6,0,0.115853,0.298743,0.410511E-02,0.172192,0.118358,1186.41,0.290144E-03,0.250259E-02,0.186881,15.9961,0.328889,249.553,59.7076,-0.805585E-01,98196.6,1.15679
CH-CHA_201201121400.csv,2012-01-12,18:30,12.7707,0,36000,36000,-0.230631E-01,1,0.391224E-02,-5.69016,1,1.39037,-9999,-9999,-9999,6.59072,1,8.58746,-9999,-9999,-9999,-0.317082,-9999,-3.41966,-9999,0.515426E-10,-9999,15.3995,378.451,378.451,0.100000,0,-9999,-9999,-9999,-9999,0,285.423,285.423,96559.5,1.17859,1005.37,0.245756E-01,-9999,-9999,-9999,1423.70,-9999,-9999,-9999,-9999,0.346478,1.14519,0.661829E-01,1.19829,0.520632E-13,0.334704E-14,1.19829,2.96786,113.671,73.1668,3.16613,-9999,0.139887,0.431137,40.8584,0.491943E-01,-9999,0.343287E-01,0,-9999,-9999,-9999,-9999,-9999,-9999,-9999,-0.227980E-01,1.01163,-5.55918,1.02356,-9999,-9999,5.52483,1.23982,-9999,-9999,800000099,800000099,800000099,800000199,800000099,800100099,811100199,811110199,81000,81100,80,81,2,2,4,7,0,0,0.308477,0.543575,0.102230E-01,0.318157,2.41032,-9999,-0.469159E-02,0.552483E-02,-9999,16.0000,0.194444,251.569,72.3054,-0.826506,98188.2,1.14887
CH-CHA_201201121400.csv,2012-01-12,19:00,12.7915,0,36000,36000,-0.883345E-02,1,0.338939E-02,-3.83625,1,1.42017,-9999,-9999,-9999,32.0567,1,7.72441,-9999,-9999,-9999,-0.459320,-9999,-2.09792,-9999,0.123322E-09,-9999,13.8546,340.141,340.141,0.100000,0,-9999,-9999,-9999,-9999,0,285.134,285.134,96559.5,1.17979,1005.37,0.245507E-01,-9999,-9999,-9999,1396.83,-9999,-9999,-9999,-9999,0.178337,0.878966,0.540504E-01,0.898503,-0.550037E-13,0.890117E-14,0.898503,2.95956,111.625,78.5307,3.44877,-9999,0.865293E-01,0.601398,14.3435,0.140133,-9999,0.373779E-01,0,-9999,-9999,-9999,-9999,-9999,-9999,-9999,-0.870166E-02,1.01515,-3.72258,1.03053,-9999,-9999,24.5578,1.31175,-9999,-9999,800000099,800000199,800000099,800000199,800000199,800100199,811100099,811110099,80000,80000,80,81,0,4,2,2,0,0,0.277555,0.915850,0.939147E-02,0.328432,1.75591,-9999,-0.313846E-02,0.245578E-01,-9999,16.0000,9.50167,253.552,84.7023,-1.05970,98200.0,1.14668
CH-CHA_201201121400.csv,2012-01-12,19:30,12.8123,0,36000,36000,-0.123292E-01,1,0.324831E-02,-8.30707,1,2.21925,-9999,-9999,-9999,-9999,-9999,-9999,-9999,-9999,-9999,0.974843E-03,-9999,-9999,-9999,-9999,-9999,-9999,-9999,-9999,-9999,0,-9999,-9999,-9999,-9999,0,285.135,285.135,96559.5,1.17978,1005.37,0.245508E-01,-9999,-9999,-9999,1396.89,-9999,-9999,-9999,-9999,-1.14635,-0.193739,0.492787E-01,1.16365,0.658592E-13,0.599334E-14,1.16365,3.21779,1.83345,189.593,2.42711,-9999,0.102227,0.416850,10.9225,0.184023,-9999,0.685101E-01,0,-9999,-9999,-9999,-9999,-9999,-9999,-9999,-0.121278E-01,1.01661,-8.03139,1.03433,-9999,-9999,-9999,-9999,-9999,-9999,800000099,800000199,800000099,800001199,800000199,800100199,811100199,811110199,80000,80000,80,81,0,0,7,5,6,0,0.412740,0.408665,0.122946E-01,0.254071,-9999,-9999,-0.677117E-02,-9999,-9999,15.9969,6.92556,254.972,93.5760,-1.01852,98222.4,1.14733
CH-CHA_201201121400.csv,2012-01-12,20:00,12.8332,0,36000,36000,-0.304660E-01,1,0.359784E-02,-18.5159,1,3.89031,-9999,-9999,-9999,-9999,-9999,-9999,-9999,-9999,-9999,-0.456336,-9999,-9999,-9999,-9999,-9999,-9999,-9999,-9999,-9999,0,-9999,-9999,-9999,-9999,0,284.848,284.848,96559.5,1.18097,1005.36,0.245260E-01,-9999,-9999,-9999,1370.67,-9999,-9999,-9999,-9999,-0.203956,0.233584,0.183414E-01,0.310638,0.379619E-12,-0.682441E-14,0.310638,2.14072,46.0061,131.126,3.38495,-9999,0.160616,0.504739,19.0060,0.105756,-9999,0.970944E-01,0,-9999,-9999,-9999,-9999,-9999,-9999,-9999,-0.299310E-01,1.01788,-17.9796,1.02983,-9999,-9999,-9999,-9999,-9999,-9999,800000099,800001199,800000099,800001199,800000099,800101099,800100199,811110199,81000,81000,80,81,2,4,0,4,1,0,0.188150,0.806884,0.144439E-01,0.236867,-9999,-9999,-0.151432E-01,-9999,-9999,16.0000,0.444444,255.000,93.7500,-1.44997,98284.6,1.14078
CH-CHA_201201122000.csv,2012-01-12,20:30,12.8540,0,36000,36000,-0.108378,1,0.160581E-01,-7.14724,1,2.65936,-9999,-9999,-9999,155.921,1,28.8899,-9999,-9999,-9999,-0.748486,-9999,-9999,-9999,0.543387E-09,-9999,24.2189,593.012,593.012,0.200000,0,-9999,-9999,-9999,-9999,0,284.377,284.377,96559.5,1.18293,1005.35,0.244856E-01,-9999,-9999,-9999,1328.67,-9999,-9999,-9999,-9999,0.450351,0.165627,0.402118E-01,0.481524,0.215032E-12,0.224365E-13,0.481524,2.81933,171.684,20.1922,4.79032,-9999,0.302685,0.652748,329.535,0.609950E-02,-9999,0.198551E-01,0,72.4718,-10.9979,24.8772,61.9478,94.4743,132.502,198.511,-0.106956,1.01330,-7.00149,1.02082,-9999,-9999,130.382,1.19980,-9999,-9999,800000099,800000199,800000099,800000199,800100199,800100199,811100099,811110099,80000,80000,80,81,0,2,4,5,4,0,1.17437,0.120195,0.109342E-01,0.903669E-01,7.67608,-9999,-0.588729E-02,0.130382,-9999,15.9899,0.508333,255.000,93.7500,-1.45932,98296.4,1.13996
CH-CHA_201201122000.csv,2012-01-12,21:00,12.8748,0,36000,36000,-0.849438E-02,1,0.124289E-02,0.983553,1,0.633296,-9999,-9999,-9999,1.61433,2,1.13441,-9999,-9999,-9999,-0.262835,-9999,5.34397,-9999,-0.334087E-10,-9999,28.2078,690.282,690.282,9.85000,0,-9999,-9999,-9999,-9999,0,284.213,284.213,96559.5,1.18361,1005.35,0.244714E-01,-9999,-9999,-9999,1314.20,-9999,-9999,-9999,-9999,0.121239,0.469567,0.235622E-01,0.485538,-0.128209E-12,-0.118438E-14,0.485538,1.39549,107.430,75.5229,2.78154,-9999,0.847152E-01,0.153999,-52.4989,-0.382865E-01,-9999,-0.975688E-02,0,-9999,-9999,-9999,-9999,-9999,-9999,-9999,-0.833339E-02,1.01932,0.960608,1.02389,-9999,-9999,1.30328,1.17572,-9999,-9999,800000099,800100199,800000099,800000199,800000199,800000199,811110099,811110099,81000,81000,80,81,0,0,1,0,3,0,0.114375,0.192256,0.136627E-02,0.523985E-01,0.162539,-9999,0.807273E-03,0.130328E-02,-9999,15.9953,0.382222,255.000,93.7500,-1.04273,98319.1,1.14456
CH-CHA_201201122000.csv,2012-01-12,21:30,12.8956,0,36000,36000,-0.588231E-02,1,0.120549E-02,-3.01899,1,0.427135,-9999,-9999,-9999,5.84515,1,4.66440,-9999,-9999,-9999,0.594438,-9999,-4.20774,-9999,-0.150388E-09,-9999,25.0410,613.593,613.593,0.00000,0,-9999,-9999,-9999,-9999,0,284.586,284.586,96559.5,1.18206,1005.35,0.245035E-01,-9999,-9999,-9999,1347.17,-9999,-9999,-9999,-9999,0.770228,0.700744,0.393299E-01,1.04204,-0.118104E-12,-0.600568E-14,1.04204,2.89512,136.255,42.2956,2.16304,-9999,0.705431E-01,0.233548,9.87575,0.203529,-9999,0.360121E-01,0,-9999,-9999,-9999,-9999,-9999,-9999,-9999,-0.578235E-02,1.01729,-2.91542,1.03553,-9999,-9999,4.45606,1.36189,-9999,-9999,800000099,800000199,800000099,800000199,800000199,800100199,811110199,811110199,81100,81100,80,81,8,26,5,28,0,0,0.222107,0.238742,0.624759E-02,0.344008E-01,3.32991,-9999,-0.245325E-02,0.445606E-02,-9999,16.0000,0.397778,255.000,93.7500,0.632719,98331.6,1.15925
CH-CHA_201201122000.csv,2012-01-12,22:00,12.9165,0,36000,36000,-0.652042E-02,0,0.888384E-03,-2.97387,0,0.381913,-9999,-9999,-9999,2.07479,1,1.61383,-9999,-9999,-9999,0.434481,-9999,-5.82801,-9999,-0.668598E-11,-9999,20.6821,507.271,507.271,0.250000,0,-9999,-9999,-9999,-9999,0,284.859,284.859,96559.5,1.18092,1005.36,0.245271E-01,-9999,-9999,-9999,1371.75,-9999,-9999,-9999,-9999,1.18732,0.496062,0.547518E-01,1.28795,-0.488016E-14,-0.323274E-15,1.28795,2.54751,163.737,22.6751,2.43643,-9999,0.743065E-01,0.695535E-01,11.7173,0.171541,-9999,0.337094E-01,0,-9999,-9999,-9999,-9999,-9999,-9999,-9999,-0.641639E-02,1.01621,-2.87690,1.03371,-9999,-9999,1.68281,1.34100,-9999,-9999,800000099,800000099,800000099,800000199,800000099,800100099,811110199,811110199,80100,80100,80,80,6,16,6,6,2,0,0.787447E-01,0.504204E-01,0.994199E-02,0.156985E-01,0.186948,-9999,-0.242315E-02,0.168281E-02,-9999,15.9981,0.348889,253.833,86.4584,0.870377,98339.6,1.15999
CH-CHA_201201122000.csv,2012-01-12,22:30,12.9373,0,36000,36000,-0.259205E-02,0,0.236671E-03,-1.81261,0,0.294437,-9999,-9999,-9999,2.87165,1,0.532678,-9999,-9999,-9999,-0.544226E-01,-9999,-1.16734,-9999,0.393548E-10,-9999,19.8163,485.978,485.978,0.100000,0,-9999,-9999,-9999,-9999,0,284.825,284.825,96559.5,1.18107,1005.36,0.245241E-01,-9999,-9999,-9999,1368.65,-9999,-9999,-9999,-9999,0.616365,0.611682,0.318217E-01,0.868950,-0.769763E-14,0.198598E-14,0.868950,1.70438,141.441,44.7815,2.09869,-9999,0.468473E-01,0.630411E-01,4.81747,0.417231,-9999,0.325855E-01,0,-9999,-9999,-9999,-9999,-9999,-9999,-9999,-0.252992E-02,1.02456,-1.72590,1.05024,-9999,-9999,1.97088,1.51092,-9999,-9999,800000099,800000099,800000099,800000199,800000099,800100199,811110199,811110199,81000,81000,80,81,0,19,6,4,17,0,0.476038E-01,0.735758E-01,0.490263E-02,0.108074E-01,0.347884E-01,-9999,-0.145352E-02,0.197088E-02,-9999,16.0000,0.305556,252.000,75.0000,1.24629,98344.5,1.16537
CH-CHA_201201122000.csv,2012-01-12,23:00,12.9581,0,36000,36000,0.151764E-01,1,0.117912E-02,0.305775,2,0.681948,-9999,-9999,-9999,-3.47352,1,0.897518,-9999,-9999,-9999,0.273022,-9999,-0.682778,-9999,0.432779E-10,-9999,19.2965,473.515,473.515,9.75000,0,-9999,-9999,-9999,-9999,0,284.997,284.997,96559.5,1.18035,1005.36,0.245389E-01,-9999,-9999,-9999,1384.27,-9999,-9999,-9999,-9999,0.389453,0.568487,0.209329E-01,0.689412,-0.850461E-13,0.224278E-14,0.689412,1.51331,128.824,55.5862,1.73996,-9999,0.113391,0.940189E-01,-404.951,-0.496356E-02,-9999,-0.227242E-02,0,-9999,-9999,-9999,-9999,-9999,-9999,-9999,0.149439E-01,1.01556,0.299316,1.02158,-9999,-9999,-2.97700,1.17265,-9999,-9999,800000099,800000199,800000099,800000199,800000199,800000199,811110199,811110199,80000,80000,80,80,4,5,1,0,0,0,0.395681E-01,0.143183,0.528688E-02,0.119335E-01,0.325979E-01,-9999,0.252229E-03,-0.297700E-02,-9999,15.9957,0.368889,250.377,64.8564,1.97383,98348.1,1.17496
CH-CHA_201201122000.csv,2012-01-12,23:30,12.9790,0,36000,36000,-0.543071E-02,1,0.134914E-03,-2.06843,1,0.446655,-1.87135,1,1.17508,2.69603,1,0.495721,-0.419970E-01,1,0.263713E-01,-0.473506,-9999,-0.625863E-01,-9999,0.831089E-10,0.654431E-12,19.2474,472.373,474.137,0.150000,0,151.561,3.71964,3.73353,1.00000,0,285.036,284.700,96559.5,1.17993,1007.35,0.245422E-01,-0.272140E-02,0.273113E-02,358.839,1357.28,0.231465E-02,26.4380,998.444,266.039,0.157200,0.476654,0.789833E-02,0.501969,0.296457E-13,0.431794E-14,0.501969,1.07620,112.394,71.7475,0.901569,-9999,0.678423E-01,0.492531E-01,12.8286,0.156681,1.10532,0.256510E-01,0,-9999,-9999,-9999,-9999,-9999,-9999,-9999,-0.533877E-02,1.01722,-2.08658,1.03275,-1.37260,1.32822,2.13331,1.32822,-0.308041E-01,1.32822,800000099,800110099,800000099,800000099,800000099,800100099,811110199,811110199,80000,80000,80,81,0,1,4,21,3,0,0.369073E-01,0.589030E-01,0.269599E-02,0.117524E-01,0.233532E-01,61.4440,-0.175549E-02,0.213331E-02,-0.308041E-01,16.0000,0.307778,249.000,56.2500,2.43897,98338.7,1.17987
CH-CHA_201201122000.csv,2012-01-13,00:00,13.0000,0,36000,36000,-0.724367E-02,1,0.125613E-02,1.54144,0,1.86832,1.87212,1,1.01628,-0.874883,2,0.838656,0.420263E-01,1,0.228140E-01,0.474899,1.12766,-0.464174,0.253143E-01,0.374411E-10,0.337558E-12,18.8791,463.890,465.838,9.20000,0,170.209,4.18230,4.19986,8.50000,0,285.376,284.998,96559.5,1.17849,1007.61,0.245716E-01,0.272331E-02,0.306716E-02,403.413,1384.33,0.260263E-02,29.1413,980.918,267.567,0.738297,0.808934,0.426322E-01,1.09603,0.972896E-13,0.198320E-14,1.09603,2.79337,136.413,47.6139,2.22920,-9999,0.784002E-01,0.171993,-26.5693,-0.756513E-01,0.823362,-0.165574E-01,0,-9999,-9999,-9999,-9999,-9999,-9999,-9999,-0.715538E-02,1.01234,1.60595,1.02002,1.56170,1.17165,-0.836721,1.17165,0.350578E-01,1.17165,800000099,800000099,800000099,800000099,800010099,800110099,810110199,811110199,81100,81100,80,81,3,10,3,1,1,5,0.199591,0.132411,0.119840E-01,0.922870E-01,0.313583E-01,22.2862,0.135244E-02,-0.836721E-03,0.350578E-01,15.9977,0.306667,249.000,56.2500,2.50471,98314.8,1.18195
CH-CHA_201201122000.csv,2012-01-13,00:30,13.0208,0,36000,36000,-0.208899E-01,0,0.255638E-02,-33.6814,1,14.6976,-4.08213,2,1.62629,1.59968,0,0.424415,-0.914815E-01,2,0.364456E-01,-2.85130,0.691714,-0.711825,0.155015E-01,-0.119260E-09,-0.118050E-11,18.4668,450.960,452.982,0.200000,0,182.794,4.46386,4.48388,0.300000,0,283.617,283.216,96559.5,1.18578,1007.72,0.244201E-01,-0.592800E-02,0.329396E-02,430.533,1229.67,0.277789E-02,35.0121,799.136,268.425,1.44737,0.936224,0.638258E-01,1.72495,-0.733696E-13,-0.645808E-14,1.72495,3.70471,153.354,32.8967,2.12052,-9999,0.132729,0.202039,5.90021,0.340666,8.25092,0.212363,0,-9999,-9999,-9999,-9999,-9999,-9999,-9999,-0.204124E-01,1.02339,-32.2913,1.04874,-2.20004,1.47822,2.35336,1.47822,-0.493034E-01,1.47822,800000099,800000099,800000099,800000099,800000099,800000099,800010199,800110199,80000,80000,80,81,6,25,0,1,7,5,0.255393,0.114580,0.341040E-01,2.64857,0.475611E-02,23.1625,-0.270234E-01,0.235336E-02,-0.493034E-01,16.0000,0.297778,249.000,56.2500,2.33167,98300.1,1.18459
CH-CHA_201201122000.csv,2012-01-13,01:00,13.0416,0,36000,36000,-0.162913E-01,0,0.167656E-02,-4.13303,0,0.521941,0.947195,0,0.121432,2.02725,0,0.213935,0.212717E-01,0,0.272708E-02,3.50222,0.587016,0.988239E-01,0.131830E-01,-0.664274E-10,-0.690316E-12,18.3961,452.769,454.910,0.200000,0,191.173,4.70520,4.72744,0.200000,0,285.848,285.422,96559.5,1.17651,1007.90,0.246122E-01,0.137841E-02,0.344494E-02,453.775,1423.51,0.292812E-02,31.8771,969.739,269.122,1.26223,0.930049,0.795539E-01,1.56988,0.130027E-13,-0.361094E-14,1.56988,2.68393,150.168,36.3840,2.90471,-9999,0.117674,0.959363E-01,33.5093,0.599833E-01,-4.36345,0.296195E-01,0,-9999,-9999,-9999,-9999,-9999,-9999,-9999,-0.160976E-01,1.01203,-3.98754,1.02525,0.835337,1.25302,1.78949,1.25302,0.187597E-01,1.25302,800000099,800000099,800000099,800000099,800000099,800000099,800010199,800010199,81100,81100,80,80,5,11,2,0,10,8,0.952611E-01,0.743930E-01,0.222186E-01,0.147044E-01,0.201877E-02,0.342982,-0.336274E-02,0.178949E-02,0.187597E-01,15.9946,0.325556,249.000,56.2500,2.68845,98288.6,1.18906
CH-CHA_201201122000.csv,2012-01-13,01:30,13.0624,0,36000,36000,-0.982387E-02,1,0.228282E-02,-4.03642,0,1.15483,1.29280,0,0.201607,1.89214,0,0.352915,0.290395E-01,0,0.452859E-02,0.358863,0.605560E-01,-0.101344,0.136024E-02,0.589512E-10,0.618405E-12,18.3060,450.913,453.056,0.100000,0,192.032,4.73012,4.75260,0.100000,0,286.077,285.648,96559.5,1.17556,1007.92,0.246319E-01,0.188176E-02,0.346042E-02,456.175,1444.83,0.294363E-02,31.5728,988.660,269.193,0.770062,1.14998,0.506669E-01,1.38493,0.110775E-12,0.322032E-14,1.38493,2.83055,129.530,56.1926,2.09661,-9999,0.914152E-01,0.166603,16.0863,0.124951,-3.12223,0.372656E-01,0,-9999,-9999,-9999,-9999,-9999,-9999,-9999,-0.968408E-02,1.01444,-3.86084,1.03011,1.06500,1.30389,1.60855,1.30389,0.239226E-01,1.30389,800000099,800000099,800000099,800000099,800000099,800000099,800110199,811110199,81100,81100,80,81,6,8,5,0,0,0,0.185452,0.120255,0.274995E-01,0.251543E-01,0.396939E-02,0.544063,-0.325845E-02,0.160855E-02,0.239226E-01,15.9981,0.310000,249.000,56.2500,2.82409,98254.1,1.18984
CH-CHA_201201122000.csv,2012-01-13,02:00,13.0833,0,36000,36000,-0.149444E-01,0,0.190203E-02,-4.18340,0,0.451235,1.39051,0,0.134907,2.01429,0,0.219615,0.312399E-01,0,0.303090E-02,0.301101,0.121343,0.272581E-01,0.272617E-02,0.629406E-10,0.666492E-12,18.3139,451.412,453.580,0.150000,0,193.929,4.78010,4.80306,0.150000,0,286.272,285.838,96559.5,1.17476,1007.95,0.246487E-01,0.202435E-02,0.349461E-02,460.987,1462.95,0.297474E-02,31.5108,1001.96,269.333,1.00098,1.03665,0.716350E-01,1.44282,0.518737E-13,0.343678E-14,1.44282,2.63108,141.070,46.0029,2.84587,-9999,0.112789,0.117755,29.1520,0.689488E-01,-3.00854,0.313240E-01,0,-9999,-9999,-9999,-9999,-9999,-9999,-9999,-0.147627E-01,1.01231,-4.01433,1.02565,1.18424,1.25866,1.76900,1.25866,0.266059E-01,1.25866,800000099,800000099,800000099,800000099,800000099,800000099,800110199,801110199,81100,81100,80,81,0,7,1,1,3,0,0.101430,0.114761,0.193202E-01,0.790747E-02,0.235819E-02,0.546963,-0.339020E-02,0.176900E-02,0.266059E-01,15.9981,0.336667,249.000,56.2500,2.92920,98245.5,1.19152
CH-CHA_201201130200.csv,2012-01-13,02:30,13.1041,0,36000,36000,-0.117163E-01,1,0.226907E-02,-2.51117,0,0.281169,1.71676,0,0.179006,1.66677,0,0.169499,0.385696E-01,0,0.402164E-02,-0.660180E-02,0.889227E-01,0.125671,0.199778E-02,-0.112656E-09,-0.119597E-11,18.4074,453.716,455.912,0.200000,0,195.416,4.81673,4.84004,0.200000,0,286.271,285.834,96559.5,1.17476,1007.97,0.246486E-01,0.249931E-02,0.352139E-02,464.514,1462.55,0.299754E-02,31.7606,998.036,269.434,1.02549,0.725040,0.519965E-01,1.25698,0.128310E-12,-0.612013E-14,1.25698,2.92517,147.085,35.2611,2.37078,-9999,0.998668E-01,0.224076,33.7126,0.596216E-01,-1.46274,0.212354E-01,0,-9999,-9999,-9999,-9999,-9999,-9999,-9999,-0.115784E-01,1.01191,-2.37040,1.02437,1.42110,1.24765,1.43138,1.24765,0.319272E-01,1.24765,800000099,800010099,800000099,800000099,800000099,800100099,801110199,811110199,81100,81100,80,81,8,1,1,10,8,8,0.233446,0.197257,0.174489E-01,0.373596E-02,0.155860E-02,1.02407,-0.200182E-02,0.143138E-02,0.319272E-01,16.0000,0.306667,249.000,56.2500,3.11713,98233.4,1.19335
CH-CHA_201201130200.csv,2012-01-13,03:00,13.1249,0,36000,36000,-0.621952E-02,1,0.184677E-02,-0.721042,0,0.554211,1.15256,0,0.164572,1.58304,0,0.285478,0.258938E-01,0,0.369732E-02,-0.132211E-01,0.177477,0.522687E-01,0.398726E-02,-0.562008E-10,-0.604415E-12,18.4464,454.675,456.909,-0.100000,0,198.383,4.88983,4.91385,-0.100000,0,286.269,285.826,96559.5,1.17476,1008.01,0.246484E-01,0.167792E-02,0.357486E-02,471.553,1461.75,0.304305E-02,32.2595,990.196,269.635,-0.281843E-01,0.788469,0.217885E-01,0.789273,-0.146514E-13,-0.304671E-14,0.789273,1.97919,89.5491,92.0472,1.58189,-9999,0.727618E-01,0.109993,45.4109,0.442625E-01,-0.625600,0.836842E-02,0,-9999,-9999,-9999,-9999,-9999,-9999,-9999,-0.614542E-02,1.01206,-0.649576,1.02269,0.947932,1.22977,1.30965,1.22977,0.212965E-01,1.22977,800000099,800010099,800000099,800000099,800000099,800101099,811110199,811110199,80000,80000,80,80,14,0,1,0,5,1,0.114723,0.965219E-01,0.874017E-02,0.105892E-01,0.625241E-02,1.83024,-0.548550E-03,0.130965E-02,0.212965E-01,15.9949,0.372778,249.000,56.2500,3.44438,98243.2,1.19661
CH-CHA_201201130200.csv,2012-01-13,03:30,13.1458,0,36000,36000,-0.116683E-01,1,0.261715E-02,-0.901434,1,1.39832,-68.0119,1,18.1588,18.7547,1,4.76285,-1.52813,1,0.408001,0.162343,-3.39838,0.917067,-0.763566E-01,0.552632E-12,0.409072E-14,19.1301,471.486,473.137,-0.100000,0,141.606,3.49006,3.50228,10.0000,0,286.245,285.928,96559.5,1.17496,1007.25,0.246463E-01,-0.990226E-01,0.255173E-02,336.715,1471.63,0.217176E-02,22.8804,1134.92,265.216,0.624565E-01,0.788110,0.283544E-01,0.791090,-0.115516E-12,0.288881E-16,0.791090,2.18829,96.5825,85.4689,2.05405,-9999,0.996532E-01,0.174598,93.2941,0.215448E-01,0.132541E-01,0.764329E-02,0,-9999,-9999,-9999,-9999,-9999,-9999,-9999,-0.115078E-01,1.01394,-4.03751,1.02734,-53.0036,1.27836,15.2738,1.27836,-1.19091,1.27836,800000099,800010099,800000099,800000199,800000099,800101099,801110199,811110199,81100,81100,80,81,1,0,7,2,21,13,0.151293,0.186257,0.116467E-01,0.403067E-01,0.640774,4560.33,-0.341155E-02,0.152738E-01,-1.19091,16.0000,0.243333,249.646,60.2899,3.52382,98214.3,1.19655
CH-CHA_201201130200.csv,2012-01-13,04:00,13.1666,0,36000,36000,-0.578177E-02,2,0.189364E-02,-7.78753,1,5.43805,-9999,-9999,-9999,-16.4567,1,11.5256,-9999,-9999,-9999,-2.82908,-9999,3.89818,-9999,0.150949E-09,-9999,22.1704,542.425,542.425,-1.00000,0,-9999,-9999,-9999,-9999,0,284.153,284.153,96559.5,1.18386,1005.35,0.244662E-01,-9999,-9999,-9999,1308.99,-9999,-9999,-9999,-9999,0.337178,0.979978,0.351494E-01,1.03696,-0.124649E-12,0.680860E-14,1.03696,2.31950,112.847,71.0133,1.94251,-9999,0.698844E-01,0.171949,3.72224,0.539998,-9999,0.936275E-01,0,-9999,-9999,-9999,-9999,-9999,-9999,-9999,-0.562088E-02,1.02862,-7.35575,1.05870,-9999,-9999,-9.99896,1.59478,-9999,-9999,800000099,800000199,800000099,800001199,800001199,800101199,810110199,811110199,81000,81000,80,81,9,1,4,0,10,2,0.244469,0.840917E-01,0.153371E-01,0.809451,5.50769,-9999,-0.618031E-02,-0.999896E-02,-9999,16.0000,0.216667,253.766,86.0365,3.54025,98225.6,1.19394
CH-CHA_201201130200.csv,2012-01-13,04:30,13.1874,0,36000,36000,-0.112387E-01,0,0.177690E-02,-1.23003,0,0.419756,-9999,-9999,-9999,-4.89128,1,4.38049,-9999,-9999,-9999,-2.24038,-9999,-1.54899,-9999,0.379766E-10,-9999,21.1279,514.376,514.376,5.20000,0,-9999,-9999,-9999,-9999,0,282.754,282.754,96559.5,1.18972,1005.32,0.243457E-01,-9999,-9999,-9999,1192.16,-9999,-9999,-9999,-9999,0.715568,1.03707,0.561633E-01,1.26123,-0.518882E-13,0.179746E-14,1.26123,2.32985,130.683,55.3948,2.55225,-9999,0.971933E-01,0.108906,63.3935,0.317067E-01,-9999,0.105811E-01,0,-9999,-9999,-9999,-9999,-9999,-9999,-9999,-0.111170E-01,1.01095,-1.20337,1.02216,-9999,-9999,-3.92984,1.22510,-9999,-9999,800000099,800010199,800000099,800000199,800000099,800000099,800010199,801110199,81000,81000,80,80,3,3,0,13,1,2,0.770229E-01,0.123499,0.172894E-01,0.831207E-02,0.583323,-9999,-0.100612E-02,-0.392984E-02,-9999,16.0000,0.233333,254.153,88.4557,3.19782,98214.3,1.19280
CH-CHA_201201130200.csv,2012-01-13,05:00,13.2082,0,36000,36000,-0.484285E-02,1,0.120065E-02,-0.601819,1,1.62968,-26.0899,1,11.8589,20.4607,1,5.97422,-0.584025,1,0.265462,-1.14109,-9999,-0.895586,-9999,0.211848E-10,0.856039E-13,20.5015,498.188,499.193,0.200000,0,82.8426,2.01308,2.01714,6.55000,0,282.223,282.043,96559.5,1.19181,1006.38,0.243001E-01,-0.378448E-01,0.149282E-02,194.310,1136.42,0.125257E-02,17.0985,942.107,258.346,0.574567,1.17694,0.467728E-01,1.31053,-0.202644E-12,0.103333E-14,1.31053,3.29194,121.068,63.9789,2.04531,-9999,0.637451E-01,0.165297,36.5642,0.549719E-01,0.230671E-01,0.787136E-02,0,-9999,-9999,-9999,-9999,-9999,-9999,-9999,-0.476709E-02,1.01589,-1.72355,1.03307,-19.5086,1.33433,15.5794,1.33433,-0.436700,1.33433,800000099,800010099,800000099,800000199,800001099,800001099,800010199,811110199,81000,81100,80,81,1,4,0,19,3,15,0.118922,0.189949,0.217219E-01,0.481330E-01,0.765073,1572.95,-0.143699E-02,0.155794E-01,-0.436700,15.9977,0.207778,255.000,93.7500,3.19766,98200.5,1.19570
CH-CHA_201201130200.csv,2012-01-13,05:30,13.2291,0,36000,36000,-0.951426E-02,0,0.153695E-02,-1.17055,1,0.885561,-9999,-9999,-9999,-15.1524,1,7.72115,-9999,-9999,-9999,-1.05870,-9999,0.389330,-9999,0.919521E-10,-9999,20.8522,505.204,505.204,4.65000,0,-9999,-9999,-9999,-9999,0,281.385,281.385,96559.5,1.19551,1005.29,0.242279E-01,-9999,-9999,-9999,1086.88,-9999,-9999,-9999,-9999,0.133438,1.29271,0.280492E-01,1.29988,0.288503E-13,0.440972E-14,1.29988,2.77980,100.726,84.1066,1.23644,-9999,0.892096E-01,0.274169,51.5095,0.390219E-01,-9999,0.109177E-01,0,-9999,-9999,-9999,-9999,-9999,-9999,-9999,-0.940887E-02,1.01120,-1.14439,1.02286,-9999,-9999,-12.2409,1.23196,-9999,-9999,800000099,800000199,800000099,800001199,800001199,800101199,800110199,810110199,80000,80000,80,81,5,1,2,13,2,6,0.131933,0.396460,0.199442E-01,0.551773E-01,2.09624,-9999,-0.952204E-03,-0.122409E-01,-9999,15.9953,10.1206,255.000,93.7500,3.21721,98201.0,1.19544
CH-CHA_201201130200.csv,2012-01-13,06:00,13.2499,0,36000,36000,-0.135779E-01,1,0.353034E-02,-1.02859,1,0.843763,-9999,-9999,-9999,-2.52673,1,7.10393,-9999,-9999,-9999,-0.111853,-9999,3.63071,-9999,0.169046E-09,-9999,23.5578,570.616,570.616,10.0000,0,-9999,-9999,-9999,-9999,0,281.316,281.316,96559.5,1.19580,1005.29,0.242219E-01,-9999,-9999,-9999,1081.76,-9999,-9999,-9999,-9999,0.100504,0.583051,0.362710E-01,0.592760,-0.348552E-12,0.717578E-14,0.592760,2.02015,95.1079,80.2197,3.50812,-9999,0.106558,0.210657,99.8982,0.201205E-01,-9999,0.802983E-02,0,-9999,-9999,-9999,-9999,-9999,-9999,-9999,-0.134103E-01,1.01250,-1.00702,1.02143,-9999,-9999,-2.02607,1.21174,-9999,-9999,800000099,800010199,800000099,800000199,800000199,800011199,811110099,811110099,81000,81000,80,81,2,3,2,11,0,0,0.209997,0.199792,0.115252E-01,0.126607E-01,1.21030,-9999,-0.837696E-03,-0.202607E-02,-9999,15.9965,2.59389,255.000,93.7500,3.50294,98199.8,1.20035
CH-CHA_201201130200.csv,2012-01-13,06:30,13.2707,0,36000,36000,-0.777141E-02,1,0.193776E-02,-0.359071,2,0.313227,-9999,-9999,-9999,16.6430,1,5.94208,-9999,-9999,-9999,0.531089E-02,-9999,1.27637,-9999,-0.204245E-09,-9999,24.5069,593.612,593.612,-0.500000E-01,0,-9999,-9999,-9999,-9999,0,281.319,281.319,96559.5,1.19579,1005.29,0.242222E-01,-9999,-9999,-9999,1082.00,-9999,-9999,-9999,-9999,-0.530430,-0.670395E-01,0.260546E-01,0.535285,0.278186E-12,-0.833418E-14,0.535285,1.71505,11.1439,187.203,2.78993,-9999,0.806164E-01,0.284083,123.917,0.162206E-01,-9999,0.370520E-02,0,-9999,-9999,-9999,-9999,-9999,-9999,-9999,-0.767249E-02,1.01289,-0.351568,1.02134,-9999,-9999,13.7932,1.20850,-9999,-9999,800000099,800011199,800000099,800000199,800000199,800001199,801110199,811110199,80000,80000,80,81,1,0,1,4,0,0,0.126388,0.432780,0.899640E-02,0.735260E-02,1.47343,-9999,-0.292459E-03,0.137932E-01,-9999,15.9981,0.455556,255.000,93.7500,3.67403,98200.8,1.20211
CH-CHA_201201130200.csv,2012-01-13,07:00,13.2916,0,36000,36000,0.336213E-02,1,0.148623E-02,3.18992,2,1.61388,-13.8139,2,7.69586,6.34252,1,3.04667,-0.308768,2,0.172017,-1.33803,-9999,-5.67759,-9999,-0.252977E-09,-0.265972E-11,20.3160,491.455,494.008,0.150000,0,213.596,5.16701,5.19384,10.0000,0,280.951,280.491,96559.5,1.19698,1008.05,0.241905E-01,-0.200082E-01,0.384901E-02,498.239,1022.53,0.321560E-02,48.7263,524.286,270.373,-0.794703,-0.168790,0.317619E-01,0.813051,-0.918857E-15,-0.124521E-13,0.813051,1.85521,0.817045,191.991,2.23884,-9999,0.529985E-01,0.104143,-3.96638,-0.506759,-0.230921,-0.498823E-01,0,-9999,-9999,-9999,-9999,-9999,-9999,-9999,0.331504E-02,1.01420,2.44211,1.02083,-11.8041,1.17186,5.37825,1.17186,-0.263843,1.17186,800000099,800010099,800000099,800000099,800010099,800010099,811110199,811110199,81100,81100,80,81,3,2,0,2,5,4,0.109971,0.890234E-01,0.929187E-02,0.606653E-01,0.306047,913.120,0.202392E-02,0.537825E-02,-0.263843,15.9961,0.353333,255.000,93.7500,3.65074,98198.0,1.20034
CH-CHA_201201130200.csv,2012-01-13,07:30,13.3124,0,36000,36000,-0.905240E-02,1,0.164532E-02,9.27833,1,4.60599,12.1420,1,2.86516,-0.374173,1,0.420715,0.271351,1,0.640310E-01,-0.285928,1.43596,-0.920601,0.320909E-01,0.137915E-09,0.166816E-11,19.6404,474.899,477.642,10.0000,0,237.561,5.74416,5.77735,0.500000E-01,0,280.825,280.314,96559.5,1.19748,1008.36,0.241797E-01,0.175835E-01,0.428086E-02,553.791,1010.20,0.357490E-02,54.8197,456.414,271.804,-0.111334,0.267979,0.195000E-01,0.290841,0.679001E-13,0.702202E-14,0.290841,1.27421,78.7849,112.561,3.84439,-9999,0.869457E-01,0.112969,-6.02143,-0.333808,0.764152,-0.883766E-01,0,-9999,-9999,-9999,-9999,-9999,-9999,-9999,-0.880986E-02,1.02753,9.61102,1.02925,9.95254,1.18372,-0.879611,1.18372,0.222421,1.18372,800000099,800100099,800000099,800000099,800000099,800100099,811110199,811110199,80000,80000,80,81,0,1,1,0,1,0,0.109929,0.112826,0.318293E-02,1.04344,0.133342E-01,265.229,0.795949E-02,-0.879611E-03,0.222421,15.9938,0.493333,255.000,93.7500,3.70861,98194.6,1.20050
CH-CHA_201201130200.csv,2012-01-13,08:00,13.3332,0,36000,36000,-0.274907E-02,1,0.358661E-03,-0.703502E-01,1,0.315554,14.2102,1,7.85919,-4.06315,2,1.86186,0.317846,1,0.175790,1.45346,-4.21716,0.932024,-0.943268E-01,-0.176148E-10,-0.144842E-12,20.2812,491.706,493.702,9.50000,0,166.767,4.04316,4.05957,2.35000,0,281.577,281.216,96559.5,1.19440,1007.46,0.242444E-01,0.205964E-01,0.300513E-02,390.009,1074.42,0.251602E-02,36.2996,684.410,267.124,-0.479359,-0.120372,0.251864E-01,0.494883,-0.229516E-12,-0.868530E-15,0.494883,1.20739,356.188,194.096,2.91725,-9999,0.479753E-01,0.103933,133.383,0.150694E-01,-0.495068E-02,0.121863E-02,0,-9999,-9999,-9999,-9999,-9999,-9999,-9999,-0.269760E-02,1.01908,0.634245,1.02373,12.0411,1.17551,-3.58574,1.17551,0.269328,1.17551,800000099,800110099,800000099,800000199,800000099,801000199,811110199,811110199,80000,80000,80,81,1,0,2,0,6,1,0.377397E-01,0.168465,0.166117E-02,0.179853E-01,0.944308,8960.74,0.527085E-03,-0.358574E-02,0.269328,15.9953,0.397778,255.000,93.7500,3.78364,98201.0,1.19989
CH-CHA_201201130800.csv,2012-01-13,08:30,13.3541,1,36000,36000,-0.400013E-01,1,0.562884E-02,7.32171,1,1.43632,-9999,-9999,-9999,-263.809,1,33.2089,-9999,-9999,-9999,-0.276549,-9999,9.15597,-9999,-0.125443E-08,-9999,27.1298,656.503,656.503,8.45000,0,-9999,-9999,-9999,-9999,0,281.044,281.044,96559.5,1.19696,1005.29,0.241986E-01,-9999,-9999,-9999,1061.97,-9999,-9999,-9999,-9999,-0.156282E-01,0.565060E-01,0.112287E-01,0.596930E-01,-0.999488E-13,-0.462379E-13,0.596930E-01,1.10675,154.351,105.460,10.8424,-9999,0.182809,0.129956,-70.8630,-0.283646E-01,-9999,-0.332849E-01,0,-9999,-9999,-9999,-9999,-9999,-9999,-9999,-0.367567E-01,1.08827,6.83833,1.07069,-9999,-9999,-211.292,1.25133,-9999,-9999,800000099,800111199,800000099,800000199,800000199,800000199,811110099,811110099,81000,81000,80,81,0,0,2,1,2,0,0.169692,0.825050E-01,0.771503E-02,0.153848E-01,8.75666,-9999,0.568307E-02,-0.211292,-9999,16.0000,0.413333,255.000,93.7500,3.70269,98200.3,1.19765
CH-CHA_201201130800.csv,2012-01-13,09:00,13.3749,1,36000,36000,-0.320270E-02,1,0.111970E-02,0.773243,1,0.203940,-9999,-9999,-9999,0.991578,1,1.86571,-9999,-9999,-9999,-0.138350,-9999,0.309778,-9999,0.138131E-09,-9999,27.3685,662.077,662.077,-0.250000,0,-9999,-9999,-9999,-9999,0,280.958,280.958,96559.5,1.19732,1005.28,0.241912E-01,-9999,-9999,-9999,1055.78,-9999,-9999,-9999,-9999,-0.558059,-0.915902E-01,0.350014E-01,0.566608,0.526551E-13,0.504707E-14,0.566608,1.42060,359.581,189.320,3.54162,-9999,0.517193E-01,0.475979E-01,-15.1943,-0.132287,-9999,-0.124212E-01,0,-9999,-9999,-9999,-9999,-9999,-9999,-9999,-0.314761E-02,1.01750,0.756046,1.02275,-9999,-9999,0.791219,1.17414,-9999,-9999,800000099,800011199,800000099,800000199,800000199,800001199,811110099,811110099,81000,81000,80,81,0,2,0,1,0,0,0.760623E-01,0.156195E-01,0.351394E-02,0.532403E-02,0.595964,-9999,0.628129E-03,0.791219E-03,-9999,15.9961,0.401111,255.000,93.7500,3.98857,98218.7,1.20167
CH-CHA_201201130800.csv,2012-01-13,09:30,13.3957,1,36000,36000,-0.516260E-02,1,0.789308E-03,4.95400,0,1.80572,-9999,-9999,-9999,-4.74623,1,9.07545,-9999,-9999,-9999,0.766898,-9999,-2.96312,-9999,0.624476E-10,-9999,25.1182,608.670,608.670,0.100000,0,-9999,-9999,-9999,-9999,0,281.435,281.435,96559.5,1.19529,1005.29,0.242322E-01,-9999,-9999,-9999,1090.58,-9999,-9999,-9999,-9999,-0.737023,0.532390E-01,0.484686E-01,0.740532,-0.867098E-13,0.248615E-14,0.740532,1.66364,8.98026,175.868,3.75275,-9999,0.657199E-01,0.653585E-01,-4.86604,-0.413067,-9999,-0.627325E-01,0,-9999,-9999,-9999,-9999,-9999,-9999,-9999,-0.508660E-02,1.01494,4.85103,1.02123,-9999,-9999,-4.36270,1.17225,-9999,-9999,800000099,800010199,800000099,800000199,800000199,800000199,811110099,811110099,81100,81100,80,81,4,0,0,0,0,2,0.276640E-01,0.939294E-01,0.912363E-02,0.737126E-01,2.39564,-9999,0.403707E-02,-0.436270E-02,-9999,15.9977,0.316667,255.000,93.7500,4.18952,98244.7,1.20429
CH-CHA_201201130800.csv,2012-01-13,10:00,13.4166,1,36000,36000,-0.667075E-02,0,0.135277E-02,6.28458,1,1.21117,-9999,-9999,-9999,3.34045,2,1.38677,-9999,-9999,-9999,0.888147,-9999,-3.41400,-9999,-0.186944E-09,-9999,22.5296,547.015,547.015,9.95000,0,-9999,-9999,-9999,-9999,0,281.988,281.988,96559.5,1.19295,1005.30,0.242799E-01,-9999,-9999,-9999,1132.23,-9999,-9999,-9999,-9999,-0.576731,0.125989,0.370481E-01,0.591493,-0.172876E-13,-0.829769E-14,0.591493,1.60315,17.8161,167.677,3.59106,-9999,0.747785E-01,0.572995E-01,-5.65066,-0.355711,-9999,-0.700779E-01,0,-9999,-9999,-9999,-9999,-9999,-9999,-9999,-0.655896E-02,1.01704,6.14651,1.02246,-9999,-9999,2.48924,1.17376,-9999,-9999,800000099,800010199,800000099,800000199,800000199,800001199,811110199,811110199,80000,80000,80,81,0,0,0,7,0,0,0.496173E-01,0.577434E-01,0.723824E-02,0.345087E-01,0.620416E-01,-9999,0.512518E-02,0.248924E-02,-9999,16.0000,0.350000,255.000,93.7500,4.47881,98260.7,1.20809
CH-CHA_201201130800.csv,2012-01-13,10:30,13.4374,1,36000,36000,-0.566074E-02,1,0.188902E-02,6.49032,0,1.33571,-9999,-9999,-9999,-2.94524,0,1.66415,-9999,-9999,-9999,-0.298180,-9999,-0.330176,-9999,-0.110073E-09,-9999,22.2989,541.057,541.057,0.00000,0,-9999,-9999,-9999,-9999,0,281.803,281.803,96559.5,1.19373,1005.30,0.242639E-01,-9999,-9999,-9999,1118.10,-9999,-9999,-9999,-9999,0.322443,0.221253,0.175253E-01,0.391445,0.898880E-13,-0.493627E-14,0.391445,1.16919,145.855,34.4570,2.56603,-9999,0.688625E-01,0.863764E-01,-4.27294,-0.470402,-9999,-0.785380E-01,0,-9999,-9999,-9999,-9999,-9999,-9999,-9999,-0.553712E-02,1.02233,6.32693,1.02582,-9999,-9999,-2.86217,1.17855,-9999,-9999,800000099,800000199,800000099,800000199,800000199,800010199,811110199,811110199,80000,80000,80,81,1,2,0,12,0,0,0.100840,0.646500E-01,0.726293E-02,0.636735E-01,0.187645,-9999,0.527217E-02,-0.286217E-02,-9999,15.9981,0.337778,255.000,93.7500,4.79177,98255.0,1.21491
CH-CHA_201201130800.csv,2012-01-13,11:00,13.4582,1,36000,36000,-0.252876E-02,0,0.694818E-03,5.00807,0,1.28090,18.3415,0,9.93589,1.66867,2,9.00475,0.410426,0,0.222334,-0.227204,-9999,-1.86650,-9999,-0.411800E-10,-0.141168E-12,20.9094,507.369,508.253,5.05000,0,71.6794,1.73931,1.74234,-0.600000,0,281.817,281.661,96559.5,1.19355,1006.23,0.242651E-01,0.265956E-01,0.129166E-02,167.899,1107.44,0.108220E-02,15.1610,939.543,256.588,0.425849,0.455263,0.324014E-01,0.624229,-0.107649E-12,-0.196944E-14,0.624229,1.23556,142.165,46.9120,2.97535,-9999,0.460292E-01,0.594564E-01,-1.65421,-1.21508,0.273046,-0.905944E-01,0,-9999,-9999,-9999,-9999,-9999,-9999,-9999,-0.248773E-02,1.01649,5.81050,1.02213,15.5644,1.17333,0.980924,1.17333,0.348284,1.17333,800000099,800000099,800000099,800001199,800001099,800001199,811110199,811110199,80000,80000,80,81,5,0,0,17,4,24,0.361134E-01,0.758127E-01,0.698667E-02,0.600856E-01,4.42021,2284.81,0.483814E-02,0.980924E-03,0.348284,15.9942,0.324444,254.747,92.1669,4.92884,98258.8,1.21739
CH-CHA_201201130800.csv,2012-01-13,11:30,13.4790,1,36000,36000,-0.384469E-02,0,0.937212E-03,15.1320,0,2.47850,-3.29249,0,3.82192,-3.30240,0,2.06864,-0.737386E-01,0,0.855959E-01,1.43133,-2.35023,0.311520,-0.526357E-01,0.807033E-10,0.123742E-12,21.0814,513.008,513.412,-0.800000,0,32.3238,0.786590,0.787209,-1.00000,0,282.625,282.554,96559.5,1.19020,1005.73,0.243347E-01,-0.477826E-02,0.582476E-03,75.9542,1176.30,0.489392E-03,6.45702,1100.35,247.500,0.573431,0.145276,-0.855417E-02,0.591609,0.156668E-13,0.382818E-14,0.591609,1.45086,170.359,14.2165,-0.828477,-9999,0.568355E-01,0.936222E-01,-1.03054,-1.95043,-4.59592,-0.222419,0,-9999,-9999,-9999,-9999,-9999,-9999,-9999,-0.378027E-02,1.01704,14.6360,1.02246,-2.85789,1.17376,-3.58485,1.17376,-0.640053E-01,1.17376,800000099,800000099,800000099,800000099,800001099,800011099,801110199,811110199,81100,81100,80,81,0,5,0,20,51,23,0.675442E-01,0.106758,0.129423E-01,0.105197,0.168839,165.342,0.122270E-01,-0.358485E-02,-0.640053E-01,16.0000,0.281111,253.287,83.0460,5.53299,98219.4,1.22415
CH-CHA_201201130800.csv,2012-01-13,12:00,13.4999,1,36000,36000,-0.265737E-02,2,0.259086E-02,30.3815,0,6.01592,13.3494,0,1.38370,-0.837429,1,2.21479,0.299251,0,0.310181E-01,1.54994,0.194450E-01,-0.391328,0.435895E-03,0.144865E-10,0.227508E-13,20.7181,505.900,506.303,6.95000,0,32.5373,0.794507,0.795139,0.250000,0,283.596,283.525,96559.5,1.18613,1005.76,0.244183E-01,0.193914E-01,0.586323E-03,76.7185,1255.37,0.494317E-03,6.11120,1178.66,247.610,-0.299228,-0.104472,0.304489E-01,0.318401,0.482352E-14,0.699220E-15,0.318401,1.75320,342.139,199.246,5.48762,-9999,0.473326E-01,0.185273,-0.296472,-6.77973,2.27588,-0.538052,0,-9999,-9999,-9999,-9999,-9999,-9999,-9999,-0.259053E-02,1.02580,30.2153,1.02810,11.1749,1.18197,-2.41105,1.18197,0.250505,1.18197,800000099,800000099,800000099,800000099,800001099,800011099,811100199,811110199,80100,81100,81,81,0,21,4,16,60,38,0.255600,0.932255E-01,0.217202E-01,0.373347,0.100678,12.0151,0.253281E-01,-0.241105E-02,0.250505,16.0000,0.392222,253.000,81.2500,7.20704,98202.5,1.24161
CH-CHA_201201130800.csv,2012-01-13,12:30,13.5207,1,36000,36000,-0.192230E-01,1,0.521035E-02,9.92056,1,1.65233,10.7732,1,1.05417,-2.70903,1,1.25517,0.241812,1,0.236617E-01,2.14480,0.102990,-0.844717E-01,0.231169E-02,0.142325E-09,0.236106E-12,20.5569,504.359,504.781,4.30000,0,34.1023,0.836693,0.837394,0.200000,0,284.950,284.874,96559.5,1.18049,1005.81,0.245348E-01,0.156694E-01,0.614523E-03,80.7909,1373.07,0.520566E-03,5.88396,1292.28,248.180,-0.697809,0.382989E-01,0.787642E-01,0.703284,0.234483E-12,0.692347E-14,0.703284,2.40196,17.8822,176.858,6.43032,-9999,0.127608,0.305244,-17.7922,-0.112971,0.920859,-0.654756E-01,0,-9999,-9999,-9999,-9999,-9999,-9999,-9999,-0.189318E-01,1.01538,10.2552,1.02148,9.14227,1.17253,-2.92863,1.17253,0.205206,1.17253,800000099,800000099,800000099,800001099,800001099,800001099,800100199,811100199,80000,80000,80,81,0,0,0,18,25,14,0.310037,0.281229,0.192212E-01,0.714782E-01,0.963280E-01,11.4223,0.863708E-02,-0.292863E-02,0.205206,16.0000,0.228889,253.000,81.2531,7.28181,98200.0,1.23952
CH-CHA_201201130800.csv,2012-01-13,13:00,13.5415,1,36000,36000,-0.149918E-01,0,0.537642E-02,26.7768,0,2.86779,11.0265,0,1.36943,-3.69431,0,1.18450,0.247577,0,0.307477E-01,0.520751,0.117899,-0.332332,0.264718E-02,0.421416E-11,0.748519E-14,20.2857,498.287,498.729,-0.400000,0,36.0315,0.885058,0.885842,0.250000,0,285.282,285.202,96559.5,1.17911,1005.84,0.245635E-01,0.160430E-01,0.649288E-03,85.4597,1403.11,0.550658E-03,6.09075,1317.65,248.804,0.412456,0.758999E-01,0.245419E-01,0.420099,-0.849486E-14,0.207740E-15,0.420099,1.72957,181.223,10.4269,3.34909,-9999,0.112759,0.175298,-4.54803,-0.441950,2.42840,-0.200228,0,-9999,-9999,-9999,-9999,-9999,-9999,-9999,-0.146795E-01,1.02128,26.6752,1.02514,9.24785,1.17754,-4.60583,1.17754,0.207641,1.17754,800000099,800000099,800000099,800000099,800001099,800001199,810100199,811110199,80000,80000,80,81,9,1,0,19,53,21,0.211491,0.115822,0.232828E-01,0.955322E-01,0.301970E-01,14.0116,0.224917E-01,-0.460583E-02,0.207641,15.9953,0.404444,253.000,81.2500,8.13834,98154.8,1.25358
CH-CHA_201201130800.csv,2012-01-13,13:30,13.5624,1,36000,36000,0.131926E-01,0,0.459871E-02,31.6040,0,3.94016,20.0031,1,2.22576,-5.08841,0,1.85501,0.449447,1,0.500103E-01,1.17549,0.155859,-0.208412,0.350198E-02,0.129345E-09,0.248298E-12,20.0776,494.469,494.939,0.250000,0,38.5420,0.949208,0.950110,0.500000,0,286.030,285.944,96559.5,1.17602,1005.89,0.246279E-01,0.291241E-01,0.694527E-03,91.6520,1473.22,0.590573E-03,6.22120,1381.57,249.585,0.341994,-0.206548,-0.668306E-02,0.399584,-0.134499E-12,0.644226E-14,0.399584,1.82211,215.795,328.870,-0.958319,-9999,0.105915,0.178009,-3.19355,-0.629394,1.57996,-0.252242,0,-9999,-9999,-9999,-9999,-9999,-9999,-9999,0.129084E-01,1.02201,31.8237,1.02562,16.8249,1.17824,-6.09934,1.17824,0.378036,1.17824,800000099,800000099,800000099,800000099,800001099,800001099,810000199,811110199,80000,81000,81,81,6,5,0,24,42,26,0.105026,0.223405,0.275866E-01,0.154768,0.429551E-01,19.2473,0.269020E-01,-0.609934E-02,0.378036,15.9981,0.377778,253.000,81.2500,9.79169,98104.4,1.26484
CH-CHA_201201130800.csv,2012-01-13,14:00,13.5832,1,36000,36000,0.321363E-01,0,0.537249E-02,50.1200,0,4.92592,16.3684,1,1.91216,-10.9405,1,2.19932,0.367555,1,0.429379E-01,-1.01147,-0.572234E-02,-0.453560,-0.128496E-03,0.547831E-09,0.106693E-11,19.7851,486.179,486.640,0.350000,0,38.5326,0.946860,0.947757,0.300000,0,285.393,285.307,96559.5,1.17865,1005.88,0.245730E-01,0.238176E-01,0.694357E-03,91.4253,1412.84,0.589112E-03,6.47103,1321.42,249.557,-0.863992,-0.630324,0.599964E-01,1.07116,-0.215531E-12,0.276890E-13,1.07116,3.39047,324.980,216.113,3.21085,-9999,0.165122,0.434887,-7.63031,-0.263423,3.06199,-0.256022,0,-9999,-9999,-9999,-9999,-9999,-9999,-9999,0.317409E-01,1.01246,49.9634,1.02006,13.7407,1.17161,-11.9928,1.17161,0.308549,1.17161,800000099,800000099,800000099,800000099,800001099,800001099,800000199,811100199,81100,81100,80,81,1,0,0,24,38,14,0.445562,0.388709,0.355041E-01,0.248526,0.493373E-01,45.9878,0.421428E-01,-0.119928E-01,0.308549,15.9934,0.470000,253.000,81.2500,13.5886,98100.2,1.28092
CH-CHA_201201131400.csv,2012-01-13,14:30,13.6040,1,36000,36000,-0.199156E-01,1,0.435725E-02,-10.4016,2,6.09503,6.10143,1,0.777235,-6.03200,1,0.495722,0.137283,1,0.174879E-01,3.28962,-0.447253,-0.217729,-0.100633E-01,-0.196423E-09,-0.310252E-12,19.4806,482.171,482.539,0.400000,0,30.7698,0.761594,0.762175,0.350000,0,287.464,287.394,96559.5,1.17017,1005.82,0.247513E-01,0.889596E-02,0.554473E-03,73.5411,1619.18,0.473839E-03,4.54188,1545.64,247.145,-0.946199,-0.686684,0.497063E-01,1.17017,-0.167681E-12,-0.100830E-13,1.17017,2.69331,326.672,215.970,2.43453,-9999,0.130459,0.316334,18.1326,0.110850,-1.70479,0.677422E-01,0,-9999,-9999,-9999,-9999,-9999,-9999,-9999,-0.196445E-01,1.01380,-9.83244,1.02835,4.76386,1.28863,-4.26744,1.28863,0.107188,1.28863,800000099,800000099,800000099,800000099,800000099,800010099,800110199,801110199,81100,81100,80,81,7,2,3,0,14,5,0.345005,0.269831,0.178322E-01,0.542153,0.103805E-01,18.0463,-0.835394E-02,-0.426744E-02,0.107188,15.9981,0.281111,253.000,81.2500,11.0058,98093.2,1.25967
CH-CHA_201201131400.csv,2012-01-13,15:00,13.6249,1,36000,36000,-0.106028E-01,1,0.142449E-02,0.621047,1,0.232396,6.57250,1,0.585582,-4.11628,1,0.357754,0.147979,1,0.131843E-01,1.06336,-0.164482,-0.106995E-01,-0.370327E-02,-0.384463E-10,-0.553001E-13,19.4273,481.974,482.308,0.300000,0,27.9438,0.693258,0.693739,0.300000,0,288.134,288.071,96559.5,1.16745,1005.80,0.248090E-01,0.958902E-02,0.503547E-03,66.9438,1691.48,0.431321E-03,3.95770,1624.54,246.120,-1.07630,-0.667829,0.627285E-01,1.26820,-0.121604E-13,-0.197898E-14,1.26820,2.15513,334.475,211.819,2.83514,-9999,0.952996E-01,0.979629E-01,-118.384,-0.169786E-01,0.944917E-01,-0.554986E-02,0,-9999,-9999,-9999,-9999,-9999,-9999,-9999,-0.104804E-01,1.01168,0.945009,1.01990,5.60109,1.17221,-3.60282,1.17221,0.126108,1.17221,800000099,800010099,800000099,800000099,800000099,800000099,801110199,811110199,80000,80000,80,80,1,6,3,0,6,2,0.856166E-01,0.992366E-01,0.110725E-01,0.789870E-02,0.964884E-02,11.4641,0.804794E-03,-0.360282E-02,0.126108,16.0000,0.288889,253.000,81.2500,8.07725,98086.1,1.24953
CH-CHA_201201131400.csv,2012-01-13,15:30,13.6457,1,36000,36000,-0.211657E-01,1,0.223713E-02,-5.98820,1,0.619276,-1.22913,2,0.295841,-2.88968,1,0.420504,-0.276818E-01,2,0.666275E-02,0.475539,-0.236400,-0.260777E-01,-0.532405E-02,-0.562922E-10,-0.695524E-13,19.3882,481.492,481.779,0.950000,0,23.9553,0.594913,0.595267,8.00000,0,288.428,288.374,96559.5,1.16627,1005.75,0.248343E-01,-0.179378E-02,0.431674E-03,57.4490,1724.76,0.370132E-03,3.33084,1667.31,244.473,-0.459693,-1.17663,0.142112E-01,1.26332,0.540444E-13,-0.290343E-14,1.26332,2.35570,301.308,248.660,0.644541,-9999,0.134715,0.246094,34.6815,0.579560E-01,4.87188,0.378955E-01,0,-9999,-9999,-9999,-9999,-9999,-9999,-9999,-0.209159E-01,1.01195,-5.90450,1.02446,-0.968780,1.24855,-2.02885,1.24855,-0.218183E-01,1.24855,800000099,800000099,800000099,800000099,800001099,800001099,810100199,811100199,80000,80000,80,81,7,17,5,1,76,27,0.194044,0.288738,0.940593E-02,0.528978E-01,0.280084E-01,2.95061,-0.503375E-02,-0.202885E-02,-0.218183E-01,15.9981,0.447778,253.000,81.2500,6.98040,98075.0,1.23815
CH-CHA_201201131400.csv,2012-01-13,16:00,13.6665,1,36000,36000,-0.259836E-01,1,0.297961E-02,8.32454,2,3.22327,2.08361,1,0.598966,4.23015,2,0.942467,0.469129E-01,1,0.134859E-01,-0.446000,-0.221350,-0.717311E-01,-0.498375E-02,0.145890E-09,0.152810E-12,19.3545,480.168,480.410,-1.00000,0,20.2726,0.502947,0.503200,-1.00000,0,288.136,288.090,96559.5,1.16746,1005.70,0.248092E-01,0.303995E-02,0.365313E-03,48.5696,1693.56,0.312912E-03,2.86789,1645.00,242.694,0.128195,0.360543,0.506414E-01,0.385992,-0.849831E-14,0.753777E-14,0.385992,1.51723,112.211,70.4266,7.53883,-9999,0.149186,0.215112,-33.8813,-0.593248E-01,3.99526,-0.475250E-01,0,-9999,-9999,-9999,-9999,-9999,-9999,-9999,-0.254108E-01,1.02254,8.21998,1.02597,1.74794,1.17876,3.16545,1.17876,0.393553E-01,1.17876,800000099,800000099,800000099,800000099,800000099,801011199,811110199,811110199,81100,81100,80,81,0,4,3,0,9,0,0.131231,0.293714,0.527915E-02,0.197123,0.222400E-01,5.07418,0.700101E-02,0.316545E-02,0.393553E-01,15.9973,0.311111,253.000,81.2500,4.73057,98094.2,1.21607
CH-CHA_201201131400.csv,2012-01-13,16:30,13.6873,1,36000,36000,-0.355923E-01,1,0.635974E-02,-13.6183,1,2.70449,-29.1130,1,5.80098,1.38345,1,0.817017,-0.655394,1,0.130592,-0.231200,0.172612,-0.409713E-01,0.388585E-02,0.459465E-09,0.550710E-12,19.3334,479.413,479.688,0.300000,0,23.1728,0.574618,0.574948,0.300000,0,287.995,287.943,96559.5,1.16802,1005.73,0.247971E-01,-0.424695E-01,0.417574E-03,55.4896,1677.60,0.357505E-03,3.30769,1622.11,244.103,-1.23504,-0.475971,0.663815E-01,1.32525,0.434882E-12,0.237653E-13,1.32525,3.78842,3.51307,201.076,2.87114,-9999,0.174563,0.647951,33.1796,0.605794E-01,0.467773,0.664103E-01,0,-9999,-9999,-9999,-9999,-9999,-9999,-9999,-0.351614E-01,1.01226,-14.6707,1.02529,-23.1249,1.25643,1.97068,1.25643,-0.520588,1.25643,800000099,800000099,800000099,800000099,800000099,810100099,801100199,801100199,81100,81100,80,81,3,11,6,3,6,26,0.953956,0.322376,0.195699E-01,0.245024,0.247609E-01,562.400,-0.124887E-01,0.197068E-02,-0.520588,15.9946,0.362222,253.000,81.2500,3.22283,98100.7,1.20799
CH-CHA_201201131400.csv,2012-01-13,17:00,13.7082,0,36000,36000,-0.475272E-02,2,0.170493E-02,-12.9951,0,3.02086,0.333145,1,0.619928,4.29863,0,0.691143,0.749834E-02,1,0.139532E-01,-0.315204,1.70755,0.162522,0.384331E-01,0.133555E-09,0.355239E-12,19.4634,482.409,483.029,4.80000,0,51.7703,1.28315,1.28480,10.0000,0,287.860,287.743,96559.5,1.16852,1006.11,0.247854E-01,0.485893E-03,0.932901E-03,123.883,1656.05,0.798358E-03,7.48062,1532.17,253.015,-0.981716,-0.224182,0.444960E-01,1.00797,0.155103E-12,0.686183E-14,1.00797,2.87746,6.38648,192.863,2.53010,-9999,0.637753E-01,0.313177,1.69575,1.18532,-39.0073,0.173318,0,-9999,-9999,-9999,-9999,-9999,-9999,-9999,-0.453681E-02,1.04759,-11.8471,1.09616,0.212764,1.97907,2.54801,1.97907,0.478884E-02,1.97907,800000099,800000099,800000099,800000099,800000099,800000099,810100199,811100199,81100,81100,80,81,7,8,5,0,7,11,0.380208,0.235625,0.105216E-01,0.309701,0.185659E-01,6.89932,-0.100770E-01,0.254801E-02,0.478884E-02,15.9977,0.388889,253.000,81.2500,2.45678,98102.5,1.20250
CH-CHA_201201131400.csv,2012-01-13,17:30,13.7290,0,36000,36000,-0.417203E-02,1,0.490448E-03,-1.51240,0,2.88374,1.32886,1,0.393710,4.08742,0,1.08839,0.298963E-01,1,0.885760E-02,-0.725419,0.319850E-01,0.199989,0.719592E-03,-0.540641E-10,-0.144188E-12,19.6433,486.090,486.721,9.60000,0,52.3883,1.29639,1.29808,9.80000,0,287.401,287.283,96559.5,1.17039,1006.10,0.247459E-01,0.193728E-02,0.944036E-03,125.161,1607.48,0.806600E-03,7.78619,1482.32,253.134,-0.686169,0.528537,0.534646E-01,0.867777,-0.531902E-13,-0.275230E-14,0.867777,2.52391,43.4741,142.394,3.53228,-9999,0.597047E-01,0.131152,11.9547,0.168135,-1.13812,0.215122E-01,0,-9999,-9999,-9999,-9999,-9999,-9999,-9999,-0.410666E-02,1.01592,-1.40569,1.03213,1.00727,1.32789,3.13333,1.32789,0.226614E-01,1.32789,800000099,800000099,800000099,800000099,800000099,800100099,811100199,811100199,81100,81100,80,81,13,32,18,2,2,23,0.118468,0.135609,0.822743E-02,0.547402,0.685313E-01,4.21136,-0.119375E-02,0.313333E-02,0.226614E-01,16.0000,0.278333,253.000,81.2500,1.26684,98135.0,1.18431
CH-CHA_201201131400.csv,2012-01-13,18:00,13.7498,0,36000,36000,-0.745293E-01,1,0.104266E-01,-27.1332,2,11.3260,-9999,-9999,-9999,-93.3925,1,15.4105,-9999,-9999,-9999,-1.36855,-9999,-0.358005,-9999,-0.270424E-08,-9999,19.4444,479.523,479.523,-1.00000,0,-9999,-9999,-9999,-9999,0,286.417,286.417,96559.5,1.17450,1005.39,0.246612E-01,-9999,-9999,-9999,1519.48,-9999,-9999,-9999,-9999,-0.555066E-01,-0.480897E-01,0.215399E-01,0.765348E-01,-0.170426E-12,-0.139075E-12,0.765348E-01,1.62114,353.929,220.905,16.3461,-9999,0.251905,0.279133,50.0373,0.401701E-01,-9999,0.912167E-01,0,46.5604,-7.06572,15.9827,39.7991,60.6962,85.1273,127.536,-0.716525E-01,1.04015,-26.1778,1.03650,-9999,-9999,-73.3656,1.25171,-9999,-9999,800000099,800000099,800000099,800000199,800000099,800100099,811100199,811100199,81000,81000,80,81,1,0,2,15,9,3,0.219338,0.316037,0.228905E-01,0.470323,0.905440,-9999,-0.221689E-01,-0.733656E-01,-9999,15.9907,0.411111,253.331,83.3203,0.250392,98167.6,1.16559
CH-CHA_201201131400.csv,2012-01-13,18:30,13.7707,0,36000,36000,0.189707E-02,1,0.587247E-03,0.762571,2,0.552299,-9999,-9999,-9999,-9999,-9999,-9999,-9999,-9999,-9999,-0.504951,-9999,-9999,-9999,-9999,-9999,-9999,-9999,-9999,-9999,0,-9999,-9999,-9999,-9999,0,286.098,286.098,96559.5,1.17581,1005.39,0.246337E-01,-9999,-9999,-9999,1488.13,-9999,-9999,-9999,-9999,0.737779,0.602414,0.668342E-01,0.954824,0.236750E-13,-0.385690E-14,0.954824,1.67254,147.775,39.2325,4.01378,-9999,0.401673E-01,0.560954E-01,-7.21803,-0.278469,-9999,-0.160597E-01,0,-9999,-9999,-9999,-9999,-9999,-9999,-9999,0.187252E-02,1.01311,0.747394,1.02031,-9999,-9999,-9999,-9999,-9999,-9999,800000099,800100199,800000099,800001199,800000199,800011199,811110199,811110199,80000,80000,80,80,2,1,3,1,0,0,0.386272E-01,0.719573E-01,0.160638E-02,0.132126,-9999,-9999,0.632235E-03,-9999,-9999,15.9973,0.280000,254.892,93.0773,-0.820141,98194.7,1.15812
CH-CHA_201201131400.csv,2012-01-13,19:00,13.7915,0,36000,36000,0.860174E-02,1,0.178507E-02,9.49106,1,3.01517,-9999,-9999,-9999,-9999,-9999,-9999,-9999,-9999,-9999,-1.44285,-9999,-9999,-9999,-9999,-9999,-9999,-9999,-9999,-9999,0,-9999,-9999,-9999,-9999,0,285.189,285.189,96559.5,1.17956,1005.37,0.245555E-01,-9999,-9999,-9999,1401.93,-9999,-9999,-9999,-9999,0.227996,0.460453,0.263694E-01,0.514484,0.898650E-14,-0.540959E-14,0.514484,1.51819,115.605,63.6574,2.93793,-9999,0.853952E-01,0.153551,-5.57261,-0.360692,-9999,-0.937210E-01,0,-9999,-9999,-9999,-9999,-9999,-9999,-9999,0.844461E-02,1.01861,9.27373,1.02343,-9999,-9999,-9999,-9999,-9999,-9999,800000099,800001199,800000099,800001199,800001099,800011099,811100199,811110199,80100,80100,80,81,0,3,0,5,0,0,0.145758,0.158385,0.295851E-02,0.542964,-9999,-9999,0.782006E-02,-9999,-9999,16.0000,0.331111,255.000,93.7500,-1.24942,98209.1,1.15121
CH-CHA_201201131400.csv,2012-01-13,19:30,13.8123,0,36000,36000,0.154046E-02,1,0.710300E-03,1.20871,1,0.720718,-9999,-9999,-9999,-9999,-9999,-9999,-9999,-9999,-9999,-0.541581,-9999,-9999,-9999,-9999,-9999,-9999,-9999,-9999,-9999,0,-9999,-9999,-9999,-9999,0,284.849,284.849,96559.5,1.18097,1005.36,0.245261E-01,-9999,-9999,-9999,1370.76,-9999,-9999,-9999,-9999,0.197854,0.192462,0.746194E-02,0.276123,0.731570E-13,-0.341889E-14,0.276123,0.815721,144.124,44.2086,1.54855,-9999,0.361165E-01,0.292042E-01,-3.31029,-0.607198,-9999,-0.281875E-01,0,-9999,-9999,-9999,-9999,-9999,-9999,-9999,0.149765E-02,1.02858,1.17357,1.02995,-9999,-9999,-9999,-9999,-9999,-9999,800000099,800100199,800000099,800001199,800000199,800111199,811110099,811110099,81000,81000,80,81,0,0,0,0,0,0,0.375908E-01,0.191566E-01,0.166093E-02,0.691109E-01,-9999,-9999,0.988433E-03,-9999,-9999,15.9926,0.366667,255.000,93.7500,-1.67310,98226.2,1.14125
CH-CHA_201201131400.csv,2012-01-13,20:00,13.8332,0,36000,36000,0.147145E-02,1,0.698393E-03,-0.588633,1,0.471419,-9999,-9999,-9999,-9999,-9999,-9999,-9999,-9999,-9999,-0.712364,-9999,-9999,-9999,-9999,-9999,-9999,-9999,-9999,-9999,0,-9999,-9999,-9999,-9999,0,284.401,284.401,96559.5,1.18283,1005.35,0.244876E-01,-9999,-9999,-9999,1330.75,-9999,-9999,-9999,-9999,0.652490,0.419247,0.308556E-01,0.776185,-0.776033E-13,0.315145E-14,0.776185,1.39921,149.414,32.7221,2.27827,-9999,0.352706E-01,0.579280E-01,6.33082,0.317495,-9999,0.140344E-01,0,-9999,-9999,-9999,-9999,-9999,-9999,-9999,0.144071E-02,1.02134,-0.564162,1.04338,-9999,-9999,-9999,-9999,-9999,-9999,800000099,800100199,800000099,800001199,800000199,800001199,811110099,811110099,81000,81000,80,81,0,0,2,1,1,0,0.693140E-01,0.455892E-01,0.952930E-03,0.454326E-01,-9999,-9999,-0.474422E-03,-9999,-9999,16.0000,0.255556,255.000,93.7500,-2.12185,98226.0,1.13741
CH-CHA_201201132000.csv,2012-01-13,20:30,13.8540,0,36000,36000,-0.310947E-02,1,0.113202E-02,-0.296060,2,0.220982,-9999,-9999,-9999,5.97626,2,3.26524,-9999,-9999,-9999,-0.715627,-9999,-9999,-9999,-0.146964E-09,-9999,31.5999,772.584,772.584,10.0000,0,-9999,-9999,-9999,-9999,0,283.952,283.952,96559.5,1.18470,1005.34,0.244490E-01,-9999,-9999,-9999,1291.66,-9999,-9999,-9999,-9999,-0.505711E-01,0.594336,0.395258E-01,0.597792,-0.115281E-12,-0.465079E-14,0.597792,1.43705,86.4497,94.8635,3.79115,-9999,0.512318E-01,0.185118,38.5746,0.521069E-01,-9999,0.485198E-02,0,-9999,-9999,-9999,-9999,-9999,-9999,-9999,-0.306870E-02,1.01328,-0.289133,1.02396,-9999,-9999,4.84469,1.23928,-9999,-9999,800000099,800100199,800000099,800000199,800000199,800110199,811110099,811110099,80000,81000,80,81,0,0,1,26,3,0,0.851730E-01,0.283034,0.202878E-02,0.132470,0.988583,-9999,-0.242760E-03,0.484469E-02,-9999,15.9957,0.311667,255.000,93.7500,-2.36775,98224.4,1.13369
CH-CHA_201201132000.csv,2012-01-13,21:00,13.8748,0,36000,36000,-0.588595E-01,1,0.799138E-02,-0.739036,2,4.87686,-9999,-9999,-9999,-9999,-9999,-9999,-9999,-9999,-9999,-0.698600,-9999,-9999,-9999,-9999,-9999,-9999,-9999,-9999,-9999,0,-9999,-9999,-9999,-9999,0,283.515,283.515,96559.5,1.18652,1005.33,0.244113E-01,-9999,-9999,-9999,1254.54,-9999,-9999,-9999,-9999,-0.902261E-01,-0.131751,0.197781E-01,0.160904,-0.347021E-13,-0.280331E-13,0.160904,1.60888,2.02140,235.596,7.06054,-9999,0.222726,0.280403,1269.71,0.158304E-02,-9999,0.278169E-02,0,67.6909,-10.2724,23.2361,57.8612,88.2419,123.761,185.416,-0.574087E-01,1.02527,-0.720147,1.02623,-9999,-9999,-9999,-9999,-9999,-9999,800000099,800100199,800000099,800000199,800000199,810010199,811110099,811110099,80000,80000,80,81,0,0,1,6,25,0,0.335379,0.218405,0.702165E-02,0.259570,-9999,-9999,-0.603718E-03,-9999,-9999,16.0000,9.52444,255.000,93.7500,-2.60613,98217.9,1.12442
CH-CHA_201201132000.csv,2012-01-13,21:30,13.8956,0,36000,36000,0.217810E-02,1,0.967044E-03,1.21315,1,0.749827,-9999,-9999,-9999,-9999,-9999,-9999,-9999,-9999,-9999,-0.852742E-01,-9999,-9999,-9999,-9999,-9999,-9999,-9999,-9999,-9999,0,-9999,-9999,-9999,-9999,0,283.462,283.462,96559.5,1.18675,1005.33,0.244067E-01,-9999,-9999,-9999,1250.07,-9999,-9999,-9999,-9999,0.144983E-01,0.256988,0.598889E-02,0.257467,-0.115366E-12,-0.313962E-14,0.257467,0.781153,91.7231,86.7710,1.33287,-9999,0.428410E-01,0.691790E-01,-5.50457,-0.365151,-9999,-0.237348E-01,0,-9999,-9999,-9999,-9999,-9999,-9999,-9999,0.211451E-02,1.03007,1.17674,1.03094,-9999,-9999,-9999,-9999,-9999,-9999,800000099,800101199,800000099,800001199,800111199,800111199,811110099,811110099,81000,81000,80,81,0,0,4,4,7,0,0.531622E-01,0.833612E-01,0.183462E-02,0.928959E-01,-9999,-9999,0.986308E-03,-9999,-9999,15.9953,0.447222,255.000,93.7500,-2.78337,98220.5,1.12270
CH-CHA_201201132000.csv,2012-01-13,22:00,13.9165,0,36000,36000,-0.494951E-02,1,0.842289E-03,-0.470554,1,0.798511,-9999,-9999,-9999,-9999,-9999,-9999,-9999,-9999,-9999,-0.357804,-9999,-9999,-9999,-9999,-9999,-9999,-9999,-9999,-9999,0,-9999,-9999,-9999,-9999,0,283.238,283.238,96559.5,1.18769,1005.33,0.243874E-01,-9999,-9999,-9999,1231.50,-9999,-9999,-9999,-9999,-0.209775,-0.365247E-01,0.469069E-02,0.212982,0.152242E-12,0.363039E-14,0.212982,0.765833,354.518,189.877,1.26198,-9999,0.645551E-01,0.985421E-01,48.5555,0.413959E-01,-9999,0.610477E-02,0,-9999,-9999,-9999,-9999,-9999,-9999,-9999,-0.485114E-02,1.02028,-0.458246,1.02686,-9999,-9999,-9999,-9999,-9999,-9999,800000099,800101199,800000099,800001199,800000199,801001199,811110199,811110199,81000,81100,80,81,10,0,1,4,2,0,0.705971E-01,0.125560,0.927255E-03,0.691307E-01,-9999,-9999,-0.383786E-03,-9999,-9999,15.9961,0.406667,255.000,93.7500,-2.90259,98214.5,1.11814
CH-CHA_201201132000.csv,2012-01-13,22:30,13.9373,0,36000,36000,0.427386E-02,1,0.100994E-02,3.31207,1,1.62225,-9999,-9999,-9999,-9999,-9999,-9999,-9999,-9999,-9999,-0.887409,-9999,-9999,-9999,-9999,-9999,-9999,-9999,-9999,-9999,0,-9999,-9999,-9999,-9999,0,282.684,282.684,96559.5,1.19001,1005.32,0.243397E-01,-9999,-9999,-9999,1186.57,-9999,-9999,-9999,-9999,0.514386,-0.103322,-0.150278E-03,0.524660,0.119369E-13,0.832555E-15,0.524660,1.08425,198.291,348.642,-0.164112E-01,-9999,0.599286E-01,0.380418E-01,-5.51892,-0.364202,-9999,-0.461967E-01,0,-9999,-9999,-9999,-9999,-9999,-9999,-9999,0.419675E-02,1.01837,3.23669,1.02329,-9999,-9999,-9999,-9999,-9999,-9999,800000099,800100199,800000099,800001199,800110199,800111199,811110199,811110199,81000,81000,80,81,4,12,1,5,0,0,0.546805E-01,0.197302E-01,0.167303E-02,0.184963,-9999,-9999,0.270550E-02,-9999,-9999,15.9879,2.06722,255.000,93.7500,-3.08312,98204.5,1.12233
CH-CHA_201201132000.csv,2012-01-13,23:00,13.9581,0,36000,36000,-0.136293E-01,1,0.246960E-02,4.38100,1,1.22831,-9999,-9999,-9999,-9999,-9999,-9999,-9999,-9999,-9999,-1.20744,-9999,-9999,-9999,-9999,-9999,-9999,-9999,-9999,-9999,0,-9999,-9999,-9999,-9999,0,281.932,281.932,96559.5,1.19319,1005.30,0.242750E-01,-9999,-9999,-9999,1127.92,-9999,-9999,-9999,-9999,0.167287,0.309898,0.173837E-01,0.352596,0.131944E-12,-0.206265E-15,0.352596,1.23134,116.303,61.6393,2.82595,-9999,0.106876,0.160967,-23.6656,-0.849333E-01,-9999,-0.341732E-01,0,-9999,-9999,-9999,-9999,-9999,-9999,-9999,-0.133097E-01,1.02401,4.26614,1.02692,-9999,-9999,-9999,-9999,-9999,-9999,800000099,800100199,800000099,800001199,800000199,801100199,811110099,811110099,80000,80000,80,81,1,0,3,7,0,0,0.265425,0.547082E-01,0.180100E-02,0.903841E-01,-9999,-9999,0.355656E-02,-9999,-9999,16.0000,0.447778,255.000,93.7500,-2.84106,98199.5,1.11358
CH-CHA_201201132000.csv,2012-01-13,23:30,13.9790,0,36000,36000,0.103710E-01,1,0.111525E-02,3.43549,2,1.14628,-9999,-9999,-9999,-9999,-9999,-9999,-9999,-9999,-9999,-0.853102E-02,-9999,-9999,-9999,-9999,-9999,-9999,-9999,-9999,-9999,0,-9999,-9999,-9999,-9999,0,281.927,281.927,96559.5,1.19321,1005.30,0.242745E-01,-9999,-9999,-9999,1127.51,-9999,-9999,-9999,-9999,-0.115394,-0.350687,0.218704E-01,0.369832,0.174295E-12,0.342545E-14,0.369832,1.07229,274.450,251.786,3.39023,-9999,0.932291E-01,0.936530E-01,-20.0314,-0.100343,-9999,-0.307202E-01,0,-9999,-9999,-9999,-9999,-9999,-9999,-9999,0.101356E-01,1.02322,3.34710,1.02641,-9999,-9999,-9999,-9999,-9999,-9999,800000099,800100199,800000099,800001199,800000199,801010199,811110199,811110199,80000,81000,80,81,0,0,15,1,28,0,0.713458E-01,0.114506,0.145434E-02,0.983252E-01,-9999,-9999,0.279033E-02,-9999,-9999,15.9942,0.823333,255.000,93.7500,-3.07808,98198.6,1.10775
CH-CHA_201201132000.csv,2012-01-14,00:00,14.0000,0,36000,36000,0.427675E-02,1,0.825134E-03,-0.866574,2,2.26804,-9999,-9999,-9999,-9999,-9999,-9999,-9999,-9999,-9999,-0.493451,-9999,-9999,-9999,-9999,-9999,-9999,-9999,-9999,-9999,0,-9999,-9999,-9999,-9999,0,281.620,281.620,96559.5,1.19451,1005.30,0.242481E-01,-9999,-9999,-9999,1104.32,-9999,-9999,-9999,-9999,-0.164615,-0.407238,0.248272E-01,0.439951,0.458098E-13,-0.333881E-14,0.439951,0.897886,300.884,247.990,3.23502,-9999,0.598359E-01,0.577552E-01,20.9953,0.957356E-01,-9999,0.120604E-01,0,-9999,-9999,-9999,-9999,-9999,-9999,-9999,0.421042E-02,1.01575,-0.842967,1.02800,-9999,-9999,-9999,-9999,-9999,-9999,800000099,800100199,800000099,800001199,800010199,801010199,811110199,811110199,81000,81000,80,81,1,0,2,0,0,0,0.642905E-01,0.503582E-01,0.861638E-03,0.522077,-9999,-9999,-0.701983E-03,-9999,-9999,16.0000,1.61278,255.000,93.7500,-3.37331,98189.8,1.10524
CH-CHA_201201132000.csv,2012-01-14,00:30,14.0208,0,36000,36000,-0.323326E-02,1,0.796707E-03,-0.833198E-01,2,0.602049,-9999,-9999,-9999,-9999,-9999,-9999,-9999,-9999,-9999,-10.4538,-9999,-9999,-9999,-9999,-9999,-9999,-9999,-9999,-9999,0,-9999,-9999,-9999,-9999,0,275.264,275.264,96559.5,1.22209,1005.19,0.237009E-01,-9999,-9999,-9999,709.625,-9999,-9999,-9999,-9999,-0.166043,-0.176204,0.202961E-01,0.242961,-0.460867E-13,-0.546892E-14,0.242961,0.987421,303.988,226.700,4.79188,-9999,0.514361E-01,0.843996E-01,138.692,0.144925E-01,-9999,0.131865E-02,0,-9999,-9999,-9999,-9999,-9999,-9999,-9999,-0.317301E-02,1.01899,-0.813477E-01,1.02424,-9999,-9999,-9999,-9999,-9999,-9999,800000099,800100199,800000099,800001199,800000199,810000199,811110199,811110199,81000,81100,80,81,11,2,0,2,0,0,0.727531E-01,0.940936E-01,0.195247E-02,0.454460,-9999,-9999,-0.662207E-04,-9999,-9999,15.9969,5.78333,255.000,93.7500,-3.19835,98169.2,1.10341
CH-CHA_201201132000.csv,2012-01-14,01:00,14.0416,0,36000,36000,-0.576110E-02,1,0.740351E-03,-0.965652,1,0.695882,-9999,-9999,-9999,-9999,-9999,-9999,-9999,-9999,-9999,0.413057,-9999,-9999,-9999,-9999,-9999,-9999,-9999,-9999,-9999,0,-9999,-9999,-9999,-9999,0,275.515,275.515,96559.5,1.22098,1005.19,0.237225E-01,-9999,-9999,-9999,722.463,-9999,-9999,-9999,-9999,0.560239E-01,-0.190956,0.204511E-01,0.200053,0.645212E-13,0.182050E-14,0.200053,0.934238,275.639,286.351,5.86751,-9999,0.686909E-01,0.819822E-01,28.5020,0.705215E-01,-9999,0.114542E-01,0,-9999,-9999,-9999,-9999,-9999,-9999,-9999,-0.564264E-02,1.02099,-0.938208,1.02925,-9999,-9999,-9999,-9999,-9999,-9999,800000099,800100199,800000099,800001199,800000199,810000199,811110199,811110199,81000,81000,80,81,0,0,0,4,0,0,0.309613E-01,0.131300,0.170277E-02,0.423815E-01,-9999,-9999,-0.764438E-03,-9999,-9999,15.9981,5.67389,255.000,93.7500,-2.66072,98134.7,1.10761
CH-CHA_201201132000.csv,2012-01-14,01:30,14.0624,0,36000,36000,-0.236306E-02,1,0.521970E-03,-0.302381,1,0.102089,-9999,-9999,-9999,-9999,-9999,-9999,-9999,-9999,-9999,0.177045,-9999,-9999,-9999,-9999,-9999,-9999,-9999,-9999,-9999,0,-9999,-9999,-9999,-9999,0,275.623,275.623,96559.5,1.22050,1005.19,0.237318E-01,-9999,-9999,-9999,728.030,-9999,-9999,-9999,-9999,0.283731,-0.263188,0.115237E-01,0.387175,-0.224037E-13,-0.222683E-14,0.387175,0.984327,229.249,317.151,1.70559,-9999,0.440016E-01,0.477766E-01,23.9250,0.840127E-01,-9999,0.560141E-02,0,-9999,-9999,-9999,-9999,-9999,-9999,-9999,-0.232565E-02,1.01609,-0.294296,1.02747,-9999,-9999,-9999,-9999,-9999,-9999,800000099,800110199,800000099,800001199,800000199,800000199,811110199,811110199,81000,81000,80,81,0,12,4,5,18,0,0.604853E-01,0.342067E-01,0.861257E-03,0.337269E-02,-9999,-9999,-0.239881E-03,-9999,-9999,15.9926,5.77944,255.000,93.7500,-2.02338,98136.7,1.11074
CH-CHA_201201132000.csv,2012-01-14,02:00,14.0833,0,36000,36000,-0.651769E-02,1,0.139179E-02,-1.24241,2,0.725022,-9999,-9999,-9999,-9999,-9999,-9999,-9999,-9999,-9999,0.565234,-9999,-9999,-9999,-9999,-9999,-9999,-9999,-9999,-9999,0,-9999,-9999,-9999,-9999,0,275.967,275.967,96559.5,1.21898,1005.20,0.237614E-01,-9999,-9999,-9999,746.081,-9999,-9999,-9999,-9999,0.527167,0.186526E-02,0.299244E-01,0.528019,-0.462367E-13,-0.433694E-14,0.528019,1.75011,188.214,0.202727,3.24887,-9999,0.731222E-01,0.689122E-01,26.7230,0.752161E-01,-9999,0.138665E-01,0,-9999,-9999,-9999,-9999,-9999,-9999,-9999,-0.642511E-02,1.01441,-1.21092,1.02600,-9999,-9999,-9999,-9999,-9999,-9999,800000099,800110199,800000099,800001199,800000199,800100199,811110199,811110199,81100,81100,80,81,0,0,0,7,3,0,0.931757E-01,0.413075E-01,0.334114E-02,0.242240E-01,-9999,-9999,-0.988251E-03,-9999,-9999,15.9977,5.65333,255.000,93.7500,-1.39905,98146.4,1.11621
CH-CHA_201201140200.csv,2012-01-14,02:30,14.1041,0,36000,36000,-0.427310E-03,2,0.327267E-03,0.202496E-01,2,0.649659E-01,-9999,-9999,-9999,-9999,-9999,-9999,-9999,-9999,-9999,0.224368,-9999,-9999,-9999,-9999,-9999,-9999,-9999,-9999,-9999,0,-9999,-9999,-9999,-9999,0,276.104,276.104,96559.5,1.21837,1005.20,0.237732E-01,-9999,-9999,-9999,753.358,-9999,-9999,-9999,-9999,0.436008,0.236577E-01,0.182733E-01,0.437032,0.214694E-13,-0.566642E-14,0.437032,1.14158,181.870,3.10581,2.39637,-9999,0.187276E-01,0.368772E-01,-27.5442,-0.729737E-01,-9999,-0.882882E-03,0,-9999,-9999,-9999,-9999,-9999,-9999,-9999,-0.418638E-03,1.02072,0.197600E-01,1.02478,-9999,-9999,-9999,-9999,-9999,-9999,800000099,800110199,800000099,800001199,800000199,800110199,811110199,811110199,80000,80100,80,81,0,16,0,13,17,0,0.469668E-01,0.242431E-01,0.254450E-02,0.608881E-02,-9999,-9999,0.161344E-04,-9999,-9999,16.0000,5.59000,255.000,93.7500,-1.23888,98155.0,1.11593
CH-CHA_201201140200.csv,2012-01-14,03:00,14.1249,0,36000,36000,-0.248977E-01,1,0.350309E-02,3.25174,1,0.719739,-9999,-9999,-9999,-9999,-9999,-9999,-9999,-9999,-9999,-0.413898,-9999,-9999,-9999,-9999,-9999,-9999,-9999,-9999,-9999,0,-9999,-9999,-9999,-9999,0,275.852,275.852,96559.5,1.21948,1005.20,0.237515E-01,-9999,-9999,-9999,739.993,-9999,-9999,-9999,-9999,0.121225E-01,0.338503,0.334483E-01,0.340367,0.914964E-13,0.305812E-13,0.340367,1.53808,89.2825,87.9490,5.63964,-9999,0.142887,0.145679,-76.1829,-0.263839E-01,-9999,-0.185651E-01,0,-9999,-9999,-9999,-9999,-9999,-9999,-9999,-0.242997E-01,1.02461,3.16527,1.02732,-9999,-9999,-9999,-9999,-9999,-9999,800000099,800110199,800000099,800001199,800000199,800000199,811110199,811110199,80100,80100,80,81,0,0,1,9,13,0,0.210234,0.768362E-01,0.428752E-02,0.104418E-01,-9999,-9999,0.258216E-02,-9999,-9999,16.0000,5.57500,255.000,93.7500,-1.44536,98166.8,1.11134
CH-CHA_201201140200.csv,2012-01-14,03:30,14.1458,0,36000,36000,-0.472266E-02,1,0.127404E-02,-1.19969,2,0.726645,-9999,-9999,-9999,-9999,-9999,-9999,-9999,-9999,-9999,-0.133383,-9999,-9999,-9999,-9999,-9999,-9999,-9999,-9999,-9999,0,-9999,-9999,-9999,-9999,0,275.771,275.771,96559.5,1.21984,1005.20,0.237445E-01,-9999,-9999,-9999,735.732,-9999,-9999,-9999,-9999,-0.393201,-0.292182,0.331681E-01,0.490996,0.472796E-14,0.343301E-14,0.490996,1.47180,324.997,216.615,3.87343,-9999,0.622216E-01,0.916129E-01,17.0511,0.117881,-9999,0.157244E-01,0,-9999,-9999,-9999,-9999,-9999,-9999,-9999,-0.464863E-02,1.01592,-1.16540,1.02942,-9999,-9999,-9999,-9999,-9999,-9999,800000099,800010199,800000099,800001199,800000199,800000199,811110199,811110199,80000,80000,80,81,2,4,2,11,17,0,0.104988,0.728238E-01,0.541360E-02,0.176104E-01,-9999,-9999,-0.950430E-03,-9999,-9999,16.0000,5.56722,255.000,93.7500,-1.23374,98184.0,1.11266
CH-CHA_201201140200.csv,2012-01-14,04:00,14.1666,0,36000,36000,-0.668013E-02,1,0.195104E-02,2.07308,1,0.532089,-9999,-9999,-9999,-9999,-9999,-9999,-9999,-9999,-9999,-0.580074,-9999,-9999,-9999,-9999,-9999,-9999,-9999,-9999,-9999,0,-9999,-9999,-9999,-9999,0,275.418,275.418,96559.5,1.22141,1005.19,0.237141E-01,-9999,-9999,-9999,717.476,-9999,-9999,-9999,-9999,-0.142285,0.123497,0.274525E-01,0.190395,0.532432E-13,-0.908839E-14,0.190395,1.05835,48.5870,139.043,8.29022,-9999,0.739541E-01,0.689530E-01,-16.5679,-0.121319,-9999,-0.228320E-01,0,-9999,-9999,-9999,-9999,-9999,-9999,-9999,-0.643821E-02,1.03758,2.00112,1.03596,-9999,-9999,-9999,-9999,-9999,-9999,800000099,800001199,800000099,800001199,800000199,800000199,811110199,811110199,80000,80000,80,81,0,7,0,10,11,0,0.755496E-01,0.565456E-01,0.581084E-02,0.131259E-01,-9999,-9999,0.162991E-02,-9999,-9999,15.9903,5.60667,255.000,93.7500,-1.03115,98171.9,1.11323
CH-CHA_201201140200.csv,2012-01-14,04:30,14.1874,0,36000,36000,-0.120510E-01,1,0.330336E-02,4.45084,0,0.778993,-9999,-9999,-9999,-9999,-9999,-9999,-9999,-9999,-9999,-0.128823,-9999,-9999,-9999,-9999,-9999,-9999,-9999,-9999,-9999,0,-9999,-9999,-9999,-9999,0,275.340,275.340,96559.5,1.22175,1005.19,0.237074E-01,-9999,-9999,-9999,713.478,-9999,-9999,-9999,-9999,-0.837680,-0.900360E-01,0.682392E-01,0.845264,-0.385895E-13,0.398356E-14,0.845264,2.50434,0.374252,186.135,4.63060,-9999,0.993161E-01,0.174161,-18.6902,-0.107543,-9999,-0.364913E-01,0,-9999,-9999,-9999,-9999,-9999,-9999,-9999,-0.118856E-01,1.01392,4.36064,1.02069,-9999,-9999,-9999,-9999,-9999,-9999,800000099,800000199,800000099,800001199,800000199,800100199,800110199,811110199,81000,81000,80,81,0,2,2,3,9,0,0.206718,0.123260,0.183455E-01,0.108867E-01,-9999,-9999,0.355073E-02,-9999,-9999,16.0000,5.45833,255.000,93.7500,-0.925027,98159.0,1.11181
CH-CHA_201201140200.csv,2012-01-14,05:00,14.2082,0,36000,36000,-0.680125E-02,1,0.195575E-02,3.94277,0,0.690232,-9999,-9999,-9999,-9999,-9999,-9999,-9999,-9999,-9999,-0.518140E-01,-9999,-9999,-9999,-9999,-9999,-9999,-9999,-9999,-9999,0,-9999,-9999,-9999,-9999,0,275.308,275.308,96559.5,1.22189,1005.19,0.237047E-01,-9999,-9999,-9999,711.876,-9999,-9999,-9999,-9999,-0.756708,0.465371E-02,0.695217E-01,0.759909,0.210646E-13,-0.865890E-14,0.759909,2.18511,10.7757,179.648,5.24915,-9999,0.746067E-01,0.158845,-8.94391,-0.224734,-9999,-0.430271E-01,0,-9999,-9999,-9999,-9999,-9999,-9999,-9999,-0.670253E-02,1.01473,3.86126,1.02111,-9999,-9999,-9999,-9999,-9999,-9999,800000099,800000199,800000099,800001199,800000199,800000199,811110199,811110199,81000,81000,80,81,3,1,3,15,11,2,0.164989,0.133490,0.192109E-01,0.760386E-02,-9999,-9999,0.314374E-02,-9999,-9999,15.9829,9.62778,255.000,93.7500,-1.07800,98136.2,1.11234
CH-CHA_201201140200.csv,2012-01-14,05:30,14.2291,0,36000,36000,-0.915564E-02,1,0.837959E-03,7.38146,1,1.29346,-9999,-9999,-9999,-9999,-9999,-9999,-9999,-9999,-9999,-0.800377,-9999,-9999,-9999,-9999,-9999,-9999,-9999,-9999,-9999,0,-9999,-9999,-9999,-9999,0,274.822,274.822,96559.5,1.22405,1005.18,0.236628E-01,-9999,-9999,-9999,687.566,-9999,-9999,-9999,-9999,-0.262530,-0.313101,0.161014E-01,0.408918,0.105576E-12,-0.651853E-14,0.408918,1.53577,308.245,230.021,2.25664,-9999,0.864856E-01,0.116812,-7.44188,-0.270093,-9999,-0.693669E-01,0,-9999,-9999,-9999,-9999,-9999,-9999,-9999,-0.896145E-02,1.02167,7.19864,1.02540,-9999,-9999,-9999,-9999,-9999,-9999,800000099,800001199,800000099,800001199,800010199,800010199,811110199,811110199,80100,80100,80,81,0,3,0,8,12,0,0.782116E-01,0.147454,0.795948E-02,0.387176E-01,-9999,-9999,0.585066E-02,-9999,-9999,15.9942,6.71222,255.000,93.7500,-1.01018,98104.7,1.11033
CH-CHA_201201140200.csv,2012-01-14,06:00,14.2499,0,36000,36000,-0.986772E-02,1,0.206596E-02,-0.430074E-01,2,0.759365,-9999,-9999,-9999,-9999,-9999,-9999,-9999,-9999,-9999,-0.793108,-9999,-9999,-9999,-9999,-9999,-9999,-9999,-9999,-9999,0,-9999,-9999,-9999,-9999,0,274.342,274.342,96559.5,1.22620,1005.18,0.236215E-01,-9999,-9999,-9999,664.246,-9999,-9999,-9999,-9999,-0.510929,-0.346104,0.442889E-01,0.618707,0.835695E-13,-0.981836E-14,0.618707,1.70452,336.171,214.114,4.10492,-9999,0.897073E-01,0.111630,1425.38,0.141015E-02,-9999,0.388967E-03,0,-9999,-9999,-9999,-9999,-9999,-9999,-9999,-0.975160E-02,1.01191,-0.421711E-01,1.01983,-9999,-9999,-9999,-9999,-9999,-9999,800000099,800010199,800000099,800001199,800000199,800000199,811110199,811110199,81100,81100,80,81,0,5,0,4,11,4,0.125554,0.894532E-01,0.825160E-02,0.239604E-01,-9999,-9999,-0.342146E-04,-9999,-9999,15.9942,5.89222,255.000,93.7500,-1.22198,98100.2,1.10523
CH-CHA_201201140200.csv,2012-01-14,06:30,14.2707,0,36000,36000,-0.132578E-01,1,0.281613E-02,-3.34856,2,1.78893,-9999,-9999,-9999,-9999,-9999,-9999,-9999,-9999,-9999,-0.453023,-9999,-9999,-9999,-9999,-9999,-9999,-9999,-9999,-9999,0,-9999,-9999,-9999,-9999,0,274.067,274.067,96559.5,1.22743,1005.17,0.235978E-01,-9999,-9999,-9999,651.255,-9999,-9999,-9999,-9999,-0.263814,0.124270,0.349600E-01,0.293706,-0.124566E-12,0.134499E-13,0.293706,1.37684,38.9343,154.777,6.83616,-9999,0.103929,0.102670,28.4672,0.706075E-01,-9999,0.261146E-01,0,-9999,-9999,-9999,-9999,-9999,-9999,-9999,-0.130290E-01,1.01756,-3.25915,1.02743,-9999,-9999,-9999,-9999,-9999,-9999,800000099,800000199,800000099,800001199,800000199,800000199,811110199,811110199,81000,81000,80,81,4,0,0,21,7,0,0.957389E-01,0.101250,0.835152E-02,0.351771E-01,-9999,-9999,-0.264161E-02,-9999,-9999,16.0000,5.75278,255.000,93.7500,-1.43786,98099.8,1.10223
CH-CHA_201201140200.csv,2012-01-14,07:00,14.2916,0,36000,36000,0.247359E-02,1,0.119922E-02,5.65301,0,1.47132,-9999,-9999,-9999,-9999,-9999,-9999,-9999,-9999,-9999,-0.533752,-9999,-9999,-9999,-9999,-9999,-9999,-9999,-9999,-9999,0,-9999,-9999,-9999,-9999,0,273.745,273.745,96559.5,1.22887,1005.17,0.235701E-01,-9999,-9999,-9999,636.255,-9999,-9999,-9999,-9999,-0.625319,-0.341662,0.515226E-01,0.714431,0.278844E-13,-0.692614E-14,0.714431,2.68513,338.867,208.651,4.13559,-9999,0.448653E-01,0.767632E-01,-1.35656,-1.48169,-9999,-0.102006,0,-9999,-9999,-9999,-9999,-9999,-9999,-9999,0.243645E-02,1.01524,5.53458,1.02140,-9999,-9999,-9999,-9999,-9999,-9999,800000099,800000199,800000099,800001199,801110199,801110199,811110199,811110199,81000,81000,80,81,2,4,4,7,12,0,0.882377E-01,0.586576E-01,0.663106E-02,0.713700E-01,-9999,-9999,0.448063E-02,-9999,-9999,15.9860,5.92000,255.000,93.7500,-1.93285,98100.2,1.09304
CH-CHA_201201140200.csv,2012-01-14,07:30,14.3124,0,36000,36000,-0.103284E-01,1,0.207911E-02,1.05812,1,1.93698,-9999,-9999,-9999,-9999,-9999,-9999,-9999,-9999,-9999,-3.23604,-9999,-9999,-9999,-9999,-9999,-9999,-9999,-9999,-9999,0,-9999,-9999,-9999,-9999,0,271.802,271.802,96559.5,1.23766,1005.14,0.234028E-01,-9999,-9999,-9999,552.255,-9999,-9999,-9999,-9999,-0.245650,-0.364994,0.309011E-01,0.441044,-0.393686E-13,0.122222E-13,0.441044,1.30798,314.922,236.058,4.01764,-9999,0.913517E-01,0.632707E-01,-61.1773,-0.328553E-01,-9999,-0.931089E-02,0,-9999,-9999,-9999,-9999,-9999,-9999,-9999,-0.101201E-01,1.02059,1.03262,1.02470,-9999,-9999,-9999,-9999,-9999,-9999,800000099,800000199,800000099,800001199,800000199,800000199,811110099,811110099,80100,81100,80,81,0,2,0,4,18,7,0.883021E-01,0.326826E-01,0.555679E-02,0.427039,-9999,-9999,0.830064E-03,-9999,-9999,15.9957,5.69833,255.000,93.7500,-2.33232,98098.7,1.08950
CH-CHA_201201140200.csv,2012-01-14,08:00,14.3332,0,36000,36000,-0.739636E-02,0,0.856136E-03,5.77751,0,0.887838,-9999,-9999,-9999,-9999,-9999,-9999,-9999,-9999,-9999,1.30728,-9999,-9999,-9999,-9999,-9999,-9999,-9999,-9999,-9999,0,-9999,-9999,-9999,-9999,0,272.589,272.589,96559.5,1.23408,1005.15,0.234705E-01,-9999,-9999,-9999,585.021,-9999,-9999,-9999,-9999,-0.728581,-0.117667,0.851650E-01,0.742919,-0.728087E-14,0.406613E-14,0.742919,2.20120,358.882,189.174,6.58261,-9999,0.774171E-01,0.926115E-01,-6.81945,-0.294745,-9999,-0.601628E-01,0,-9999,-9999,-9999,-9999,-9999,-9999,-9999,-0.728767E-02,1.01491,5.65749,1.02121,-9999,-9999,-9999,-9999,-9999,-9999,800000099,800000199,800000099,800001199,800000199,800000199,810110199,811110199,81000,81000,80,81,11,5,1,5,8,0,0.744999E-01,0.100452,0.102716E-01,0.153577E-01,-9999,-9999,0.456087E-02,-9999,-9999,15.9957,5.69111,255.000,93.7500,-2.10217,98099.4,1.09012
CH-CHA_201201140800.csv,2012-01-14,08:30,14.3541,1,36000,36000,-0.741056E-02,0,0.167709E-02,2.10534,0,0.511495,-9999,-9999,-9999,-9999,-9999,-9999,-9999,-9999,-9999,-0.583136,-9999,-9999,-9999,-9999,-9999,-9999,-9999,-9999,-9999,0,-9999,-9999,-9999,-9999,0,272.238,272.238,96559.5,1.23567,1005.15,0.234404E-01,-9999,-9999,-9999,570.217,-9999,-9999,-9999,-9999,-0.912800,-0.788641E-01,0.105527,0.922258,-0.881752E-13,-0.488340E-14,0.922258,1.90838,5.36251,184.938,6.57033,-9999,0.774415E-01,0.137397,-18.7317,-0.107305,-9999,-0.218885E-01,0,-9999,-9999,-9999,-9999,-9999,-9999,-9999,-0.731309E-02,1.01333,2.06325,1.02040,-9999,-9999,-9999,-9999,-9999,-9999,800000099,800000199,800000099,800001199,800000199,800000199,801110099,811110099,81000,81000,80,81,0,4,0,0,6,0,0.873045E-01,0.176375,0.111150E-01,0.209522E-01,-9999,-9999,0.166119E-02,-9999,-9999,15.9852,5.76222,255.000,93.7500,-2.47646,98099.2,1.08365
CH-CHA_201201140800.csv,2012-01-14,09:00,14.3749,1,36000,36000,-0.122414E-01,0,0.242804E-02,-32.7664,0,9.28444,-9999,-9999,-9999,-9999,-9999,-9999,-9999,-9999,-9999,-1.19219,-9999,-9999,-9999,-9999,-9999,-9999,-9999,-9999,-9999,0,-9999,-9999,-9999,-9999,0,271.523,271.523,96559.5,1.23893,1005.14,0.233788E-01,-9999,-9999,-9999,541.055,-9999,-9999,-9999,-9999,-0.685839,-0.270103,0.778946E-01,0.741214,-0.863343E-13,0.296173E-14,0.741214,2.09859,340.789,201.496,6.03238,-9999,0.994015E-01,0.135958,2.54521,0.789718,-9999,0.264706,0,-9999,-9999,-9999,-9999,-9999,-9999,-9999,-0.118152E-01,1.03608,-30.5293,1.07328,-9999,-9999,-9999,-9999,-9999,-9999,800000099,800000199,800000099,800001199,800110099,800110099,801110199,811110199,81000,81000,80,81,8,15,16,24,10,7,0.147102,0.107103,0.177102E-01,1.03447,-9999,-9999,-0.245158E-01,-9999,-9999,15.9981,5.61278,255.000,93.7500,-2.49318,98099.9,1.08506
CH-CHA_201201140800.csv,2012-01-14,09:30,14.3957,1,36000,36000,-0.567869E-02,0,0.750119E-03,1.35696,0,1.20566,-9999,-9999,-9999,-9999,-9999,-9999,-9999,-9999,-9999,-0.100742,-9999,-9999,-9999,-9999,-9999,-9999,-9999,-9999,-9999,0,-9999,-9999,-9999,-9999,0,271.463,271.463,96559.5,1.23920,1005.14,0.233736E-01,-9999,-9999,-9999,538.653,-9999,-9999,-9999,-9999,-0.546462,-0.561329,0.489981E-01,0.784928,-0.938825E-14,0.491366E-16,0.784928,2.93493,321.918,225.769,3.57894,-9999,0.676944E-01,0.667382E-01,-19.4117,-0.103546,-9999,-0.160934E-01,0,-9999,-9999,-9999,-9999,-9999,-9999,-9999,-0.559768E-02,1.01447,1.32909,1.02097,-9999,-9999,-9999,-9999,-9999,-9999,800000099,800000199,800000099,800001199,800110199,800110199,811110199,811110199,81100,81100,80,80,14,17,12,23,13,0,0.743644E-01,0.464328E-01,0.126792E-01,0.275400,-9999,-9999,0.106706E-02,-9999,-9999,15.9887,5.73444,255.000,93.7500,-1.73462,98098.5,1.08978
CH-CHA_201201140800.csv,2012-01-14,10:00,14.4166,1,36000,36000,-0.345809E-02,1,0.725191E-03,-3.73620,2,7.09705,-9999,-9999,-9999,-9999,-9999,-9999,-9999,-9999,-9999,-0.289721,-9999,-9999,-9999,-9999,-9999,-9999,-9999,-9999,-9999,0,-9999,-9999,-9999,-9999,0,271.289,271.289,96559.5,1.24000,1005.13,0.233586E-01,-9999,-9999,-9999,531.802,-9999,-9999,-9999,-9999,-0.282172,-0.399917,0.262553E-01,0.490147,0.724515E-13,0.879512E-14,0.490147,3.11411,306.516,234.794,3.07058,-9999,0.528090E-01,0.942050E-01,3.34708,0.600523,-9999,0.567646E-01,0,-9999,-9999,-9999,-9999,-9999,-9999,-9999,-0.335423E-02,1.03096,-3.51726,1.06225,-9999,-9999,-9999,-9999,-9999,-9999,800000099,800000199,800000099,800001199,800110199,800110199,811100199,811110199,81100,81100,80,80,29,26,14,19,6,0,0.862618E-01,0.846293E-01,0.175190E-01,0.828059,-9999,-9999,-0.282202E-02,-9999,-9999,15.9973,5.44333,255.000,93.7500,-0.645662,98095.9,1.09797
CH-CHA_201201140800.csv,2012-01-14,10:30,14.4374,1,36000,36000,0.442200E-02,0,0.165257E-02,26.5293,0,5.33173,-9999,-9999,-9999,-9999,-9999,-9999,-9999,-9999,-9999,2.37903,-9999,-9999,-9999,-9999,-9999,-9999,-9999,-9999,-9999,0,-9999,-9999,-9999,-9999,0,272.722,272.722,96559.5,1.23348,1005.15,0.234820E-01,-9999,-9999,-9999,590.743,-9999,-9999,-9999,-9999,-0.743869,-0.840167,0.788097E-01,1.12491,0.267995E-13,0.867908E-14,1.12491,2.23797,319.403,228.479,4.01734,-9999,0.598747E-01,0.947400E-01,-0.687045,-2.92557,-9999,-0.357370,0,-9999,-9999,-9999,-9999,-9999,-9999,-9999,0.436866E-02,1.01221,26.0094,1.01999,-9999,-9999,-9999,-9999,-9999,-9999,800000099,800000199,800000099,800001199,800010099,800010199,800000199,811100199,80000,80000,80,80,8,1,1,13,7,0,0.931142E-01,0.785011E-01,0.178648E-01,0.580570,-9999,-9999,0.209781E-01,-9999,-9999,15.9965,0.286667,255.000,93.7500,1.23369,98066.7,1.10927
CH-CHA_201201140800.csv,2012-01-14,11:00,14.4582,1,36000,36000,-0.722637E-02,0,0.200896E-02,27.2057,0,4.76358,-9999,-9999,-9999,-9999,-9999,-9999,-9999,-9999,-9999,2.98602,-9999,-9999,-9999,-9999,-9999,-9999,-9999,-9999,-9999,0,-9999,-9999,-9999,-9999,0,274.533,274.533,96559.5,1.22534,1005.18,0.236379E-01,-9999,-9999,-9999,673.448,-9999,-9999,-9999,-9999,-0.151030,-0.676344,0.480867E-01,0.694668,-0.613772E-13,-0.492283E-14,0.694668,1.89190,281.987,257.412,3.96933,-9999,0.767946E-01,0.141359,-1.41359,-1.42191,-9999,-0.287626,0,-9999,-9999,-9999,-9999,-9999,-9999,-9999,-0.711614E-02,1.01549,26.6321,1.02154,-9999,-9999,-9999,-9999,-9999,-9999,800000099,800000199,800000099,800001199,800000199,800000199,801000199,811100199,81100,81100,80,81,4,1,0,13,2,0,0.123580,0.142642,0.164964E-01,0.494581,-9999,-9999,0.216224E-01,-9999,-9999,15.9981,0.248889,255.000,93.7500,3.33832,98020.1,1.12352
CH-CHA_201201140800.csv,2012-01-14,11:30,14.4790,1,36000,36000,-0.346042E-02,0,0.747999E-03,29.0717,0,3.39420,-9999,-9999,-9999,-9999,-9999,-9999,-9999,-9999,-9999,1.13759,-9999,-9999,-9999,-9999,-9999,-9999,-9999,-9999,-9999,0,-9999,-9999,-9999,-9999,0,275.225,275.225,96559.5,1.22227,1005.19,0.236975E-01,-9999,-9999,-9999,707.645,-9999,-9999,-9999,-9999,-0.322407,-0.495224,0.399053E-01,0.592271,0.335294E-13,0.743964E-14,0.592271,1.65780,305.140,236.935,3.86333,-9999,0.532086E-01,0.100636,-0.440018,-4.56799,-9999,-0.444709,0,-9999,-9999,-9999,-9999,-9999,-9999,-9999,-0.340248E-02,1.01703,28.4332,1.02246,-9999,-9999,-9999,-9999,-9999,-9999,800000099,800000199,800000099,800001199,800000099,800011199,800100199,811110199,80000,80000,80,81,9,0,0,25,2,0,0.108404,0.740344E-01,0.188339E-01,0.209375,-9999,-9999,0.231427E-01,-9999,-9999,15.9914,0.487222,255.000,93.7500,4.12415,98004.1,1.13615
CH-CHA_201201140800.csv,2012-01-14,12:00,14.4999,1,36000,36000,-0.149127E-01,0,0.297348E-02,40.8401,0,5.26574,-9999,-9999,-9999,-9999,-9999,-9999,-9999,-9999,-9999,0.846303,-9999,-9999,-9999,-9999,-9999,-9999,-9999,-9999,-9999,0,-9999,-9999,-9999,-9999,0,275.740,275.740,96559.5,1.21998,1005.20,0.237419E-01,-9999,-9999,-9999,734.123,-9999,-9999,-9999,-9999,-0.962922,-0.771284,0.109416,1.23858,-0.153033E-12,-0.334396E-14,1.23858,2.32646,328.249,218.694,5.06814,-9999,0.110561,0.164842,-2.81008,-0.715283,-9999,-0.301218,0,-9999,-9999,-9999,-9999,-9999,-9999,-9999,-0.147391E-01,1.01178,40.0431,1.01991,-9999,-9999,-9999,-9999,-9999,-9999,800000099,800000199,800000099,800001199,800000099,800000199,800000199,801100199,81000,81000,80,81,4,4,3,9,0,0,0.151492,0.151421,0.267718E-01,0.406059,-9999,-9999,0.326531E-01,-9999,-9999,15.9953,0.318333,255.000,93.7500,5.68443,97990.2,1.14278
CH-CHA_201201140800.csv,2012-01-14,12:30,14.5207,1,36000,36000,-0.262667E-02,1,0.104556E-02,38.5315,0,3.47761,-9999,-9999,-9999,-9999,-9999,-9999,-9999,-9999,-9999,1.56261,-9999,-9999,-9999,-9999,-9999,-9999,-9999,-9999,-9999,0,-9999,-9999,-9999,-9999,0,276.695,276.695,96559.5,1.21577,1005.21,0.238241E-01,-9999,-9999,-9999,785.507,-9999,-9999,-9999,-9999,-0.917905,-0.303383,0.683822E-01,0.969158,0.233485E-13,0.234265E-14,0.969158,2.27767,350.048,198.290,4.04606,-9999,0.464812E-01,0.109863,-0.221321,-9.08183,-9999,-0.678312,0,-9999,-9999,-9999,-9999,-9999,-9999,-9999,-0.259291E-02,1.01302,37.7660,1.02027,-9999,-9999,-9999,-9999,-9999,-9999,800000099,800000199,800000099,800001199,800000199,800000199,800000199,811100199,81000,81000,80,80,0,1,0,27,0,0,0.124855,0.728314E-01,0.220385E-01,0.180546,-9999,-9999,0.309024E-01,-9999,-9999,16.0000,0.237778,255.000,93.7500,6.97524,97936.9,1.15850
CH-CHA_201201140800.csv,2012-01-14,13:00,14.5415,1,36000,36000,-0.178621E-01,0,0.308056E-02,36.8019,0,4.19226,-9999,-9999,-9999,16.2375,2,33.6130,-9999,-9999,-9999,2.62544,-9999,-9999,-9999,0.516767E-10,-9999,29.6254,709.916,709.916,7.00000,0,-9999,-9999,-9999,-9999,0,278.309,278.309,96559.5,1.20872,1005.24,0.239630E-01,-9999,-9999,-9999,879.599,-9999,-9999,-9999,-9999,-1.49822,-0.391321,0.944914E-01,1.55136,0.401637E-14,0.174433E-14,1.55136,3.59951,351.994,194.638,3.49198,-9999,0.121563,0.176217,-4.14530,-0.484886,-9999,-0.249157,0,-9999,-9999,-9999,-9999,-9999,-9999,-9999,-0.176670E-01,1.01104,36.0785,1.02005,-9999,-9999,11.0861,1.17385,-9999,-9999,800000099,800000099,800000099,800000199,800000199,800000199,800000199,801000199,80000,80000,80,81,4,4,0,23,0,0,0.236119,0.852691E-01,0.310458E-01,0.477726,15.5743,-9999,0.296930E-01,0.110861E-01,-9999,15.9949,0.375000,255.000,93.7500,9.70766,97896.1,1.17356
CH-CHA_201201140800.csv,2012-01-14,13:30,14.5624,1,36000,36000,-0.263526E-01,0,0.358839E-02,45.5632,0,5.41795,-9999,-9999,-9999,-3.95401,1,2.87841,-9999,-9999,-9999,3.27448,-9999,-10.2877,-9999,-0.306297E-10,-9999,21.7592,525.214,525.214,0.300000,0,-9999,-9999,-9999,-9999,0,280.336,280.336,96559.5,1.19998,1005.27,0.241376E-01,-9999,-9999,-9999,1011.82,-9999,-9999,-9999,-9999,-1.79930,-0.418596,0.128557,1.85181,-0.370694E-14,-0.140767E-14,1.85181,3.55688,355.128,193.097,3.98080,-9999,0.148192,0.223046,-6.06587,-0.331362,-9999,-0.254878,0,-9999,-9999,-9999,-9999,-9999,-9999,-9999,-0.260726E-01,1.01074,44.6465,1.02053,-9999,-9999,-5.85380,1.17628,-9999,-9999,800000099,800000199,800000099,800000199,800000199,800000199,800000199,800000199,81100,81100,80,80,0,2,1,9,11,0,0.199987,0.203555,0.425516E-01,0.433541,0.189525,-9999,0.370109E-01,-0.585380E-02,-9999,15.9977,0.175556,254.308,89.4281,9.92751,97874.3,1.18184
CH-CHA_201201140800.csv,2012-01-14,14:00,14.5832,1,36000,36000,-0.259890E-01,0,0.436337E-02,39.5650,0,5.49218,-38.3979,1,7.00710,-8.26500,0,4.20675,-0.859912,1,0.156922,3.46148,-9999,-1.37385,-9999,-0.276821E-09,-0.437019E-12,20.5656,500.352,500.748,0.200000,0,32.4669,0.789908,0.790533,0.150000,0,282.566,282.496,96559.5,1.19045,1005.73,0.243296E-01,-0.557223E-01,0.585054E-03,76.2745,1171.65,0.491456E-03,6.50999,1095.38,247.546,-1.91384,-0.161624,0.125568,1.92475,0.291839E-13,-0.134604E-13,1.92475,4.18121,2.56952,184.827,3.74057,-9999,0.147754,0.328599,-6.92483,-0.290260,-1.03039,-0.223654,0,-9999,-9999,-9999,-9999,-9999,-9999,-9999,-0.257138E-01,1.01070,36.8572,1.02069,-32.7433,1.17695,-8.70087,1.17695,-0.733278,1.17695,800000099,800000199,800000099,800000199,800000099,800001199,800000199,800010199,81000,81100,80,80,4,6,7,22,17,0,0.351675,0.245808,0.597155E-01,0.393825,0.212775,598.657,0.307842E-01,-0.870087E-02,-0.733278,15.9899,4.19889,253.000,81.2500,10.4228,97816.9,1.20818
CH-CHA_201201141400.csv,2012-01-14,14:30,14.6040,1,36000,36000,-0.801840E-02,1,0.181151E-02,21.4383,1,2.92242,-9999,-9999,-9999,-15.4412,1,14.8239,-9999,-9999,-9999,2.58715,-9999,1.39942,-9999,-0.777747E-10,-9999,21.4941,525.816,525.816,0.300000,0,-9999,-9999,-9999,-9999,0,284.119,284.119,96559.5,1.18400,1005.35,0.244633E-01,-9999,-9999,-9999,1306.06,-9999,-9999,-9999,-9999,-1.14718,0.132887,0.790288E-01,1.15755,-0.249787E-12,-0.361842E-14,1.15755,3.86907,17.4726,173.392,3.91476,-9999,0.822939E-01,0.518286,-2.20789,-0.910371,-9999,-0.218854,0,-9999,-9999,-9999,-9999,-9999,-9999,-9999,-0.792274E-02,1.01207,21.0188,1.01995,-9999,-9999,-14.3400,1.17181,-9999,-9999,800000099,800000199,800000099,800000199,800000199,800001199,800010199,800110199,81000,81000,80,81,2,0,2,26,1,1,0.355406,0.630642,0.505240E-01,0.100041,2.01375,-9999,0.176580E-01,-0.143400E-01,-9999,16.0000,12.7239,252.087,75.5410,11.6435,97794.7,1.23691
CH-CHA_201201141400.csv,2012-01-14,15:00,14.6249,1,36000,36000,-0.317036E-01,1,0.436872E-02,10.3788,0,1.90034,-11.3582,1,25.3851,17.4021,1,35.1788,-0.254909,1,0.569711,0.971027,-9999,-1.14550,-9999,0.381892E-10,0.200254E-12,20.5780,504.910,506.251,10.0000,0,107.905,2.64761,2.65464,8.60000,0,284.969,284.729,96559.5,1.18028,1006.77,0.245365E-01,-0.165181E-01,0.194445E-02,255.506,1359.98,0.164744E-02,18.7875,1104.47,261.716,-1.22452,0.766066,0.108598,1.44849,0.559910E-14,0.185583E-14,1.44849,4.18915,41.9218,147.970,4.29970,-9999,0.163893,0.521942,-36.0397,-0.557718E-01,-0.913776,-0.532929E-01,0,-9999,-9999,-9999,-9999,-9999,-9999,-9999,-0.313516E-01,1.01123,9.60505,1.01995,-9.78174,1.17317,14.4050,1.17317,-0.219529,1.17317,800000099,800000099,800000099,800000199,800000099,800001099,800010199,800010199,81100,81100,80,80,2,4,2,41,13,11,0.540603,0.436921,0.663601E-01,0.449965E-01,12.3710,3189.51,0.808316E-02,0.144050E-01,-0.219529,16.0000,9.79500,249.522,59.5102,11.6927,97783.4,1.24583
CH-CHA_201201141400.csv,2012-01-14,15:30,14.6457,1,36000,36000,-0.580319E-01,0,0.925706E-02,-11.9823,2,4.53202,40.2594,0,4.82101,-2.78582,1,0.486135,0.903848,0,0.108235,0.582995,2.50541,-4.47460,0.562480E-01,-0.643652E-09,-0.559171E-11,17.2166,423.116,424.677,0.100000,0,149.568,3.67581,3.68937,0.100000,0,285.429,285.096,96559.5,1.17831,1007.34,0.245761E-01,0.585693E-01,0.269522E-02,354.615,1393.32,0.228737E-02,25.4512,1038.70,265.885,-1.09009,0.835449,0.988269E-01,1.37697,-0.306046E-14,-0.373856E-13,1.37697,4.91135,46.8171,142.533,4.11573,-9999,0.221924,0.506583,77.5159,0.259302E-01,-0.297628,0.454888E-01,0,25.7296,-3.90456,8.83213,21.9933,33.5411,47.0419,70.4773,-0.574278E-01,1.01052,-9.77546,1.02147,33.1484,1.21718,-2.10179,1.21718,0.744202,1.21718,800000099,800000099,800000099,800000099,800000099,800011099,800010199,800110199,81100,81100,80,81,6,16,1,19,36,7,0.517793,0.417112,0.782621E-01,0.791398E-01,0.325142E-02,74.7911,-0.823577E-02,-0.210179E-02,0.744202,16.0000,9.36056,249.000,56.2500,11.2126,97793.4,1.24595
CH-CHA_201201141400.csv,2012-01-14,16:00,14.6665,1,36000,36000,-0.253904E-01,0,0.521721E-02,-8.73454,0,2.02785,17.8203,0,2.10143,-2.30509,0,0.255559,0.400307,0,0.472054E-01,0.949566,-0.376247,-0.609209E-01,-0.845182E-02,-0.116058E-09,-0.968338E-12,17.1360,422.000,423.491,0.100000,0,142.976,3.52099,3.53343,0.100000,0,286.014,285.695,96559.5,1.17591,1007.26,0.246265E-01,0.259399E-01,0.257642E-02,339.697,1449.31,0.219101E-02,23.4385,1109.61,265.330,-0.643522,0.853233,0.783981E-01,1.07157,-0.633652E-13,-0.677274E-14,1.07157,3.33468,63.6459,127.024,4.19560,-9999,0.146943,0.403845,30.8687,0.651145E-01,-0.490145,0.501852E-01,0,-9999,-9999,-9999,-9999,-9999,-9999,-9999,-0.250876E-01,1.01207,-7.68189,1.02419,14.3751,1.24674,-1.62949,1.24674,0.322915,1.24674,800000099,800000099,800000099,800000099,800001099,800001199,800010199,800110199,80000,81100,80,80,3,17,1,42,99,75,0.326408,0.425598,0.556831E-01,0.289129E-01,0.732293E-03,24.9717,-0.648562E-02,-0.162949E-02,0.322915,15.9883,2.66556,249.000,56.2500,9.62805,97799.8,1.24098
CH-CHA_201201141400.csv,2012-01-14,16:30,14.6873,1,36000,36000,0.125598E-01,1,0.440715E-02,-16.3793,0,3.54001,14.5853,0,2.43566,-0.412396,1,0.325680,0.327780,0,0.547375E-01,0.725351,0.639696E-01,0.792335E-01,0.143761E-02,-0.586787E-10,-0.491565E-12,17.1674,423.454,424.961,6.80000,0,143.815,3.54737,3.56000,0.150000,0,286.475,286.153,96559.5,1.17401,1007.29,0.246662E-01,0.212401E-01,0.259155E-02,342.238,1493.47,0.220743E-02,22.9157,1151.23,265.426,-0.838593,0.547471,0.248735E-01,1.00179,0.645219E-13,-0.341803E-14,1.00179,4.48703,39.9354,146.862,1.42275,-9999,0.103432,0.264289,5.74103,0.350111,-1.12301,0.133910,0,-9999,-9999,-9999,-9999,-9999,-9999,-9999,0.122907E-01,1.02190,-15.0837,1.04502,10.1834,1.45761,0.192017,1.45761,0.228854,1.45761,800000099,800000099,800000099,800000099,800001099,811101199,801100199,811110199,81100,81100,80,81,1,14,6,19,66,40,0.283754,0.207132,0.376933E-01,0.104356,0.134410E-02,33.7410,-0.127551E-01,0.192017E-03,0.228854,15.9961,3.95111,249.000,56.2500,7.92355,97799.6,1.22945
CH-CHA_201201141400.csv,2012-01-14,17:00,14.7082,0,36000,36000,-0.266811E-02,1,0.667732E-03,-2.84322,0,2.77320,10.7712,0,1.66313,4.04254,0,0.592092,0.242275,0,0.374087E-01,1.42818,0.658525,0.306132,0.148121E-01,-0.339374E-10,-0.302131E-12,17.3395,429.089,430.734,5.50000,0,154.367,3.82001,3.83465,6.15000,0,287.406,287.058,96559.5,1.17019,1007.46,0.247463E-01,0.156994E-01,0.278169E-02,368.510,1584.17,0.237712E-02,23.2620,1215.66,266.384,-0.644874,0.310830,0.445344E-01,0.717259,0.255884E-13,-0.195723E-14,0.717259,2.05973,32.1719,154.266,3.55977,-9999,0.477500E-01,0.720926E-01,3.25431,0.617642,-0.263965,0.505072E-01,0,-9999,-9999,-9999,-9999,-9999,-9999,-9999,-0.259533E-02,1.02804,-2.28372,1.05704,6.83078,1.57928,2.58622,1.57928,0.153644,1.57928,800000099,800000099,800000099,800000099,800001099,800101099,811100199,811100199,81100,81100,80,81,3,1,3,6,47,11,0.695326E-01,0.663702E-01,0.828236E-02,0.416556,0.160614E-01,65.5485,-0.193714E-02,0.258622E-02,0.153644,15.9973,11.3678,249.000,56.2500,3.64536,97803.0,1.19467
CH-CHA_201201141400.csv,2012-01-14,17:30,14.7290,0,36000,36000,-0.226725E-02,1,0.499413E-03,-1.00753,0,0.737411,-2.72018,0,0.658642,3.35017,0,0.999140,-0.611276E-01,0,0.148009E-01,-1.54168,0.456895,0.695383,0.102673E-01,-0.644450E-10,-0.584636E-12,17.9147,441.845,443.624,-0.500000,0,162.519,4.00836,4.02449,-1.00000,0,286.448,286.084,96559.5,1.17409,1007.54,0.246639E-01,-0.396107E-02,0.292860E-02,386.657,1486.77,0.249436E-02,26.0064,1100.12,267.011,-0.426532,0.777692E-01,0.348042E-01,0.434959,0.450373E-13,-0.359733E-14,0.434959,1.35107,19.9673,169.667,4.58955,-9999,0.439439E-01,0.803254E-01,7.15797,0.280806,0.370392,0.193820E-01,0,-9999,-9999,-9999,-9999,-9999,-9999,-9999,-0.221760E-02,1.02239,-1.07809,1.04375,-1.86931,1.43783,2.38587,1.43783,-0.420069E-01,1.43783,800000099,800001199,800000099,800000099,800000099,801000099,810100199,811100199,81100,81100,80,81,0,0,0,0,1,5,0.508381E-01,0.105968,0.384461E-02,0.373833,0.110560,22.9220,-0.911363E-03,0.238587E-02,-0.420069E-01,15.9953,0.813056,249.000,56.2500,0.398473,97838.8,1.15425
CH-CHA_201201141400.csv,2012-01-14,18:00,14.7498,0,36000,36000,0.533821E-02,1,0.217151E-02,0.731777,2,0.726688,-3.00959,1,0.948303,-2.17873,1,0.660320,-0.676153E-01,1,0.213052E-01,-0.387239,-0.330599,-0.119182,-0.742744E-02,-0.252060E-10,-0.221997E-12,17.8421,439.661,441.370,-1.00000,0,157.141,3.87223,3.88728,-1.00000,0,286.191,285.840,96559.5,1.17515,1007.46,0.246418E-01,-0.438147E-02,0.283168E-02,373.541,1463.17,0.240962E-02,25.5295,1089.63,266.560,-0.660716,0.893840E-01,0.359307E-01,0.667702,-0.409865E-13,-0.141273E-14,0.667702,2.12137,26.9033,172.296,3.08472,-9999,0.673986E-01,0.166281,-35.5560,-0.565305E-01,-0.243149,-0.917080E-02,0,-9999,-9999,-9999,-9999,-9999,-9999,-9999,0.525492E-02,1.01585,0.563957,1.02175,-2.56902,1.17285,-1.86521,1.17285,-0.577171E-01,1.17285,800000099,800000099,800000099,800000099,800000099,800100099,811100199,811110199,80100,80100,80,81,0,0,1,3,6,6,0.155406,0.173108,0.404684E-02,0.703081,0.125815,29.6533,0.476349E-03,-0.186521E-02,-0.577171E-01,16.0000,0.346667,249.000,56.2500,-1.19004,97843.0,1.14646
CH-CHA_201201141400.csv,2012-01-14,18:30,14.7707,0,36000,36000,0.551515E-02,1,0.143181E-02,1.87806,2,0.985831,-1.57850,2,0.652865,-4.01738,1,1.08379,-0.354372E-01,2,0.146567E-01,-1.23634,-0.235831,0.618480,-0.529438E-02,-0.131905E-09,-0.110430E-11,18.3514,450.966,452.675,-1.00000,0,153.637,3.77545,3.78976,9.10000,0,285.404,285.062,96559.5,1.17840,1007.39,0.245739E-01,-0.229633E-02,0.276853E-02,364.217,1390.21,0.234939E-02,26.1987,1025.99,266.232,-0.355012,0.190651,0.139128E-01,0.403206,0.505687E-13,-0.718773E-14,0.403206,1.60683,45.0962,151.763,1.97741,-9999,0.684119E-01,0.868736E-01,-14.4881,-0.138734,-1.18977,-0.231253E-01,0,-9999,-9999,-9999,-9999,-9999,-9999,-9999,0.539707E-02,1.02188,1.75231,1.02553,-1.36704,1.17811,-3.48290,1.17811,-0.306899E-01,1.17811,800000099,800000099,800000099,800000099,800100099,800111099,811100199,811110199,81100,81100,80,81,0,1,1,1,6,2,0.975559E-01,0.723711E-01,0.382015E-02,0.361721,0.172281,15.1995,0.147611E-02,-0.348290E-02,-0.306899E-01,16.0000,0.323333,249.000,56.2500,-2.15652,97840.0,1.12529
CH-CHA_201201141400.csv,2012-01-14,19:00,14.7915,0,36000,36000,-0.377812E-03,2,0.202927E-03,-0.237761,2,2.23788,1.40021,1,0.527801,3.03039,1,0.723431,0.314427E-01,1,0.118522E-01,0.434745,-0.252491,-0.537000,-0.566987E-02,-0.286792E-10,-0.238704E-12,17.9349,441.141,442.767,5.30000,0,149.277,3.67172,3.68525,3.05000,0,285.669,285.336,96559.5,1.17732,1007.34,0.245967E-01,0.203749E-02,0.268997E-02,354.222,1415.52,0.228483E-02,25.0241,1061.30,265.871,-0.923319,0.155699,0.632100E-01,0.938486,0.865494E-14,-0.159907E-14,0.938486,1.80017,18.5826,170.428,3.86197,-9999,0.179139E-01,0.873970E-01,2.05473,0.978233,-0.169804,0.111913E-01,0,-9999,-9999,-9999,-9999,-9999,-9999,-9999,-0.364859E-03,1.03550,-0.174001,1.07233,0.806978,1.73454,1.74636,1.73454,0.181213E-01,1.73454,800000099,800000099,800000099,800000099,800000099,800101099,811100199,811110199,81100,81100,80,80,3,1,8,7,20,6,0.523228E-01,0.118071,0.439981E-02,0.639007,0.495677E-01,14.8477,-0.146718E-03,0.174636E-02,0.181213E-01,15.9981,0.411111,249.000,56.2500,-2.52736,97829.0,1.13559
CH-CHA_201201141400.csv,2012-01-14,19:30,14.8123,0,36000,36000,-0.370516E-01,1,0.395390E-02,-26.2637,1,6.11722,5.24729,1,0.981235,11.9303,1,1.86537,0.117779,1,0.220246E-01,-0.740616,-0.133341E-01,0.269375,-0.299294E-03,-0.350800E-09,-0.288329E-11,18.1647,446.061,447.703,6.80000,0,149.299,3.66626,3.67975,9.90000,0,285.202,284.870,96559.5,1.17925,1007.33,0.245565E-01,0.763211E-02,0.269036E-02,353.695,1372.71,0.228143E-02,25.7662,1019.02,265.851,-0.293271,0.296234,0.550071E-01,0.420462,0.354973E-12,-0.193122E-13,0.420462,1.68950,75.8779,134.712,7.51729,-9999,0.177256,0.353411,18.0204,0.111540,-5.00519,0.124733,0,-9999,-9999,-9999,-9999,-9999,-9999,-9999,-0.364552E-01,1.01636,-25.2829,1.02923,4.46069,1.28776,10.3184,1.28776,0.100124,1.28776,800000099,800000099,800000099,800000099,800000099,800100099,811100099,811110199,81100,81100,80,81,17,4,1,6,15,13,0.219175,0.479366,0.828034E-02,0.677663,0.753483E-01,10.0925,-0.212839E-01,0.103184E-01,0.100124,15.9981,0.401111,249.000,56.2500,-2.80023,97823.7,1.13170
CH-CHA_201201141400.csv,2012-01-14,20:00,14.8332,0,36000,36000,0.782464E-02,1,0.124845E-02,-2.31563,1,1.57797,1.13473,1,0.287213,1.81193,1,0.862313,0.254594E-01,1,0.644405E-02,-0.683899,-0.124762,0.346124,-0.279922E-02,0.575722E-10,0.460096E-12,18.4498,452.374,454.015,7.35000,0,147.444,3.61521,3.62832,-1.00000,0,284.767,284.441,96559.5,1.18105,1007.29,0.245191E-01,0.164977E-02,0.265695E-02,348.776,1334.25,0.224965E-02,26.1401,985.477,265.670,0.114425,0.854075E-01,-0.425556E-02,0.142848,0.177989E-12,0.312048E-14,0.142848,0.897329,152.302,36.7379,-1.70714,-9999,0.813952E-01,0.110123,19.7896,0.101569,-2.04069,0.239138E-01,0,-9999,-9999,-9999,-9999,-9999,-9999,-9999,0.763290E-02,1.02512,-2.18946,1.03333,0.912906,1.28776,1.49615,1.28776,0.204824E-01,1.28776,800000099,800100099,800000099,800000099,800000099,801111199,811110199,811110199,81100,81100,80,81,15,0,2,38,15,20,0.672995E-01,0.151198,0.174797E-02,0.127160,0.805131E-01,3.65969,-0.184041E-02,0.149615E-02,0.204824E-01,16.0000,0.354444,249.000,56.2500,-3.28229,97834.1,1.11328
CH-CHA_201201142000.csv,2012-01-14,20:30,14.8540,0,36000,36000,0.294900E-02,1,0.922244E-03,-1.83155,1,0.965148,-8.78423,1,2.40277,-1.51238,2,0.561735,-0.197053,1,0.539003E-01,-0.289536,-2.20055,-0.173260,-0.493641E-01,0.705424E-10,0.426469E-12,18.3380,449.217,450.440,-1.00000,0,110.864,2.71577,2.72316,-0.900000,0,284.504,284.259,96559.5,1.18220,1006.80,0.244965E-01,-0.127690E-01,0.199776E-02,262.077,1318.28,0.168986E-02,19.8802,1056.20,262.033,0.309767,0.310156,0.171257E-01,0.438686,0.770548E-13,0.384679E-14,0.438686,1.12619,142.106,45.0360,2.23732,-9999,0.499449E-01,0.758365E-01,5.77965,0.347772,0.208504,0.308100E-01,0,-9999,-9999,-9999,-9999,-9999,-9999,-9999,0.287547E-02,1.02557,-2.08703,1.05067,-5.79157,1.50799,-0.878422,1.50799,-0.129920,1.50799,800000099,800100099,800000099,800000099,800000099,800010099,811110199,811110199,80100,80100,80,81,0,0,8,4,2,0,0.939047E-01,0.567639E-01,0.100434E-02,0.938099E-01,0.107996,460.981,-0.175345E-02,-0.878422E-03,-0.129920,15.9981,0.335556,249.223,57.6412,-3.84720,97840.8,1.10648
CH-CHA_201201142000.csv,2012-01-14,21:00,14.8748,0,36000,36000,0.407432E-02,1,0.943642E-03,-8.23767,1,2.20472,-4.33816,1,3.34600,11.1702,1,2.02755,-0.972632E-01,1,0.750185E-01,-0.909276,0.286789E-01,0.420024,0.642992E-03,-0.199346E-11,-0.119011E-13,18.6872,456.855,458.104,4.35000,0,111.564,2.72746,2.73492,0.800000,0,283.935,283.690,96559.5,1.18457,1006.80,0.244475E-01,-0.630265E-02,0.201038E-02,263.205,1269.26,0.169714E-02,20.7368,1006.06,262.087,0.181073,0.713842E-01,0.551958E-02,0.194714,0.278514E-13,-0.106676E-15,0.194714,1.30897,172.837,21.5158,1.62439,-9999,0.586471E-01,0.759977E-01,2.08055,0.966090,1.89889,0.117775,0,-9999,-9999,-9999,-9999,-9999,-9999,-9999,0.389929E-02,1.04489,-7.71193,1.08785,-2.25515,1.86470,6.25815,1.86470,-0.505614E-01,1.86470,800000099,800100099,800000099,800000099,800000099,800111099,811110199,811110199,81100,81100,80,81,0,0,10,1,10,6,0.558833E-01,0.943263E-01,0.178593E-02,0.292352,0.394093,635.607,-0.646637E-02,0.625815E-02,-0.505614E-01,16.0000,0.240000,249.096,56.8523,-4.23893,97865.9,1.09825
CH-CHA_201201142000.csv,2012-01-14,21:30,14.8956,0,36000,36000,0.307749E-02,1,0.623947E-03,0.181851,2,0.160124,-9999,-9999,-9999,0.607454,1,0.582582,-9999,-9999,-9999,0.283739,-9999,-0.994075,-9999,0.903315E-10,-9999,17.9522,438.783,438.783,6.20000,0,-9999,-9999,-9999,-9999,0,283.868,283.868,96559.5,1.18505,1005.34,0.244417E-01,-9999,-9999,-9999,1284.42,-9999,-9999,-9999,-9999,0.164155,0.284840,0.260292E-02,0.328767,-0.204013E-13,0.503177E-14,0.328767,0.804674,126.955,60.0449,0.453627,-9999,0.509600E-01,0.413617E-01,-61.8068,-0.325207E-01,-9999,-0.299526E-02,0,-9999,-9999,-9999,-9999,-9999,-9999,-9999,0.300178E-02,1.02522,0.176945,1.02772,-9999,-9999,0.506014,1.18139,-9999,-9999,800000099,800100099,800000099,800000199,800000099,800100199,811110199,811110199,80000,80100,80,81,0,0,5,2,0,0,0.635180E-01,0.186454E-01,0.559964E-03,0.333788E-01,0.124744,-9999,0.148521E-03,0.506014E-03,-9999,15.9981,0.348889,250.335,64.5944,-4.57877,97845.7,1.09695
CH-CHA_201201142000.csv,2012-01-14,22:00,14.9165,0,36000,36000,0.302604E-02,1,0.414227E-03,-0.510916,2,0.675711,-2.26934,1,1.31116,14.4291,2,2.67524,-0.508691E-01,1,0.293907E-01,-0.618916,-9999,4.87644,-9999,-0.144440E-09,-0.222702E-12,21.5992,527.337,527.766,8.95000,0,33.3024,0.813065,0.813726,-1.00000,0,283.554,283.480,96559.5,1.18630,1005.77,0.244146E-01,-0.329632E-02,0.600109E-03,78.5099,1251.65,0.505864E-03,6.27252,1173.14,247.864,0.933126E-01,0.324014,0.112951E-01,0.337372,-0.179851E-12,-0.668727E-14,0.337372,1.16319,99.8651,73.9342,1.91861,-9999,0.505055E-01,0.954249E-01,21.4180,0.938461E-01,0.225139,0.847846E-02,0,-9999,-9999,-9999,-9999,-9999,-9999,-9999,0.297381E-02,1.01756,-0.599213,1.03011,-1.75446,1.29114,11.2216,1.29114,-0.393278E-01,1.29114,800000099,800100099,800000099,800000099,800000099,800011099,811110199,811110199,80000,80000,80,81,0,0,3,0,0,0,0.333735E-01,0.156845,0.631269E-03,0.837941E-01,1.72906,256.782,-0.502213E-03,0.112216E-01,-0.393278E-01,16.0000,0.208889,251.162,69.7609,-4.68429,97837.8,1.09385
CH-CHA_201201142000.csv,2012-01-14,22:30,14.9373,0,36000,36000,-0.194752E-02,1,0.756096E-03,-0.130673,2,0.257752,-2.24936,2,1.64700,2.77703,2,1.00032,-0.504207E-01,2,0.369184E-01,-0.213524E-01,0.103348E-01,0.216975,0.231661E-03,0.173759E-09,0.267297E-12,21.7616,531.277,531.711,-0.600000,0,33.4762,0.817271,0.817940,-1.00000,0,283.541,283.467,96559.5,1.18636,1005.77,0.244135E-01,-0.326726E-02,0.603241E-03,78.9160,1250.53,0.508481E-03,6.31059,1171.62,247.921,-0.200810,0.246825,0.128044E-01,0.318451,0.743573E-13,0.798468E-14,0.318451,0.894539,58.2813,129.131,2.30440,-9999,0.405166E-01,0.751967E-01,43.2338,0.464914E-01,0.580935E-01,0.270296E-02,0,-9999,-9999,-9999,-9999,-9999,-9999,-9999,-0.191447E-02,1.01726,-0.231225,1.02816,-1.77150,1.26839,2.21716,1.26839,-0.397091E-01,1.26839,800000099,800100099,800000099,800000099,800111099,800111199,811110199,811110199,81100,81100,80,81,0,0,2,6,14,1,0.768170E-01,0.726537E-01,0.922609E-03,0.134460,0.573911,293.970,-0.193785E-03,0.221716E-02,-0.397091E-01,15.9981,0.313333,252.000,75.0000,-4.62776,97828.6,1.09624
CH-CHA_201201142000.csv,2012-01-14,23:00,14.9581,0,36000,36000,-0.797643E-02,1,0.252078E-02,-16.5686,1,3.92167,-13.5497,1,2.51150,19.4973,1,2.25970,-0.303693,1,0.562907E-01,-0.179045,-0.945997E-01,-2.09053,-0.212028E-02,-0.280567E-10,-0.442911E-13,20.2155,493.331,493.715,6.45000,0,31.9128,0.778785,0.779392,4.30000,0,283.425,283.355,96559.5,1.18684,1005.75,0.244036E-01,-0.196793E-01,0.575068E-03,75.2007,1241.20,0.484535E-03,6.05870,1166.00,247.390,-0.618232E-01,0.165265,0.980792E-02,0.176723,0.126727E-12,-0.138788E-14,0.176723,1.79081,74.7390,110.510,3.18149,-9999,0.819799E-01,0.207434,2.82451,0.711627,1.22280,0.169316,0,-9999,-9999,-9999,-9999,-9999,-9999,-9999,-0.768156E-02,1.03839,-15.8981,1.07356,-7.84616,1.71669,12.0216,1.71669,-0.175857,1.71669,800000099,800000099,800000099,800000099,800110099,800110099,801100199,811110199,81100,81100,80,81,9,0,2,1,7,10,0.232452,0.175369,0.704716E-02,0.405014,0.171216,95.3260,-0.133187E-01,0.120216E-01,-0.175857,16.0000,0.230000,252.000,75.0000,-4.50016,97803.6,1.09592
CH-CHA_201201142000.csv,2012-01-14,23:30,14.9790,0,36000,36000,0.557716E-02,1,0.156454E-02,2.34512,1,1.35641,-9999,-9999,-9999,2.55043,1,1.49100,-9999,-9999,-9999,-0.418178,-9999,-0.566334,-9999,-0.201103E-09,-9999,19.8180,483.063,483.063,10.0000,0,-9999,-9999,-9999,-9999,0,283.094,283.094,96559.5,1.18829,1005.32,0.243750E-01,-9999,-9999,-9999,1219.67,-9999,-9999,-9999,-9999,-0.517984,-0.134927,0.235869E-01,0.535789,0.113688E-12,-0.101475E-13,0.535789,1.72476,348.094,194.600,2.52314,-9999,0.685086E-01,0.107380,-11.6446,-0.172612,-9999,-0.286543E-01,0,-9999,-9999,-9999,-9999,-9999,-9999,-9999,0.547784E-02,1.01813,2.29209,1.02314,-9999,-9999,2.05420,1.17467,-9999,-9999,800000099,800100099,800000099,800000199,800000199,800000199,811110199,811110199,80000,80000,80,81,0,0,2,7,0,0,0.136201,0.766257E-01,0.193215E-02,0.182218,0.163036,-9999,0.191868E-02,0.205420E-02,-9999,15.9953,0.258889,252.371,77.3188,-4.37399,97798.3,1.09219
CH-CHA_201201142000.csv,2012-01-15,00:00,15.0000,0,36000,36000,-0.449626E-02,1,0.771778E-03,-18.9297,1,3.55854,-9999,-9999,-9999,-3.92171,2,1.22369,-9999,-9999,-9999,0.337152E-01,-9999,1.27444,-9999,0.807557E-10,-9999,20.7644,506.171,506.171,-1.00000,0,-9999,-9999,-9999,-9999,0,283.115,283.115,96559.5,1.18820,1005.33,0.243768E-01,-9999,-9999,-9999,1221.39,-9999,-9999,-9999,-9999,-0.631599,-0.171027,0.295744E-01,0.655013,0.103642E-12,0.388914E-14,0.655013,1.75627,355.512,195.151,2.58784,-9999,0.615149E-01,0.147535,1.04437,1.92461,-9999,0.257612,0,-9999,-9999,-9999,-9999,-9999,-9999,-9999,-0.421707E-02,1.06621,-16.7152,1.13248,-9999,-9999,-1.16614,2.36631,-9999,-9999,800000099,800000099,800000099,800000199,800000199,800100199,811110199,811110199,81000,81000,80,81,0,8,2,6,3,4,0.904125E-01,0.196891,0.776606E-02,0.367763,0.227699,-9999,-0.139931E-01,-0.116614E-02,-9999,16.0000,0.223333,253.031,81.4411,-4.35103,97798.6,1.09318
CH-CHA_201201142000.csv,2012-01-15,00:30,15.0208,0,36000,36000,-0.702639E-02,0,0.859510E-03,-24.7948,1,15.3907,-1.20680,2,0.524930,2.01874,0,0.823392,-0.269532E-01,2,0.117240E-01,-5.57504,-9999,0.594305,-9999,0.105811E-10,0.395616E-14,21.4608,516.816,516.916,9.50000,0,8.02399,0.193232,0.193270,1.60000,0,279.688,279.671,96559.5,1.20274,1005.36,0.240818E-01,-0.174657E-02,0.144592E-03,18.6623,966.627,0.120219E-03,1.93066,947.965,233.101,-0.732353,0.461975,0.478240E-01,0.867208,0.101480E-12,0.493041E-15,0.867208,2.78952,39.1193,147.756,3.16130,-9999,0.764327E-01,0.139190,1.52939,1.31425,20.5459,0.268278,0,-9999,-9999,-9999,-9999,-9999,-9999,-9999,-0.668627E-02,1.05087,-22.5229,1.10257,-0.576125,2.04856,1.76034,2.04856,-0.128674E-01,2.04856,800000099,800000099,800000099,800000199,800000099,800100199,801100199,811100199,80000,80000,80,81,2,20,6,0,22,34,0.112617,0.157046,0.871744E-02,7.53577,0.379372E-01,10.6868,-0.186263E-01,0.176034E-02,-0.128674E-01,15.9977,0.268889,253.910,86.9388,-4.16079,97763.4,1.09984
CH-CHA_201201142000.csv,2012-01-15,01:00,15.0416,0,36000,36000,-0.358322E-02,1,0.104963E-02,-10.9589,0,2.28921,-9999,-9999,-9999,4.94858,0,0.626767,-9999,-9999,-9999,5.42449,-9999,0.268904,-9999,-0.373564E-10,-9999,21.4050,521.690,521.690,2.15000,0,-9999,-9999,-9999,-9999,0,283.062,283.062,96559.5,1.18842,1005.32,0.243723E-01,-9999,-9999,-9999,1217.11,-9999,-9999,-9999,-9999,-0.936968,-0.122364,0.414428E-01,0.945833,-0.440077E-13,-0.174521E-14,0.945833,1.92193,1.87372,187.440,2.51129,-9999,0.549100E-01,0.829265E-01,1.28305,1.56658,-9999,0.167046,0,-9999,-9999,-9999,-9999,-9999,-9999,-9999,-0.338804E-02,1.05761,-9.82280,1.11566,-9999,-9999,2.58166,2.18550,-9999,-9999,800000099,800000199,800000099,800000199,800000099,800100099,811110199,811110199,81000,81000,80,80,4,2,3,5,1,0,0.670645E-01,0.935246E-01,0.526390E-02,0.257376,0.292733E-01,-9999,-0.822164E-02,0.258166E-02,-9999,16.0000,0.366667,254.000,87.5000,-4.20365,97730.4,1.09871
CH-CHA_201201142000.csv,2012-01-15,01:30,15.0624,0,36000,36000,-0.132268E-01,1,0.214858E-02,-0.499354,1,0.597815,-9999,-9999,-9999,-1.35783,1,0.759106,-9999,-9999,-9999,-0.852986,-9999,0.559117,-9999,-0.359287E-10,-9999,21.8612,531.807,531.807,-1.00000,0,-9999,-9999,-9999,-9999,0,282.530,282.530,96559.5,1.19066,1005.31,0.243265E-01,-9999,-9999,-9999,1174.36,-9999,-9999,-9999,-9999,-0.321422,-0.259981,0.297247E-01,0.414471,0.770321E-13,-0.164349E-14,0.414471,1.62278,338.103,218.967,4.11263,-9999,0.105398,0.196919,199.133,0.100938E-01,-9999,0.395808E-02,0,-9999,-9999,-9999,-9999,-9999,-9999,-9999,-0.130405E-01,1.01429,-0.488800,1.02159,-9999,-9999,-1.10101,1.20394,-9999,-9999,800000099,800000199,800000099,800000199,800000199,800110199,811110099,811110099,80000,80000,80,81,15,0,7,21,12,0,0.160333,0.228920,0.458472E-02,0.300440,0.157449,-9999,-0.408358E-03,-0.110101E-02,-9999,16.0000,2.81556,254.354,89.7106,-4.54316,97714.5,1.08960
CH-CHA_201201142000.csv,2012-01-15,02:00,15.0833,0,36000,36000,0.456138E-02,1,0.119638E-02,-2.01655,1,2.26145,-9999,-9999,-9999,3.76944,1,1.63125,-9999,-9999,-9999,-0.653037,-9999,0.606672,-9999,-0.519189E-10,-9999,22.3440,542.769,542.769,10.0000,0,-9999,-9999,-9999,-9999,0,282.123,282.123,96559.5,1.19238,1005.31,0.242915E-01,-9999,-9999,-9999,1142.58,-9999,-9999,-9999,-9999,-0.506500E-01,0.203614E-01,-0.258361E-02,0.546506E-01,-0.952218E-13,-0.232361E-14,0.546506E-01,1.12739,27.9258,158.100,-2.70967,-9999,0.618502E-01,0.688800E-01,9.96463,0.201713,-9999,0.271992E-01,0,-9999,-9999,-9999,-9999,-9999,-9999,-9999,0.437437E-02,1.04275,-1.92189,1.04925,-9999,-9999,2.81259,1.38757,-9999,-9999,800000099,800100199,800000099,800000199,800000199,800111199,811110099,811110099,81000,81000,80,81,1,0,5,4,7,0,0.552517E-01,0.800254E-01,0.248300E-02,0.183029,0.159199,-9999,-0.160331E-02,0.281259E-02,-9999,15.9981,6.13278,255.000,93.7500,-5.12874,97713.2,1.07728
CH-CHA_201201150200.csv,2012-01-15,02:30,15.1041,0,36000,36000,-0.107619E-01,1,0.183604E-02,-4.63108,1,1.46188,-9999,-9999,-9999,4.81742,1,1.32263,-9999,-9999,-9999,-0.608805,-9999,0.885548,-9999,-0.604976E-10,-9999,23.0327,558.747,558.747,7.20000,0,-9999,-9999,-9999,-9999,0,281.744,281.744,96559.5,1.19398,1005.30,0.242588E-01,-9999,-9999,-9999,1113.68,-9999,-9999,-9999,-9999,-0.108133,0.694300E-02,0.156647E-01,0.109482,-0.895868E-14,-0.262659E-14,0.109482,0.901388,356.602,176.326,8.22615,-9999,0.949393E-01,0.125410,15.6928,0.128085,-9999,0.406390E-01,0,-9999,-9999,-9999,-9999,-9999,-9999,-9999,-0.104586E-01,1.02900,-4.46468,1.03727,-9999,-9999,3.90412,1.31472,-9999,-9999,800000099,800100199,800000099,800000199,800000199,810001199,811110099,811110099,80000,81000,80,81,0,0,0,7,12,0,0.118071,0.130888,0.186160E-02,0.100857,0.144883,-9999,-0.371961E-02,0.390412E-02,-9999,16.0000,0.346667,255.000,93.7500,-5.69023,97722.3,1.07457
CH-CHA_201201150200.csv,2012-01-15,03:00,15.1249,0,36000,36000,-0.125118E-01,1,0.207234E-02,0.934840,2,0.486963,-9999,-9999,-9999,-0.881662,1,0.424713,-9999,-9999,-9999,-0.263219E-01,-9999,0.335470,-9999,0.275611E-09,-9999,23.2836,564.800,564.800,-1.00000,0,-9999,-9999,-9999,-9999,0,281.728,281.728,96559.5,1.19405,1005.30,0.242574E-01,-9999,-9999,-9999,1112.44,-9999,-9999,-9999,-9999,-0.156988,0.172962E-01,0.165744E-01,0.158805,0.107744E-12,0.118371E-13,0.158805,1.12365,16.6399,173.713,5.99086,-9999,0.102364,0.156097,-97.4427,-0.206275E-01,-9999,-0.760802E-02,0,-9999,-9999,-9999,-9999,-9999,-9999,-9999,-0.119957E-01,1.04302,0.899203,1.03963,-9999,-9999,-0.788395,1.19994,-9999,-9999,800000099,800101199,800000099,800000199,800000199,800011199,811110099,811110099,81000,81000,80,81,0,0,1,26,45,0,0.168986,0.141663,0.154445E-02,0.559719E-01,0.546912E-01,-9999,0.749099E-03,-0.788395E-03,-9999,15.9981,0.430000,255.000,93.7500,-5.95786,97723.1,1.07451
CH-CHA_201201150200.csv,2012-01-15,03:30,15.1458,0,36000,36000,-0.629161E-02,1,0.192311E-02,-1.55489,1,1.86672,-9999,-9999,-9999,6.55009,1,1.94728,-9999,-9999,-9999,-0.384424,-9999,0.706692,-9999,0.185043E-09,-9999,23.8290,577.540,577.540,10.0000,0,-9999,-9999,-9999,-9999,0,281.489,281.489,96559.5,1.19506,1005.29,0.242368E-01,-9999,-9999,-9999,1094.56,-9999,-9999,-9999,-9999,-0.201485,0.235232,0.275269E-01,0.310947,0.673854E-13,0.776547E-14,0.310947,1.38917,57.6558,130.581,5.07882,-9999,0.725580E-01,0.205596,20.8640,0.963381E-01,-9999,0.178373E-01,0,-9999,-9999,-9999,-9999,-9999,-9999,-9999,-0.618241E-02,1.01766,-1.51088,1.02912,-9999,-9999,5.21080,1.27805,-9999,-9999,800000099,800100199,800000099,800000199,800011199,800011199,811110099,811110099,81000,81000,80,81,7,0,7,17,10,0,0.230191,0.178610,0.239118E-02,0.302633,0.308992,-9999,-0.125761E-02,0.521080E-02,-9999,16.0000,0.310000,255.000,93.7500,-5.85457,97711.9,1.07337
CH-CHA_201201150200.csv,2012-01-15,04:00,15.1666,0,36000,36000,0.202707E-01,1,0.291916E-02,-8.48335,1,3.05405,-9999,-9999,-9999,-2.55788,1,0.899511,-9999,-9999,-9999,-0.248487,-9999,0.340433,-9999,0.358173E-09,-9999,24.0953,583.674,583.674,-1.00000,0,-9999,-9999,-9999,-9999,0,281.334,281.334,96559.5,1.19572,1005.29,0.242236E-01,-9999,-9999,-9999,1083.14,-9999,-9999,-9999,-9999,-0.874796,-0.354773,0.543726E-01,0.945562,-0.513793E-13,0.148649E-13,0.945562,2.79889,349.171,202.075,3.29650,-9999,0.130203,0.388520,22.0969,0.909629E-01,-9999,0.542033E-01,0,-9999,-9999,-9999,-9999,-9999,-9999,-9999,0.200034E-01,1.01336,-8.26261,1.02671,-9999,-9999,-1.53481,1.27276,-9999,-9999,800000099,800000199,800000099,800000199,800000199,800000199,811110099,811110099,81000,81000,80,81,1,0,10,0,0,0,0.428083,0.342871,0.608512E-02,0.268932,0.174055,-9999,-0.687378E-02,-0.153481E-02,-9999,15.9981,0.393333,255.000,93.7500,-5.76331,97703.3,1.07448
CH-CHA_201201150200.csv,2012-01-15,04:30,15.1874,0,36000,36000,-0.120001E-01,1,0.246770E-02,-11.0163,1,2.30194,-9999,-9999,-9999,6.10804,1,1.18282,-9999,-9999,-9999,0.152222,-9999,0.417819,-9999,-0.144741E-09,-9999,24.3980,591.204,591.204,9.15000,0,-9999,-9999,-9999,-9999,0,281.429,281.429,96559.5,1.19532,1005.29,0.242317E-01,-9999,-9999,-9999,1090.12,-9999,-9999,-9999,-9999,-0.659848,-0.262759E-01,0.532215E-01,0.662512,0.252870E-12,-0.593250E-14,0.662512,2.21499,16.8146,182.280,4.60770,-9999,0.100196,0.218676,7.75458,0.259202,-9999,0.914973E-01,0,-9999,-9999,-9999,-9999,-9999,-9999,-9999,-0.117691E-01,1.01963,-10.5994,1.03933,-9999,-9999,4.93268,1.39940,-9999,-9999,800000099,800000199,800000099,800000199,800000199,810111199,811110099,811110099,80000,80000,80,81,0,0,1,4,11,0,0.210800,0.222760,0.379151E-02,0.176558,0.635318E-01,-9999,-0.882074E-02,0.493268E-02,-9999,15.9977,0.287778,255.000,93.7500,-5.63185,97701.0,1.07441
CH-CHA_201201150200.csv,2012-01-15,05:00,15.2082,0,36000,36000,0.183168E-02,2,0.885659E-03,0.539818,2,0.402302,-9999,-9999,-9999,-0.699413,1,0.240765,-9999,-9999,-9999,-0.335493,-9999,0.451177,-9999,-0.221439E-09,-9999,24.7516,599.330,599.330,-1.00000,0,-9999,-9999,-9999,-9999,0,281.221,281.221,96559.5,1.19620,1005.29,0.242138E-01,-9999,-9999,-9999,1074.79,-9999,-9999,-9999,-9999,-0.648383,-0.768313E-01,0.348511E-01,0.653849,-0.999207E-13,-0.894644E-14,0.653849,1.35033,4.33726,186.758,3.05540,-9999,0.391311E-01,0.848555E-01,-9.42663,-0.213226,-9999,-0.114717E-01,0,-9999,-9999,-9999,-9999,-9999,-9999,-9999,0.180275E-02,1.01605,0.528268,1.02186,-9999,-9999,-0.629948,1.17299,-9999,-9999,800000099,800100199,800000099,800000199,800000199,800010199,811110099,811110099,81000,81000,80,81,11,0,1,17,15,0,0.977625E-01,0.704902E-01,0.145827E-02,0.442759E-01,0.295616E-01,-9999,0.439297E-03,-0.629948E-03,-9999,16.0000,0.314444,255.000,93.7500,-5.96898,97700.3,1.06892
CH-CHA_201201150200.csv,2012-01-15,05:30,15.2291,0,36000,36000,-0.516914E-02,1,0.119687E-02,3.26762,1,0.720863,-9999,-9999,-9999,-4.32590,1,0.948651,-9999,-9999,-9999,-0.457957,-9999,0.829128,-9999,0.245902E-10,-9999,25.3934,614.248,614.248,-1.00000,0,-9999,-9999,-9999,-9999,0,280.937,280.937,96559.5,1.19741,1005.28,0.241893E-01,-9999,-9999,-9999,1054.20,-9999,-9999,-9999,-9999,0.732989E-01,0.185975,0.976639E-02,0.200137,0.150176E-12,0.968371E-15,0.200137,1.13270,120.589,68.4889,2.79706,-9999,0.657033E-01,0.890677E-01,-7.37168,-0.272665,-9999,-0.413153E-01,0,-9999,-9999,-9999,-9999,-9999,-9999,-9999,-0.498852E-02,1.03621,3.15699,1.03504,-9999,-9999,-3.83271,1.19270,-9999,-9999,800000099,800100199,800000099,800000199,800111199,800111199,811110099,811110099,81000,81000,80,81,0,0,0,16,31,0,0.574575E-01,0.118157,0.252110E-02,0.104174,0.113278,-9999,0.262265E-02,-0.383271E-02,-9999,16.0000,0.278889,255.000,93.7500,-6.26219,97700.1,1.06593
CH-CHA_201201150200.csv,2012-01-15,06:00,15.2499,0,36000,36000,-0.377246E-01,1,0.350570E-02,19.3529,1,4.63120,-9999,-9999,-9999,-10.0577,1,2.36862,-9999,-9999,-9999,-0.755470,-9999,0.761343,-9999,0.152121E-09,-9999,26.0020,627.923,627.923,-1.00000,0,-9999,-9999,-9999,-9999,0,280.469,280.469,96559.5,1.19941,1005.28,0.241490E-01,-9999,-9999,-9999,1021.03,-9999,-9999,-9999,-9999,-0.530006E-01,0.190425,0.356600E-01,0.200854,-0.581006E-12,0.585036E-14,0.200854,1.65100,66.2681,105.553,10.2266,-9999,0.177349,0.362802,-24.4778,-0.821154E-01,-9999,-0.905032E-01,0,-9999,-9999,-9999,-9999,-9999,-9999,-9999,-0.364098E-01,1.03611,18.6988,1.03498,-9999,-9999,-9.68118,1.19259,-9999,-9999,800000099,800100199,800000099,800000199,800000199,800000199,811110099,811110099,80000,81000,80,81,0,2,0,1,9,0,0.106815,0.612622,0.616793E-02,0.259234,0.110446,-9999,0.155082E-01,-0.968118E-02,-9999,15.9953,0.336667,255.000,93.7500,-6.45273,97706.1,1.06092
CH-CHA_201201150200.csv,2012-01-15,06:30,15.2707,0,36000,36000,0.258981E-02,2,0.214672E-02,-11.4046,0,1.86449,-9999,-9999,-9999,9.21541,0,0.835862,-9999,-9999,-9999,0.484783,-9999,-0.341212E-01,-9999,0.127242E-09,-9999,25.9488,627.309,627.309,2.05000,0,-9999,-9999,-9999,-9999,0,280.769,280.769,96559.5,1.19813,1005.28,0.241749E-01,-9999,-9999,-9999,1042.23,-9999,-9999,-9999,-9999,-1.08242,0.865986E-01,0.105557,1.09100,-0.290982E-12,0.490356E-14,1.09100,2.09545,14.0104,175.426,5.55221,-9999,0.464925E-01,0.166172,0.748347,2.68592,-9999,0.203661,0,-9999,-9999,-9999,-9999,-9999,-9999,-9999,0.238639E-02,1.08524,-9.76283,1.16817,-9999,-9999,3.67133,2.74846,-9999,-9999,800000099,800000199,800000099,800000199,800000199,800110199,811110099,811110099,81000,81000,80,81,0,1,8,5,16,0,0.153812,0.173628,0.490326E-02,0.197525,0.556085E-01,-9999,-0.810560E-02,0.367133E-02,-9999,16.0000,0.284444,255.000,93.7500,-6.24570,97701.3,1.07077
CH-CHA_201201150200.csv,2012-01-15,07:00,15.2916,0,36000,36000,-0.172029E-01,1,0.432483E-02,-6.13555,1,2.85428,-9999,-9999,-9999,2.87211,1,0.703890,-9999,-9999,-9999,-1.19745,-9999,0.960785,-9999,-0.183696E-09,-9999,26.7321,644.540,644.540,9.20000,0,-9999,-9999,-9999,-9999,0,280.029,280.029,96559.5,1.20130,1005.27,0.241111E-01,-9999,-9999,-9999,990.690,-9999,-9999,-9999,-9999,0.774951,0.242094,0.299362E-01,0.812438,-0.117446E-12,-0.687173E-14,0.812438,2.84826,148.226,17.3488,2.11168,-9999,0.119667,0.413443,23.7193,0.847412E-01,-9999,0.424567E-01,0,-9999,-9999,-9999,-9999,-9999,-9999,-9999,-0.169752E-01,1.01341,-5.97888,1.02620,-9999,-9999,2.65002,1.26683,-9999,-9999,800000099,800000199,800000099,800000199,800010199,810110199,811110199,811110199,81000,81000,80,81,2,0,1,3,2,0,0.512855,0.307369,0.666087E-02,0.252431,0.176741E-01,-9999,-0.495094E-02,0.265002E-02,-9999,15.9973,0.385556,255.000,93.7500,-6.10481,97708.3,1.06229
CH-CHA_201201150200.csv,2012-01-15,07:30,15.3124,0,36000,36000,0.263504E-02,1,0.856687E-03,14.9138,1,7.80626,8.83864,1,1.65263,6.90940,2,1.60748,0.196458,1,0.367334E-01,-8.92883,-9999,-0.143521,-9999,-0.479785E-09,-0.411675E-12,27.1477,642.015,642.369,10.0000,0,23.2938,0.550874,0.551178,10.0000,0,274.661,274.613,96559.5,1.22473,1005.47,0.236490E-01,0.127305E-01,0.419754E-03,53.1971,677.328,0.342732E-03,7.85397,624.131,243.655,-0.293566,0.114491,0.319128E-01,0.316713,-0.783226E-13,-0.176731E-13,0.316713,1.05608,36.2038,158.694,5.78307,-9999,0.463845E-01,0.105832,-0.568273,-3.53703,1.68734,-0.261099,0,-9999,-9999,-9999,-9999,-9999,-9999,-9999,0.256851E-02,1.02590,14.9272,1.02817,7.43403,1.18207,4.72561,1.18207,0.165238,1.18207,800000099,800100099,800000099,800000099,800000099,810001099,811100199,811110199,81100,81100,80,80,2,2,1,1,14,2,0.854376E-01,0.125089,0.113845E-02,4.49368,0.252149,114.888,0.121218E-01,0.472561E-02,0.165238,15.9977,0.361111,255.000,93.7500,-6.53131,97712.8,1.05573
CH-CHA_201201150200.csv,2012-01-15,08:00,15.3332,0,36000,36000,-0.421486E-01,1,0.674614E-02,-3.18401,2,2.77726,24.0785,1,5.95250,-9.52016,2,2.24651,0.536227,1,0.132562,3.30983,0.663387,0.734969,0.147736E-01,0.140408E-09,0.174198E-12,27.4937,655.040,655.573,-1.00000,0,34.1102,0.812679,0.813340,10.0000,0,276.707,276.635,96559.5,1.21566,1005.64,0.238251E-01,0.347475E-01,0.614667E-03,78.4727,782.195,0.505624E-03,10.0324,703.722,247.859,0.511340,0.323400,0.472562E-01,0.606869,-0.272666E-13,0.510692E-14,0.606869,2.25437,138.764,32.3116,4.46609,-9999,0.186203,0.339533,172.203,0.116723E-01,-0.132235,0.139873E-01,0,-9999,-9999,-9999,-9999,-9999,-9999,-9999,-0.416441E-01,1.01212,-1.97890,1.02036,20.0539,1.20043,-8.00757,1.20043,0.446600,1.20043,800000099,800000099,800000099,800000099,800000099,800111099,811110199,811110199,80000,80100,80,81,0,0,10,25,20,13,0.472908,0.199409,0.674946E-02,0.164634,0.122785,411.011,-0.161870E-02,-0.800757E-02,0.446600,15.9977,0.325556,255.000,93.7500,-6.83523,97718.4,1.05496
CH-CHA_201201150800.csv,2012-01-15,08:30,15.3541,1,36000,36000,0.482415E-02,1,0.110986E-02,2.61446,2,0.983645,3.34259,1,1.36498,-1.93611,1,0.581858,0.744476E-01,1,0.304015E-01,0.193014,0.452397,0.148115,0.100760E-01,0.945123E-10,0.142462E-12,27.5906,657.666,658.319,-1.00000,0,41.5883,0.991323,0.992307,8.25000,0,276.840,276.753,96559.5,1.21506,1005.74,0.238366E-01,0.482420E-02,0.749421E-03,95.7173,788.733,0.616778E-03,12.1356,693.015,250.072,-0.347234,0.155139,0.243497E-01,0.381094,-0.686626E-13,0.342552E-14,0.381094,1.51799,52.1021,155.926,3.66336,-9999,0.630103E-01,0.162814,-8.12688,-0.247327,0.782167,-0.339537E-01,0,-9999,-9999,-9999,-9999,-9999,-9999,-9999,0.471687E-02,1.02274,2.70955,1.02610,2.82017,1.17895,-1.86467,1.17895,0.628121E-01,1.17895,800000099,800100099,800000099,800000099,800000099,800011199,811110199,811110199,81000,81100,80,81,0,0,5,7,25,1,0.121868,0.202104,0.165532E-02,0.159735,0.130666,84.0140,0.221725E-02,-0.186467E-02,0.628121E-01,16.0000,0.160000,255.000,93.7500,-6.83591,97719.4,1.05272
CH-CHA_201201150800.csv,2012-01-15,09:00,15.3749,1,36000,36000,-0.424281E-01,1,0.590679E-02,-46.2072,1,9.28375,36.8264,1,5.93468,18.9498,1,3.31327,0.820293,1,0.132193,0.167573,2.69347,0.487759,0.599960E-01,0.939739E-09,0.289936E-11,27.9339,666.320,667.693,3.80000,0,86.1840,2.05579,2.06002,1.95000,0,277.036,276.856,96559.5,1.21412,1006.31,0.238535E-01,0.531550E-01,0.155304E-02,198.429,794.445,0.127914E-02,24.9771,596.015,258.600,-0.378482,0.288449,0.662772E-01,0.480463,-0.315158E-12,0.336416E-13,0.480463,1.71237,64.5936,142.688,7.92893,-9999,0.186937,0.382452,12.0094,0.167369,-1.25473,0.202311,0,-9999,-9999,-9999,-9999,-9999,-9999,-9999,-0.417058E-01,1.01732,-43.1682,1.03272,28.0921,1.32704,16.7436,1.32704,0.625741,1.32704,800000099,800000099,800000099,800000099,800000099,800100099,811100199,811110199,81000,81100,80,81,5,1,11,9,26,24,0.383124,0.373705,0.807577E-02,1.14124,0.209744,336.087,-0.353320E-01,0.167436E-01,0.625741,16.0000,0.295556,255.000,93.7500,-5.34716,97719.7,1.07446
CH-CHA_201201150800.csv,2012-01-15,09:30,15.3957,1,36000,36000,-0.250863E-02,1,0.459084E-03,0.918678,1,1.30064,-1.57426,1,2.15650,0.924655,1,0.482053,-0.350339E-01,1,0.479913E-01,-1.57837,-0.604338,0.394298,-0.134491E-01,0.408325E-10,0.110256E-12,28.3266,673.291,674.517,0.200000,0,76.4874,1.81802,1.82133,5.70000,0,276.053,275.894,96559.5,1.21846,1006.17,0.237688E-01,-0.227020E-02,0.137830E-02,175.493,742.196,0.113118E-02,23.6450,566.703,257.117,0.816617,0.275104,0.358333E-01,0.862456,-0.305130E-13,0.144149E-14,0.862456,1.66976,169.276,18.6178,2.38121,-9999,0.453746E-01,0.678134E-01,-8.63765,-0.232702,-0.583562,-0.165146E-01,0,-9999,-9999,-9999,-9999,-9999,-9999,-9999,-0.247454E-02,1.01378,0.823959,1.02061,-1.34910,1.17169,0.743624,1.17169,-0.300233E-01,1.17169,800000099,800000099,800000099,800000099,800000099,801000099,811110199,811110199,80100,80100,80,80,2,15,0,0,9,0,0.850854E-01,0.441046E-01,0.643693E-02,0.695420E-01,0.228900E-01,139.514,0.672082E-03,0.743624E-03,-0.300233E-01,16.0000,0.313333,255.000,93.7500,-1.25513,97716.7,1.09286
CH-CHA_201201150800.csv,2012-01-15,10:00,15.4166,1,36000,36000,-0.934211E-02,1,0.171605E-02,-6.11540,2,3.73791,8.58319,1,3.32803,7.32212,1,2.39724,0.191249,1,0.741545E-01,2.12455,-2.81449,-1.18745,-0.627120E-01,-0.286119E-09,-0.309051E-12,27.3205,652.206,652.666,0.200000,0,29.5102,0.704480,0.704977,10.0000,0,277.257,277.195,96559.5,1.21326,1005.59,0.238724E-01,0.123929E-01,0.531773E-03,68.0273,813.634,0.438303E-03,8.36092,745.607,246.295,0.765129,0.928961E-01,0.267900E-01,0.771213,-0.845131E-13,-0.104727E-13,0.771213,1.96799,182.158,6.92254,1.99071,-9999,0.877499E-01,0.108415,9.38361,0.214203,-0.712486,0.571220E-01,0,-9999,-9999,-9999,-9999,-9999,-9999,-9999,-0.918198E-02,1.01744,-5.54764,1.03508,6.33643,1.35740,5.66628,1.35740,0.141187,1.35740,800000099,800000099,800000099,800000099,800000099,800010099,811110199,811110199,80000,81100,80,81,1,0,0,2,2,0,0.133409,0.731450E-01,0.102764E-01,0.265560,0.206385,191.146,-0.454709E-02,0.566628E-02,0.141187,15.9930,0.305556,255.000,93.7500,1.08194,97705.6,1.11581
CH-CHA_201201150800.csv,2012-01-15,10:30,15.4374,1,36000,36000,-0.429252E-01,1,0.628617E-02,2.14169,2,1.76222,-9999,-9999,-9999,29.4707,1,7.86956,-9999,-9999,-9999,-0.933665,-9999,-2.07064,-9999,0.147221E-08,-9999,25.8428,615.523,615.523,3.80000,0,-9999,-9999,-9999,-9999,0,276.624,276.624,96559.5,1.21608,1005.21,0.238180E-01,-9999,-9999,-9999,781.587,-9999,-9999,-9999,-9999,-0.712423E-01,0.966333E-02,0.306050E-01,0.781378E-01,0.381710E-13,0.569679E-13,0.781378E-01,1.44558,60.9874,172.276,23.0591,-9999,0.187877,0.999237E-01,-262.949,-0.764405E-02,-9999,-0.932530E-02,0,-9999,-9999,-9999,-9999,-9999,-9999,-9999,-0.400131E-01,1.07278,2.02056,1.05995,-9999,-9999,23.7671,1.23309,-9999,-9999,800000099,800000099,800000099,800000199,800000099,800010199,811100199,811110199,81000,81000,81,81,0,3,0,27,1,0,0.839214E-01,0.879654E-01,0.279605E-01,0.215309,0.256688,-9999,0.165292E-02,0.237671E-01,-9999,16.0000,0.223333,255.000,93.7500,5.30667,97700.0,1.15031
CH-CHA_201201150800.csv,2012-01-15,11:00,15.4582,1,36000,36000,-0.107422E-01,1,0.343820E-02,35.3030,1,12.1915,-9999,-9999,-9999,-9.43009,1,6.70415,-9999,-9999,-9999,4.77161,-9999,-2.70855,-9999,0.202961E-09,-9999,23.5558,567.027,567.027,0.350000,0,-9999,-9999,-9999,-9999,0,279.570,279.570,96559.5,1.20327,1005.26,0.240717E-01,-9999,-9999,-9999,959.951,-9999,-9999,-9999,-9999,-0.929641,-0.244884,0.732086E-01,0.964137,-0.896068E-13,0.861620E-14,0.964137,3.34091,342.833,194.757,4.35476,-9999,0.944858E-01,0.398429,-2.02915,-0.990561,-9999,-0.308891,0,-9999,-9999,-9999,-9999,-9999,-9999,-9999,-0.106038E-01,1.01305,34.6012,1.02028,-9999,-9999,-10.1484,1.17154,-9999,-9999,800000099,800000199,800000099,800000199,800000199,800000199,800000099,811100099,80000,80000,80,81,1,6,0,25,0,0,0.508007,0.254327,0.345250E-01,1.41441,0.568406,-9999,0.286057E-01,-0.101484E-01,-9999,15.9977,9.09111,255.000,93.7500,8.45770,97694.9,1.16084
CH-CHA_201201150800.csv,2012-01-15,11:30,15.4790,1,36000,36000,-0.625966E-01,1,0.641247E-02,21.4277,1,1.78879,-9999,-9999,-9999,62.5186,2,18.5180,-9999,-9999,-9999,3.18752,-9999,-5.51225,-9999,-0.213840E-09,-9999,19.2899,467.633,467.633,10.0000,0,-9999,-9999,-9999,-9999,0,281.553,281.553,96559.5,1.19479,1005.30,0.242423E-01,-9999,-9999,-9999,1099.30,-9999,-9999,-9999,-9999,-1.64396,-0.968601,0.123427,1.91207,-0.203522E-12,-0.110856E-13,1.91207,3.93737,337.970,210.506,3.70109,-9999,0.228891,0.425735,-47.5284,-0.422905E-01,-9999,-0.779399E-01,0,32.7959,-4.97691,11.2578,28.0335,42.7528,59.9614,89.8332,-0.619334E-01,1.01071,20.9940,1.02066,-9999,-9999,52.0859,1.17683,-9999,-9999,800000099,800000099,800000099,800000199,800000199,800001199,800000199,800000199,81000,81000,80,81,5,0,0,4,4,1,0.313274,0.492809,0.453871E-01,0.624501E-01,2.44702,-9999,0.174786E-01,0.520859E-01,-9999,15.9934,13.7639,250.966,68.5400,8.11237,97661.6,1.16420
CH-CHA_201201150800.csv,2012-01-15,12:00,15.4999,1,36000,36000,0.164081E-01,1,0.462957E-02,41.1332,0,4.05453,34.6719,0,2.42962,-4.36739,0,0.529105,0.775352,0,0.543325E-01,-0.907367,-9999,-1.85184,-9999,-0.121189E-09,-0.990026E-12,17.9294,434.271,435.817,0.400000,0,146.470,3.54767,3.56030,0.400000,0,281.306,280.990,96559.5,1.19558,1007.19,0.242211E-01,0.502428E-01,0.263939E-02,342.268,1058.00,0.220762E-02,32.3503,715.737,265.427,-0.862561,-0.772908,0.487383E-01,1.15921,-0.946569E-13,-0.675923E-14,1.15921,3.50323,318.311,221.862,2.40967,-9999,0.117149,0.357264,-3.32125,-0.605195,1.18636,-0.291584,0,-9999,-9999,-9999,-9999,-9999,-9999,-9999,0.162125E-01,1.01207,42.0531,1.01995,28.8039,1.17181,-5.87416,1.17181,0.644130,1.17181,800000099,800000099,800000099,800000099,800000099,800011199,800100199,801100199,81000,81100,80,81,0,0,1,27,45,43,0.428482,0.255473,0.305728E-01,0.182788,0.554618E-02,58.0904,0.349228E-01,-0.587416E-02,0.644130,16.0000,2.77000,249.000,56.2500,8.82533,97608.2,1.18842
CH-CHA_201201150800.csv,2012-01-15,12:30,15.5207,1,36000,36000,-0.326883E-01,0,0.881480E-02,44.6023,0,5.45108,42.0275,0,3.15141,-4.67754,0,0.655982,0.940330,0,0.705102E-01,0.874577,0.942844E-01,-0.922452E-01,0.210954E-02,0.216459E-09,0.179417E-11,17.8260,432.606,434.163,0.250000,0,147.755,3.58575,3.59866,0.250000,0,281.854,281.533,96559.5,1.19326,1007.22,0.242683E-01,0.609334E-01,0.266254E-02,345.937,1097.84,0.223132E-02,31.5108,751.901,265.565,-1.21670,-0.266955,0.944514E-01,1.24922,-0.801694E-13,0.121429E-13,1.24922,3.66580,359.704,192.375,4.33618,-9999,0.165512,0.409578,-8.63798,-0.232693,1.06127,-0.224218,0,-9999,-9999,-9999,-9999,-9999,-9999,-9999,-0.323089E-01,1.01174,45.8263,1.01990,34.9845,1.17213,-6.34205,1.17213,0.782750,1.17213,800000099,800000099,800000099,800000099,800000099,800000099,800000199,800100199,80000,80000,80,81,0,0,0,18,37,33,0.494767,0.276709,0.476804E-01,0.271862,0.582675E-02,59.5141,0.381291E-01,-0.634205E-02,0.782750,15.9953,0.445556,249.000,56.2500,10.0880,97580.9,1.20553
CH-CHA_201201150800.csv,2012-01-15,13:00,15.5415,1,36000,36000,-0.357023E-01,0,0.748359E-02,50.2910,0,4.84927,48.1960,0,3.92977,-6.11527,0,0.862733,1.07930,0,0.880033E-01,1.48491,-0.148602,-0.121605,-0.332780E-02,-0.962815E-10,-0.788653E-12,17.6775,430.404,431.926,0.450000,0,144.798,3.52549,3.53796,0.450000,0,282.775,282.459,96559.5,1.18938,1007.20,0.243476E-01,0.699386E-01,0.260926E-02,340.130,1168.75,0.219381E-02,29.1021,828.617,265.346,-0.822717,-1.14877,0.907542E-01,1.41590,-0.270569E-12,-0.544657E-14,1.41590,3.48076,309.564,234.391,3.67498,-9999,0.173256,0.390569,-8.78742,-0.228736,1.04347,-0.242307,0,-9999,-9999,-9999,-9999,-9999,-9999,-9999,-0.353035E-01,1.01130,51.7180,1.01993,40.1248,1.17297,-7.84907,1.17297,0.898553,1.17297,800000099,800000099,800000099,800000099,800000099,800001199,800000199,800100199,80100,80100,80,81,1,0,2,11,11,11,0.459832,0.279895,0.414116E-01,0.169151,0.794018E-02,77.9253,0.431724E-01,-0.784907E-02,0.898553,16.0000,0.275556,249.000,56.2500,10.9641,97507.6,1.21328
CH-CHA_201201150800.csv,2012-01-15,13:30,15.5624,1,36000,36000,-0.253483E-01,0,0.421405E-02,62.4316,0,7.36339,37.8987,0,2.78756,-7.14423,0,0.923670,0.848722,0,0.624260E-01,0.372561E-01,-0.187949,-0.195398,-0.420902E-02,-0.235221E-09,-0.190069E-11,17.5311,426.865,428.342,0.500000,0,141.659,3.44926,3.46120,0.450000,0,282.792,282.482,96559.5,1.18931,1007.16,0.243490E-01,0.549972E-01,0.255270E-02,332.783,1170.58,0.214636E-02,28.4290,837.794,265.065,-0.309902,-1.17817,0.173754E-01,1.21837,0.142911E-12,-0.134174E-13,1.21837,2.90828,288.607,255.263,0.817137,-9999,0.145991,0.307591,-4.23505,-0.474611,1.64733,-0.357012,0,-9999,-9999,-9999,-9999,-9999,-9999,-9999,-0.250516E-01,1.01185,63.1123,1.01991,31.2293,1.17201,-9.16448,1.17201,0.699364,1.17201,800000099,800001199,800000099,800000099,800000099,800000099,800000199,800000199,81100,81100,80,81,3,5,3,27,16,21,0.307725,0.269879,0.375777E-01,0.382676,0.867755E-02,55.7744,0.526889E-01,-0.916448E-02,0.699364,15.9973,0.472222,249.000,56.2500,12.2708,97492.3,1.22585
CH-CHA_201201150800.csv,2012-01-15,14:00,15.5832,1,36000,36000,-0.438566E-01,1,0.568202E-02,41.1170,1,3.86692,43.5613,1,3.30075,-6.74034,1,0.820400,0.976405,1,0.739846E-01,1.49391,-0.198626,-0.110652,-0.445211E-02,0.218897E-09,0.173547E-11,17.3914,424.854,426.290,0.350000,0,137.884,3.36836,3.37975,0.350000,0,283.720,283.417,96559.5,1.18543,1007.14,0.244289E-01,0.632710E-01,0.248467E-02,324.987,1246.32,0.209601E-02,26.0756,921.337,264.761,-1.24622,-0.904701,0.101323,1.54331,-0.368873E-13,0.125865E-13,1.54331,4.14538,331.369,215.978,3.76434,-9999,0.192345,0.395487,-14.7063,-0.136676,0.943888,-0.179052,0,-9999,-9999,-9999,-9999,-9999,-9999,-9999,-0.433770E-01,1.01106,42.4942,1.02004,36.3498,1.17379,-7.89588,1.17379,0.814763,1.17379,800000099,800000099,800000099,800000099,800000099,800000099,800000199,800100199,81000,81000,80,80,22,13,2,13,22,16,0.350908,0.400129,0.399377E-01,0.147519,0.785460E-02,71.4924,0.355932E-01,-0.789588E-02,0.814763,15.9977,0.521667,249.000,56.2500,12.5364,97447.5,1.23093
CH-CHA_201201151400.csv,2012-01-15,14:30,15.6040,1,36000,36000,-0.689204E-01,1,0.134764E-01,6.73609,2,1.56895,21.4061,1,2.20159,-6.30254,1,0.627956,0.479901,1,0.493572E-01,0.326368,-0.377154,-0.146290,-0.845538E-02,0.385928E-09,0.293849E-11,17.2709,422.194,423.556,0.450000,0,131.502,3.21462,3.22499,0.400000,0,283.911,283.621,96559.5,1.18464,1007.06,0.244454E-01,0.310976E-01,0.236967E-02,310.169,1263.45,0.200033E-02,24.5494,953.281,264.164,-0.626265,-0.733105,0.697128E-01,0.966701,0.117287E-12,0.223455E-13,0.966701,3.00117,323.843,229.494,4.13542,-9999,0.241202,0.566470,-177.015,-0.113550E-01,0.314681,-0.234092E-01,0,37.8369,-5.74189,12.9882,32.3424,49.3242,69.1779,103.641,-0.680336E-01,1.01304,7.67709,1.02027,18.1134,1.17154,-5.84601,1.17154,0.406083,1.17154,800000099,800001199,800000099,800000099,800000099,800000099,800100199,810100199,80100,80100,80,81,1,4,0,16,3,16,0.802526,0.295161,0.352531E-01,0.158969,0.535629E-02,68.3646,0.643511E-02,-0.584601E-02,0.406083,16.0000,0.365556,249.000,56.2500,12.5170,97404.3,1.23856
CH-CHA_201201151400.csv,2012-01-15,15:00,15.6249,1,36000,36000,-0.213282E-01,1,0.379313E-02,19.7029,0,3.56265,25.0253,0,2.19605,-3.52450,0,0.421149,0.560885,0,0.492192E-01,-0.465013,-0.444080,-0.454707E-01,-0.995302E-02,-0.431883E-09,-0.310955E-11,17.2558,421.369,422.651,0.500000E-01,0,124.242,3.03385,3.04308,0.100000,0,283.603,283.330,96559.5,1.18594,1006.95,0.244189E-01,0.363453E-01,0.223884E-02,292.743,1239.14,0.188782E-02,23.6247,946.397,263.428,-0.390239,0.531892,0.571694E-01,0.662166,-0.121451E-12,-0.250282E-13,0.662166,3.13008,69.4389,126.267,4.95291,-9999,0.134105,0.395273,-10.4008,-0.193254,0.787319,-0.123031,0,-9999,-9999,-9999,-9999,-9999,-9999,-9999,-0.209938E-01,1.01593,20.5375,1.02179,20.9963,1.17291,-4.06299,1.17291,0.470583,1.17291,800000099,800001199,800000099,800000099,800010099,800011099,800010199,801110199,80100,80100,80,81,3,3,0,27,35,30,0.390054,0.360211,0.402808E-01,0.132911,0.222822E-02,29.9936,0.171979E-01,-0.406299E-02,0.470583,15.9961,4.32000,249.000,56.2500,12.7305,97400.3,1.24655
CH-CHA_201201151400.csv,2012-01-15,15:30,15.6457,1,36000,36000,-0.250263E-01,1,0.562235E-02,5.20506,1,2.54334,16.6197,0,1.88284,-2.29945,0,0.333690,0.372832,0,0.422381E-01,1.51910,-0.265239,0.177215E-01,-0.595014E-02,-0.782782E-10,-0.543042E-12,17.2117,421.691,422.929,0.150000,0,119.404,2.92542,2.93400,0.150000,0,284.548,284.284,96559.5,1.18201,1006.91,0.245002E-01,0.241595E-01,0.215165E-02,282.290,1320.41,0.182034E-02,21.3791,1038.12,262.968,-1.01754,0.441965,0.804378E-01,1.11229,0.958447E-13,-0.454795E-14,1.11229,3.37248,29.3474,156.522,4.14710,-9999,0.145508,0.571200,-50.2920,-0.399666E-01,0.313186,-0.300555E-01,0,-9999,-9999,-9999,-9999,-9999,-9999,-9999,-0.247231E-01,1.01227,5.93980,1.02000,14.0731,1.17169,-2.32258,1.17169,0.315704,1.17169,800000099,800000099,800000099,800000099,800000099,800001199,800010199,800110199,80000,80000,80,81,3,10,0,13,69,57,0.376448,0.717651,0.483017E-01,0.696181E-01,0.142134E-02,25.1532,0.499066E-02,-0.232258E-02,0.315704,16.0000,13.8167,249.000,56.2500,11.4244,97400.2,1.23872
CH-CHA_201201151400.csv,2012-01-15,16:00,15.6665,1,36000,36000,-0.267018E-01,1,0.425447E-02,0.304546,2,0.352452,-6.50662,2,2.71005,-1.62197,1,0.227993,-0.146056,2,0.608330E-01,1.04120,0.206786,-0.672970E-01,0.464177E-02,-0.292026E-09,-0.209069E-11,17.1217,420.462,421.732,0.300000,0,122.579,3.01020,3.01929,9.65000,0,285.211,284.939,96559.5,1.17925,1006.97,0.245573E-01,-0.946440E-02,0.220887E-02,290.464,1378.91,0.187310E-02,21.0647,1088.45,263.329,-1.24982,-0.387132,0.806038E-01,1.31088,0.278948E-12,-0.170559E-13,1.31088,4.17575,348.398,197.210,3.52524,-9999,0.150476,0.378292,-950.649,-0.211435E-02,-0.468056E-01,-0.170436E-02,0,-9999,-9999,-9999,-9999,-9999,-9999,-9999,-0.264436E-01,1.00977,-0.226508E-01,1.01945,-5.42410,1.19687,-1.31678,1.19687,-0.121756,1.19687,800000099,800000099,800000099,800000099,800100099,800101099,800110199,801110199,80100,80100,80,81,0,7,2,5,39,0,0.383751,0.347945,0.248885E-01,0.442537E-01,0.131454E-02,59.7509,-0.190747E-04,-0.131678E-02,-0.121756,15.9957,8.71278,249.000,56.2500,10.1316,97400.3,1.23067
CH-CHA_201201151400.csv,2012-01-15,16:30,15.6873,1,36000,36000,-0.209381E-01,1,0.337606E-02,-16.8655,0,2.06971,13.7075,0,1.25131,0.458932E-01,0,0.104115,0.307891,0,0.281062E-01,1.04831,-0.707157,0.437975E-01,-0.158838E-01,-0.731914E-12,-0.472480E-14,17.1162,421.264,422.413,0.150000,0,110.492,2.71943,2.72684,0.150000,0,285.846,285.599,96559.5,1.17666,1006.83,0.246120E-01,0.199513E-01,0.199106E-02,262.430,1440.26,0.169214E-02,18.2210,1177.83,262.050,-1.54843,0.793578,0.835758E-01,1.74195,0.383729E-13,-0.427615E-16,1.74195,4.16401,34.3627,152.865,2.75001,-9999,0.133396,0.383378,11.9589,0.168076,-1.23038,0.106721,0,-9999,-9999,-9999,-9999,-9999,-9999,-9999,-0.206000E-01,1.01641,-15.6981,1.03465,10.3712,1.34175,0.573480,1.34175,0.232952,1.34175,800000099,800000099,800000099,800000099,800001099,800111199,800000199,800110199,80100,80100,80,80,17,19,15,47,35,35,0.360415,0.351137,0.552040E-01,0.733750E-01,0.222933E-03,18.5318,-0.132507E-01,0.573480E-03,0.232952,15.9981,7.50667,249.000,56.2500,7.65103,97401.4,1.22185
CH-CHA_201201151400.csv,2012-01-15,17:00,15.7082,0,36000,36000,-0.158886E-01,0,0.286134E-02,-10.6601,0,3.79636,4.99197,0,2.14915,0.496875,0,0.747002,0.112257,0,0.483290E-01,1.90583,0.299198,0.255183,0.672820E-02,-0.636874E-10,-0.425094E-12,17.2333,425.955,427.170,0.850000,0,115.027,2.84312,2.85123,0.200000,0,287.065,286.806,96559.5,1.17165,1006.92,0.247169E-01,0.727423E-02,0.207279E-02,274.356,1558.47,0.176912E-02,17.6042,1284.11,262.609,-0.882030,0.453958,0.550203E-01,0.993520,-0.127500E-13,-0.369560E-14,0.993520,3.19914,38.0546,152.766,3.17461,-9999,0.116451,0.199195,12.5877,0.159680,-2.13546,0.775934E-01,0,-9999,-9999,-9999,-9999,-9999,-9999,-9999,-0.156443E-01,1.01562,-10.1085,1.03185,3.87819,1.32509,0.748652,1.32509,0.872106E-01,1.32509,800000099,800000099,800000099,800000099,800000099,800101099,800100199,801110199,80000,80000,80,81,12,6,5,20,21,12,0.228567,0.142042,0.277812E-01,0.240122,0.104686E-01,46.8088,-0.856825E-02,0.748652E-03,0.872106E-01,15.9957,8.95333,249.000,56.2500,3.37349,97407.5,1.19390
CH-CHA_201201151400.csv,2012-01-15,17:30,15.7290,0,36000,36000,0.916159E-02,1,0.194769E-02,7.88488,2,2.62370,-10.3392,2,2.87286,-3.97851,2,1.02060,-0.232413,2,0.645787E-01,-0.627551,1.09177,0.484395,0.245418E-01,0.407660E-09,0.308780E-11,17.6150,434.850,436.287,-1.00000,0,133.424,3.29375,3.30464,-1.00000,0,286.709,286.409,96559.5,1.17307,1007.16,0.246863E-01,-0.150604E-01,0.240431E-02,317.796,1518.69,0.204958E-02,20.9257,1200.89,264.474,-0.170021,0.197641E-01,-0.457556E-02,0.171227,0.125530E-12,0.231427E-13,0.171227,1.54162,354.526,173.369,-1.53125,-9999,0.883736E-01,0.935262E-01,-7.43839,-0.270220,-0.762623,-0.755178E-01,0,-9999,-9999,-9999,-9999,-9999,-9999,-9999,0.880355E-02,1.04067,7.08303,1.03804,-8.72162,1.19742,-3.58103,1.19742,-0.196052,1.19742,800000099,800000099,800000099,800000099,800001099,800101099,811110199,811110199,80100,80100,80,81,2,2,2,1,14,0,0.663742E-01,0.113755,0.692320E-02,0.565216,0.585087E-01,146.640,0.599510E-02,-0.358103E-02,-0.196052,15.9973,0.393333,249.000,56.2500,0.408331,97449.7,1.15766
CH-CHA_201201151400.csv,2012-01-15,18:00,15.7498,0,36000,36000,0.882705E-02,1,0.100486E-02,-12.1688,1,2.39883,-1.13151,2,0.435204,6.62939,1,1.02532,-0.254217E-01,2,0.977772E-02,-0.875932,0.442332,0.443074,0.993787E-02,-0.712189E-10,-0.558839E-12,17.9776,442.970,444.515,4.60000,0,141.066,3.47589,3.48801,-1.00000,0,286.172,285.857,96559.5,1.17526,1007.24,0.246401E-01,-0.164732E-02,0.254202E-02,335.349,1464.76,0.216294E-02,22.8945,1129.41,265.164,-0.607583E-01,0.375570E-01,-0.204819E-02,0.714583E-01,-0.117964E-13,-0.396153E-14,0.714583E-01,1.29669,19.9196,148.278,-1.64248,-9999,0.866644E-01,0.847200E-01,4.54555,0.442190,10.7545,0.118615,0,-9999,-9999,-9999,-9999,-9999,-9999,-9999,0.849583E-02,1.03899,-11.5187,1.06081,-0.582394,1.54842,4.70618,1.54842,-0.130846E-01,1.54842,800000099,800100099,800000099,800000099,800011099,800111099,811110199,811110199,80000,80000,80,81,0,0,1,23,33,1,0.388712E-01,0.127609,0.296025E-02,0.209155,0.652809E-01,20.0341,-0.973044E-02,0.470618E-02,-0.130846E-01,16.0000,0.258889,249.000,56.2500,-1.33533,97480.4,1.13345
CH-CHA_201201151400.csv,2012-01-15,18:30,15.7707,0,36000,36000,0.228669E-02,1,0.117211E-02,-8.14821,0,3.43552,2.73430,0,0.812689,18.0780,0,1.77183,0.614023E-01,0,0.182499E-01,-0.789878,-0.317191,0.104844,-0.712293E-02,-0.831480E-10,-0.625276E-12,18.0877,444.888,446.382,10.0000,0,136.020,3.34557,3.35680,10.0000,0,285.662,285.359,96559.5,1.17737,1007.16,0.245962E-01,0.397887E-02,0.245108E-02,322.791,1417.67,0.208183E-02,22.7690,1094.88,264.674,-0.129833,0.211716,0.121029E-01,0.248649,0.695695E-14,-0.459694E-14,0.248649,1.68656,72.2746,121.518,2.78995,-9999,0.440705E-01,0.104996,0.892649,2.25173,-2.97999,0.155920,0,-9999,-9999,-9999,-9999,-9999,-9999,-9999,0.212550E-02,1.07584,-7.02030,1.15085,1.13422,2.53128,7.30312,2.53128,0.254703E-01,2.53128,800000099,800000099,800000099,800000099,800101099,800111099,811100199,811110199,81100,81100,80,81,0,0,2,0,3,0,0.538965E-01,0.152157,0.393924E-02,0.392460,0.139335,17.3772,-0.592030E-02,0.730312E-02,0.254703E-01,16.0000,0.472222,249.000,56.2500,-2.50431,97487.4,1.12676
CH-CHA_201201151400.csv,2012-01-15,19:00,15.7915,0,36000,36000,-0.151147E-02,2,0.217762E-02,-5.29983,1,2.82722,1.13564,0,0.720053,9.24890,0,1.48375,0.254824E-01,0,0.161572E-01,-1.28899,0.326656,0.313444,0.732978E-02,0.429787E-10,0.331854E-12,18.3715,450.607,452.180,7.55000,0,141.853,3.47929,3.49144,9.70000,0,284.864,284.550,96559.5,1.18066,1007.22,0.245274E-01,0.165126E-02,0.255619E-02,335.678,1343.88,0.216506E-02,24.9783,1008.20,265.177,0.801732E-01,0.317573,0.114042E-01,0.327735,0.158924E-12,0.233942E-14,0.327735,1.34852,111.010,75.8314,1.99412,-9999,0.357797E-01,0.129522,0.734431,2.73681,-4.66683,0.124559,0,-9999,-9999,-9999,-9999,-9999,-9999,-9999,-0.139140E-02,1.08629,-4.50227,1.17159,0.444590,2.76818,3.44095,2.76818,0.997608E-02,2.76818,800000099,800100099,800000099,800000099,800000099,800110099,811110199,811110199,81100,81100,80,81,2,0,1,8,19,0,0.155004,0.100825,0.321508E-02,0.286250,0.130064,12.9207,-0.378602E-02,0.344095E-02,0.997608E-02,16.0000,0.363333,249.000,56.2500,-3.27251,97493.5,1.11575
CH-CHA_201201151400.csv,2012-01-15,19:30,15.8123,0,36000,36000,-0.115599E-02,2,0.101347E-02,1.03962,0,0.739211,-1.82027,1,0.498256,-1.32827,0,0.521112,-0.408448E-01,1,0.111803E-01,0.372658E-02,-0.154993,-0.210208,-0.347786E-02,0.102868E-09,0.786488E-12,18.2154,446.772,448.303,-1.00000,0,139.268,3.41585,3.42755,-1.00000,0,284.860,284.552,96559.5,1.18068,1007.18,0.245271E-01,-0.264674E-02,0.250961E-02,329.563,1344.09,0.212557E-02,24.5194,1014.53,264.940,0.305928,0.360186,0.229497E-01,0.473131,0.894804E-13,0.564730E-14,0.473131,1.20354,135.368,49.6568,2.78029,-9999,0.312905E-01,0.798333E-01,-2.50415,-0.802667,-0.571134,-0.279397E-01,0,-9999,-9999,-9999,-9999,-9999,-9999,-9999,-0.113372E-02,1.01965,0.923933,1.02410,-1.55875,1.17602,-1.16155,1.17602,-0.349766E-01,1.17602,800000099,800100099,800000099,800000099,800110099,800111099,811110199,811110199,81100,81100,80,80,0,0,0,18,15,0,0.784118E-01,0.781644E-01,0.309047E-02,0.173581,0.330928E-01,6.60087,0.776963E-03,-0.116155E-02,-0.349766E-01,15.9953,0.363333,249.000,56.2500,-3.64538,97497.7,1.11248
CH-CHA_201201151400.csv,2012-01-15,20:00,15.8332,0,36000,36000,0.809939E-02,1,0.255073E-02,-6.11391,1,4.18276,-0.242721,2,0.283814,3.08676,1,1.77647,-0.544499E-02,2,0.636683E-02,-0.426450,0.108844,0.349388,0.244170E-02,0.262335E-10,0.200329E-12,18.4922,453.140,454.713,6.60000,0,141.213,3.46035,3.47237,2.85000,0,284.596,284.284,96559.5,1.18177,1007.20,0.245044E-01,-0.352835E-03,0.254466E-02,333.852,1320.45,0.215327E-02,25.2832,986.599,265.106,0.117569,0.277649,0.119444E-02,0.301518,0.506967E-14,0.141863E-14,0.301518,1.70044,129.538,67.0500,0.226974,-9999,0.827866E-01,0.100509,7.88603,0.254881,25.1891,0.620455E-01,0,-9999,-9999,-9999,-9999,-9999,-9999,-9999,0.792470E-02,1.02204,-5.88663,1.04071,-0.916363E-01,1.39840,2.44804,1.39840,-0.205569E-02,1.39840,800000099,800000099,800000099,800000099,800001099,810111099,811110199,811110199,81100,81100,80,81,5,0,8,13,7,2,0.149344,0.465488E-01,0.512515E-02,0.440319,0.151302,6.54448,-0.494559E-02,0.244804E-02,-0.205569E-02,16.0000,0.400000,249.000,56.2500,-4.17697,97499.9,1.10629
CH-CHA_201201152000.csv,2012-01-15,20:30,15.8540,0,36000,36000,0.784879E-02,1,0.215501E-02,-1.69461,1,2.43915,-0.329340,1,0.294070,2.42125,1,1.16152,-0.738577E-02,1,0.659480E-02,-0.534114,-0.944370E-01,-0.460726E-01,-0.211784E-02,-0.343936E-10,-0.260198E-12,18.4799,452.301,453.854,6.85000,0,139.806,3.42180,3.43354,1.60000,0,284.258,283.950,96559.5,1.18318,1007.18,0.244753E-01,-0.478598E-03,0.251931E-02,330.137,1291.40,0.212927E-02,25.5643,961.259,264.962,0.308821,0.365991,0.173739E-01,0.479189,-0.576418E-14,-0.186113E-14,0.479189,1.43321,138.405,49.8425,2.07782,-9999,0.814472E-01,0.132605,27.0926,0.741899E-01,5.14546,0.174598E-01,0,-9999,-9999,-9999,-9999,-9999,-9999,-9999,0.773427E-02,1.01481,-1.66709,1.02619,-0.235970,1.25861,1.99994,1.25861,-0.529186E-02,1.25861,800000099,800000099,800000099,800000099,800000099,800000099,811100199,811100199,80000,80000,80,81,4,0,4,10,17,68,0.128415,0.131855,0.493994E-02,0.304168,0.682822E-01,2.37561,-0.139896E-02,0.199994E-02,-0.529186E-02,16.0000,0.221111,249.000,56.2500,-4.34775,97500.1,1.10238
CH-CHA_201201152000.csv,2012-01-15,21:00,15.8748,0,36000,36000,0.258368E-02,2,0.225357E-02,0.760059E-01,2,1.01090,0.942144,1,0.282076,4.39610,0,1.71526,0.211317E-01,1,0.632680E-02,0.258487,0.240500E-01,-0.144079,0.539427E-03,-0.203813E-09,-0.155536E-11,18.3622,449.677,451.225,10.0000,0,140.127,3.43162,3.44344,-1.00000,0,284.421,284.112,96559.5,1.18250,1007.18,0.244893E-01,0.136934E-02,0.252509E-02,331.084,1305.39,0.213539E-02,25.3627,974.311,264.999,-0.361721,0.177522,0.136953E-01,0.403167,0.237045E-13,-0.110996E-13,0.403167,2.01837,31.2401,153.860,1.94667,-9999,0.467432E-01,0.156219,-114.184,-0.176032E-01,0.806733E-01,-0.136527E-02,0,-9999,-9999,-9999,-9999,-9999,-9999,-9999,0.252836E-02,1.02188,0.121235,1.02553,0.795771,1.17812,3.71991,1.17812,0.178487E-01,1.17812,800000099,800000099,800000099,800000099,800100099,800100099,811100199,811100199,81100,81100,80,81,4,20,3,14,19,13,0.126924,0.175325,0.101883E-01,0.867384,0.115495,4.29372,0.101793E-03,0.371991E-02,0.178487E-01,16.0000,0.257778,249.000,56.2500,-4.43170,97500.2,1.10262
CH-CHA_201201152000.csv,2012-01-15,21:30,15.8956,0,36000,36000,-0.599015E-02,1,0.114826E-02,-4.65701,0,5.57991,-0.901789,1,0.306465,1.59853,0,0.982664,-0.202428E-01,1,0.687933E-02,1.32839,0.275198,-0.490427,0.617747E-02,0.612897E-11,0.492924E-13,17.9429,440.717,442.284,5.15000,0,144.306,3.54448,3.55709,1.80000,0,285.268,284.947,96559.5,1.17898,1007.26,0.245622E-01,-0.131173E-02,0.260040E-02,341.960,1379.68,0.220563E-02,24.7854,1037.72,265.415,-0.906949,0.267903,0.473592E-01,0.946875,-0.560174E-13,0.341582E-15,0.946875,2.34721,24.1665,163.543,2.86692,-9999,0.712796E-01,0.198202,6.60843,0.304157,5.16419,0.550164E-01,0,-9999,-9999,-9999,-9999,-9999,-9999,-9999,-0.586772E-02,1.02087,-4.50439,1.04280,-0.564297,1.43563,1.29168,1.43563,-0.126670E-01,1.43563,800000099,800001199,800000099,800000099,800000099,800100099,811100099,811100099,80000,80000,80,81,3,4,6,0,13,15,0.114134,0.267603,0.146665E-01,1.00337,0.544435E-01,2.39251,-0.379303E-02,0.129168E-02,-0.126670E-01,16.0000,0.434444,249.000,56.2500,-3.79530,97509.9,1.12312
CH-CHA_201201152000.csv,2012-01-15,22:00,15.9165,0,36000,36000,0.175220E-02,2,0.176130E-02,-6.87295,0,2.73589,-5.31221,0,0.462399,15.5002,0,1.52749,-0.119114,0,0.103682E-01,-1.83212,-0.104321,0.853739,-0.233915E-02,-0.193085E-10,-0.148201E-12,18.6507,456.251,457.854,9.85000,0,143.152,3.50192,3.51422,9.50000,0,284.115,283.799,96559.5,1.18377,1007.22,0.244630E-01,-0.771860E-02,0.257960E-02,337.858,1278.55,0.217914E-02,26.4251,940.691,265.260,0.301664,0.346990,0.202299E-01,0.460231,-0.563348E-13,-0.103527E-14,0.460231,1.84957,137.929,48.9972,2.51930,-9999,0.384732E-01,0.147345,0.704088,2.85475,1.29380,0.149829,0,-9999,-9999,-9999,-9999,-9999,-9999,-9999,0.160832E-02,1.08946,-5.94936,1.17770,-1.81140,2.85081,5.58905,2.85081,-0.406164E-01,2.85081,800000099,800000099,800000099,800000099,800011199,800111199,811110199,811110199,80000,80000,80,81,24,0,4,26,34,53,0.910892E-01,0.200208,0.339160E-02,0.293440,0.109319,5.82180,-0.498977E-02,0.558905E-02,-0.406164E-01,15.9938,0.381111,249.000,56.2500,-3.94493,97511.9,1.10846
CH-CHA_201201152000.csv,2012-01-15,22:30,15.9373,0,36000,36000,0.655056E-02,1,0.223647E-02,1.77708,2,0.720740,1.07530,2,0.267707,5.50653,1,1.42604,0.240995E-01,2,0.599982E-02,-0.807664,-0.280722,0.182584,-0.629152E-02,-0.141996E-09,-0.104671E-11,18.8204,459.567,461.129,8.75000,0,138.733,3.38765,3.39916,-1.00000,0,283.599,283.294,96559.5,1.18593,1007.14,0.244185E-01,0.156165E-02,0.249996E-02,326.846,1236.15,0.210802E-02,26.4405,909.309,264.834,-0.425290E-01,0.683176E-01,0.129222E-02,0.804840E-01,-0.253412E-13,-0.754479E-14,0.804840E-01,1.61137,54.2582,121.903,0.919960,-9999,0.743207E-01,0.114903,-19.6294,-0.102397,1.65263,-0.200192E-01,0,-9999,-9999,-9999,-9999,-9999,-9999,-9999,0.611499E-02,1.07123,1.72977,1.05888,0.843944,1.23130,4.38285,1.23130,0.189144E-01,1.23130,800000099,800100099,800000099,800000099,800011199,800111199,811110099,811110199,80000,80000,80,81,0,19,6,16,25,28,0.145685,0.809312E-01,0.319003E-02,0.261675,0.127852,9.72926,0.144823E-02,0.438285E-02,0.189144E-01,16.0000,0.327778,249.000,56.2500,-4.80824,97520.9,1.09346
CH-CHA_201201152000.csv,2012-01-15,23:00,15.9581,0,36000,36000,-0.116357E-01,1,0.296126E-02,-9.57003,1,5.52496,-4.90500,1,0.677445,7.44451,1,2.45653,-0.109945,1,0.151849E-01,0.226318,-0.144366,-0.196977,-0.323594E-02,0.615033E-10,0.448992E-12,18.6649,455.988,457.511,5.70000,0,136.259,3.32885,3.33996,3.45000,0,283.735,283.436,96559.5,1.18536,1007.11,0.244303E-01,-0.712445E-02,0.245539E-02,321.178,1247.92,0.207142E-02,25.7372,926.737,264.610,-0.710726E-01,0.505901E-01,0.761111E-02,0.875705E-01,0.242557E-13,0.329514E-14,0.875705E-01,2.47846,118.347,144.556,4.98610,-9999,0.990764E-01,0.211705,8.63534,0.232765,1.95107,0.809118E-01,0,-9999,-9999,-9999,-9999,-9999,-9999,-9999,-0.112645E-01,1.03295,-9.35574,1.04617,-3.36606,1.40127,5.72517,1.40127,-0.754501E-01,1.40127,800000099,800000099,800000099,800000099,800100099,800100199,811100199,811110199,81000,81000,80,81,4,0,9,24,27,71,0.278284,0.138353,0.677400E-02,0.895744,0.258455,9.68877,-0.783695E-02,0.572517E-02,-0.754501E-01,16.0000,0.212222,249.000,56.2500,-4.94153,97519.6,1.09146
CH-CHA_201201152000.csv,2012-01-15,23:30,15.9790,0,36000,36000,0.567567E-02,1,0.233099E-02,-10.8642,1,5.46638,-3.20784,2,0.833674,12.1067,1,1.68335,-0.718801E-01,2,0.186807E-01,-0.544466,0.862615E-02,-0.783032E-01,0.193292E-03,-0.152760E-09,-0.111986E-11,18.6290,454.567,456.087,8.95000,0,136.566,3.33235,3.34350,7.50000,0,283.395,283.096,96559.5,1.18679,1007.11,0.244010E-01,-0.465783E-02,0.246093E-02,321.517,1219.82,0.207360E-02,26.3576,898.307,264.623,-0.441287,-0.286247E-01,0.171617E-01,0.442547,-0.631729E-13,-0.820009E-14,0.442547,1.90108,20.9468,183.711,2.22245,-9999,0.691548E-01,0.191129,2.58670,0.777051,3.38677,0.131440,0,-9999,-9999,-9999,-9999,-9999,-9999,-9999,0.547511E-02,1.03663,-10.2315,1.07361,-1.72412,1.74087,7.31675,1.74087,-0.386335E-01,1.74087,800000099,800000099,800000099,800000099,800000099,800100199,811100199,811100199,81100,81100,80,81,0,6,1,2,9,29,0.138644,0.238642,0.497120E-02,0.772601,0.116040,20.1813,-0.856033E-02,0.731675E-02,-0.386335E-01,16.0000,0.260000,249.000,56.2500,-4.83653,97521.8,1.09297
CH-CHA_201201152000.csv,2012-01-16,00:00,16.0000,0,36000,36000,0.207839E-02,2,0.167882E-02,-7.82579,0,2.68042,11.1978,2,2.21157,12.0889,0,1.11137,0.250898,2,0.495526E-01,-0.116255,-1.19528,-0.237794,-0.267815E-01,0.148761E-09,0.940460E-12,18.4598,450.253,451.538,7.15000,0,116.702,2.84648,2.85461,-1.00000,0,283.279,283.023,96559.5,1.18731,1006.85,0.243910E-01,0.162582E-01,0.210298E-02,274.680,1213.91,0.177121E-02,22.6278,939.225,262.623,-0.411670,-0.217824,0.161182E-01,0.466025,0.609416E-13,0.805862E-14,0.466025,1.57791,351.711,207.884,1.98206,-9999,0.418390E-01,0.129205,0.795170,2.52776,-0.698872,0.156466,0,-9999,-9999,-9999,-9999,-9999,-9999,-9999,0.192670E-02,1.07873,-6.51756,1.15690,4.30401,2.62229,4.72984,2.62229,0.964359E-01,2.62229,800000099,800000099,800000099,800000099,800100099,800110099,810100199,811110199,81000,81000,80,81,0,1,5,21,10,9,0.145566,0.108104,0.473983E-02,0.333150,0.736197E-01,132.522,-0.545202E-02,0.472984E-02,0.964359E-01,15.9969,0.284444,249.000,56.2500,-5.16135,97516.1,1.08671
CH-CHA_201201152000.csv,2012-01-16,00:30,16.0208,0,36000,36000,-0.652949E-02,1,0.273118E-02,-8.77886,1,20.0925,-3.58254,1,1.48287,13.4348,1,2.39049,-0.799414E-01,1,0.330890E-01,-6.99441,0.718275,-0.784427E-01,0.160277E-01,-0.229908E-09,-0.160470E-11,18.6848,448.851,450.262,10.0000,0,130.415,3.13286,3.14271,9.05000,0,278.997,278.719,96559.5,1.20551,1006.92,0.240223E-01,-0.518020E-02,0.235008E-02,302.288,905.051,0.194944E-02,33.4001,602.763,263.836,-0.347570,-0.924609E-01,0.306522E-01,0.360962,0.493791E-13,-0.123046E-13,0.360962,1.39578,353.824,194.897,4.87132,-9999,0.735959E-01,0.116908,3.85792,0.521006,2.45046,0.982691E-01,0,-9999,-9999,-9999,-9999,-9999,-9999,-9999,-0.634183E-02,1.02959,-8.42682,1.05846,-2.16064,1.58271,8.81742,1.58271,-0.482128E-01,1.58271,800000099,800000099,800000099,800000099,800000099,800100099,811100199,811110199,80100,81100,80,81,0,0,1,0,3,8,0.188106,0.407284E-01,0.498042E-02,7.05602,0.188288,46.1850,-0.694219E-02,0.881742E-02,-0.482128E-01,15.9930,0.373333,249.000,56.2500,-5.37592,97512.6,1.08733
CH-CHA_201201152000.csv,2012-01-16,01:00,16.0416,0,36000,36000,0.601490E-02,1,0.134389E-02,7.47967,1,2.10472,2.19649,2,1.85249,4.48468,1,1.39453,0.491985E-01,2,0.414934E-01,6.34715,-3.54729,0.155195,-0.794548E-01,0.948930E-10,0.355833E-12,18.5468,451.662,452.428,10.0000,0,69.5475,1.69366,1.69653,-0.700000,0,282.833,282.681,96559.5,1.18926,1006.22,0.243526E-01,0.318806E-02,0.125325E-02,163.495,1186.35,0.105380E-02,13.7814,1022.85,256.271,-0.356708,0.127452,0.131496E-01,0.379022,-0.805893E-13,0.511641E-14,0.379022,1.60253,23.5488,160.338,1.98819,-9999,0.711173E-01,0.996701E-01,-4.08513,-0.492028,3.40529,-0.878893E-01,0,-9999,-9999,-9999,-9999,-9999,-9999,-9999,0.588065E-02,1.02283,7.39857,1.02615,1.80157,1.17903,3.43703,1.17903,0.403529E-01,1.17903,800000099,800100099,800000099,800000099,800100099,800100099,811100199,811110199,81100,81100,80,81,3,0,2,1,14,0,0.110300,0.874357E-01,0.160462E-02,0.371215,0.204541,201.979,0.618267E-02,0.343703E-02,0.403529E-01,16.0000,0.201111,249.819,61.3679,-5.62865,97524.5,1.08125
CH-CHA_201201152000.csv,2012-01-16,01:30,16.0624,0,36000,36000,-0.599400E-02,0,0.846178E-03,-8.53495,0,6.89694,-3.90764,0,0.620699,9.14003,0,2.89827,-0.876008E-01,0,0.139147E-01,1.42344,0.301227,0.836026,0.675287E-02,-0.187502E-10,-0.729507E-13,19.1096,466.854,467.703,4.05000,0,74.3490,1.81637,1.81967,3.70000,0,283.736,283.572,96559.5,1.18547,1006.30,0.244303E-01,-0.567653E-02,0.133977E-02,175.334,1259.34,0.113016E-02,13.9227,1084.00,257.106,-0.799206,0.345593,0.452143E-01,0.871900,-0.550234E-13,-0.981192E-15,0.871900,1.79293,31.5317,156.615,2.97253,-9999,0.711071E-01,0.132461,3.57863,0.561667,2.18417,0.100616,0,-9999,-9999,-9999,-9999,-9999,-9999,-9999,-0.582238E-02,1.02948,-8.19420,1.06022,-2.36803,1.61183,5.99508,1.61183,-0.530862E-01,1.61183,800000099,800000099,800000099,800000099,800001199,800101199,811100199,811100199,80000,80000,80,81,2,0,3,0,3,21,0.553179E-01,0.192918,0.166873E-01,0.986112,0.204404,5.32022,-0.686888E-02,0.599508E-02,-0.530862E-01,15.9848,2.68278,250.000,62.5000,-5.33088,97526.1,1.09565
CH-CHA_201201152000.csv,2012-01-16,02:00,16.0833,0,36000,36000,-0.437000E-02,1,0.663817E-03,-5.49784,1,3.82230,2.48977,1,4.27128,5.60130,1,1.56570,0.557929E-01,1,0.957145E-01,-0.668871,3.12699,-0.995911,0.700723E-01,-0.147934E-10,-0.101803E-12,18.3894,448.776,450.167,9.15000,0,126.549,3.08831,3.09788,-1.00000,0,283.432,283.154,96559.5,1.18665,1006.98,0.244041E-01,0.361538E-02,0.228041E-02,297.993,1224.60,0.192171E-02,24.3338,926.611,263.654,-0.731117,0.210443,0.445572E-01,0.762105,-0.970385E-13,-0.804457E-15,0.762105,1.89476,20.8870,163.942,3.35177,-9999,0.606847E-01,0.122834,3.45388,0.581954,-2.20817,0.758174E-01,0,-9999,-9999,-9999,-9999,-9999,-9999,-9999,-0.424483E-02,1.02949,-5.09737,1.06006,1.59837,1.61030,3.64845,1.61030,0.358176E-01,1.61030,800000099,800001199,800000099,800000099,800000099,800100099,811100199,811110199,80000,80000,80,81,1,0,3,0,0,2,0.641561E-01,0.172783,0.872866E-02,0.768464,0.986902E-01,386.817,-0.426582E-02,0.364845E-02,0.358176E-01,15.9957,2.59944,249.034,56.4633,-4.83397,97505.7,1.09413
CH-CHA_201201160200.csv,2012-01-16,02:30,16.1041,0,36000,36000,-0.301462E-01,1,0.471365E-02,-41.0491,1,9.55341,-13.2029,1,2.85113,31.4217,1,4.93380,-0.295634,1,0.638413E-01,-1.29106,-1.24447,0.854368,-0.278657E-01,-0.480534E-09,-0.267472E-11,19.0802,464.238,465.441,10.0000,0,106.203,2.58401,2.59071,10.0000,0,282.581,282.349,96559.5,1.19026,1006.69,0.243309E-01,-0.191571E-01,0.191378E-02,249.373,1160.15,0.160787E-02,21.4950,910.775,261.413,-0.249970,-0.126700E-01,0.285224E-01,0.251911,-0.775217E-13,-0.251849E-13,0.251911,1.25296,29.6861,182.902,6.50120,-9999,0.159146,0.176005,8.34262,0.240931,3.10910,0.215263,0,-9999,-9999,-9999,-9999,-9999,-9999,-9999,-0.294777E-01,1.02268,-40.0116,1.04056,-9.04849,1.39176,24.3389,1.39176,-0.202610,1.39176,800000099,800000099,800000099,800000099,800000099,800101099,811100199,811110199,80100,80100,80,81,6,1,2,7,0,34,0.246807,0.985572E-01,0.664569E-02,1.13402,0.402306,81.6847,-0.333924E-01,0.243389E-01,-0.202610,15.9981,0.366667,249.000,56.2500,-5.18087,97522.5,1.08353
CH-CHA_201201160200.csv,2012-01-16,03:00,16.1249,0,36000,36000,0.677155E-02,0,0.180996E-02,-5.79590,0,3.91250,4.16080,2,2.57828,9.18149,0,2.45807,0.930733E-01,2,0.576737E-01,-1.69687,-1.04919,0.760925,-0.234695E-01,0.154656E-09,0.699226E-12,19.7202,477.956,478.991,10.0000,0,89.1586,2.16092,2.16560,-1.00000,0,281.488,281.295,96559.5,1.19491,1006.45,0.242368E-01,0.603115E-02,0.160664E-02,208.570,1080.27,0.134457E-02,19.3073,871.697,259.208,0.127059,0.149291,0.164028E-02,0.196047,0.135634E-13,0.784250E-14,0.196047,1.00055,144.472,49.5996,0.479385,-9999,0.752794E-01,0.663253E-01,6.25305,0.321443,-1.39298,0.640205E-01,0,-9999,-9999,-9999,-9999,-9999,-9999,-9999,0.659973E-02,1.02603,-5.37320,1.04620,2.92680,1.44188,6.57120,1.44188,0.654699E-01,1.44188,800000099,800001199,800000099,800000099,800000099,800000099,811110199,811110199,80000,80000,81,81,0,0,0,8,6,5,0.804885E-01,0.434718E-01,0.869039E-02,0.262108,0.113217,209.754,-0.446794E-02,0.657120E-02,0.654699E-01,15.9981,0.405556,249.485,59.2785,-5.85573,97529.7,1.06544
CH-CHA_201201160200.csv,2012-01-16,03:30,16.1458,0,36000,36000,-0.613286E-02,1,0.226164E-02,-6.88293,1,4.61340,-3.96946,1,1.12986,11.8064,1,2.38625,-0.887537E-01,1,0.252627E-01,-0.752349,-1.90380,0.690787,-0.425674E-01,0.147552E-09,0.419742E-12,20.2716,490.385,491.070,10.0000,0,57.6667,1.39500,1.39695,8.40000,0,280.953,280.829,96559.5,1.19724,1006.03,0.241907E-01,-0.575124E-02,0.103915E-02,134.677,1046.49,0.867956E-03,12.8694,911.809,253.985,0.566954,0.314648,0.340964E-01,0.649310,-0.674354E-13,0.727877E-14,0.649310,1.57016,157.904,29.0294,3.01009,-9999,0.715716E-01,0.121032,4.52457,0.444241,1.73397,0.798438E-01,0,-9999,-9999,-9999,-9999,-9999,-9999,-9999,-0.597764E-02,1.02597,-6.69014,1.05259,-2.55076,1.53344,7.99666,1.53344,-0.570327E-01,1.53344,800000099,800000099,800000099,800000099,800000099,800011099,811100199,811100199,81100,81100,80,81,11,2,1,13,18,18,0.104593,0.132081,0.538914E-02,0.415042,0.165972,23.2111,-0.555449E-02,0.799666E-02,-0.570327E-01,15.9973,0.336667,250.000,62.5000,-6.18625,97555.5,1.06268
CH-CHA_201201160200.csv,2012-01-16,04:00,16.1666,0,36000,36000,0.385671E-02,1,0.638667E-03,-1.96091,1,1.01421,-3.83676,1,0.761172,-2.10126,1,0.583251,-0.857811E-01,1,0.170181E-01,-0.106161,-1.23227,0.207384,-0.275508E-01,0.234370E-11,0.426639E-14,20.4338,494.115,494.560,-1.00000,0,37.1969,0.899468,0.900278,3.40000,0,280.843,280.763,96559.5,1.19775,1005.76,0.241813E-01,-0.555862E-02,0.670288E-03,86.8507,1041.80,0.559624E-03,8.33663,954.946,248.983,0.525568,0.330219,0.256361E-01,0.621227,0.663706E-13,0.114697E-15,0.621227,1.09151,153.487,32.1415,2.36509,-9999,0.567448E-01,0.405100E-01,7.91436,0.253969,0.511085,0.286862E-01,0,-9999,-9999,-9999,-9999,-9999,-9999,-9999,0.378008E-02,1.02027,-2.04245,1.04052,-2.71047,1.41070,-1.37549,1.41070,-0.605999E-01,1.41070,800000099,800100099,800000099,800000099,800000099,800000099,811100199,811110199,80100,80100,80,81,0,1,6,0,8,28,0.379746E-01,0.412126E-01,0.183290E-02,0.113188,0.523835E-01,37.3671,-0.169548E-02,-0.137549E-02,-0.605999E-01,15.9981,0.420000,250.000,62.5000,-6.61685,97578.6,1.05836
CH-CHA_201201160200.csv,2012-01-16,04:30,16.1874,0,36000,36000,0.135057E-02,2,0.682191E-03,-0.126991,2,0.468923,-1.40685,1,0.668087,-1.43025,1,0.631566,-0.314680E-01,1,0.149436E-01,0.753186,-1.31030,-0.952132E-01,-0.293084E-01,-0.109742E-09,-0.828043E-13,20.3324,492.400,492.583,-1.00000,0,15.3416,0.371535,0.371673,10.0000,0,281.264,281.231,96559.5,1.19599,1005.49,0.242175E-01,-0.203912E-02,0.276455E-03,35.8806,1075.54,0.231151E-03,3.33604,1039.66,239.560,0.331030,0.399516,0.266811E-01,0.519524,0.991167E-13,-0.539738E-14,0.519524,1.07494,128.152,50.3556,2.94382,-9999,0.336042E-01,0.670978E-01,25.3789,0.791996E-01,0.902664E-01,0.314249E-02,0,-9999,-9999,-9999,-9999,-9999,-9999,-9999,0.132960E-02,1.01577,-0.186522,1.02945,-1.08612,1.29458,-1.08693,1.29458,-0.242940E-01,1.29458,800000099,800100099,800000099,800000099,800000099,800010199,811110199,811110199,81100,81100,80,81,2,0,1,8,1,52,0.718378E-01,0.614065E-01,0.951185E-03,0.755831E-01,0.116236,50.4752,-0.155105E-03,-0.108693E-02,-0.242940E-01,15.9981,0.340000,250.999,68.7463,-6.81815,97587.2,1.06223
CH-CHA_201201160200.csv,2012-01-16,05:00,16.2083,0,36000,36000,0.299315E-02,1,0.117565E-02,-2.07339,1,2.47315,8.58598,1,3.28358,2.11315,1,1.26004,0.191953,1,0.734095E-01,-0.844141,1.77346,0.933387,0.396485E-01,0.738015E-10,0.157196E-12,21.0600,509.186,509.738,8.60000,0,44.8573,1.08456,1.08573,10.0000,0,280.804,280.708,96559.5,1.19790,1005.86,0.241779E-01,0.124385E-01,0.808329E-03,104.716,1037.86,0.674789E-03,10.0897,933.141,251.089,0.416839,0.291108,0.177922E-01,0.508739,0.463569E-13,0.350435E-14,0.508739,1.14743,149.239,34.9293,2.00423,-9999,0.499867E-01,0.535871E-01,5.11670,0.392831,-0.241485,0.344246E-01,0,-9999,-9999,-9999,-9999,-9999,-9999,-9999,0.292782E-02,1.02231,-1.64131,1.04422,5.94210,1.44544,1.48364,1.44544,0.132845,1.44544,800000099,800100099,800000099,800000099,800001099,800011199,811100199,811110199,80100,80100,80,80,3,0,2,1,12,11,0.777173E-01,0.272509E-01,0.220601E-02,0.284817,0.127005,450.621,-0.136217E-02,0.148364E-02,0.132845,16.0000,0.298889,251.893,74.3288,-6.89498,97594.0,1.05777
CH-CHA_201201160200.csv,2012-01-16,05:30,16.2291,0,36000,36000,0.237741E-02,1,0.559487E-03,-0.465532,1,0.347422,-1.00905,1,0.831399,1.68748,1,0.732988,-0.225623E-01,1,0.185900E-01,0.254047,-0.829018,0.463189,-0.185368E-01,-0.156623E-10,-0.227298E-13,21.3949,517.519,517.908,10.0000,0,31.0492,0.751047,0.751612,7.25000,0,280.932,280.865,96559.5,1.19738,1005.68,0.241889E-01,-0.146204E-02,0.559507E-03,72.5229,1049.08,0.467277E-03,6.91299,976.559,246.993,0.370097,0.492134,0.263953E-01,0.616331,0.510357E-13,-0.732057E-15,0.616331,1.27773,130.972,53.0559,2.45452,-9999,0.445591E-01,0.371950E-01,16.1415,0.124523,0.461355,0.867603E-02,0,-9999,-9999,-9999,-9999,-9999,-9999,-9999,0.234049E-02,1.01577,-0.496565,1.03046,-0.769487,1.30786,1.32170,1.30786,-0.172056E-01,1.30786,800000099,800100099,800000099,800000099,800000099,810010199,811110199,811110199,81100,81100,80,81,0,0,0,0,0,0,0.499221E-01,0.236691E-01,0.798739E-03,0.535784E-01,0.142730,93.5153,-0.412367E-03,0.132170E-02,-0.172056E-01,16.0000,0.266667,252.790,79.9373,-7.05544,97602.9,1.05853
CH-CHA_201201160200.csv,2012-01-16,06:00,16.2499,0,36000,36000,0.157883E-02,1,0.698712E-03,-0.644142,2,0.783917,-9999,-9999,-9999,-2.15651,1,0.593235,-9999,-9999,-9999,-0.173670,-9999,0.917531,-9999,0.223186E-10,-9999,22.0907,534.017,534.017,-1.00000,0,-9999,-9999,-9999,-9999,0,280.758,280.758,96559.5,1.19818,1005.28,0.241739E-01,-9999,-9999,-9999,1041.40,-9999,-9999,-9999,-9999,0.354105,0.428262,0.278012E-01,0.556392,-0.201055E-13,0.101032E-14,0.556392,1.14774,134.009,50.4146,2.86409,-9999,0.363000E-01,0.334549E-01,6.30630,0.318729,-9999,0.147322E-01,0,-9999,-9999,-9999,-9999,-9999,-9999,-9999,0.154497E-02,1.02191,-0.617185,1.04368,-9999,-9999,-1.46703,1.44131,-9999,-9999,800000099,800100199,800000099,800000199,800011099,800111099,811110199,811110199,80000,81000,80,80,0,0,3,4,2,0,0.448807E-01,0.203870E-01,0.164204E-02,0.104159,0.139873,-9999,-0.512397E-03,-0.146703E-02,-9999,15.9977,0.375556,253.930,87.0636,-7.06463,97614.8,1.05586
CH-CHA_201201160200.csv,2012-01-16,06:30,16.2707,0,36000,36000,0.350611E-02,1,0.872276E-03,-1.53275,1,0.918719,-9999,-9999,-9999,1.84453,1,1.31610,-9999,-9999,-9999,-0.549763,-9999,1.27653,-9999,0.641043E-10,-9999,23.0670,556.942,556.942,10.0000,0,-9999,-9999,-9999,-9999,0,280.417,280.417,96559.5,1.19963,1005.27,0.241446E-01,-9999,-9999,-9999,1017.44,-9999,-9999,-9999,-9999,0.487921,0.541534,0.344058E-01,0.729732,0.386304E-13,0.277905E-14,0.729732,1.24274,138.751,47.9812,2.70242,-9999,0.540616E-01,0.423492E-01,8.75445,0.229598,-9999,0.235098E-01,0,-9999,-9999,-9999,-9999,-9999,-9999,-9999,0.344248E-02,1.01848,-1.47783,1.03716,-9999,-9999,1.41418,1.37824,-9999,-9999,800000099,800100199,800000099,800000199,800011199,800011199,811110099,811110099,80000,80000,80,80,0,5,0,30,23,0,0.395409E-01,0.430708E-01,0.208658E-02,0.133916,0.132355,-9999,-0.122543E-02,0.141418E-02,-9999,15.9977,0.345556,254.990,93.6852,-7.19712,97626.2,1.05301
CH-CHA_201201160200.csv,2012-01-16,07:00,16.2916,0,36000,36000,0.130733E-02,2,0.775295E-03,-2.55644,1,1.75182,-9999,-9999,-9999,-1.69014,1,0.410802,-9999,-9999,-9999,-0.102896E-01,-9999,1.08998,-9999,0.226523E-11,-9999,23.8782,576.516,576.516,-1.00000,0,-9999,-9999,-9999,-9999,0,280.411,280.411,96559.5,1.19966,1005.27,0.241440E-01,-9999,-9999,-9999,1016.99,-9999,-9999,-9999,-9999,0.337920,0.483330,0.261864E-01,0.590325,-0.212598E-13,0.948661E-16,0.590325,1.30733,127.270,55.0407,2.54243,-9999,0.330113E-01,0.472831E-01,1.19505,1.68194,-9999,0.642141E-01,0,-9999,-9999,-9999,-9999,-9999,-9999,-9999,0.123300E-02,1.06028,-2.28061,1.12095,-9999,-9999,-0.673729,2.24071,-9999,-9999,800000099,800100199,800000099,800000199,800011199,800011199,811110099,811110099,80000,80000,80,80,0,1,3,0,18,0,0.675348E-01,0.254273E-01,0.160412E-02,0.298121,0.620277E-01,-9999,-0.189107E-02,-0.673729E-03,-9999,16.0000,0.266667,255.000,93.7500,-7.12162,97667.0,1.05345
CH-CHA_201201160200.csv,2012-01-16,07:30,16.3124,0,36000,36000,0.246465E-02,1,0.618543E-03,-4.39337,1,5.92464,-9999,-9999,-9999,1.83353,1,0.379143,-9999,-9999,-9999,-7.55286,-9999,0.461649E-01,-9999,-0.199027E-10,-9999,24.3109,577.331,577.331,10.0000,0,-9999,-9999,-9999,-9999,0,275.809,275.809,96559.5,1.21967,1005.20,0.237478E-01,-9999,-9999,-9999,737.756,-9999,-9999,-9999,-9999,0.116579,0.399472,0.825361E-02,0.416217,0.459158E-13,-0.818674E-15,0.416217,1.13455,112.134,73.7310,1.13625,-9999,0.449527E-01,0.343033E-01,1.75578,1.14479,-9999,0.797161E-01,0,-9999,-9999,-9999,-9999,-9999,-9999,-9999,0.235431E-02,1.04687,-4.01540,1.09413,-9999,-9999,1.10205,1.95036,-9999,-9999,800000099,800100199,800000099,800000199,800000199,810001199,811110099,811110099,81000,81000,80,81,0,3,0,0,10,0,0.458844E-01,0.217207E-01,0.100159E-02,4.01046,0.276152E-01,-9999,-0.327517E-02,0.110205E-02,-9999,16.0000,0.251111,255.000,93.7500,-7.14503,97683.4,1.04773
CH-CHA_201201160200.csv,2012-01-16,08:00,16.3332,1,36000,36000,0.313336E-03,2,0.223260E-03,-0.210046,2,0.231781,-9999,-9999,-9999,-0.970319,1,0.212913,-9999,-9999,-9999,4.41503,-9999,1.17868,-9999,-0.646541E-10,-9999,24.9505,598.356,598.356,-1.00000,0,-9999,-9999,-9999,-9999,0,278.525,278.525,96559.5,1.20778,1005.24,0.239817E-01,-9999,-9999,-9999,892.957,-9999,-9999,-9999,-9999,0.256975,0.286743,0.118747E-01,0.385226,0.107267E-12,-0.259129E-14,0.385226,0.732257,132.134,48.1338,1.76644,-9999,0.161069E-01,0.411195E-01,1.68942,1.18976,-9999,0.107410E-01,0,-9999,-9999,-9999,-9999,-9999,-9999,-9999,0.298907E-03,1.04827,-0.191506,1.09681,-9999,-9999,-0.483187,1.97609,-9999,-9999,800000099,800100199,800000099,800000199,800001199,800011199,811110099,811110099,80000,80000,80,81,0,0,1,2,10,0,0.211642E-01,0.607288E-01,0.345952E-03,0.339179E-01,0.629103E-01,-9999,-0.157733E-03,-0.483187E-03,-9999,15.9949,0.286667,255.000,93.7500,-7.37526,97695.0,1.04453
CH-CHA_201201160800.csv,2012-01-16,08:30,16.3541,1,36000,36000,0.734571E-03,1,0.226517E-03,-0.575711,2,0.337017,-9999,-9999,-9999,0.985183,2,0.466609,-9999,-9999,-9999,-0.203387E-01,-9999,0.641970,-9999,0.188692E-10,-9999,25.4292,609.807,609.807,10.0000,0,-9999,-9999,-9999,-9999,0,278.513,278.513,96559.5,1.20783,1005.24,0.239806E-01,-9999,-9999,-9999,892.180,-9999,-9999,-9999,-9999,0.229368,0.252764,0.116936E-01,0.341520,-0.352163E-13,0.742029E-15,0.341520,0.704628,133.064,47.7782,1.96218,-9999,0.246611E-01,0.249709E-01,2.21235,0.908535,-9999,0.192271E-01,0,-9999,-9999,-9999,-9999,-9999,-9999,-9999,0.705754E-03,1.04083,-0.532306,1.08154,-9999,-9999,0.566429,1.81572,-9999,-9999,800000099,800100199,800000099,800000199,800000199,800000199,811110099,811110099,81000,81000,80,81,0,0,0,2,1,0,0.183172E-01,0.312695E-01,0.355132E-03,0.361428E-01,0.111324,-9999,-0.438413E-03,0.566429E-03,-9999,16.0000,0.146667,255.000,93.7500,-7.36209,97699.9,1.04292
CH-CHA_201201160800.csv,2012-01-16,09:00,16.3749,1,36000,36000,0.535437E-02,1,0.837757E-03,-5.42979,2,0.938461,-9999,-9999,-9999,-1.34559,2,0.458018,-9999,-9999,-9999,-0.585932,-9999,-0.216281,-9999,-0.376300E-09,-9999,25.3012,605.954,605.954,-1.00000,0,-9999,-9999,-9999,-9999,0,278.153,278.153,96559.5,1.20940,1005.24,0.239496E-01,-9999,-9999,-9999,870.096,-9999,-9999,-9999,-9999,-0.199238,0.794791E-01,0.679500E-02,0.214613,-0.357120E-13,-0.148728E-13,0.214613,0.669701,39.2506,158.252,1.81438,-9999,0.665380E-01,0.262960E-01,4.60725,0.436269,-9999,0.671238E-01,0,-9999,-9999,-9999,-9999,-9999,-9999,-9999,0.520358E-02,1.02898,-5.15080,1.05416,-9999,-9999,-0.615558,1.52598,-9999,-9999,800000099,800100199,800000099,800000199,800000199,800000199,811110099,811110099,81000,81000,80,81,0,0,0,3,1,0,0.482516E-01,0.373798E-02,0.602477E-03,0.663664E-01,0.421278E-01,-9999,-0.423680E-02,-0.615558E-03,-9999,16.0000,0.275556,255.000,93.7500,-6.21841,97704.3,1.04830
CH-CHA_201201160800.csv,2012-01-16,09:30,16.3957,1,36000,36000,-0.493766E-02,1,0.938299E-03,5.88596,1,1.01850,-9999,-9999,-9999,-1.37187,2,0.817038,-9999,-9999,-9999,-1.26112,-9999,0.255013,-9999,0.355832E-09,-9999,25.5614,610.484,610.484,3.60000,0,-9999,-9999,-9999,-9999,0,277.380,277.380,96559.5,1.21277,1005.22,0.238831E-01,-9999,-9999,-9999,824.318,-9999,-9999,-9999,-9999,0.144598,0.182568,0.152617E-01,0.233394,-0.348307E-13,0.139207E-13,0.233394,0.838689,129.252,51.6200,3.74925,-9999,0.638075E-01,0.448343E-01,-3.74808,-0.536274,-9999,-0.756669E-01,0,-9999,-9999,-9999,-9999,-9999,-9999,-9999,-0.478308E-02,1.03232,5.70104,1.03244,-9999,-9999,-1.52848,1.18863,-9999,-9999,800000099,800100199,800000099,800000199,800000199,810001199,811110099,811110099,81000,81000,80,81,0,1,0,5,0,0,0.558006E-01,0.316473E-01,0.222068E-02,0.801476E-01,0.778999E-01,-9999,0.467643E-02,-0.152848E-02,-9999,15.9977,0.276667,255.000,93.7500,-1.99861,97700.9,1.07848
CH-CHA_201201160800.csv,2012-01-16,10:00,16.4165,1,36000,36000,0.506027E-02,0,0.111257E-02,7.13921,0,1.93157,-9999,-9999,-9999,2.32285,1,1.35974,-9999,-9999,-9999,-0.179534,-9999,-0.156191,-9999,-0.101266E-09,-9999,25.4553,607.711,607.711,-0.400000,0,-9999,-9999,-9999,-9999,0,277.270,277.270,96559.5,1.21325,1005.22,0.238736E-01,-9999,-9999,-9999,817.979,-9999,-9999,-9999,-9999,0.327153,0.343949,0.161542E-01,0.474965,-0.488139E-13,-0.397820E-14,0.474965,1.05589,141.783,46.4337,1.94908,-9999,0.645821E-01,0.400308E-01,-3.20402,-0.627336,-9999,-0.906416E-01,0,-9999,-9999,-9999,-9999,-9999,-9999,-9999,0.496299E-02,1.01960,6.97145,1.02406,-9999,-9999,1.51825,1.17598,-9999,-9999,800000099,800000199,800000099,800000199,800000199,800000199,811110099,811110099,81000,81000,80,81,2,2,0,25,7,0,0.310305E-01,0.421803E-01,0.685080E-02,0.161971,0.839621E-01,-9999,0.571627E-02,0.151825E-02,-9999,15.9934,1.52333,255.000,93.7500,0.769361,97700.9,1.10524
CH-CHA_201201160800.csv,2012-01-16,10:30,16.4374,1,36000,36000,-0.188119E-01,1,0.380359E-02,13.7000,1,3.05660,-9999,-9999,-9999,43.4151,2,11.0144,-9999,-9999,-9999,-0.895151,-9999,-3.24247,-9999,-0.274780E-09,-9999,23.0939,550.247,550.247,-1.00000,0,-9999,-9999,-9999,-9999,0,276.723,276.723,96559.5,1.21565,1005.21,0.238265E-01,-9999,-9999,-9999,787.075,-9999,-9999,-9999,-9999,-0.178789,-0.156543,0.314378E-01,0.239707,-0.608046E-13,-0.118984E-13,0.239707,1.53209,298.190,221.205,7.53609,-9999,0.124398,0.949377E-01,-11.9323,-0.168450,-9999,-0.901246E-01,0,-9999,-9999,-9999,-9999,-9999,-9999,-9999,-0.182341E-01,1.03169,13.2750,1.03202,-9999,-9999,35.7578,1.18798,-9999,-9999,800000099,800000199,800000099,800000199,800000199,800000199,811100099,811110099,81000,81000,81,81,16,0,0,20,0,0,0.901537E-01,0.810457E-01,0.186760E-01,0.276336,0.921797,-9999,0.108635E-01,0.357578E-01,-9999,16.0000,8.99778,254.563,91.0205,4.69639,97701.1,1.13850
CH-CHA_201201160800.csv,2012-01-16,11:00,16.4582,1,36000,36000,-0.397307E-02,0,0.786302E-03,23.9083,0,4.11369,11.2520,1,15.1509,-0.246017E-01,2,5.25519,0.251100,1,0.338109,3.38717,-9999,-4.44867,-9999,0.759529E-10,0.355740E-12,19.5962,470.757,471.797,0.500000,0,91.7827,2.20488,2.20975,0.350000,0,279.003,278.808,96559.5,1.20555,1006.42,0.240229E-01,0.162713E-01,0.165392E-02,212.810,910.664,0.137193E-02,23.3687,697.854,259.454,-0.787923,-0.365421,0.324497E-01,0.869142,-0.256585E-13,0.387590E-14,0.869142,1.84927,342.822,204.881,2.13966,-9999,0.574077E-01,0.117797,-0.672249,-2.98996,2.12480,-0.343251,0,-9999,-9999,-9999,-9999,-9999,-9999,-9999,-0.391928E-02,1.01372,23.9803,1.02059,9.33411,1.17167,-1.30390,1.17167,0.208301,1.17167,800000099,800000199,800000099,800000099,800000099,800000099,800000199,811010199,80000,80000,80,81,2,18,0,21,0,3,0.800178E-01,0.132638,0.229378E-01,0.235422,0.992355,2931.25,0.197646E-01,-0.130390E-02,0.208301,15.9059,11.4950,250.184,63.6525,7.46510,97712.2,1.14866
CH-CHA_201201160800.csv,2012-01-16,11:30,16.4790,1,36000,36000,0.166577E-01,0,0.284966E-02,26.5067,0,2.51088,26.9499,0,1.84183,-3.29306,0,0.412033,0.601948,0,0.411387E-01,1.50129,3.22918,-1.79116,0.721264E-01,0.785244E-10,0.626299E-12,18.1910,438.633,440.173,0.400000,0,145.089,3.49847,3.51075,0.350000,0,280.046,279.735,96559.5,1.20097,1007.14,0.241126E-01,0.390062E-01,0.261450E-02,337.526,970.898,0.217699E-02,34.7643,633.372,265.247,-0.970061,-0.735667,0.547600E-01,1.21870,0.329741E-13,0.431666E-14,1.21870,2.84086,328.014,217.176,2.57535,-9999,0.117772,0.206005,-5.23639,-0.383852,0.983555,-0.186078,0,-9999,-9999,-9999,-9999,-9999,-9999,-9999,0.164627E-01,1.01185,27.3210,1.01991,22.4801,1.17201,-4.25078,1.17201,0.502110,1.17201,800000099,800001199,800000099,800000099,800000099,800000199,800000199,800000199,80000,80000,80,80,0,3,1,18,16,18,0.213465,0.173701,0.248432E-01,0.118318,0.403878E-02,39.2329,0.225880E-01,-0.425078E-02,0.502110,15.8705,10.4767,249.000,56.2500,8.23655,97705.3,1.16109
CH-CHA_201201160800.csv,2012-01-16,12:00,16.4999,1,36000,36000,-0.202176E-01,0,0.235002E-02,31.9701,0,3.35626,29.6292,0,1.93957,-4.01101,0,0.489537,0.662192,0,0.433481E-01,1.02294,-0.567858E-01,0.160894E-01,-0.126912E-02,0.572298E-10,0.453181E-12,18.1620,438.922,440.453,0.450000,0,143.818,3.47566,3.48778,0.400000,0,280.678,280.369,96559.5,1.19827,1007.14,0.241670E-01,0.429101E-01,0.259160E-02,335.327,1014.04,0.216279E-02,33.0685,678.710,265.163,-0.883781,-1.07216,0.456035E-01,1.39021,-0.727470E-13,0.315107E-14,1.39021,3.16244,315.677,230.501,1.87983,-9999,0.129894,0.246914,-5.82488,-0.345071,1.07901,-0.203946,0,-9999,-9999,-9999,-9999,-9999,-9999,-9999,-0.199907E-01,1.01135,32.8136,1.01992,24.6570,1.17282,-5.13076,1.17282,0.551067,1.17282,800000099,800001199,800000099,800000099,800000099,800011199,800000199,800010199,81000,81000,80,80,0,0,3,26,27,17,0.246305,0.218857,0.286654E-01,0.211323,0.542764E-02,47.1860,0.271902E-01,-0.513076E-02,0.551067,15.8639,5.52778,249.000,56.2500,8.18599,97699.6,1.16937
CH-CHA_201201160800.csv,2012-01-16,12:30,16.5207,1,36000,36000,-0.190809E-01,0,0.275542E-02,32.9813,0,3.74865,28.2515,0,2.36828,-4.78743,0,0.554463,0.631781,0,0.529613E-01,1.01799,-0.814937E-01,-0.145159,-0.182243E-02,0.178102E-10,0.140538E-12,18.0134,436.307,437.814,0.500000,0,142.141,3.44282,3.45472,0.500000,0,281.307,281.000,96559.5,1.19559,1007.13,0.242212E-01,0.409394E-01,0.256138E-02,332.163,1058.74,0.214236E-02,31.3734,726.578,265.041,-0.617556,-0.998893,0.476731E-01,1.17534,-0.405994E-13,0.988720E-15,1.17534,2.53267,307.252,238.274,2.32461,-9999,0.126331,0.194737,-5.19432,-0.386961,1.16742,-0.216816,0,-9999,-9999,-9999,-9999,-9999,-9999,-9999,-0.188546E-01,1.01200,33.7415,1.01994,23.4966,1.17186,-5.81869,1.17186,0.525449,1.17186,800000099,800000099,800000099,800000099,800000099,800000199,800000199,801100199,81100,81100,80,80,1,10,0,13,11,11,0.182603,0.176330,0.305407E-01,0.172675,0.434948E-02,46.9385,0.280219E-01,-0.581869E-02,0.525449,15.9926,0.575556,249.000,56.2500,7.78080,97698.0,1.17640
CH-CHA_201201160800.csv,2012-01-16,13:00,16.5415,1,36000,36000,-0.259710E-01,0,0.755945E-02,43.1420,0,8.30857,26.6416,0,2.60594,-3.32697,0,0.708047,0.596013,0,0.582987E-01,0.656020,0.558070E-01,-0.825573E-01,0.124849E-02,0.177886E-09,0.141769E-11,17.9258,434.817,436.329,0.500000,0,142.863,3.46535,3.47740,0.450000,0,281.717,281.407,96559.5,1.19385,1007.15,0.242565E-01,0.386216E-01,0.257439E-02,334.334,1088.50,0.215638E-02,30.7150,754.170,265.125,-0.224213,-0.601855,0.248014E-01,0.642741,0.592715E-13,0.992343E-14,0.642741,2.68343,296.231,249.568,2.21142,-9999,0.147493,0.386505,-6.31953,-0.318062,1.61934,-0.243269,0,-9999,-9999,-9999,-9999,-9999,-9999,-9999,-0.255568E-01,1.01621,43.5425,1.02196,21.9375,1.17311,-5.00506,1.17311,0.490775,1.17311,800000099,800000099,800000099,800000099,800000099,800011199,800010199,810110199,80000,80100,80,81,0,0,0,12,24,16,0.392435,0.345244,0.353296E-01,0.507000,0.612322E-02,39.3226,0.362136E-01,-0.500506E-02,0.490775,15.9911,0.530000,249.000,56.2500,8.41957,97685.2,1.18564
CH-CHA_201201160800.csv,2012-01-16,13:30,16.5624,1,36000,36000,-0.323372E-01,1,0.733960E-02,45.9353,0,6.42687,30.6252,0,2.18967,-4.07035,0,0.478215,0.685007,0,0.489772E-01,-0.304967,-0.189785,-0.154684,-0.424500E-02,0.559681E-10,0.439011E-12,17.8233,432.028,433.497,0.400000,0,139.805,3.38881,3.40034,0.350000,0,281.521,281.218,96559.5,1.19469,1007.10,0.242396E-01,0.443884E-01,0.251929E-02,326.958,1074.59,0.210874E-02,30.4264,747.630,264.838,-1.14161,-0.929195,0.858454E-01,1.47446,-0.145037E-12,0.314017E-14,1.47446,3.84060,321.983,219.143,3.33773,-9999,0.164522,0.665097,-8.23748,-0.244007,1.49992,-0.232057,0,-9999,-9999,-9999,-9999,-9999,-9999,-9999,-0.319798E-01,1.01118,46.5597,1.01997,25.2895,1.17333,-5.78330,1.17333,0.565660,1.17333,800000099,800001199,800000099,800000099,800000099,800001099,800000199,800100199,81100,81100,80,81,0,1,6,30,45,24,0.752080,0.529006,0.491069E-01,0.415150,0.332491E-02,38.3135,0.386974E-01,-0.578330E-02,0.565660,15.8612,5.05722,249.000,56.2500,10.0921,97637.6,1.19981
CH-CHA_201201160800.csv,2012-01-16,14:00,16.5832,1,36000,36000,-0.344067E-01,0,0.259901E-02,27.9003,0,2.73234,26.0299,0,1.73813,-3.35128,0,0.355867,0.582608,0,0.389033E-01,1.11379,0.450433E-01,-0.379299E-01,0.100817E-02,0.464590E-10,0.366964E-12,17.7511,431.343,432.817,0.400000,0,140.210,3.40704,3.41868,0.400000,0,282.216,281.911,96559.5,1.19174,1007.13,0.242995E-01,0.377530E-01,0.252659E-02,328.714,1126.32,0.212008E-02,29.1848,797.605,264.907,-1.04882,-1.09567,0.834960E-01,1.51905,0.211032E-13,0.261724E-14,1.51905,3.30559,318.839,226.252,3.15091,-9999,0.169915,0.409138,-14.9402,-0.134536,1.07186,-0.136808,0,-9999,-9999,-9999,-9999,-9999,-9999,-9999,-0.340291E-01,1.01110,28.6504,1.02002,21.6634,1.17363,-4.31660,1.17363,0.484876,1.17363,800000099,800001199,800000099,800000099,800000099,800000099,800000199,800000199,80000,80000,80,81,7,2,2,7,24,15,0.317961,0.463251,0.370647E-01,0.183891,0.373098E-02,39.5554,0.238707E-01,-0.431660E-02,0.484876,15.8359,5.54000,249.000,56.2500,10.3282,97605.8,1.20296
CH-CHA_201201161400.csv,2012-01-16,14:30,16.6040,1,36000,36000,-0.177671E-01,0,0.188299E-02,33.2846,0,2.67232,27.8349,0,2.10491,-5.14755,0,0.501512,0.623257,0,0.471314E-01,0.669225,-0.110719,-0.511554E-01,-0.247914E-02,0.212257E-09,0.165803E-11,17.6871,430.417,431.869,0.450000,0,138.161,3.36216,3.37350,0.450000,0,282.630,282.328,96559.5,1.19000,1007.11,0.243351E-01,0.403871E-01,0.248966E-02,324.389,1158.50,0.209216E-02,28.0009,834.106,264.737,-0.607526,-1.38382,0.419932E-01,1.51189,0.665119E-14,0.120007E-13,1.51189,3.00649,300.423,246.298,1.59161,-9999,0.122190,0.208416,-4.65730,-0.431581,1.19578,-0.227292,0,-9999,-9999,-9999,-9999,-9999,-9999,-9999,-0.175719E-01,1.01111,34.0223,1.02001,23.1211,1.17358,-6.09713,1.17358,0.517709,1.17358,800000099,800001199,800000099,800000099,800000099,800000099,800000199,811110199,81100,81100,80,80,2,1,1,16,21,10,0.169542,0.216140,0.311503E-01,0.982921E-01,0.383556E-02,43.2773,0.283883E-01,-0.609713E-02,0.517709,15.8810,4.74222,249.000,56.2500,10.7041,97601.9,1.20707
CH-CHA_201201161400.csv,2012-01-16,15:00,16.6249,1,36000,36000,-0.474615E-01,1,0.681310E-02,12.5523,1,2.37766,14.6671,1,1.44459,-2.44101,1,0.303126,0.328387,1,0.323435E-01,-0.138006,-0.260716,-0.568424E-01,-0.583726E-02,0.301736E-09,0.228840E-11,17.6508,429.388,430.791,0.450000,0,133.866,3.25654,3.26718,0.400000,0,282.534,282.242,96559.5,1.19041,1007.05,0.243268E-01,0.212794E-01,0.241227E-02,314.209,1151.80,0.202642E-02,27.2799,837.589,264.329,-0.448032,-0.642597,0.342710E-01,0.784116,0.389023E-12,0.170947E-13,0.784116,2.52872,316.450,235.115,2.50500,-9999,0.199674,0.411939,-53.8901,-0.372982E-01,0.855817,-0.524390E-01,0,-9999,-9999,-9999,-9999,-9999,-9999,-9999,-0.467840E-01,1.01448,13.0271,1.02098,12.2846,1.17200,-2.76171,1.17200,0.275045,1.17200,800000099,800001099,800000099,800000099,800000099,800001099,800100199,801110199,81100,81100,80,81,2,0,2,26,34,39,0.295001,0.500230,0.286473E-01,0.141963,0.262904E-02,23.3544,0.108668E-01,-0.276171E-02,0.275045,15.9922,0.671111,249.000,56.2500,10.8112,97606.2,1.21356
CH-CHA_201201161439.csv,2012-01-16,15:30,16.6457,1,36000,36000,0.109266E-01,1,0.420985E-02,14.8067,0,3.02914,14.0364,0,1.87233,-2.25073,0,0.364929,0.314468,0,0.419473E-01,1.08086,-0.206626,-0.629311E-02,-0.462920E-02,-0.186353E-09,-0.137726E-11,17.6045,429.274,430.640,0.500000,0,130.107,3.17258,3.18268,0.400000,0,283.202,282.917,96559.5,1.18761,1007.02,0.243844E-01,0.203775E-01,0.234453E-02,306.116,1205.32,0.197416E-02,25.3971,899.204,263.996,-0.347634,-0.595355,0.132019E-01,0.689544,0.932281E-13,-0.105856E-13,0.689544,2.85983,306.700,239.719,1.09705,-9999,0.959194E-01,0.427155,-5.06442,-0.396887,1.05488,-0.129074,0,-9999,-9999,-9999,-9999,-9999,-9999,-9999,0.107593E-01,1.01556,15.1971,1.02158,11.7152,1.17265,-2.69135,1.17265,0.262464,1.17265,800000099,800000099,800000099,800000099,800000099,800001099,800110199,800110199,80000,80000,80,81,5,2,1,28,34,46,0.241182,0.584801,0.283284E-01,0.685455E-01,0.203829E-02,26.3043,0.127072E-01,-0.269135E-02,0.262464,15.9981,0.350000,249.000,56.2500,10.2634,97621.9,1.21427
CH-CHA_201201161439.csv,2012-01-16,16:00,16.6665,1,36000,36000,0.224769E-01,1,0.818247E-02,8.34980,2,3.06887,14.7986,1,2.10360,-0.861152,1,0.230275,0.331792,1,0.471637E-01,1.23981,-0.210390,0.869188E-01,-0.471703E-02,-0.331147E-09,-0.237245E-11,17.6214,430.855,432.189,0.500000,0,126.246,3.08679,3.09635,0.200000,0,283.972,283.694,96559.5,1.18440,1006.99,0.244506E-01,0.215001E-01,0.227495E-02,297.847,1269.58,0.192077E-02,23.4603,971.734,263.647,-0.608760,-0.305725,0.397639E-01,0.682376,0.345311E-12,-0.187923E-13,0.682376,2.62977,344.555,206.666,3.34067,-9999,0.137759,0.371951,-26.6043,-0.755517E-01,0.564229,-0.508199E-01,0,-9999,-9999,-9999,-9999,-9999,-9999,-9999,0.221306E-01,1.01565,8.91599,1.02163,12.4617,1.17271,-1.22694,1.17271,0.279398,1.17271,800000099,800001199,800000099,800000099,800000099,800000099,801110199,811110199,81100,81100,80,81,2,0,0,17,29,11,0.423552,0.298272,0.220793E-01,0.549431E-01,0.122404E-02,28.1611,0.747564E-02,-0.122694E-02,0.279398,15.9864,0.805556,249.000,56.2500,9.29164,97658.7,1.20973
CH-CHA_201201161439.csv,2012-01-16,16:30,16.6873,1,36000,36000,-0.762665E-02,1,0.194781E-02,-11.3289,1,2.75971,7.51628,0,1.52998,0.562992,1,0.404470,0.168578,0,0.343151E-01,0.593340,-0.179082,0.515139E-01,-0.401654E-02,-0.231605E-09,-0.161647E-11,17.6371,431.793,433.098,1.55000,0,123.096,3.01365,3.02276,0.900000,0,284.337,284.066,96559.5,1.18288,1006.96,0.244821E-01,0.109239E-01,0.221819E-02,290.797,1301.43,0.187525E-02,22.3444,1010.63,263.344,-0.599142,0.339273,0.268117E-01,0.689055,0.291247E-13,-0.131317E-13,0.689055,2.29351,37.9039,150.479,2.22999,-9999,0.802966E-01,0.176643,3.88303,0.517637,-1.50724,0.118451,0,-9999,-9999,-9999,-9999,-9999,-9999,-9999,-0.742288E-02,1.02745,-10.4512,1.05576,4.90244,1.56604,0.690142,1.56604,0.109954,1.56604,800000099,800001199,800000099,800000099,800000099,800100099,801110199,811110199,81100,81100,80,80,5,7,1,19,28,28,0.167322,0.167978,0.179850E-01,0.926066E-01,0.328164E-02,24.1475,-0.877438E-02,0.690142E-03,0.109954,15.9981,0.422222,249.000,56.2500,7.16115,97681.8,1.20175
CH-CHA_201201161439.csv,2012-01-16,17:00,16.7082,1,36000,36000,-0.113019E-01,0,0.224042E-02,-6.96649,0,5.91032,7.99397,0,2.12054,3.50747,0,0.906654,0.179548,0,0.476281E-01,2.35657,0.187427,0.318779,0.420969E-02,0.530759E-10,0.374844E-12,17.7820,437.628,438.985,3.65000,0,125.584,3.09071,3.10030,2.40000,0,285.831,285.551,96559.5,1.17669,1007.03,0.246107E-01,0.116347E-01,0.226302E-02,298.225,1435.70,0.192321E-02,20.7722,1137.47,263.664,-0.354278,0.409908,0.320025E-01,0.542735,0.461686E-13,0.298481E-14,0.542735,2.88196,58.9616,130.836,3.38042,-9999,0.980040E-01,0.183940,11.4816,0.175063,-0.871468,0.599882E-01,0,-9999,-9999,-9999,-9999,-9999,-9999,-9999,-0.111123E-01,1.01706,-6.39035,1.03281,6.07792,1.33013,2.85317,1.33013,0.136513,1.33013,800000099,800000099,800000099,800000099,800100099,800100099,810100199,811100199,81100,81100,80,81,5,1,24,6,16,9,0.122439,0.228598,0.168430E-01,0.526384,0.203093E-01,53.2467,-0.539288E-02,0.285317E-02,0.136513,15.9981,0.346667,249.000,56.2500,2.77155,97701.7,1.17437
CH-CHA_201201161439.csv,2012-01-16,17:30,16.7290,0,36000,36000,-0.199188E-02,1,0.396327E-03,-5.68407,0,1.77933,8.26294,0,0.923596,3.75793,0,0.436780,0.185715,0,0.207585E-01,1.12286,-0.539627,-0.282589E-01,-0.121285E-01,0.632539E-11,0.415050E-13,17.7182,437.110,438.367,6.20000,0,116.260,2.86816,2.87641,6.20000,0,286.521,286.261,96559.5,1.17387,1006.93,0.246701E-01,0.120344E-01,0.209501E-02,276.770,1504.03,0.178470E-02,18.4019,1227.26,262.719,-0.648610,0.303997,0.353047E-01,0.717185,-0.264908E-13,0.357000E-15,0.717185,1.66694,31.2580,154.888,2.82163,-9999,0.411928E-01,0.362150E-01,1.04491,1.92360,-0.687900,0.116740,0,-9999,-9999,-9999,-9999,-9999,-9999,-9999,-0.187177E-02,1.06417,-4.82775,1.12851,3.58186,2.32454,1.70978,2.32454,0.805047E-01,2.32454,800000099,800000099,800000099,800000099,800001099,800101199,811100199,811100199,81000,81000,80,81,11,11,12,7,47,39,0.404837E-01,0.263881E-01,0.555820E-02,0.246293,0.125083E-01,27.4923,-0.408438E-02,0.170978E-02,0.805047E-01,15.9981,0.317778,249.000,56.2500,-0.523397,97729.0,1.15188
CH-CHA_201201161439.csv,2012-01-16,18:00,16.7498,0,36000,36000,-0.397500E-01,1,0.619529E-02,-40.6194,1,7.75249,21.9135,1,2.95496,22.8833,1,3.31941,0.491962,1,0.663392E-01,-1.88503,0.481383,0.541389,0.108071E-01,0.544755E-09,0.373606E-11,18.1935,447.004,448.378,10.0000,0,124.775,3.06566,3.07509,7.50000,0,285.352,285.075,96559.5,1.17867,1007.01,0.245695E-01,0.318791E-01,0.224845E-02,295.810,1391.34,0.190762E-02,21.2608,1095.53,263.560,-0.276791,0.182828,0.330193E-01,0.333361,-0.126691E-12,0.299424E-13,0.333361,2.09597,46.9751,146.554,5.68444,-9999,0.183642,0.285121,12.9558,0.155143,-1.85362,0.186353,0,-9999,-9999,-9999,-9999,-9999,-9999,-9999,-0.390239E-01,1.01861,-38.3509,1.03294,17.0471,1.32067,18.8144,1.32067,0.382710,1.32067,800000099,800000099,800000099,800000099,800100099,800100099,811100199,811100199,80000,80000,80,81,4,3,9,5,2,0,0.424320,0.135765,0.101575E-01,0.742746,0.165483,71.0219,-0.323111E-01,0.188144E-01,0.382710,15.9965,0.318889,249.000,56.2500,-2.16209,97777.3,1.13681
CH-CHA_201201161439.csv,2012-01-16,18:30,16.7707,0,36000,36000,-0.461578E-02,1,0.838263E-03,-0.638598,2,0.301484,-0.139453,1,0.766162E-01,-2.43522,1,0.525967,-0.312916E-02,1,0.171917E-02,-0.843599,0.771268,0.799397,0.173063E-01,-0.865882E-10,-0.634305E-12,18.8201,461.587,463.153,-1.00000,0,137.867,3.38137,3.39284,0.150000,0,284.850,284.545,96559.5,1.18072,1007.17,0.245263E-01,-0.202770E-03,0.248437E-02,326.241,1343.45,0.210411E-02,24.2838,1017.21,264.810,0.829558,0.481755,0.456885E-01,0.960386,0.353304E-13,-0.460084E-14,0.960386,1.72699,155.466,30.1453,2.72676,-9999,0.625243E-01,0.511472E-01,32.5247,0.617992E-01,4.57929,0.858875E-02,0,-9999,-9999,-9999,-9999,-9999,-9999,-9999,-0.455947E-02,1.01235,-0.630085,1.02442,-0.101982,1.24911,-1.91997,1.24911,-0.228834E-02,1.24911,800000099,800000099,800000099,800000099,800000099,800111099,811110199,811110199,81100,81100,80,80,13,16,5,13,28,2,0.540375E-01,0.450610E-01,0.319585E-02,0.157205,0.211454E-01,1.32537,-0.529847E-03,-0.191997E-02,-0.228834E-02,15.9977,0.310000,249.000,56.2500,-3.21212,97812.1,1.11791
CH-CHA_201201161439.csv,2012-01-16,19:00,16.7915,0,36000,36000,0.162429E-02,1,0.435212E-03,0.373974,2,0.499616,0.362653E-01,2,0.126439,-0.648295,2,0.380233,0.813409E-03,2,0.283596E-02,-0.689452,0.130790,0.418294,0.293355E-02,0.391877E-10,0.286872E-12,19.1596,469.206,470.823,-1.00000,0,140.257,3.43481,3.44664,10.0000,0,284.422,284.112,96559.5,1.18250,1007.19,0.244894E-01,0.527089E-04,0.252743E-02,331.391,1305.45,0.213737E-02,25.3851,974.062,265.011,0.370368,0.366279,0.224557E-01,0.521380,-0.366468E-13,0.204533E-14,0.521380,1.05594,144.137,44.6820,2.46848,-9999,0.370623E-01,0.256325E-01,-11.5678,-0.173758,10.3122,-0.847228E-02,0,-9999,-9999,-9999,-9999,-9999,-9999,-9999,0.159487E-02,1.01845,0.367316,1.02333,0.248775E-01,1.17494,-0.570113,1.17494,0.557988E-03,1.17494,800000099,800100099,800000099,800000099,800000099,800110099,811110199,811110199,80000,80000,80,80,1,0,10,0,5,6,0.239251E-01,0.261148E-01,0.122507E-02,0.115528,0.589260E-01,3.21524,0.308412E-03,-0.570113E-03,0.557988E-03,16.0000,0.273333,249.000,56.2500,-4.08759,97856.9,1.10898
CH-CHA_201201161439.csv,2012-01-16,19:30,16.8123,0,36000,36000,0.805008E-03,1,0.319533E-03,1.45533,1,0.750178,0.181828,1,0.969460E-01,-1.25754,1,0.422789,0.407676E-02,1,0.217362E-02,-0.634047,-0.886652E-01,0.273437,-0.198795E-02,0.618261E-10,0.443134E-12,19.3900,474.180,475.797,-1.00000,0,138.976,3.39865,3.41024,-0.250000,0,284.021,283.715,96559.5,1.18417,1007.16,0.244549E-01,0.264174E-03,0.250435E-02,327.906,1271.40,0.211486E-02,25.7910,943.491,264.875,0.370306,0.439564,0.269321E-01,0.575385,0.921739E-13,0.318856E-14,0.575385,0.952943,134.418,49.8879,2.68283,-9999,0.260732E-01,0.396721E-01,-1.03493,-1.94217,8.00386,-0.468012E-01,0,-9999,-9999,-9999,-9999,-9999,-9999,-9999,0.791290E-03,1.01734,1.43241,1.02264,0.131645,1.17400,-1.14384,1.17400,0.295160E-02,1.17400,800000099,800100099,800000099,800000099,800010099,800110099,811110199,811110199,81100,81100,80,81,8,0,9,1,2,9,0.244122E-01,0.541623E-01,0.769608E-03,0.171610,0.927345E-01,1.96913,0.120104E-02,-0.114384E-02,0.295160E-02,16.0000,0.268889,249.000,56.2500,-4.68604,97897.7,1.10109
CH-CHA_201201161439.csv,2012-01-16,20:00,16.8332,0,36000,36000,0.239799E-02,1,0.968925E-03,2.39252,2,0.803174,0.221390,2,0.116644,-2.10106,1,0.543965,0.496051E-02,2,0.261355E-02,-1.09748,-0.184476,0.484063,-0.413341E-02,-0.303428E-10,-0.208812E-12,19.7975,482.963,484.574,-1.00000,0,136.242,3.32364,3.33473,-1.00000,0,283.328,283.030,96559.5,1.18707,1007.10,0.243952E-01,0.321441E-03,0.245507E-02,320.677,1214.43,0.206818E-02,26.4056,893.750,264.590,0.204460,0.936096E-01,-0.440319E-02,0.224913,-0.611251E-13,-0.153266E-14,0.224913,0.710282,155.808,24.6001,-1.12177,-9999,0.449455E-01,0.494366E-01,-3.22463,-0.623326,10.8068,-0.445266E-01,0,-9999,-9999,-9999,-9999,-9999,-9999,-9999,0.232091E-02,1.03321,2.32724,1.03303,0.149350,1.18956,-1.88595,1.18956,0.334636E-02,1.18956,800000099,800100099,800000099,800000099,800000099,810100099,811110199,811110199,81100,81100,80,81,0,1,4,4,20,34,0.777611E-01,0.198607E-01,0.125149E-02,0.117815,0.960990E-01,3.71915,0.194667E-02,-0.188595E-02,0.334636E-02,16.0000,0.241111,249.000,56.2500,-4.96964,97920.3,1.08811
CH-CHA_201201161439.csv,2012-01-16,20:30,16.8540,0,36000,36000,0.294060E-02,1,0.761692E-03,5.13561,1,1.28337,0.891942,1,0.160751,-6.10756,1,0.946736,0.199812E-01,1,0.360112E-02,-0.320128,-0.146406,-0.544387E-02,-0.327978E-02,-0.989673E-10,-0.669021E-12,19.8078,482.865,484.446,-1.00000,0,133.901,3.26418,3.27486,-1.00000,0,283.123,282.830,96559.5,1.18793,1007.07,0.243775E-01,0.129478E-02,0.241290E-02,314.945,1198.25,0.203117E-02,26.2838,883.305,264.359,0.244406,0.924960E-01,-0.194944E-02,0.261331,-0.188336E-13,-0.499638E-14,0.261331,0.703278,161.851,20.7292,-0.427412,-9999,0.497533E-01,0.278926E-01,-2.03772,-0.986397,5.75779,-0.862819E-01,0,-9999,-9999,-9999,-9999,-9999,-9999,-9999,0.285564E-02,1.02975,5.02725,1.03072,0.673123,1.18598,-5.41143,1.18598,0.150792E-01,1.18598,800000099,800100099,800000099,800000099,800011199,800011199,811110199,811110199,80000,80000,80,81,3,27,9,5,21,102,0.292487E-01,0.246342E-01,0.190221E-02,0.270228,0.171955,3.37658,0.420223E-02,-0.541143E-02,0.150792E-01,15.9946,0.377222,249.000,56.2500,-5.42385,97966.2,1.08358
CH-CHA_201201162000.csv,2012-01-16,21:00,16.8748,0,36000,36000,-0.129830E-01,1,0.147795E-02,-7.71494,1,1.61078,-1.44967,1,0.268756,3.74953,1,0.768868,-0.324659E-01,1,0.601888E-02,-0.492276,-0.164446,-0.297320,-0.368282E-02,-0.193683E-09,-0.129701E-11,19.6086,477.479,479.011,8.60000,0,131.310,3.19747,3.20773,4.55000,0,282.809,282.523,96559.5,1.18925,1007.03,0.243506E-01,-0.210379E-02,0.236621E-02,308.516,1173.77,0.198966E-02,26.2842,865.255,264.095,0.191299,0.341354,0.298528E-01,0.392440,0.333498E-12,-0.987747E-14,0.392440,0.936696,121.505,60.7331,4.36269,-9999,0.104484,0.125457,12.5627,0.159997,5.32186,0.616547E-01,0,-9999,-9999,-9999,-9999,-9999,-9999,-9999,-0.127521E-01,1.01811,-7.53259,1.03320,-0.987761,1.32760,3.17274,1.32760,-0.221212E-01,1.32760,800000099,800100099,800000099,800000099,800000099,800000099,811110199,811110199,81100,81100,80,81,1,0,1,1,0,0,0.946285E-01,0.154942,0.134341E-02,0.127414,0.478013E-01,3.10861,-0.628969E-02,0.317274E-02,-0.221212E-01,16.0000,0.272222,249.000,56.2500,-5.78956,97996.6,1.08180
CH-CHA_201201162000.csv,2012-01-16,21:30,16.8956,0,36000,36000,-0.104982E-01,1,0.132276E-02,-3.32361,1,1.27457,7.52533,2,1.19982,4.17141,2,1.19107,0.168447,2,0.268566E-01,-0.853285,-0.548945,0.148694,-0.122876E-01,0.146595E-09,0.908377E-12,19.7575,480.167,481.600,4.85000,0,122.427,2.97535,2.98423,10.0000,0,282.258,281.992,96559.5,1.19159,1006.90,0.243031E-01,0.109153E-01,0.220614E-02,287.104,1132.46,0.185142E-02,25.3523,845.353,263.182,0.536326E-01,0.157161,0.177289E-01,0.167004,-0.286998E-13,0.741974E-14,0.167004,1.14547,136.535,71.1574,6.09390,-9999,0.938627E-01,0.990504E-01,21.1404,0.950784E-01,-0.441656,0.295123E-01,0,-9999,-9999,-9999,-9999,-9999,-9999,-9999,-0.102611E-01,1.02310,-2.87869,1.03132,5.93013,1.27429,3.36241,1.27429,0.132740,1.27429,800000099,800100099,800000099,800000099,800011099,800111099,811110199,811110199,81100,81100,80,81,2,0,2,4,10,18,0.623144E-01,0.133875,0.191176E-02,0.834525E-01,0.100177,36.4112,-0.239928E-02,0.336241E-02,0.132740,15.9977,0.276667,249.000,56.2500,-5.89190,98000.2,1.07535
CH-CHA_201201162000.csv,2012-01-16,22:00,16.9165,0,36000,36000,0.653970E-02,1,0.870913E-03,-0.608966,1,1.02907,-3.06050,1,2.02521,6.24887,1,1.30549,-0.684849E-01,1,0.453181E-01,-0.521401,-1.25698,-0.107183,-0.281274E-01,-0.671482E-10,-0.346469E-12,19.7037,478.232,479.415,5.55000,0,101.667,2.46757,2.47367,-1.00000,0,281.888,281.667,96559.5,1.19319,1006.62,0.242712E-01,-0.443782E-02,0.183203E-02,238.145,1107.88,0.153540E-02,21.4956,869.734,260.840,0.673222E-02,0.536171E-01,-0.592444E-02,0.543619E-01,-0.646180E-13,-0.340790E-14,0.543619E-01,0.572189,161.068,82.8433,-6.25661,-9999,0.740327E-01,0.225305E-01,56.6089,0.355068E-01,0.198976,0.684847E-02,0,-9999,-9999,-9999,-9999,-9999,-9999,-9999,0.621602E-02,1.05207,-0.725045,1.04258,-2.40568,1.26566,4.99111,1.26566,-0.538319E-01,1.26566,800000099,800100099,800000099,800000099,800000099,800001099,811110199,811110199,80000,80000,80,81,1,0,0,1,0,0,0.243809E-01,0.192843E-01,0.139572E-02,0.420153E-01,0.116691,171.762,-0.603656E-03,0.499111E-02,-0.538319E-01,15.9969,0.327778,249.041,56.5049,-6.10657,98014.0,1.06833
CH-CHA_201201162000.csv,2012-01-16,22:30,16.9373,0,36000,36000,0.128672E-02,2,0.565265E-03,-1.19020,1,0.468230,-1.40346,1,0.355614,1.22430,1,0.419379,-0.313968E-01,1,0.795546E-02,-0.449360,-1.13395,1.46490,-0.253676E-01,-0.508203E-10,-0.202429E-12,20.8157,504.648,505.665,8.05000,0,82.9138,2.01013,2.01418,8.00000,0,281.568,281.388,96559.5,1.19458,1006.37,0.242436E-01,-0.203451E-02,0.149411E-02,194.026,1087.09,0.125073E-02,17.8481,893.067,258.328,0.389926,0.366415,0.238187E-01,0.535601,-0.898243E-13,-0.244144E-14,0.535601,1.48641,133.770,43.2195,2.54884,-9999,0.328197E-01,0.804887E-01,2.52322,0.796601,0.848053,0.301658E-01,0,-9999,-9999,-9999,-9999,-9999,-9999,-9999,0.124015E-02,1.03755,-1.15279,1.07583,-0.785143,1.76732,0.743149,1.76732,-0.175645E-01,1.76732,800000099,800100099,800000099,800000099,800000099,801100099,811110199,811110199,81100,81100,80,81,0,13,8,6,7,11,0.715413E-01,0.886759E-01,0.760113E-03,0.584972E-01,0.683846E-01,22.4717,-0.958909E-03,0.743149E-03,-0.175645E-01,15.9922,0.542778,250.000,62.5000,-6.43459,98059.9,1.06755
CH-CHA_201201162000.csv,2012-01-16,23:00,16.9581,0,36000,36000,-0.138164E-02,1,0.623549E-03,-2.10955,1,0.955538,-3.37294,1,0.775078,1.54836,1,0.809525,-0.754458E-01,1,0.173369E-01,-0.233157,-1.11946,0.193936,-0.250401E-01,-0.139947E-10,-0.429332E-13,20.9737,508.143,508.936,9.90000,0,64.3435,1.55889,1.56133,9.95000,0,281.382,281.243,96559.5,1.19540,1006.12,0.242277E-01,-0.488889E-02,0.115947E-02,150.492,1076.45,0.969940E-03,13.9804,925.958,255.288,-0.649061E-01,0.317250,0.131681E-01,0.324089,-0.107412E-12,-0.667250E-15,0.324089,0.850059,98.8587,101.563,2.32863,-9999,0.339969E-01,0.675022E-01,1.58224,1.27035,0.625433,0.515923E-01,0,-9999,-9999,-9999,-9999,-9999,-9999,-9999,-0.131263E-02,1.05257,-2.00466,1.10511,-1.62829,2.05722,0.834861,2.05722,-0.364215E-01,2.05722,800000099,800100099,800000099,800000099,800000099,801100099,811110199,811110199,81000,81100,80,81,0,1,0,0,0,0,0.420128E-01,0.918504E-01,0.114121E-02,0.953499E-01,0.104473,43.7997,-0.166677E-02,0.834861E-03,-0.364215E-01,16.0000,0.187778,250.000,62.5000,-6.51124,98089.0,1.06522
CH-CHA_201201162000.csv,2012-01-16,23:30,16.9790,0,36000,36000,-0.499165E-02,1,0.476845E-03,-1.47790,1,0.642974,-2.97344,1,0.604706,-0.331233,2,1.05858,-0.664990E-01,1,0.135239E-01,-0.274513,-1.19970,0.359608,-0.268306E-01,0.713968E-10,0.149248E-12,21.2571,514.618,515.173,10.0000,0,44.4358,1.07576,1.07692,7.05000,0,281.169,281.073,96559.5,1.19635,1005.86,0.242093E-01,-0.430914E-02,0.800732E-03,103.867,1064.04,0.669315E-03,9.76156,960.175,250.996,0.186031,0.317321,0.205158E-01,0.368404,0.750671E-13,0.335873E-14,0.368404,1.37572,123.349,59.6188,3.19236,-9999,0.645942E-01,0.143120,15.4898,0.129763,0.497032,0.190132E-01,0,-9999,-9999,-9999,-9999,-9999,-9999,-9999,-0.490414E-02,1.01784,-1.56383,1.03193,-2.25587,1.31283,-0.155493,1.31283,-0.504510E-01,1.31283,800000099,800100099,800000099,800000099,800000099,811101099,811110199,811110199,81100,81100,80,81,0,0,4,0,2,0,0.279146E-01,0.257410,0.914340E-03,0.501504E-01,0.137553,26.9788,-0.129955E-02,-0.155493E-03,-0.504510E-01,16.0000,8.53444,250.576,66.0974,-6.53896,98099.1,1.06142
CH-CHA_201201162000.csv,2012-01-17,00:00,17.0000,0,36000,36000,0.234853E-02,1,0.713970E-03,-0.125530,2,0.620135,-0.942407,1,0.575303,-1.47910,1,0.452012,-0.210682E-01,1,0.128613E-01,-0.646543,-1.19133,0.325438,-0.266330E-01,-0.674407E-10,-0.773489E-13,21.5327,520.469,520.780,-1.00000,0,24.6963,0.596936,0.597293,10.0000,0,280.725,280.672,96559.5,1.19827,1005.60,0.241711E-01,-0.136522E-02,0.445027E-03,57.6444,1035.35,0.371390E-03,5.56763,977.705,244.509,0.364315,0.299593,0.180662E-01,0.472025,-0.221222E-13,-0.313201E-14,0.472025,1.77606,144.598,39.4320,2.19347,-9999,0.442711E-01,0.716069E-01,58.7068,0.342379E-01,0.133201,0.235314E-02,0,-9999,-9999,-9999,-9999,-9999,-9999,-9999,0.231570E-02,1.01417,-0.166823,1.02404,-0.762240,1.23509,-1.18221,1.23509,-0.170405E-01,1.23509,800000099,800100099,800000099,800000099,800010099,811110099,811110199,811110199,81100,81100,80,80,0,0,6,5,15,7,0.618105E-01,0.802641E-01,0.113927E-02,0.100134,0.460455E-01,31.8915,-0.138445E-03,-0.118221E-02,-0.170405E-01,16.0000,1.03611,251.000,68.7500,-6.83354,98100.0,1.05717
CH-CHA_201201162000.csv,2012-01-17,00:30,17.0208,0,36000,36000,0.123258E-02,1,0.420375E-03,15.6162,1,6.06388,1.28554,1,0.494234,2.09428,1,0.358139,0.286489E-01,1,0.110143E-01,-5.38608,-0.929928,-0.225818,-0.207240E-01,-0.344717E-11,-0.152698E-14,21.6234,516.458,516.576,4.80000,0,9.57843,0.228773,0.228825,4.30000,0,277.393,277.373,96559.5,1.21269,1005.34,0.238842E-01,0.185645E-02,0.172603E-03,22.0945,823.869,0.142330E-03,2.68180,801.774,234.730,0.452725,0.641485,0.348229E-01,0.785923,-0.466127E-13,-0.159418E-15,0.785923,1.31183,132.252,54.7877,2.53951,-9999,0.318810E-01,0.384468E-01,-0.176217,-11.4064,12.1476,-0.401769,0,-9999,-9999,-9999,-9999,-9999,-9999,-9999,0.121501E-02,1.01446,15.3583,1.02097,1.07970,1.17199,0.922308,1.17199,0.240617E-01,1.17199,800000099,800100099,800000099,800000099,800000199,800000199,811110199,811110199,81100,81100,80,80,1,5,4,0,0,8,0.253585E-01,0.501864E-01,0.134877E-02,5.26470,0.313920E-01,71.9421,0.125973E-01,0.922308E-03,0.240617E-01,15.9981,0.321111,251.758,73.4873,-6.92426,98100.2,1.05933
CH-CHA_201201162000.csv,2012-01-17,01:00,17.0416,0,36000,36000,0.344499E-02,1,0.555071E-03,0.663392,1,0.337636,-3.18793,1,0.975255,1.29077,1,0.458878,-0.712246E-01,1,0.217891E-01,4.28745,2.66159,0.631409,0.594650E-01,0.205601E-09,0.504718E-12,21.8811,527.786,528.470,9.10000,0,53.7147,1.29563,1.29731,-1.00000,0,280.139,280.024,96559.5,1.20073,1005.96,0.241206E-01,-0.461536E-02,0.967939E-03,125.088,990.358,0.806126E-03,12.6305,865.271,253.127,0.188006,0.571302,0.248446E-01,0.601954,-0.366815E-13,0.939628E-14,0.601954,0.985190,114.303,71.7845,2.36545,-9999,0.535638E-01,0.244545E-01,-19.6770,-0.102149,-0.208095,-0.102535E-01,0,-9999,-9999,-9999,-9999,-9999,-9999,-9999,0.338787E-02,1.01686,0.491886,1.02235,-2.71684,1.17361,1.09528,1.17361,-0.606994E-01,1.17361,800000099,800100099,800000099,800000099,800000199,800000199,811110199,811110199,81100,81100,80,80,0,0,2,16,8,0,0.265808E-01,0.213701E-01,0.958156E-03,0.550006E-01,0.327277E-01,154.052,0.407230E-03,0.109528E-02,-0.606994E-01,16.0000,0.344444,252.046,75.2861,-6.81027,98100.1,1.05543
CH-CHA_201201162000.csv,2012-01-17,01:30,17.0624,0,36000,36000,0.225757E-02,1,0.410121E-03,-2.02753,1,0.631730,-3.72062,1,0.712057,3.25637,1,0.802515,-0.831092E-01,1,0.159056E-01,-0.339746,-0.890839,0.860181,-0.198991E-01,0.633864E-10,0.109563E-12,22.5398,543.205,543.715,10.0000,0,38.9601,0.938931,0.939813,10.0000,0,279.897,279.814,96559.5,1.20179,1005.76,0.240998E-01,-0.538548E-02,0.702061E-03,90.6600,976.170,0.584179E-03,9.28732,885.510,249.463,-0.128207,0.584948E-01,0.651458E-02,0.141072,0.132757E-12,0.281220E-14,0.141072,1.03121,67.7291,155.475,2.64682,-9999,0.433417E-01,0.103261,3.41067,0.589326,0.544944,0.387022E-01,0,-9999,-9999,-9999,-9999,-9999,-9999,-9999,0.217741E-02,1.03681,-2.02806,1.06821,-2.23893,1.65555,2.07582,1.65555,-0.500121E-01,1.65555,800000099,800100099,800000099,800000099,800000099,800000099,811110199,811110199,80100,80100,80,81,12,0,2,11,7,25,0.478229E-01,0.157897,0.801563E-03,0.696225E-01,0.180235,68.4042,-0.167786E-02,0.207582E-02,-0.500121E-01,16.0000,0.344444,253.000,81.2500,-6.86610,98106.6,1.05115
CH-CHA_201201162000.csv,2012-01-17,02:00,17.0833,0,36000,36000,0.493410E-03,0,0.265090E-03,-3.19066,0,1.69841,-2.11223,2,0.780151,19.4812,0,1.37526,-0.471732E-01,2,0.174234E-01,-0.315732,-1.43478,0.966957,-0.320435E-01,-0.682784E-10,-0.444664E-13,23.2789,560.523,560.728,9.85000,0,15.1604,0.365041,0.365175,10.0000,0,279.651,279.619,96559.5,1.20289,1005.45,0.240786E-01,-0.305682E-02,0.273190E-03,35.2536,963.154,0.227111E-03,3.66022,927.900,239.380,0.233213,0.129464,-0.499583E-02,0.266785,0.290978E-13,-0.293306E-14,0.266785,0.675352,157.343,29.0360,-1.07299,-9999,0.202531E-01,0.315115E-01,0.221128,9.08975,1.51056,0.130257,0,-9999,-9999,-9999,-9999,-9999,-9999,-9999,0.407919E-03,1.20958,-2.28852,1.40797,-0.383178,5.49368,3.59091,5.49368,-0.855765E-02,5.49368,800000099,800100099,800000099,800000099,800000099,811111199,811110199,811110199,81100,81100,80,81,0,3,2,0,0,1,0.105733E-01,0.513065E-01,0.114315E-02,0.284451,0.296282,44.9307,-0.189220E-02,0.359091E-02,-0.855765E-02,15.9977,0.356667,253.688,85.5512,-7.11985,98131.5,1.04696
CH-CHA_201201170200.csv,2012-01-17,02:30,17.1041,0,36000,36000,-0.125434E-01,1,0.125505E-02,-4.60736,2,1.74752,-9999,-9999,-9999,1.33742,2,1.19819,-9999,-9999,-9999,-0.100033,-9999,0.190429,-9999,0.533949E-09,-9999,23.4283,563.932,563.932,7.95000,0,-9999,-9999,-9999,-9999,0,279.557,279.557,96559.5,1.20332,1005.26,0.240705E-01,-9999,-9999,-9999,959.062,-9999,-9999,-9999,-9999,0.382050E-02,0.398311,0.457125E-01,0.400944,0.180849E-12,0.227907E-13,0.400944,1.19854,91.0130,89.4504,6.54666,-9999,0.102098,0.156945,19.6165,0.102465,-9999,0.373058E-01,0,-9999,-9999,-9999,-9999,-9999,-9999,-9999,-0.123413E-01,1.01637,-4.47854,1.02876,-9999,-9999,1.29257,1.28164,-9999,-9999,800000099,800100199,800000099,800000199,800000099,800000099,811110199,811110199,81000,81000,80,81,0,0,0,0,4,0,0.575454E-01,0.254420,0.192380E-02,0.122677,0.886891E-01,-9999,-0.370234E-02,0.129257E-02,-9999,15.9981,0.292222,254.346,89.6638,-7.28672,98174.2,1.04883
CH-CHA_201201170200.csv,2012-01-17,03:00,17.1249,0,36000,36000,0.398338E-02,1,0.712442E-03,0.306068,2,0.508253,-9999,-9999,-9999,3.17233,1,0.659243,-9999,-9999,-9999,-0.705728,-9999,0.725735,-9999,0.361943E-10,-9999,24.0047,576.905,576.905,10.0000,0,-9999,-9999,-9999,-9999,0,279.122,279.122,96559.5,1.20520,1005.25,0.240331E-01,-9999,-9999,-9999,930.673,-9999,-9999,-9999,-9999,0.184433,0.616931E-01,-0.744889E-02,0.194621,-0.880325E-13,0.150780E-14,0.194621,0.686731,169.797,18.4951,-2.19347,-9999,0.574906E-01,0.406178E-01,-52.7224,-0.381242E-01,-9999,-0.439428E-02,0,-9999,-9999,-9999,-9999,-9999,-9999,-9999,0.384138E-02,1.03697,0.295560,1.03555,-9999,-9999,2.63981,1.19350,-9999,-9999,800000099,800100199,800000099,800000199,800000199,810000199,811110099,811110099,80000,80000,80,81,0,2,0,0,2,0,0.359884E-01,0.443168E-01,0.930561E-03,0.785603E-01,0.551501E-01,-9999,0.243956E-03,0.263981E-02,-9999,15.9969,0.334444,255.000,93.7500,-7.23208,98198.3,1.04220
CH-CHA_201201170200.csv,2012-01-17,03:30,17.1458,0,36000,36000,0.190768E-02,1,0.421730E-03,1.71062,1,0.494749,-9999,-9999,-9999,-0.468239,1,0.330963,-9999,-9999,-9999,0.221473,-9999,0.825062,-9999,0.177660E-09,-9999,24.6066,591.661,591.661,-1.00000,0,-9999,-9999,-9999,-9999,0,279.259,279.259,96559.5,1.20461,1005.25,0.240448E-01,-9999,-9999,-9999,939.506,-9999,-9999,-9999,-9999,0.537839,0.496172,0.415217E-01,0.732927,-0.300055E-13,0.722001E-14,0.732927,1.32476,142.244,42.6925,3.24765,-9999,0.397951E-01,0.357271E-01,-3.12866,-0.642447,-9999,-0.354979E-01,0,-9999,-9999,-9999,-9999,-9999,-9999,-9999,0.187944E-02,1.01503,1.67498,1.02128,-9999,-9999,-0.505596,1.17230,-9999,-9999,800000099,800100199,800000099,800000199,800000199,800001199,811110099,811110099,81000,81000,80,81,0,3,0,9,34,0,0.392507E-01,0.314546E-01,0.748879E-03,0.570084E-01,0.499216E-01,-9999,0.138321E-02,-0.505596E-03,-9999,15.9949,0.347778,255.000,93.7500,-7.56939,98198.0,1.04457
CH-CHA_201201170200.csv,2012-01-17,04:00,17.1666,0,36000,36000,-0.134051E-01,1,0.101017E-02,-3.23378,2,1.18301,-9999,-9999,-9999,0.137392,1,0.557854,-9999,-9999,-9999,-0.241219,-9999,0.373342,-9999,-0.332932E-09,-9999,24.8974,598.335,598.335,5.45000,0,-9999,-9999,-9999,-9999,0,279.110,279.110,96559.5,1.20525,1005.25,0.240320E-01,-9999,-9999,-9999,929.894,-9999,-9999,-9999,-9999,0.912622E-01,0.259872,0.246924E-01,0.276536,-0.209818E-12,-0.133722E-13,0.276536,1.02323,111.869,70.6497,5.12286,-9999,0.105462,0.126238,30.8036,0.652521E-01,-9999,0.253082E-01,0,-9999,-9999,-9999,-9999,-9999,-9999,-9999,-0.131688E-01,1.01794,-3.14789,1.02728,-9999,-9999,0.299547,1.25349,-9999,-9999,800000099,800100199,800000099,800000199,800001199,800001199,811110099,811110099,80000,80000,80,81,0,9,12,11,3,0,0.355960E-01,0.215286,0.159517E-02,0.771509E-01,0.438002E-01,-9999,-0.259817E-02,0.299547E-03,-9999,16.0000,0.191111,255.000,93.7500,-7.60227,98202.7,1.04174
CH-CHA_201201170200.csv,2012-01-17,04:30,17.1874,0,36000,36000,-0.652885E-01,1,0.815550E-02,-17.5455,1,6.01127,-9999,-9999,-9999,50.8644,1,7.81671,-9999,-9999,-9999,-0.497192,-9999,0.458756,-9999,0.161034E-08,-9999,25.2660,606.526,606.526,0.450000,0,-9999,-9999,-9999,-9999,0,278.804,278.804,96559.5,1.20657,1005.25,0.240057E-01,-9999,-9999,-9999,910.378,-9999,-9999,-9999,-9999,-0.107683E-01,0.224197E-01,0.154225E-01,0.292652E-01,0.305727E-12,0.637357E-13,0.292652E-01,1.29097,19.0279,115.655,31.8023,-9999,0.232617,0.183236,60.9227,0.329926E-01,-9999,0.621867E-01,0,40.6252,-6.16502,13.9453,34.7258,52.9590,74.2757,111.279,-0.598336E-01,1.09117,-16.5469,1.06035,-9999,-9999,40.4831,1.28882,-9999,-9999,800000099,800100199,800000099,800000199,800000199,800000199,811110099,811110099,80000,81000,80,81,3,0,0,0,1,0,0.783389E-01,0.260684,0.274486E-01,0.850128E-01,0.154233,-9999,-0.136424E-01,0.404831E-01,-9999,15.9977,0.301111,255.000,93.7500,-7.32757,98220.6,1.03881
CH-CHA_201201170200.csv,2012-01-17,05:00,17.2083,0,36000,36000,0.977398E-03,1,0.421539E-03,-0.293561,2,0.185841,-9999,-9999,-9999,-1.16984,1,0.446927,-9999,-9999,-9999,-0.319428,-9999,0.834725,-9999,-0.124658E-09,-9999,25.9047,621.420,621.420,-1.00000,0,-9999,-9999,-9999,-9999,0,278.607,278.607,96559.5,1.20743,1005.24,0.239887E-01,-9999,-9999,-9999,898.040,-9999,-9999,-9999,-9999,0.490776,0.513393,0.410089E-01,0.711418,-0.514663E-13,-0.481217E-14,0.711418,1.35857,136.265,46.2903,3.30458,-9999,0.284515E-01,0.789653E-01,6.66250,0.301688,-9999,0.850083E-02,0,-9999,-9999,-9999,-9999,-9999,-9999,-9999,0.957372E-03,1.02092,-0.281653,1.04228,-9999,-9999,-0.802398,1.42991,-9999,-9999,800000099,800100199,800000099,800000199,800000199,800001199,811110099,811110099,81000,81000,80,81,6,0,1,2,1,0,0.303934E-01,0.126515,0.102213E-02,0.777346E-01,0.993579E-01,-9999,-0.232050E-03,-0.802398E-03,-9999,15.9934,0.322222,255.000,93.7500,-7.72865,98259.0,1.03857
CH-CHA_201201170200.csv,2012-01-17,05:30,17.2291,0,36000,36000,0.692398E-03,1,0.291085E-03,-0.136452,2,0.369801,-9999,-9999,-9999,0.836417,1,0.283445,-9999,-9999,-9999,0.875736E-01,-9999,0.140792E-01,-9999,0.344741E-10,-9999,25.9101,621.671,621.671,9.80000,0,-9999,-9999,-9999,-9999,0,278.661,278.661,96559.5,1.20719,1005.24,0.239934E-01,-9999,-9999,-9999,901.408,-9999,-9999,-9999,-9999,0.252482,0.252373,0.122785E-01,0.357197,-0.276723E-13,0.133053E-14,0.357197,0.838272,135.064,44.9877,1.96990,-9999,0.239491E-01,0.546394E-01,8.54889,0.235118,-9999,0.469507E-02,0,-9999,-9999,-9999,-9999,-9999,-9999,-9999,0.678359E-03,1.02070,-0.131357,1.03879,-9999,-9999,0.612346,1.38300,-9999,-9999,800000099,800100199,800000099,800000199,800000199,801011199,811110099,811110099,81000,81000,80,81,0,25,6,0,1,0,0.269067E-01,0.819356E-01,0.436432E-03,0.562684E-01,0.376671E-01,-9999,-0.108244E-03,0.612346E-03,-9999,16.0000,0.200000,255.000,93.7500,-7.70932,98288.8,1.03679
CH-CHA_201201170200.csv,2012-01-17,06:00,17.2499,0,36000,36000,0.485381E-03,1,0.240876E-03,-0.436155,1,0.220465,-9999,-9999,-9999,-0.556834,1,0.195357,-9999,-9999,-9999,-0.356681E-01,-9999,0.501935,-9999,0.907883E-11,-9999,26.2855,630.628,630.628,3.10000,0,-9999,-9999,-9999,-9999,0,278.639,278.639,96559.5,1.20729,1005.24,0.239915E-01,-9999,-9999,-9999,900.035,-9999,-9999,-9999,-9999,-0.101493,0.393736,0.221042E-01,0.407207,0.906342E-13,0.345393E-15,0.407207,0.821584,77.4407,104.454,3.11168,-9999,0.200510E-01,0.438781E-01,1.56959,1.28059,-9999,0.179235E-01,0,-9999,-9999,-9999,-9999,-9999,-9999,-9999,0.462015E-03,1.05057,-0.395967,1.10149,-9999,-9999,-0.258077,2.02626,-9999,-9999,800000099,800100199,800000099,800000199,800000199,800011199,811110099,811110099,81000,81000,80,81,0,1,1,26,27,0,0.116594E-01,0.754680E-01,0.628857E-03,0.184926E-01,0.517054E-01,-9999,-0.326270E-03,-0.258077E-03,-9999,16.0000,0.235556,255.000,93.7500,-7.53843,98299.9,1.03650
CH-CHA_201201170200.csv,2012-01-17,06:30,17.2707,0,36000,36000,-0.107222E-01,1,0.171249E-02,-1.49736,1,0.640873,-9999,-9999,-9999,-6.23289,1,1.16920,-9999,-9999,-9999,-0.281325,-9999,1.13512,-9999,0.375865E-09,-9999,27.1461,650.872,650.872,1.90000,0,-9999,-9999,-9999,-9999,0,278.466,278.466,96559.5,1.20804,1005.24,0.239766E-01,-9999,-9999,-9999,889.276,-9999,-9999,-9999,-9999,0.261174,0.108177,0.241825E-01,0.283723,0.150334E-13,0.138460E-13,0.283723,1.00140,157.314,22.4990,4.88941,-9999,0.942112E-01,0.131693,47.4242,0.423835E-01,-9999,0.130880E-01,0,-9999,-9999,-9999,-9999,-9999,-9999,-9999,-0.105381E-01,1.01747,-1.46014,1.02549,-9999,-9999,-4.95299,1.23414,-9999,-9999,800000099,800100199,800000099,800000199,800000199,810001199,811110099,811110099,80000,80000,80,81,0,41,3,2,6,0,0.178039,0.840701E-01,0.127653E-02,0.435593E-01,0.171096,-9999,-0.120239E-02,-0.495299E-02,-9999,16.0000,0.246667,255.000,93.7500,-7.54552,98300.4,1.03544
CH-CHA_201201170200.csv,2012-01-17,07:00,17.2916,0,36000,36000,0.859322E-03,1,0.580735E-03,1.10039,1,0.920432,-9999,-9999,-9999,-0.441037,1,0.405773,-9999,-9999,-9999,-0.240127,-9999,0.492203,-9999,0.102663E-09,-9999,27.5266,659.645,659.645,2.95000,0,-9999,-9999,-9999,-9999,0,278.318,278.318,96559.5,1.20868,1005.24,0.239639E-01,-9999,-9999,-9999,880.187,-9999,-9999,-9999,-9999,0.374845,0.478905,0.375114E-01,0.609316,-0.277338E-13,0.372957E-14,0.609316,0.993227,134.287,51.9493,3.52954,-9999,0.266638E-01,0.724652E-01,-1.46298,-1.37390,-9999,-0.339659E-01,0,-9999,-9999,-9999,-9999,-9999,-9999,-9999,0.845176E-03,1.01674,1.07641,1.02228,-9999,-9999,-0.452154,1.17352,-9999,-9999,800000099,800100199,800000099,800000199,800010199,800110199,811110099,811110099,81000,81000,80,81,5,0,6,1,0,0,0.390998E-01,0.104605,0.122577E-02,0.954756E-01,0.696677E-01,-9999,0.885926E-03,-0.452154E-03,-9999,16.0000,0.215556,255.000,93.7500,-7.79650,98301.4,1.03418
CH-CHA_201201170200.csv,2012-01-17,07:30,17.3124,0,36000,36000,0.481828E-02,1,0.802644E-03,-3.27355,2,5.66902,-9999,-9999,-9999,-4.83301,1,0.835754,-9999,-9999,-9999,-7.40328,-9999,-0.140590,-9999,0.582214E-10,-9999,27.8722,657.179,657.179,5.55000,0,-9999,-9999,-9999,-9999,0,273.840,273.840,96559.5,1.22844,1005.17,0.235783E-01,-9999,-9999,-9999,640.675,-9999,-9999,-9999,-9999,-0.312100,-0.616351E-01,0.136906E-01,0.318422,0.116531E-12,0.208887E-14,0.318422,1.19958,342.601,191.171,2.46419,-9999,0.626280E-01,0.690298E-01,6.37198,0.315444,-9999,0.423308E-01,0,-9999,-9999,-9999,-9999,-9999,-9999,-9999,0.470726E-02,1.02358,-3.13340,1.04473,-9999,-9999,-3.16714,1.44079,-9999,-9999,800000099,800100199,800000099,800000199,800000199,801001199,811110099,811110099,81000,81000,80,81,3,0,0,0,13,0,0.637646E-01,0.732331E-01,0.106178E-02,3.16402,0.111537,-9999,-0.253759E-02,-0.316714E-02,-9999,16.0000,2.93667,255.000,93.7500,-7.58943,98313.3,1.03139
CH-CHA_201201170200.csv,2012-01-17,08:00,17.3332,1,36000,36000,-0.205721E-02,1,0.416100E-03,-1.12245,1,0.420563,-9999,-9999,-9999,3.79893,1,0.510090,-9999,-9999,-9999,3.75065,-9999,0.281979,-9999,0.109129E-09,-9999,27.8510,662.166,662.166,2.20000,0,-9999,-9999,-9999,-9999,0,276.128,276.128,96559.5,1.21827,1005.20,0.237753E-01,-9999,-9999,-9999,754.627,-9999,-9999,-9999,-9999,-0.825566E-01,0.293138,0.132082E-01,0.304828,0.101195E-12,0.391831E-14,0.304828,0.694190,85.5757,105.729,2.48340,-9999,0.410930E-01,0.426979E-01,5.24975,0.382875,-9999,0.223051E-01,0,-9999,-9999,-9999,-9999,-9999,-9999,-9999,-0.200549E-02,1.02579,-1.06959,1.04943,-9999,-9999,2.61622,1.48740,-9999,-9999,800000099,800101199,800000099,800000199,800000199,800000199,811110099,811110099,81000,81000,80,81,0,0,1,4,1,0,0.335943E-01,0.513488E-01,0.452640E-03,0.333187E-01,0.641092E-01,-9999,-0.873413E-03,0.261622E-02,-9999,15.9981,6.25833,255.000,93.7500,-7.51985,98322.1,1.03204
CH-CHA_201201170800.csv,2012-01-17,08:30,17.3541,1,36000,36000,0.582556E-02,1,0.817967E-03,0.710769,1,0.338832,-9999,-9999,-9999,-4.21244,1,0.726924,-9999,-9999,-9999,0.421497,-9999,0.767849,-9999,-0.842528E-10,-9999,28.3962,675.757,675.757,-1.00000,0,-9999,-9999,-9999,-9999,0,276.385,276.385,96559.5,1.21713,1005.21,0.237974E-01,-9999,-9999,-9999,768.504,-9999,-9999,-9999,-9999,-0.574990E-01,0.110508,0.560417E-03,0.124573,-0.107113E-12,-0.296704E-14,0.124573,0.806288,131.833,117.489,0.257758,-9999,0.691831E-01,0.460270E-01,-39.5617,-0.508067E-01,-9999,-0.839722E-02,0,-9999,-9999,-9999,-9999,-9999,-9999,-9999,0.553979E-02,1.05158,0.679879,1.04543,-9999,-9999,-3.53295,1.20923,-9999,-9999,800000099,800101199,800000099,800000199,800000199,810000199,811110099,811110099,81000,81000,80,81,3,0,3,10,0,0,0.611857E-01,0.302171E-01,0.651124E-03,0.200660E-01,0.860611E-01,-9999,0.555698E-03,-0.353295E-02,-9999,15.9981,0.416667,255.000,93.7500,-7.25805,98377.6,1.03489
CH-CHA_201201170800.csv,2012-01-17,09:00,17.3749,1,36000,36000,0.467863E-03,1,0.528665E-03,1.79682,0,0.369226,-9999,-9999,-9999,3.07192,0,0.742107,-9999,-9999,-9999,0.484318,-9999,0.248798,-9999,0.253937E-10,-9999,28.5509,680.166,680.166,1.55000,0,-9999,-9999,-9999,-9999,0,276.681,276.681,96559.5,1.21583,1005.21,0.238229E-01,-9999,-9999,-9999,784.745,-9999,-9999,-9999,-9999,-0.154459E-01,0.143954,0.417528E-02,0.144840,-0.132744E-13,0.889417E-15,0.144840,0.478121,89.5442,96.1243,1.65188,-9999,0.196166E-01,0.119323E-01,-0.356755,-5.63412,-9999,-0.749466E-01,0,-9999,-9999,-9999,-9999,-9999,-9999,-9999,0.447250E-03,1.04609,1.72488,1.04171,-9999,-9999,2.42695,1.20324,-9999,-9999,800000099,800101199,800000099,800000199,800000199,800100199,811110099,811110099,80000,80000,80,81,3,11,0,14,1,0,0.132036E-01,0.883679E-02,0.182426E-02,0.238758E-01,0.655185E-01,-9999,0.141133E-02,0.242695E-02,-9999,15.9977,0.437778,255.000,93.7500,-5.66501,98391.8,1.04966
CH-CHA_201201170800.csv,2012-01-17,09:30,17.3957,1,36000,36000,-0.178302E-02,0,0.107563E-02,35.0647,0,4.17807,-9999,-9999,-9999,6.60518,1,3.04417,-9999,-9999,-9999,1.04446,-9999,-0.251158,-9999,-0.124184E-09,-9999,28.2982,675.705,675.705,10.0000,0,-9999,-9999,-9999,-9999,0,277.321,277.321,96559.5,1.21303,1005.22,0.238780E-01,-9999,-9999,-9999,820.891,-9999,-9999,-9999,-9999,0.112785,0.392028,0.119308E-01,0.408104,0.814322E-13,-0.438840E-14,0.408104,1.13829,105.431,73.9497,1.67527,-9999,0.383392E-01,0.447827E-01,-0.136480,-14.7275,-9999,-0.750060,0,-9999,-9999,-9999,-9999,-9999,-9999,-9999,-0.174515E-02,1.02170,34.1956,1.02542,-9999,-9999,3.11629,1.17794,-9999,-9999,800000099,800001199,800000099,800000199,800011199,800011199,811100099,811110099,81000,81000,80,80,10,19,0,4,8,0,0.441911E-01,0.314030E-01,0.139712E-01,0.320282,0.181445,-9999,0.280439E-01,0.311629E-02,-9999,15.9981,0.440556,255.000,93.7500,-2.61616,98388.4,1.07707
CH-CHA_201201170800.csv,2012-01-17,10:00,17.4165,1,36000,36000,-0.197188E-01,1,0.533981E-02,72.6360,0,7.30375,-9999,-9999,-9999,15.4281,2,4.70040,-9999,-9999,-9999,1.25860,-9999,-1.56606,-9999,0.470647E-09,-9999,27.0547,647.814,647.814,10.0000,0,-9999,-9999,-9999,-9999,0,278.094,278.094,96559.5,1.20965,1005.23,0.239446E-01,-9999,-9999,-9999,866.528,-9999,-9999,-9999,-9999,-1.00993,-0.241195,0.882656E-01,1.04208,0.589268E-13,0.173961E-13,1.04208,2.60317,354.460,193.432,4.85886,-9999,0.127676,0.166484,-2.43329,-0.826042,-9999,-0.467858,0,-9999,-9999,-9999,-9999,-9999,-9999,-9999,-0.194734E-01,1.01260,71.2042,1.02011,-9999,-9999,8.20849,1.17157,-9999,-9999,800000099,800000199,800000099,800000199,800011199,800111199,801100099,811100099,80000,80000,80,81,24,12,4,69,93,0,0.247009,0.558018E-01,0.301574E-01,0.756086,0.218417,-9999,0.585568E-01,0.820849E-02,-9999,15.9973,0.362222,255.000,93.7500,0.611062,98399.4,1.10101
CH-CHA_201201170800.csv,2012-01-17,10:30,17.4374,1,36000,36000,-0.204546E-01,0,0.360396E-02,49.4706,0,3.17464,-9999,-9999,-9999,22.4404,1,5.99424,-9999,-9999,-9999,1.71718,-9999,-1.94500,-9999,-0.661388E-09,-9999,25.5054,613.041,613.041,0.350000,0,-9999,-9999,-9999,-9999,0,279.153,279.153,96559.5,1.20507,1005.25,0.240357E-01,-9999,-9999,-9999,932.661,-9999,-9999,-9999,-9999,-1.11737,-0.508704,0.869233E-01,1.23080,0.113269E-13,-0.259312E-13,1.23080,2.70867,343.667,204.478,4.04981,-9999,0.130284,0.154614,-3.79619,-0.529479,-9999,-0.313452,0,-9999,-9999,-9999,-9999,-9999,-9999,-9999,-0.202160E-01,1.01180,48.5050,1.01991,-9999,-9999,15.9627,1.17206,-9999,-9999,800000099,800000199,800000099,800000199,800010199,800011199,800000099,811100099,81000,81000,80,80,9,7,0,27,30,0,0.170511,0.106258,0.324593E-01,0.179869,0.429139,-9999,0.400406E-01,0.159627E-01,-9999,16.0000,0.342222,255.000,93.7500,2.60992,98407.8,1.11341
CH-CHA_201201170800.csv,2012-01-17,11:00,17.4582,1,36000,36000,-0.687097E-02,0,0.155003E-02,59.9506,0,4.96075,-9999,-9999,-9999,21.5351,1,7.57821,-9999,-9999,-9999,-0.175450,-9999,-3.08422,-9999,-0.163764E-09,-9999,23.2213,557.924,557.924,0.300000,0,-9999,-9999,-9999,-9999,0,279.045,279.045,96559.5,1.20553,1005.25,0.240264E-01,-9999,-9999,-9999,925.708,-9999,-9999,-9999,-9999,-0.759402,-0.184525,0.445231E-01,0.782767,0.450707E-13,-0.705233E-14,0.782767,1.65680,354.043,193.657,3.26069,-9999,0.754953E-01,0.106368,-0.609521,-3.29767,-9999,-0.655270,0,-9999,-9999,-9999,-9999,-9999,-9999,-9999,-0.677281E-02,1.01449,58.7184,1.02098,-9999,-9999,14.8620,1.17200,-9999,-9999,800000099,800000199,800000099,800000199,800001199,800001199,800000099,811000099,81000,81000,80,80,12,0,0,10,3,0,0.857664E-01,0.941590E-01,0.328107E-01,0.199277,0.501917,-9999,0.484531E-01,0.148620E-01,-9999,15.9961,0.393333,254.852,92.8251,4.76160,98411.2,1.13052
CH-CHA_201201170800.csv,2012-01-17,11:30,17.4790,1,36000,36000,-0.246870E-01,1,0.422125E-02,75.1726,0,6.67884,-40.0060,1,12.7073,32.6578,1,8.39149,-0.892483,1,0.283485,-0.943404,-9999,-3.23314,-9999,0.293261E-10,0.554191E-13,20.8579,500.247,500.721,9.90000,0,39.4162,0.945344,0.946238,3.65000,0,278.548,278.465,96559.5,1.20761,1005.74,0.239836E-01,-0.578329E-01,0.710280E-03,91.2790,889.179,0.588169E-03,10.2655,797.900,249.539,0.184011,0.394327,0.420358E-01,0.437174,0.197584E-12,0.140600E-14,0.437174,1.85486,115.797,64.9840,5.51772,-9999,0.142978,0.201250,-3.30242,-0.608644,-1.87903,-0.432886,0,-9999,-9999,-9999,-9999,-9999,-9999,-9999,-0.241861E-01,1.02071,71.4069,1.02478,-34.2912,1.17701,24.1870,1.17701,-0.764993,1.17701,800000099,800000199,800000099,800000199,800000099,800000199,800000199,801100199,81000,81000,80,81,0,2,0,15,0,1,0.114074,0.257031,0.313935E-01,0.316832,0.437919,555.231,0.587930E-01,0.241870E-01,-0.764993,15.9981,0.357222,252.049,75.3091,6.97114,98409.1,1.15652
CH-CHA_201201170800.csv,2012-01-17,12:00,17.4999,1,36000,36000,-0.956843E-02,0,0.237923E-02,76.0426,0,9.20699,54.6532,1,10.5377,7.54899,0,1.05604,1.22041,1,0.235307,1.62256,6.92136,-1.67727,0.154554,0.141207E-09,0.111562E-11,19.5173,470.192,471.946,0.250000,0,154.198,3.71479,3.72864,0.300000,0,279.795,279.465,96559.5,1.20203,1007.25,0.240910E-01,0.790825E-01,0.277865E-02,358.372,952.998,0.231163E-02,37.6046,594.627,266.022,0.685798,-0.869642E-01,0.145231E-01,0.691442,0.682933E-13,0.723496E-14,0.691442,1.96013,190.613,352.773,1.20353,-9999,0.892201E-01,0.172835,-0.793609,-2.53273,1.39137,-0.703951,0,-9999,-9999,-9999,-9999,-9999,-9999,-9999,-0.942209E-02,1.01553,77.1375,1.02156,45.1110,1.17263,2.20823,1.17263,1.00733,1.17263,800000099,800000099,800000099,800000099,800001099,800001099,800000199,801000199,81000,81100,80,80,5,4,0,8,52,17,0.141081,0.174940,0.296498E-01,0.696271,0.248576E-01,533.154,0.637108E-01,0.220823E-02,1.00733,15.9977,0.304444,249.150,57.1882,7.39561,98400.2,1.16673
CH-CHA_201201170800.csv,2012-01-17,12:30,17.5207,1,36000,36000,-0.192899E-01,0,0.660049E-02,80.0443,0,9.31303,40.0222,0,4.50009,8.22713,2,3.15005,0.893926,0,0.100513,0.434169,0.618826,-0.596203,0.138220E-01,-0.571502E-10,-0.492864E-12,19.0537,459.498,461.326,7.40000,0,164.319,3.96272,3.97849,0.150000,0,280.085,279.734,96559.5,1.20077,1007.39,0.241160E-01,0.579264E-01,0.296103E-02,382.260,970.766,0.246595E-02,39.3771,588.506,266.861,0.422159,0.839575E-01,0.431358E-01,0.432583,0.129059E-12,-0.299943E-14,0.432583,1.68991,182.631,11.2480,5.72287,-9999,0.126746,0.172083,-2.16159,-0.929873,2.00000,-0.522083,0,-9999,-9999,-9999,-9999,-9999,-9999,-9999,-0.188958E-01,1.02086,80.0782,1.02487,32.3864,1.17714,2.81154,1.17714,0.723376,1.17714,800000099,800000099,800000099,800000099,800001099,800011099,800000199,801100199,80100,81100,81,81,0,0,0,26,17,20,0.186411,0.117594,0.401616E-01,0.413073,0.539364E-01,61.4249,0.662003E-01,0.281154E-02,0.723376,15.9953,0.328333,249.000,56.2500,8.61046,98397.8,1.19061
CH-CHA_201201170800.csv,2012-01-17,13:00,17.5415,1,36000,36000,-0.533556E-02,1,0.334609E-02,63.9293,0,5.48798,33.2927,0,2.83694,2.64083,0,1.15129,0.744164,0,0.634118E-01,1.24345,-0.347909,-0.342978,-0.777652E-02,-0.437962E-10,-0.369326E-12,18.7471,453.329,455.069,2.50000,0,158.091,3.82285,3.83752,0.300000,0,280.844,280.503,96559.5,1.19753,1007.33,0.241813E-01,0.482218E-01,0.284880E-02,368.784,1023.44,0.237889E-02,36.0337,654.658,266.394,0.307207,-0.179756,-0.861722E-02,0.356037,-0.248636E-14,-0.233616E-14,0.356037,2.36932,226.025,329.667,-1.38687,-9999,0.667492E-01,0.321176,-0.395303,-5.08471,1.92022,-0.793956,0,-9999,-9999,-9999,-9999,-9999,-9999,-9999,-0.521130E-02,1.02384,63.9047,1.02682,26.9733,1.18003,-1.04920,1.18003,0.602913,1.18003,800000099,800000099,800000099,800000099,800001099,800011099,800100199,811100199,81100,81100,80,81,0,0,0,16,28,10,0.218875,0.393176,0.303009E-01,0.373838,0.340632E-01,55.6552,0.529756E-01,-0.104920E-02,0.602913,15.9981,0.325556,249.000,56.2500,10.9985,98376.7,1.21356
CH-CHA_201201170800.csv,2012-01-17,13:30,17.5624,1,36000,36000,0.186856E-01,0,0.431525E-02,65.8056,0,4.94381,51.1638,0,4.14877,8.08257,1,1.54457,1.14431,0,0.927898E-01,1.01311,-0.527671,-0.611738,-0.118017E-01,-0.522748E-09,-0.426673E-11,18.2514,442.302,443.905,10.0000,0,148.970,3.61012,3.62320,0.00000,0,281.454,281.132,96559.5,1.19495,1007.22,0.242339E-01,0.741512E-01,0.268444E-02,348.286,1068.31,0.224649E-02,32.6015,720.026,265.652,0.534660,0.518796,0.409933E-01,0.746117,0.171524E-13,-0.286415E-13,0.746117,2.11769,137.272,44.1372,3.14954,-9999,0.125048,0.201078,-2.52495,-0.796055,1.28617,-0.437229,0,-9999,-9999,-9999,-9999,-9999,-9999,-9999,0.184116E-01,1.01488,66.9863,1.02119,42.3846,1.17222,3.43570,1.17222,0.947957,1.17222,800000099,800000099,800000099,800000099,800001099,800011099,800000199,811000199,81000,81000,80,81,1,4,0,32,11,64,0.192535,0.172980,0.366414E-01,0.229466,0.152439E-01,71.0059,0.556558E-01,0.343570E-02,0.947957,15.9961,0.367778,249.000,56.2500,11.0953,98315.6,1.22110
CH-CHA_201201170800.csv,2012-01-17,14:00,17.5832,1,36000,36000,-0.296650E-01,0,0.645967E-02,78.8466,0,8.28757,39.3477,0,3.60892,3.20589,0,1.14706,0.880561,0,0.807639E-01,1.00719,0.236298,0.234895E-01,0.528812E-02,0.298213E-09,0.249607E-11,18.2278,442.727,444.373,5.60000,0,152.568,3.70566,3.71944,0.450000,0,282.090,281.759,96559.5,1.19225,1007.29,0.242886E-01,0.570604E-01,0.274927E-02,357.492,1114.73,0.230595E-02,32.0698,757.238,265.990,0.481909,-0.181561,0.439867E-01,0.516852,0.285407E-12,0.163604E-13,0.516852,2.17959,202.926,339.356,4.88206,-9999,0.157739,0.295332,-4.22985,-0.475194,2.00384,-0.416221,0,-9999,-9999,-9999,-9999,-9999,-9999,-9999,-0.291247E-01,1.01855,79.0074,1.02340,32.0105,1.17504,-1.21777,1.17504,0.716361,1.17504,800000099,800000099,800000099,800000099,800001099,800001099,800000199,811000199,81000,81000,81,81,0,2,0,27,55,10,0.189744,0.362351,0.385693E-01,0.392543,0.197609E-01,50.3780,0.657881E-01,-0.121777E-02,0.716361,15.9903,0.577778,249.000,56.2500,11.7197,98301.7,1.23297
CH-CHA_201201171400.csv,2012-01-17,14:30,17.6040,1,36000,36000,-0.113743E-01,0,0.355142E-02,58.2718,0,4.66941,29.4934,0,2.11561,5.70444,0,0.850674,0.660391,0,0.473710E-01,0.912667,-0.592078E-01,-0.548228E-02,-0.132573E-02,0.494911E-10,0.411654E-12,18.1871,442.628,444.263,0.700000,0,151.276,3.68166,3.69527,0.550000,0,282.657,282.327,96559.5,1.18986,1007.28,0.243374E-01,0.427934E-01,0.272599E-02,355.179,1158.41,0.229101E-02,30.6610,803.230,265.906,0.295755,-0.534173,0.583472E-02,0.610611,0.775495E-13,0.272122E-14,0.610611,2.43668,240.441,298.972,0.547500,-9999,0.977718E-01,0.215015,-1.36295,-1.47475,1.97576,-0.497276,0,-9999,-9999,-9999,-9999,-9999,-9999,-9999,-0.111873E-01,1.01672,58.4800,1.02226,24.0490,1.17350,1.94326,1.17350,0.538485,1.17350,800000099,800001199,800000099,800000099,800001099,800011199,810000199,811000199,81000,81000,80,81,0,0,0,24,60,30,0.150941,0.250659,0.284296E-01,0.253200,0.347463E-01,30.9566,0.487932E-01,0.194326E-02,0.538485,15.9938,0.471667,249.000,56.2500,12.3450,98299.9,1.23632
CH-CHA_201201171400.csv,2012-01-17,15:00,17.6249,1,36000,36000,-0.876809E-01,1,0.140213E-01,34.0901,1,3.91319,18.0365,1,1.89891,1.26954,1,0.455774,0.404021,1,0.425358E-01,0.671321,-0.851059E-02,-0.528982E-01,-0.190638E-03,-0.814028E-09,-0.677920E-11,18.1208,441.669,443.299,7.25000,0,150.910,3.67820,3.69178,0.450000,0,283.076,282.746,96559.5,1.18810,1007.29,0.243735E-01,0.261805E-01,0.271939E-02,354.846,1191.54,0.228886E-02,29.7804,836.696,265.894,-0.294068E-01,-0.187819,0.406472E-01,0.194404,-0.632453E-13,-0.449222E-13,0.194404,1.73159,284.633,261.101,12.0688,-9999,0.271660,0.288077,-49.9746,-0.402204E-01,1.89006,-0.104856,0,39.3617,-5.97329,13.5116,33.6458,51.3119,71.9657,107.818,-0.845525E-01,1.03700,33.8089,1.03557,14.4877,1.19353,-0.615244,1.19353,0.324527,1.19353,800000099,800001199,800000099,800000099,800001099,800011199,810100199,810100199,80000,80000,80,81,2,0,0,28,77,46,0.314187,0.221454,0.405129E-01,0.141127,0.491877E-02,24.6413,0.282504E-01,-0.615244E-03,0.324527,15.9856,0.577222,249.000,56.2500,12.4501,98298.6,1.23902
CH-CHA_201201171400.csv,2012-01-17,15:30,17.6457,1,36000,36000,-0.160449E-01,1,0.408918E-02,4.75077,2,1.79373,15.3055,1,1.50670,0.977802,1,0.305514,0.343023,1,0.337679E-01,0.869306,-0.841395E-02,-0.793047E-02,-0.188572E-03,-0.293851E-09,-0.244570E-11,18.0802,441.524,443.153,9.05000,0,150.480,3.67478,3.68833,0.450000,0,283.620,283.290,96559.5,1.18582,1007.30,0.244204E-01,0.222279E-01,0.271165E-02,354.516,1235.77,0.228673E-02,28.6878,881.256,265.881,-0.318569E-01,-0.246610,0.263206E-01,0.250048,0.245792E-13,-0.162527E-13,0.250048,1.08042,267.833,262.639,6.04226,-9999,0.116321,0.130904,-28.1526,-0.713965E-01,0.310397,-0.341922E-01,0,-9999,-9999,-9999,-9999,-9999,-9999,-9999,-0.155667E-01,1.03072,5.36381,1.03137,12.7677,1.18698,0.482449,1.18698,0.286147,1.18698,800000099,800000099,800000099,800000099,800001099,800011199,811110199,811110199,81000,81000,81,81,6,0,0,19,23,21,0.123890,0.122370,0.155483E-01,0.298940,0.560733E-02,20.0729,0.449051E-02,0.482449E-03,0.286147,15.9965,0.289444,249.000,56.2500,9.96561,98299.5,1.24082
CH-CHA_201201171400.csv,2012-01-17,16:00,17.6665,1,36000,36000,-0.709005E-03,0,0.189872E-03,1.57196,0,0.776035,6.39532,0,0.727323,-0.159281,1,0.161491,0.143499,0,0.163197E-01,1.94786,0.281602,-0.131398E-01,0.631860E-02,-0.904062E-11,-0.776469E-13,17.9920,441.285,442.964,10.0000,0,154.528,3.79005,3.80447,0.550000,0,284.855,284.513,96559.5,1.18067,1007.39,0.245267E-01,0.929871E-02,0.278459E-02,365.623,1340.62,0.235848E-02,27.2726,975.000,266.282,-0.484144,-0.735885,0.327753E-01,0.881474,0.868627E-14,-0.502479E-15,0.881474,1.31141,310.319,236.659,2.13088,-9999,0.245053E-01,0.200555E-01,-0.795536,-2.52660,0.245799,-0.539334E-01,0,-9999,-9999,-9999,-9999,-9999,-9999,-9999,-0.699473E-03,1.01363,1.86272,1.02054,5.41045,1.17164,-0.261273,1.17164,0.121400,1.17164,800000099,800001199,800000099,800000099,800001099,800101099,811110199,811110199,81100,81100,80,80,6,4,1,13,6,5,0.214785E-01,0.154775E-01,0.315500E-02,0.100645,0.437722E-02,37.0111,0.156611E-02,-0.261273E-03,0.121400,15.9907,0.528333,249.000,56.2500,9.07113,98301.1,1.22467
CH-CHA_201201171400.csv,2012-01-17,16:30,17.6873,1,36000,36000,-0.460892E-02,1,0.382588E-03,-0.879841,1,0.733011,3.29315,1,0.905293,2.21395,1,0.564378,0.739033E-01,1,0.203162E-01,0.256882,0.463419,0.109238,0.103998E-01,0.472086E-10,0.423853E-12,18.0620,443.279,445.050,5.40000,0,162.166,3.97989,3.99580,4.05000,0,285.034,284.674,96559.5,1.17992,1007.49,0.245421E-01,0.478893E-02,0.292223E-02,383.914,1355.02,0.247664E-02,28.3326,971.110,266.918,-0.484640,-0.163178,0.365067E-01,0.512675,0.122314E-12,0.261370E-14,0.512675,1.00324,346.997,198.608,4.08338,-9999,0.624991E-01,0.496258E-01,23.5806,0.852397E-01,-0.267173,0.118423E-01,0,-9999,-9999,-9999,-9999,-9999,-9999,-9999,-0.454359E-02,1.01438,-0.702959,1.02565,2.63009,1.25427,1.77648,1.25427,0.590233E-01,1.25427,800000099,800101199,800000099,800000099,800000099,800100099,811110199,811110199,81100,81100,80,81,8,12,5,3,17,18,0.207869E-01,0.767117E-01,0.175295E-02,0.110242,0.580810E-01,69.9042,-0.591340E-03,0.177648E-02,0.590233E-01,15.9922,0.665556,249.000,56.2500,6.48424,98315.2,1.20554
CH-CHA_201201171400.csv,2012-01-17,17:00,17.7082,1,36000,36000,0.242573E-02,1,0.869001E-03,1.47192,1,1.03600,-0.576147,1,0.247817,2.29902,1,0.672497,-0.129346E-01,1,0.556354E-02,0.638421,0.367587,0.994920,0.825240E-02,0.102408E-09,0.916695E-12,18.7757,461.467,463.381,10.0000,0,168.068,4.13076,4.14789,-0.500000E-01,0,285.450,285.076,96559.5,1.17819,1007.58,0.245779E-01,-0.838161E-03,0.302858E-02,398.448,1391.46,0.257054E-02,28.6352,993.013,267.404,0.111191,0.282941,0.811417E-02,0.304113,0.783076E-13,0.545431E-14,0.304113,0.835823,112.526,68.5460,1.52891,-9999,0.453747E-01,0.652298E-01,-5.39396,-0.372639,-2.55477,-0.273261E-01,0,-9999,-9999,-9999,-9999,-9999,-9999,-9999,0.236274E-02,1.02666,1.40232,1.02867,-0.512607,1.18284,1.87965,1.18284,-0.115081E-01,1.18284,800000099,800101199,800000099,800000099,800000099,800010099,811110199,811110199,80000,80000,80,81,20,11,2,17,18,4,0.577937E-01,0.711834E-01,0.148261E-02,0.107725,0.413044E-01,5.88399,0.118128E-02,0.187965E-02,-0.115081E-01,15.9965,0.475000,249.000,56.2500,2.70315,98354.2,1.17284
CH-CHA_201201171400.csv,2012-01-17,17:30,17.7290,0,36000,36000,0.101217E-02,1,0.273250E-03,1.93184,1,0.825219,-0.424839,1,0.233065,-0.545030,2,0.618496,-0.953881E-02,1,0.523296E-02,0.190212,-0.304943,-0.178338E-01,-0.684680E-02,-0.519452E-11,-0.451204E-13,18.7553,461.141,462.995,10.0000,0,162.911,4.00554,4.02165,0.00000,0,285.558,285.196,96559.5,1.17775,1007.52,0.245872E-01,-0.618115E-03,0.293566E-02,386.385,1402.49,0.249260E-02,27.5499,1016.11,267.002,0.460053,0.464953,0.298861E-01,0.654769,-0.304175E-13,-0.276963E-15,0.654769,0.953205,141.319,45.3035,2.61610,-9999,0.293157E-01,0.130077E-01,-1.10834,-1.81352,-4.54722,-0.555349E-01,0,-9999,-9999,-9999,-9999,-9999,-9999,-9999,0.996198E-03,1.01603,1.86938,1.02186,-0.396050,1.17298,-0.552183,1.17298,-0.889241E-02,1.17298,800000099,800101199,800000099,800000099,800000099,801001199,811110199,811110199,81100,81100,80,81,4,2,12,1,0,3,0.155506E-01,0.984142E-02,0.623376E-03,0.121705,0.965475E-01,7.80418,0.157541E-02,-0.552183E-03,-0.889241E-02,15.9907,0.607778,249.000,56.2500,0.109394,98382.8,1.15325
CH-CHA_201201171400.csv,2012-01-17,18:00,17.7498,0,36000,36000,0.155710E-02,1,0.318176E-03,2.04869,1,0.623289,-0.485351,1,0.170031,-2.09597,1,0.607914,-0.108929E-01,1,0.381608E-02,-0.691846,-0.197582,0.269182,-0.443441E-02,-0.128503E-09,-0.108210E-11,18.9846,466.056,467.892,2.65000,0,159.866,3.92457,3.94003,-0.200000,0,285.116,284.761,96559.5,1.17958,1007.46,0.245491E-01,-0.705862E-03,0.288079E-02,378.584,1362.81,0.244221E-02,27.7797,984.223,266.735,0.571931,0.359424,0.373802E-01,0.676527,0.974789E-13,-0.676879E-14,0.676527,1.35904,152.675,32.1469,3.16738,-9999,0.363323E-01,0.332497E-01,-1.98947,-1.01032,-4.22106,-0.474489E-01,0,-9999,-9999,-9999,-9999,-9999,-9999,-9999,0.153298E-02,1.01573,1.98109,1.02168,-0.449000,1.17277,-1.88088,1.17277,-0.100771E-01,1.17277,800000099,800100099,800000099,800000099,800001099,800101099,811110099,811110099,81100,81100,80,81,3,3,26,2,2,8,0.251489E-01,0.407646E-01,0.586000E-03,0.101697,0.150199,5.99604,0.166704E-02,-0.188088E-02,-0.100771E-01,15.9934,0.418889,249.000,56.2500,-1.44914,98396.6,1.14195
CH-CHA_201201171400.csv,2012-01-17,18:30,17.7707,0,36000,36000,0.825913E-02,1,0.137126E-02,-0.929765,2,1.63722,1.97433,1,0.319363,5.44036,1,1.44376,0.442921E-01,1,0.716458E-02,-0.696693,-0.271827E-01,0.805495,-0.609817E-03,-0.376121E-09,-0.306179E-11,19.6130,480.742,482.630,10.0000,0,159.659,3.91345,3.92883,-1.00000,0,284.677,284.324,96559.5,1.18140,1007.45,0.245113E-01,0.287013E-02,0.287705E-02,377.513,1323.91,0.243529E-02,28.5151,946.393,266.698,0.109407E-01,0.186115,-0.100692E-01,0.186708,-0.666208E-14,-0.191771E-13,0.186708,0.686222,113.550,86.6358,-3.09146,-9999,0.836119E-01,0.321303E-01,53.4270,0.376215E-01,-0.470927,0.934296E-02,0,-9999,-9999,-9999,-9999,-9999,-9999,-9999,0.808172E-02,1.02195,-0.810765,1.02714,1.61415,1.23047,4.44786,1.23047,0.362118E-01,1.23047,800000099,800101199,800000099,800000099,800011099,800011199,811110099,811110099,80000,81100,81,81,5,0,2,1,3,26,0.548776E-01,0.745655E-02,0.192658E-02,0.121681,0.149317,3.06852,-0.681200E-03,0.444786E-02,0.362118E-01,15.9977,0.461111,249.000,56.2500,-2.29089,98401.4,1.12552
CH-CHA_201201171400.csv,2012-01-17,19:00,17.7915,0,36000,36000,0.356875E-01,1,0.488784E-02,-10.1570,1,3.91825,-0.605305,1,0.543727,3.84639,1,2.70975,-0.135786E-01,1,0.121972E-01,-0.100134,-0.239038,0.822467E-01,-0.536225E-02,-0.616807E-10,-0.488047E-12,19.6791,482.241,484.088,5.05000,0,155.711,3.81571,3.83033,10.0000,0,284.605,284.261,96559.5,1.18171,1007.39,0.245052E-01,-0.879892E-03,0.280590E-02,368.096,1318.40,0.237445E-02,27.9199,950.303,266.369,0.224240E-01,0.124777E-02,-0.840389E-02,0.239795E-01,0.523867E-13,-0.313432E-14,0.239795E-01,0.792528,111.600,3.18490,-20.5155,-9999,0.173781,0.712728E-01,43.9101,0.457754E-01,16.7800,0.490970E-01,0,-9999,-9999,-9999,-9999,-9999,-9999,-9999,0.323322E-01,1.10378,-9.54074,1.06788,-0.300296,1.31422,3.38118,1.31422,-0.673642E-02,1.31422,800000099,800100099,800000099,800000099,800000099,800101199,811110199,811110199,80000,80000,80,81,0,0,4,9,0,49,0.729217E-01,0.586811E-01,0.109428E-01,0.886314E-01,0.676026E-01,1.28121,-0.801443E-02,0.338118E-02,-0.673642E-02,16.0000,0.271111,249.000,56.2500,-2.76669,98418.0,1.11703
CH-CHA_201201171400.csv,2012-01-17,19:30,17.8123,0,36000,36000,0.497527E-02,1,0.107791E-02,-3.98502,1,1.21808,-0.604062,1,0.193211,3.97466,1,1.40297,-0.135465E-01,1,0.433289E-02,-0.513530,-0.158962,0.298286,-0.356484E-02,-0.225604E-09,-0.173518E-11,19.9237,487.671,489.507,10.0000,0,153.239,3.75081,3.76493,9.05000,0,284.277,283.939,96559.5,1.18308,1007.35,0.244769E-01,-0.877815E-03,0.276136E-02,361.843,1290.49,0.233405E-02,28.0391,928.651,266.147,-0.194035,0.130281,-0.129861E-02,0.233718,-0.993778E-13,-0.113234E-13,0.233718,0.795487,32.3666,146.121,-0.318355,-9999,0.648488E-01,0.698178E-01,5.81554,0.345626,6.59704,0.515626E-01,0,-9999,-9999,-9999,-9999,-9999,-9999,-9999,0.484924E-02,1.02599,-3.82827,1.04794,-0.355800,1.46523,2.87729,1.46523,-0.797906E-02,1.46523,800000099,800100099,800000099,800000099,800011099,800011099,811110199,811110199,81100,81100,80,81,0,0,2,0,0,26,0.940850E-01,0.446821E-01,0.868548E-03,0.118964,0.316804,3.41470,-0.321224E-02,0.287729E-02,-0.797906E-02,16.0000,0.303333,249.000,56.2500,-3.31058,98430.1,1.11485
CH-CHA_201201171400.csv,2012-01-17,20:00,17.8332,0,36000,36000,0.219905E-02,1,0.363002E-03,-0.219088,1,0.448458,-2.41525,1,0.519555,-1.56833,1,0.520899,-0.541419E-01,1,0.116467E-01,-0.676525,-0.622300,0.506820,-0.139499E-01,0.110937E-09,0.780813E-12,20.3320,496.884,498.628,-1.00000,0,143.104,3.49724,3.50951,4.85000,0,283.830,283.516,96559.5,1.18496,1007.21,0.244385E-01,-0.350839E-02,0.257873E-02,337.408,1254.58,0.217623E-02,26.8941,917.172,265.243,0.286320,0.330406,0.943903E-02,0.437306,0.305986E-15,0.545626E-14,0.437306,0.823043,134.409,49.0888,1.23680,-9999,0.430791E-01,0.234568E-01,31.0080,0.648219E-01,0.907101E-01,0.426120E-02,0,-9999,-9999,-9999,-9999,-9999,-9999,-9999,0.216473E-02,1.01586,-0.324144,1.02823,-1.87984,1.27813,-1.19572,1.27813,-0.421396E-01,1.27813,800000099,800100099,800000099,800000099,800000099,800001199,811110199,811110199,81100,81100,80,81,0,3,14,0,6,14,0.204135E-01,0.257509E-01,0.749217E-03,0.358288E-01,0.958371E-01,33.4058,-0.271592E-03,-0.119572E-02,-0.421396E-01,16.0000,0.233333,249.000,56.2500,-3.62516,98448.5,1.10928
CH-CHA_201201172000.csv,2012-01-17,20:30,17.8540,0,36000,36000,-0.114273E-03,2,0.363528E-03,-0.503308,1,0.791435,-2.22922,2,0.437897,-3.73198,1,0.516638,-0.499534E-01,2,0.981261E-02,-0.607176,-0.543580E-01,0.313045,-0.121808E-02,0.705003E-10,0.487493E-12,20.5923,502.567,504.319,-1.00000,0,142.391,3.47513,3.48725,8.05000,0,283.449,283.136,96559.5,1.18655,1007.19,0.244056E-01,-0.323698E-02,0.256588E-02,335.277,1223.14,0.216247E-02,27.4112,887.861,265.161,0.562962,0.330577,0.348697E-01,0.653777,0.142804E-12,0.342363E-14,0.653777,1.24378,152.572,30.4219,3.05737,-9999,0.981360E-02,0.947001E-01,0.159566,12.5967,0.225778,0.429149E-01,0,-9999,-9999,-9999,-9999,-9999,-9999,-9999,-0.901571E-04,1.26749,-0.354353,1.50379,-0.327741,6.74930,-0.544688,6.74930,-0.734419E-02,6.74930,800000099,800100099,800000099,800000099,800000099,810000199,811110199,811110199,80000,80000,80,81,1,0,0,0,0,0,0.498243E-01,0.139015,0.560623E-03,0.168649,0.162686,44.7949,-0.296509E-03,-0.544688E-03,-0.734419E-02,16.0000,0.243333,249.000,56.2500,-4.03448,98430.8,1.10582
CH-CHA_201201172000.csv,2012-01-17,21:00,17.8748,0,36000,36000,0.519427E-02,1,0.887226E-03,-0.193496,2,1.10343,-5.11723,1,0.946106,-4.48902,1,1.13852,-0.114636,1,0.211946E-01,-0.491851,-0.762779,0.418560E-01,-0.170877E-01,-0.150002E-09,-0.943331E-12,20.6478,503.326,504.924,6.85000,0,129.850,3.16530,3.17536,-0.350000,0,283.113,282.829,96559.5,1.18798,1007.01,0.243767E-01,-0.742840E-02,0.233989E-02,305.415,1198.21,0.196964E-02,25.4893,892.794,263.967,-0.404854,0.128494,0.172767E-01,0.425107,0.160302E-13,-0.726480E-14,0.425107,1.28429,38.5184,162.391,2.32918,-9999,0.661238E-01,0.758623E-01,126.960,0.158318E-01,0.378127E-01,0.244608E-02,0,-9999,-9999,-9999,-9999,-9999,-9999,-9999,0.511991E-02,1.01452,-0.433409,1.02353,-4.15579,1.22666,-3.60292,1.22666,-0.930975E-01,1.22666,800000099,800100099,800000099,800000099,800000099,811000099,811110199,811110199,80100,80100,80,81,0,1,5,0,0,4,0.783323E-01,0.724119E-01,0.980446E-03,0.200981,0.251819,70.3761,-0.362287E-03,-0.360292E-02,-0.930975E-01,15.9965,0.176667,249.000,56.2500,-4.20614,98476.0,1.09919
