file_info,,,,,,,corrected_fluxes_and_quality_flags,,,,,,,,,,,,,,,,,,,,,storage_fluxes,,,,,,vertical_advection_fluxes,,,,gas_densities_concentrations_and_timelags,,,,,,,,,,,,,,,,,,,,air_properties,,,,,,,,,,,,,,unrotated_wind,,,rotated_wind,,,,,,rotation_angles_for_tilt_correction,,,turbulence,,,,,,footprint,,,,,,,,uncorrected_fluxes,,,,,,,,,,,,,,statistical_flags,,,,,,,,,,,,spikes,,,,,,,,variances,,,,,,,,covariances,,,,,custom_variables,,,,,,,,,,,,,
filename,date,time,DOY,daytime,file_records,used_records,Tau,qc_Tau,rand_err_Tau,H,qc_H,rand_err_H,LE,qc_LE,rand_err_LE,co2_flux,qc_co2_flux,rand_err_co2_flux,h2o_flux,qc_h2o_flux,rand_err_h2o_flux,ch4_flux,qc_ch4_flux,rand_err_ch4_flux,n2o_flux,qc_n2o_flux,rand_err_n2o_flux,H_strg,LE_strg,co2_strg,h2o_strg,ch4_strg,n2o_strg,co2_v-adv,h2o_v-adv,ch4_v-adv,n2o_v-adv,co2_molar_density,co2_mole_fraction,co2_mixing_ratio,co2_time_lag,co2_def_timelag,h2o_molar_density,h2o_mole_fraction,h2o_mixing_ratio,h2o_time_lag,h2o_def_timelag,ch4_molar_density,ch4_mole_fraction,ch4_mixing_ratio,ch4_time_lag,ch4_def_timelag,n2o_molar_density,n2o_mole_fraction,n2o_mixing_ratio,n2o_time_lag,n2o_def_timelag,sonic_temperature,air_temperature,air_pressure,air_density,air_heat_capacity,air_molar_volume,ET,water_vapor_density,e,es,specific_humidity,RH,VPD,Tdew,u_unrot,v_unrot,w_unrot,u_rot,v_rot,w_rot,wind_speed,max_wind_speed,wind_dir,yaw,pitch,roll,u*,TKE,L,(z-d)/L,bowen_ratio,T*,model,x_peak,x_offset,x_10%,x_30%,x_50%,x_70%,x_90%,un_Tau,Tau_scf,un_H,H_scf,un_LE,LE_scf,un_co2_flux,co2_scf,un_h2o_flux,h2o_scf,un_ch4_flux,ch4_scf,un_n2o_flux,n2o_scf,spikes_hf,amplitude_resolution_hf,drop_out_hf,absolute_limits_hf,skewness_kurtosis_hf,skewness_kurtosis_sf,discontinuities_hf,discontinuities_sf,timelag_hf,timelag_sf,attack_angle_hf,non_steady_wind_hf,u_spikes,v_spikes,w_spikes,ts_spikes,co2_spikes,h2o_spikes,ch4_spikes,n2o_spikes,u_var,v_var,w_var,ts_var,co2_var,h2o_var,ch4_var,n2o_var,w/ts_cov,w/co2_cov,w/h2o_cov,w/ch4_cov,w/n2o_cov,data_size_irga75_mean,status_code_irga75_mean,ga_diag_code_irga75_mean,agc_mean,fast_t_mean,air_p_mean,cooler_v_mean,data_size_qcl_mean,status_code_qcl_mean,status_qcl_mean,h2o_mean,cell_t_mean,int_p_mean
,[yyyy-mm-dd],[HH:MM],[ddd.ddd],[1=daytime],[#],[#],[kg+1m-1s-2],[#],[kg+1m-1s-2],[W+1m-2],[#],[W+1m-2],[W+1m-2],[#],[W+1m-2],[µmol+1s-1m-2],[#],[µmol+1s-1m-2],[mmol+1s-1m-2],[#],[mmol+1s-1m-2],[µmol+1s-1m-2],[#],[µmol+1s-1m-2],[µmol+1s-1m-2],[#],[µmol+1s-1m-2],[W+1m-2],[W+1m-2],[µmol+1s-1m-2],[mmol+1s-1m-2],[µmol+1s-1m-2],[µmol+1s-1m-2],[µmol+1s-1m-2],[mmol+1s-1m-2],[µmol+1s-1m-2],[µmol+1s-1m-2],[mmol+1m-3],[µmol+1mol_a-1],[µmol+1mol_d-1],[s],[1=default],[mmol+1m-3],[mmol+1mol_a-1],[mmol+1mol_d-1],[s],[1=default],[mmol+1m-3],[µmol+1mol_a-1],[µmol+1mol_d-1],[s],[1=default],[mmol+1m-3],[µmol+1mol_a-1],[µmol+1mol_d-1],[s],[1=default],[K],[K],[Pa],[kg+1m-3],[J+1kg-1K-1],[m+3mol-1],[mm+1hour-1],[kg+1m-3],[Pa],[Pa],[kg+1kg-1],[%],[Pa],[K],[m+1s-1],[m+1s-1],[m+1s-1],[m+1s-1],[m+1s-1],[m+1s-1],[m+1s-1],[m+1s-1],[deg_from_north],[deg],[deg],[deg],[m+1s-1],[m+2s-2],[m],[#],[#],[K],[0=KJ/1=KM/2=HS],[m],[m],[m],[m],[m],[m],[m],[kg+1m-1s-2],[#],[W+1m-2],[#],[W+1m-2],[#],[µmol+1s-1m-2],[#],[mmol+1s-1m-2],[#],[µmol+1s-1m-2],[#],[µmol+1s-1m-2],[#],8u/v/w/ts/co2/h2o/ch4/n2o,8u/v/w/ts/co2/h2o/ch4/n2o,8u/v/w/ts/co2/h2o/ch4/n2o,8u/v/w/ts/co2/h2o/ch4/n2o,8u/v/w/ts/co2/h2o/ch4/n2o,8u/v/w/ts/co2/h2o/ch4/n2o,8u/v/w/ts/co2/h2o/ch4/n2o,8u/v/w/ts/co2/h2o/ch4/n2o,8co2/h2o/ch4/n2o,8co2/h2o/ch4/n2o,8aa,8U,[#],[#],[#],[#],[#],[#],[#],[#],[m+2s-2],[m+2s-2],[m+2s-2],[K+2],--,--,--,--,[m+1K+1s-1],--,--,--,--,--,--,--,--,--,--,--,--,--,--,--,--,--
CH-CHA_202005131300.csv,2020-05-13,13:30,134.5624,1,36000,36000,-0.449754E-01,0,0.543330E-02,14.7456,0,2.09108,-9999,-9999,-9999,26.0259,1,46.1212,-9999,-9999,-9999,0.313878E-01,0,0.129614E-01,0.300881E-03,0,0.381572E-04,-9999,-9999,-9999,-9999,-9999,-9999,-0.315668E-09,-9999,-0.125936E-11,-0.195893E-12,20.6300,521.218,521.218,9.20000,0,-9999,-9999,-9999,-9999,0,0.823034E-01,2.07939,2.07939,8.75000,0,0.128023E-01,0.323450,0.323450,0.750000,0,293.430,293.430,96559.5,1.14643,1005.56,0.252650E-01,-9999,-9999,-9999,2371.90,-9999,-9999,-9999,-9999,-2.05681,-0.789301,0.700840E-01,2.20417,0.121567E-12,-0.153014E-13,2.20417,4.92482,345.661,200.994,1.82209,-9999,0.198067,0.540959,-44.7645,-0.449016E-01,-9999,-0.645791E-01,0,-9999,-9999,-9999,-9999,-9999,-9999,-9999,-0.445001E-01,1.01068,14.4370,1.02138,-9999,-9999,21.2983,1.17975,-9999,-9999,0.261367E-01,1.20091,0.250544E-03,1.20091,800000000,800000000,800000000,800001100,800001000,800001010,800010111,800010111,81101,81111,80,81,5,7,1,0,177,93,0,0,0.550302,0.450073,0.815418E-01,0.455556E-01,20.7085,-9999,0.964771E-03,0.135651E-06,0.125233E-01,0.212983E-01,-9999,0.660342E-03,0.632999E-05,16.0000,0.00000,249.746,60.9101,13.7369,96204.9,1.37627,22.0000,96.5016,0.501583,2.14748,303.601,5292.44
CH-CHA_202005131300.csv,2020-05-13,14:00,134.5832,1,36000,36000,-0.395953E-01,0,0.319809E-02,46.2920,1,5.06450,-106.155,2,67.1521,32.3171,2,12.8846,-2.39962,2,1.51797,0.633415E-01,1,0.353037E-01,-0.237175E-03,1,0.888492E-04,-1.87780,-9999,-1.83054,-9999,0.124296E-02,-0.102665E-03,0.936797E-09,0.108247E-10,0.404561E-11,0.618618E-12,19.3170,486.899,489.654,7.60000,0,223.209,5.62613,5.65796,5.35000,0,0.834215E-01,2.10270,2.11459,8.10000,0,0.127561E-01,0.321525,0.323345,5.35000,0,292.741,292.219,96559.5,1.14874,1008.55,0.252057E-01,-0.155496,0.402222E-02,542.432,2200.07,0.350142E-02,24.6552,1657.64,271.522,-1.63216,-0.917504,-0.921685E-01,1.87464,-0.626138E-13,0.484959E-13,1.87464,4.10870,338.817,209.342,-2.81814,-9999,0.185657,0.345521,-11.7531,-0.171019,-0.436082,-0.215216,0,-9999,-9999,-9999,-9999,-9999,-9999,-9999,-0.391752E-01,1.01073,39.8561,1.02058,-90.8710,1.17649,26.2157,1.17649,-2.05414,1.17649,0.529833E-01,1.19550,-0.198390E-03,1.19550,800000000,800000000,800000000,800000000,800000000,800001010,800000111,800010111,81101,81111,80,81,9,13,3,0,202,58,0,0,0.322718,0.286277,0.820467E-01,0.689224E-01,0.598068,6843.94,0.232116E-02,0.145910E-06,0.344012E-01,0.262157E-01,-2.05414,0.134303E-02,-0.502880E-05,16.0000,0.00000,250.335,64.5918,13.7496,96155.6,1.37563,22.0000,96.5031,0.503056,2.14748,303.615,5289.73
CH-CHA_202005131300.csv,2020-05-13,14:30,134.6040,1,36000,36000,-0.888675E-01,0,0.743258E-02,50.0734,0,5.51246,77.6383,1,33.8932,22.6882,1,17.9779,1.75600,1,0.766585,0.460647E-01,1,0.208725E-01,0.242559E-03,1,0.685909E-04,0.898614,13.5811,-2.29545,0.307172,-0.307353E-02,-0.124996E-03,0.141470E-09,0.363704E-11,0.651987E-12,0.101766E-12,17.5361,443.699,448.819,9.50000,0,450.835,11.4070,11.5386,0.150000,0,0.808179E-01,2.04485,2.06845,0.650000,0,0.126145E-01,0.319173,0.322856,0.600000,0,293.860,292.799,96559.5,1.14398,1011.72,0.253020E-01,0.113789,0.812404E-02,1097.76,2280.49,0.710156E-02,48.1370,1182.73,281.497,-2.02451,-1.44630,0.989953E-01,2.49002,0.133866E-12,0.806735E-14,2.49002,5.91415,332.653,215.542,2.27850,-9999,0.278716,0.642733,-36.7981,-0.546223E-01,0.644957,-0.155226,0,27.7676,-4.21384,9.53171,23.7353,36.1978,50.7680,76.0597,-0.879184E-01,1.01080,53.0335,1.02221,62.3968,1.18292,16.3330,1.18292,1.41127,1.18292,0.381976E-01,1.20596,0.201134E-03,1.20596,800000000,800000000,800000000,800000000,800000000,800000000,800000111,800000111,80001,80001,80,81,4,4,0,1,230,72,0,0,0.608047,0.575394,0.102025,0.484944,3.45878,14563.5,0.282848E-02,0.186412E-06,0.458216E-01,0.163330E-01,1.41127,0.977589E-03,0.514762E-05,16.0000,0.00000,249.039,56.4911,15.1671,96128.1,1.40683,22.0000,96.5030,0.503000,2.14748,303.710,5276.59
CH-CHA_202005131300.csv,2020-05-13,15:00,134.6249,1,36000,36000,-0.964098E-01,0,0.735094E-02,30.3583,0,4.25210,105.650,0,7.73641,-15.7753,0,2.23244,2.39363,0,0.175278,0.172635E-01,1,0.147030E-01,0.241132E-03,0,0.651121E-04,2.71482,5.02820,-1.84140,0.113920,-0.338862E-02,-0.540500E-04,0.508450E-10,0.168715E-11,0.246339E-12,0.395690E-13,16.0497,408.812,414.434,0.300000,0,532.566,13.5653,13.7519,0.250000,0,0.777592E-01,1.98065,2.00789,6.95000,0,0.124903E-01,0.318149,0.322524,0.600000,0,295.830,294.561,96559.5,1.13622,1012.95,0.254716E-01,0.155107,0.959684E-02,1304.57,2541.96,0.844629E-02,51.3214,1237.39,284.067,-2.42595,-0.912324,0.916236E-01,2.59345,-0.805144E-13,0.316797E-14,2.59345,5.82443,347.539,200.610,2.02462,-9999,0.291293,0.828085,-69.3161,-0.289976E-01,0.287348,-0.905515E-01,0,27.2424,-4.13414,9.35144,23.2864,35.5132,49.8078,74.6212,-0.953737E-01,1.01086,35.2217,1.02254,86.2387,1.18413,-15.3590,1.18413,1.95384,1.18413,0.142928E-01,1.20785,0.199638E-03,1.20785,800001000,800000000,800000000,800000000,800001000,800001010,800000111,800010111,80011,81111,80,80,26,19,1,0,598,208,1,0,0.606088,0.933194,0.116888,0.233752,0.184599,666.654,0.108159E-02,0.157047E-06,0.306026E-01,-0.153590E-01,1.95384,0.369047E-03,0.515475E-05,16.0000,0.00000,248.254,51.5854,15.6599,96100.6,1.41009,22.0000,96.5002,0.500222,2.14748,303.729,5276.16
CH-CHA_202005131300.csv,2020-05-13,15:30,134.6457,1,36000,36000,-0.732661E-01,0,0.623346E-02,17.3490,0,4.11813,96.4888,0,11.2856,-10.3162,0,1.92299,2.18898,0,0.256029,0.751800E-02,1,0.135381E-01,0.140431E-03,0,0.462407E-04,2.10516,-0.420875,0.154586E-01,-0.954812E-02,0.129801E-02,0.318758E-05,0.291300E-10,0.952964E-12,0.142789E-12,0.226578E-13,15.9877,409.106,414.656,0.450000,0,523.025,13.3836,13.5651,0.150000,0,0.783685E-01,2.00536,2.03256,5.95000,0,0.124355E-01,0.318210,0.322526,3.80000,0,297.191,295.933,96559.5,1.13103,1012.89,0.255888E-01,0.141846,0.942490E-02,1287.17,2763.68,0.833306E-02,46.5743,1476.52,283.865,-1.92596,-1.07780,0.103866,2.20947,0.293973E-13,0.182203E-14,2.20947,4.84967,338.926,209.232,2.69445,-9999,0.254516,0.484143,-80.9087,-0.248428E-01,0.179803,-0.595011E-01,0,28.0133,-4.25113,9.61606,23.9454,36.5182,51.2173,76.7328,-0.724918E-01,1.01068,22.0811,1.02139,79.6935,1.17981,-10.1934,1.17981,1.80795,1.17981,0.625977E-02,1.20100,0.116928E-03,1.20100,800001000,800000000,800000000,800000000,800001000,800001100,800000111,800010111,80011,80011,80,80,2,11,2,0,474,153,0,0,0.389647,0.495416,0.832232E-01,0.178340,0.178328,1098.30,0.280409E-02,0.147482E-06,0.192747E-01,-0.101934E-01,1.80795,0.162344E-03,0.303248E-05,16.0000,0.00000,248.493,53.0795,15.3564,96114.2,1.40965,22.0000,96.5001,0.500083,2.14748,303.620,5280.19
CH-CHA_202005131300.csv,2020-05-13,16:00,134.6665,1,36000,36000,-0.961606E-01,0,0.855121E-02,44.9910,0,2.58882,-76.3503,2,58.7475,77.9643,2,40.0930,-1.73361,2,1.33392,-0.311754E-02,1,0.333081E-02,0.177595E-03,0,0.378264E-04,1.37076,-2.95097,2.89744,-0.670049E-01,-0.134891E-02,0.847951E-05,0.183900E-09,0.479351E-11,0.783922E-12,0.126074E-12,18.1010,464.398,470.089,1.75000,0,471.818,12.1049,12.2533,7.70000,0,0.771601E-01,1.97962,2.00387,7.90000,0,0.124093E-01,0.318372,0.322273,-0.150000,0,297.971,296.830,96559.5,1.12815,1012.21,0.256560E-01,-0.112338,0.850215E-02,1164.67,2917.64,0.753637E-02,39.9182,1752.97,282.372,-2.63122,-0.676240,0.110233,2.71897,0.200078E-12,0.101597E-13,2.71897,5.76824,351.833,194.413,2.32352,-9999,0.291954,0.789949,-47.0825,-0.426910E-01,-0.589270,-0.134950,0,26.3876,-4.00442,9.05800,22.5557,34.3989,48.2449,72.2797,-0.951179E-01,1.01096,39.9847,1.02295,-65.9461,1.18563,64.4079,1.18563,-1.49738,1.18563,-0.257611E-02,1.21017,0.146752E-03,1.21017,800001000,800000000,800000000,800000011,800000010,800001110,800000111,800010111,80100,81100,80,81,3,4,5,5,476,167,0,0,0.740359,0.712378,0.127162,0.702950E-01,11.8483,13595.9,0.127064E-03,0.120145E-06,0.350153E-01,0.644079E-01,-1.49738,-0.668997E-04,0.381103E-05,16.0000,0.00000,248.849,55.3069,15.8567,96111.7,1.41598,21.9950,96.5018,0.499903,2.14748,303.624,5275.55
CH-CHA_202005131300.csv,2020-05-13,16:30,134.6873,1,36000,36000,-0.975460E-01,0,0.622020E-02,28.2882,0,1.71497,80.8832,0,4.86623,-3.60205,0,1.42989,1.83601,0,0.110461,0.232940E-01,0,0.129752E-01,-0.309957E-03,1,0.712819E-04,-0.458292,5.02652,-2.87491,0.114099,0.276846E-02,0.836661E-07,0.967168E-11,0.337262E-12,0.479962E-13,0.751843E-14,15.9684,409.554,415.488,0.400000,0,556.836,14.2816,14.4885,0.250000,0,0.792440E-01,2.03243,2.06188,0.600000,0,0.124133E-01,0.318373,0.322986,4.75000,0,297.875,296.531,96559.5,1.12837,1013.40,0.256478E-01,0.118973,0.100342E-01,1373.14,2865.18,0.889264E-02,47.9250,1492.04,284.840,-2.41150,-1.78267,0.114990,3.00107,-0.192424E-12,0.605676E-15,3.00107,6.81641,331.059,216.473,2.19591,-9999,0.294022,0.710400,-76.5119,-0.262704E-01,0.349741,-0.841384E-01,0,26.5910,-4.03529,9.12783,22.7296,34.6641,48.6168,72.8369,-0.964620E-01,1.01124,31.8857,1.02393,65.3307,1.18913,-4.77906,1.18913,1.48297,1.18913,0.191640E-01,1.21551,-0.255001E-03,1.21551,800001000,800000000,800000000,800000000,800000000,800001000,800000111,800000111,80111,80111,80,80,16,0,3,2,433,257,0,0,0.589234,0.705049,0.126516,0.443801E-01,0.431349,1023.19,0.174457E-02,0.188377E-06,0.278846E-01,-0.477906E-02,1.48297,0.498604E-03,-0.663456E-05,16.0000,0.00000,248.624,53.8976,15.4713,96100.5,1.40701,22.0000,96.5001,0.500111,2.14748,303.681,5278.10
CH-CHA_202005131300.csv,2020-05-13,17:00,134.7082,1,36000,36000,-0.682489E-01,0,0.757341E-02,11.0295,0,1.03983,59.7356,0,4.66591,-2.56873,0,0.853157,1.35612,0,0.105926,0.193604E-01,0,0.143171E-01,0.234426E-03,0,0.396786E-04,0.181904,-0.417745,0.149394,-0.948369E-02,0.173654E-02,0.215425E-04,-0.423304E-10,-0.144733E-11,-0.212016E-12,-0.327209E-13,16.0740,412.405,418.303,0.300000,0,549.591,14.1006,14.3023,0.250000,0,0.805084E-01,2.06557,2.09511,0.550000,0,0.124250E-01,0.318784,0.323344,0.600000,0,297.978,296.649,96559.5,1.12799,1013.30,0.256566E-01,0.878768E-01,0.990363E-02,1355.82,2885.82,0.877986E-02,46.9820,1530.00,284.648,-1.58865,-1.19129,0.101645,1.98829,-0.332476E-12,-0.263346E-14,1.98829,5.00819,332.956,216.865,2.93034,-9999,0.245977,0.491882,-114.898,-0.174938E-01,0.184639,-0.392298E-01,0,28.3174,-4.29728,9.72046,24.2053,36.9147,51.7733,77.5659,-0.675274E-01,1.01068,13.9757,1.02083,49.3475,1.17756,-3.09834,1.17756,1.12029,1.17756,0.161700E-01,1.19731,0.195795E-03,1.19731,800001000,800000000,800000000,800000000,800001000,800001000,800010111,800010111,81001,81011,80,81,15,7,1,2,490,235,0,0,0.611745,0.296358,0.756622E-01,0.139911E-01,0.166017,502.459,0.163308E-02,0.143833E-06,0.122273E-01,-0.309834E-02,1.12029,0.420774E-03,0.509497E-05,16.0000,0.00000,248.799,54.9910,14.6119,96110.7,1.39870,22.0000,96.5001,0.500111,2.14748,303.656,5285.72
CH-CHA_202005131300.csv,2020-05-13,17:30,134.7290,1,36000,36000,-0.818652E-01,0,0.547237E-02,18.0091,0,1.26287,66.8784,0,4.16788,-5.67716,0,1.00082,1.51828,0,0.946195E-01,0.263467E-01,1,0.121754E-01,0.271385E-03,0,0.407961E-04,-0.937269E-03,0.167955,0.506045E-01,0.381293E-02,0.117718E-02,-0.344143E-06,-0.108482E-09,-0.371958E-11,-0.547971E-12,-0.836581E-13,16.1113,413.371,419.314,0.350000,0,552.415,14.1734,14.3772,0.200000,0,0.813823E-01,2.08804,2.11806,0.600000,0,0.124245E-01,0.318778,0.323361,0.950000,0,297.984,296.649,96559.5,1.12797,1013.34,0.256571E-01,0.983844E-01,0.995452E-02,1362.78,2885.70,0.882521E-02,47.2253,1522.92,284.725,-2.18032,-1.34178,0.122429,2.56304,-0.434345E-13,-0.673330E-14,2.56304,4.95712,335.659,211.608,2.73790,-9999,0.269403,0.424429,-92.4494,-0.217416E-01,0.269281,-0.584841E-01,0,27.0304,-4.10196,9.27865,23.1051,35.2368,49.4201,74.0403,-0.809872E-01,1.01084,21.1493,1.02244,54.6071,1.18377,-6.04660,1.18377,1.23969,1.18377,0.218231E-01,1.20729,0.224789E-03,1.20729,800001100,800000000,800000000,800000000,800000000,800001000,800000111,800010111,81011,81111,80,80,7,20,2,1,686,471,0,0,0.396040,0.350866,0.101953,0.191404E-01,0.220524,547.639,0.204866E-02,0.133396E-06,0.185031E-01,-0.604660E-02,1.23969,0.567933E-03,0.585000E-05,16.0000,0.00000,248.609,53.8042,14.6695,96105.9,1.39951,22.0000,96.5001,0.500083,2.14748,303.624,5285.11
CH-CHA_202005131300.csv,2020-05-13,18:00,134.7498,1,36000,36000,-0.703492E-01,0,0.522689E-02,9.84111,0,0.829058,49.1522,0,3.17417,4.64880,0,0.757082,1.11575,0,0.720533E-01,0.443915E-01,0,0.163516E-01,0.248240E-03,0,0.521218E-04,-0.149613,-0.301818,0.101243,-0.685125E-02,0.282990E-03,0.549426E-05,-0.492117E-10,-0.166400E-11,-0.248064E-12,-0.377863E-13,16.1926,415.302,421.217,8.25000,0,547.524,14.0427,14.2427,0.250000,0,0.816230E-01,2.09343,2.12325,0.650000,0,0.124332E-01,0.318882,0.323424,0.700000,0,297.873,296.551,96559.5,1.12839,1013.27,0.256476E-01,0.723007E-01,0.986639E-02,1350.27,2868.76,0.874376E-02,47.0680,1518.49,284.586,-2.04682,-1.28018,0.109405,2.41667,-0.736631E-13,-0.303914E-14,2.41667,5.01881,335.087,212.024,2.59471,-9999,0.249689,0.394192,-134.690,-0.149232E-01,0.200217,-0.344715E-01,0,27.4608,-4.16727,9.42639,23.4730,35.7979,50.2070,75.2193,-0.696007E-01,1.01075,12.2282,1.02199,40.4074,1.18208,3.14481,1.18208,0.917245,1.18208,0.368505E-01,1.20464,0.206070E-03,1.20464,800001100,800000000,800000000,800000000,800000000,800001100,800010111,800010111,81011,81111,80,80,11,9,1,0,755,441,0,0,0.402452,0.301746,0.841867E-01,0.923364E-02,0.152660,418.371,0.222463E-02,0.134075E-06,0.106950E-01,0.314481E-02,0.917245,0.958531E-03,0.536015E-05,16.0000,0.00000,248.644,54.0236,14.1844,96100.2,1.39265,22.0000,96.5001,0.500083,2.14748,303.642,5285.60
CH-CHA_202005131300.csv,2020-05-13,18:30,134.7707,1,36000,36000,-0.745101E-01,0,0.103743E-01,2.87834,0,0.603178,47.3699,0,5.53264,3.60901,0,0.882171,1.07526,0,0.125586,-0.142286E-01,2,0.197605E-01,0.222981E-03,0,0.408620E-04,-0.533534E-01,0.192575,0.362159E-01,0.437128E-02,-0.140903E-02,0.566199E-05,-0.914986E-10,-0.310706E-11,-0.454544E-12,-0.701627E-13,16.2210,415.993,421.953,9.20000,0,550.825,14.1261,14.3285,0.150000,0,0.805824E-01,2.06656,2.09617,7.25000,0,0.124386E-01,0.318990,0.323561,0.600000,0,297.846,296.516,96559.5,1.12849,1013.31,0.256453E-01,0.696766E-01,0.992588E-02,1358.25,2862.73,0.879572E-02,47.4461,1504.48,284.675,-1.65865,-0.883529,0.112020,1.88263,0.156456E-12,-0.564074E-14,1.88263,5.25794,346.038,208.043,3.41121,-9999,0.256956,0.813497,-501.903,-0.400476E-02,0.607631E-01,-0.979586E-02,0,28.3017,-4.29488,9.71504,24.1918,36.8941,51.7444,77.5226,-0.737198E-01,1.01072,5.33239,1.02060,39.5200,1.17656,2.57185,1.17656,0.897070,1.17656,-0.119005E-01,1.19562,0.186498E-03,1.19562,800001000,800010000,800000000,800000000,800001000,800001110,800010111,800010111,81011,81111,80,81,0,5,4,11,467,316,0,0,0.892564,0.651747,0.826824E-01,0.302330E-02,0.193263,529.382,0.268486E-02,0.128867E-06,0.466316E-02,0.257185E-02,0.897070,-0.309546E-03,0.485102E-05,16.0000,0.00000,248.617,53.8589,13.8121,96065.3,1.38839,22.0000,96.5003,0.500306,2.14748,303.647,5286.98
CH-CHA_202005131300.csv,2020-05-13,19:00,134.7915,1,35988,35988,-0.475422E-01,0,0.512126E-02,-0.750220,0,0.676893,33.0204,0,2.61813,6.93194,0,0.987444,0.749480,0,0.594249E-01,0.339084E-01,1,0.237809E-01,0.258659E-03,0,0.522105E-04,-0.116106,-0.114746,0.182051,-0.260445E-02,0.117465E-02,0.395839E-05,0.898003E-10,0.301352E-11,0.447211E-12,0.683067E-13,16.3609,419.465,425.453,0.200000,0,549.038,14.0764,14.2774,0.200000,0,0.814780E-01,2.08896,2.11878,0.650000,0,0.124449E-01,0.319066,0.323621,0.500000,0,297.765,296.440,96559.5,1.12880,1013.28,0.256383E-01,0.485663E-01,0.989366E-02,1353.50,2849.66,0.876477E-02,47.4967,1496.17,284.622,-1.81152,-0.974436,0.897476E-01,2.05893,-0.293751E-12,0.548873E-14,2.05893,5.04168,340.619,208.276,2.49828,-9999,0.205226,0.461731,981.040,0.204885E-02,-0.227199E-01,0.319602E-02,0,24.9920,-3.79263,8.57894,21.3628,32.5796,45.6933,68.4569,-0.470402E-01,1.01067,1.01168,1.02100,27.6775,1.17825,5.64829,1.17825,0.628210,1.17825,0.282933E-01,1.19846,0.215825E-03,1.19846,800001000,800010000,800000000,800000000,800001000,800001100,800010111,800010111,80100,81101,80,81,5,4,4,3,523,214,0,0,0.554592,0.296895,0.719757E-01,0.732506E-02,0.152308,386.265,0.550666E-02,0.138935E-06,0.884496E-03,0.564829E-02,0.628210,0.735704E-03,0.561206E-05,16.0000,0.00000,248.640,54.0006,13.7151,96002.0,1.38560,22.0000,96.5006,0.500556,2.14748,303.641,5285.88
CH-CHA_202005131900.csv,2020-05-13,19:30,134.8123,1,36000,36000,-0.628268E-01,0,0.503902E-02,-5.40562,0,0.293695,25.6933,0,2.34235,6.85046,0,0.726787,0.583118,0,0.531603E-01,-0.199875E-01,1,0.129409E-01,0.151474E-03,0,0.357048E-04,-0.148580,-0.257400,0.190000,-0.584178E-02,-0.657654E-03,0.470020E-05,-0.484492E-10,-0.159919E-11,-0.237779E-12,-0.365477E-13,16.5081,423.087,429.079,0.200000,0,544.892,13.9650,14.1628,0.150000,0,0.810184E-01,2.07642,2.10583,2.85000,0,0.124529E-01,0.319156,0.323676,0.800000,0,297.658,296.343,96559.5,1.12922,1013.22,0.256290E-01,0.377860E-01,0.981895E-02,1342.84,2833.04,0.869537E-02,47.3992,1490.20,284.502,-1.98993,-0.936567,0.973118E-01,2.20146,-0.126819E-12,-0.293487E-14,2.20146,5.07044,342.795,205.204,2.53349,-9999,0.235876,0.443656,206.718,0.972340E-02,-0.210390,0.200300E-01,0,26.8826,-4.07954,9.22793,22.9789,35.0442,49.1500,73.6357,-0.621881E-01,1.01027,-3.97324,1.02230,21.1767,1.21449,5.65505,1.21449,0.480611,1.21449,-0.160834E-01,1.24274,0.121887E-03,1.24274,800001100,800010000,800000000,800000000,800001000,800001110,800010111,800010111,80011,80111,80,81,7,21,2,1,645,532,0,0,0.433993,0.374085,0.792345E-01,0.204836E-02,0.117915,280.798,0.174111E-02,0.122626E-06,-0.347268E-02,0.565505E-02,0.480611,-0.418014E-03,0.316790E-05,16.0000,0.00000,248.513,53.2071,13.0368,96000.2,1.37848,22.0000,96.5003,0.500306,2.14748,303.653,5288.08
CH-CHA_202005131900.csv,2020-05-13,20:00,134.8332,1,36000,36000,-0.945092E-01,0,0.734942E-02,-8.25250,0,0.551670,43.3361,0,3.26192,10.6220,0,0.933628,0.983329,0,0.740155E-01,-0.338066E-01,1,0.215158E-01,0.294013E-03,0,0.397028E-04,-0.318427,-0.251845,0.345229E-01,-0.571456E-02,0.793811E-03,-0.561209E-05,0.957460E-10,0.313084E-11,0.472589E-12,0.720898E-13,16.5459,423.744,429.698,0.500000E-01,0,541.042,13.8562,14.0509,0.200000,0,0.816684E-01,2.09154,2.12093,8.70000,0,0.124579E-01,0.319049,0.323532,0.400000,0,297.439,296.136,96559.5,1.13005,1013.15,0.256102E-01,0.637197E-01,0.974958E-02,1332.42,2797.69,0.862754E-02,47.6255,1465.28,284.385,-2.15623,-1.17031,0.115683,2.45608,-0.145367E-12,0.578668E-14,2.45608,5.36667,339.430,208.491,2.69967,-9999,0.289193,0.490442,249.539,0.805486E-02,-0.190430,0.249243E-01,0,29.3561,-4.45489,10.0770,25.0931,38.2686,53.6722,80.4108,-0.935303E-01,1.01047,-5.85584,1.02302,35.5934,1.21704,8.71773,1.21704,0.807643,1.21704,-0.270983E-01,1.24755,0.235672E-03,1.24755,800001100,800010000,800000000,800000000,800001000,800001100,800010111,800010111,80001,80111,80,81,16,10,1,1,608,461,0,0,0.533321,0.351984,0.955776E-01,0.483271E-02,0.172804,392.094,0.313304E-02,0.119086E-06,-0.511464E-02,0.871773E-02,0.807643,-0.703703E-03,0.612006E-05,16.0000,0.00000,248.579,53.6198,12.8392,96005.5,1.37646,22.0000,96.5008,0.500833,2.14748,303.660,5289.83
CH-CHA_202005131900.csv,2020-05-13,20:30,134.8540,0,36000,36000,-0.932418E-01,0,0.727616E-02,-7.44439,0,0.457615,33.8303,0,2.99104,12.5432,0,1.37531,0.767558,0,0.678620E-01,0.491685E-01,0,0.170611E-01,0.352096E-03,0,0.470605E-04,-0.161809,-0.776541,-0.861289E-01,-0.176185E-01,0.341672E-03,-0.406188E-05,-0.189498E-09,-0.606995E-11,-0.941891E-12,-0.143198E-12,16.4895,422.104,427.890,0.200000,0,528.188,13.5207,13.7060,0.200000,0,0.819603E-01,2.09805,2.12680,0.650000,0,0.124606E-01,0.318971,0.323343,0.550000,0,297.301,296.030,96559.5,1.13060,1012.97,0.255983E-01,0.497378E-01,0.951795E-02,1300.30,2779.92,0.841850E-02,46.7746,1479.63,284.017,-1.98173,-1.66131,0.115195,2.58853,-0.220256E-13,-0.114920E-13,2.58853,5.52722,327.057,219.974,2.55064,-9999,0.287178,0.465167,270.869,0.742056E-02,-0.220051,0.226347E-01,0,27.7406,-4.20975,9.52246,23.7123,36.1627,50.7187,75.9859,-0.922623E-01,1.01062,-5.55191,1.02348,27.7976,1.21903,10.3218,1.21903,0.630684,1.21903,0.393095E-01,1.25081,0.281496E-03,1.25081,800001100,800010000,800000000,800000000,800000000,800001000,800010111,800010111,81011,81111,80,80,28,18,4,0,498,372,0,0,0.511173,0.310583,0.108577,0.332812E-02,0.342190,663.152,0.258087E-02,0.133405E-06,-0.484774E-02,0.103218E-01,0.630684,0.101999E-02,0.730418E-05,16.0000,0.00000,248.919,55.7450,12.6131,96092.1,1.37398,22.0000,96.5011,0.501056,2.14748,303.682,5294.83
CH-CHA_202005131900.csv,2020-05-13,21:00,134.8748,0,36000,36000,-0.132225,0,0.915971E-02,-11.4097,0,0.534632,65.5767,0,5.07294,13.3417,0,1.56123,1.48763,0,0.115081,-0.247319E-01,0,0.172490E-01,0.254807E-03,0,0.531534E-04,-0.221532,-0.586094E-01,-0.754000E-01,-0.132957E-02,-0.255031E-02,-0.685599E-05,-0.581271E-10,-0.186477E-11,-0.283197E-12,-0.440567E-13,16.4416,420.669,426.424,0.100000,0,527.461,13.4954,13.6800,0.200000,0,0.801041E-01,2.04951,2.07755,5.60000,0,0.124617E-01,0.318841,0.323203,0.100000,0,297.154,295.886,96559.5,1.13116,1012.95,0.255856E-01,0.963981E-01,0.950485E-02,1297.87,2755.71,0.840274E-02,47.0977,1457.83,283.989,-2.61939,-1.68661,0.139722,3.11855,0.799879E-13,-0.353536E-14,3.11855,6.82626,334.480,212.777,2.56790,-9999,0.341897,0.706467,298.224,0.673990E-02,-0.173990,0.291250E-01,0,27.1164,-4.11501,9.30817,23.1787,35.3489,49.5774,74.2759,-0.130747,1.01131,-7.81210,1.02546,53.3480,1.22737,10.8132,1.22737,1.21021,1.22737,-0.195627E-01,1.26424,0.201550E-03,1.26424,800001000,800010000,800000000,800000000,800000000,800001000,800010111,800010111,81001,81101,80,80,12,23,3,1,421,321,0,0,0.702755,0.547274,0.162906,0.274952E-02,0.365222,745.347,0.163600E-02,0.131942E-06,-0.681798E-02,0.108132E-01,1.21021,-0.507343E-03,0.522705E-05,16.0000,0.00000,248.699,54.3667,12.3830,96159.2,1.37029,22.0000,96.5009,0.500917,2.14748,303.689,5297.84
CH-CHA_202005131900.csv,2020-05-13,21:30,134.8956,0,36000,36000,-0.100559,0,0.719374E-02,-7.91987,0,0.661720,38.8640,0,3.35803,10.2270,0,1.08859,0.881497,0,0.761653E-01,-0.128814E-01,2,0.141657E-01,0.230811E-03,0,0.399418E-04,-0.260103,-0.150140,0.918551E-01,-0.340541E-02,0.248464E-03,0.439804E-05,0.701666E-10,0.223093E-11,0.341225E-12,0.529758E-13,16.5197,422.416,428.167,0.150000,0,525.241,13.4307,13.6135,0.300000,0,0.803364E-01,2.05424,2.08220,10.0000,0,0.124724E-01,0.318924,0.323266,0.900000,0,296.977,295.716,96559.5,1.13184,1012.91,0.255705E-01,0.571210E-01,0.946484E-02,1291.67,2727.53,0.836238E-02,47.3568,1435.86,283.917,-2.25881,-1.36968,0.107032,2.64381,0.168120E-12,0.424745E-14,2.64381,5.98492,336.493,211.231,2.32020,-9999,0.298071,0.577653,284.686,0.706041E-02,-0.203784,0.231763E-01,0,27.8980,-4.23362,9.57646,23.8467,36.3678,51.0064,76.4168,-0.994984E-01,1.01066,-5.76224,1.02364,31.8850,1.21954,8.39828,1.21954,0.723202,1.21954,-0.102903E-01,1.25180,0.184382E-03,1.25180,800001100,800010000,800000000,800000000,800001000,800001100,800010111,800010111,80111,81111,80,80,6,12,1,1,590,430,0,0,0.587103,0.452874,0.115328,0.625773E-02,0.219195,476.719,0.122097E-02,0.141492E-06,-0.502617E-02,0.839828E-02,0.723202,-0.266695E-03,0.477866E-05,16.0000,0.00000,248.661,54.1316,12.2860,96216.2,1.36848,22.0000,96.5029,0.502944,2.14748,303.672,5301.96
CH-CHA_202005131900.csv,2020-05-13,22:00,134.9165,0,36000,36000,-0.884999E-01,0,0.688211E-02,-6.07325,0,3.20866,-25.3317,2,64.8260,22.3521,1,16.6330,-0.574462,2,1.47010,0.307183E-01,0,0.118546E-01,0.346939E-03,0,0.471127E-04,-0.276731,-10.8770,2.55507,-0.246664,0.148164E-02,0.768853E-04,0.107296E-09,0.199345E-11,0.474460E-12,0.729986E-13,18.4548,470.911,475.067,0.650000,0,342.872,8.74906,8.82628,4.25000,0,0.816067E-01,2.08236,2.10074,0.650000,0,0.125557E-01,0.320384,0.323212,0.450000,0,296.357,295.536,96559.5,1.13452,1010.34,0.255170E-01,-0.372251E-01,0.617855E-02,842.685,2698.33,0.544598E-02,31.2299,1855.65,277.659,-2.16759,-1.38837,0.106424,2.57630,0.108662E-12,0.581399E-14,2.57630,5.41182,334.789,212.640,2.36750,-9999,0.279297,0.537126,305.183,0.658621E-02,0.239749,0.189705E-01,0,28.8065,-4.37149,9.88833,24.6233,37.5522,52.6674,78.9054,-0.875611E-01,1.01072,-7.22204,1.02369,-20.3404,1.22119,18.7954,1.22119,-0.461272,1.22119,0.245122E-01,1.25318,0.276846E-03,1.25318,800000000,800010000,800000000,800000000,800000000,800000000,800010111,800010111,81011,81011,80,80,5,16,3,0,198,121,0,0,0.545723,0.435067,0.934613E-01,0.101517,3.78300,27711.6,0.187515E-02,0.149355E-06,-0.630062E-02,0.187954E-01,-0.461272,0.630985E-03,0.712647E-05,16.0000,0.00000,249.637,60.2302,12.0158,96275.6,1.35921,22.0000,96.5049,0.504917,2.14748,303.681,5304.96
CH-CHA_202005131900.csv,2020-05-13,22:30,134.9373,0,36000,36000,-0.394166E-01,0,0.426754E-02,-7.10387,0,2.15660,49.8265,1,20.6364,4.34058,2,5.56625,1.12894,1,0.467569,0.187350E-01,0,0.139160E-01,0.206546E-03,0,0.446268E-04,-1.41647,2.42814,-0.787601,0.550153E-01,0.585586E-03,-0.660588E-05,0.342376E-10,0.735075E-12,0.157179E-12,0.240456E-13,17.9205,456.004,460.512,0.200000,0,384.749,9.79032,9.88712,0.100000,0,0.822701E-01,2.09344,2.11414,0.600000,0,0.125858E-01,0.320259,0.323425,0.650000,0,295.532,294.616,96559.5,1.13761,1010.88,0.254460E-01,0.731553E-01,0.693318E-02,942.663,2550.97,0.609450E-02,36.9531,1608.31,279.272,-1.61528,-1.01227,0.869128E-01,1.90824,0.107932E-12,0.191053E-14,1.90824,5.05207,335.001,212.075,2.61050,-9999,0.186141,0.338349,77.2466,0.260206E-01,-0.142572,0.331862E-01,0,-9999,-9999,-9999,-9999,-9999,-9999,-9999,-0.390090E-01,1.01045,-4.42679,1.02230,40.7655,1.21908,3.44772,1.21908,0.923640,1.21908,0.150410E-01,1.24560,0.165821E-03,1.24560,800000000,800010000,800000000,800000000,800000000,800000000,800010111,800010111,80110,80110,80,81,16,21,4,0,193,22,0,0,0.411678,0.204555,0.604660E-01,0.607055E-01,1.21561,4010.98,0.219404E-02,0.168877E-06,-0.384940E-02,0.344772E-02,0.923640,0.386505E-03,0.426108E-05,16.0000,0.00000,249.151,57.1908,11.6726,96298.9,1.35030,22.0000,96.5046,0.504611,2.14748,303.688,5309.20
CH-CHA_202005131900.csv,2020-05-13,23:00,134.9581,0,36000,36000,-0.360049E-01,1,0.445082E-02,-26.9007,1,11.8737,-9999,-9999,-9999,-9999,-9999,-9999,-9999,-9999,-9999,-0.473832E-01,1,0.128850E-01,0.130611E-03,1,0.454585E-04,-1.06289,-9999,-9999,-9999,-0.304168E-03,0.170834E-03,-9999,-9999,0.573746E-12,0.888972E-13,-9999,-9999,-9999,-9999,0,-9999,-9999,-9999,-9999,0,0.824932E-01,2.08772,2.08772,-1.00000,0,0.127816E-01,0.323474,0.323474,0.600000,0,293.926,293.926,96559.5,1.14450,1005.57,0.253077E-01,-9999,-9999,-9999,2445.64,-9999,-9999,-9999,-9999,-1.03397,-0.695146,0.662863E-01,1.24768,-0.170915E-14,0.695507E-14,1.24768,3.25407,333.305,213.913,3.04542,-9999,0.177367,0.235044,17.6206,0.114071,-9999,0.131784,0,-9999,-9999,-9999,-9999,-9999,-9999,-9999,-0.355064E-01,1.01404,-26.1419,1.02903,-9999,-9999,-9999,-9999,-9999,-9999,-0.358213E-01,1.32277,0.987406E-04,1.32277,800000000,800000000,800000000,800001100,800001000,800001100,800110111,800110111,80011,80011,80,81,9,5,3,0,25,8,0,0,0.265186,0.170066,0.348366E-01,1.52966,-9999,-9999,0.164597E-02,0.175842E-06,-0.227148E-01,-9999,-9999,-0.906556E-03,0.249890E-05,16.0000,0.00000,252.371,77.3156,11.5797,96323.3,1.34600,22.0000,96.5006,0.500556,2.14748,303.701,5314.24
CH-CHA_202005131900.csv,2020-05-13,23:30,134.9790,0,36000,36000,-0.153721E-01,1,0.210486E-02,4.07508,2,4.25161,-9999,-9999,-9999,-9999,-9999,-9999,-9999,-9999,-9999,-0.348820E-01,1,0.152867E-01,-0.902419E-04,2,0.563317E-04,-5.98858,-9999,-9999,-9999,0.285922E-02,0.174108E-04,-9999,-9999,-0.210421E-12,-0.318258E-13,-9999,-9999,-9999,-9999,0,-9999,-9999,-9999,-9999,0,0.857108E-01,2.14084,2.14084,-1.00000,0,0.129636E-01,0.323798,0.323798,9.30000,0,290.090,290.090,96559.5,1.15963,1005.48,0.249774E-01,-9999,-9999,-9999,1924.49,-9999,-9999,-9999,-9999,-0.692138,-0.543679,0.315069E-01,0.880702,0.499383E-13,-0.245501E-14,0.880702,2.04027,331.165,218.150,2.05018,-9999,0.115135,0.115537,-31.8131,-0.631816E-01,-9999,-0.303555E-01,0,-9999,-9999,-9999,-9999,-9999,-9999,-9999,-0.151654E-01,1.01363,3.99304,1.02054,-9999,-9999,-9999,-9999,-9999,-9999,-0.294399E-01,1.18486,-0.761628E-04,1.18486,800000000,800010100,800000000,800001100,800000000,800001100,800110111,811110111,81001,81001,80,81,9,2,3,1,4,0,0,0,0.113120,0.103294,0.146601E-01,0.353937,-9999,-9999,0.469677E-02,0.203399E-06,0.342462E-02,-9999,-9999,-0.735334E-03,-0.190235E-05,16.0000,0.00000,252.563,78.5212,11.3993,96338.4,1.34258,22.0000,96.5000,0.500000,2.14748,303.699,5316.19
CH-CHA_202005131900.csv,2020-05-14,00:00,135.0000,0,36000,36000,-0.212749E-01,1,0.344608E-02,3.08184,2,2.26441,-9999,-9999,-9999,-9999,-9999,-9999,-9999,-9999,-9999,-0.334089E-01,1,0.135594E-01,0.120476E-03,1,0.411884E-04,-3.50023,-9999,-9999,-9999,-0.190624E-03,0.100544E-04,-9999,-9999,-0.868869E-12,-0.131706E-12,-9999,-9999,-9999,-9999,0,-9999,-9999,-9999,-9999,0,0.862315E-01,2.13732,2.13732,6.30000,0,0.130713E-01,0.323983,0.323983,0.750000,0,287.865,287.865,96559.5,1.16859,1005.43,0.247859E-01,-9999,-9999,-9999,1669.20,-9999,-9999,-9999,-9999,-1.06412,-0.423159,0.525207E-01,1.14637,-0.198805E-12,-0.100760E-13,1.14637,2.98706,351.411,201.686,2.62590,-9999,0.134928,0.247909,-67.7009,-0.296894E-01,-9999,-0.194399E-01,0,-9999,-9999,-9999,-9999,-9999,-9999,-9999,-0.210202E-01,1.01212,3.02152,1.01996,-9999,-9999,-9999,-9999,-9999,-9999,-0.281610E-01,1.18635,0.101552E-03,1.18635,800000000,800000100,800000000,800001100,800011000,800011010,800110111,810110111,80110,80111,80,81,1,2,4,0,28,13,0,0,0.322530,0.151217,0.220696E-01,0.106101,-9999,-9999,0.360588E-02,0.200919E-06,0.257165E-02,-9999,-9999,-0.697996E-03,0.251705E-05,16.0000,0.00000,251.903,74.3948,11.2008,96344.9,1.34137,22.0000,96.5001,0.500139,2.14748,303.674,5316.38
CH-CHA_202005131900.csv,2020-05-14,00:30,135.0208,0,36000,36000,-0.276472E-01,0,0.329966E-02,-4.76741,0,0.551250,-9999,-9999,-9999,3.07170,2,20.1781,-9999,-9999,-9999,-0.342669E-02,1,0.530323E-02,0.146864E-03,0,0.345562E-04,-0.526975,-9999,-9999,-9999,-0.444866E-02,-0.288586E-04,-0.773582E-10,-9999,-0.263194E-12,-0.414179E-13,24.4022,604.126,604.126,6.95000,0,-9999,-9999,-9999,-9999,0,0.830230E-01,2.05540,2.05540,6.85000,0,0.130650E-01,0.323452,0.323452,0.550000,0,287.531,287.531,96559.5,1.16995,1005.42,0.247570E-01,-9999,-9999,-9999,1633.50,-9999,-9999,-9999,-9999,-1.35680,-0.374298,0.634822E-01,1.40891,-0.329358E-13,-0.317013E-14,1.40891,3.38581,352.009,195.422,2.58249,-9999,0.153724,0.182538,64.7197,0.310570E-01,-9999,0.263649E-01,0,-9999,-9999,-9999,-9999,-9999,-9999,-9999,-0.273498E-01,1.01087,-4.66311,1.02237,-9999,-9999,2.78590,1.22605,-9999,-9999,-0.274298E-02,1.24926,0.117561E-03,1.24926,800000000,800000100,800000000,800001100,800001000,800101010,800010111,800110111,81111,81111,80,80,10,28,10,5,30,3,1,0,0.196389,0.133329,0.353575E-01,0.583713E-02,18.3326,-9999,0.355863E-03,0.148047E-06,-0.396425E-02,0.278590E-02,-9999,-0.679081E-04,0.291047E-05,16.0000,0.00000,251.835,73.9712,10.8849,96355.5,1.33893,22.0000,96.5002,0.500250,2.14748,303.658,5318.35
CH-CHA_202005131900.csv,2020-05-14,01:00,135.0416,0,35989,35989,-0.278211E-01,0,0.406525E-02,-4.58137,0,0.831424,-9999,-9999,-9999,-9999,-9999,-9999,-9999,-9999,-9999,-0.445952E-01,1,0.194540E-01,0.183655E-03,0,0.345197E-04,-0.821431E-01,-9999,-9999,-9999,0.384456E-02,0.147263E-04,-9999,-9999,0.207850E-12,0.316463E-13,-9999,-9999,-9999,-9999,0,-9999,-9999,-9999,-9999,0,0.858976E-01,2.12619,2.12619,7.00000,0,0.130784E-01,0.323723,0.323723,0.450000,0,287.478,287.478,96559.5,1.17017,1005.42,0.247526E-01,-9999,-9999,-9999,1628.00,-9999,-9999,-9999,-9999,-1.29312,-0.635460,0.578032E-01,1.44198,-0.469272E-13,0.241974E-14,1.44198,3.35829,341.701,206.170,2.29737,-9999,0.154192,0.215148,67.9655,0.295738E-01,-9999,0.252545E-01,0,-9999,-9999,-9999,-9999,-9999,-9999,-9999,-0.275234E-01,1.01081,-4.48142,1.02230,-9999,-9999,-9999,-9999,-9999,-9999,-0.357197E-01,1.24848,0.147103E-03,1.24848,800000000,800010100,800000000,800001100,800001000,800001110,800010111,800110111,81011,81111,80,80,4,7,1,0,9,3,0,0,0.253843,0.138845,0.376093E-01,0.870358E-02,-9999,-9999,0.344528E-02,0.151623E-06,-0.380910E-02,-9999,-9999,-0.884154E-03,0.364119E-05,16.0000,0.00000,253.335,83.3463,10.8386,96367.0,1.33937,22.0000,96.5003,0.500264,2.14748,303.680,5317.67
CH-CHA_202005140100.csv,2020-05-14,01:30,135.0624,0,36000,36000,-0.243754E-01,0,0.266764E-02,-3.34230,0,0.602807,-9999,-9999,-9999,-13.7473,1,12.1067,-9999,-9999,-9999,-0.283476E-01,1,0.198225E-01,0.165071E-03,0,0.303999E-04,-0.268534,-9999,-9999,-9999,0.143940E-02,0.374946E-05,0.610683E-10,-9999,0.196356E-12,0.295348E-13,27.0636,669.496,669.496,3.35000,0,-9999,-9999,-9999,-9999,0,0.870192E-01,2.15267,2.15267,10.0000,0,0.130889E-01,0.323792,0.323792,0.900000,0,287.308,287.308,96559.5,1.17086,1005.41,0.247379E-01,-9999,-9999,-9999,1610.13,-9999,-9999,-9999,-9999,-1.23399,-0.709110,0.703549E-01,1.42497,0.601840E-13,0.225647E-14,1.42497,3.49569,338.860,209.884,2.83002,-9999,0.144286,0.209436,76.3341,0.263316E-01,-9999,0.196776E-01,0,-9999,-9999,-9999,-9999,-9999,-9999,-9999,-0.241176E-01,1.01069,-3.27042,1.02198,-9999,-9999,-11.0312,1.22198,-9999,-9999,-0.227705E-01,1.24493,0.132595E-03,1.24493,800000000,800010100,800000000,800001100,800001000,800001000,800010111,800010111,81111,81111,80,81,13,21,1,2,21,0,0,0,0.175394,0.210277,0.332004E-01,0.827384E-02,4.24695,-9999,0.516842E-02,0.168201E-06,-0.277814E-02,-0.110312E-01,-9999,-0.563295E-03,0.328013E-05,16.0000,0.00000,254.131,88.3184,10.8383,96392.1,1.33849,22.0000,96.5007,0.500667,2.14748,303.714,5319.40
CH-CHA_202005140100.csv,2020-05-14,02:00,135.0833,0,36000,36000,-0.554481E-01,0,0.548539E-02,-5.34634,0,0.883931,-9999,-9999,-9999,17.8388,1,25.3899,-9999,-9999,-9999,0.154246E-01,1,0.848318E-02,0.237708E-03,0,0.447343E-04,0.721654,-9999,3.12237,-9999,-0.389282E-02,-0.136001E-04,0.876005E-10,-9999,0.250730E-12,0.389833E-13,29.3429,727.040,727.040,0.150000,0,-9999,-9999,-9999,-9999,0,0.839850E-01,2.08093,2.08093,0.600000,0,0.130579E-01,0.323541,0.323541,0.750000,0,287.767,287.767,96559.5,1.16899,1005.42,0.247774E-01,-9999,-9999,-9999,1658.61,-9999,-9999,-9999,-9999,-1.86619,-1.07282,0.842469E-01,2.15423,0.972003E-13,0.298541E-14,2.15423,4.81118,337.184,209.894,2.24128,-9999,0.217790,0.399099,164.117,0.122474E-01,-9999,0.208861E-01,0,27.1369,-4.11813,9.31522,23.1962,35.3757,49.6149,74.3321,-0.548742E-01,1.01046,-5.22794,1.02265,-9999,-9999,15.0193,1.21860,-9999,-9999,0.123693E-01,1.24701,0.190622E-03,1.24701,800000000,800010100,800000000,800001100,800000100,800001110,800010111,800010111,81111,81111,80,80,12,24,7,0,14,7,0,0,0.464729,0.267490,0.659781E-01,0.190799E-01,12.4182,-9999,0.219202E-02,0.172204E-06,-0.444805E-02,0.150193E-01,-9999,0.306479E-03,0.472312E-05,16.0000,0.00000,254.046,87.7898,10.6572,96403.9,1.34022,22.0000,96.5009,0.500889,2.14748,303.702,5322.09
CH-CHA_202005140100.csv,2020-05-14,02:30,135.1041,0,36000,36000,-0.357489E-01,0,0.321529E-02,-6.35797,1,1.59215,-9999,-9999,-9999,28.2793,1,27.5874,-9999,-9999,-9999,0.452525E-01,0,0.152516E-01,0.371398E-03,0,0.469653E-04,0.364851,-9999,-11.7046,-9999,0.278053E-02,-0.170168E-05,-0.203974E-09,-9999,-0.850845E-12,-0.129094E-12,20.6134,511.157,511.157,1.85000,0,-9999,-9999,-9999,-9999,0,0.859855E-01,2.13221,2.13221,0.500000,0,0.130462E-01,0.323510,0.323510,0.500000,0,287.999,287.999,96559.5,1.16805,1005.43,0.247974E-01,-9999,-9999,-9999,1683.63,-9999,-9999,-9999,-9999,-1.40450,-0.962805,0.682319E-01,1.70419,0.433211E-13,-0.989521E-14,1.70419,3.40812,332.804,214.431,2.29461,-9999,0.174944,0.219244,71.5288,0.281006E-01,-9999,0.309460E-01,0,-9999,-9999,-9999,-9999,-9999,-9999,-9999,-0.353662E-01,1.01082,-6.21619,1.02281,-9999,-9999,23.3629,1.22702,-9999,-9999,0.361223E-01,1.25276,0.296464E-03,1.25276,800000000,800000000,800000000,800001100,800001000,800001000,800010111,800010111,80001,80011,80,80,12,11,1,0,104,27,0,0,0.233039,0.159345,0.461042E-01,0.321355E-01,11.9478,-9999,0.252024E-02,0.161823E-06,-0.529311E-02,0.233629E-01,-9999,0.895736E-03,0.735152E-05,16.0000,0.00000,250.258,64.1139,10.5403,96438.6,1.33606,22.0000,96.5014,0.501389,2.14748,303.676,5323.73
CH-CHA_202005140100.csv,2020-05-14,03:00,135.1249,0,36000,36000,-0.370907E-01,1,0.364358E-02,-8.76310,1,3.10094,-9999,-9999,-9999,-9999,-9999,-9999,-9999,-9999,-9999,0.538557E-01,1,0.220368E-01,0.225737E-03,1,0.472572E-04,-1.72094,-9999,-9999,-9999,-0.318609E-02,-0.447578E-05,-9999,-9999,-0.211371E-12,-0.329672E-13,-9999,-9999,-9999,-9999,0,-9999,-9999,-9999,-9999,0,0.839425E-01,2.07367,2.07367,9.70000,0,0.130924E-01,0.323428,0.323428,0.600000,0,286.908,286.908,96559.5,1.17249,1005.40,0.247035E-01,-9999,-9999,-9999,1568.89,-9999,-9999,-9999,-9999,-1.01049,-0.855760,0.453649E-01,1.32494,0.118356E-12,-0.251804E-14,1.32494,3.94486,330.112,220.260,1.96214,-9999,0.177860,0.427972,54.5338,0.368579E-01,-9999,0.417955E-01,0,-9999,-9999,-9999,-9999,-9999,-9999,-9999,-0.366831E-01,1.01111,-8.56847,1.02271,-9999,-9999,-9999,-9999,-9999,-9999,0.429736E-01,1.25323,0.180124E-03,1.25323,800000000,800000100,800000000,800001100,800000000,800001110,800010111,800110111,80100,80101,80,81,18,9,6,0,50,2,0,0,0.232543,0.588836,0.345658E-01,0.162353,-9999,-9999,0.600561E-02,0.191780E-06,-0.726864E-02,-9999,-9999,0.106160E-02,0.444970E-05,16.0000,0.111111E-02,253.567,84.7939,10.5524,96494.2,1.33234,22.0000,96.5010,0.500972,2.14748,303.691,5325.89
CH-CHA_202005140100.csv,2020-05-14,03:30,135.1458,0,36000,36000,-0.634228E-01,0,0.575543E-02,-7.24856,0,2.56046,-9999,-9999,-9999,-5.98037,1,10.1222,-9999,-9999,-9999,-0.154071E-01,0,0.156256E-01,0.151796E-03,1,0.551156E-04,-1.25545,-9999,-9999,-9999,0.499313E-04,0.118252E-06,-0.126143E-09,-9999,-0.402835E-12,-0.628023E-13,26.3701,649.631,649.631,2.65000,0,-9999,-9999,-9999,-9999,0,0.842123E-01,2.07459,2.07459,-0.650000,0,0.131288E-01,0.323430,0.323430,0.450000,0,286.115,286.115,96559.5,1.17574,1005.39,0.246352E-01,-9999,-9999,-9999,1489.79,-9999,-9999,-9999,-9999,-1.84083,-0.952746,0.104842,2.07542,-0.441368E-13,-0.478356E-14,2.07542,4.58474,339.855,207.364,2.89558,-9999,0.232256,0.357415,146.801,0.136920E-01,-9999,0.264022E-01,0,27.3446,-4.14965,9.38651,23.3737,35.6464,49.9946,74.9011,-0.627666E-01,1.01045,-7.08880,1.02254,-9999,-9999,-4.44303,1.21881,-9999,-9999,-0.123591E-01,1.24662,0.121766E-03,1.24662,800000000,800010100,800000000,800001100,800000100,800001110,800010111,800010111,81001,81001,80,80,11,10,3,0,39,2,0,0,0.400648,0.240564,0.736173E-01,0.539109E-01,7.30721,-9999,0.272355E-02,0.189755E-06,-0.599691E-02,-0.444303E-02,-9999,-0.304469E-03,0.299973E-05,16.0000,0.00000,253.820,86.3745,10.3020,96499.4,1.32966,22.0000,96.5030,0.502972,2.14748,303.689,5324.52
CH-CHA_202005140100.csv,2020-05-14,04:00,135.1666,0,36000,36000,-0.522559E-01,0,0.414321E-02,-2.53288,0,0.721492,-9999,-9999,-9999,-3.30386,2,10.1080,-9999,-9999,-9999,0.338338E-01,1,0.256998E-01,0.335414E-03,0,0.481866E-04,-0.119555,-9999,-0.229626E-01,-9999,0.114250E-02,-0.151661E-04,-0.381341E-11,-9999,-0.123089E-13,-0.189817E-14,26.3599,649.210,649.210,7.55000,0,-9999,-9999,-9999,-9999,0,0.850844E-01,2.09551,2.09551,4.10000,0,0.131210E-01,0.323152,0.323152,0.600000,0,286.039,286.039,96559.5,1.17605,1005.39,0.246287E-01,-9999,-9999,-9999,1482.45,-9999,-9999,-9999,-9999,-1.75873,-1.11778,0.887985E-01,2.08577,-0.780171E-13,-0.144667E-15,2.08577,5.15909,334.400,212.438,2.44001,-9999,0.210792,0.288875,314.072,0.639982E-02,-9999,0.101625E-01,0,25.9187,-3.93326,8.89705,22.1549,33.7876,47.3876,70.9953,-0.517319E-01,1.01013,-2.47876,1.02184,-9999,-9999,-2.56323,1.21193,-9999,-9999,0.273078E-01,1.23898,0.270718E-03,1.23898,800000000,800010100,800000000,800001100,800001100,800001100,800010111,800010111,81111,81111,80,80,32,29,4,0,104,3,0,0,0.259958,0.248464,0.693268E-01,0.866880E-02,4.94510,-9999,0.531749E-02,0.165566E-06,-0.209640E-02,-0.256323E-02,-9999,0.672554E-03,0.666742E-05,16.0000,0.00000,254.540,90.8778,9.96076,96499.5,1.32451,22.0000,96.5041,0.504083,2.14748,303.679,5327.22
CH-CHA_202005140100.csv,2020-05-14,04:30,135.1874,0,36000,36000,-0.541848E-01,0,0.475282E-02,-2.68456,1,0.943718,-14.5880,2,27.6561,14.8085,0,9.51558,-0.327823,2,0.621490,-0.198833E-01,1,0.147352E-01,0.284848E-03,0,0.388599E-04,0.842210E-01,-9999,-9.38835,-9999,-0.670037E-04,-0.655967E-04,-0.469602E-10,-0.393569E-12,-0.206191E-12,-0.316971E-13,19.3386,476.976,478.891,0.200000,0,162.075,3.99750,4.01354,4.05000,0,0.849109E-01,2.09429,2.10269,9.35000,0,0.130531E-01,0.321949,0.323241,0.700000,0,286.456,286.093,96559.5,1.17406,1007.53,0.246645E-01,-0.212429E-01,0.292059E-02,385.610,1487.57,0.248760E-02,25.9222,1101.96,266.975,-1.74604,-1.19385,0.819457E-01,2.11676,0.441499E-13,-0.242832E-14,2.11676,4.84840,332.877,214.362,2.21863,-9999,0.214829,0.306614,313.876,0.640380E-02,0.184025,0.105641E-01,0,26.5567,-4.03008,9.11606,22.7003,34.6194,48.5542,72.7430,-0.536359E-01,1.01023,-3.34127,1.02211,-11.9207,1.21406,12.4525,1.21406,-0.267884,1.21406,-0.160140E-01,1.24162,0.229417E-03,1.24162,800000000,800010000,800000000,800000100,800000000,800000000,800010111,800010111,81011,81011,80,80,13,10,3,4,300,46,0,0,0.357273,0.188195,0.677604E-01,0.110352E-01,1.92590,12301.1,0.230810E-02,0.159732E-06,-0.282464E-02,0.124525E-01,-0.267884,-0.396562E-03,0.568115E-05,16.0000,0.00000,250.054,62.8354,9.82321,96499.8,1.32405,22.0000,96.5032,0.503167,2.14748,303.700,5328.16
CH-CHA_202005140100.csv,2020-05-14,05:00,135.2083,1,36000,36000,-0.543618E-01,0,0.443480E-02,-0.420307,2,1.17968,-9999,-9999,-9999,-23.8923,1,28.1239,-9999,-9999,-9999,-0.286837E-01,1,0.164777E-01,0.191270E-03,0,0.380186E-04,0.131528,-9999,1.14771,-9999,0.359470E-02,0.635817E-04,-0.195555E-09,-9999,-0.848237E-12,-0.126878E-12,20.2111,498.011,498.011,8.45000,0,-9999,-9999,-9999,-9999,0,0.876677E-01,2.16017,2.16017,7.40000,0,0.131132E-01,0.323114,0.323114,0.450000,0,286.176,286.176,96559.5,1.17549,1005.39,0.246404E-01,-9999,-9999,-9999,1495.72,-9999,-9999,-9999,-9999,-1.79664,-1.37655,0.856283E-01,2.26499,-0.971063E-14,-0.967560E-14,2.26499,4.42644,329.657,217.459,2.16660,-9999,0.215049,0.294782,2009.68,0.100016E-02,-9999,0.165377E-02,0,25.2995,-3.83929,8.68449,21.6256,32.9804,46.2555,69.2992,-0.538219E-01,1.01003,-0.411319,1.02185,-9999,-9999,-19.7369,1.20927,-9999,-9999,-0.231819E-01,1.23733,0.154583E-03,1.23733,800000000,800010000,800000000,800000100,800000000,800011000,800010111,800010111,81111,81111,80,80,5,11,0,0,219,95,0,0,0.317006,0.195908,0.766515E-01,0.516936E-01,10.4155,-9999,0.246308E-02,0.159056E-06,-0.348037E-03,-0.197369E-01,-9999,-0.571212E-03,0.380898E-05,16.0000,0.00000,251.686,73.0375,9.65309,96506.8,1.31930,22.0000,96.5002,0.500194,2.14748,303.703,5328.26
CH-CHA_202005140100.csv,2020-05-14,05:30,135.2291,1,36000,36000,-0.735252E-01,0,0.586562E-02,3.77575,2,1.95147,-9999,-9999,-9999,39.1876,2,34.3580,-9999,-9999,-9999,0.846152E-01,1,0.204910E-01,0.357306E-03,0,0.454753E-04,-1.62213,-9999,5.99780,-9999,-0.197468E-02,-0.904691E-05,0.288571E-09,-9999,0.100891E-11,0.153394E-12,24.7447,607.544,607.544,0.500000,0,-9999,-9999,-9999,-9999,0,0.865130E-01,2.12411,2.12411,0.650000,0,0.131534E-01,0.322949,0.322949,0.600000,0,285.154,285.154,96559.5,1.17970,1005.37,0.245524E-01,-9999,-9999,-9999,1398.70,-9999,-9999,-9999,-9999,-2.05146,-1.37464,0.102222,2.47155,0.518461E-13,0.116619E-13,2.47155,4.94217,333.183,213.825,2.37040,-9999,0.249650,0.388400,-349.997,-0.574290E-02,-9999,-0.127519E-01,0,27.2935,-4.14189,9.36897,23.3301,35.5798,49.9012,74.7611,-0.727407E-01,1.01078,3.69392,1.02215,-9999,-9999,32.9002,1.18271,-9999,-9999,0.701839E-01,1.20562,0.296366E-03,1.20562,800000000,800010100,800000000,800001100,800000100,800001100,800010111,800010111,80011,81011,80,80,4,8,6,0,57,24,0,0,0.445632,0.245712,0.854556E-01,0.355275E-01,31.7323,-9999,0.359683E-02,0.162995E-06,0.311451E-02,0.329002E-01,-9999,0.172319E-02,0.727652E-05,16.0000,0.00000,254.595,91.2182,9.53297,96530.8,1.31762,22.0000,96.5000,0.500000,2.14748,303.687,5324.76
CH-CHA_202005140100.csv,2020-05-14,06:00,135.2499,1,36000,36000,-0.745200E-01,0,0.520476E-02,-0.660609,1,1.04680,-9999,-9999,-9999,-21.4359,1,23.9847,-9999,-9999,-9999,0.367728E-01,0,0.182788E-01,0.292856E-03,0,0.358298E-04,-0.650090,-9999,2.08554,-9999,-0.193018E-02,-0.900977E-05,-0.189612E-09,-9999,-0.613534E-12,-0.948052E-13,26.3315,645.575,645.575,3.10000,0,-9999,-9999,-9999,-9999,0,0.852015E-01,2.08891,2.08891,0.700000,0,0.131656E-01,0.322784,0.322784,1.00000,0,284.745,284.745,96559.5,1.18140,1005.36,0.245172E-01,-9999,-9999,-9999,1361.45,-9999,-9999,-9999,-9999,-2.15786,-1.31640,0.950474E-01,2.52949,0.250206E-13,-0.720097E-14,2.52949,4.85372,335.538,211.385,2.15344,-9999,0.251153,0.394242,2036.76,0.986860E-03,-9999,0.221457E-02,0,28.1208,-4.26744,9.65297,24.0373,36.6583,51.4138,77.0273,-0.737599E-01,1.01030,-0.645912,1.02275,-9999,-9999,-17.6241,1.21336,-9999,-9999,0.295623E-01,1.24391,0.235432E-03,1.24391,800000000,800010100,800000000,800001100,800000100,800000100,800010111,800010111,81111,81111,80,80,6,2,1,0,48,14,0,0,0.415108,0.293109,0.802661E-01,0.101443E-01,10.3794,-9999,0.321714E-02,0.151359E-06,-0.543822E-03,-0.176241E-01,-9999,0.724786E-03,0.577215E-05,16.0000,0.00000,253.648,85.3021,9.49594,96561.1,1.31687,22.0000,96.5003,0.500306,2.14748,303.685,5324.10
CH-CHA_202005140100.csv,2020-05-14,06:30,135.2707,1,36000,36000,-0.584852E-01,0,0.484602E-02,1.59389,0,0.739565,-9999,-9999,-9999,26.3828,1,26.9400,-9999,-9999,-9999,0.524954E-01,0,0.157462E-01,0.235707E-03,0,0.388542E-04,-0.495614E-01,-9999,-4.57824,-9999,0.365759E-02,-0.370705E-05,-0.134819E-09,-9999,-0.517022E-12,-0.774039E-13,22.9291,562.096,562.096,9.65000,0,-9999,-9999,-9999,-9999,0,0.879314E-01,2.15560,2.15560,0.650000,0,0.131643E-01,0.322717,0.322717,0.450000,0,284.714,284.714,96559.5,1.18153,1005.36,0.245146E-01,-9999,-9999,-9999,1358.65,-9999,-9999,-9999,-9999,-1.95202,-1.40974,0.886108E-01,2.40948,0.126069E-13,-0.587983E-14,2.40948,4.87534,331.020,215.837,2.10758,-9999,0.222485,0.344475,-586.834,-0.342516E-02,-9999,-0.603104E-02,0,24.6938,-3.74738,8.47658,21.1079,32.1909,45.1481,67.6401,-0.578631E-01,1.01075,1.55963,1.02196,-9999,-9999,22.2291,1.18200,-9999,-9999,0.435825E-01,1.20451,0.195688E-03,1.20451,800000000,800010000,800000000,800000100,800000000,800001100,800010111,800010111,81011,81011,80,80,3,21,7,0,254,45,0,0,0.375740,0.226041,0.871681E-01,0.135723E-01,10.1067,-9999,0.289727E-02,0.155196E-06,0.131298E-02,0.222291E-01,-9999,0.106841E-02,0.479721E-05,16.0000,0.00000,252.999,81.2420,9.55091,96598.7,1.31753,22.0000,96.5004,0.500417,2.14748,303.704,5327.93
CH-CHA_202005140100.csv,2020-05-14,07:00,135.2916,1,35989,35989,-0.676340E-01,0,0.512170E-02,5.73918,1,2.29283,-9999,-9999,-9999,16.4981,1,22.5284,-9999,-9999,-9999,0.638336E-01,0,0.188338E-01,0.258000E-03,0,0.366346E-04,0.839033,-9999,-2.72534,-9999,-0.446352E-02,-0.225692E-06,-0.209581E-09,-9999,-0.848479E-12,-0.132019E-12,20.8595,512.310,512.310,5.10000,0,-9999,-9999,-9999,-9999,0,0.844485E-01,2.07406,2.07406,0.650000,0,0.131397E-01,0.322713,0.322713,0.500000,0,285.243,285.243,96559.5,1.17934,1005.37,0.245601E-01,-9999,-9999,-9999,1406.89,-9999,-9999,-9999,-9999,-1.77715,-1.44061,0.111403,2.29042,-0.999077E-13,-0.100473E-13,2.29042,4.65560,327.677,219.029,2.78788,-9999,0.239477,0.345925,-203.243,-0.988966E-02,-9999,-0.202126E-01,0,27.2935,-4.14189,9.36897,23.3301,35.5798,49.9012,74.7611,-0.669178E-01,1.01070,5.61775,1.02162,-9999,-9999,13.6736,1.18068,-9999,-9999,0.530884E-01,1.20240,0.214571E-03,1.20240,800000000,800010000,800000000,800001100,800001000,800001000,800010111,800010111,80111,81111,80,80,1,6,3,0,284,13,0,0,0.356239,0.256977,0.786329E-01,0.526438E-01,7.01860,-9999,0.375795E-02,0.156342E-06,0.473804E-02,0.136736E-01,-9999,0.130386E-02,0.526988E-05,16.0000,0.00000,250.541,65.8802,9.70461,96609.2,1.31914,22.0000,96.5006,0.500597,2.14748,303.721,5331.59
CH-CHA_202005140700.csv,2020-05-14,07:30,135.3124,1,36000,36000,-0.808666E-01,0,0.582807E-02,13.6143,0,1.90892,13.8914,0,10.1467,10.4831,1,7.81691,0.311800,0,0.227748,-0.218795E-01,0,0.112535E-01,0.207116E-03,0,0.373627E-04,-0.602922,-9999,2.24700,-9999,-0.869739E-03,-0.361706E-04,0.458533E-10,0.133953E-12,0.170559E-12,0.266881E-13,22.5478,553.324,554.220,0.150000,0,65.8700,1.61645,1.61907,0.350000,0,0.838706E-01,2.05818,2.06152,9.95000,0,0.131236E-01,0.322053,0.322574,0.850000,0,285.010,284.864,96559.5,1.18019,1006.22,0.245400E-01,0.202046E-01,0.118698E-02,156.045,1372.12,0.100576E-02,11.3726,1216.08,255.717,-2.12153,-1.53393,0.810378E-01,2.61923,-0.226867E-13,0.203360E-14,2.61923,5.09204,331.363,215.868,1.77299,-9999,0.261764,0.402208,-111.921,-0.179591E-01,0.980054,-0.437966E-01,0,26.6278,-4.04088,9.14047,22.7611,34.7121,48.6842,72.9378,-0.799960E-01,1.01088,14.0071,1.02262,11.6096,1.18443,7.93894,1.18443,0.260585,1.18443,-0.181074E-01,1.20832,0.171408E-03,1.20832,800000000,800000000,800000000,800000100,800000000,800000000,800010111,800010111,80011,80011,80,80,1,15,5,0,197,42,0,0,0.406643,0.297841,0.999319E-01,0.430239E-01,2.24528,1946.14,0.115509E-02,0.158555E-06,0.117951E-01,0.793894E-02,0.260585,-0.445076E-03,0.421317E-05,16.0000,0.00000,252.183,76.1455,9.95566,96615.5,1.32262,22.0000,96.5009,0.500917,2.14748,303.712,5326.82
CH-CHA_202005140700.csv,2020-05-14,08:00,135.3332,1,36000,36000,-0.834058E-01,0,0.660939E-02,10.5158,0,1.84860,-9999,-9999,-9999,7.49946,2,30.5380,-9999,-9999,-9999,0.555446E-01,0,0.150241E-01,0.354153E-03,0,0.461821E-04,1.70995,-9999,-1.85687,-9999,-0.116065E-02,0.150307E-04,0.113815E-11,-9999,0.446417E-14,0.706418E-15,21.0931,519.320,519.320,6.65000,0,-9999,-9999,-9999,-9999,0,0.827335E-01,2.03693,2.03693,0.600000,0,0.130919E-01,0.322328,0.322328,0.600000,0,285.943,285.943,96559.5,1.17645,1005.38,0.246204E-01,-9999,-9999,-9999,1473.15,-9999,-9999,-9999,-9999,-1.99512,-1.35053,0.114548,2.41196,-0.165949E-13,0.539584E-16,2.41196,4.69919,333.201,214.095,2.72209,-9999,0.266264,0.432088,-152.466,-0.131832E-01,-9999,-0.333907E-01,0,27.2549,-4.13604,9.35572,23.2971,35.5295,49.8306,74.6554,-0.825185E-01,1.01075,10.2897,1.02197,-9999,-9999,5.78973,1.18203,-9999,-9999,0.461123E-01,1.20455,0.294012E-03,1.20455,800000000,800000000,800000000,800001100,800000000,800000000,800010111,800010111,80111,81111,80,80,2,7,3,0,171,37,0,0,0.408924,0.357699,0.975523E-01,0.364985E-01,13.2027,-9999,0.123932E-02,0.153541E-06,0.869959E-02,0.578973E-02,-9999,0.113530E-02,0.723870E-05,16.0000,0.00000,252.394,77.4594,10.1957,96666.6,1.32531,22.0000,96.5010,0.501000,2.14748,303.711,5330.51
CH-CHA_202005140700.csv,2020-05-14,08:30,135.3541,1,36000,36000,-0.577113E-01,0,0.567987E-02,12.7647,0,1.64997,-9999,-9999,-9999,88.0786,1,28.5310,-9999,-9999,-9999,0.413536E-01,1,0.116043E-01,0.172110E-03,0,0.327785E-04,-0.581378,-9999,3.27870,-9999,0.670702E-03,0.211464E-05,0.985741E-10,-9999,0.348702E-12,0.548556E-13,23.5589,579.284,579.284,-0.650000,0,-9999,-9999,-9999,-9999,0,0.833385E-01,2.04920,2.04920,0.650000,0,0.131103E-01,0.322366,0.322366,0.750000,0,285.577,285.577,96559.5,1.17796,1005.38,0.245888E-01,-9999,-9999,-9999,1438.14,-9999,-9999,-9999,-9999,-1.80545,-1.25564,0.883268E-01,2.20092,-0.163048E-13,0.418416E-14,2.20092,5.25025,332.358,214.817,2.29999,-9999,0.221343,0.331662,-72.1541,-0.278570E-01,-9999,-0.486954E-01,0,26.7076,-4.05298,9.16784,22.8292,34.8160,48.8300,73.1562,-0.571014E-01,1.01068,12.4977,1.02137,-9999,-9999,73.9072,1.17972,-9999,-9999,0.344369E-01,1.20085,0.143323E-03,1.20085,800000000,800000100,800000000,800001100,800000100,800000100,800010111,800010111,80010,80010,80,80,5,20,3,2,122,8,0,0,0.340946,0.251458,0.709202E-01,0.353336E-01,10.0770,-9999,0.149964E-02,0.149003E-06,0.105529E-01,0.739072E-01,-9999,0.846762E-03,0.352416E-05,16.0000,0.00000,255.000,93.7500,10.4706,96687.1,1.32807,22.0000,96.5008,0.500806,2.14748,303.705,5332.25
CH-CHA_202005140700.csv,2020-05-14,09:00,135.3749,1,36000,36000,-0.511936E-01,0,0.468575E-02,15.3492,1,5.81961,-9999,-9999,-9999,16.7072,1,28.5754,-9999,-9999,-9999,-0.742092E-02,1,0.135324E-01,0.119391E-03,0,0.327313E-04,1.78682,-9999,10.8686,-9999,-0.993640E-03,-0.899850E-06,-0.629472E-10,-9999,-0.164143E-12,-0.260525E-13,31.5500,778.850,778.850,10.0000,0,-9999,-9999,-9999,-9999,0,0.822706E-01,2.03095,2.03095,5.90000,0,0.130579E-01,0.322350,0.322350,0.600000,0,286.708,286.708,96559.5,1.17331,1005.40,0.246862E-01,-9999,-9999,-9999,1548.59,-9999,-9999,-9999,-9999,-1.54188,-0.824696,0.930376E-01,1.75105,0.172041E-13,-0.199516E-14,1.75105,3.86744,339.680,208.141,3.04570,-9999,0.208882,0.252407,-50.4321,-0.398556E-01,-9999,-0.622919E-01,0,27.4516,-4.16589,9.42325,23.4652,35.7859,50.1903,75.1942,-0.506462E-01,1.01081,15.0431,1.02034,-9999,-9999,12.9959,1.17540,-9999,-9999,-0.621715E-02,1.19362,0.100024E-03,1.19362,800000000,800000100,800000000,800001100,800000100,800000100,800000111,800010111,81111,81111,80,80,10,7,2,0,38,2,0,0,0.245783,0.200065,0.589669E-01,0.300828,9.07428,-9999,0.124541E-02,0.145709E-06,0.127523E-01,0.129959E-01,-9999,-0.153478E-03,0.246922E-05,16.0000,0.00000,255.000,93.7500,10.6520,96697.3,1.33502,22.0000,96.5041,0.504111,2.14748,303.690,5334.27
CH-CHA_202005140700.csv,2020-05-14,09:30,135.3957,1,36000,36000,-0.738935E-01,0,0.570643E-02,18.7206,0,1.61225,-9999,-9999,-9999,-9999,-9999,-9999,-9999,-9999,-9999,-0.834982E-02,1,0.134447E-01,0.210113E-03,0,0.410641E-04,1.64205,-9999,-9999,-9999,-0.111409E-02,-0.696386E-05,-9999,-9999,-0.216382E-13,-0.346808E-14,-9999,-9999,-9999,-9999,0,-9999,-9999,-9999,-9999,0,0.811436E-01,2.01042,2.01042,9.55000,0,0.130054E-01,0.322222,0.322222,0.100000,0,287.751,287.751,96559.5,1.16906,1005.42,0.247761E-01,-9999,-9999,-9999,1657.00,-9999,-9999,-9999,-9999,-1.98576,-0.861887,0.878676E-01,2.16652,-0.100060E-12,-0.266666E-15,2.16652,4.82275,344.014,203.462,2.32438,-9999,0.251412,0.390769,-72.0998,-0.278780E-01,-9999,-0.633505E-01,0,29.3845,-4.45922,10.0868,25.1175,38.3057,53.7243,80.4888,-0.731130E-01,1.01068,18.3306,1.02127,-9999,-9999,-9999,-9999,-9999,-9999,-0.695664E-02,1.20027,0.175056E-03,1.20027,800000000,800000100,800000000,800001100,800000100,800001110,800010111,800010111,80000,80001,80,80,1,4,2,0,5,2,0,0,0.386780,0.322698,0.720608E-01,0.423021E-01,-9999,-9999,0.165516E-02,0.140287E-06,0.155953E-01,-9999,-9999,-0.172358E-03,0.433719E-05,16.0000,0.00000,253.463,84.1429,10.9987,96699.9,1.33544,22.0000,96.5046,0.504583,2.14748,303.679,5332.92
CH-CHA_202005140700.csv,2020-05-14,10:00,135.4165,1,36000,36000,-0.815285E-01,0,0.602110E-02,50.3401,0,4.50916,-165.408,1,62.1855,65.9248,1,20.4242,-3.72290,1,1.39963,0.462131E-01,1,0.172214E-01,0.341681E-03,0,0.496993E-04,-0.435021E-01,-9999,-9999,-9999,-0.157826E-02,-0.139735E-03,-0.233592E-09,-0.388969E-11,-0.986168E-12,-0.159100E-12,18.8966,469.300,472.996,9.85000,0,314.659,7.81460,7.87615,9.70000,0,0.797767E-01,1.98127,1.99687,0.600000,0,0.128705E-01,0.319640,0.322158,0.650000,0,288.438,287.724,96559.5,1.16573,1009.64,0.248352E-01,-0.241244,0.567015E-02,752.904,1653.86,0.486404E-02,45.5242,900.952,276.060,-1.79070,-0.906473,0.612697E-01,2.00800,-0.546737E-13,-0.123616E-13,2.00800,4.40866,340.810,206.849,1.74853,-9999,0.264458,0.395772,-31.2456,-0.643290E-01,-0.304338,-0.161731,0,29.6590,-4.50088,10.1810,25.3521,38.6636,54.2262,81.2407,-0.806670E-01,1.01068,40.9118,1.02088,-141.114,1.17775,55.0703,1.17775,-3.17610,1.17775,0.385873E-01,1.19762,0.285299E-03,1.19762,800000000,800000000,800000000,800000000,800000000,800000010,800000111,800000111,80101,81101,80,80,39,3,10,1,274,79,0,0,0.402040,0.311603,0.779012E-01,0.137493,3.40233,16177.5,0.169415E-02,0.142189E-06,0.347604E-01,0.550703E-01,-3.17610,0.965853E-03,0.714113E-05,16.0000,0.00000,249.151,57.1913,11.5678,96700.0,1.34508,22.0000,96.5024,0.502361,2.14748,303.683,5328.20
CH-CHA_202005140700.csv,2020-05-14,10:30,135.4374,1,36000,36000,-0.614702E-01,1,0.697590E-02,17.1366,1,3.28877,85.4052,1,14.5290,-6.39687,1,2.84029,1.92222,1,0.327005,-0.308144E-01,2,0.137814E-01,0.107742E-03,1,0.337518E-04,-0.198887E-01,7.00222,-2.97895,0.157599,-0.989239E-03,-0.477224E-04,-0.218562E-10,-0.566078E-12,-0.103575E-12,-0.168191E-13,16.6642,414.223,418.715,0.850000,0,431.605,10.7284,10.8448,0.250000,0,0.789708E-01,1.96298,1.98426,1.75000,0,0.128237E-01,0.318758,0.322215,0.650000,0,288.691,287.711,96559.5,1.16451,1011.24,0.248570E-01,0.124560,0.777752E-02,1032.68,1652.34,0.667882E-02,62.4979,619.663,280.599,-1.39013,-0.454617,0.690625E-01,1.46421,0.151761E-12,-0.131156E-14,1.46421,4.13790,354.490,198.109,2.70348,-9999,0.229753,0.502406,-60.2153,-0.333802E-01,0.200650,-0.633387E-01,0,31.1384,-4.72538,10.6888,26.6167,40.5921,56.9310,85.2930,-0.607897E-01,1.01120,21.1719,1.01997,71.1875,1.17327,-6.84704,1.17327,1.60222,1.17327,-0.259011E-01,1.18970,0.905627E-04,1.18970,800000000,800000000,800000000,800000000,800000000,800000000,800010111,801010111,80001,81011,80,81,11,5,1,0,305,79,0,0,0.450017,0.502735,0.520603E-01,0.920999E-01,0.129548,1263.41,0.118430E-02,0.141863E-06,0.179790E-01,-0.684704E-02,1.60222,-0.650782E-03,0.227545E-05,16.0000,0.00000,248.592,53.6976,11.8459,96700.3,1.35500,22.0000,96.5001,0.500056,2.14748,303.708,5330.35
CH-CHA_202005140700.csv,2020-05-14,11:00,135.4582,1,36000,36000,-0.197930E-01,0,0.318585E-02,11.6943,0,1.85121,117.399,1,31.3772,-23.5189,1,8.14401,2.64377,1,0.706597,-0.191506E-02,1,0.124149E-02,0.656096E-04,2,0.359447E-04,0.901870,-1.32108,0.562666,-0.297500E-01,-0.176273E-02,-0.238704E-05,0.105789E-09,0.253542E-11,0.480889E-12,0.793989E-13,17.0525,424.645,429.011,0.250000,0,408.694,10.1774,10.2820,0.100000,0,0.775164E-01,1.93033,1.95017,6.90000,0,0.127986E-01,0.318714,0.321991,-0.900000,0,289.216,288.284,96559.5,1.16243,1010.94,0.249022E-01,0.171316,0.736467E-02,979.809,1714.57,0.633558E-02,57.1461,734.760,279.832,-1.30256,0.145907,0.403011E-01,1.31132,0.573552E-13,0.620370E-14,1.31132,3.46771,14.2610,173.609,1.76116,-9999,0.130488,0.260926,-16.1641,-0.124349,0.996114E-01,-0.762620E-01,0,-9999,-9999,-9999,-9999,-9999,-9999,-9999,-0.195669E-01,1.01156,17.4881,1.01990,98.5848,1.17241,-21.5171,1.17241,2.22007,1.17241,-0.161210E-02,1.18793,0.552304E-04,1.18793,800000000,800000000,800000000,800000000,800000010,800010110,800010111,800010111,80011,80011,80,80,9,17,0,19,86,30,0,0,0.237813,0.230086,0.539535E-01,0.430901E-01,0.766215,5755.05,0.133078E-04,0.155817E-06,0.148816E-01,-0.215171E-01,2.22007,-0.405563E-04,0.138945E-05,16.0000,0.00000,248.497,53.1043,12.1665,96700.1,1.35901,22.0000,96.5000,0.500028,2.14748,303.659,5331.43
CH-CHA_202005140700.csv,2020-05-14,11:30,135.4790,1,36000,36000,-0.415575E-01,0,0.616573E-02,24.9401,0,3.10451,71.5139,0,32.2575,-8.86707,1,7.77303,1.61133,0,0.726815,0.261854E-02,1,0.236741E-02,0.179984E-03,0,0.300765E-04,0.884815,-0.580068E-01,-0.806901E-01,-0.130699E-02,-0.434519E-03,-0.197021E-04,0.126674E-09,0.303944E-11,0.575450E-12,0.953010E-13,16.9594,423.147,427.488,0.200000,0,406.928,10.1531,10.2573,0.150000,0,0.770426E-01,1.92226,1.94198,8.40000,0,0.127591E-01,0.318348,0.321614,1.00000,0,289.779,288.848,96559.5,1.16017,1010.94,0.249506E-01,0.104414,0.733284E-02,977.481,1777.70,0.632047E-02,54.9858,800.217,279.798,-1.21424,0.756642E-01,0.835522E-01,1.21946,0.387722E-13,0.746925E-14,1.21946,3.70408,11.3221,176.434,3.92873,-9999,0.189262,0.501096,-23.1264,-0.869137E-01,0.348744,-0.112353,0,-9999,-9999,-9999,-9999,-9999,-9999,-9999,-0.410711E-01,1.01184,28.1390,1.01991,59.2660,1.17201,-9.21093,1.17201,1.33536,1.17201,0.220601E-02,1.18700,0.151629E-03,1.18700,800000000,800000000,800000000,800000000,800000010,800000010,800000111,800000111,80010,80010,80,80,12,17,0,12,104,29,0,0,0.406712,0.530016,0.654635E-01,0.968369E-01,0.872192,5620.39,0.390523E-04,0.134023E-06,0.239916E-01,-0.921093E-02,1.33536,0.556044E-04,0.382194E-05,16.0000,0.00000,248.594,53.7104,13.3624,96700.3,1.37030,22.0000,96.5000,0.500028,2.14748,303.657,5324.10
CH-CHA_202005140700.csv,2020-05-14,12:00,135.4999,1,36000,36000,-0.547704E-01,0,0.709142E-02,37.3191,0,7.24456,68.9571,0,6.84465,-16.4411,0,2.55073,1.55464,0,0.154313,0.173873E-02,1,0.933597E-03,0.176020E-03,1,0.379125E-04,0.968811,3.37102,-0.825466,0.759999E-01,-0.159458E-03,-0.189337E-04,-0.148648E-09,-0.421650E-11,-0.699627E-12,-0.115917E-12,16.3016,407.788,412.561,0.200000,0,462.406,11.5672,11.7026,0.100000,0,0.767251E-01,1.91930,1.94176,4.00000,0,0.127121E-01,0.317996,0.321717,9.85000,0,290.529,289.466,96559.5,1.15708,1011.74,0.250152E-01,0.100741,0.833255E-02,1113.12,1849.18,0.720135E-02,60.1953,736.061,281.702,-1.36691,0.261302,0.875758E-01,1.39442,-0.240312E-13,-0.911862E-14,1.39442,4.55467,17.0329,169.178,3.60081,-9999,0.217566,0.435674,-23.4837,-0.855914E-01,0.541194,-0.146524,0,24.5777,-3.72976,8.43672,21.0086,32.0395,44.9358,67.3221,-0.541561E-01,1.01134,40.1599,1.01992,56.1910,1.17285,-16.0874,1.17285,1.26683,1.17285,0.146252E-02,1.18886,0.148058E-03,1.18886,800000000,800000000,800000000,800000000,800000000,800100000,800000111,800010111,80011,80011,80,81,27,10,5,16,264,68,0,0,0.398497,0.388506,0.843442E-01,0.281934,0.711555E-01,302.866,0.475449E-05,0.129270E-06,0.343053E-01,-0.160874E-01,1.26683,0.370119E-04,0.374690E-05,16.0000,0.00000,248.154,50.9597,13.8237,96694.1,1.37589,22.0000,96.5001,0.500083,2.14748,303.716,5320.71
CH-CHA_202005140700.csv,2020-05-14,12:30,135.5207,1,36000,36000,-0.705817E-01,0,0.936906E-02,45.7451,0,7.27908,89.0542,0,9.22992,-22.5121,0,2.86224,2.01066,0,0.208392,-0.938109E-03,1,0.497516E-03,0.218192E-03,0,0.331093E-04,2.35494,0.325358,0.692975E-01,0.734591E-02,0.141412E-03,0.245743E-06,0.204001E-09,0.583681E-11,0.958427E-12,0.158579E-12,16.2678,409.085,413.929,-0.500000E-01,0,465.450,11.7046,11.8432,0.100000,0,0.764287E-01,1.92194,1.94470,0.200000,0,0.126457E-01,0.318000,0.321767,0.900000,0,292.058,290.976,96559.5,1.15102,1011.84,0.251468E-01,0.130291,0.838741E-02,1126.29,2034.81,0.728695E-02,55.3513,908.515,281.875,-1.56771,0.647745,0.553653E-01,1.69716,-0.140273E-13,0.125401E-13,1.69716,5.30994,30.3495,157.551,1.86945,-9999,0.247631,0.730390,-28.2501,-0.711502E-01,0.513676,-0.158615,0,24.8799,-3.77562,8.54046,21.2670,32.4335,45.4884,68.1499,-0.698236E-01,1.01086,49.4690,1.02025,72.5412,1.17496,-21.7265,1.17496,1.63783,1.17496,-0.786453E-03,1.19284,0.182918E-03,1.19284,800000000,800000000,800000000,800000000,800000000,800011000,800000111,800100111,80001,80001,80,80,2,1,0,16,294,90,0,0,0.804889,0.549914,0.105978,0.533160,0.918441E-01,498.229,0.221951E-05,0.124928E-06,0.424754E-01,-0.217265E-01,1.63783,-0.200102E-04,0.465411E-05,16.0000,0.00000,248.137,50.8592,15.7091,96630.5,1.39463,22.0000,96.5003,0.500333,2.14748,303.738,5309.07
CH-CHA_202005140700.csv,2020-05-14,13:00,135.5415,1,35989,35989,-0.640376E-01,0,0.785062E-02,24.3261,0,5.71007,63.4507,0,6.29277,-15.3360,0,1.60042,1.43527,0,0.142344,0.628094E-03,2,0.543465E-03,0.151447E-03,0,0.309780E-04,3.00593,-0.183105,0.196601,-0.414188E-02,0.154731E-03,0.849256E-05,-0.101111E-09,-0.284790E-11,-0.471487E-12,-0.779324E-13,16.3067,412.786,417.642,0.250000,0,459.297,11.6266,11.7634,0.200000,0,0.760394E-01,1.92485,1.94750,2.90000,0,0.125686E-01,0.318160,0.321903,0.700000,0,293.998,292.917,96559.5,1.14343,1011.85,0.253139E-01,0.930055E-01,0.827653E-02,1118.82,2297.19,0.723836E-02,48.7037,1178.37,281.777,-1.89381,-0.113587,0.734618E-01,1.89863,-0.258987E-12,-0.620057E-14,1.89863,5.83791,6.11521,183.432,2.21744,-9999,0.236654,0.740805,-46.3693,-0.433477E-01,0.383386,-0.888457E-01,0,25.1339,-3.81416,8.62764,21.4841,32.7645,45.9527,68.8456,-0.633588E-01,1.01071,27.1540,1.02063,52.0589,1.17671,-14.5295,1.17671,1.17758,1.17671,0.525217E-03,1.19588,0.126641E-03,1.19588,800001000,800000000,800000000,800000000,800000000,800001000,800000111,800010111,80011,80011,80,81,8,7,3,2,473,122,0,0,0.793319,0.593928,0.943634E-01,0.328359,0.620683E-01,369.305,0.354976E-05,0.130699E-06,0.234699E-01,-0.145295E-01,1.17758,0.134511E-04,0.324337E-05,16.0000,0.00000,248.092,50.5778,15.5026,96615.1,1.39276,22.0000,96.5002,0.500236,2.14748,303.722,5312.72
CH-CHA_202005141300.csv,2020-05-14,13:30,135.5624,1,36000,36000,-0.974518E-01,0,0.109864E-01,23.4949,0,3.76886,75.4300,0,6.72717,-12.9115,0,1.32579,1.70871,0,0.152390,0.798441E-03,2,0.106220E-02,0.254666E-03,0,0.396227E-04,2.30463,0.176677,0.834652E-01,0.400225E-02,0.615846E-05,0.722716E-07,0.825461E-10,0.233123E-11,0.383475E-12,0.633813E-13,16.2856,414.366,419.272,0.250000,0,459.930,11.7024,11.8409,0.150000,0,0.756559E-01,1.92497,1.94776,2.65000,0,0.125045E-01,0.318162,0.321929,0.550000,0,295.506,294.412,96559.5,1.13759,1011.92,0.254438E-01,0.110724,0.828794E-02,1126.08,2519.10,0.728555E-02,44.7016,1393.02,281.873,-2.20023,-0.599906,0.925463E-01,2.28243,0.355776E-13,0.506867E-14,2.28243,6.38188,354.054,195.251,2.32383,-9999,0.292687,0.803930,-90.8279,-0.221298E-01,0.311479,-0.697329E-01,0,26.3705,-4.00182,9.05213,22.5411,34.3766,48.2136,72.2328,-0.964201E-01,1.01070,26.9553,1.02159,61.9545,1.18059,-12.4903,1.18059,1.40345,1.18059,0.664115E-03,1.20226,0.211822E-03,1.20226,800001000,800000000,800000000,800000000,800001000,800001000,800010111,800010111,80001,81011,80,81,11,9,1,5,724,242,0,0,1.03392,0.445935,0.128008,0.847237E-01,0.810579E-01,439.193,0.189425E-04,0.133119E-06,0.234160E-01,-0.124903E-01,1.40345,0.170970E-04,0.545313E-05,16.0000,0.00000,248.112,50.6997,14.4668,96604.1,1.38769,22.0000,96.5006,0.500583,2.14748,303.667,5315.25
CH-CHA_202005141300.csv,2020-05-14,14:00,135.5832,1,36000,36000,-0.486813E-01,0,0.765031E-02,21.8932,0,2.51509,62.3556,0,7.43742,-12.3626,0,1.42521,1.41301,0,0.168536,0.104168E-02,0,0.168875E-02,0.219591E-03,0,0.412319E-04,0.534198,0.356943,-0.453284E-01,0.808852E-02,0.222241E-03,-0.110889E-04,0.564161E-10,0.161750E-11,0.263205E-12,0.433792E-13,16.2319,413.507,418.468,0.300000,0,465.383,11.8556,11.9979,0.100000,0,0.757285E-01,1.92918,1.95233,1.70000,0,0.124809E-01,0.317952,0.321766,0.400000,0,295.869,294.759,96559.5,1.13618,1012.02,0.254750E-01,0.915632E-01,0.838620E-02,1140.77,2573.18,0.738104E-02,44.3330,1432.41,282.064,-1.42699,0.194803,0.952969E-01,1.44338,-0.288229E-13,0.347563E-14,1.44338,5.95791,18.7934,172.226,3.78562,-9999,0.206994,0.678555,-34.4795,-0.582955E-01,0.351102,-0.919847E-01,0,22.9576,-3.48391,7.88061,19.6238,29.9276,41.9739,62.8845,-0.481403E-01,1.01124,24.7629,1.01995,51.3941,1.17314,-11.9281,1.17314,1.16462,1.17314,0.875769E-03,1.18944,0.184617E-03,1.18944,800001000,800000000,800000000,800000000,800001000,800001000,800010111,800010111,80000,80001,80,81,18,7,3,4,441,130,0,0,0.531841,0.734733,0.905361E-01,0.346085E-01,0.454757E-01,309.345,0.124804E-04,0.135200E-06,0.215361E-01,-0.119281E-01,1.16462,0.225769E-04,0.475934E-05,16.0000,0.00000,248.061,50.3809,14.4566,96600.6,1.38921,22.0000,96.5008,0.500833,2.14748,303.645,5314.54
CH-CHA_202005141300.csv,2020-05-14,14:30,135.6040,1,36000,36000,-0.320947E-01,1,0.500969E-02,12.4202,0,1.55723,30.1900,0,5.27957,-5.95173,0,0.939986,0.684362,0,0.119680,-0.461333E-03,1,0.269056E-03,0.122040E-03,0,0.297805E-04,0.555074,-0.194502E-01,0.935454E-01,-0.440906E-03,-0.174633E-03,-0.212127E-05,0.258291E-10,0.736858E-12,0.119782E-12,0.197730E-13,16.2817,415.282,420.261,-0.500000,0,464.487,11.8473,11.9893,0.100000,0,0.755062E-01,1.92587,1.94896,2.25000,0,0.124641E-01,0.317911,0.321723,0.400000,0,296.230,295.120,96559.5,1.13480,1012.02,0.255061E-01,0.443467E-01,0.837005E-02,1139.97,2630.54,0.737582E-02,43.3359,1490.57,282.054,-1.49003,0.347861,0.745024E-01,1.53191,0.466758E-13,0.158639E-14,1.53191,4.84956,20.5621,166.859,2.78760,-9999,0.168174,0.597540,-32.5949,-0.616661E-01,0.411399,-0.643075E-01,0,-9999,-9999,-9999,-9999,-9999,-9999,-9999,-0.317432E-01,1.01107,13.7756,1.02003,24.7784,1.17371,-5.82047,1.17371,0.561688,1.17371,-0.387492E-03,1.19056,0.102506E-03,1.19056,800001000,800000000,800000000,800000000,800001000,800001000,800010111,800110111,80011,80011,80,81,6,4,4,9,484,195,0,0,0.595042,0.525228,0.748118E-01,0.214540E-01,0.428035E-01,272.719,0.468942E-05,0.125431E-06,0.119951E-01,-0.582047E-02,0.561688,-0.100015E-04,0.264577E-05,16.0000,0.00000,248.049,50.3061,14.5134,96599.7,1.38788,22.0000,96.5007,0.500750,2.14748,303.686,5315.59
CH-CHA_202005141300.csv,2020-05-14,15:00,135.6249,1,36000,36000,-0.289432E-01,0,0.371134E-02,8.66250,0,0.854338,26.0054,0,4.37764,-5.06658,0,0.658913,0.589589,0,0.992488E-01,-0.228210E-02,1,0.133557E-02,0.134532E-03,0,0.273964E-04,0.230658,-0.206619,0.393812E-01,-0.468441E-02,-0.213599E-03,0.358880E-05,0.324084E-10,0.915966E-12,0.149708E-12,0.247704E-13,16.3031,416.029,420.979,-0.500000E-01,0,460.780,11.7583,11.8982,0.100000,0,0.753111E-01,1.92182,1.94468,0.350000,0,0.124608E-01,0.317980,0.321763,0.800000,0,296.372,295.270,96559.5,1.13426,1011.98,0.255184E-01,0.382054E-01,0.830325E-02,1131.44,2654.72,0.732043E-02,42.6200,1523.28,281.943,-1.24537,0.340520,0.513106E-01,1.29210,-0.164934E-13,0.198786E-14,1.29210,3.31210,22.8301,164.707,2.27586,-9999,0.159741,0.350703,-40.0504,-0.501867E-01,0.333103,-0.472436E-01,0,-9999,-9999,-9999,-9999,-9999,-9999,-9999,-0.286110E-01,1.01161,9.87268,1.01990,21.4799,1.17232,-4.88578,1.17232,0.486988,1.17232,-0.192141E-02,1.18773,0.113269E-03,1.18773,800000000,800000000,800000000,800000000,800001000,800001010,800010111,800010111,80001,80001,80,80,1,2,4,17,339,44,0,0,0.262595,0.369751,0.690606E-01,0.709554E-02,0.200119E-01,206.582,0.113288E-04,0.127077E-06,0.860108E-02,-0.488578E-02,0.486988,-0.496125E-04,0.292470E-05,16.0000,0.00000,248.035,50.2214,14.3670,96599.5,1.38648,22.0000,96.5008,0.500806,2.14748,303.707,5318.11
CH-CHA_202005141300.csv,2020-05-14,15:30,135.6457,1,36000,36000,-0.778998E-01,0,0.122790E-01,7.57078,0,1.26989,43.3066,0,6.94374,-8.53237,0,1.34127,0.982033,0,0.157458,-0.114115E-02,1,0.830918E-03,0.171175E-03,0,0.382741E-04,0.317367,-0.211650,-0.324977E-01,-0.479944E-02,-0.248797E-03,0.344571E-05,0.321906E-10,0.904098E-12,0.148557E-12,0.246455E-13,16.2680,415.412,420.316,-0.700000,0,456.901,11.6672,11.8049,0.100000,0,0.750755E-01,1.91709,1.93972,9.75000,0,0.124550E-01,0.318045,0.321799,0.200000,0,296.571,295.477,96559.5,1.13350,1011.93,0.255355E-01,0.636357E-01,0.823335E-02,1122.70,2688.34,0.726364E-02,41.7621,1565.63,281.828,-1.76099,-0.183896,0.110877,1.77403,-0.960872E-14,0.197876E-14,1.77403,5.88990,1.66987,185.962,3.58333,-9999,0.262154,0.677600,-202.546,-0.992367E-02,0.174818,-0.251773E-01,0,25.2159,-3.82661,8.65580,21.5542,32.8715,46.1027,69.0703,-0.770683E-01,1.01079,9.70873,1.02038,36.0268,1.17560,-7.91282,1.17560,0.816955,1.17560,-0.955761E-03,1.19396,0.143367E-03,1.19396,800001000,800010000,800000000,800000000,800001000,800001000,800010111,800010111,80011,80011,80,80,1,12,9,6,513,142,0,0,0.723866,0.516477,0.114856,0.920509E-02,0.387712E-01,278.939,0.367863E-05,0.131394E-06,0.846425E-02,-0.791282E-02,0.816955,-0.246929E-04,0.370401E-05,16.0000,0.00000,248.107,50.6688,14.0696,96599.4,1.38534,22.0000,96.5016,0.501583,2.14748,303.699,5319.40
CH-CHA_202005141300.csv,2020-05-14,16:00,135.6665,1,36000,36000,-0.235339E-01,0,0.420613E-02,1.13501,0,0.401147,25.9550,0,4.83868,-2.32579,0,0.679495,0.588568,0,0.109724,-0.221692E-03,1,0.209376E-03,0.186497E-03,0,0.299864E-04,0.140700E-01,-0.342494E-01,0.213338E-01,-0.776656E-03,-0.123486E-03,-0.133968E-05,0.332473E-10,0.931689E-12,0.153096E-12,0.254278E-13,16.2835,415.817,420.719,-0.550000,0,456.311,11.6524,11.7898,0.250000,0,0.749817E-01,1.91474,1.93732,-0.500000E-01,0,0.124537E-01,0.318020,0.321769,0.150000,0,296.579,295.486,96559.5,1.13347,1011.92,0.255362E-01,0.381392E-01,0.822272E-02,1121.29,2689.84,0.725445E-02,41.6862,1568.55,281.810,-1.21082,0.225632,0.750003E-01,1.23395,-0.158028E-13,0.204178E-14,1.23395,4.11030,18.6688,169.444,3.48463,-9999,0.144092,0.379087,-224.346,-0.895939E-02,0.437298E-01,-0.686748E-02,0,-9999,-9999,-9999,-9999,-9999,-9999,-9999,-0.232596E-01,1.01179,2.48740,1.01991,21.8299,1.17207,-2.23895,1.17207,0.495027,1.17207,-0.186744E-03,1.18714,0.157098E-03,1.18714,800001000,800010000,800000000,800000000,800000000,800001000,800010111,800010111,80000,81001,80,80,11,11,1,6,439,59,0,0,0.338773,0.356714,0.626882E-01,0.199338E-02,0.159027E-01,163.764,0.182749E-05,0.127937E-06,0.216863E-02,-0.223895E-02,0.495027,-0.482476E-05,0.405881E-05,16.0000,0.00000,248.078,50.4863,13.7730,96600.3,1.38302,22.0000,96.5012,0.501250,2.14748,303.682,5322.05
CH-CHA_202005141300.csv,2020-05-14,16:30,135.6873,1,36000,36000,-0.450428E-01,0,0.750504E-02,-1.01053,0,0.538662,25.1637,0,4.66551,-3.27051,0,0.789743,0.570656,0,0.105803,0.250459E-02,0,0.986307E-03,0.309853E-03,0,0.360475E-04,0.876978E-01,-0.149276,0.616433E-01,-0.338524E-02,0.124021E-03,0.154400E-05,-0.113313E-09,-0.314897E-11,-0.520956E-12,-0.864271E-13,16.3265,416.988,421.877,0.150000,0,453.714,11.5881,11.7240,0.100000,0,0.750610E-01,1.91710,1.93958,1.10000,0,0.124527E-01,0.318049,0.321778,1.15000,0,296.630,295.543,96559.5,1.13328,1011.89,0.255406E-01,0.369785E-01,0.817593E-02,1115.13,2699.20,0.721439E-02,41.3131,1584.08,281.728,-1.47717,-0.169473E-01,0.569993E-01,1.47837,-0.597152E-14,-0.694043E-14,1.47837,4.61837,7.42567,180.657,2.20962,-9999,0.199363,0.508798,667.376,0.301180E-02,-0.401583E-01,0.442012E-02,0,-9999,-9999,-9999,-9999,-9999,-9999,-9999,-0.445453E-01,1.01117,0.339786,1.01998,21.2491,1.17336,-2.94791,1.17336,0.481881,1.17336,0.210492E-02,1.18988,0.260408E-03,1.18988,800001000,800010000,800000000,800000000,800011000,800011000,800010111,800110111,80001,81001,80,81,7,25,3,11,479,176,0,0,0.511485,0.420256,0.858551E-01,0.169599E-02,0.263626E-01,203.326,0.708522E-05,0.129987E-06,0.296302E-03,-0.294791E-02,0.481881,0.543890E-04,0.672868E-05,16.0000,0.00000,248.100,50.6262,13.6204,96599.4,1.38145,22.0000,96.5013,0.501278,2.14748,303.686,5321.98
CH-CHA_202005141300.csv,2020-05-14,17:00,135.7082,1,36000,36000,-0.437992E-01,1,0.611354E-02,-6.18690,0,1.07670,11.0570,0,3.96048,2.01690,0,0.619921,0.250797,0,0.898328E-01,0.743158E-03,1,0.606826E-03,0.184801E-03,0,0.332163E-04,0.316226,-0.171951,0.310950E-01,-0.390023E-02,0.183231E-04,0.613994E-05,0.104063E-09,0.286934E-11,0.477837E-12,0.792883E-13,16.3386,417.579,422.443,4.25000,0,450.508,11.5140,11.6481,1.00000,0,0.750240E-01,1.91745,1.93978,6.55000,0,0.124489E-01,0.318166,0.321872,0.500000E-01,0,296.830,295.749,96559.5,1.13252,1011.86,0.255578E-01,0.162517E-01,0.811815E-02,1108.02,2733.21,0.716820E-02,40.5390,1625.20,281.634,-1.51527,0.187347,0.779560E-01,1.52879,-0.549844E-13,0.636912E-14,1.52879,5.58696,11.7865,172.952,2.92289,-9999,0.196657,0.636732,104.626,0.192113E-01,-0.559548,0.274535E-01,0,-9999,-9999,-9999,-9999,-9999,-9999,-9999,-0.433512E-01,1.01034,-5.49551,1.02139,9.29452,1.21498,1.81962,1.21498,0.210821,1.21498,0.600259E-03,1.23806,0.149267E-03,1.23806,800001000,800010000,800000000,800000000,800001000,800101000,800010111,800110111,80010,81011,80,80,4,5,6,20,499,203,0,0,0.659100,0.520573,0.937919E-01,0.137794E-01,0.379015E-01,235.089,0.349210E-05,0.129448E-06,-0.479560E-02,0.181962E-02,0.210821,0.155194E-04,0.385921E-05,16.0000,0.00000,248.076,50.4752,13.2663,96599.9,1.37852,22.0000,96.5045,0.504472,2.14748,303.695,5324.64
CH-CHA_202005141300.csv,2020-05-14,17:30,135.7290,1,36000,36000,-0.384383E-01,0,0.528157E-02,-7.25471,0,1.45467,-12.3301,0,5.01623,3.37793,0,0.819299,-0.279755,0,0.113812,-0.143549E-02,1,0.123714E-02,0.113501E-03,0,0.281696E-04,0.451876,-0.437588E-01,0.509724E-01,-0.992833E-03,0.132238E-03,0.409833E-05,-0.839099E-10,-0.230451E-11,-0.384911E-12,-0.638009E-13,16.3604,418.549,423.416,0.850000,0,449.323,11.4951,11.6288,7.95000,0,0.750481E-01,1.91996,1.94229,-0.450000,0,0.124396E-01,0.318244,0.321944,3.60000,0,297.124,296.044,96559.5,1.13140,1011.85,0.255831E-01,-0.181281E-01,0.809680E-02,1106.21,2782.50,0.715643E-02,39.7558,1676.30,281.610,-1.29796,0.196271,0.788882E-01,1.31508,-0.312189E-13,-0.512885E-14,1.31508,5.13453,15.8142,171.401,3.43908,-9999,0.184320,0.445252,73.4659,0.273596E-01,0.588374,0.343805E-01,0,-9999,-9999,-9999,-9999,-9999,-9999,-9999,-0.380259E-01,1.01085,-7.72891,1.02207,-9.61325,1.22383,3.14164,1.22383,-0.218113,1.22383,-0.115201E-02,1.24607,0.910872E-04,1.24607,800001000,800000000,800000000,800000000,800001000,800001000,800010111,800010111,80001,80001,80,80,14,6,2,6,419,124,0,0,0.355147,0.458472,0.768859E-01,0.139250E-01,0.248549E-01,190.334,0.813067E-05,0.127394E-06,-0.675124E-02,0.314164E-02,-0.218113,-0.298136E-04,0.235730E-05,16.0000,0.00000,248.080,50.4976,13.0818,96599.9,1.37789,22.0000,96.5050,0.505028,2.14748,303.688,5325.79
CH-CHA_202005141300.csv,2020-05-14,18:00,135.7498,1,36000,36000,-0.692748E-01,1,0.729823E-02,-13.2638,0,1.12716,10.3790,0,7.28763,6.52423,0,1.04185,0.235548,0,0.165391,0.123818E-02,1,0.117380E-02,0.292445E-03,0,0.399264E-04,0.414255,0.423556,0.333093E-01,0.961249E-02,-0.516320E-04,-0.136795E-05,0.493905E-10,0.137599E-11,0.226105E-12,0.374941E-13,16.3693,419.184,424.137,0.100000,0,456.037,11.6782,11.8162,0.350000,0,0.749369E-01,1.91898,1.94166,0.500000E-01,0,0.124265E-01,0.318218,0.321978,0.750000,0,297.413,296.314,96559.5,1.13029,1011.96,0.256080E-01,0.152635E-01,0.821778E-02,1123.76,2828.39,0.727049E-02,39.7315,1704.63,281.842,-1.71200,0.500865,0.805888E-01,1.78558,0.411721E-13,0.301727E-14,1.78558,6.51712,21.5476,163.693,2.58682,-9999,0.247567,1.04744,97.3670,0.206435E-01,-1.27795,0.468404E-01,0,22.9649,-3.48501,7.88311,19.6301,29.9371,41.9872,62.9045,-0.685542E-01,1.01051,-12.4532,1.02225,9.05002,1.22039,5.79030,1.22039,0.205388,1.22039,0.993656E-03,1.24608,0.234692E-03,1.24608,800001000,800000000,800000000,800000000,800001000,800001000,800010111,800010111,80011,80111,80,81,10,0,4,7,488,178,0,0,0.936411,1.02907,0.129404,0.104854E-01,0.447938E-01,293.657,0.784144E-05,0.127193E-06,-0.108874E-01,0.579030E-02,0.205388,0.257451E-04,0.608074E-05,16.0000,0.00000,248.062,50.3873,12.9632,96599.6,1.37758,22.0000,96.5044,0.504444,2.14748,303.703,5325.67
CH-CHA_202005141300.csv,2020-05-14,18:30,135.7707,1,36000,36000,-0.560600E-01,0,0.727779E-02,-15.5500,0,1.35690,7.93368,0,5.24080,5.53762,0,0.776410,0.180059,0,0.118943,-0.145679E-02,2,0.995176E-03,0.211555E-03,0,0.345227E-04,0.552402E-01,0.343132,0.107914,0.778755E-02,0.740310E-04,-0.181921E-05,-0.218196E-09,-0.612597E-11,-0.994735E-12,-0.164814E-12,16.4468,421.239,426.281,0.100000,0,461.752,11.8265,11.9681,3.55000,0,0.749793E-01,1.92039,1.94338,7.45000,0,0.124231E-01,0.318183,0.321991,-0.850000,0,297.463,296.351,96559.5,1.13009,1012.04,0.256123E-01,0.116678E-01,0.832078E-02,1137.98,2834.54,0.736292E-02,40.1469,1696.56,282.028,-1.47174,0.368519,0.873101E-01,1.51969,0.327439E-13,-0.132668E-13,1.51969,4.88698,19.4547,165.942,3.29361,-9999,0.222725,0.546919,60.4774,0.332356E-01,-1.96000,0.610446E-01,0,23.4851,-3.56395,8.06167,20.0747,30.6152,42.9382,64.3293,-0.554541E-01,1.01093,-14.8117,1.02272,7.14218,1.22842,5.06063,1.22842,0.162095,1.22842,-0.116285E-02,1.25277,0.168869E-03,1.25277,800000000,800000000,800000000,800000000,800000000,800101000,800010111,800110111,80111,80111,80,80,8,8,7,8,254,106,0,0,0.462399,0.532406,0.990339E-01,0.104076E-01,0.145182E-01,144.578,0.487292E-05,0.125776E-06,-0.129507E-01,0.506063E-02,0.162095,-0.301385E-04,0.437670E-05,16.0000,0.00000,248.022,50.1371,12.8119,96593.4,1.37635,22.0000,96.5010,0.501000,2.14748,303.708,5325.10
CH-CHA_202005141300.csv,2020-05-14,19:00,135.7915,1,35988,35988,-0.277351E-01,0,0.310908E-02,-9.74993,0,0.948865,3.90389,1,1.76745,7.82331,0,0.843817,0.886008E-01,1,0.401132E-01,0.160413E-02,1,0.558343E-03,0.221737E-03,1,0.379964E-04,0.121639E-02,-0.378580,0.144041,-0.859206E-02,0.238817E-03,0.897065E-05,-0.224896E-09,-0.618641E-11,-0.102106E-11,-0.168867E-12,16.5547,423.983,428.987,0.500000E-01,0,455.384,11.6629,11.8005,0.100000,0,0.751606E-01,1.92494,1.94766,0.850000,0,0.124303E-01,0.318354,0.322110,0.950000,0,297.449,296.351,96559.5,1.13016,1011.95,0.256110E-01,0.574133E-02,0.820602E-02,1122.29,2834.70,0.726095E-02,39.5912,1712.41,281.823,-1.06270,0.219803,0.560831E-01,1.08664,0.489424E-13,-0.135850E-13,1.08664,3.29425,17.8995,168.314,2.95843,-9999,0.156655,0.252957,33.5611,0.598907E-01,-2.49749,0.544197E-01,0,-9999,-9999,-9999,-9999,-9999,-9999,-9999,-0.274049E-01,1.01205,-9.33078,1.02420,3.55775,1.24678,6.62676,1.24678,0.807449E-01,1.24678,0.126394E-02,1.26916,0.174712E-03,1.26916,800000000,800000000,800000000,800000000,800000000,800000000,800010111,811110111,80001,80001,80,81,10,6,6,1,100,34,0,0,0.193417,0.270269,0.422273E-01,0.111675E-01,0.152923E-01,98.6709,0.403310E-05,0.130790E-06,-0.815865E-02,0.662676E-02,0.807449E-01,0.327514E-04,0.452718E-05,16.0000,0.00000,248.033,50.2065,12.8145,96587.8,1.37575,22.0000,96.5001,0.500083,2.14748,303.737,5325.57
CH-CHA_202005141900.csv,2020-05-14,19:30,135.8123,1,36000,36000,-0.483833E-01,0,0.607611E-02,-15.6041,0,1.50795,-8.17443,0,3.72326,9.45794,0,1.33414,-0.185530,0,0.845047E-01,0.392726E-02,0,0.206883E-02,0.267671E-03,0,0.584984E-04,0.618255E-01,0.235150,-0.120625,0.533706E-02,0.268142E-03,0.118201E-04,0.418277E-12,0.116695E-13,0.191445E-14,0.316004E-15,16.4622,421.685,426.705,0.100000,0,459.277,11.7645,11.9046,-1.00000,0,0.753474E-01,1.93005,1.95303,0.450000,0,0.124370E-01,0.318579,0.322371,0.900000,0,297.499,296.392,96559.5,1.12996,1012.01,0.256153E-01,-0.120224E-01,0.827617E-02,1132.04,2841.61,0.732430E-02,39.8380,1709.57,281.951,-1.73192,0.107693,0.749753E-01,1.73688,0.385361E-13,0.254083E-16,1.73688,5.37872,9.00379,176.442,2.47403,-9999,0.206926,0.783237,48.3303,0.415888E-01,1.90889,0.659438E-01,0,21.9589,-3.33234,7.53776,18.7701,28.6256,40.1478,60.1487,-0.478357E-01,1.01145,-15.6551,1.02424,-5.76077,1.24063,8.29724,1.24063,-0.130749,1.24063,0.309692E-02,1.26812,0.211077E-03,1.26812,800001000,800000000,800000000,800000000,800001000,800101000,800010111,800110111,80101,80101,80,80,14,0,6,13,364,91,0,0,0.531840,0.933514,0.101119,0.140415E-01,0.320873E-01,246.952,0.184041E-04,0.141442E-06,-0.136901E-01,0.829724E-02,-0.130749,0.802696E-04,0.547095E-05,16.0000,0.00000,248.078,50.4901,12.7094,96557.5,1.37536,22.0000,96.5000,0.500028,2.14748,303.748,5324.97
CH-CHA_202005141900.csv,2020-05-14,20:00,135.8332,1,36000,36000,-0.274845E-01,0,0.491426E-02,-11.3446,0,1.23128,10.3135,0,4.20383,7.37430,0,1.03523,0.234083,0,0.954130E-01,0.112338E-02,1,0.711357E-03,0.211781E-03,0,0.346518E-04,0.180846E-01,-0.207533,0.836855E-01,-0.471030E-02,0.640718E-04,0.240331E-05,0.320216E-10,0.883211E-12,0.146103E-12,0.241043E-13,16.5243,423.280,428.280,0.150000,0,455.768,11.6748,11.8127,0.150000,0,0.753942E-01,1.93127,1.95408,2.55000,0,0.124387E-01,0.318625,0.322389,0.900000,0,297.502,296.404,96559.5,1.12995,1011.96,0.256156E-01,0.151685E-01,0.821295E-02,1123.44,2843.64,0.726839E-02,39.5069,1720.21,281.838,-1.28518,0.282071E-01,0.669914E-01,1.28723,-0.716391E-14,0.193785E-14,1.28723,3.63524,7.81948,178.743,2.98319,-9999,0.155960,0.325838,28.4613,0.706223E-01,-1.09998,0.636139E-01,0,-9999,-9999,-9999,-9999,-9999,-9999,-9999,-0.271515E-01,1.01227,-10.5614,1.02524,8.64961,1.25621,6.23199,1.25621,0.196317,1.25621,0.876844E-03,1.28116,0.165304E-03,1.28116,800000000,800000000,800000000,800000011,800000000,800100000,800110111,801110111,80011,80011,80,80,5,14,3,2,223,66,0,0,0.308513,0.281849,0.613133E-01,0.133468E-01,0.178490E-01,116.444,0.483417E-05,0.135480E-06,-0.923624E-02,0.623199E-02,0.196317,0.227253E-04,0.428420E-05,16.0000,0.00000,248.048,50.3009,12.6633,96529.6,1.37497,21.9961,96.5015,0.500069,2.14748,303.703,5325.51
CH-CHA_202005141900.csv,2020-05-14,20:30,135.8540,0,36000,36000,-0.403588E-01,0,0.657970E-02,-9.64070,0,0.969702,-8.31870,0,4.05434,5.47016,0,0.742217,-0.188813,0,0.920229E-01,0.683665E-03,1,0.325600E-03,0.104462E-03,0,0.245630E-04,0.491406E-01,-0.107164,0.353466E-01,-0.243233E-02,-0.101132E-03,-0.184032E-05,-0.567554E-10,-0.155672E-11,-0.258285E-12,-0.426502E-13,16.5490,423.953,428.941,0.150000,0,453.917,11.6284,11.7653,5.90000,0,0.753119E-01,1.92934,1.95204,2.95000,0,0.124361E-01,0.318590,0.322338,8.40000,0,297.530,296.436,96559.5,1.12985,1011.94,0.256180E-01,-0.122351E-01,0.817958E-02,1118.99,2849.17,0.723951E-02,39.2743,1730.18,281.779,-1.37164,0.235414E-01,0.871356E-01,1.37461,-0.279567E-13,-0.342954E-14,1.37461,4.37210,7.91936,179.017,3.63438,-9999,0.188999,0.428208,59.6029,0.337232E-01,1.15892,0.446144E-01,0,-9999,-9999,-9999,-9999,-9999,-9999,-9999,-0.399183E-01,1.01103,-9.85450,1.02266,-6.22584,1.22930,4.89762,1.22930,-0.141310,1.22930,0.545823E-03,1.25254,0.834006E-04,1.25254,800000000,800000000,800000000,800000011,800000000,800000000,800010111,800110111,80011,80111,80,80,5,15,1,3,163,64,0,0,0.384598,0.405527,0.662914E-01,0.128949E-01,0.183546E-01,142.629,0.229832E-05,0.127135E-06,-0.861906E-02,0.489762E-02,-0.141310,0.141469E-04,0.216161E-05,16.0000,0.00000,248.060,50.3753,12.6493,96523.8,1.37477,22.0000,96.5002,0.500167,2.14748,303.709,5325.11
CH-CHA_202005141900.csv,2020-05-14,21:00,135.8748,0,36000,36000,-0.323584E-01,1,0.509167E-02,-16.1190,0,1.42791,14.8611,0,4.45612,10.8945,0,1.13438,0.337322,0,0.101146,0.125204E-02,1,0.115747E-02,0.305865E-03,0,0.436528E-04,0.606728E-01,0.165452,0.431921E-01,0.375547E-02,0.153102E-03,0.177189E-05,0.132388E-11,0.364648E-13,0.602217E-14,0.993036E-15,16.5785,424.776,429.805,0.00000,0,456.639,11.7000,11.8385,0.150000,0,0.754140E-01,1.93226,1.95514,-0.700000,0,0.124355E-01,0.318623,0.322395,0.700000,0,297.577,296.475,96559.5,1.12967,1011.98,0.256220E-01,0.218585E-01,0.822863E-02,1125.85,2855.98,0.728410E-02,39.4209,1730.13,281.870,-1.74461,-0.929124E-01,0.767822E-01,1.74877,0.466426E-13,0.798548E-16,1.74877,5.41670,4.38945,183.049,2.51647,-9999,0.169246,0.519757,25.5989,0.785189E-01,-1.08464,0.833100E-01,0,-9999,-9999,-9999,-9999,-9999,-9999,-9999,-0.319490E-01,1.01281,-14.9737,1.02718,12.3265,1.26919,9.09258,1.26919,0.279790,1.26919,0.963184E-03,1.29990,0.235300E-03,1.29990,800000000,800000000,800000000,800000000,800001000,800101000,800010111,800010111,80001,80011,80,81,7,9,5,0,278,157,0,0,0.479772,0.467862,0.918789E-01,0.151011E-01,0.288294E-01,156.938,0.822718E-05,0.130475E-06,-0.130981E-01,0.909258E-02,0.279790,0.249699E-04,0.609999E-05,16.0000,0.00000,248.043,50.2712,12.6252,96511.2,1.37479,22.0000,96.5001,0.500139,2.14748,303.717,5323.08
CH-CHA_202005141900.csv,2020-05-14,21:30,135.8956,0,36000,36000,-0.484926E-01,0,0.603890E-02,-10.9117,0,1.16449,8.23433,0,4.11908,7.82772,0,1.08375,0.186897,0,0.934919E-01,-0.115189E-02,2,0.133989E-02,0.156157E-03,1,0.498267E-04,-0.674077E-01,0.131024,0.526899E-01,0.297389E-02,-0.311577E-04,-0.313363E-05,-0.997477E-10,-0.275425E-11,-0.452533E-12,-0.746301E-13,16.6199,425.780,430.846,0.200000,0,458.910,11.7567,11.8966,0.100000,0,0.754007E-01,1.93167,1.95465,5.30000,0,0.124348E-01,0.318564,0.322354,-0.750000,0,297.538,296.431,96559.5,1.12981,1012.01,0.256187E-01,0.121109E-01,0.826957E-02,1131.29,2848.40,0.731940E-02,39.7166,1717.11,281.941,-1.58085,0.219597E-02,0.790110E-01,1.58282,0.817938E-13,-0.600170E-14,1.58282,5.63013,6.18647,179.920,2.86127,-9999,0.207173,0.529307,69.3614,0.289786E-01,-1.32515,0.460649E-01,0,25.4518,-3.86240,8.73677,21.7558,33.1789,46.5339,69.7163,-0.479764E-01,1.01076,-10.2598,1.02246,7.17377,1.22513,6.76132,1.22513,0.162825,1.22513,-0.921752E-03,1.24967,0.124959E-03,1.24967,800000000,800000000,800000000,800000000,800001000,800001010,800010111,800010111,80011,80011,80,80,11,4,6,2,205,57,0,0,0.464996,0.523539,0.700807E-01,0.151297E-01,0.255499E-01,162.773,0.130893E-04,0.140660E-06,-0.897319E-02,0.676132E-02,0.162825,-0.238940E-04,0.323923E-05,16.0000,0.00000,248.050,50.3151,12.5889,96500.8,1.37441,22.0000,96.5004,0.500389,2.14748,303.705,5322.04
CH-CHA_202005141900.csv,2020-05-14,22:00,135.9165,0,36000,36000,-0.376985E-01,0,0.542217E-02,-11.1953,0,1.02450,24.9078,0,3.20460,8.33717,0,1.08909,0.565219,0,0.727202E-01,-0.379117E-02,1,0.178427E-02,0.275169E-03,0,0.406204E-04,-0.335899,-0.343421E-01,0.196803,-0.779308E-03,0.113055E-03,0.211978E-04,-0.575833E-10,-0.157413E-11,-0.259252E-12,-0.427614E-13,16.7787,429.528,434.631,0.250000,0,458.673,11.7418,11.8814,0.100000,0,0.755410E-01,1.93382,1.95680,7.90000,0,0.124598E-01,0.318967,0.322757,0.300000,0,297.316,296.212,96559.5,1.13066,1011.99,0.255996E-01,0.366262E-01,0.826528E-02,1129.86,2810.91,0.731016E-02,40.1957,1681.05,281.922,-1.28026,-0.275774,0.638072E-01,1.31118,-0.785176E-13,-0.343193E-14,1.31118,4.11822,359.850,192.156,2.78935,-9999,0.182598,0.425916,46.2871,0.434246E-01,-0.449470,0.535836E-01,0,-9999,-9999,-9999,-9999,-9999,-9999,-9999,-0.372820E-01,1.01117,-9.69338,1.02282,20.5319,1.23145,7.02381,1.23145,0.465919,1.23145,-0.302239E-02,1.25436,0.219369E-03,1.25436,800000000,800000000,800000000,800000000,800001010,800001110,800010111,800110111,80011,80011,80,80,1,4,1,5,292,179,0,0,0.507334,0.292580,0.519183E-01,0.114036E-01,0.360094E-01,149.638,0.291377E-04,0.127494E-06,-0.847163E-02,0.702381E-02,0.465919,-0.782882E-04,0.568226E-05,16.0000,0.00000,248.117,50.7299,12.5111,96500.5,1.37035,22.0000,96.5005,0.500528,2.14748,303.710,5322.91
CH-CHA_202005141900.csv,2020-05-14,22:30,135.9373,0,36000,36000,-0.474415E-01,0,0.654886E-02,-6.99971,0,0.953370,-7.58276,0,2.62945,4.67468,0,0.711148,-0.172089,0,0.596748E-01,-0.247854E-02,1,0.133393E-02,0.136121E-03,0,0.421184E-04,0.161615,0.540495E-02,-0.891288E-01,0.122664E-03,0.155159E-03,-0.101784E-04,-0.103049E-10,-0.282875E-12,-0.466499E-13,-0.767810E-14,16.7064,427.830,432.914,0.200000,0,458.600,11.7442,11.8838,9.85000,0,0.756294E-01,1.93678,1.95979,7.85000,0,0.124478E-01,0.318773,0.322562,0.450000,0,297.422,296.317,96559.5,1.13025,1012.00,0.256088E-01,-0.111514E-01,0.826398E-02,1130.09,2828.90,0.731161E-02,39.9480,1698.81,281.925,-1.33480,0.482027E-01,0.873156E-01,1.33852,-0.151876E-12,-0.616823E-15,1.33852,4.46781,11.7219,177.932,3.74022,-9999,0.204876,0.513586,104.569,0.192218E-01,0.923108,0.298699E-01,0,28.2683,-4.28982,9.70359,24.1633,36.8506,51.6835,77.4312,-0.469493E-01,1.01048,-7.24635,1.02128,-5.82168,1.21558,4.18984,1.21558,-0.132122,1.21558,-0.200328E-02,1.23724,0.110020E-03,1.23724,800000000,800000000,800000000,800000000,800001010,800101110,800110111,800110111,80011,80011,80,81,3,7,2,2,189,112,0,0,0.454924,0.519529,0.527180E-01,0.147599E-01,0.265390E-01,113.943,0.189434E-04,0.139822E-06,-0.633526E-02,0.418984E-02,-0.132122,-0.519090E-04,0.285085E-05,16.0000,0.00000,248.069,50.4342,12.5140,96495.9,1.37154,22.0000,96.5009,0.500861,2.14748,303.708,5319.70
CH-CHA_202005141900.csv,2020-05-14,23:00,135.9581,0,36000,36000,-0.469506E-01,0,0.573547E-02,-12.7273,0,1.37114,12.3192,0,2.74286,8.73623,0,1.18746,0.279578,0,0.622480E-01,0.144415E-02,1,0.118120E-02,0.318890E-03,0,0.645096E-04,-0.144015E-01,0.168573,0.769569E-01,0.382570E-02,0.984595E-04,-0.527912E-05,0.231718E-10,0.637842E-12,0.104641E-12,0.172008E-13,16.7638,429.296,434.429,0.150000,0,461.450,11.8171,11.9584,0.100000,0,0.757033E-01,1.93865,1.96183,0.600000,0,0.124440E-01,0.318673,0.322484,0.650000,0,297.420,296.308,96559.5,1.13026,1012.04,0.256085E-01,0.181167E-01,0.831532E-02,1137.07,2827.28,0.735701E-02,40.2179,1690.21,282.016,-1.45782,-0.169037,0.699979E-01,1.46926,0.443408E-13,0.138226E-14,1.46926,4.01221,1.32704,186.614,2.73070,-9999,0.203813,0.351382,56.6203,0.354997E-01,-1.03313,0.545923E-01,0,26.3798,-4.00323,9.05533,22.5490,34.3887,48.2307,72.2583,-0.464411E-01,1.01097,-11.8281,1.02272,10.5266,1.22904,7.52306,1.22904,0.238898,1.22904,0.115252E-02,1.25303,0.254495E-03,1.25303,800000000,800000000,800000000,800000000,800000000,800101000,800010111,800110111,80011,80011,80,80,15,15,6,2,180,132,0,0,0.403443,0.237305,0.620170E-01,0.153943E-01,0.255749E-01,99.2139,0.156663E-04,0.144783E-06,-0.103405E-01,0.752306E-02,0.238898,0.298661E-04,0.659491E-05,16.0000,0.00000,248.062,50.3899,12.5262,96437.2,1.37127,22.0000,96.5011,0.501111,2.14748,303.691,5317.31
CH-CHA_202005141900.csv,2020-05-14,23:30,135.9790,0,36000,36000,-0.274382E-01,1,0.500233E-02,-9.14383,0,1.05947,18.9484,0,4.02531,7.76463,0,1.24185,0.430004,0,0.913481E-01,-0.171843E-02,0,0.138059E-02,0.238850E-03,0,0.512481E-04,-0.789242E-01,-0.170127,0.135711,-0.386077E-02,-0.571442E-04,-0.192187E-05,0.266422E-10,0.724445E-12,0.119526E-12,0.196563E-13,16.8680,431.880,437.012,0.200000,0,458.669,11.7435,11.8831,0.150000,0,0.756757E-01,1.93756,1.96059,5.10000,0,0.124450E-01,0.318636,0.322423,0.250000,0,297.361,296.257,96559.5,1.13049,1011.99,0.256035E-01,0.278642E-01,0.826522E-02,1130.02,2818.50,0.731121E-02,40.0931,1688.48,281.924,-1.04697,-0.179790,0.686369E-01,1.06451,0.189240E-13,0.157945E-14,1.06451,4.40247,1.50981,189.744,3.69687,-9999,0.155792,0.361796,35.1977,0.571060E-01,-0.482566,0.513026E-01,0,-9999,-9999,-9999,-9999,-9999,-9999,-9999,-0.271181E-01,1.01180,-7.98796,1.02354,15.5409,1.24008,6.47915,1.24008,0.352676,1.24008,-0.136198E-02,1.26172,0.189305E-03,1.26172,800000000,800000000,800000000,800000000,800000110,800001110,800010111,800110111,80011,80011,80,80,6,3,2,6,306,135,0,0,0.425513,0.260072,0.380075E-01,0.191575E-01,0.414837E-01,300.181,0.203390E-04,0.148304E-06,-0.698220E-02,0.647915E-02,0.352676,-0.352843E-04,0.490425E-05,16.0000,0.00000,248.301,51.8823,12.5478,96420.1,1.37050,22.0000,96.5014,0.501417,2.14748,303.700,5317.40
CH-CHA_202005141900.csv,2020-05-15,00:00,136.0000,0,36000,36000,-0.104872E-01,1,0.277922E-02,-6.64871,0,1.12662,20.4273,0,7.51647,5.06417,0,1.21260,0.463621,0,0.170595,0.539516E-03,0,0.585487E-03,0.143802E-03,0,0.454470E-04,0.188938,-0.746535,0.556618E-01,-0.169435E-01,-0.704531E-04,0.571879E-05,-0.297692E-10,-0.785298E-12,-0.133136E-12,-0.219171E-13,16.9041,432.941,437.942,0.150000,0,445.922,11.4208,11.5527,0.00000,0,0.755995E-01,1.93622,1.95859,3.50000,0,0.124454E-01,0.318745,0.322428,0.500000,0,297.455,296.380,96559.5,1.13015,1011.82,0.256115E-01,0.300426E-01,0.803552E-02,1099.08,2839.63,0.711013E-02,38.7049,1740.56,281.514,-0.931452,0.159093E-01,0.554633E-01,0.933237,-0.462800E-13,-0.176106E-14,0.933237,3.25712,10.4041,179.021,3.40716,-9999,0.963298E-01,0.290660,11.4427,0.175658,-0.325482,0.603582E-01,0,-9999,-9999,-9999,-9999,-9999,-9999,-9999,-0.103280E-01,1.01541,-5.48766,1.03124,15.6034,1.31896,3.93929,1.31896,0.354137,1.31896,0.400945E-03,1.34561,0.106867E-03,1.34561,800000000,800000000,800000000,800000000,800000000,800101100,800110111,800110111,80001,80011,80,80,15,7,3,2,112,68,0,0,0.254684,0.295828,0.308068E-01,0.221445E-01,0.569352E-01,570.623,0.628787E-05,0.174523E-06,-0.479895E-02,0.393929E-02,0.354137,0.103870E-04,0.276855E-05,16.0000,0.00000,248.394,52.4655,12.6508,96433.5,1.37264,22.0000,96.5028,0.502806,2.14748,303.721,5317.29
CH-CHA_202005141900.csv,2020-05-15,00:30,136.0208,0,36000,36000,-0.519656E-01,0,0.362065E-02,-15.8687,0,2.12736,-12.6068,1,7.66536,12.9462,0,1.81708,-0.286128,1,0.173976,0.516918E-02,0,0.163571E-02,0.542787E-03,0,0.817883E-04,0.203388E-01,1.41900,-0.487180E-01,0.322062E-01,-0.402439E-04,-0.111448E-04,0.108796E-09,0.303069E-11,0.487414E-12,0.802176E-13,16.8638,432.012,437.275,0.100000,0,469.771,12.0344,12.1810,10.0000,0,0.755515E-01,1.93545,1.95903,8.80000,0,0.124341E-01,0.318533,0.322413,0.500000,0,297.526,296.393,96559.5,1.12984,1012.16,0.256177E-01,-0.185411E-01,0.846527E-02,1157.91,2841.84,0.749244E-02,40.7451,1683.93,282.285,-1.36058,0.543123E-01,0.642558E-01,1.36318,0.153735E-12,0.645141E-14,1.36318,4.41634,8.53682,177.714,2.70174,-9999,0.214461,0.481051,52.9097,0.379893E-01,1.25875,0.647034E-01,0,25.8711,-3.92604,8.88072,22.1142,33.7256,47.3007,70.8650,-0.513900E-01,1.01120,-16.1587,1.02301,-9.31601,1.23299,11.2400,1.23299,-0.211440,1.23299,0.411402E-02,1.25648,0.431990E-03,1.25648,800000000,800000000,800000000,800000000,800000000,800001000,800010111,800110111,80000,80011,80,81,32,15,4,1,170,34,0,0,0.369118,0.520892,0.720917E-01,0.235439E-01,0.318464E-01,284.767,0.127019E-04,0.146726E-06,-0.141300E-01,0.112400E-01,-0.211440,0.106671E-03,0.112009E-04,16.0000,0.00000,248.027,50.1705,12.6931,96441.4,1.37358,22.0000,96.5050,0.504972,2.14748,303.708,5316.90
CH-CHA_202005141900.csv,2020-05-15,01:00,136.0416,0,35989,35989,-0.254408E-01,0,0.367299E-02,-8.76276,0,0.851361,16.9885,0,6.47885,7.64886,0,1.28554,0.385506,0,0.147020,0.100601E-02,1,0.911791E-03,0.199290E-03,0,0.352501E-04,-0.292368,0.171845,0.146112E-01,0.389955E-02,-0.429735E-04,-0.656537E-05,0.600042E-10,0.168075E-11,0.268538E-12,0.441967E-13,16.8852,432.290,437.589,0.00000,0,472.963,12.1087,12.2571,0.150000,0,0.755665E-01,1.93464,1.95835,-0.900000,0,0.124369E-01,0.318408,0.322311,-0.250000,0,297.341,296.202,96559.5,1.13054,1012.19,0.256018E-01,0.249808E-01,0.852279E-02,1165.03,2809.24,0.753871E-02,41.4712,1644.22,282.376,-1.25803,-0.208616,0.692791E-01,1.27709,0.191193E-13,0.355366E-14,1.27709,3.79627,359.227,189.416,3.10969,-9999,0.150011,0.314844,32.7915,0.612964E-01,-0.515807,0.510469E-01,0,-9999,-9999,-9999,-9999,-9999,-9999,-9999,-0.251438E-01,1.01181,-7.71264,1.02419,13.9058,1.24570,6.35736,1.24570,0.315553,1.24570,0.792377E-03,1.26961,0.156969E-03,1.26961,800000000,800000000,800000000,800000000,800000100,800001100,800010111,800010111,80000,80001,80,80,18,10,1,0,119,71,0,0,0.319856,0.256921,0.529101E-01,0.914114E-02,0.340804E-01,560.331,0.984310E-05,0.122995E-06,-0.673991E-02,0.635736E-02,0.315553,0.205340E-04,0.406777E-05,16.0000,0.00000,248.123,50.7714,12.5506,96400.5,1.36954,22.0000,96.5055,0.505516,2.14748,303.689,5315.81
CH-CHA_202005150100.csv,2020-05-15,01:30,136.0624,0,36000,36000,-0.205499E-01,0,0.308019E-02,-8.66047,0,0.949988,28.9419,0,2.92555,6.17696,0,0.804078,0.656734,0,0.663849E-01,0.167240E-02,1,0.144146E-02,0.199250E-03,0,0.418648E-04,-0.554208E-01,0.389086,0.559398E-01,0.882892E-02,0.138982E-03,-0.104744E-05,-0.288753E-10,-0.818027E-12,-0.129085E-12,-0.212148E-13,16.9279,433.356,438.742,0.100000,0,479.563,12.2768,12.4294,0.200000,0,0.756750E-01,1.93728,1.96136,9.60000,0,0.124370E-01,0.318388,0.322345,0.500000,0,297.321,296.166,96559.5,1.13060,1012.29,0.256000E-01,0.425564E-01,0.864172E-02,1181.14,2803.08,0.764345E-02,42.1371,1621.95,282.580,-1.16859,-0.225990,0.677357E-01,1.19217,0.234698E-13,-0.170578E-14,1.19217,3.11162,357.771,190.945,3.25715,-9999,0.134818,0.240002,24.0852,0.834537E-01,-0.299236,0.561279E-01,0,-9999,-9999,-9999,-9999,-9999,-9999,-9999,-0.202989E-01,1.01236,-7.02012,1.02522,23.1764,1.25679,5.03339,1.25679,0.525905,1.25679,0.130561E-02,1.28094,0.155550E-03,1.28094,800000000,800000000,800000000,800000000,800000000,800000000,800010111,800110111,80011,80011,80,80,35,20,2,2,189,53,0,0,0.225596,0.204276,0.501317E-01,0.101402E-01,0.148897E-01,94.6093,0.150777E-04,0.130563E-06,-0.613381E-02,0.503339E-02,0.525905,0.338375E-04,0.403141E-05,16.0000,0.00000,248.001,50.0052,12.4663,96377.7,1.36848,22.0000,96.5024,0.502444,2.14748,303.705,5314.11
CH-CHA_202005150100.csv,2020-05-15,02:00,136.0833,0,36000,36000,-0.264735E-01,0,0.305626E-02,-9.28933,0,1.04033,27.5962,0,2.63379,7.47118,0,1.02628,0.626236,0,0.597681E-01,-0.147471E-01,0,0.148763E-01,0.153565E-03,0,0.651965E-04,0.969968E-01,-0.125814,0.130557,-0.285509E-02,0.168846E-02,0.240112E-04,-0.313030E-10,-0.877838E-12,-0.141449E-12,-0.229001E-13,17.0217,435.842,441.235,0.350000,0,477.345,12.2224,12.3737,0.200000,0,0.769161E-01,1.96944,1.99381,3.90000,0,0.124524E-01,0.318845,0.322791,0.950000,0,297.379,296.230,96559.5,1.13039,1012.26,0.256050E-01,0.405801E-01,0.860175E-02,1175.93,2813.85,0.760957E-02,41.7908,1637.92,282.515,-1.17800,-0.403977,0.659022E-01,1.24709,0.525133E-13,-0.183900E-14,1.24709,3.09136,348.607,198.929,3.02920,-9999,0.153036,0.224837,32.8424,0.612014E-01,-0.336617,0.530487E-01,0,-9999,-9999,-9999,-9999,-9999,-9999,-9999,-0.261675E-01,1.01170,-7.69629,1.02385,22.4038,1.24250,6.16963,1.24250,0.508406,1.24250,-0.116498E-01,1.26587,0.121312E-03,1.26587,800000000,800000000,800000000,800000000,800001000,800001010,800010111,800110111,80011,80011,80,80,6,8,2,0,131,32,0,0,0.185390,0.220259,0.440247E-01,0.159268E-01,0.271971E-01,108.450,0.176005E-02,0.264488E-06,-0.672610E-02,0.616963E-02,0.508406,-0.301971E-03,0.314449E-05,16.0000,0.00000,248.011,50.0687,12.5254,96369.2,1.37053,22.0000,96.5001,0.500056,2.14748,303.709,5314.17
CH-CHA_202005150100.csv,2020-05-15,02:30,136.1041,0,36000,36000,-0.271201E-01,0,0.229577E-02,-5.75888,0,0.510377,10.9499,0,2.55886,8.54280,0,0.761364,0.248405,0,0.580491E-01,0.908434E-02,0,0.832929E-02,0.267143E-03,0,0.504298E-04,-0.507914,0.176147,0.344599,0.399599E-02,0.348965E-02,0.431484E-04,0.880729E-10,0.244839E-11,0.405294E-12,0.636394E-13,17.2967,442.398,447.906,0.400000,0,480.840,12.2985,12.4516,0.100000,0,0.795959E-01,2.03583,2.06118,5.45000,0,0.124982E-01,0.319666,0.323646,0.600000,0,297.054,295.898,96559.5,1.13162,1012.29,0.255770E-01,0.160966E-01,0.866473E-02,1183.21,2757.98,0.765693E-02,42.9014,1574.77,282.606,-1.19481,-0.527992,0.898596E-01,1.30936,0.417156E-13,0.509190E-14,1.30936,2.68101,342.651,203.841,3.93524,-9999,0.154809,0.125444,54.8394,0.366525E-01,-0.525930,0.324741E-01,0,-9999,-9999,-9999,-9999,-9999,-9999,-9999,-0.268258E-01,1.01097,-5.08168,1.02235,9.11075,1.22667,7.11455,1.22667,0.206682,1.22667,0.727256E-02,1.24913,0.213864E-03,1.24913,800000000,800000000,800000000,800000000,800000100,800000110,800010111,800010111,80011,81011,80,80,0,14,3,0,67,67,0,0,0.122970,0.989128E-01,0.290053E-01,0.789298E-02,0.290426E-01,213.444,0.189925E-02,0.188397E-06,-0.443610E-02,0.711455E-02,0.206682,0.188318E-03,0.553787E-05,16.0000,0.00000,248.068,50.4250,12.3909,96343.0,1.36522,22.0000,96.5001,0.500056,2.14748,303.704,5313.07
CH-CHA_202005150100.csv,2020-05-15,03:00,136.1249,0,36000,36000,-0.281337E-01,0,0.254284E-02,-5.78025,0,0.433540,12.7918,0,2.68348,9.28751,0,1.06128,0.290149,0,0.608676E-01,0.177366E-01,0,0.660124E-02,0.263235E-03,0,0.361440E-04,-0.221938,0.923680,-0.150757,0.209513E-01,-0.158421E-02,-0.151714E-04,-0.161738E-10,-0.467219E-12,-0.738055E-13,-0.117524E-13,17.1908,439.531,445.183,0.350000,0,496.598,12.6969,12.8602,0.100000,0,0.784464E-01,2.00570,2.03149,8.65000,0,0.124914E-01,0.319378,0.323485,0.500000,0,296.946,295.754,96559.5,1.13200,1012.51,0.255678E-01,0.188016E-01,0.894869E-02,1221.39,2733.84,0.790518E-02,44.6767,1512.45,283.079,-1.39843,-0.545200,0.794014E-01,1.50305,-0.352872E-13,-0.940840E-15,1.50305,3.27066,346.477,201.299,3.02816,-9999,0.157648,0.189650,57.7022,0.348340E-01,-0.451871,0.319898E-01,0,-9999,-9999,-9999,-9999,-9999,-9999,-9999,-0.278313E-01,1.01086,-5.00874,1.02254,10.5989,1.22686,7.70554,1.22686,0.240408,1.22686,0.141789E-01,1.25091,0.210434E-03,1.25091,800000000,800000000,800000000,800000000,800000110,800000110,800010111,800010111,80011,80011,80,80,4,11,5,0,238,201,0,0,0.179185,0.163037,0.370782E-01,0.537412E-02,0.432574E-01,222.352,0.621981E-03,0.150039E-06,-0.437002E-02,0.770554E-02,0.240408,0.367166E-03,0.544926E-05,16.0000,0.00000,248.082,50.5139,12.2548,96372.2,1.36356,22.0000,96.5000,0.500028,2.14748,303.694,5313.84
CH-CHA_202005150100.csv,2020-05-15,03:30,136.1458,0,36000,36000,-0.492843E-01,0,0.450164E-02,-10.2485,0,0.964656,37.7652,0,3.19652,7.78141,0,1.00991,0.856710,0,0.725137E-01,-0.172014E-01,2,0.229866E-01,0.310982E-03,0,0.127813E-03,0.194853,-0.613768,-0.359014E-01,-0.139234E-01,0.668676E-03,-0.194416E-05,-0.531676E-10,-0.150617E-11,-0.244537E-12,-0.386890E-13,17.1582,438.848,444.372,0.250000,0,486.070,12.4320,12.5885,0.200000,0,0.789167E-01,2.01842,2.04383,10.0000,0,0.124857E-01,0.319341,0.323361,0.650000,0,297.049,295.881,96559.5,1.13163,1012.36,0.255766E-01,0.555148E-01,0.875898E-02,1196.01,2755.02,0.774014E-02,43.4120,1559.01,282.766,-1.67291,-0.762800,0.730475E-01,1.84006,0.105567E-13,-0.309868E-14,1.84006,4.36524,343.236,204.512,2.27515,-9999,0.208690,0.290274,75.4919,0.266254E-01,-0.271374,0.428664E-01,0,28.5563,-4.33353,9.80245,24.4095,37.2260,52.2100,78.2201,-0.487665E-01,1.01062,-8.10869,1.02257,31.0329,1.22274,6.48183,1.22274,0.703986,1.22274,-0.137706E-01,1.24914,0.248957E-03,1.24914,800001000,800000000,800000000,800000000,800001100,800001100,800010111,800010111,80011,81011,80,80,8,7,7,0,437,298,0,0,0.285137,0.242080,0.533304E-01,0.180057E-01,0.112167,282.679,0.622829E-02,0.421905E-06,-0.707799E-02,0.648183E-02,0.703986,-0.356623E-03,0.644734E-05,16.0000,0.00000,248.052,50.3266,12.1463,96360.9,1.36405,22.0000,96.5001,0.500111,2.14748,303.685,5313.27
CH-CHA_202005150100.csv,2020-05-15,04:00,136.1666,0,36000,36000,-0.405556E-01,0,0.456720E-02,-8.34651,0,0.690212,27.3530,0,2.62771,8.51799,0,0.784069,0.620519,0,0.596112E-01,-0.192503E-01,1,0.110996E-01,0.168625E-03,1,0.481250E-04,0.299329E-01,-0.724943E-01,0.673755E-03,-0.164458E-02,-0.189668E-02,-0.890976E-05,0.144598E-09,0.408585E-11,0.653150E-12,0.105162E-12,17.1577,438.861,444.371,0.300000,0,484.819,12.4007,12.5564,0.100000,0,0.775015E-01,1.98234,2.00723,-1.00000,0,0.124783E-01,0.319171,0.323179,0.700000,0,297.065,295.900,96559.5,1.13157,1012.35,0.255780E-01,0.402097E-01,0.873644E-02,1193.01,2758.29,0.772065E-02,43.2519,1565.28,282.729,-1.43772,-0.693669,0.738075E-01,1.59802,-0.162345E-14,0.842758E-14,1.59802,3.78964,342.639,205.756,2.64725,-9999,0.189315,0.279269,69.1993,0.290465E-01,-0.305141,0.384866E-01,0,-9999,-9999,-9999,-9999,-9999,-9999,-9999,-0.401298E-01,1.01061,-6.77909,1.02216,22.5395,1.22191,7.09476,1.22191,0.511323,1.22191,-0.154467E-01,1.24625,0.135306E-03,1.24625,800000000,800000000,800000000,800000000,800001110,800001110,800010111,800010111,80011,80011,80,81,3,4,0,1,203,139,0,0,0.356125,0.158005,0.444074E-01,0.107926E-01,0.603307E-01,167.168,0.133304E-02,0.179121E-06,-0.591781E-02,0.709476E-02,0.511323,-0.400038E-03,0.350416E-05,16.0000,0.00000,248.029,50.1818,12.2496,96354.8,1.36660,22.0000,96.5001,0.500111,2.14748,303.686,5312.76
CH-CHA_202005150100.csv,2020-05-15,04:30,136.1874,0,36000,36000,-0.593819E-01,0,0.492289E-02,-10.7709,0,0.693300,43.7033,0,3.87629,6.52264,0,0.956511,0.991298,0,0.879239E-01,-0.256420E-01,1,0.196578E-01,0.294922E-03,0,0.543231E-04,-0.218883,0.203481,0.308682E-01,0.461546E-02,0.160698E-02,0.905809E-05,0.155687E-09,0.442440E-11,0.713124E-12,0.113136E-12,17.1885,439.448,445.005,0.100000,0,488.473,12.4885,12.6464,0.150000,0,0.787320E-01,2.01289,2.03835,9.85000,0,0.124907E-01,0.319343,0.323382,0.500000,0,296.930,295.758,96559.5,1.13208,1012.39,0.255664E-01,0.642361E-01,0.880228E-02,1201.42,2734.52,0.777533E-02,43.9355,1533.09,282.834,-1.79511,-0.786668,0.964089E-01,1.96229,0.783607E-13,0.905761E-14,1.96229,4.58004,343.928,203.664,2.81613,-9999,0.229028,0.359220,94.9447,0.211702E-01,-0.246455,0.410335E-01,0,27.8229,-4.22223,9.55071,23.7826,36.2700,50.8692,76.2113,-0.587652E-01,1.01049,-8.31509,1.02247,35.9387,1.21996,5.43856,1.21996,0.815180,1.21996,-0.205627E-01,1.24702,0.236502E-03,1.24702,800001100,800000000,800000000,800000000,800001100,800001110,800010111,800010111,80011,81011,80,80,5,17,3,0,628,412,2,0,0.333218,0.316673,0.685483E-01,0.668264E-02,0.150617,382.281,0.277873E-02,0.176386E-06,-0.725508E-02,0.543856E-02,0.815180,-0.532338E-03,0.612269E-05,16.0000,0.00000,248.062,50.3887,12.0823,96383.1,1.36293,22.0000,96.5003,0.500306,2.14748,303.693,5312.41
CH-CHA_202005150100.csv,2020-05-15,05:00,136.2083,1,36000,36000,-0.474000E-01,0,0.422440E-02,-7.72858,0,0.921081,47.2349,0,3.07700,5.94318,0,0.772577,1.07121,0,0.697813E-01,0.300312E-01,1,0.190186E-01,0.273971E-03,0,0.668306E-04,-0.286132,-0.310657,0.488360E-01,-0.704520E-02,0.124480E-02,0.445745E-05,0.794046E-10,0.222767E-11,0.367213E-12,0.575964E-13,17.2364,440.376,445.884,0.150000,0,483.561,12.3546,12.5092,0.200000,0,0.797109E-01,2.03655,2.06203,9.60000,0,0.125025E-01,0.319428,0.323424,0.550000,0,296.731,295.571,96559.5,1.13285,1012.31,0.255492E-01,0.694144E-01,0.871377E-02,1188.59,2703.76,0.769192E-02,43.9608,1515.17,282.674,-1.57301,-0.884618,0.838214E-01,1.80663,0.411521E-13,0.460681E-14,1.80663,3.94250,338.077,209.352,2.65927,-9999,0.204552,0.277099,94.2658,0.213227E-01,-0.163620,0.329466E-01,0,26.9002,-4.08221,9.23398,22.9939,35.0672,49.1822,73.6839,-0.469168E-01,1.01030,-5.15638,1.02181,38.7740,1.21575,4.82516,1.21575,0.879331,1.21575,0.241973E-01,1.24110,0.220749E-03,1.24110,800001000,800000000,800000000,800000000,800001100,800001100,800010111,800010111,80011,80011,80,80,2,27,6,0,387,224,0,0,0.282686,0.212023,0.594897E-01,0.167585E-01,0.100847,241.242,0.333468E-02,0.167662E-06,-0.449633E-02,0.482516E-02,0.879331,0.625928E-03,0.571026E-05,16.0000,0.00000,248.106,50.6645,11.9956,96403.1,1.36089,22.0000,96.5005,0.500500,2.14748,303.689,5313.17
CH-CHA_202005150100.csv,2020-05-15,05:30,136.2291,1,36000,36000,-0.464332E-01,0,0.420264E-02,-8.73412,0,0.696539,39.4682,0,2.74347,6.81573,0,0.749985,0.894895,0,0.622050E-01,0.270159E-01,1,0.159741E-01,0.270703E-03,0,0.512337E-04,-0.317474,-0.476154,0.429087E-01,-0.107962E-01,0.263430E-02,0.521595E-05,-0.132442E-09,-0.364721E-11,-0.626373E-12,-0.959195E-13,17.2815,441.191,446.617,0.350000,0,475.901,12.1496,12.2990,0.300000,0,0.817312E-01,2.08657,2.11224,0.600000,0,0.125159E-01,0.319527,0.323457,0.600000,0,296.504,295.365,96559.5,1.13373,1012.19,0.255297E-01,0.579892E-01,0.857573E-02,1168.95,2670.02,0.756419E-02,43.7805,1501.07,282.426,-1.47469,-0.955244,0.899585E-01,1.75934,-0.496029E-13,-0.766381E-14,1.75934,4.59191,334.635,212.934,2.93092,-9999,0.202376,0.274666,80.7770,0.248833E-01,-0.221295,0.376086E-01,0,27.2054,-4.12852,9.33872,23.2547,35.4649,49.7401,74.5197,-0.459523E-01,1.01047,-6.54295,1.02211,32.4204,1.21933,5.63232,1.21933,0.735094,1.21933,0.217048E-01,1.24469,0.217486E-03,1.24469,800000000,800000000,800000000,800000000,800001100,800001100,800010111,800010111,81101,81111,80,80,3,22,3,0,290,247,0,0,0.254736,0.237984,0.566121E-01,0.641018E-02,0.111861,248.143,0.320260E-02,0.167656E-06,-0.570166E-02,0.563232E-02,0.735094,0.560908E-03,0.562039E-05,16.0000,0.00000,248.177,51.1035,11.9046,96460.0,1.35947,22.0000,96.5005,0.500500,2.14748,303.696,5315.76
CH-CHA_202005150100.csv,2020-05-15,06:00,136.2499,1,36000,36000,-0.599682E-01,0,0.545589E-02,-16.3700,0,0.816659,142.567,1,36.0316,-12.5036,1,5.52633,3.23330,1,0.817163,0.366811E-01,1,0.178193E-01,0.242088E-03,0,0.699499E-04,0.366364,-6.09880,0.555223,-0.138315,-0.268818E-02,0.358273E-04,0.948314E-10,0.199918E-11,0.427314E-12,0.672204E-13,17.6948,451.733,456.077,10.0000,0,373.033,9.52319,9.61475,0.250000,0,0.797337E-01,2.03553,2.05510,0.650000,0,0.125428E-01,0.320207,0.323286,0.600000,0,296.497,295.603,96559.5,1.13393,1010.76,0.255291E-01,0.209518,0.672205E-02,917.020,2709.35,0.592811E-02,33.8465,1792.33,278.873,-1.82478,-1.08810,0.854500E-01,2.12628,-0.899012E-13,0.535927E-14,2.12628,4.80211,336.558,210.807,2.30320,-9999,0.229968,0.415120,63.2114,0.317981E-01,-0.114823,0.621077E-01,0,27.1147,-4.11476,9.30761,23.1773,35.3468,49.5744,74.2714,-0.593350E-01,1.01067,-8.77519,1.02307,116.103,1.22312,-10.7145,1.22312,2.63312,1.22312,0.293011E-01,1.25187,0.193381E-03,1.25187,800001000,800000000,800000000,800000000,800001000,800001000,800010111,800010111,81011,81011,80,80,4,28,4,0,626,234,0,0,0.371309,0.385217,0.737137E-01,0.977205E-02,0.655431,7791.21,0.484570E-02,0.197914E-06,-0.765637E-02,-0.107145E-01,2.63312,0.755204E-03,0.498418E-05,16.0000,0.00000,248.755,54.7163,11.7878,96499.2,1.35252,22.0000,96.5012,0.501194,2.14748,303.694,5319.26
CH-CHA_202005150100.csv,2020-05-15,06:30,136.2707,1,36000,36000,-0.675190E-01,0,0.507059E-02,-11.9458,0,0.702185,60.0578,0,4.22713,3.61218,0,1.01151,1.36162,0,0.958368E-01,0.323448E-01,0,0.127549E-01,0.300789E-03,0,0.700065E-04,-0.506072,4.61110,-0.864525,0.104542,-0.164659E-02,-0.428362E-04,0.115647E-09,0.305701E-11,0.532451E-12,0.848495E-13,17.0604,435.325,440.393,6.25000,0,450.973,11.5073,11.6413,0.300000,0,0.785477E-01,2.00428,2.02761,0.650000,0,0.125171E-01,0.319394,0.323113,0.650000,0,296.353,295.274,96559.5,1.13435,1011.84,0.255167E-01,0.882331E-01,0.812653E-02,1107.38,2655.41,0.716406E-02,41.7028,1548.03,281.625,-1.93750,-1.11838,0.867596E-01,2.23879,0.678584E-13,0.677870E-14,2.23879,5.54309,337.255,209.995,2.22093,-9999,0.243972,0.354637,103.462,0.194274E-01,-0.198905,0.426598E-01,0,28.6362,-4.34566,9.82990,24.4778,37.3302,52.3562,78.4391,-0.668080E-01,1.01064,-8.63565,1.02314,49.1606,1.22192,2.96487,1.22192,1.11456,1.22192,0.258467E-01,1.25141,0.240360E-03,1.25141,800001100,800000000,800000000,800000000,800001100,800001100,800010111,800010111,81011,81111,80,80,11,24,1,0,872,728,0,0,0.398966,0.237928,0.723793E-01,0.844532E-02,0.313206,631.065,0.173198E-02,0.180260E-06,-0.752381E-02,0.296487E-02,1.11456,0.667173E-03,0.620435E-05,16.0000,0.00000,248.138,50.8616,11.7297,96503.1,1.35704,22.0000,96.5011,0.501083,2.14748,303.679,5320.60
CH-CHA_202005150100.csv,2020-05-15,07:00,136.2916,1,35988,35988,-0.881306E-01,0,0.600069E-02,-11.0291,0,0.423887,53.8570,0,4.52206,6.76712,0,2.23666,1.22105,0,0.102524,-0.165790E-01,0,0.125989E-01,-0.173290E-03,0,0.561498E-04,0.140978E-01,-0.215311,-0.206405E-02,-0.488155E-02,0.253233E-02,0.138512E-05,-0.494657E-10,-0.129716E-11,-0.233227E-12,-0.362988E-13,17.0589,435.286,440.312,5.40000,0,447.341,11.4147,11.5465,0.350000,0,0.804311E-01,2.05234,2.07604,2.45000,0,0.125181E-01,0.319421,0.323109,7.80000,0,296.353,295.283,96559.5,1.13435,1011.79,0.255167E-01,0.791239E-01,0.806109E-02,1098.50,2656.90,0.710634E-02,41.3450,1558.41,281.506,-1.97785,-1.51253,0.955210E-01,2.49174,-0.255427E-14,-0.289971E-14,2.49174,5.45382,329.874,217.406,2.19698,-9999,0.278734,0.434273,167.109,0.120281E-01,-0.204785,0.344758E-01,0,28.2769,-4.29113,9.70655,24.1707,36.8618,51.6992,77.4549,-0.872005E-01,1.01067,-8.04738,1.02348,44.1425,1.22074,5.56434,1.22074,1.00080,1.22074,-0.132417E-01,1.25203,-0.138407E-03,1.25203,800001100,800010000,800000000,800001000,800001000,800001100,800010111,800010111,81011,81011,80,80,2,27,3,5,820,724,0,0,0.496178,0.274863,0.975043E-01,0.317273E-02,1.35724,1954.50,0.173907E-02,0.154050E-06,-0.701159E-02,0.556434E-02,1.00080,-0.341774E-03,-0.357234E-05,16.0000,0.00000,248.384,52.4003,11.8151,96560.1,1.35839,22.0000,96.5024,0.502390,2.14748,303.689,5320.37
CH-CHA_202005150700.csv,2020-05-15,07:30,136.3124,1,36000,36000,-0.694307E-01,0,0.603062E-02,-8.00479,0,0.685186,21.5490,0,10.9407,5.85794,0,1.90729,0.488578,0,0.248056,-0.145764E-01,2,0.113211E-01,-0.110725E-03,2,0.636470E-04,0.596005E-01,-0.516988,0.100232,-0.117216E-01,-0.316727E-02,0.119465E-04,0.259375E-11,0.664009E-13,0.118194E-13,0.189640E-14,17.1324,437.189,442.137,-0.300000,0,438.595,11.1922,11.3189,0.200000,0,0.780704E-01,1.99222,2.01477,8.25000,0,0.125262E-01,0.319647,0.323265,8.35000,0,296.372,295.322,96559.5,1.13430,1011.67,0.255183E-01,0.316598E-01,0.790349E-02,1077.16,2663.21,0.696774E-02,40.4460,1586.05,281.218,-1.73237,-0.769909,0.106651,1.89874,0.241419E-13,0.151395E-15,1.89874,4.77260,342.976,203.962,3.21995,-9999,0.247407,0.333919,161.007,0.124840E-01,-0.371470,0.281950E-01,0,29.0146,-4.40307,9.95977,24.8012,37.8234,53.0479,79.4754,-0.687305E-01,1.01019,-6.73806,1.02170,17.9373,1.21342,4.98567,1.21342,0.406690,1.21342,-0.117626E-01,1.23922,-0.893507E-04,1.23922,800000000,800010000,800000000,800000000,800001000,800001010,800010111,800010111,80110,80110,80,80,9,9,2,1,298,297,0,0,0.366613,0.229196,0.720293E-01,0.438936E-02,0.192427,2554.00,0.983441E-03,0.168107E-06,-0.587179E-02,0.498567E-02,0.406690,-0.303547E-03,-0.230580E-05,16.0000,0.00000,248.305,51.9087,11.8246,96599.9,1.35784,22.0000,96.5038,0.503833,2.14748,303.701,5322.27
CH-CHA_202005150700.csv,2020-05-15,08:00,136.3332,1,36000,36000,-0.538593E-01,0,0.443575E-02,-1.70643,0,0.563423,-28.7342,1,15.9378,8.03968,1,2.82338,-0.651714,1,0.361482,0.121440E-01,1,0.146489E-01,0.213944E-03,0,0.467686E-04,0.549138,-7.90893,1.17530,-0.179381,0.250354E-03,0.607471E-04,0.985974E-10,0.167090E-11,0.428503E-12,0.688360E-13,18.0043,459.499,463.106,8.15000,0,305.113,7.78700,7.84812,9.95000,0,0.782462E-01,1.99698,2.01265,0.600000,0,0.125697E-01,0.320801,0.323318,0.550000,0,296.411,295.680,96559.5,1.13437,1009.82,0.255217E-01,-0.422311E-01,0.549814E-02,750.252,2722.15,0.484686E-02,27.5610,1971.90,276.010,-1.80237,-0.576270,0.978000E-01,1.89478,0.171510E-12,0.547634E-14,1.89478,4.17225,348.734,197.731,2.95866,-9999,0.217898,0.375947,515.687,0.389771E-02,0.593865E-01,0.683654E-02,0,27.6239,-4.19203,9.48238,23.6125,36.0105,50.5053,75.6661,-0.533241E-01,1.01004,-3.14493,1.02136,-23.5039,1.21015,6.96540,1.21015,-0.533087,1.21015,0.982891E-02,1.23554,0.173159E-03,1.23554,800000000,800010000,800000000,800000000,800001000,800001000,800010111,800010111,80001,81011,80,81,2,10,2,1,260,83,0,0,0.313639,0.375084,0.631711E-01,0.631922E-02,0.216307,1980.76,0.209670E-02,0.173206E-06,-0.274545E-02,0.696540E-02,-0.533087,0.252815E-03,0.445391E-05,16.0000,0.00000,248.968,56.0486,11.9161,96623.1,1.35350,22.0000,96.5044,0.504389,2.14748,303.693,5324.81
CH-CHA_202005150700.csv,2020-05-15,08:30,136.3541,1,36000,36000,-0.704757E-01,0,0.533551E-02,-8.94087,0,2.29165,102.662,1,64.6986,-30.7006,1,17.0932,2.32843,1,1.46740,-0.254570E-01,1,0.130616E-01,0.189617E-03,0,0.505295E-04,-0.115918E-01,-6.49909,1.71141,-0.147403,0.957140E-03,0.582604E-04,-0.816192E-10,-0.828105E-12,-0.334324E-12,-0.534064E-13,19.2936,491.958,494.425,5.90000,0,195.753,4.99138,5.01642,3.40000,0,0.790295E-01,2.01513,2.02524,8.80000,0,0.126245E-01,0.321906,0.323520,0.600000,0,296.141,295.673,96559.5,1.13560,1008.30,0.254984E-01,0.150882,0.352746E-02,481.331,2721.08,0.310627E-02,17.6890,2239.74,269.910,-1.95579,-1.08086,0.969736E-01,2.23669,0.859633E-13,-0.423037E-14,2.23669,5.30175,339.041,208.927,2.48489,-9999,0.249120,0.415286,147.016,0.136720E-01,-0.870905E-01,0.313443E-01,0,28.4746,-4.32113,9.77442,24.3397,37.1195,52.0607,77.9964,-0.697629E-01,1.01022,-3.50001,1.02222,84.3837,1.21324,-25.8274,1.21324,1.91387,1.21324,-0.205032E-01,1.24161,0.152718E-03,1.24161,800000000,800010000,800000000,800000100,800000000,800011000,800010111,800010111,81111,81111,80,80,1,7,0,4,263,80,0,0,0.442058,0.311972,0.765413E-01,0.994323E-01,4.64290,30280.0,0.160381E-02,0.172617E-06,-0.305672E-02,-0.258274E-01,1.91387,-0.525419E-03,0.391359E-05,16.0000,0.00000,250.609,66.3080,11.7599,96696.4,1.34590,22.0000,96.5009,0.500861,2.14748,303.690,5326.66
CH-CHA_202005150700.csv,2020-05-15,09:00,136.3749,1,36000,36000,-0.520403E-01,0,0.470029E-02,-5.68620,1,2.76856,-9999,-9999,-9999,-48.9549,1,17.6881,-9999,-9999,-9999,0.212133E-01,1,0.122439E-01,0.157763E-03,0,0.489367E-04,-0.967482,-9999,2.91046,-9999,0.177566E-02,0.104800E-03,0.675145E-11,-9999,0.252884E-13,0.399797E-14,21.5303,546.952,546.952,8.35000,0,-9999,-9999,-9999,-9999,0,0.806445E-01,2.04868,2.04868,0.550000,0,0.127495E-01,0.323886,0.323886,-0.100000,0,295.042,295.042,96559.5,1.14017,1005.60,0.254038E-01,-9999,-9999,-9999,2618.78,-9999,-9999,-9999,-9999,-2.03409,-1.19585,0.775475E-01,2.36085,0.527758E-13,0.313579E-15,2.36085,5.81861,336.568,210.451,1.88235,-9999,0.213642,0.414894,145.683,0.137971E-01,-9999,0.232136E-01,0,24.6383,-3.73895,8.45752,21.0604,32.1185,45.0466,67.4881,-0.514867E-01,1.01075,-5.55553,1.02352,-9999,-9999,-39.7205,1.22337,-9999,-9999,0.169163E-01,1.25401,0.125806E-03,1.25401,800001000,800010000,800000000,800000100,800000100,800000100,800010111,800010111,80100,80100,80,80,16,15,4,0,463,131,0,0,0.475000,0.273958,0.808296E-01,0.932777E-01,5.73653,-9999,0.161877E-02,0.160182E-06,-0.484542E-02,-0.397205E-01,-9999,0.429740E-03,0.319596E-05,16.0000,0.00000,251.125,69.5340,11.6714,96727.0,1.34669,22.0000,96.5001,0.500056,2.14748,303.686,5327.59
CH-CHA_202005150700.csv,2020-05-15,09:30,136.3957,1,36000,36000,-0.850633E-01,0,0.676086E-02,9.79709,0,11.6143,-9999,-9999,-9999,12.9802,1,18.0979,-9999,-9999,-9999,-0.153201E-01,1,0.148989E-01,0.226054E-03,0,0.500410E-04,-2.50876,-9999,0.552162,-9999,-0.276833E-03,0.511177E-05,0.619933E-10,-9999,0.227302E-12,0.360375E-13,22.0602,557.328,557.328,10.0000,0,-9999,-9999,-9999,-9999,0,0.808853E-01,2.04348,2.04348,3.35000,0,0.128239E-01,0.323982,0.323982,0.650000,0,293.417,293.417,96559.5,1.14648,1005.56,0.252639E-01,-9999,-9999,-9999,2370.04,-9999,-9999,-9999,-9999,-2.16077,-1.14110,0.113551,2.44621,-0.825124E-13,0.281018E-14,2.44621,5.41467,339.027,207.838,2.66058,-9999,0.272388,0.515752,-175.235,-0.114703E-01,-9999,-0.311986E-01,0,27.0021,-4.09767,9.26895,23.0810,35.2000,49.3684,73.9629,-0.841569E-01,1.01077,9.58549,1.02208,-9999,-9999,10.4373,1.18242,-9999,-9999,-0.127120E-01,1.20517,0.187570E-03,1.20517,800001000,800000100,800000000,800000100,800000100,800000100,800010111,800010111,81111,81111,80,80,4,9,4,2,396,28,0,0,0.465212,0.461795,0.104498,1.11527,7.72105,-9999,0.161652E-02,0.157105E-06,0.831456E-02,0.104373E-01,-9999,-0.321155E-03,0.473876E-05,16.0000,0.00000,253.121,82.0068,11.7095,96805.1,1.34468,22.0000,96.5000,0.500000,2.14748,303.681,5327.78
CH-CHA_202005150700.csv,2020-05-15,10:00,136.4165,1,36000,36000,-0.749230E-01,0,0.537372E-02,4.89420,1,2.64910,-9999,-9999,-9999,27.6211,2,38.2002,-9999,-9999,-9999,0.492232E-01,1,0.152721E-01,0.283060E-03,1,0.709235E-04,-5.25751,-9999,3.95698,-9999,0.364150E-03,-0.189968E-05,0.802995E-10,-9999,0.260978E-12,0.412356E-13,25.2596,630.831,630.831,0.350000,0,-9999,-9999,-9999,-9999,0,0.820952E-01,2.05024,2.05024,0.650000,0,0.129714E-01,0.323947,0.323947,0.900000,0,290.050,290.050,96559.5,1.15979,1005.48,0.249740E-01,-9999,-9999,-9999,1919.57,-9999,-9999,-9999,-9999,-2.06861,-1.28923,0.976808E-01,2.43943,0.468510E-13,0.317897E-14,2.43943,4.70380,334.931,211.933,2.29488,-9999,0.254166,0.419562,-284.964,-0.705351E-02,-9999,-0.165125E-01,0,27.0835,-4.11003,9.29690,23.1506,35.3061,49.5173,74.1860,-0.741249E-01,1.01077,4.78859,1.02205,-9999,-9999,23.0522,1.18234,-9999,-9999,0.408476E-01,1.20504,0.234896E-03,1.20504,800000000,800000100,800000000,800001100,800000100,800000110,800010111,800010111,80111,80111,80,80,2,15,5,1,324,156,0,0,0.405644,0.343177,0.903019E-01,0.232268,27.4844,-9999,0.174435E-02,0.150650E-06,0.410635E-02,0.230522E-01,-9999,0.102013E-02,0.586628E-05,16.0000,0.00000,251.886,74.2906,11.7435,96858.5,1.34721,22.0000,96.5001,0.500111,2.14748,303.686,5327.96
CH-CHA_202005150700.csv,2020-05-15,10:30,136.4374,1,36000,36000,-0.630062E-01,0,0.555419E-02,23.8536,1,6.21974,-99.6257,2,51.8295,12.1706,1,8.50195,-2.24806,2,1.16953,-0.499576E-02,1,0.393379E-02,0.210426E-03,0,0.377434E-04,0.523057,-9999,-9.13771,-9999,-0.466280E-02,-0.112577E-03,0.832632E-10,0.909198E-12,0.354905E-12,0.581780E-13,18.3936,460.625,462.954,8.00000,0,200.850,5.02982,5.05525,9.10000,0,0.784016E-01,1.96339,1.97331,4.85000,0,0.128520E-01,0.321850,0.323477,0.900000,0,290.848,290.385,96559.5,1.15626,1008.19,0.250427E-01,-0.145674,0.361931E-02,485.032,1960.66,0.313020E-02,24.7382,1475.63,270.013,-2.09894,-0.738569,0.797785E-01,2.22652,0.123485E-13,0.452676E-14,2.22652,5.03882,347.659,199.386,2.05341,-9999,0.233434,0.432498,-45.3320,-0.443396E-01,-0.239432,-0.876585E-01,0,26.1951,-3.97521,8.99194,22.3912,34.1480,47.8931,71.7525,-0.623401E-01,1.01069,18.2415,1.02144,-84.5368,1.17999,10.0920,1.17999,-1.90758,1.17999,-0.415865E-02,1.20129,0.175167E-03,1.20129,800001000,800000000,800000000,800000000,800000010,800000010,800010111,800010111,80010,80011,80,81,8,14,2,0,550,170,0,0,0.471856,0.310345,0.827947E-01,0.327089,0.988283,16487.1,0.209497E-03,0.121911E-06,0.156482E-01,0.100920E-01,-1.90758,-0.104670E-03,0.440880E-05,16.0000,0.00000,249.780,61.1273,11.9047,96911.6,1.34928,22.0000,96.5001,0.500111,2.14748,303.693,5334.45
CH-CHA_202005150700.csv,2020-05-15,11:00,136.4582,1,36000,36000,-0.308174E-01,0,0.441492E-02,4.68147,0,1.08316,-18.1444,1,36.6695,3.52266,1,4.51520,-0.409316,1,0.827220,-0.687384E-03,1,0.726544E-03,0.162436E-03,0,0.365489E-04,-0.446266,11.8886,-1.84069,0.268193,-0.876154E-03,-0.932213E-04,-0.324993E-10,-0.764490E-12,-0.148429E-12,-0.244030E-13,17.0134,426.318,430.637,4.75000,0,400.211,10.0284,10.1300,6.50000,0,0.777028E-01,1.94706,1.96678,-1.00000,0,0.127750E-01,0.320112,0.323355,0.600000,0,291.023,290.099,96559.5,1.15522,1010.90,0.250578E-01,-0.265237E-01,0.721181E-02,965.514,1925.27,0.624279E-02,50.1496,959.753,279.619,-1.65499,-0.164390,0.561471E-01,1.66408,-0.287085E-13,-0.191022E-14,1.66408,4.38747,3.73465,185.673,1.93356,-9999,0.163330,0.526122,-79.1827,-0.253843E-01,-0.258012,-0.245438E-01,0,-9999,-9999,-9999,-9999,-9999,-9999,-9999,-0.304853E-01,1.01089,3.65501,1.02020,-15.5003,1.17469,2.94676,1.17469,-0.349669,1.17469,-0.576490E-03,1.19236,0.136230E-03,1.19236,800001000,800010000,800000000,800000000,800001010,800001110,800010111,800110111,80100,80111,80,80,7,0,1,20,369,108,0,0,0.425491,0.551176,0.755760E-01,0.163690E-01,0.236928,6485.42,0.576020E-05,0.120148E-06,0.312978E-02,0.294676E-02,-0.349669,-0.145914E-04,0.344811E-05,16.0000,0.00000,248.340,52.1276,12.2877,96967.4,1.36088,22.0000,96.5008,0.500778,2.14748,303.677,5337.81
CH-CHA_202005150700.csv,2020-05-15,11:30,136.4790,1,36000,36000,-0.387844E-01,0,0.511370E-02,-1.41819,2,1.16587,48.2594,0,4.62507,-5.66041,0,0.543584,1.08943,0,0.104408,0.114496E-02,1,0.118384E-02,0.142734E-03,0,0.296753E-04,1.11900,4.22974,-0.471096,0.954840E-01,-0.104223E-03,-0.333577E-04,-0.542267E-10,-0.153434E-11,-0.252633E-12,-0.414955E-13,16.6115,417.511,422.502,0.350000,0,470.020,11.8134,11.9547,0.100000,0,0.773899E-01,1.94511,1.96836,7.00000,0,0.127115E-01,0.319489,0.323308,0.100000,0,291.907,290.817,96559.5,1.15160,1011.90,0.251339E-01,0.705950E-01,0.846976E-02,1136.73,2014.43,0.735476E-02,56.4290,877.708,282.012,-1.46082,-0.471085,0.670440E-01,1.53636,-0.153666E-12,-0.326442E-14,1.53636,4.14354,351.004,197.874,2.50108,-9999,0.183517,0.413872,370.896,0.541931E-02,-0.293869E-01,0.663160E-02,0,-9999,-9999,-9999,-9999,-9999,-9999,-9999,-0.383599E-01,1.01107,1.10831,1.02003,40.7060,1.17375,-5.14943,1.17375,0.918914,1.17375,0.961650E-03,1.19062,0.119882E-03,1.19062,800001000,800010000,800000000,800000000,800001010,800001010,800010111,800110111,80001,80001,80,81,3,0,4,6,382,66,0,0,0.399390,0.376405,0.519494E-01,0.918885E-01,0.330991E-01,263.015,0.273843E-04,0.114524E-06,0.951091E-03,-0.514943E-02,0.918914,0.244580E-04,0.304900E-05,16.0000,0.00000,248.013,50.0826,12.8555,97002.1,1.37176,22.0000,96.5005,0.500500,2.14748,303.688,5338.28
CH-CHA_202005150700.csv,2020-05-15,12:00,136.4999,1,36000,36000,-0.772397E-01,0,0.126542E-01,18.2749,1,4.49150,93.2251,0,8.72334,-16.3702,0,1.71851,2.10644,0,0.197106,0.680892E-02,1,0.174692E-02,0.356962E-03,0,0.582473E-04,1.48416,0.278178,-0.181610,0.628548E-02,-0.439198E-04,-0.943706E-05,-0.734291E-10,-0.211566E-11,-0.344761E-12,-0.566203E-13,16.4214,414.105,419.105,0.200000,0,473.140,11.9313,12.0754,0.100000,0,0.771012E-01,1.94429,1.96777,6.35000,0,0.126624E-01,0.319312,0.323167,0.550000,0,292.876,291.771,96559.5,1.14778,1011.99,0.252173E-01,0.136497,0.852599E-02,1148.03,2138.88,0.742821E-02,53.6742,990.852,282.158,-1.46428,0.262420,0.800993E-01,1.48976,-0.686237E-13,-0.447154E-14,1.48976,5.05269,17.3852,169.840,3.08208,-9999,0.259412,0.781384,-81.2996,-0.247234E-01,0.196030,-0.606499E-01,0,25.1524,-3.81698,8.63402,21.4999,32.7887,45.9867,68.8964,-0.763882E-01,1.01115,22.7754,1.01999,77.5398,1.17343,-15.4460,1.17343,1.75203,1.17343,0.572169E-02,1.19002,0.299963E-03,1.19002,800000000,800000000,800000000,800000000,800001010,800001010,800000111,800110111,80001,80011,80,81,4,16,2,13,226,66,0,0,0.703120,0.746471,0.113176,0.149158,0.297798E-01,277.049,0.983155E-05,0.119746E-06,0.196078E-01,-0.154460E-01,1.75203,0.146022E-03,0.765529E-05,16.0000,0.00000,248.002,50.0113,14.1846,97039.3,1.38904,22.0000,96.5005,0.500500,2.14748,303.719,5330.34
CH-CHA_202005150700.csv,2020-05-15,12:30,136.5207,1,36000,36000,-0.445600E-01,0,0.632553E-02,42.9152,0,7.75461,86.6537,0,6.82045,-14.5952,0,1.47091,1.96062,0,0.154319,0.657354E-03,1,0.654548E-03,0.124108E-03,0,0.296136E-04,2.17416,-0.170190,0.744050E-01,-0.385071E-02,-0.778738E-04,-0.853072E-06,0.232585E-09,0.663809E-11,0.108752E-11,0.178730E-12,16.3985,415.507,420.494,0.500000E-01,0,468.020,11.8588,12.0011,0.500000E-01,0,0.766756E-01,1.94282,1.96614,5.40000,0,0.126014E-01,0.319295,0.323127,0.900000,0,294.280,293.176,96559.5,1.14232,1011.98,0.253382E-01,0.127048,0.843372E-02,1141.07,2334.32,0.738300E-02,48.8823,1193.25,282.068,-1.36934,0.563290,0.500006E-01,1.48151,-0.916376E-13,0.141833E-13,1.48151,4.41830,29.3766,157.640,1.93408,-9999,0.197506,0.589959,-15.2795,-0.131549,0.495250,-0.187963,0,-9999,-9999,-9999,-9999,-9999,-9999,-9999,-0.440681E-01,1.01116,46.6310,1.01998,70.7449,1.17338,-14.9001,1.17338,1.60067,1.17338,0.552437E-03,1.18992,0.104300E-03,1.18992,800000000,800000000,800000000,800000000,800000000,800000000,800000111,800000111,80011,80011,80,81,3,1,0,11,78,25,0,0,0.471212,0.620158,0.885487E-01,0.307594,0.240129E-01,266.283,0.287390E-05,0.114457E-06,0.403382E-01,-0.149001E-01,1.60067,0.141651E-04,0.267438E-05,16.0000,0.00000,248.000,50.0000,15.7417,97095.0,1.40133,22.0000,96.5011,0.501111,2.14748,303.731,5324.85
CH-CHA_202005150700.csv,2020-05-15,13:00,136.5415,1,35989,35989,-0.526852E-01,1,0.900889E-02,46.8199,0,5.57417,120.109,0,9.31576,-20.1588,0,2.07172,2.72142,0,0.211076,0.359979E-02,0,0.195286E-02,0.173189E-03,0,0.366710E-04,2.25623,-0.147018E-01,0.543871E-01,-0.333113E-03,0.141064E-03,-0.224114E-05,0.130337E-09,0.370870E-11,0.608754E-12,0.998959E-13,16.3574,416.537,421.533,0.100000,0,465.446,11.8525,11.9946,0.100000,0,0.763995E-01,1.94549,1.96883,-0.700000,0,0.125371E-01,0.319253,0.323082,1.80000,0,295.749,294.641,96559.5,1.13664,1012.01,0.254647E-01,0.176348,0.838734E-02,1140.47,2554.62,0.737907E-02,44.6434,1414.15,282.060,-1.34890,0.571916,0.795753E-01,1.46729,0.879128E-13,0.796804E-14,1.46729,5.82483,32.7599,157.024,3.10883,-9999,0.215294,0.788685,-18.1412,-0.110798,0.389812,-0.189055,0,22.9395,-3.48115,7.87438,19.6083,29.9039,41.9407,62.8348,-0.521022E-01,1.01119,52.2540,1.01997,98.7420,1.17329,-20.0701,1.17329,2.23729,1.17329,0.302570E-02,1.18974,0.145569E-03,1.18974,800000000,800000000,800000000,800000000,800001010,800101010,800000111,800000111,80001,80001,80,80,7,4,3,4,78,25,0,0,0.775380,0.703854,0.981369E-01,0.203924,0.402088E-01,400.535,0.178274E-04,0.112830E-06,0.454266E-01,-0.200701E-01,2.23729,0.779696E-04,0.375119E-05,16.0000,0.00000,248.000,50.0000,16.7433,97099.9,1.41017,22.0000,96.5012,0.501236,2.14748,303.734,5320.67
CH-CHA_202005151300.csv,2020-05-15,13:30,136.5624,1,36000,36000,-0.765921E-01,0,0.109198E-01,52.2513,0,6.04308,146.130,0,11.5144,-22.3723,0,2.22091,3.31401,0,0.261129,-0.164555E-02,0,0.762876E-03,0.158492E-03,0,0.369030E-04,1.44196,-0.533403E-01,0.347933E-01,-0.120968E-02,-0.177914E-03,-0.434533E-05,-0.363419E-09,-0.103046E-10,-0.169176E-11,-0.278027E-12,16.3314,417.198,422.193,0.100000,0,463.071,11.8295,11.9711,0.100000,0,0.760249E-01,1.94211,1.96536,9.00000,0,0.124941E-01,0.319170,0.322991,2.05000,0,296.690,295.580,96559.5,1.13304,1012.02,0.255457E-01,0.214748,0.834454E-02,1138.26,2705.23,0.736475E-02,42.0764,1566.97,282.032,-1.51992,0.779181,0.871722E-01,1.71022,-0.740289E-13,-0.222527E-13,1.71022,5.84304,34.7303,152.858,2.92170,-9999,0.259998,1.21523,-28.6298,-0.702066E-01,0.357568,-0.175264,0,22.9824,-3.48766,7.88910,19.6450,29.9598,42.0191,62.9522,-0.757704E-01,1.01084,58.9576,1.02027,120.214,1.17506,-22.3543,1.17506,2.72629,1.17506,-0.137931E-02,1.19302,0.132849E-03,1.19302,800000000,800000000,800000000,800000000,800001000,800001000,800000111,800000111,80001,80011,80,80,0,2,2,7,162,56,0,0,0.949655,1.33834,0.142455,0.214186,0.418339E-01,453.278,0.267176E-05,0.107805E-06,0.514167E-01,-0.223543E-01,2.72629,-0.356558E-04,0.343420E-05,16.0000,0.00000,248.000,50.0000,17.8321,97110.6,1.42204,22.0000,96.5012,0.501167,2.14748,303.737,5313.96
CH-CHA_202005151300.csv,2020-05-15,14:00,136.5832,1,36000,36000,-0.697981E-01,0,0.801493E-02,41.3611,0,4.62944,125.866,0,8.76393,-19.2632,0,1.67323,2.85709,0,0.198937,-0.430887E-02,1,0.212635E-02,0.177452E-03,0,0.390483E-04,1.45956,-0.197450,0.772370E-01,-0.448202E-02,0.924766E-04,0.267981E-05,-0.116687E-09,-0.327316E-11,-0.541774E-12,-0.889698E-13,16.3368,418.671,423.646,0.100000,0,458.260,11.7440,11.8836,0.100000,0,0.758512E-01,1.94387,1.96697,10.0000,0,0.124562E-01,0.319222,0.323015,-0.600000,0,297.639,296.534,96559.5,1.12943,1012.00,0.256274E-01,0.185139,0.825785E-02,1130.07,2866.06,0.731152E-02,39.4295,1735.99,281.925,-1.47134,1.07141,0.642847E-01,1.82124,-0.137104E-13,-0.714259E-14,1.82124,5.24307,45.8212,143.938,2.02281,-9999,0.248595,0.900454,-31.6152,-0.635770E-01,0.328613,-0.145566,0,23.5474,-3.57341,8.08306,20.1280,30.6964,43.0522,64.5000,-0.690554E-01,1.01076,47.2223,1.02047,103.681,1.17601,-19.0890,1.17601,2.35350,1.17601,-0.360673E-02,1.19468,0.148536E-03,1.19468,800000000,800000000,800000000,800000011,800000000,800000000,800000111,800010111,80000,80000,80,81,3,5,1,4,62,12,0,0,0.815498,0.862850,0.122561,0.105532,0.257826E-01,328.795,0.158046E-04,0.107916E-06,0.413149E-01,-0.190890E-01,2.35350,-0.935257E-04,0.385167E-05,16.0000,0.00000,248.000,50.0000,17.3844,97176.2,1.41792,21.7939,96.5787,0.501445,0.164057,303.707,5319.67
CH-CHA_202005151300.csv,2020-05-15,14:30,136.6040,1,36000,36000,-0.818454E-01,0,0.103734E-01,44.9121,0,4.38332,110.748,0,9.41285,-19.1735,0,2.05554,2.51480,0,0.213741,0.368652E-02,1,0.258656E-02,-0.252870E-03,2,0.773903E-04,0.541548,0.660152E-01,-0.807390E-01,0.149903E-02,-0.313590E-04,-0.765157E-05,0.155012E-09,0.437490E-11,0.722152E-12,0.118574E-12,16.2571,417.130,422.099,0.100000,0,458.824,11.7726,11.9129,0.100000,0,0.757367E-01,1.94327,1.96643,0.450000,0,0.124356E-01,0.319075,0.322877,6.80000,0,297.998,296.888,96559.5,1.12807,1012.03,0.256583E-01,0.162959,0.826801E-02,1132.82,2927.89,0.732934E-02,38.6905,1795.08,281.961,-1.42081,0.952423,0.785319E-01,1.71230,0.191801E-13,0.953503E-14,1.71230,5.63036,40.7741,146.165,2.62870,-9999,0.269358,0.851352,-37.0374,-0.542694E-01,0.405532,-0.146051,0,24.0352,-3.64743,8.25050,20.5449,31.3323,43.9440,65.8361,-0.809675E-01,1.01084,49.9247,1.02028,90.8636,1.17508,-19.0396,1.17508,2.06327,1.17508,0.308998E-02,1.19305,-0.211952E-03,1.19305,800000000,800000000,800000000,800000000,800000000,800000010,800000111,800000111,80001,80001,80,80,11,9,3,27,53,24,0,0,0.936608,0.629397,0.136699,0.955880E-01,0.295095E-01,346.339,0.228146E-04,0.121975E-06,0.437308E-01,-0.190396E-01,2.06327,0.802249E-04,-0.550289E-05,16.0000,0.00000,248.000,50.0000,17.5626,97193.0,1.42505,22.0000,96.5012,0.501250,0.894949E-02,303.679,5316.76
CH-CHA_202005151300.csv,2020-05-15,15:00,136.6249,1,36000,36000,-0.682862E-01,0,0.949437E-02,38.3509,0,4.16944,103.698,0,9.87134,-16.8318,0,1.83522,2.35526,0,0.224204,-0.341592E-02,1,0.204984E-02,0.116357E-03,0,0.355663E-04,0.366680,0.479022E-01,-0.724217E-01,0.108799E-02,-0.186958E-03,-0.726217E-05,0.159491E-10,0.452425E-12,0.744119E-13,0.122352E-13,16.1900,415.746,420.708,0.500000E-01,0,459.260,11.7934,11.9342,0.100000,0,0.755360E-01,1.93970,1.96285,9.95000,0,0.124200E-01,0.318937,0.322743,0.600000,0,298.241,297.128,96559.5,1.12715,1012.05,0.256792E-01,0.152621,0.827586E-02,1134.81,2970.45,0.734229E-02,38.2033,1835.64,281.987,-1.23240,0.932761,0.799074E-01,1.54766,0.101860E-12,0.985119E-15,1.54766,5.72385,44.7752,142.879,2.95957,-9999,0.246136,0.886232,-33.0957,-0.607329E-01,0.369831,-0.136590,0,23.7985,-3.61151,8.16924,20.3426,31.0237,43.5112,65.1877,-0.675399E-01,1.01105,43.1364,1.02005,85.3551,1.17382,-16.7311,1.17382,1.93864,1.17382,-0.286867E-02,1.19077,0.977155E-04,1.19077,800000000,800000000,800000000,800000000,800000000,800001000,800000111,800010111,80011,80011,80,81,8,6,6,28,151,67,0,0,0.726062,0.929398,0.117005,0.106709,0.379883E-01,500.842,0.163501E-04,0.105447E-06,0.378148E-01,-0.167311E-01,1.93864,-0.745412E-04,0.253910E-05,16.0000,0.00000,248.000,50.0000,18.0374,97198.4,1.42968,22.0000,96.5027,0.502722,0.894479E-02,303.742,5316.45
CH-CHA_202005151300.csv,2020-05-15,15:30,136.6457,1,36000,36000,-0.817886E-01,0,0.994401E-02,29.0322,0,3.92652,87.7542,0,10.2743,-16.3479,0,1.79357,1.99371,0,0.233424,-0.246504E-02,0,0.135033E-02,0.208874E-03,0,0.459053E-04,0.463221,0.644802,-0.694538E-01,0.146495E-01,-0.303842E-04,-0.378761E-05,-0.842966E-10,-0.245587E-11,-0.394436E-12,-0.648600E-13,16.1204,414.418,419.483,0.100000,0,469.646,12.0735,12.2211,0.150000,0,0.754296E-01,1.93912,1.96282,8.65000,0,0.124034E-01,0.318864,0.322761,0.600000,0,298.572,297.432,96559.5,1.12588,1012.21,0.257077E-01,0.129193,0.846303E-02,1161.66,3025.00,0.751681E-02,38.4019,1863.34,282.333,-0.998445,1.10877,0.614061E-01,1.49333,0.144721E-14,-0.522919E-14,1.49333,6.00770,56.3918,132.003,2.35669,-9999,0.269526,1.15932,-57.4070,-0.350131E-01,0.330836,-0.945188E-01,0,23.2598,-3.52976,7.98433,19.8821,30.3215,42.5263,63.7121,-0.808874E-01,1.01114,33.1572,1.01999,72.3743,1.17345,-15.8096,1.17345,1.64429,1.17345,-0.207135E-02,1.19006,0.175515E-03,1.19006,800000000,800000000,800000000,800000000,800001000,800101000,800010111,800010111,80011,80011,80,80,2,16,5,11,256,40,0,0,0.708536,1.46154,0.148563,0.629472E-01,0.284696E-01,385.153,0.732929E-05,0.110464E-06,0.290949E-01,-0.158096E-01,1.64429,-0.538982E-04,0.456702E-05,16.0000,0.00000,248.000,50.0000,17.7111,97207.9,1.42859,22.0000,96.5038,0.503833,0.890557E-02,303.749,5321.13
CH-CHA_202005151300.csv,2020-05-15,16:00,136.6665,1,36000,36000,-0.638565E-01,0,0.861031E-02,29.3950,0,3.12615,85.2675,0,9.40239,-17.4677,0,1.58817,1.93770,0,0.213668,-0.555221E-02,1,0.181601E-02,0.189265E-03,0,0.428329E-04,0.386242,-0.121079,-0.984294E-01,-0.275150E-02,-0.243840E-03,-0.641671E-05,-0.813189E-11,-0.236956E-12,-0.381320E-13,-0.628304E-14,16.0337,412.535,417.554,0.100000,0,467.208,12.0209,12.1671,0.500000E-01,0,0.751853E-01,1.93446,1.95799,9.00000,0,0.123883E-01,0.318742,0.322620,0.650000,0,298.821,297.685,96559.5,1.12494,1012.19,0.257292E-01,0.125563,0.841909E-02,1156.61,3071.23,0.748400E-02,37.6595,1914.62,282.269,-0.824761,0.922385,0.772688E-01,1.23976,-0.140873E-12,-0.507174E-15,1.23976,4.47902,58.3398,131.802,3.57332,-9999,0.238252,0.810776,-39.1635,-0.513233E-01,0.344739,-0.108354,0,25.9026,-3.93082,8.89152,22.1411,33.7666,47.3582,70.9512,-0.631134E-01,1.01177,33.3930,1.01990,70.3556,1.17209,-16.7689,1.17209,1.59882,1.17209,-0.467674E-02,1.18720,0.159422E-03,1.18720,800000000,800000000,800000000,800000000,800000100,800101100,800000111,800010111,80011,80011,80,81,1,7,3,13,165,48,0,0,0.537778,0.995071,0.887037E-01,0.556185E-01,0.347665E-01,542.668,0.136650E-04,0.115360E-06,0.293268E-01,-0.167689E-01,1.59882,-0.121788E-03,0.415152E-05,16.0000,0.00000,248.023,50.1427,17.5265,97224.8,1.42995,22.0000,96.5045,0.504528,0.901793E-02,303.704,5321.03
CH-CHA_202005151300.csv,2020-05-15,16:30,136.6873,1,36000,36000,-0.427557E-01,0,0.736934E-02,6.94962,0,1.83814,83.5222,0,9.71728,-12.4771,0,1.66930,1.89819,0,0.220843,-0.364198E-02,1,0.236019E-02,0.242138E-03,0,0.595145E-04,0.133979,-0.535530,0.150368,-0.121709E-01,0.270069E-03,0.258327E-05,0.101528E-09,0.288100E-11,0.474051E-12,0.779135E-13,16.1420,415.413,420.368,0.500000E-01,0,458.052,11.7879,11.9285,0.500000E-01,0,0.753695E-01,1.93963,1.96276,0.00000,0,0.123875E-01,0.318791,0.322594,0.450000,0,298.887,297.773,96559.5,1.12471,1012.06,0.257349E-01,0.123003,0.825409E-02,1134.28,3087.44,0.733886E-02,36.7385,1953.16,281.980,-0.308557,1.17690,0.201800E-01,1.21684,-0.522016E-13,0.628969E-14,1.21684,5.31664,80.6870,104.691,0.950230,-9999,0.194974,0.803457,-90.7812,-0.221412E-01,0.832069E-01,-0.313139E-01,0,-9999,-9999,-9999,-9999,-9999,-9999,-9999,-0.422548E-01,1.01185,11.2835,1.01991,70.0748,1.17200,-11.5988,1.17200,1.59258,1.17200,-0.306828E-02,1.18698,0.203995E-03,1.18698,800001000,800000000,800000000,800000000,800001000,800011000,800010111,800010111,80001,80001,80,80,2,14,0,33,445,111,0,0,0.568966,0.928269,0.109679,0.154123E-01,0.298379E-01,315.593,0.166964E-04,0.116637E-06,0.991279E-02,-0.115988E-01,1.59258,-0.799005E-04,0.531220E-05,16.0000,0.00000,248.000,50.0000,17.3491,97265.4,1.42664,22.0000,96.5044,0.504444,0.889706E-02,303.721,5324.89
CH-CHA_202005151300.csv,2020-05-15,17:00,136.7082,1,36000,36000,-0.270516E-01,1,0.557132E-02,11.3496,0,2.12613,80.1092,0,13.1689,-12.7745,0,2.27304,1.82056,0,0.299276,0.548612E-02,1,0.187825E-02,0.473172E-03,0,0.504009E-04,-0.579859E-01,0.449883E-02,-0.990821E-01,0.102240E-03,-0.324681E-03,0.269419E-05,-0.308637E-09,-0.879962E-11,-0.144304E-11,-0.237975E-12,16.0704,413.517,418.450,0.00000,0,458.186,11.7899,11.9305,0.500000E-01,0,0.751376E-01,1.93341,1.95648,3.40000,0,0.123911E-01,0.318843,0.322647,0.650000,0,298.849,297.735,96559.5,1.12485,1012.06,0.257316E-01,0.117972,0.825651E-02,1134.47,3080.43,0.734008E-02,36.8282,1945.96,281.982,-0.163450,1.09700,0.114521E-01,1.10917,0.101215E-12,-0.192053E-13,1.10917,4.19211,87.0169,98.4745,0.591584,-9999,0.155077,0.589635,-27.9698,-0.718632E-01,0.141677,-0.642883E-01,0,-9999,-9999,-9999,-9999,-9999,-9999,-9999,-0.267234E-01,1.01228,15.4166,1.02001,66.9918,1.17168,-12.0022,1.17168,1.52245,1.17168,0.462551E-02,1.18606,0.398946E-03,1.18606,800000000,800000000,800000000,800000000,800001100,800111100,800000111,800110111,80001,80001,80,81,12,1,2,18,214,40,0,0,0.468922,0.629564,0.807840E-01,0.289159E-01,0.566625E-01,981.687,0.130284E-04,0.106496E-06,0.135421E-01,-0.120022E-01,1.52245,0.120437E-03,0.103876E-04,16.0000,0.00000,248.055,50.3457,17.2621,97286.5,1.42779,22.0000,96.5051,0.505111,0.892281E-02,303.722,5323.44
CH-CHA_202005151300.csv,2020-05-15,17:30,136.7290,1,36000,36000,-0.423064E-01,0,0.607123E-02,-2.62660,1,1.17203,76.3801,0,7.08446,-9.04404,0,1.38546,1.73610,0,0.161028,-0.328710E-02,2,0.256014E-02,0.255248E-03,1,0.523869E-04,0.255856,0.514715,0.115631,0.116993E-01,0.495078E-03,-0.540652E-06,-0.206758E-09,-0.597495E-11,-0.966268E-12,-0.158566E-12,16.1462,415.731,420.786,-0.200000,0,466.597,12.0139,12.1600,0.00000,0,0.754581E-01,1.94289,1.96652,7.10000,0,0.123828E-01,0.318832,0.322709,0.700000,0,299.039,297.903,96559.5,1.12412,1012.19,0.257480E-01,0.112499,0.840808E-02,1155.94,3111.46,0.747967E-02,37.1512,1955.52,282.260,-0.252977,1.07104,-0.926042E-02,1.10055,0.102142E-12,-0.128054E-13,1.10055,3.79918,84.6475,103.290,-0.482115,-9999,0.193997,0.488448,236.613,0.849488E-02,-0.343885E-01,0.118993E-01,0,-9999,-9999,-9999,-9999,-9999,-9999,-9999,-0.417916E-01,1.01232,1.51175,1.02002,64.5450,1.17166,-8.22597,1.17166,1.46709,1.17166,-0.277161E-02,1.18599,0.215219E-03,1.18599,800001000,800000000,800000000,800000000,800001000,800001000,800110111,810110111,80001,80011,80,81,6,1,7,6,429,41,0,0,0.380428,0.521441,0.750267E-01,0.173745E-01,0.186337E-01,247.560,0.258128E-04,0.120029E-06,0.132863E-02,-0.822597E-02,1.46709,-0.722279E-04,0.560859E-05,16.0000,0.00000,248.000,50.0000,17.1074,97300.0,1.42449,22.0000,96.5045,0.504528,0.898663E-02,303.744,5328.48
CH-CHA_202005151300.csv,2020-05-15,18:00,136.7498,1,36000,36000,-0.182909E-01,1,0.438185E-02,-0.440248,1,1.11436,40.6789,1,7.23998,-5.11007,1,0.962783,0.924626,1,0.164564,-0.106265E-02,2,0.155975E-02,0.326456E-03,1,0.669311E-04,0.101207E-01,-0.331690E-01,-0.158012E-02,-0.753926E-03,-0.242085E-03,0.787819E-05,0.151664E-09,0.437790E-11,0.707154E-12,0.116378E-12,16.1447,415.701,420.750,0.00000,0,466.028,11.9995,12.1452,0.500000E-01,0,0.752767E-01,1.93826,1.96180,9.55000,0,0.123884E-01,0.318983,0.322857,0.800000,0,299.044,297.909,96559.5,1.12411,1012.18,0.257484E-01,0.599157E-01,0.839783E-02,1154.56,3112.70,0.747067E-02,37.0919,1958.14,282.242,-0.422039,0.900239,0.213097E-01,0.994486,0.854569E-13,0.939406E-14,0.994486,4.53227,73.1857,115.118,1.22782,-9999,0.127560,0.478595,401.319,0.500849E-02,-0.108225E-01,0.303332E-02,0,-9999,-9999,-9999,-9999,-9999,-9999,-9999,-0.180586E-01,1.01287,1.74579,1.02021,34.3304,1.17153,-4.67086,1.17153,0.780324,1.17153,-0.896518E-03,1.18531,0.275419E-03,1.18531,800000000,800010000,800000000,800000000,800001000,800001000,800110111,810110111,80011,80011,80,81,0,22,2,26,358,43,0,0,0.356680,0.526377,0.741331E-01,0.449796E-02,0.103082E-01,208.173,0.842844E-05,0.122528E-06,0.153436E-02,-0.467086E-02,0.780324,-0.233633E-04,0.717742E-05,16.0000,0.00000,248.000,50.0000,16.2518,97300.6,1.41740,22.0000,96.5029,0.502861,0.893931E-02,303.727,5333.81
CH-CHA_202005151300.csv,2020-05-15,18:30,136.7707,1,36000,36000,-0.218603E-01,0,0.358685E-02,0.811001E-02,0,0.912858,35.2168,0,5.71997,-3.65683,0,0.871127,0.800453,0,0.130011,-0.517004E-02,1,0.302004E-02,0.298567E-03,0,0.530378E-04,-0.380445E-01,0.504649,0.467936E-01,0.114703E-01,0.745354E-03,-0.788295E-06,0.812415E-12,0.238289E-13,0.380767E-14,0.622026E-15,16.1797,416.597,421.750,-0.500000E-01,0,474.566,12.2192,12.3703,0.00000,0,0.758322E-01,1.95253,1.97669,0.800000,0,0.123880E-01,0.318968,0.322914,0.600000,0,299.040,297.884,96559.5,1.12411,1012.30,0.257481E-01,0.518693E-01,0.855169E-02,1175.61,3108.03,0.760753E-02,37.8250,1932.42,282.511,-0.146392,0.643310,-0.330139E-03,0.659757,0.389005E-13,0.502118E-16,0.659757,2.45921,87.2672,102.820,-0.286705E-01,-9999,0.139452,0.254858,-28465.0,-0.706130E-04,0.230288E-03,-0.511070E-04,0,-9999,-9999,-9999,-9999,-9999,-9999,-9999,-0.215169E-01,1.01596,1.89070,1.02181,29.6587,1.17293,-3.40127,1.17293,0.674121,1.17293,-0.436217E-02,1.18520,0.251913E-03,1.18520,800001000,800010000,800000000,800000000,800000000,800101000,801110111,801110111,80000,80001,80,80,3,5,4,41,512,47,0,0,0.182591,0.280409,0.467152E-01,0.460350E-02,0.993618E-02,171.870,0.439556E-04,0.126116E-06,0.166152E-02,-0.340127E-02,0.674121,-0.113702E-03,0.656622E-05,16.0000,0.00000,248.000,50.0000,16.1082,97300.2,1.41618,22.0000,96.5004,0.500444,0.911479E-02,303.722,5334.51
CH-CHA_202005151300.csv,2020-05-15,19:00,136.7915,1,35988,35988,-0.194650E-01,0,0.325576E-02,-5.32325,0,0.756261,33.1396,0,5.86703,-0.809094,1,0.743687,0.753194,0,0.133345,-0.662939E-03,2,0.797148E-03,0.404678E-03,0,0.706644E-04,-0.953097E-01,0.202266,0.185342,0.459708E-02,0.554561E-03,0.111355E-04,0.480777E-10,0.140832E-11,0.224645E-12,0.365242E-13,16.3205,420.146,425.381,-0.900000,0,478.072,12.3072,12.4605,-0.200000,0,0.762585E-01,1.96315,1.98761,-0.500000,0,0.123986E-01,0.319181,0.323158,0.800000,0,298.986,297.822,96559.5,1.12431,1012.35,0.257434E-01,0.488070E-01,0.861486E-02,1184.05,3096.43,0.766238E-02,38.2392,1912.38,282.617,0.290133,0.617006,0.137456E-01,0.681955,-0.440450E-13,0.294584E-14,0.681955,3.08304,122.709,64.8158,1.15494,-9999,0.131578,0.163870,36.4287,0.551763E-01,-0.160631,0.355450E-01,0,-9999,-9999,-9999,-9999,-9999,-9999,-9999,-0.192267E-01,1.01239,-3.51523,1.02255,26.9585,1.22646,-0.707785,1.22646,0.612710,1.22646,-0.532757E-03,1.24435,0.325211E-03,1.24435,800001000,800000000,800000000,800000000,800100000,800101000,801110111,811110111,81000,81001,80,81,18,20,13,24,626,32,0,0,0.155447,0.138341,0.339508E-01,0.121528E-01,0.164864E-01,302.411,0.999400E-05,0.160610E-06,-0.308844E-02,-0.707785E-03,0.612710,-0.138852E-04,0.847597E-05,16.0000,0.00000,248.000,50.0000,15.6248,97304.0,1.40882,22.0000,96.5000,0.500028,0.933573E-02,303.735,5338.41
