file_info,,,,,,,corrected_fluxes_and_quality_flags,,,,,,,,,,,,,,,storage_fluxes,,,,vertical_advection_fluxes,,gas_densities_concentrations_and_timelags,,,,,,,,,,air_properties,,,,,,,,,,,,,,unrotated_wind,,,rotated_wind,,,,,,rotation_angles_for_tilt_correction,,,turbulence,,,,,,footprint,,,,,,,,uncorrected_fluxes,,,,,,,,,,statistical_flags,,,,,,,,,,,,spikes,,,,,,variances,,,,,,covariances,,,custom_variables
filename,date,time,DOY,daytime,file_records,used_records,Tau,qc_Tau,rand_err_Tau,H,qc_H,rand_err_H,LE,qc_LE,rand_err_LE,co2_flux,qc_co2_flux,rand_err_co2_flux,h2o_flux,qc_h2o_flux,rand_err_h2o_flux,H_strg,LE_strg,co2_strg,h2o_strg,co2_v-adv,h2o_v-adv,co2_molar_density,co2_mole_fraction,co2_mixing_ratio,co2_time_lag,co2_def_timelag,h2o_molar_density,h2o_mole_fraction,h2o_mixing_ratio,h2o_time_lag,h2o_def_timelag,sonic_temperature,air_temperature,air_pressure,air_density,air_heat_capacity,air_molar_volume,ET,water_vapor_density,e,es,specific_humidity,RH,VPD,Tdew,u_unrot,v_unrot,w_unrot,u_rot,v_rot,w_rot,wind_speed,max_wind_speed,wind_dir,yaw,pitch,roll,u*,TKE,L,(z-d)/L,bowen_ratio,T*,model,x_peak,x_offset,x_10%,x_30%,x_50%,x_70%,x_90%,un_Tau,Tau_scf,un_H,H_scf,un_LE,LE_scf,un_co2_flux,co2_scf,un_h2o_flux,h2o_scf,spikes_hf,amplitude_resolution_hf,drop_out_hf,absolute_limits_hf,skewness_kurtosis_hf,skewness_kurtosis_sf,discontinuities_hf,discontinuities_sf,timelag_hf,timelag_sf,attack_angle_hf,non_steady_wind_hf,u_spikes,v_spikes,w_spikes,ts_spikes,co2_spikes,h2o_spikes,u_var,v_var,w_var,ts_var,co2_var,h2o_var,w/ts_cov,w/co2_cov,w/h2o_cov,data_size_irga75_mean,status_code_irga75_mean,ga_diag_code_irga75_mean,agc_mean,fast_t_mean,air_p_mean,cooler_v_mean
,[yyyy-mm-dd],[HH:MM],[ddd.ddd],[1=daytime],[#],[#],[kg+1m-1s-2],[#],[kg+1m-1s-2],[W+1m-2],[#],[W+1m-2],[W+1m-2],[#],[W+1m-2],[µmol+1s-1m-2],[#],[µmol+1s-1m-2],[mmol+1s-1m-2],[#],[mmol+1s-1m-2],[W+1m-2],[W+1m-2],[µmol+1s-1m-2],[mmol+1s-1m-2],[µmol+1s-1m-2],[mmol+1s-1m-2],[mmol+1m-3],[µmol+1mol_a-1],[µmol+1mol_d-1],[s],[1=default],[mmol+1m-3],[mmol+1mol_a-1],[mmol+1mol_d-1],[s],[1=default],[K],[K],[Pa],[kg+1m-3],[J+1kg-1K-1],[m+3mol-1],[mm+1hour-1],[kg+1m-3],[Pa],[Pa],[kg+1kg-1],[%],[Pa],[K],[m+1s-1],[m+1s-1],[m+1s-1],[m+1s-1],[m+1s-1],[m+1s-1],[m+1s-1],[m+1s-1],[deg_from_north],[deg],[deg],[deg],[m+1s-1],[m+2s-2],[m],[#],[#],[K],[0=KJ/1=KM/2=HS],[m],[m],[m],[m],[m],[m],[m],[kg+1m-1s-2],[#],[W+1m-2],[#],[W+1m-2],[#],[µmol+1s-1m-2],[#],[mmol+1s-1m-2],[#],8u/v/w/ts/co2/h2o/ch4/none,8u/v/w/ts/co2/h2o/ch4/none,8u/v/w/ts/co2/h2o/ch4/none,8u/v/w/ts/co2/h2o/ch4/none,8u/v/w/ts/co2/h2o/ch4/none,8u/v/w/ts/co2/h2o/ch4/none,8u/v/w/ts/co2/h2o/ch4/none,8u/v/w/ts/co2/h2o/ch4/none,8co2/h2o/ch4/none,8co2/h2o/ch4/none,8aa,8U,[#],[#],[#],[#],[#],[#],[m+2s-2],[m+2s-2],[m+2s-2],[K+2],--,--,[m+1K+1s-1],--,--,--,--,--,--,--,--,--
CH-CHA_201112312000.csv,2011-12-31,20:30,365.854,0,36000,36000,-0.411985E-01,0,0.359961E-02,-11.0661,0,2.88437,-9999,-9999,-9999,-9999,-9999,-9999,-9999,-9999,-9999,-9999,-9999,-9999,-9999,-9999,-9999,-9999,-9999,-9999,-9999,1,-9999,-9999,-9999,-9999,1,285.114,278.447,97278.0,1.21711,1005.24,0.237979E-01,-9999,-9999,-9999,-9999,-9999,-9999,-999900.,-9999,2.25299,0.928408,0.722728E-01,2.43785,0.127325E-12,0.447958E-14,2.43785,4.50565,164.647,22.3955,1.69885,-9999,0.183982,0.222236,48.0449,0.418359E-01,-9999,-0.491609E-01,0,-9999,-9999,-9999,-9999,-9999,-9999,-9999,-0.407003E-01,1.01224,-10.7780,1.02673,-9999,-9999,-9999,-9999,-9999,-9999,800000099,800000199,800000099,800001199,800001199,800001199,800010199,800010199,81100,81100,80,80,4,23,1,0,5,5,0.225753,0.166307,0.524117E-01,0.901963E-01,-9999,-9999,-0.880926E-02,-9999,-9999,16.0000,0.290000,253.953,87.2038,7.07224,97300.1,1.26656
CH-CHA_201112312000.csv,2011-12-31,21:00,365.875,0,36000,36000,-0.383656E-01,0,0.372492E-02,-8.66122,0,1.77203,-9999,-9999,-9999,-54.9380,0,40.8084,-9999,-9999,-9999,0.121249,-9999,-9999,-9999,-0.116574E-09,-9999,25.0177,595.226,595.226,0.350000,1,-9999,-9999,-9999,-9999,1,285.370,278.521,97327.0,1.21740,1005.24,0.237922E-01,-9999,-9999,-9999,-9999,-9999,-9999,-999900.,-9999,2.04881,0.832709,0.731878E-01,2.21278,-0.681314E-13,-0.465966E-14,2.21278,4.42981,164.457,22.1185,1.89541,-9999,0.177523,0.238705,55.1645,0.364365E-01,-9999,-0.398676E-01,0,-9999,-9999,-9999,-9999,-9999,-9999,-9999,-0.379234E-01,1.01166,-8.44761,1.02529,-9999,-9999,-48.5374,1.11877,-9999,-9999,800000099,800000199,800000099,800001199,800001099,800001199,800010199,800110199,81100,81100,80,80,4,25,7,0,12,13,0.259412,0.169532,0.484651E-01,0.372915E-01,29.5327,-9999,-0.690289E-02,-0.485374E-01,-9999,16.0000,0.242222,254.652,91.5781,7.18195,97328.7,1.26824
CH-CHA_201112312000.csv,2011-12-31,21:30,365.896,0,36000,36000,-0.602546E-01,0,0.570615E-02,-14.1377,0,1.88055,-9999,-9999,-9999,-9999,-9999,-9999,-9999,-9999,-9999,0.350491,-9999,-9999,-9999,-9999,-9999,-9999,-9999,-9999,-9999,1,-9999,-9999,-9999,-9999,1,285.581,278.735,97360.0,1.21688,1005.24,0.238024E-01,-9999,-9999,-9999,-9999,-9999,-9999,-999900.,-9999,2.90550,0.766241,0.748531E-01,3.00578,-0.110499E-12,-0.506120E-14,3.00578,5.86519,172.874,14.7737,1.42699,-9999,0.222521,0.473917,66.5758,0.301912E-01,-9999,-0.519385E-01,0,24.7336,-3.75341,8.49023,21.1419,32.2427,45.2209,67.7491,-0.595061E-01,1.01258,-13.7532,1.02796,-9999,-9999,-9999,-9999,-9999,-9999,800000099,800001199,800000099,800001199,800000199,800001199,800010199,800011199,81100,81100,80,80,1,18,4,0,25,25,0.521501,0.340566,0.857676E-01,0.322738E-01,-9999,-9999,-0.112431E-01,-9999,-9999,16.0000,0.243333,254.422,90.1354,7.31820,97360.3,1.27103
CH-CHA_201112312000.csv,2011-12-31,22:00,365.917,0,36000,36000,-0.433062E-01,0,0.480153E-02,-5.30276,0,1.39783,-9999,-9999,-9999,-9999,-9999,-9999,-9999,-9999,-9999,0.363354,-9999,-9999,-9999,-9999,-9999,-9999,-9999,-9999,-9999,1,-9999,-9999,-9999,-9999,1,285.854,278.957,97373.0,1.21607,1005.25,0.238182E-01,-9999,-9999,-9999,-9999,-9999,-9999,-999900.,-9999,1.90366,0.743690,0.775014E-01,2.04524,0.905232E-13,0.350265E-14,2.04524,4.66817,164.971,21.3388,2.17166,-9999,0.188711,0.332296,108.271,0.185646E-01,-9999,-0.229866E-01,0,-9999,-9999,-9999,-9999,-9999,-9999,-9999,-0.428499E-01,1.01065,-5.18393,1.02292,-9999,-9999,-9999,-9999,-9999,-9999,800000099,800000199,800000099,800001199,800001099,800001199,800010199,800110199,81100,81100,80,81,8,19,2,0,16,1,0.390948,0.224725,0.489202E-01,0.473206E-01,-9999,-9999,-0.424060E-02,-9999,-9999,15.9961,0.281111,254.675,91.7210,7.48911,97373.5,1.27451
CH-CHA_201112312000.csv,2011-12-31,22:30,365.937,0,36000,36000,-0.348317E-01,0,0.313883E-02,-6.30880,1,1.75529,-9999,-9999,-9999,37.4135,1,17.9295,-9999,-9999,-9999,0.292755,-9999,-9999,-9999,-0.258159E-09,-9999,26.4808,631.201,631.201,0.350000,1,-9999,-9999,-9999,-9999,1,286.390,279.136,97362.0,1.21515,1005.26,0.238362E-01,-9999,-9999,-9999,-9999,-9999,-9999,-999900.,-9999,2.26333,0.831737,0.639219E-01,2.41216,-0.164057E-13,-0.974893E-14,2.41216,4.46525,166.751,20.1775,1.51851,-9999,0.169305,0.249460,65.7137,0.305872E-01,-9999,-0.305048E-01,0,-9999,-9999,-9999,-9999,-9999,-9999,-9999,-0.344307E-01,1.01165,-6.15214,1.02546,-9999,-9999,33.7350,1.12356,-9999,-9999,800000099,800000199,800000099,800001199,800001199,800001199,800010199,800010199,80000,80000,80,80,1,22,1,5,10,0,0.284041,0.164343,0.505359E-01,0.140953,7.31140,-9999,-0.503640E-02,0.337350E-01,-9999,16.0000,0.272222,254.460,90.3778,7.64214,97361.6,1.27754
CH-CHA_201112312000.csv,2011-12-31,23:00,365.958,0,36000,36000,-0.183331E-01,2,0.409155E-02,-13.1080,0,3.60421,-9999,-9999,-9999,16.6990,1,14.5922,-9999,-9999,-9999,0.375841,-9999,-1.53970,-9999,0.109980E-09,-9999,25.3127,603.880,603.880,0.300000,0,-9999,-9999,-9999,-9999,1,287.018,279.366,97358.0,1.21410,1005.25,0.238568E-01,-9999,-9999,-9999,-9999,-9999,-9999,-999900.,-9999,1.04793,1.24923,0.666256E-01,1.63192,-0.388526E-12,0.434485E-14,1.63192,4.59954,129.718,50.0080,2.33983,-9999,0.122882,0.612322,12.0922,0.166223,-9999,-0.874010E-01,0,-9999,-9999,-9999,-9999,-9999,-9999,-9999,-0.180371E-01,1.01641,-12.6703,1.03454,-9999,-9999,15.1106,1.16952,-9999,-9999,800000099,800000199,800000099,800001199,800001199,800001199,800010199,800110199,80000,80000,80,81,2,3,0,0,0,0,0.637040,0.548333,0.392702E-01,0.178976,4.16813,-9999,-0.103814E-01,0.151106E-01,-9999,16.0000,0.283333,254.211,88.8160,7.82923,97357.8,1.28173
CH-CHA_201112312000.csv,2011-12-31,23:30,365.979,0,36000,36000,-0.390121E-01,1,0.569670E-02,-8.14733,1,1.65747,-9999,-9999,-9999,1.63023,2,6.33441,-9999,-9999,-9999,-0.340203,-9999,4.32990,-9999,0.151786E-09,-9999,28.5566,680.642,680.642,0.350000,1,-9999,-9999,-9999,-9999,1,286.678,279.158,97375.0,1.21522,1005.25,0.238349E-01,-9999,-9999,-9999,-9999,-9999,-9999,-999900.,-9999,-0.222227E-02,0.948890,0.421968E-01,0.949830,-0.246864E-12,0.531526E-14,0.949830,2.56907,96.6995,90.1342,2.54624,-9999,0.179173,0.399057,60.3156,0.333247E-01,-9999,-0.372233E-01,0,-9999,-9999,-9999,-9999,-9999,-9999,-9999,-0.385728E-01,1.01139,-7.97179,1.02202,-9999,-9999,2.20077,1.05076,-9999,-9999,800000099,800000199,800000099,800001199,800101199,800111199,800100199,801110199,81000,81000,80,81,1,3,13,10,3,0,0.313425,0.463595,0.210929E-01,0.116632,6.28685,-9999,-0.652568E-02,0.220077E-02,-9999,15.9981,0.306667,254.719,91.9961,7.89610,97375.5,1.28154
CH-CHA_201112312000.csv,2012-01-01,00:00,1.000,0,36000,36000,0.125570E-01,2,0.488861E-02,-12.7555,0,3.00955,-9999,-9999,-9999,-23.9623,1,17.4456,-9999,-9999,-9999,0.763522,-9999,1.08596,-9999,0.193712E-10,-9999,29.2919,699.943,699.943,0.350000,1,-9999,-9999,-9999,-9999,1,287.230,279.626,97291.0,1.21214,1005.26,0.238954E-01,-9999,-9999,-9999,-9999,-9999,-9999,-999900.,-9999,0.644907,1.01493,0.234013E-01,1.20272,-0.979032E-15,0.661315E-15,1.20272,4.61531,126.018,57.5673,1.11487,-9999,0.101780,0.456242,7.05770,0.284795,-9999,-0.102849,0,-9999,-9999,-9999,-9999,-9999,-9999,-9999,0.123077E-01,1.02026,-12.2420,1.04195,-9999,-9999,-19.4748,1.17412,-9999,-9999,800000099,800000199,800000099,800001199,800001199,800101199,800110199,801110199,80000,80000,80,81,2,0,2,1,3,3,0.494780,0.382553,0.351510E-01,0.159769,3.92892,-9999,-0.100466E-01,-0.194748E-01,-9999,16.0000,0.323333,254.993,93.7082,8.14592,97366.5,1.28604
CH-CHA_201112312000.csv,2012-01-01,00:30,1.020,0,36000,36000,-0.443909E-01,1,0.718256E-02,-20.7123,1,3.35986,-9999,-9999,-9999,6.18321,1,2.89796,-9999,-9999,-9999,-0.831637,-9999,3.93541,-9999,-0.173296E-09,-9999,32.2626,769.785,769.785,0.100000,0,-9999,-9999,-9999,-9999,1,286.457,279.117,97258.0,1.21394,1005.25,0.238600E-01,-9999,-9999,-9999,-9999,-9999,-9999,-999900.,-9999,-0.902928E-01,0.300399,0.223817E-01,0.314473,-0.452369E-13,-0.537142E-14,0.314473,2.12913,78.3160,106.730,4.08131,-9999,0.191226,0.309270,28.8184,0.697470E-01,-9999,-0.887588E-01,0,-9999,-9999,-9999,-9999,-9999,-9999,-9999,-0.436464E-01,1.01706,-20.1658,1.02710,-9999,-9999,7.95299,1.02415,-9999,-9999,800000099,800000199,800000099,800000199,800000199,810100199,811110099,811110099,81000,81000,80,81,0,0,4,4,5,0,0.458347,0.151572,0.862107E-02,0.126230,0.212180,-9999,-0.165251E-01,0.795299E-02,-9999,15.9938,0.381667,255.000,93.7500,8.12908,97378.3,1.28268
CH-CHA_201112312000.csv,2012-01-01,01:00,1.041,0,36000,36000,-0.389938E-02,2,0.184313E-02,-1.57391,1,0.594565,-9999,-9999,-9999,-8.68742,1,3.06405,-9999,-9999,-9999,-0.505525,-9999,2.23309,-9999,-0.910622E-10,-9999,33.9659,809.364,809.364,0.350000,1,-9999,-9999,-9999,-9999,1,285.955,278.808,97278.0,1.21553,1005.25,0.238287E-01,-9999,-9999,-9999,-9999,-9999,-9999,-999900.,-9999,-0.443957,0.185134,0.222987E-01,0.481528,0.496022E-13,-0.268099E-14,0.481528,1.65348,25.5883,157.363,2.65422,-9999,0.566389E-01,0.158274,9.85562,0.203944,-9999,-0.227419E-01,0,-9999,-9999,-9999,-9999,-9999,-9999,-9999,-0.382804E-02,1.01864,-1.51947,1.03583,-9999,-9999,-8.06371,1.05789,-9999,-9999,800000099,800000199,800000099,800000199,800000199,800111199,811110099,811110099,81000,81000,80,81,0,0,9,12,0,0,0.210486,0.103297,0.276557E-02,0.324901E-01,0.793892,-9999,-0.124352E-02,-0.806371E-02,-9999,15.9981,0.263333,255.000,93.7500,8.07761,97394.3,1.27960
CH-CHA_201112312000.csv,2012-01-01,01:30,1.062,0,36000,36000,-0.136459E-01,1,0.235050E-02,6.20232,2,2.21006,-9999,-9999,-9999,-21.6986,2,7.97506,-9999,-9999,-9999,-0.140768,-9999,-1.94748,-9999,0.291203E-09,-9999,32.5349,774.865,774.865,0.350000,1,-9999,-9999,-9999,-9999,1,286.246,278.722,97298.0,1.21616,1005.25,0.238165E-01,-9999,-9999,-9999,-9999,-9999,-9999,-999900.,-9999,-0.224494,-0.143334,0.168128E-01,0.266880,-0.933610E-14,0.895048E-14,0.266880,1.36169,341.988,212.557,3.61188,-9999,0.105926,0.166071,-16.3622,-0.122844,-9999,0.478946E-01,0,-9999,-9999,-9999,-9999,-9999,-9999,-9999,-0.132575E-01,1.02930,6.01920,1.03042,-9999,-9999,-21.7692,1.02396,-9999,-9999,800000099,800000199,800000099,800000199,800000199,800000199,811110099,811110099,81000,81000,80,81,0,0,0,0,4,0,0.131394,0.196565,0.418204E-02,0.131495,2.60400,-9999,0.492353E-02,-0.217692E-01,-9999,15.9969,0.263333,254.148,88.4266,7.99019,97397.8,1.27806
CH-CHA_201112312000.csv,2012-01-01,02:00,1.083,0,36000,36000,-0.451808E-02,1,0.651841E-03,-1.69592,1,0.516098,-5.82207,1,5.39413,8.35006,1,4.85253,-0.129934,1,0.120383,0.247174,-9999,-16.1882,-9999,0.109239E-09,0.784944E-12,20.4778,487.953,489.670,0.350000,1,147.145,3.50623,3.51857,0.350000,1,286.319,278.873,97302.0,1.21394,1007.13,0.238284E-01,-0.841971E-02,0.265155E-02,341.255,914.762,0.218426E-02,37.3053,573.507,265.389,0.549759,0.320041E-01,0.205192E-01,0.551072,-0.464896E-13,0.533449E-14,0.551072,1.50446,180.703,3.33170,2.13390,-9999,0.610069E-01,0.110451,11.4383,0.175725,0.291292,-0.227377E-01,0,-9999,-9999,-9999,-9999,-9999,-9999,-9999,-0.443627E-02,1.01844,-1.95904,1.03605,-5.40959,1.06641,7.98020,1.06706,-0.120728,1.06641,800000099,800000099,800000099,800000099,800000099,800101099,811110199,811110199,80100,80100,80,81,2,0,1,3,0,0,0.109546,0.107459,0.389632E-02,0.265341E-01,3.18387,1881.23,-0.160237E-02,0.798020E-02,-0.120728,16.0000,0.313333,251.107,69.4165,8.06086,97400.6,1.28022
CH-CHA_201201010200.csv,2012-01-01,02:30,1.104,0,36000,36000,-0.760306E-02,1,0.142057E-02,-3.27405,1,0.534981,-0.675942,1,0.515264,2.54874,1,0.400934,-0.150869E-01,1,0.115006E-01,0.180001,2.80369,-1.37827,0.625777E-01,-0.891310E-11,-0.887615E-13,19.4422,463.513,465.662,0.350000,1,193.616,4.61589,4.63730,0.350000,1,286.536,278.983,97291.0,1.21281,1007.73,0.238405E-01,-0.977630E-03,0.348896E-02,449.205,921.761,0.287675E-02,48.7334,472.556,268.988,0.630136,0.699684,0.477196E-01,0.942818,-0.224483E-13,-0.458441E-15,0.942818,2.04866,136.889,47.9938,2.90119,-9999,0.791767E-01,0.132142,12.9533,0.155172,4.84368,-0.338337E-01,0,-9999,-9999,-9999,-9999,-9999,-9999,-9999,-0.748564E-02,1.01569,-3.20971,1.03186,-0.540956,1.08979,2.50359,1.09539,-0.120740E-01,1.08979,800000099,800000099,800000099,800000099,800000099,800000199,801110199,811110199,81100,81100,80,81,2,0,1,2,4,0,0.143534,0.113560,0.718941E-02,0.279368E-01,0.236305E-01,24.2976,-0.262620E-02,0.250359E-02,-0.120740E-01,15.9907,0.438889,251.000,68.7500,8.02290,97401.4,1.28067
CH-CHA_201201010200.csv,2012-01-01,03:00,1.124,0,36000,36000,-0.412866E-02,1,0.133860E-02,-0.493887,1,0.420386,-0.475383,1,0.182078,1.35900,1,0.748273,-0.106084E-01,1,0.406319E-02,-0.322982,0.231556,0.657958,0.516730E-02,0.114186E-09,0.113123E-11,19.9686,475.158,477.405,0.250000,0,197.827,4.70735,4.72961,0.350000,1,286.263,278.786,97407.0,1.21507,1007.79,0.237953E-01,-0.687427E-03,0.356484E-02,458.652,909.259,0.293385E-02,50.4423,450.608,269.265,-0.557250E-01,-0.331620E-01,0.224917E-02,0.648849E-01,0.871502E-13,0.571826E-14,0.648849E-01,1.18174,183.508,210.757,1.98649,-9999,0.582912E-01,0.141756,34.2951,0.586090E-01,1.03892,-0.691919E-02,0,-9999,-9999,-9999,-9999,-9999,-9999,-9999,-0.395642E-02,1.04353,-0.502422,1.03990,-0.451850,1.01874,1.36693,1.01902,-0.100833E-01,1.01874,800000099,800100099,800000099,800000099,800000099,801000099,811110199,811110199,81100,81100,80,81,0,0,0,1,0,2,0.140235,0.141732,0.154537E-02,0.195527E-01,0.101742,2.24275,-0.410300E-03,0.136693E-02,-0.100833E-01,15.9953,0.290000,251.000,68.7500,8.00366,97403.9,1.27951
CH-CHA_201201010200.csv,2012-01-01,03:30,1.145,0,36000,36000,-0.740907E-02,1,0.777028E-03,-2.04537,1,0.655230,-0.429655,1,0.153680,2.39931,1,1.19301,-0.958660E-02,1,0.342896E-02,-0.252621,-0.905019E-01,0.126326,-0.201931E-02,-0.365277E-10,-0.357449E-12,20.0736,477.392,479.633,0.350000,1,196.434,4.67163,4.69356,0.350000,1,286.147,278.632,97407.0,1.21576,1007.76,0.237821E-01,-0.621212E-03,0.353975E-02,455.171,899.591,0.291154E-02,50.5976,444.419,269.163,-0.292542,0.309547,0.174243E-01,0.426267,-0.135719E-12,-0.181969E-14,0.426267,1.90255,59.7514,133.382,2.34270,-9999,0.780652E-01,0.159569,19.8905,0.101053,4.76050,-0.213851E-01,0,-9999,-9999,-9999,-9999,-9999,-9999,-9999,-0.729185E-02,1.01608,-2.01296,1.02858,-0.362610,1.03389,2.43623,1.03609,-0.809067E-02,1.03389,800000099,800000099,800000099,800000099,800000099,801100099,811110199,811110199,81100,81100,80,81,1,0,1,0,0,0,0.540855E-01,0.261950,0.310090E-02,0.345465E-01,0.225795,3.27288,-0.164298E-02,0.243623E-02,-0.809067E-02,16.0000,0.382222,251.000,68.7500,7.90576,97400.1,1.27780
CH-CHA_201201010200.csv,2012-01-01,04:00,1.166,0,36000,36000,-0.192682E-02,2,0.149483E-02,-0.806820,1,0.495115,-0.274558,1,0.105243,-0.423357,2,0.780291,-0.612639E-02,1,0.234835E-02,0.106600,0.819326E-01,-0.237263,0.182822E-02,0.174702E-09,0.173669E-11,19.8922,473.194,475.431,0.350000,1,197.746,4.70398,4.72621,0.500000,0,286.041,278.697,97406.0,1.21545,1007.77,0.237879E-01,-0.396990E-03,0.356339E-02,458.318,903.660,0.293174E-02,50.7180,445.342,269.255,0.503567,-0.362570E-01,0.143558E-01,0.505075,0.261286E-13,0.878242E-14,0.505075,1.44458,187.957,355.882,1.62875,-9999,0.398155E-01,0.172468,6.68999,0.300449,2.93862,-0.165434E-01,0,-9999,-9999,-9999,-9999,-9999,-9999,-9999,-0.188581E-02,1.02175,-0.788659,1.04298,-0.235228,1.07267,-0.346538,1.07764,-0.524881E-02,1.07267,800000099,800100099,800000099,800000099,800000099,800000099,811110199,811110199,80000,80000,80,81,2,4,2,2,2,3,0.212198,0.130143,0.259541E-02,0.278399E-01,0.777250E-01,2.18842,-0.643855E-03,-0.346538E-03,-0.524881E-02,16.0000,0.322222,251.000,68.7500,7.89969,97402.5,1.27873
CH-CHA_201201010200.csv,2012-01-01,04:30,1.187,0,36000,36000,0.268391E-02,2,0.183715E-02,-5.21838,1,0.938157,-1.43382,0,0.265415,2.88772,0,0.878426,-0.319956E-01,0,0.592268E-02,0.852601E-01,-0.141204E-01,0.353061,-0.315094E-03,0.106456E-09,0.104323E-11,20.1501,479.443,481.706,0.350000,1,197.465,4.69840,4.72058,0.350000,1,285.847,278.749,97401.0,1.21517,1007.77,0.237936E-01,-0.207331E-02,0.355832E-02,457.752,906.928,0.292826E-02,50.4728,449.176,269.239,0.307649,0.508968,0.172949E-01,0.594975,-0.663126E-13,0.528313E-14,0.594975,1.49158,133.477,58.8488,1.66572,-9999,0.469965E-01,0.116112,1.70094,1.18170,3.63949,-0.906718E-01,0,-9999,-9999,-9999,-9999,-9999,-9999,-9999,0.256166E-02,1.04772,-4.83113,1.09624,-1.07766,1.19872,2.64866,1.21235,-0.240478E-01,1.19872,800000099,800000099,800000099,800000099,800000099,800100099,811110199,811110199,80000,80000,80,81,4,1,4,2,9,3,0.134483,0.937529E-01,0.398815E-02,0.422784E-01,0.662589E-01,3.30734,-0.394504E-02,0.264866E-02,-0.240478E-01,16.0000,0.298889,251.000,68.7500,7.79924,97400.6,1.27856
CH-CHA_201201010200.csv,2012-01-01,05:00,1.208,0,36000,36000,-0.609987E-02,1,0.758320E-03,-1.60993,1,0.367787,-1.03230,1,0.174364,0.746514E-01,2,0.258992,-0.230371E-01,1,0.389117E-02,0.121297,0.794881E-01,-0.437357,0.177389E-02,0.338995E-10,0.339915E-12,19.8188,471.700,473.942,0.300000,0,198.726,4.72980,4.75228,0.300000,0,285.972,278.823,97398.0,1.21479,1007.80,0.238006E-01,-0.149280E-02,0.358104E-02,460.797,911.596,0.294787E-02,50.5484,450.799,269.327,0.808269,0.102508,0.340779E-01,0.815455,-0.159527E-12,0.171047E-14,0.815455,1.55769,181.142,7.22793,2.39509,-9999,0.708614E-01,0.914651E-01,18.8993,0.106353,1.55956,-0.185577E-01,0,-9999,-9999,-9999,-9999,-9999,-9999,-9999,-0.601411E-02,1.01426,-1.62294,1.02820,-0.925924,1.06425,0.167500,1.06861,-0.206633E-01,1.06425,800000099,800100099,800000099,800000099,800000099,800100099,811110199,811110199,81100,81100,80,81,1,2,2,1,1,0,0.653462E-01,0.115080,0.250381E-02,0.233564E-01,0.770457E-01,2.78890,-0.132566E-02,0.167500E-03,-0.206633E-01,16.0000,0.330000,251.000,68.7500,7.85823,97399.5,1.28001
CH-CHA_201201010200.csv,2012-01-01,05:30,1.229,0,36000,36000,0.366505E-02,1,0.711153E-03,-0.162730,2,0.191903,-0.341808,1,0.102048,-2.00135,2,1.27307,-0.762795E-02,1,0.227736E-02,0.819555E-02,-0.299761E-01,0.816563E-01,-0.668961E-03,-0.433885E-10,-0.432648E-12,19.8792,473.146,475.389,0.350000,1,198.225,4.71796,4.74032,0.100000,0,285.949,278.828,97398.0,1.21477,1007.79,0.238011E-01,-0.494291E-03,0.357201E-02,459.643,911.912,0.294047E-02,50.4043,452.269,269.294,0.753291,0.458486,0.306864E-01,0.882382,-0.296244E-13,-0.218261E-14,0.882382,1.90139,156.349,31.3266,1.99296,-9999,0.549278E-01,0.144195,87.0825,0.230816E-01,0.476084,-0.241998E-02,0,-9999,-9999,-9999,-9999,-9999,-9999,-9999,0.362405E-02,1.01131,-0.178645,1.02141,-0.322465,1.04185,-1.90331,1.04463,-0.719627E-02,1.04185,800000099,800000099,800000099,800000099,800000099,800000099,811110199,811110199,80000,80000,80,81,0,8,8,1,0,18,0.957803E-01,0.188297,0.431222E-02,0.459789E-01,0.228789,2.14435,-0.145924E-03,-0.190331E-02,-0.719627E-02,16.0000,0.357778,251.000,68.7500,7.80488,97399.7,1.27890
CH-CHA_201201010200.csv,2012-01-01,06:00,1.249,0,36000,36000,0.482952E-02,1,0.852891E-03,-0.891267,1,0.396863,0.784581,2,0.369458,0.320510,2,0.256827,0.175094E-01,2,0.824512E-02,0.245866E-01,-0.138975,-0.439104,-0.310147E-02,0.137205E-09,0.137480E-11,19.5527,465.372,467.552,0.350000,1,195.919,4.66305,4.68490,0.350000,1,286.060,278.843,97404.0,1.21481,1007.75,0.238009E-01,0.113461E-02,0.353047E-02,454.322,912.861,0.290619E-02,49.7690,458.539,269.139,0.451750,0.507981,0.296794E-01,0.680444,-0.598522E-13,0.701718E-14,0.680444,1.46154,135.475,48.3531,2.49991,-9999,0.630518E-01,0.983209E-01,24.0504,0.835746E-01,-1.13598,-0.115464E-01,0,-9999,-9999,-9999,-9999,-9999,-9999,-9999,0.476440E-02,1.01367,-0.824567,1.02591,0.768071,1.04657,0.346242,1.04958,0.171409E-01,1.04657,800000099,800000099,800000099,800000099,800000099,800000099,811110199,811110199,81100,81100,80,81,4,12,1,5,8,20,0.548478E-01,0.135175,0.661865E-02,0.192977E-01,0.177289E-01,3.85380,-0.673539E-03,0.346242E-03,0.171409E-01,16.0000,0.281111,251.000,68.7500,7.80680,97400.7,1.27875
CH-CHA_201201010200.csv,2012-01-01,06:30,1.270,0,36000,36000,-0.109707E-01,2,0.384361E-02,-4.63702,1,1.24197,-1.39823,1,0.401146,3.72908,1,0.867752,-0.312040E-01,1,0.895231E-02,0.327945E-02,0.667545E-01,0.845319E-01,0.148975E-02,-0.720257E-10,-0.723457E-12,19.6229,466.868,469.068,0.100000,0,197.101,4.68942,4.71151,0.100000,0,286.180,278.845,97441.0,1.21525,1007.77,0.237920E-01,-0.202202E-02,0.355175E-02,457.064,912.988,0.292265E-02,50.0625,455.924,269.219,0.158224,0.392617,0.156411E-01,0.423589,0.269151E-13,-0.367049E-14,0.423589,2.20848,106.948,68.0507,2.11614,-9999,0.950132E-01,0.345127,15.8223,0.127036,3.31636,-0.398500E-01,0,-9999,-9999,-9999,-9999,-9999,-9999,-9999,-0.107888E-01,1.01686,-4.57853,1.03063,-1.22555,1.03769,3.85546,1.04011,-0.273505E-01,1.03769,800000099,800000099,800000099,800000099,800000099,800000099,810110099,811110099,81100,81100,80,81,0,0,0,2,2,18,0.562124,0.123620,0.450915E-02,0.599001E-01,0.439842E-01,4.93786,-0.373852E-02,0.385546E-02,-0.273505E-01,15.9953,0.436667,251.000,68.7500,7.87271,97441.1,1.27964
CH-CHA_201201010200.csv,2012-01-01,07:00,1.291,0,36000,36000,-0.556753E-02,2,0.233485E-02,-5.65495,0,1.26880,-1.20006,1,0.291540,4.24477,0,1.07782,-0.267845E-01,1,0.650700E-02,0.195064,0.108573,-0.137082,0.242329E-02,0.172082E-09,0.175339E-11,19.5144,464.441,466.650,0.200000,0,198.837,4.73232,4.75482,0.150000,0,286.496,278.964,97450.0,1.21482,1007.80,0.238000E-01,-0.173563E-02,0.358304E-02,461.288,920.549,0.294943E-02,50.1101,459.261,269.341,0.848975,0.769401,0.413782E-01,1.14649,-0.137962E-12,0.881823E-14,1.14649,3.58479,148.792,42.1851,2.06831,-9999,0.676979E-01,0.302022,4.69336,0.428264,4.71224,-0.682291E-01,0,-9999,-9999,-9999,-9999,-9999,-9999,-9999,-0.543025E-02,1.02528,-5.43465,1.05209,-0.869490,1.20400,3.76124,1.21777,-0.194065E-01,1.20400,800000099,800000099,800000099,800000099,800000099,800100099,801110199,811110199,81100,81100,80,81,16,1,5,10,0,4,0.444829,0.144459,0.147564E-01,0.698846E-01,0.670484E-01,3.63852,-0.443901E-02,0.376124E-02,-0.194065E-01,15.9957,0.364444,251.000,68.7500,7.89550,97450.4,1.28090
CH-CHA_201201010200.csv,2012-01-01,07:30,1.312,0,36000,36000,-0.255323E-01,0,0.266818E-02,-10.4978,0,1.14429,-0.432863,1,0.941031E-01,1.44161,1,0.570514,-0.966791E-02,1,0.210177E-02,1.18065,0.266302,-0.704087,0.594778E-02,-0.158973E-09,-0.170172E-11,18.9431,451.947,454.144,0.250000,0,202.776,4.83786,4.86138,0.200000,0,287.398,279.686,97464.0,1.21181,1007.86,0.238581E-01,-0.626480E-03,0.365403E-02,471.644,967.622,0.301534E-02,48.7426,495.978,269.638,1.99690,0.671734,0.643036E-01,2.10783,-0.157019E-13,-0.839212E-14,2.10783,4.34395,168.676,18.5924,1.74819,-9999,0.145153,0.227412,24.9246,0.806432E-01,24.2521,-0.592155E-01,0,-9999,-9999,-9999,-9999,-9999,-9999,-9999,-0.251906E-01,1.01356,-10.2241,1.02915,-0.132902,1.14185,1.76243,1.15076,-0.296834E-02,1.14185,800000099,800000099,800000099,800000099,800000099,800001099,800010099,800110099,81100,81100,80,80,9,11,4,4,7,17,0.219144,0.195224,0.404565E-01,0.396412E-01,0.166955E-01,0.364181,-0.837119E-02,0.176243E-02,-0.296834E-02,15.9934,0.450000,251.000,68.7500,8.16871,97463.5,1.29066
CH-CHA_201201010200.csv,2012-01-01,08:00,1.333,0,36000,36000,-0.343443E-01,0,0.342948E-02,-13.6191,0,2.08420,-2.41440,1,0.434662,2.43022,0,1.24525,-0.539200E-01,1,0.970713E-02,-0.165248,-0.116716,0.252318,-0.260656E-02,0.128653E-09,0.135063E-11,19.1411,456.422,458.620,0.300000,0,200.948,4.79163,4.81470,0.250000,0,287.077,279.585,97482.0,1.21250,1007.84,0.238451E-01,-0.349401E-02,0.362109E-02,467.223,960.911,0.298647E-02,48.6229,493.688,269.512,1.88057,0.413903,0.585313E-01,1.92647,-0.118801E-12,0.672127E-14,1.92647,3.92517,174.262,12.4125,1.74106,-9999,0.168301,0.284828,29.9512,0.671092E-01,5.64078,-0.662201E-01,0,-9999,-9999,-9999,-9999,-9999,-9999,-9999,-0.339129E-01,1.01272,-13.3872,1.02720,-1.82443,1.12043,2.85284,1.12794,-0.407442E-01,1.12043,800000099,800000099,800000099,800000099,800000099,800001099,800010199,800010199,80000,80000,80,81,10,11,4,0,1,2,0.284662,0.247392,0.376023E-01,0.749506E-01,0.469593E-01,1.96670,-0.109552E-01,0.285284E-02,-0.407442E-01,16.0000,0.233333,251.000,68.7500,8.21419,97483.4,1.28856
CH-CHA_201201010800.csv,2012-01-01,08:30,1.354,0,36000,36000,-0.135652E-01,0,0.227551E-02,-6.96381,0,1.58515,-1.29614,1,0.431089,2.30756,0,0.581829,-0.289484E-01,1,0.962804E-02,0.125917,0.986064E-01,-0.324618,0.220230E-02,-0.562632E-10,-0.603095E-12,18.8897,450.662,452.849,0.150000,0,202.482,4.83071,4.85416,0.200000,0,287.077,279.662,97458.0,1.21185,1007.86,0.238576E-01,-0.187586E-02,0.364872E-02,470.918,966.023,0.301087E-02,48.7481,495.105,269.617,0.722984,1.29235,0.524154E-01,1.48176,0.659923E-13,-0.297851E-14,1.48176,3.46194,127.260,60.7759,2.02719,-9999,0.105801,0.200442,14.5496,0.138148,5.37271,-0.538901E-01,0,-9999,-9999,-9999,-9999,-9999,-9999,-9999,-0.133626E-01,1.01516,-6.81778,1.03178,-0.976781,1.13132,2.37435,1.13956,-0.218157E-01,1.13132,800000099,800000099,800000099,800000099,800000099,800100099,800110199,801110199,80000,80000,80,80,8,0,2,2,0,8,0.176499,0.202169,0.222162E-01,0.950174E-01,0.159163E-01,2.94332,-0.558207E-02,0.237435E-02,-0.218157E-01,16.0000,0.293333,251.000,68.7500,8.22668,97499.8,1.28976
CH-CHA_201201010800.csv,2012-01-01,09:00,1.374,1,36000,36000,-0.666826E-01,1,0.866555E-02,-16.7404,1,2.73666,0.405665,2,0.275143,1.08939,1,0.396374,0.906025E-02,2,0.614513E-02,0.654356E-02,0.112487,0.294096E-02,0.251233E-02,0.597941E-09,0.646779E-11,18.8988,450.714,452.922,0.350000,1,204.424,4.87528,4.89916,0.500000,0,286.371,279.666,97495.0,1.21227,1007.89,0.238488E-01,0.587104E-03,0.368372E-02,475.443,966.290,0.303870E-02,49.2029,490.847,269.745,0.108418,0.561491,0.436051E-01,0.573523,0.352929E-12,0.316391E-13,0.573523,2.31711,121.883,79.0712,4.36043,-9999,0.234535,0.546279,65.9482,0.304784E-01,-41.2667,-0.584183E-01,0,53.3543,-8.09673,18.3148,45.6065,69.5528,97.5488,146.146,-0.658342E-01,1.01289,-16.3513,1.02232,0.827738,1.02943,1.95031,1.03121,0.184870E-01,1.02943,800000099,800000099,800000099,800000099,800000099,800001099,811110199,811110199,80000,80000,80,81,3,1,3,0,13,17,0.644653,0.433967,0.139365E-01,0.816211E-01,0.388042E-02,0.645413,-0.133827E-01,0.195031E-02,0.184870E-01,15.9895,0.517778,251.000,68.7500,8.54619,97500.3,1.29204
CH-CHA_201201010800.csv,2012-01-01,09:30,1.395,1,36000,36000,-0.130530E-01,1,0.274290E-02,-0.267944,2,1.91721,2.95364,1,0.613055,-2.49939,1,0.859033,0.659808E-01,1,0.136950E-01,0.348231,0.346763,-0.170554,0.774630E-02,0.939490E-10,0.105195E-11,18.7599,447.686,449.942,0.150000,0,210.055,5.01278,5.03803,0.100000,0,286.389,279.879,97507.0,1.21143,1007.97,0.238641E-01,0.427556E-02,0.378520E-02,488.912,980.559,0.312457E-02,49.8605,491.647,270.119,-0.367664E-01,0.369095,0.295861E-01,0.372100,-0.242439E-12,0.500797E-14,0.372100,2.34789,80.0138,95.6886,4.56047,-9999,0.103802,0.327498,357.249,0.562633E-02,-0.907166E-01,-0.211395E-02,0,-9999,-9999,-9999,-9999,-9999,-9999,-9999,-0.128598E-01,1.01502,-0.907935E-01,1.02136,2.89710,1.01695,-2.47011,1.01786,0.647180E-01,1.01695,800000099,800000099,800000099,800000099,800000099,800000099,811110099,811110099,80000,80000,80,81,0,6,0,2,16,0,0.169770,0.477087,0.813972E-02,0.122289,0.342465E-01,8.25539,-0.743551E-04,-0.247011E-02,0.647180E-01,15.9977,0.440000,251.000,68.7500,9.39279,97505.0,1.29765
CH-CHA_201201010800.csv,2012-01-01,10:00,1.416,1,36000,36000,-0.802982E-02,1,0.199143E-02,-0.116881,2,0.766336,5.88238,0,0.835548,-3.48829,0,0.567258,0.131492,0,0.186775E-01,1.12537,0.880981E-01,-0.462917,0.196931E-02,0.783059E-10,0.899472E-12,18.3702,439.450,441.679,0.100000,0,211.012,5.04782,5.07343,0.100000,0,287.968,280.569,97511.0,1.20849,1007.99,0.239219E-01,0.852070E-02,0.380244E-02,492.350,1028.07,0.314645E-02,47.8907,535.720,270.214,0.713501,0.633561,0.293044E-01,0.954643,0.116546E-13,0.426266E-14,0.954643,2.38380,144.414,41.6038,1.75907,-9999,0.815140E-01,0.141612,396.616,0.506788E-02,-0.198697E-01,-0.117710E-02,0,-9999,-9999,-9999,-9999,-9999,-9999,-9999,-0.792590E-02,1.01311,0.223296,1.02031,5.65965,1.03468,-3.41521,1.03648,0.126513,1.03468,800000099,800000099,800000099,800000099,800000099,800000099,800110099,811110199,80000,80000,80,80,1,0,0,8,20,15,0.161555,0.103146,0.185229E-01,0.161692,0.116200E-01,11.2362,0.183308E-03,-0.341521E-02,0.126513,15.9957,0.388889,251.000,68.7500,10.2351,97510.6,1.30909
CH-CHA_201201010800.csv,2012-01-01,10:30,1.437,1,36000,36000,-0.192462E-01,0,0.409576E-02,3.61098,1,2.29723,12.0572,0,1.32447,-7.66716,0,1.26571,0.269642,0,0.296199E-01,0.763695,0.233726,0.599412E-01,0.522694E-02,0.151252E-09,0.176516E-11,18.3848,440.518,442.794,0.100000,0,214.557,5.14097,5.16754,0.100000,0,289.048,281.038,97515.0,1.20648,1008.05,0.239609E-01,0.174728E-01,0.386631E-02,501.456,1061.51,0.320463E-02,47.2398,560.056,270.460,0.515455,1.21894,0.436189E-01,1.32416,-0.362329E-13,0.822701E-14,1.32416,3.11014,119.091,67.0779,1.88770,-9999,0.126303,0.184920,-47.7593,-0.420861E-01,0.299488,0.235077E-01,0,-9999,-9999,-9999,-9999,-9999,-9999,-9999,-0.190270E-01,1.01152,4.22895,1.01990,11.3802,1.04513,-7.61808,1.04753,0.254501,1.04513,800000099,800000099,800000099,800000099,800000099,800000099,800010199,800110199,80000,80000,80,81,4,2,0,1,5,0,0.241632,0.103439,0.247694E-01,0.175931,0.294891E-01,16.4061,0.347720E-02,-0.761808E-02,0.254501,16.0000,0.303333,251.000,68.7500,10.7379,97514.7,1.31627
CH-CHA_201201010800.csv,2012-01-01,11:00,1.458,1,36000,36000,-0.233257E-01,0,0.294667E-02,7.11420,0,2.61346,11.7182,0,1.13531,-5.26046,0,0.942780,0.262139,0,0.253973E-01,0.509113,-0.170332,0.139248,-0.381038E-02,-0.207872E-10,-0.238042E-12,18.4683,443.002,445.261,0.250000,0,211.488,5.07299,5.09886,0.250000,0,290.439,281.351,97517.0,1.20519,1008.02,0.239871E-01,0.169866E-01,0.381101E-02,494.835,1084.36,0.316217E-02,45.6338,589.526,270.281,1.81854,0.563640,0.616903E-01,1.90489,0.168941E-13,-0.112556E-14,1.90489,3.87476,169.388,17.2203,1.85586,-9999,0.139120,0.226353,-32.3958,-0.620451E-01,0.607106,0.420930E-01,0,-9999,-9999,-9999,-9999,-9999,-9999,-9999,-0.230785E-01,1.01071,7.63179,1.02064,10.7855,1.06272,-5.40533,1.06580,0.241275,1.06272,800000099,800000099,800000099,800000099,800000099,800000099,800010199,800010199,80000,80000,80,80,1,2,0,6,3,2,0.193770,0.223101,0.358352E-01,0.115826,0.225000E-01,18.0605,0.628204E-02,-0.540533E-02,0.241275,15.9965,0.355556,251.000,68.7500,10.9050,97516.7,1.32144
CH-CHA_201201010800.csv,2012-01-01,11:30,1.479,1,36000,36000,-0.392551E-01,0,0.363583E-02,10.0598,0,1.35572,14.6328,0,1.13052,-7.14884,0,1.23821,0.327503,0,0.253026E-01,0.839285,0.157317,-0.419285,0.352095E-02,-0.464947E-10,-0.548311E-12,18.1200,435.507,437.755,0.250000,0,213.689,5.13593,5.16245,0.300000,0,291.376,281.868,97503.0,1.20278,1008.06,0.240347E-01,0.212222E-01,0.385067E-02,500.903,1123.05,0.320148E-02,44.6020,622.149,270.445,2.05729,0.648556,0.852936E-01,2.15878,0.467773E-13,-0.256593E-14,2.15878,4.04181,169.190,17.4974,2.26435,-9999,0.180658,0.225776,-50.1636,-0.400689E-01,0.687479,0.459259E-01,0,-9999,-9999,-9999,-9999,-9999,-9999,-9999,-0.388405E-01,1.01067,10.6734,1.02125,13.3335,1.07073,-7.28617,1.07393,0.298422,1.07073,800000099,800000099,800000099,800000099,800000099,800000099,800010199,800010199,81100,81100,80,80,1,3,2,5,5,6,0.217146,0.190072,0.443338E-01,0.288076E-01,0.345562E-01,15.6469,0.880299E-02,-0.728617E-02,0.298422,15.9953,0.487222,251.000,68.7500,11.5702,97502.4,1.32961
CH-CHA_201201010800.csv,2012-01-01,12:00,1.499,1,36000,36000,-0.259297E-01,1,0.852263E-02,19.0592,0,1.66988,14.7792,0,5.34924,-8.17299,0,1.28208,0.330998,0,0.119803,1.13198,1.52527,-0.414447,0.341605E-01,0.143100E-09,0.192152E-11,17.7656,428.079,430.554,0.150000,0,238.553,5.74818,5.78141,0.100000,0,291.281,282.567,97496.0,1.19944,1008.41,0.240960E-01,0.214487E-01,0.429873E-02,560.575,1177.30,0.358395E-02,47.6154,616.722,271.970,0.695418,0.674943,0.437108E-01,0.970085,-0.358381E-12,0.805491E-14,0.970085,3.22473,127.904,44.1440,2.58255,-9999,0.147032,0.650353,-14.2745,-0.140811,1.28960,0.107171,0,-9999,-9999,-9999,-9999,-9999,-9999,-9999,-0.255966E-01,1.01301,19.5399,1.02027,13.6218,1.03512,-8.97405,1.03693,0.305078,1.03512,800000099,800000099,800000099,800000099,800000099,800000099,800000199,811000199,80000,80000,80,81,8,7,0,10,26,6,0.766984,0.502036,0.316847E-01,0.416082E-01,0.381347E-01,449.211,0.161549E-01,-0.897405E-02,0.305078,15.9981,0.424444,250.142,63.3873,13.0049,97499.1,1.34230
CH-CHA_201201010800.csv,2012-01-01,12:30,1.520,1,36000,36000,-0.448284E-02,1,0.104541E-02,17.2100,0,2.89580,13.8018,0,3.65682,-8.45605,0,1.62896,0.309310,0,0.819523E-01,1.09505,2.70656,-0.800751,0.606564E-01,0.106265E-09,0.175661E-11,17.1193,413.686,416.535,0.250000,0,282.989,6.83841,6.88550,0.200000,0,291.882,283.245,97451.0,1.19552,1009.03,0.241650E-01,0.200433E-01,0.509946E-02,666.589,1232.10,0.426547E-02,54.1017,565.515,274.355,-0.340337,-0.334040,0.119190E-01,0.477026,-0.104860E-12,0.620735E-14,0.477026,2.06303,318.745,224.465,1.43175,-9999,0.612347E-01,0.236406,-1.14179,-1.76039,1.24694,0.232983,0,-9999,-9999,-9999,-9999,-9999,-9999,-9999,-0.439690E-02,1.01954,17.6191,1.02403,12.7697,1.02362,-9.21778,1.02479,0.286179,1.02362,800000099,800000099,800000099,800000099,800000099,800001099,801100199,811110199,81100,81100,80,81,1,4,1,7,22,14,0.246292,0.203466,0.230539E-01,0.119747,0.389379E-01,137.222,0.146059E-01,-0.921778E-02,0.286179,16.0000,3.07056,249.883,61.7705,14.9480,97451.2,1.35902
CH-CHA_201201010800.csv,2012-01-01,13:00,1.541,1,36000,36000,-0.161297E-01,0,0.363859E-02,11.2869,0,2.40231,13.1922,0,3.36877,-5.71368,0,1.01970,0.295713,0,0.755138E-01,0.376048,3.54990,-0.955150,0.795740E-01,0.766706E-10,0.159916E-11,16.3923,396.502,399.808,0.100000,0,341.903,8.27005,8.33902,0.100000,0,293.045,283.478,97437.0,1.19372,1009.81,0.241883E-01,0.191622E-01,0.616109E-02,806.025,1251.45,0.516126E-02,64.4073,445.426,277.025,-0.281335,0.706045,0.390894E-01,0.761037,-0.328993E-12,0.467723E-14,0.761037,2.53970,84.4567,111.726,2.94420,-9999,0.116242,0.417486,-11.9110,-0.168752,0.855579,0.805510E-01,0,-9999,-9999,-9999,-9999,-9999,-9999,-9999,-0.158958E-01,1.01472,11.8300,1.02110,12.2244,1.02903,-6.17998,1.03114,0.274020,1.02903,800000099,800000099,800000099,800000099,800000099,800011099,810110199,811110199,80000,80000,80,81,1,0,0,15,26,10,0.173667,0.643092,0.182129E-01,0.101041,0.249245E-01,162.774,0.981394E-02,-0.617998E-02,0.274020,15.9969,0.282222,249.000,56.2500,14.7189,97437.0,1.36134
CH-CHA_201201010800.csv,2012-01-01,13:30,1.562,1,36000,36000,-0.156541E-01,0,0.290399E-02,22.4015,0,2.17464,28.9724,0,2.42615,-8.78201,0,0.812411,0.649926,0,0.544247E-01,1.25350,0.601204,-0.128738,0.134865E-01,-0.478118E-10,-0.103263E-11,16.2466,394.179,397.563,0.100000,0,350.892,8.51343,8.58654,0.100000,0,293.524,284.257,97407.0,1.18997,1009.97,0.242622E-01,0.421152E-01,0.632308E-02,829.491,1318.09,0.531364E-02,62.9312,488.600,277.434,0.360049,1.45388,0.492553E-01,1.49861,-0.735421E-13,-0.294288E-14,1.49861,3.36616,110.910,76.0907,1.88350,-9999,0.114695,0.212656,-5.76397,-0.348718,0.773200,0.162513,0,-9999,-9999,-9999,-9999,-9999,-9999,-9999,-0.154818E-01,1.01113,23.6405,1.02000,26.4105,1.04883,-9.59551,1.05295,0.592455,1.04883,800000099,800000099,800000099,800000099,800000099,800000099,800000199,800000199,80100,80100,80,80,4,0,0,17,36,18,0.207903,0.186228,0.311812E-01,0.613825E-01,0.127150E-01,60.2932,0.196705E-01,-0.959551E-02,0.592455,15.9977,0.326667,249.000,56.2500,15.4834,97406.2,1.37480
CH-CHA_201201010800.csv,2012-01-01,14:00,1.583,1,36000,36000,-0.370786E-01,0,0.376089E-02,6.99951,1,1.80321,18.6996,0,2.02117,-4.53366,1,0.865118,0.419540,0,0.453465E-01,0.236395,-0.386040,0.341351E-03,-0.866108E-02,0.250800E-10,0.531716E-12,16.2373,394.185,397.507,0.150000,0,344.244,8.35704,8.42747,0.150000,0,294.124,284.404,97400.0,1.18934,1009.88,0.242765E-01,0.271862E-01,0.620327E-02,814.194,1331.01,0.521572E-02,61.1711,516.816,277.169,1.18548,1.54721,0.741039E-01,1.95057,0.543174E-13,0.154459E-14,1.95057,4.19044,133.621,52.5405,2.17724,-9999,0.176567,0.414615,-67.2959,-0.298681E-01,0.374313,0.330053E-01,0,-9999,-9999,-9999,-9999,-9999,-9999,-9999,-0.366863E-01,1.01069,7.92964,1.02074,17.1654,1.06196,-4.71467,1.06726,0.385117,1.06196,800000099,800000099,800000099,800000099,800000099,800000099,800010199,800010199,80000,80000,80,81,0,4,0,6,22,2,0.229192,0.550917,0.491221E-01,0.124601,0.287164E-01,62.2737,0.660203E-02,-0.471467E-02,0.385117,15.9965,0.395556,249.000,56.2500,15.6890,97400.2,1.37451
CH-CHA_201201011400.csv,2012-01-01,14:30,1.604,1,36000,36000,-0.413305E-01,0,0.519513E-02,7.14448,0,1.76600,24.5678,0,2.96110,-3.96664,0,0.709738,0.551170,0,0.664313E-01,-0.771027E-01,-0.231362,-0.347771E-01,-0.519053E-02,0.886816E-10,0.186198E-11,16.1933,393.556,396.835,0.300000,0,339.999,8.26321,8.33206,0.300000,0,294.427,284.356,97275.0,1.18806,1009.82,0.243036E-01,0.357158E-01,0.612678E-02,804.020,1326.78,0.515698E-02,60.5993,522.760,276.990,1.87048,0.394536,0.502267E-01,1.91230,0.254364E-12,0.547644E-14,1.91230,4.17634,172.359,11.9107,1.50505,-9999,0.186516,0.524107,-77.6425,-0.258879E-01,0.290807,0.319280E-01,0,-9999,-9999,-9999,-9999,-9999,-9999,-9999,-0.408926E-01,1.01071,8.41155,1.02066,22.6678,1.06086,-4.24256,1.06604,0.508544,1.06086,800000099,800000099,800000099,800000099,800001199,800001199,800010199,800010199,81100,81100,80,81,3,6,2,10,27,10,0.329856,0.667427,0.509310E-01,0.491261E-01,0.166150E-01,131.215,0.701120E-02,-0.424256E-02,0.508544,15.9977,0.410000,249.003,56.2674,15.5900,97350.4,1.37662
CH-CHA_201201011400.csv,2012-01-01,15:00,1.624,1,36000,36000,-0.346143E-01,0,0.503680E-02,1.35114,0,1.13344,17.3940,0,1.36238,-5.09118,0,0.507818,0.390261,0,0.305670E-01,0.136533,-0.146889,-0.710491E-01,-0.329567E-02,0.670671E-10,0.140258E-11,16.1403,392.272,395.516,0.350000,1,337.544,8.20364,8.27149,0.350000,1,294.400,284.441,97303.0,1.18807,1009.80,0.243039E-01,0.252889E-01,0.608254E-02,798.452,1334.28,0.511968E-02,59.8415,535.827,276.891,2.14022,-0.960455E-03,0.566617E-01,2.14097,-0.632755E-12,0.415526E-14,2.14097,4.60132,185.442,359.974,1.51654,-9999,0.170690,0.409439,-314.726,-0.638651E-02,0.776786E-01,0.659808E-02,0,-9999,-9999,-9999,-9999,-9999,-9999,-9999,-0.342488E-01,1.01067,2.31622,1.02121,16.1029,1.06762,-4.94540,1.07336,0.361293,1.06762,800000099,800000099,800000099,800000099,800000099,800000099,800010199,800110199,81100,81100,80,81,6,2,1,12,16,2,0.358930,0.411073,0.488742E-01,0.147683E-01,0.803958E-02,26.1938,0.193065E-02,-0.494540E-02,0.361293,15.9981,2.88056,249.000,56.2500,15.8969,97301.1,1.37708
CH-CHA_201201011400.csv,2012-01-01,15:30,1.645,1,36000,36000,-0.114807E-01,1,0.309180E-02,2.35475,0,0.932626,11.2143,0,1.36877,-6.16704,0,0.839460,0.251609,0,0.307103E-01,0.160628E-02,0.240356,-0.515213E-01,0.539277E-02,-0.156261E-09,-0.331462E-11,16.1017,391.340,394.616,0.150000,0,341.550,8.30112,8.37061,0.150000,0,294.270,284.442,97302.0,1.18801,1009.85,0.243042E-01,0.163043E-01,0.615474E-02,807.933,1334.37,0.518071E-02,60.5480,526.436,277.059,0.786712,0.659455,0.311622E-01,1.02702,0.105951E-12,-0.970465E-14,1.02702,2.60171,139.926,39.9712,1.73876,-9999,0.983048E-01,0.251011,-34.4980,-0.582643E-01,0.209978,0.199661E-01,0,-9999,-9999,-9999,-9999,-9999,-9999,-9999,-0.113369E-01,1.01268,2.96780,1.02014,10.6355,1.03579,-6.13975,1.03858,0.238623,1.03579,800000099,800000099,800000099,800000099,800000099,800000099,801110199,811110199,80100,80100,80,81,1,3,4,13,12,10,0.270667,0.212652,0.187028E-01,0.204719E-01,0.160722E-01,21.8548,0.247376E-02,-0.613975E-02,0.238623,15.9977,0.317778,249.000,56.2500,15.8166,97300.6,1.37439
CH-CHA_201201011400.csv,2012-01-01,16:00,1.666,1,36000,36000,-0.921327E-02,1,0.192998E-02,-5.40428,1,1.82187,3.01198,1,1.75396,-1.45854,1,0.661426,0.675532E-01,1,0.393382E-01,-0.622477,0.262644,0.384880E-01,0.589064E-02,0.594680E-10,0.127534E-11,16.1521,392.035,395.359,0.400000,0,346.394,8.40747,8.47875,0.350000,1,294.495,284.055,97301.0,1.18957,1009.90,0.242714E-01,0.437745E-02,0.624202E-02,818.274,1300.52,0.524729E-02,62.9192,482.243,277.240,0.236008,0.310501,0.166922E-01,0.390371,0.171405E-12,0.368175E-14,0.390371,1.80280,143.361,52.7620,2.45071,-9999,0.880059E-01,0.263747,10.7849,0.186372,-1.79426,-0.511159E-01,0,-9999,-9999,-9999,-9999,-9999,-9999,-9999,-0.904428E-02,1.01868,-5.04679,1.03459,3.10453,1.04081,-1.17705,1.04433,0.696290E-01,1.04081,800000099,800000099,800000099,800000099,800000099,800001099,811100199,811110199,80000,80000,80,81,0,6,2,6,64,26,0.128519,0.392782,0.619347E-02,0.109297,0.239887E-01,70.8432,-0.420095E-02,-0.117705E-02,0.696290E-01,15.9969,0.272222,249.000,56.2500,14.7548,97300.7,1.36441
CH-CHA_201201011400.csv,2012-01-01,16:30,1.687,1,36000,36000,-0.138300E-01,1,0.369395E-02,-10.1729,1,3.79711,-2.49952,1,2.28019,-4.24379,1,1.04164,-0.559450E-01,1,0.510358E-01,-3.47142,-0.595371,-0.895459E-01,-0.133258E-01,0.399686E-10,0.836235E-12,16.2091,390.431,393.646,0.350000,1,339.132,8.16872,8.23600,0.350000,1,293.361,281.913,97306.0,1.19878,1009.73,0.240872E-01,-0.362523E-02,0.611116E-02,795.079,1126.48,0.509782E-02,70.5810,331.398,276.831,0.130942,0.300993,0.127146E-01,0.328488,-0.560587E-13,0.246581E-14,0.328488,1.59057,106.594,66.4893,2.21827,-9999,0.107409,0.193971,10.4155,0.192982,4.06993,-0.782455E-01,0,-9999,-9999,-9999,-9999,-9999,-9999,-9999,-0.135598E-01,1.01992,-9.96229,1.03623,-1.95553,1.03675,-3.59588,1.03972,-0.437693E-01,1.03675,800000099,800000099,800000099,800000099,800000199,800110199,811110199,811110199,80000,80000,80,81,0,0,7,13,10,56,0.303385,0.788003E-01,0.575736E-02,0.336020,0.338325E-01,91.9489,-0.823030E-02,-0.359588E-02,-0.437693E-01,16.0000,0.242222,249.006,56.2896,11.4813,97301.9,1.32495
CH-CHA_201201011400.csv,2012-01-01,17:00,1.708,0,36000,36000,-0.654605E-02,2,0.357184E-02,-23.2778,0,3.36829,-5.27324,1,1.32598,3.61271,0,1.21301,-0.117949,1,0.296588E-01,-1.12752,-1.24940,0.740444,-0.279460E-01,-0.137267E-09,-0.260799E-11,16.8017,403.662,406.782,0.100000,0,319.221,7.66933,7.72860,0.350000,1,293.038,281.219,97317.0,1.20210,1009.44,0.240251E-01,-0.764310E-02,0.575236E-02,746.556,1074.67,0.478526E-02,69.4682,328.117,275.941,0.272430,0.822962,0.167676E-01,0.867044,-0.527022E-13,-0.816985E-14,0.867044,3.15102,119.440,71.6836,1.10810,-9999,0.737938E-01,0.763858,1.47608,1.36172,4.41433,-0.259957,0,-9999,-9999,-9999,-9999,-9999,-9999,-9999,-0.621948E-02,1.05251,-21.3015,1.10577,-3.25987,1.30657,3.60504,1.33326,-0.729150E-01,1.30657,800000099,800000099,800000099,800000099,800000199,800101199,810100199,811110199,80000,80000,80,81,2,0,3,10,9,45,1.08083,0.430175,0.167048E-01,0.331927,0.554028E-01,37.2792,-0.175545E-01,0.360504E-02,-0.729150E-01,16.0000,0.268889,249.051,56.5691,9.34466,97317.0,1.31131
CH-CHA_201201011400.csv,2012-01-01,17:30,1.729,0,36000,36000,0.502516E-01,1,0.383742E-02,0.203978,2,0.728649,-19.7243,1,11.4424,-13.1870,1,10.3903,-0.440498,1,0.255542,-2.65033,-3.12218,-1.08648,-0.697272E-01,-0.539852E-10,-0.903215E-12,16.0938,384.362,386.850,0.350000,1,269.262,6.43070,6.47232,0.350000,1,291.757,279.597,97333.0,1.20984,1008.74,0.238826E-01,-0.285443E-01,0.485211E-02,626.087,961.707,0.401054E-02,65.1017,335.619,273.486,0.623449,0.231819,0.207331E-01,0.665476,0.385066E-12,-0.335441E-14,0.665476,3.02632,151.785,20.3968,1.78535,-9999,0.203803,0.705125,-3548.08,-0.566503E-03,-0.103414E-01,0.820098E-03,0,59.1524,-8.97661,20.3051,50.5626,77.1112,108.150,162.028,0.496747E-01,1.01161,-0.956256,1.01980,-19.1099,1.02589,-12.6717,1.02806,-0.426780,1.02589,800000099,800000099,800000099,800001099,800000099,800000099,801100199,811100199,81000,81000,80,81,6,9,6,12,0,0,0.276139,1.12598,0.814143E-02,0.352475,4.71780,2420.42,-0.783556E-03,-0.126717E-01,-0.426780,16.0000,0.336970,249.596,59.9750,7.78696,97332.8,1.29098
CH-CHA_201201011400.csv,2012-01-01,18:00,1.749,0,36000,36000,0.850456E-02,1,0.197411E-02,-1.09397,2,2.01856,-20.7257,1,5.66404,-28.4924,1,6.68332,-0.462856,1,0.126492,-0.343118E-01,-9.47322,-5.65370,-0.211560,-0.660076E-10,-0.621667E-12,11.8974,283.985,284.747,0.350000,1,112.051,2.67462,2.68179,0.100000,0,291.492,279.576,97379.0,1.21223,1006.69,0.238696E-01,-0.299931E-01,0.201917E-02,260.521,960.316,0.166567E-02,27.1287,699.794,261.959,0.534029,0.705730,0.325415E-01,0.885608,-0.136144E-12,-0.554807E-14,0.885608,2.38499,136.246,52.8851,2.10580,-9999,0.837595E-01,0.249249,45.9119,0.437795E-01,0.527831E-01,-0.107026E-01,0,-9999,-9999,-9999,-9999,-9999,-9999,-9999,0.839144E-02,1.01348,-2.22768,1.02674,-19.2659,1.07206,-26.5199,1.06798,-0.430254,1.07206,800000099,800000099,800000099,800001099,800000099,800101099,811110199,811110199,80000,80000,80,81,4,0,6,0,0,0,0.251270,0.243478,0.374928E-02,0.375268,4.14827,1559.40,-0.182547E-02,-0.265199E-01,-0.430254,16.0000,0.273333,251.502,71.8851,7.42022,97378.7,1.28910
CH-CHA_201201011400.csv,2012-01-01,18:30,1.770,0,36000,36000,-0.119332E-01,1,0.965826E-03,-3.86341,1,1.03654,-11.1396,1,5.96847,-7.55507,1,3.29254,-0.248746,1,0.133276,-0.186428,7.79506,6.38606,0.174063,0.745324E-10,0.108121E-11,16.6520,397.321,399.624,0.350000,1,241.563,5.76378,5.79720,0.200000,0,291.245,279.462,97377.0,1.21128,1008.36,0.238603E-01,-0.161187E-01,0.435297E-02,561.410,952.795,0.359370E-02,58.9225,391.385,271.990,1.20709,0.672881,0.496590E-01,1.38286,-0.120034E-12,0.447588E-14,1.38286,2.31000,156.152,29.1372,2.05796,-9999,0.992558E-01,0.177566,21.6436,0.928680E-01,0.346819,-0.318679E-01,0,-9999,-9999,-9999,-9999,-9999,-9999,-9999,-0.117702E-01,1.01385,-4.36053,1.02887,-9.91427,1.10476,-6.52499,1.11383,-0.221385,1.10476,800000099,800000099,800000099,800000099,800000099,800000199,811100199,811110199,80000,80000,80,81,0,0,4,2,0,4,0.714846E-01,0.280283,0.336412E-02,0.114349,1.17068,2019.38,-0.357008E-02,-0.652499E-02,-0.221385,16.0000,0.380000,249.732,60.8255,7.54047,97376.6,1.28662
CH-CHA_201201011400.csv,2012-01-01,19:00,1.791,0,36000,36000,0.871577E-02,1,0.123570E-02,-6.90283,1,0.831373,-9999,-9999,-9999,-9999,-9999,-9999,-9999,-9999,-9999,-0.106209,-9999,-9999,-9999,-9999,-9999,-9999,-9999,-9999,-9999,1,-9999,-9999,-9999,-9999,1,291.375,279.397,97362.0,1.21402,1005.26,0.238585E-01,-9999,-9999,-9999,-9999,-9999,-9999,-999900.,-9999,1.21373,0.615895,0.370468E-01,1.36156,-0.371288E-13,0.277490E-14,1.36156,2.14415,161.286,26.9051,1.55916,-9999,0.847306E-01,0.875773E-01,7.52811,0.266999,-9999,-0.667551E-01,0,-9999,-9999,-9999,-9999,-9999,-9999,-9999,0.854637E-02,1.01982,-6.62941,1.04124,-9999,-9999,-9999,-9999,-9999,-9999,800000099,800001199,800000099,800001199,800000199,800000199,811111199,811111199,80100,80100,80,80,15,4,6,16,0,0,0.742263E-01,0.982120E-01,0.271638E-02,0.671053E-01,-9999,-9999,-0.543216E-02,-9999,-9999,15.9942,0.472222,254.174,88.5902,6.59817,97361.7,1.28351
CH-CHA_201201011400.csv,2012-01-01,19:30,1.812,0,36000,36000,0.104336E-01,1,0.150291E-02,9.36654,1,3.32914,-9999,-9999,-9999,-9999,-9999,-9999,-9999,-9999,-9999,-2.10496,-9999,-9999,-9999,-9999,-9999,-9999,-9999,-9999,-9999,1,-9999,-9999,-9999,-9999,1,290.309,278.114,97313.0,1.21901,1005.23,0.237609E-01,-9999,-9999,-9999,-9999,-9999,-9999,-999900.,-9999,0.741087,0.415829,0.291450E-01,0.850278,0.249959E-13,0.105813E-13,0.850278,1.63426,161.450,29.2971,1.96431,-9999,0.925153E-01,0.106508,-7.21920,-0.278424,-9999,0.826212E-01,0,-9999,-9999,-9999,-9999,-9999,-9999,-9999,0.102908E-01,1.01388,9.17691,1.02066,-9999,-9999,-9999,-9999,-9999,-9999,800000099,800100199,800000099,800001199,800000199,800010199,811100199,811100199,80000,80000,80,80,0,0,3,11,0,0,0.728627E-01,0.137648,0.250459E-02,0.539589,-9999,-9999,0.748900E-02,-9999,-9999,16.0000,0.286667,255.000,93.7500,5.45290,97313.0,1.27047
CH-CHA_201201011400.csv,2012-01-01,20:00,1.833,0,36000,36000,0.873758E-02,1,0.240234E-02,6.80465,1,2.71280,-9999,-9999,-9999,-9999,-9999,-9999,-9999,-9999,-9999,-1.60192,-9999,-9999,-9999,-9999,-9999,-9999,-9999,-9999,-9999,1,-9999,-9999,-9999,-9999,1,289.004,277.141,97312.0,1.22327,1005.22,0.236780E-01,-9999,-9999,-9999,-9999,-9999,-9999,-999900.,-9999,0.460920,0.413096,0.282658E-01,0.619592,-0.254165E-13,0.907418E-14,0.619592,1.76647,139.958,41.8681,2.61474,-9999,0.845151E-01,0.178595,-7.57555,-0.265327,-9999,0.654767E-01,0,-9999,-9999,-9999,-9999,-9999,-9999,-9999,0.859517E-02,1.01657,6.65703,1.02218,-9999,-9999,-9999,-9999,-9999,-9999,800000099,800000199,800000099,800001199,800000199,800000199,811100099,811110099,80000,80000,80,81,4,2,0,11,0,0,0.200652,0.153251,0.328705E-02,0.363709,-9999,-9999,0.541373E-02,-9999,-9999,15.9973,0.352222,255.000,93.7500,4.74898,97309.8,1.25359
CH-CHA_201201012000.csv,2012-01-01,20:30,1.854,0,36000,36000,-0.422613E-02,1,0.952229E-03,-0.506982,2,0.367631,-9999,-9999,-9999,-11.7000,1,5.53421,-9999,-9999,-9999,-1.06828,-9999,-9999,-9999,-0.711179E-10,-9999,30.3144,716.812,716.812,0.350000,1,-9999,-9999,-9999,-9999,1,288.130,276.493,97216.0,1.22493,1005.21,0.236459E-01,-9999,-9999,-9999,-9999,-9999,-9999,-999900.,-9999,0.694534,0.508056,0.313574E-01,0.861093,0.294712E-13,-0.234601E-14,0.861093,1.88619,146.315,36.1857,2.08693,-9999,0.587375E-01,0.163248,34.1083,0.589299E-01,-9999,-0.700986E-02,0,-9999,-9999,-9999,-9999,-9999,-9999,-9999,-0.417424E-02,1.01243,-0.495039,1.02412,-9999,-9999,-11.0458,1.05514,-9999,-9999,800000099,800100199,800000099,800000199,800000199,800000199,811110099,811110099,80000,80000,80,81,0,5,6,3,3,0,0.103801,0.220479,0.221629E-02,0.324649,4.63240,-9999,-0.402043E-03,-0.110458E-01,-9999,15.9977,0.395556,255.000,93.7500,4.40005,97300.4,1.24113
CH-CHA_201201012000.csv,2012-01-01,21:00,1.874,0,36000,36000,-0.176175E-01,1,0.361240E-02,-13.6033,1,3.27708,-9999,-9999,-9999,19.6849,1,6.45160,-9999,-9999,-9999,0.117121,-9999,1.48604,-9999,-0.269472E-09,-9999,31.4381,742.932,742.932,0.100000,0,-9999,-9999,-9999,-9999,1,287.865,276.564,97300.0,1.22567,1005.21,0.236316E-01,-9999,-9999,-9999,-9999,-9999,-9999,-999900.,-9999,0.478828,0.477112,0.346989E-01,0.676843,-0.632400E-13,-0.857152E-14,0.676843,2.21077,153.629,44.8971,2.93860,-9999,0.119890,0.311975,10.8164,0.185828,-9999,-0.920931E-01,0,-9999,-9999,-9999,-9999,-9999,-9999,-9999,-0.173204E-01,1.01716,-13.1558,1.03401,-9999,-9999,19.4601,1.07605,-9999,-9999,800000099,800000199,800000099,800000199,800000199,800000199,811100099,811110099,81000,81000,80,81,0,0,0,5,1,0,0.384987,0.234546,0.441831E-02,0.323141,1.75059,-9999,-0.106779E-01,0.194601E-01,-9999,16.0000,0.335556,255.000,93.7500,4.17264,97299.8,1.23976
CH-CHA_201201012000.csv,2012-01-01,21:30,1.895,0,36000,36000,0.984478E-02,1,0.136953E-02,-4.29592,1,1.95163,-9999,-9999,-9999,8.34565,1,2.65957,-9999,-9999,-9999,-1.17399,-9999,4.32214,-9999,0.112895E-09,-9999,34.7280,818.722,818.722,0.350000,1,-9999,-9999,-9999,-9999,1,287.341,275.854,97282.0,1.22860,1005.20,0.235753E-01,-9999,-9999,-9999,-9999,-9999,-9999,-999900.,-9999,0.256274,0.334923,0.995833E-04,0.421722,0.119517E-12,0.325083E-14,0.421722,1.30035,136.381,52.5778,0.135295E-01,-9999,0.895153E-01,0.102311,14.2544,0.141009,-9999,-0.388593E-01,0,-9999,-9999,-9999,-9999,-9999,-9999,-9999,0.967818E-02,1.01721,-4.16467,1.03151,-9999,-9999,8.43158,1.04175,-9999,-9999,800000099,800100199,800000099,800000199,800000199,801000199,811110099,811110099,81000,81000,80,81,3,0,3,0,1,0,0.772985E-01,0.125667,0.165581E-02,0.171841,0.480838,-9999,-0.337224E-02,0.843158E-02,-9999,15.9949,0.352778,255.000,93.7500,3.97294,97283.2,1.23178
CH-CHA_201201012000.csv,2012-01-01,22:00,1.916,0,36000,36000,0.337243E-02,1,0.108010E-02,2.65812,1,1.44359,-9999,-9999,-9999,-0.865578,1,1.50099,-9999,-9999,-9999,-0.446819,-9999,2.86908,-9999,-0.712983E-10,-9999,36.8911,868.991,868.991,0.350000,1,-9999,-9999,-9999,-9999,1,286.744,275.584,97268.0,1.22963,1005.19,0.235556E-01,-9999,-9999,-9999,-9999,-9999,-9999,-999900.,-9999,0.402709,0.335805,0.256514E-02,0.524353,-0.877761E-14,-0.193267E-14,0.524353,1.19008,143.809,39.8235,0.280292,-9999,0.523703E-01,0.629381E-01,-4.61259,-0.435764,-9999,0.410645E-01,0,-9999,-9999,-9999,-9999,-9999,-9999,-9999,0.331156E-02,1.01838,2.59761,1.02329,-9999,-9999,-1.12464,1.02563,-9999,-9999,800000099,800100199,800000099,800000199,800100199,800101199,811110099,811110099,80000,80000,80,81,0,0,1,1,6,0,0.616737E-01,0.623351E-01,0.186772E-02,0.144657,0.238126,-9999,0.210160E-02,-0.112464E-02,-9999,15.9973,0.363889,255.000,93.7500,3.76180,97268.2,1.22645
CH-CHA_201201012000.csv,2012-01-01,22:30,1.937,0,36000,36000,-0.595901E-02,1,0.129536E-02,0.871592,1,1.52386,-9999,-9999,-9999,-9999,-9999,-9999,-9999,-9999,-9999,0.520413,-9999,-9999,-9999,-9999,-9999,-9999,-9999,-9999,-9999,1,-9999,-9999,-9999,-9999,1,286.461,275.899,97215.0,1.22755,1005.21,0.235954E-01,-9999,-9999,-9999,-9999,-9999,-9999,-999900.,-9999,0.902277,0.451361,0.164142E-01,1.00901,-0.819182E-13,-0.206965E-14,1.00901,1.81631,155.673,26.5763,0.932106,-9999,0.696733E-01,0.124781,-33.1120,-0.607030E-01,-9999,0.101380E-01,0,-9999,-9999,-9999,-9999,-9999,-9999,-9999,-0.588379E-02,1.01278,0.854356,1.02017,-9999,-9999,-9999,-9999,-9999,-9999,800000099,800100199,800000099,800001199,800000199,810000199,811110099,811110099,80000,80000,80,81,0,0,5,6,4,0,0.172589,0.744515E-01,0.252223E-02,0.159447,-9999,-9999,0.692383E-03,-9999,-9999,15.9981,0.267778,255.000,93.7500,3.82010,97214.5,1.22958
CH-CHA_201201012000.csv,2012-01-01,23:00,1.958,0,36000,36000,0.315983E-02,2,0.198605E-02,-2.87371,0,0.815504,-9999,-9999,-9999,-9999,-9999,-9999,-9999,-9999,-9999,-0.185048,-9999,-9999,-9999,-9999,-9999,-9999,-9999,-9999,-9999,1,-9999,-9999,-9999,-9999,1,286.283,275.787,97182.0,1.22764,1005.20,0.235938E-01,-9999,-9999,-9999,-9999,-9999,-9999,-999900.,-9999,0.429813,0.335084,0.429167E-03,0.544996,0.278757E-13,0.294750E-14,0.544996,1.43087,151.196,37.9401,0.451185E-01,-9999,0.507338E-01,0.131313,3.87652,0.518507,-9999,-0.459012E-01,0,-9999,-9999,-9999,-9999,-9999,-9999,-9999,0.307302E-02,1.02825,-2.71897,1.05691,-9999,-9999,-9999,-9999,-9999,-9999,800000099,800000199,800000099,800001199,800000199,810000199,811110099,811110099,81000,81000,80,81,3,7,1,6,23,0,0.162928,0.950600E-01,0.463850E-02,0.100038,-9999,-9999,-0.220335E-02,-9999,-9999,16.0000,0.303333,255.000,93.7500,4.22724,97183.2,1.22812
CH-CHA_201201012000.csv,2012-01-01,23:30,1.979,0,36000,36000,-0.511688E-02,1,0.702026E-03,-5.61845,1,1.35624,-9999,-9999,-9999,-9999,-9999,-9999,-9999,-9999,-9999,-0.335476,-9999,-9999,-9999,-9999,-9999,-9999,-9999,-9999,-9999,1,-9999,-9999,-9999,-9999,1,285.815,275.584,97133.0,1.22792,1005.20,0.235883E-01,-9999,-9999,-9999,-9999,-9999,-9999,-999900.,-9999,0.263677,-0.107976,0.334389E-02,0.284948,-0.264372E-12,0.906473E-15,0.284948,1.24266,203.375,337.731,0.672385,-9999,0.645531E-01,0.194272,4.08290,0.492297,-9999,-0.705146E-01,0,-9999,-9999,-9999,-9999,-9999,-9999,-9999,-0.497110E-02,1.02932,-5.31636,1.05682,-9999,-9999,-9999,-9999,-9999,-9999,800000099,800100199,800000099,800001199,800000199,800001199,811100099,811110099,81000,81000,80,81,0,0,0,0,0,0,0.667272E-01,0.320082,0.173324E-02,0.159014,-9999,-9999,-0.430719E-02,-9999,-9999,15.9965,0.305556,255.000,93.7500,4.52570,97132.8,1.22511
CH-CHA_201201012000.csv,2012-01-02,00:00,2.000,0,36000,36000,0.103646E-02,2,0.131991E-02,-0.665014,1,0.690486,-9999,-9999,-9999,-9999,-9999,-9999,-9999,-9999,-9999,-0.188415,-9999,-9999,-9999,-9999,-9999,-9999,-9999,-9999,-9999,1,-9999,-9999,-9999,-9999,1,285.511,275.470,97103.0,1.22805,1005.20,0.235859E-01,-9999,-9999,-9999,-9999,-9999,-9999,-999900.,-9999,0.251907,0.395350,0.498056E-02,0.468811,0.103509E-12,-0.104067E-14,0.468811,1.34689,132.067,57.4958,0.608710,-9999,0.290515E-01,0.127676,3.14350,0.639415,-9999,-0.185437E-01,0,-9999,-9999,-9999,-9999,-9999,-9999,-9999,0.100410E-02,1.03222,-0.624581,1.06474,-9999,-9999,-9999,-9999,-9999,-9999,800000099,800100199,800000099,800001199,800000199,800000199,811110099,811110099,81000,81000,80,81,3,0,3,5,3,0,0.222652,0.316175E-01,0.108217E-02,0.785625E-01,-9999,-9999,-0.505969E-03,-9999,-9999,16.0000,0.182222,255.000,93.7500,4.36585,97100.3,1.22342
CH-CHA_201201012000.csv,2012-01-02,00:30,2.020,0,36000,36000,0.475639E-02,1,0.112238E-02,-2.78964,1,0.631003,-9999,-9999,-9999,-9999,-9999,-9999,-9999,-9999,-9999,0.313915E-01,-9999,-9999,-9999,-9999,-9999,-9999,-9999,-9999,-9999,1,-9999,-9999,-9999,-9999,1,285.358,275.489,97076.0,1.22762,1005.20,0.235940E-01,-9999,-9999,-9999,-9999,-9999,-9999,-999900.,-9999,0.579295,0.302891,-0.392361E-02,0.653713,0.267190E-13,-0.403168E-14,0.653713,1.49168,160.609,27.6033,-0.343894,-9999,0.622452E-01,0.562220E-01,7.36924,0.272755,-9999,-0.363184E-01,0,-9999,-9999,-9999,-9999,-9999,-9999,-9999,0.466268E-02,1.02010,-2.68157,1.04030,-9999,-9999,-9999,-9999,-9999,-9999,800000099,800100199,800000099,800001199,800000199,800100199,811110099,811110099,80000,80000,80,81,0,0,14,5,2,0,0.907040E-01,0.200511E-01,0.168900E-02,0.611276E-01,-9999,-9999,-0.217308E-02,-9999,-9999,16.0000,0.171111,255.000,93.7500,3.93242,97076.6,1.22169
CH-CHA_201201012000.csv,2012-01-02,01:00,2.041,0,36000,36000,0.441672E-02,1,0.102469E-02,-0.334341,2,0.262757,-9999,-9999,-9999,-9999,-9999,-9999,-9999,-9999,-9999,-0.328951,-9999,-9999,-9999,-9999,-9999,-9999,-9999,-9999,-9999,1,-9999,-9999,-9999,-9999,1,285.008,275.290,97055.0,1.22825,1005.19,0.235821E-01,-9999,-9999,-9999,-9999,-9999,-9999,-999900.,-9999,0.493216,0.361248,0.117064E-01,0.611473,-0.148485E-12,0.166379E-14,0.611473,1.51413,145.444,36.2203,1.09697,-9999,0.599664E-01,0.102433,54.9689,0.365661E-01,-9999,-0.451595E-02,0,-9999,-9999,-9999,-9999,-9999,-9999,-9999,0.436100E-02,1.01278,-0.326926,1.02268,-9999,-9999,-9999,-9999,-9999,-9999,800000099,800000199,800000099,800001199,800000199,800100199,811110099,811110099,81000,81000,80,81,6,0,2,8,10,0,0.106740,0.939545E-01,0.417117E-02,0.492809E-01,-9999,-9999,-0.264799E-03,-9999,-9999,16.0000,0.243333,255.000,93.7500,3.96235,97055.1,1.21744
CH-CHA_201201012000.csv,2012-01-02,01:30,2.062,0,36000,36000,0.234769E-02,2,0.179953E-02,2.63359,1,1.34272,-9999,-9999,-9999,-9999,-9999,-9999,-9999,-9999,-9999,-0.655453,-9999,-9999,-9999,-9999,-9999,-9999,-9999,-9999,-9999,1,-9999,-9999,-9999,-9999,1,284.464,274.894,97043.0,1.22986,1005.19,0.235511E-01,-9999,-9999,-9999,-9999,-9999,-9999,-999900.,-9999,-0.504844,-0.863622E-01,0.269126E-01,0.512884,0.945451E-13,-0.602846E-14,0.512884,1.66448,5.99023,189.707,3.00787,-9999,0.436910E-01,0.228753,-2.69880,-0.744776,-9999,0.487589E-01,0,-9999,-9999,-9999,-9999,-9999,-9999,-9999,0.230472E-02,1.01864,2.57323,1.02346,-9999,-9999,-9999,-9999,-9999,-9999,800000099,800100199,800000099,800001199,800000199,801001199,811110099,811110099,80000,80000,80,81,5,0,1,0,0,0,0.230022,0.225903,0.158021E-02,0.152134,-9999,-9999,0.208150E-02,-9999,-9999,16.0000,0.247778,255.000,93.7500,3.81810,97043.3,1.21271
CH-CHA_201201012000.csv,2012-01-02,02:00,2.083,0,36000,36000,-0.578354E-02,2,0.859114E-03,-3.82317,1,0.839547,-9999,-9999,-9999,-9999,-9999,-9999,-9999,-9999,-9999,-0.427288,-9999,-9999,-9999,-9999,-9999,-9999,-9999,-9999,-9999,1,-9999,-9999,-9999,-9999,1,283.957,274.636,97009.0,1.23059,1005.18,0.235372E-01,-9999,-9999,-9999,-9999,-9999,-9999,-999900.,-9999,0.622616,0.243762,0.215435E-01,0.668981,0.229436E-12,0.385950E-14,0.668981,1.90426,166.042,21.3810,1.84544,-9999,0.685552E-01,0.253449,7.18009,0.279941,-9999,-0.450845E-01,0,-9999,-9999,-9999,-9999,-9999,-9999,-9999,-0.566850E-02,1.02029,-3.67334,1.04079,-9999,-9999,-9999,-9999,-9999,-9999,800000099,800000199,800000099,800001199,800000199,800000199,811110099,811110099,81000,81000,80,81,0,0,1,1,14,0,0.243231,0.261150,0.251687E-02,0.111916,-9999,-9999,-0.296965E-02,-9999,-9999,16.0000,0.211111,255.000,93.7500,3.57873,97006.9,1.20817
CH-CHA_201201020200.csv,2012-01-02,02:30,2.104,0,36000,36000,0.542825E-02,2,0.249137E-02,-0.270147,2,0.174443,-9999,-9999,-9999,-9999,-9999,-9999,-9999,-9999,-9999,0.143998,-9999,-9999,-9999,-9999,-9999,-9999,-9999,-9999,-9999,1,-9999,-9999,-9999,-9999,1,283.832,274.723,96981.0,1.22984,1005.18,0.235515E-01,-9999,-9999,-9999,-9999,-9999,-9999,-999900.,-9999,0.546730,0.294203,0.493903E-02,0.620881,0.153262E-12,0.195231E-14,0.620881,2.46390,155.920,28.2854,0.455785,-9999,0.664363E-01,0.188756,92.4608,0.217390E-01,-9999,-0.328930E-02,0,-9999,-9999,-9999,-9999,-9999,-9999,-9999,0.536208E-02,1.01234,-0.264470,1.02147,-9999,-9999,-9999,-9999,-9999,-9999,800000099,800000199,800000099,800001199,800000199,800100199,811110099,811110099,81000,81000,80,81,0,4,3,0,0,0,0.281332,0.911593E-01,0.502198E-02,0.308814E-01,-9999,-9999,-0.213936E-03,-9999,-9999,16.0000,0.227778,255.000,93.7500,3.83406,97000.5,1.20929
CH-CHA_201201020200.csv,2012-01-02,03:00,2.124,0,36000,36000,-0.146238E-01,1,0.268279E-02,-3.94826,1,0.715818,-9999,-9999,-9999,-9999,-9999,-9999,-9999,-9999,-9999,0.380443,-9999,-9999,-9999,-9999,-9999,-9999,-9999,-9999,-9999,1,-9999,-9999,-9999,-9999,1,283.866,274.953,97000.0,1.22905,1005.19,0.235666E-01,-9999,-9999,-9999,-9999,-9999,-9999,-999900.,-9999,0.100554,0.399267,0.222725E-01,0.412337,0.225673E-12,-0.950023E-15,0.412337,1.51132,85.7831,75.8642,3.09636,-9999,0.109080,0.278874,28.0054,0.717718E-01,-9999,-0.292982E-01,0,-9999,-9999,-9999,-9999,-9999,-9999,-9999,-0.144012E-01,1.01546,-3.84687,1.02636,-9999,-9999,-9999,-9999,-9999,-9999,800000099,800100199,800000099,800001199,800000199,800000199,811110099,811110099,80000,80000,80,81,0,0,1,3,5,0,0.324305,0.231225,0.221756E-02,0.285742E-01,-9999,-9999,-0.311380E-02,-9999,-9999,16.0000,0.303333,255.000,93.7500,4.08455,96999.9,1.21297
CH-CHA_201201020200.csv,2012-01-02,03:30,2.145,0,36000,36000,-0.390062E-02,2,0.772854E-03,-6.84854,1,0.887215,-9999,-9999,-9999,-9999,-9999,-9999,-9999,-9999,-9999,0.120699,-9999,-9999,-9999,-9999,-9999,-9999,-9999,-9999,-9999,1,-9999,-9999,-9999,-9999,1,284.009,275.026,96985.0,1.22854,1005.19,0.235765E-01,-9999,-9999,-9999,-9999,-9999,-9999,-999900.,-9999,0.805917,0.569226,0.259661E-01,0.987013,-0.108397E-12,0.808489E-14,0.987013,2.25513,153.779,35.2339,1.50750,-9999,0.563473E-01,0.221979,2.22526,0.903266,-9999,-0.984214E-01,0,-9999,-9999,-9999,-9999,-9999,-9999,-9999,-0.375204E-02,1.03960,-6.33842,1.08048,-9999,-9999,-9999,-9999,-9999,-9999,800000099,800000199,800000099,800001199,800000199,800100199,810110099,811110099,80000,80000,80,81,7,0,6,1,4,0,0.331428,0.107956,0.457380E-02,0.935002E-01,-9999,-9999,-0.513271E-02,-9999,-9999,15.9977,0.275556,255.000,93.7500,3.99322,96987.4,1.21462
CH-CHA_201201020200.csv,2012-01-02,04:00,2.166,0,36000,36000,0.972375E-02,1,0.179335E-02,-4.29377,1,0.783271,-9999,-9999,-9999,-9999,-9999,-9999,-9999,-9999,-9999,0.622131,-9999,-9999,-9999,-9999,-9999,-9999,-9999,-9999,-9999,1,-9999,-9999,-9999,-9999,1,284.493,275.403,96930.0,1.22616,1005.20,0.236222E-01,-9999,-9999,-9999,-9999,-9999,-9999,-999900.,-9999,0.400459,0.199853,0.631944E-02,0.447603,0.152738E-12,-0.125242E-13,0.447603,1.70851,153.658,26.5219,0.808953,-9999,0.890519E-01,0.209277,14.0048,0.143522,-9999,-0.391199E-01,0,-9999,-9999,-9999,-9999,-9999,-9999,-9999,0.956080E-02,1.01704,-4.16242,1.03156,-9999,-9999,-9999,-9999,-9999,-9999,800000099,800000199,800000099,800001199,800001199,800101199,811110099,811110099,80000,80000,80,81,0,0,0,4,8,0,0.189227,0.226066,0.326134E-02,0.474800E-01,-9999,-9999,-0.337715E-02,-9999,-9999,16.0000,0.248889,255.000,93.7500,4.16860,96929.5,1.22030
CH-CHA_201201020200.csv,2012-01-02,04:30,2.187,0,36000,36000,0.360339E-02,2,0.134050E-02,-3.38836,1,0.534238,-9999,-9999,-9999,-9999,-9999,-9999,-9999,-9999,-9999,-0.564897,-9999,-9999,-9999,-9999,-9999,-9999,-9999,-9999,-9999,1,-9999,-9999,-9999,-9999,1,284.330,275.061,96900.0,1.22730,1005.19,0.236002E-01,-9999,-9999,-9999,-9999,-9999,-9999,-999900.,-9999,0.676382,0.541316,0.232497E-01,0.866635,0.784451E-13,-0.112079E-14,0.866635,2.21081,143.563,38.6707,1.53729,-9999,0.541851E-01,0.210132,3.99703,0.502874,-9999,-0.506886E-01,0,-9999,-9999,-9999,-9999,-9999,-9999,-9999,0.350758E-02,1.02732,-3.20914,1.05585,-9999,-9999,-9999,-9999,-9999,-9999,800000099,800100199,800000099,800001199,800000199,800000199,811110099,811110099,80000,80000,80,81,0,1,2,2,2,0,0.196052,0.222163,0.204814E-02,0.591638E-01,-9999,-9999,-0.260130E-02,-9999,-9999,16.0000,0.271111,255.000,93.7500,3.90467,96900.0,1.21465
CH-CHA_201201020200.csv,2012-01-02,05:00,2.208,0,36000,36000,-0.127052E-01,1,0.264435E-02,-5.47179,1,1.04323,-9999,-9999,-9999,-9999,-9999,-9999,-9999,-9999,-9999,0.990618E-01,-9999,-9999,-9999,-9999,-9999,-9999,-9999,-9999,-9999,1,-9999,-9999,-9999,-9999,1,284.401,275.121,96879.0,1.22677,1005.18,0.236104E-01,-9999,-9999,-9999,-9999,-9999,-9999,-999900.,-9999,0.771337,0.222367,0.201286E-01,0.803002,0.603269E-13,-0.394040E-15,0.803002,2.09998,167.545,16.0816,1.43637,-9999,0.101768,0.312087,16.3955,0.122595,-9999,-0.436022E-01,0,-9999,-9999,-9999,-9999,-9999,-9999,-9999,-0.125211E-01,1.01471,-5.31673,1.02916,-9999,-9999,-9999,-9999,-9999,-9999,800000099,800000199,800000099,800001199,800000199,801000199,811100099,811110099,80000,80000,80,81,0,19,5,4,3,0,0.327266,0.293336,0.357072E-02,0.757813E-01,-9999,-9999,-0.431156E-02,-9999,-9999,16.0000,8.46444,255.000,93.7500,3.97738,96881.3,1.21487
CH-CHA_201201020200.csv,2012-01-02,05:30,2.229,0,36000,36000,-0.241945E-01,1,0.441438E-02,-5.69231,1,1.04232,-9999,-9999,-9999,-9999,-9999,-9999,-9999,-9999,-9999,-0.437640,-9999,-9999,-9999,-9999,-9999,-9999,-9999,-9999,-9999,1,-9999,-9999,-9999,-9999,1,284.344,274.856,96812.0,1.22710,1005.18,0.236040E-01,-9999,-9999,-9999,-9999,-9999,-9999,-999900.,-9999,0.629160,0.356697,0.274687E-01,0.723761,-0.151431E-12,0.361845E-14,0.723761,2.56733,161.389,29.5507,2.17506,-9999,0.140416,0.524638,41.3777,0.485769E-01,-9999,-0.328659E-01,0,-9999,-9999,-9999,-9999,-9999,-9999,-9999,-0.238948E-01,1.01254,-5.56214,1.02340,-9999,-9999,-9999,-9999,-9999,-9999,800000099,800001199,800000099,800001199,800000199,800000199,811100099,811110099,81000,81000,80,81,0,0,5,3,9,0,0.587522,0.455467,0.628730E-02,0.600554E-01,-9999,-9999,-0.450936E-02,-9999,-9999,15.9973,5.72833,255.000,93.7500,3.73815,96809.5,1.21108
CH-CHA_201201020200.csv,2012-01-02,06:00,2.249,0,36000,36000,-0.727602E-01,1,0.861714E-02,-4.95874,1,3.96639,-9999,-9999,-9999,-9999,-9999,-9999,-9999,-9999,-9999,-0.234596,-9999,-9999,-9999,-9999,-9999,-9999,-9999,-9999,-9999,1,-9999,-9999,-9999,-9999,1,284.006,274.714,96798.0,1.22756,1005.18,0.235952E-01,-9999,-9999,-9999,-9999,-9999,-9999,-999900.,-9999,-0.771197E-01,-0.115048,0.159731E-01,0.139422,-0.934583E-13,-0.142236E-13,0.139422,2.60409,329.377,236.165,6.57859,-9999,0.243459,0.507889,247.551,0.811954E-02,-9999,-0.165066E-01,0,63.4826,-9.63374,21.7915,54.2640,82.7560,116.067,173.889,-0.708057E-01,1.02760,-4.82429,1.02787,-9999,-9999,-9999,-9999,-9999,-9999,800000099,800000199,800000099,800001199,800000199,800100199,810100099,810110099,80000,80000,80,81,7,0,0,0,2,0,0.371665,0.634529,0.958549E-02,0.227258,-9999,-9999,-0.390972E-02,-9999,-9999,15.9977,0.403333,255.000,93.7500,3.59201,96799.0,1.21014
CH-CHA_201201020200.csv,2012-01-02,06:30,2.270,0,36000,36000,-0.296815E-02,2,0.180272E-02,-4.40052,1,1.07053,-9999,-9999,-9999,-9999,-9999,-9999,-9999,-9999,-9999,0.649831,-9999,-9999,-9999,-9999,-9999,-9999,-9999,-9999,-9999,1,-9999,-9999,-9999,-9999,1,284.448,275.108,96774.0,1.22550,1005.19,0.236349E-01,-9999,-9999,-9999,-9999,-9999,-9999,-999900.,-9999,0.330553,0.398698,0.171421E-01,0.518188,0.822434E-15,0.257714E-14,0.518188,1.52230,140.179,50.3385,1.89574,-9999,0.492138E-01,0.209571,2.30379,0.872476,-9999,-0.725864E-01,0,-9999,-9999,-9999,-9999,-9999,-9999,-9999,-0.285717E-02,1.03884,-4.08071,1.07837,-9999,-9999,-9999,-9999,-9999,-9999,800000099,800101199,800000099,800001199,800000199,800011199,801110099,811110099,81000,81000,80,81,0,0,3,2,6,0,0.226002,0.191743,0.139508E-02,0.767218E-01,-9999,-9999,-0.331265E-02,-9999,-9999,15.9953,0.500000,255.000,93.7500,3.49373,96773.7,1.21704
CH-CHA_201201020200.csv,2012-01-02,07:00,2.291,0,36000,36000,-0.104207E-01,1,0.221219E-02,-3.18273,1,1.73507,-9999,-9999,-9999,-9999,-9999,-9999,-9999,-9999,-9999,-0.202931,-9999,-9999,-9999,-9999,-9999,-9999,-9999,-9999,-9999,1,-9999,-9999,-9999,-9999,1,284.327,274.985,96762.0,1.22590,1005.18,0.236273E-01,-9999,-9999,-9999,-9999,-9999,-9999,-999900.,-9999,0.196312,0.228509,0.129761E-01,0.301535,0.128812E-13,-0.162136E-14,0.301535,1.52164,136.234,49.3342,2.46640,-9999,0.921980E-01,0.215297,20.9415,0.959818E-01,-9999,-0.280143E-01,0,-9999,-9999,-9999,-9999,-9999,-9999,-9999,-0.102379E-01,1.01786,-3.09240,1.02921,-9999,-9999,-9999,-9999,-9999,-9999,800000099,800100199,800000099,800001199,800000199,800000199,811100099,811110099,81000,81000,80,81,0,0,0,1,15,0,0.284536,0.144860,0.119905E-02,0.182737,-9999,-9999,-0.250955E-02,-9999,-9999,15.9969,0.393889,255.000,93.7500,3.51363,96762.0,1.21674
CH-CHA_201201020200.csv,2012-01-02,07:30,2.312,0,36000,36000,0.794723E-02,1,0.190974E-02,2.70492,1,1.38060,-9999,-9999,-9999,-9999,-9999,-9999,-9999,-9999,-9999,0.314744,-9999,-9999,-9999,-9999,-9999,-9999,-9999,-9999,-9999,1,-9999,-9999,-9999,-9999,1,284.380,275.176,96713.0,1.22442,1005.19,0.236557E-01,-9999,-9999,-9999,-9999,-9999,-9999,-999900.,-9999,0.710522,0.388300,0.186056E-01,0.809917,0.692298E-13,0.125150E-13,0.809917,1.90339,163.089,28.6565,1.31633,-9999,0.805642E-01,0.124831,-16.4346,-0.122303,-9999,0.272793E-01,0,-9999,-9999,-9999,-9999,-9999,-9999,-9999,0.783571E-02,1.01423,2.64969,1.02085,-9999,-9999,-9999,-9999,-9999,-9999,800000099,800100199,800000099,800001199,800000199,800100199,811110099,811110099,80000,80000,80,81,0,7,1,3,1,0,0.171848,0.751686E-01,0.264494E-02,0.120502,-9999,-9999,0.215286E-02,-9999,-9999,16.0000,0.320000,255.000,93.7500,3.79339,96710.8,1.21881
CH-CHA_201201020200.csv,2012-01-02,08:00,2.333,0,36000,36000,0.774744E-02,1,0.158180E-02,-2.93988,1,0.744256,-9999,-9999,-9999,-9999,-9999,-9999,-9999,-9999,-9999,0.307915,-9999,-9999,-9999,-9999,-9999,-9999,-9999,-9999,-9999,1,-9999,-9999,-9999,-9999,1,284.344,275.363,96704.0,1.22348,1005.19,0.236740E-01,-9999,-9999,-9999,-9999,-9999,-9999,-999900.,-9999,0.607309,0.510363,0.205994E-01,0.793548,0.934558E-14,0.519918E-14,0.793548,1.89584,147.709,40.0426,1.48749,-9999,0.795758E-01,0.137115,14.5705,0.137950,-9999,-0.300403E-01,0,-9999,-9999,-9999,-9999,-9999,-9999,-9999,0.763107E-02,1.01525,-2.85330,1.03035,-9999,-9999,-9999,-9999,-9999,-9999,800000099,800100199,800000099,800001199,800000199,810000199,811110099,811110099,81000,81000,80,81,0,0,3,0,2,0,0.205892,0.666714E-01,0.166662E-02,0.680646E-01,-9999,-9999,-0.232008E-02,-9999,-9999,16.0000,0.384444,255.000,93.7500,3.93339,96700.2,1.22002
CH-CHA_201201020800.csv,2012-01-02,08:30,2.354,0,36000,36000,0.271591E-02,2,0.241682E-02,-4.52656,0,1.13965,-9999,-9999,-9999,-9999,-9999,-9999,-9999,-9999,-9999,-0.467555,-9999,-9999,-9999,-9999,-9999,-9999,-9999,-9999,-9999,1,-9999,-9999,-9999,-9999,1,283.891,275.079,96588.0,1.22327,1005.19,0.236780E-01,-9999,-9999,-9999,-9999,-9999,-9999,-999900.,-9999,0.444651,0.561554,0.192892E-01,0.716540,0.228453E-13,0.456832E-14,0.716540,1.93197,134.336,51.6270,1.54258,-9999,0.471190E-01,0.128070,1.96295,1.02397,-9999,-0.781270E-01,0,-9999,-9999,-9999,-9999,-9999,-9999,-9999,0.260447E-02,1.04279,-4.16578,1.08661,-9999,-9999,-9999,-9999,-9999,-9999,800000099,800001199,800000099,800001199,800000199,800110199,811110099,811110099,81000,81000,80,81,0,0,1,21,4,0,0.183306,0.678853E-01,0.494817E-02,0.710345E-01,-9999,-9999,-0.338786E-02,-9999,-9999,15.9973,0.510000,255.000,93.7500,3.95617,96700.7,1.21559
CH-CHA_201201020800.csv,2012-01-02,09:00,2.374,1,36000,36000,-0.264086E-01,1,0.288103E-02,-7.85399,1,3.18330,-9999,-9999,-9999,-9999,-9999,-9999,-9999,-9999,-9999,0.678045,-9999,-9999,-9999,-9999,-9999,-9999,-9999,-9999,-9999,1,-9999,-9999,-9999,-9999,1,284.263,275.491,96698.0,1.22283,1005.19,0.236864E-01,-9999,-9999,-9999,-9999,-9999,-9999,-999900.,-9999,0.561923,0.167987,0.127849E-01,0.586635,-0.360216E-12,-0.558842E-14,0.586635,4.39656,161.726,16.6440,1.24878,-9999,0.146956,0.706273,34.3492,0.585167E-01,-9999,-0.434797E-01,0,-9999,-9999,-9999,-9999,-9999,-9999,-9999,-0.260560E-01,1.01353,-7.66620,1.02450,-9999,-9999,-9999,-9999,-9999,-9999,800000099,800000199,800000099,800001199,800100199,801110199,801110099,811110099,80000,80000,80,81,4,1,8,19,36,0,0.311052,1.08643,0.150629E-01,0.265760,-9999,-9999,-0.623682E-02,-9999,-9999,15.9981,0.410000,255.000,93.7500,4.42864,96708.3,1.22210
CH-CHA_201201020800.csv,2012-01-02,09:30,2.395,1,36000,36000,-0.513643E-01,1,0.736249E-02,-0.806605,2,0.501150,-9999,-9999,-9999,-9999,-9999,-9999,-9999,-9999,-9999,1.47814,-9999,-9999,-9999,-9999,-9999,-9999,-9999,-9999,-9999,1,-9999,-9999,-9999,-9999,1,285.047,276.392,96707.0,1.21896,1005.21,0.237617E-01,-9999,-9999,-9999,-9999,-9999,-9999,-999900.,-9999,0.212207,0.322716E-02,0.706139E-02,0.212349,-0.528503E-13,0.232168E-16,0.212349,3.42342,174.898,0.871262,1.90564,-9999,0.205275,0.937552,911.637,0.220482E-02,-9999,-0.320686E-02,0,50.9161,-7.72671,17.4778,43.5223,66.3743,93.0908,139.467,-0.503130E-01,1.02089,-0.787536,1.02421,-9999,-9999,-9999,-9999,-9999,-9999,800000099,800000199,800000099,800001199,800000199,800100199,810110099,811110099,80000,80000,80,81,0,0,6,3,0,0,0.439234,1.42396,0.119063E-01,0.480201E-01,-9999,-9999,-0.642725E-03,-9999,-9999,15.9934,0.502222,255.000,93.7500,5.58632,96705.2,1.23646
CH-CHA_201201020800.csv,2012-01-02,10:00,2.416,1,36000,36000,-0.210673E-02,2,0.847423E-03,-0.928227,2,0.646360,-9999,-9999,-9999,-9999,-9999,-9999,-9999,-9999,-9999,1.04613,-9999,-9999,-9999,-9999,-9999,-9999,-9999,-9999,-9999,1,-9999,-9999,-9999,-9999,1,285.548,277.031,96728.0,1.21641,1005.22,0.238115E-01,-9999,-9999,-9999,-9999,-9999,-9999,-999900.,-9999,0.394141,0.738536,0.173907E-01,0.837308,0.365443E-12,0.580079E-14,0.837308,1.86016,119.280,61.9121,1.19011,-9999,0.416164E-01,0.210344,6.60221,0.304444,-9999,-0.182410E-01,0,-9999,-9999,-9999,-9999,-9999,-9999,-9999,-0.206372E-02,1.02084,-0.890380,1.04251,-9999,-9999,-9999,-9999,-9999,-9999,800000099,800010199,800000099,800001199,800000199,800010199,811110099,811110099,81000,81000,80,81,0,12,1,15,3,0,0.148918,0.265997,0.577313E-02,0.288466E-01,-9999,-9999,-0.728172E-03,-9999,-9999,15.9977,0.288889,255.000,93.7500,6.48860,96728.4,1.24717
CH-CHA_201201020800.csv,2012-01-02,10:30,2.437,1,36000,36000,-0.301501E-01,1,0.249821E-02,0.863579,2,2.64478,-9999,-9999,-9999,-9999,-9999,-9999,-9999,-9999,-9999,0.731036,-9999,-9999,-9999,-9999,-9999,-9999,-9999,-9999,-9999,1,-9999,-9999,-9999,-9999,1,286.576,277.478,96782.0,1.21513,1005.23,0.238366E-01,-9999,-9999,-9999,-9999,-9999,-9999,-999900.,-9999,1.33939,0.228968,0.316683E-01,1.35919,0.754640E-13,0.216358E-14,1.35919,4.04132,175.663,9.70094,1.33508,-9999,0.157518,0.605040,-384.961,-0.522130E-02,-9999,0.448832E-02,0,-9999,-9999,-9999,-9999,-9999,-9999,-9999,-0.298094E-01,1.01143,0.846724,1.01991,-9999,-9999,-9999,-9999,-9999,-9999,800000099,800010199,800000099,800001199,800000199,800000199,800010099,801110099,81000,81000,80,81,3,0,0,10,0,0,0.273670,0.914504,0.219073E-01,0.105228,-9999,-9999,0.693195E-03,-9999,-9999,15.9965,0.384444,255.000,93.7500,6.94062,96781.7,1.25458
CH-CHA_201201020800.csv,2012-01-02,11:00,2.458,1,36000,36000,-0.154319E-01,2,0.373178E-02,-0.703760,2,0.896320,-9999,-9999,-9999,-9999,-9999,-9999,-9999,-9999,-9999,0.933596,-9999,-9999,-9999,-9999,-9999,-9999,-9999,-9999,-9999,1,-9999,-9999,-9999,-9999,1,287.079,278.050,96787.0,1.21270,1005.23,0.238845E-01,-9999,-9999,-9999,-9999,-9999,-9999,-999900.,-9999,1.19956,0.467065,0.319178E-01,1.28767,-0.236894E-13,-0.602694E-14,1.28767,3.93514,168.864,21.2742,1.42035,-9999,0.112807,0.477309,173.510,0.115844E-01,-9999,-0.511767E-02,0,-9999,-9999,-9999,-9999,-9999,-9999,-9999,-0.152762E-01,1.01019,-0.689666,1.02044,-9999,-9999,-9999,-9999,-9999,-9999,800000099,800000099,800000099,800000199,800000199,800000199,800110199,810110199,81100,81100,80,80,0,5,1,6,0,0,0.545452,0.390815,0.183505E-01,0.357516E-01,-9999,-9999,-0.565745E-03,-9999,-9999,16.0000,0.326667,255.000,93.7500,7.54226,96787.0,1.26434
CH-CHA_201201020800.csv,2012-01-02,11:30,2.479,1,36000,36000,-0.129096E-01,1,0.312996E-02,3.98944,2,2.04665,-9999,-9999,-9999,27.4827,2,24.6986,-9999,-9999,-9999,1.53076,-9999,-9999,-9999,0.102383E-09,-9999,26.8328,643.036,643.036,0.350000,1,-9999,-9999,-9999,-9999,1,288.288,278.991,96790.0,1.20864,1005.25,0.239646E-01,-9999,-9999,-9999,-9999,-9999,-9999,-999900.,-9999,0.873235,0.836584,0.482753E-01,1.21027,-0.483032E-13,0.381558E-14,1.21027,2.94112,140.557,43.7720,2.28603,-9999,0.103349,0.281211,-23.5382,-0.853931E-01,-9999,0.317710E-01,0,-9999,-9999,-9999,-9999,-9999,-9999,-9999,-0.127581E-01,1.01188,3.91153,1.01992,-9999,-9999,26.0206,1.04405,-9999,-9999,800000099,800000099,800000099,800000199,800000099,800010099,800110199,810110199,81100,81100,80,81,0,6,1,4,0,0,0.230227,0.309601,0.225943E-01,0.220292,10.9691,-9999,0.321940E-02,0.260206E-01,-9999,16.0000,0.253333,253.604,85.0247,8.89898,96791.4,1.28141
CH-CHA_201201020800.csv,2012-01-02,12:00,2.499,1,36000,36000,-0.111521,0,0.111617E-01,-53.1945,0,15.5671,-9999,-9999,-9999,6.98656,1,16.3934,-9999,-9999,-9999,2.41532,-9999,-11.7660,-9999,0.100376E-10,-9999,17.9326,432.140,432.140,0.350000,1,-9999,-9999,-9999,-9999,1,290.272,280.484,96769.0,1.20195,1005.27,0.240980E-01,-9999,-9999,-9999,-9999,-9999,-9999,-999900.,-9999,1.61588,0.987477E-01,0.197717E-01,1.61902,-0.675651E-12,0.559738E-15,1.61902,7.89919,172.075,3.49703,0.699723,-9999,0.304604,2.22622,45.1903,0.444786E-01,-9999,-0.144531,0,29.4616,-4.47091,10.1132,25.1833,38.4061,53.8651,80.6998,-0.110258,1.01145,-51.9442,1.02407,-9999,-9999,8.97083,1.09257,-9999,-9999,800000099,800000099,800000099,800000199,800100199,800100199,801010199,801110199,80100,80100,80,81,15,20,27,58,30,0,1.14629,3.20224,0.103899,0.905489,1.29191,-9999,-0.429899E-01,0.897083E-02,-9999,15.9957,0.501111,249.546,59.6608,10.1439,96769.4,1.30963
CH-CHA_201201020800.csv,2012-01-02,12:30,2.520,1,36000,36000,-0.184410,2,0.275799E-01,-86.5708,1,16.7188,-9999,-9999,-9999,-36.0987,2,36.8042,-9999,-9999,-9999,2.10146,-9999,4.25969,-9999,-0.338025E-09,-9999,21.0179,508.847,508.847,0.350000,1,-9999,-9999,-9999,-9999,1,292.296,281.789,96769.0,1.19638,1005.30,0.242102E-01,-9999,-9999,-9999,-9999,-9999,-9999,-999900.,-9999,1.69860,-3.03100,-0.110017E-01,3.47453,0.574020E-12,-0.160827E-13,3.47453,10.4808,238.713,299.267,-0.181420,-9999,0.392605,3.83368,59.4583,0.338052E-01,-9999,-0.183337,0,27.0372,-4.10299,9.28098,23.1110,35.2457,49.4326,74.0590,-0.181919,1.01369,-83.9986,1.03062,-9999,-9999,-25.9951,1.18214,-9999,-9999,800000099,800000199,800000099,800001199,800001099,800101099,801000199,801000199,81100,81100,80,81,31,11,12,0,8,0,4.91540,2.53851,0.213466,1.09757,6.75693,-9999,-0.698404E-01,-0.259951E-01,-9999,16.0000,0.293333,251.716,73.2227,10.4744,96768.7,1.32718
CH-CHA_201201020800.csv,2012-01-02,13:00,2.541,1,36000,36000,-0.170789,1,0.137007E-01,-58.9075,0,7.99810,-9999,-9999,-9999,34.7677,0,35.9291,-9999,-9999,-9999,0.829624,-9999,4.60255,-9999,-0.163424E-09,-9999,24.4083,591.858,591.858,0.350000,1,-9999,-9999,-9999,-9999,1,292.055,282.305,96794.0,1.19450,1005.32,0.242482E-01,-9999,-9999,-9999,-9999,-9999,-9999,-999900.,-9999,1.51190,-4.66840,-0.116989E-01,4.90713,-0.618421E-13,-0.669542E-14,4.90713,13.0374,257.793,287.945,-0.136597,-9999,0.378126,3.32021,78.0800,0.257428E-01,-9999,-0.129732,0,24.8420,-3.76988,8.52747,21.2346,32.3841,45.4192,68.0462,-0.168052,1.01628,-56.8074,1.03697,-9999,-9999,31.4454,1.24053,-9999,-9999,800000099,800001199,800000099,800001199,800001199,800001199,800000199,801000199,81100,81100,80,80,5,3,3,0,26,10,2.60758,3.78878,0.244070,0.420032,13.5382,-9999,-0.473061E-01,0.314454E-01,-9999,15.9981,0.387778,254.915,93.2163,10.4800,96794.1,1.32206
CH-CHA_201201020800.csv,2012-01-02,13:30,2.562,1,36000,36000,-0.127123,1,0.113593E-01,-34.1240,0,3.43849,-9999,-9999,-9999,87.1180,0,36.3506,-9999,-9999,-9999,-0.815673,-9999,-6.23919,-9999,-0.360185E-09,-9999,19.8316,479.623,479.623,0.200000,0,-9999,-9999,-9999,-9999,1,290.375,281.799,96874.0,1.19764,1005.29,0.241848E-01,-9999,-9999,-9999,-9999,-9999,-9999,-999900.,-9999,1.18685,-3.97782,-0.280572E-01,4.15120,-0.388455E-12,-0.181622E-13,4.15120,9.70302,260.130,286.613,-0.387255,-9999,0.325798,2.03251,86.2655,0.233002E-01,-9999,-0.869946E-01,0,24.8953,-3.77795,8.54574,21.2801,32.4535,45.5165,68.1920,-0.125316,1.01442,-33.0450,1.03265,-9999,-9999,74.2966,1.19942,-9999,-9999,800000099,800001199,800000099,800001199,800001099,800001199,800000199,800010199,81000,81000,80,80,16,10,11,1,19,0,1.68270,2.20175,0.180557,0.148636,8.59832,-9999,-0.274464E-01,0.742966E-01,-9999,15.9981,0.486667,253.752,85.9505,9.66777,96875.0,1.30903
CH-CHA_201201020800.csv,2012-01-02,14:00,2.583,1,36000,36000,-0.126316,0,0.119406E-01,-29.2682,0,4.06274,-9999,-9999,-9999,-4.65271,2,14.6097,-9999,-9999,-9999,-0.505360,-9999,3.13998,-9999,-0.102090E-11,-9999,22.1988,536.017,536.017,0.350000,1,-9999,-9999,-9999,-9999,1,289.462,281.486,96921.0,1.19955,1005.29,0.241462E-01,-9999,-9999,-9999,-9999,-9999,-9999,-999900.,-9999,2.55489,-2.43389,-0.483575E-01,3.52897,0.129386E-12,-0.459888E-16,3.52897,8.38702,229.329,316.389,-0.785149,-9999,0.324503,1.44083,99.4167,0.202179E-01,-9999,-0.747938E-01,0,24.8742,-3.77476,8.53852,21.2621,32.4261,45.4781,68.1344,-0.124700,1.01296,-28.4380,1.02919,-9999,-9999,-2.35050,1.16513,-9999,-9999,800000099,800001199,800000099,800001199,800001199,800001199,800000199,800000199,80000,80000,80,80,12,9,3,4,30,9,1.27936,1.42253,0.179762,0.113346,15.7192,-9999,-0.235824E-01,-0.235050E-02,-9999,15.9981,0.407222,253.684,85.5240,9.22828,96920.6,1.30038
CH-CHA_201201021400.csv,2012-01-02,14:30,2.604,1,36000,36000,-0.102096,1,0.101268E-01,-13.5192,0,1.55406,-9999,-9999,-9999,37.8156,2,35.6377,-9999,-9999,-9999,-0.544725,-9999,2.52050,-9999,0.186124E-09,-9999,24.0988,581.234,581.234,0.350000,1,-9999,-9999,-9999,-9999,1,288.818,281.149,96915.0,1.20091,1005.29,0.241188E-01,-9999,-9999,-9999,-9999,-9999,-9999,-999900.,-9999,1.75619,-1.42081,0.759667E-02,2.25897,0.600459E-12,0.772336E-14,2.25897,6.87815,221.194,321.026,0.192679,-9999,0.291573,1.15873,156.124,0.128744E-01,-9999,-0.384063E-01,0,27.8135,-4.22080,9.54746,23.7745,36.2576,50.8519,76.1854,-0.101026,1.01059,-13.2144,1.02307,-9999,-9999,35.2788,1.09912,-9999,-9999,800000099,800000199,800000099,800001199,800001199,800001199,800110199,800110199,80000,80000,80,81,26,1,1,0,19,4,1.21771,0.989711,0.110029,0.307385E-01,9.04500,-9999,-0.109457E-01,0.352788E-01,-9999,15.9922,0.419444,253.378,83.6103,9.12125,96998.9,1.29554
CH-CHA_201201021400.csv,2012-01-02,15:00,2.624,1,36000,36000,-0.111184E-01,1,0.288938E-02,-6.78756,0,1.88219,-9999,-9999,-9999,-20.7091,0,17.2930,-9999,-9999,-9999,-0.210479E-01,-9999,2.00769,-9999,0.385659E-09,-9999,25.6320,617.191,617.191,0.500000,0,-9999,-9999,-9999,-9999,1,289.274,281.136,97071.0,1.20290,1005.29,0.240789E-01,-9999,-9999,-9999,-9999,-9999,-9999,-999900.,-9999,0.945141,0.669205E-02,0.172261E-01,0.945322,-0.605039E-13,0.150460E-13,0.945322,3.63436,183.818,0.405674,1.04413,-9999,0.961405E-01,0.297094,11.1604,0.180101,-9999,-0.583832E-01,0,-9999,-9999,-9999,-9999,-9999,-9999,-9999,-0.109380E-01,1.01650,-6.56681,1.03362,-9999,-9999,-18.3027,1.10352,-9999,-9999,800000099,800001199,800000099,800001199,800001199,800101199,800110199,800110199,81100,81100,80,80,29,4,2,3,4,18,0.244354,0.317230,0.326030E-01,0.455443E-01,3.86119,-9999,-0.543042E-02,-0.183027E-01,-9999,15.9914,0.434444,253.862,86.6387,9.34032,97071.5,1.30071
CH-CHA_201201021400.csv,2012-01-02,15:30,2.645,1,36000,36000,-0.843145E-02,1,0.289679E-02,-8.24102,1,3.35682,-9999,-9999,-9999,35.5279,2,21.1709,-9999,-9999,-9999,-0.925002,-9999,-1.52117,-9999,-0.888707E-10,-9999,24.5601,590.011,590.011,0.350000,1,-9999,-9999,-9999,-9999,1,288.174,280.566,97099.0,1.20569,1005.28,0.240232E-01,-9999,-9999,-9999,-9999,-9999,-9999,-999900.,-9999,-0.287224E-01,0.747441,0.293853E-01,0.748570,0.729491E-13,-0.361850E-14,0.748570,3.23660,88.9931,92.2007,2.24974,-9999,0.836243E-01,0.219181,6.05033,0.332214,-9999,-0.813064E-01,0,-9999,-9999,-9999,-9999,-9999,-9999,-9999,-0.825107E-02,1.02186,-7.89078,1.04439,-9999,-9999,32.2475,1.12018,-9999,-9999,800000099,800001199,800000099,800001199,800000199,811101199,800110199,801110199,81000,81000,80,81,9,6,0,0,1,2,0.148106,0.272248,0.180083E-01,0.190402,8.66708,-9999,-0.651024E-02,0.322475E-01,-9999,16.0000,0.467778,253.147,82.1679,9.20114,97099.8,1.29768
CH-CHA_201201021400.csv,2012-01-02,16:00,2.666,1,36000,36000,0.232039E-02,2,0.156978E-02,-5.13992,1,2.75429,-9999,-9999,-9999,33.3478,1,22.4019,-9999,-9999,-9999,-0.824527,-9999,1.20815,-9999,-0.814957E-10,-9999,25.5115,611.552,611.552,0.350000,1,-9999,-9999,-9999,-9999,1,287.377,280.059,97132.0,1.20829,1005.26,0.239716E-01,-9999,-9999,-9999,-9999,-9999,-9999,-999900.,-9999,-0.336858,0.631396,0.264333E-01,0.716124,0.155901E-12,-0.319447E-14,0.716124,1.74152,67.8167,118.080,2.11536,-9999,0.438223E-01,0.162109,1.39634,1.43947,-9999,-0.965627E-01,0,-9999,-9999,-9999,-9999,-9999,-9999,-9999,0.220154E-02,1.05398,-4.63620,1.10865,-9999,-9999,26.3175,1.28178,-9999,-9999,800000099,800001199,800000099,800001199,800001199,800101199,801110199,811110199,80000,80000,80,81,0,3,1,6,4,6,0.131019,0.186062,0.713679E-02,0.174083,16.9998,-9999,-0.381689E-02,0.263175E-01,-9999,15.9918,0.505556,253.718,85.7405,9.06268,97131.7,1.29373
CH-CHA_201201021400.csv,2012-01-02,16:30,2.687,0,36000,36000,0.344367E-02,1,0.187878E-02,3.96187,2,1.97231,-9999,-9999,-9999,12.6033,1,3.18420,-9999,-9999,-9999,-0.547310,-9999,-0.939181,-9999,0.276539E-09,-9999,24.8541,594.833,594.833,0.350000,1,-9999,-9999,-9999,-9999,1,287.076,279.723,97172.0,1.21024,1005.26,0.239330E-01,-9999,-9999,-9999,-9999,-9999,-9999,-999900.,-9999,-0.182392,0.664536,0.261819E-02,0.689117,-0.345253E-13,0.111265E-13,0.689117,1.81069,78.9633,105.348,0.217687,-9999,0.533428E-01,0.110933,-3.26825,-0.615007,-9999,0.610483E-01,0,-9999,-9999,-9999,-9999,-9999,-9999,-9999,0.339090E-02,1.01556,3.87818,1.02158,-9999,-9999,11.9634,1.02930,-9999,-9999,800000099,800000199,800000099,800000199,800000199,800110199,811110099,811110099,80000,80000,80,81,1,3,6,10,0,0,0.106598,0.110108,0.516035E-02,0.125901,0.416013,-9999,0.318770E-02,0.119634E-01,-9999,16.0000,0.403333,251.988,74.9241,8.59147,97172.1,1.28826
CH-CHA_201201021400.csv,2012-01-02,17:00,2.708,0,36000,36000,-0.140148E-01,1,0.233171E-02,1.61512,2,1.59593,-9999,-9999,-9999,-11.9815,1,4.27738,-9999,-9999,-9999,-1.14506,-9999,-2.71469,-9999,0.754017E-10,-9999,22.9048,546.643,546.643,0.350000,1,-9999,-9999,-9999,-9999,1,286.474,279.022,97201.0,1.21364,1005.25,0.238659E-01,-9999,-9999,-9999,-9999,-9999,-9999,-999900.,-9999,-0.875800E-01,-0.178079,0.606958E-02,0.198543,0.554786E-13,0.329196E-14,0.198543,1.27063,312.843,243.812,1.75184,-9999,0.107460,0.192101,-65.5561,-0.306608E-01,-9999,0.123195E-01,0,-9999,-9999,-9999,-9999,-9999,-9999,-9999,-0.135223E-01,1.03642,1.56022,1.03519,-9999,-9999,-11.7815,1.02620,-9999,-9999,800000099,800100199,800000099,800000199,800100199,801100199,811110199,811110199,81100,81100,80,81,1,0,5,2,2,0,0.214554,0.166960,0.268828E-02,0.103716,1.22025,-9999,0.127886E-02,-0.117815E-01,-9999,15.9942,0.416667,250.766,67.2898,7.95323,97199.6,1.28067
CH-CHA_201201021400.csv,2012-01-02,17:30,2.729,0,36000,36000,-0.651365E-01,1,0.123978E-01,-45.2468,1,7.68784,-23.2220,2,24.5136,31.1920,1,11.4893,-0.518626,2,0.547472,0.980235,-9999,-5.07411,-9999,0.261681E-09,0.890448E-12,19.0906,456.413,457.123,0.350000,1,64.9616,1.55308,1.55550,0.400000,0,287.535,279.623,97240.0,1.21081,1006.09,0.239077E-01,-0.336070E-01,0.117061E-02,151.062,963.431,0.966800E-03,15.6796,812.369,255.333,0.592538,-0.724678,0.137167E-01,0.936188,-0.126581E-12,0.137073E-13,0.936188,5.40847,227.205,309.271,0.839506,-9999,0.231940,0.739453,23.5421,0.853790E-01,1.94845,-0.160141,0,35.0811,-5.32369,12.0422,29.9868,45.7318,64.1395,96.0926,-0.642835E-01,1.01327,-45.3531,1.02646,-21.0582,1.08269,31.7306,1.07041,-0.470302,1.08269,800000099,800000099,800000099,800000099,800000099,800100099,800100199,810100199,80000,80000,80,81,7,1,1,0,4,8,1.02520,0.414851,0.388658E-01,0.407373,1.21791,2774.69,-0.372303E-01,0.317306E-01,-0.470302,15.9981,0.334444,249.765,61.0321,7.57786,97239.7,1.28511
CH-CHA_201201021400.csv,2012-01-02,18:00,2.749,0,36000,36000,-0.554171E-02,1,0.221937E-02,7.02530,2,5.16720,-19.4402,2,8.34986,3.89898,1,1.55557,-0.433842,2,0.186341,-1.28542,10.6933,-1.77807,0.238639,0.994530E-10,0.135352E-11,17.8313,424.898,427.370,0.350000,1,242.677,5.78270,5.81634,0.500000,0,285.680,278.838,97288.0,1.21287,1008.37,0.238288E-01,-0.281129E-01,0.437304E-02,562.739,912.545,0.360553E-02,61.6670,349.806,272.022,0.131744,0.733792,0.155092E-01,0.745686,0.831926E-13,0.557744E-14,0.745686,1.87943,105.570,79.8217,1.19175,-9999,0.675950E-01,0.102438,-3.75687,-0.535020,-0.361380,0.849801E-01,0,-9999,-9999,-9999,-9999,-9999,-9999,-9999,-0.546044E-02,1.01488,5.76714,1.02120,-19.0066,1.02868,3.60521,1.03074,-0.424165,1.02868,800000099,800000099,800000099,800000099,800000099,800100099,811110199,811110199,81000,81000,80,81,6,12,5,0,0,0,0.123273,0.748006E-01,0.680353E-02,0.545111,0.829619E-01,1096.13,0.471551E-02,0.360521E-02,-0.424165,15.9957,0.546667,249.000,56.2500,7.31905,97288.7,1.27663
CH-CHA_201201021400.csv,2012-01-02,18:30,2.770,0,36000,36000,0.460912E-02,1,0.280409E-02,-9.64079,0,2.72952,1.72041,0,1.11176,2.98787,0,0.975139,0.383873E-01,0,0.248067E-01,-0.286815,2.04020,-0.745704,0.455229E-01,-0.271589E-10,-0.434667E-12,17.2902,411.691,414.422,0.350000,1,276.722,6.58893,6.63264,0.200000,0,285.582,278.663,97301.0,1.21342,1008.81,0.238107E-01,0.248750E-02,0.498652E-02,641.282,901.530,0.410947E-02,71.1327,260.248,273.818,0.243963,0.830491,0.400375E-02,0.865592,-0.184833E-12,-0.157077E-14,0.865592,2.10794,111.348,73.6295,0.265020,-9999,0.616315E-01,0.238358,2.07559,0.968400,-5.60379,-0.127788,0,-9999,-9999,-9999,-9999,-9999,-9999,-9999,0.442741E-02,1.04104,-8.82092,1.08327,1.64713,1.25040,2.72155,1.27160,0.367525E-01,1.25040,800000099,800001199,800000099,800000099,800100199,800100199,811110199,811110199,80000,80000,80,81,3,7,8,15,0,37,0.134553,0.328502,0.136616E-01,0.182462,0.353632E-01,19.3276,-0.720601E-02,0.272155E-02,0.367525E-01,16.0000,0.438889,249.000,56.2500,7.07828,97299.7,1.27234
CH-CHA_201201021400.csv,2012-01-02,19:00,2.791,0,36000,36000,-0.895270E-03,2,0.357179E-03,-9.73750,1,1.76860,-0.196893,2,0.181400,3.19928,1,0.540827,-0.439209E-02,2,0.404647E-02,-0.465984,-0.204152,-0.471612E-01,-0.455401E-02,0.106519E-09,0.168737E-11,17.2749,410.857,413.549,0.350000,1,273.651,6.50837,6.55101,0.350000,1,285.372,278.379,97313.0,1.21485,1008.75,0.237835E-01,-0.284607E-03,0.493119E-02,633.519,883.903,0.405910E-02,71.6729,250.384,273.649,-0.762292E-01,0.988638,0.992625E-02,0.991622,-0.402139E-13,0.616614E-14,0.991622,1.78620,92.9112,94.4091,0.573547,-9999,0.271466E-01,0.626902E-01,0.175619,11.4452,49.4558,-0.292702,0,-9999,-9999,-9999,-9999,-9999,-9999,-9999,-0.721697E-03,1.24051,-6.74509,1.44549,0.909007E-01,1.70015,2.10030,1.75888,0.202772E-02,1.70015,800000099,800000099,800000099,800000099,800000099,800100099,811100199,811110199,80000,80000,80,80,5,7,6,0,1,5,0.368836E-01,0.811219E-01,0.737507E-02,0.214953,0.425440E-01,28.0130,-0.550402E-02,0.210030E-02,0.202772E-02,15.9981,0.317778,249.000,56.2500,6.82538,97311.0,1.26889
CH-CHA_201201021400.csv,2012-01-02,19:30,2.812,0,36000,36000,-0.190176E-01,1,0.106387E-02,-6.38069,1,3.60049,3.17122,1,1.57253,2.58877,1,1.67341,0.707106E-01,1,0.350637E-01,-0.716968,-0.803460E-01,0.859942E-01,-0.179153E-02,0.193291E-09,0.303583E-11,17.3773,412.375,415.063,0.200000,0,272.928,6.47675,6.51897,0.500000,0,284.958,277.943,97377.0,1.21757,1008.73,0.237306E-01,0.458205E-02,0.491816E-02,630.856,857.436,0.403933E-02,73.5747,226.580,273.591,0.367047,0.436498,0.243099E-01,0.570828,0.987057E-13,0.111232E-13,0.570828,2.40021,134.864,49.9398,2.44079,-9999,0.124978,0.357637,26.1639,0.768236E-01,-2.01206,-0.415687E-01,0,-9999,-9999,-9999,-9999,-9999,-9999,-9999,-0.187533E-01,1.01409,-6.04087,1.02580,3.25537,1.03812,2.77068,1.04105,0.725872E-01,1.03812,800000099,800000099,800000099,800000099,800000199,800110199,801110199,801110199,80100,80100,80,81,0,0,3,16,4,12,0.227442,0.475456,0.123752E-01,0.232654,0.723131E-01,31.7689,-0.491848E-02,0.277068E-02,0.725872E-01,15.9973,0.274444,249.000,56.2500,6.44487,97376.7,1.26131
CH-CHA_201201021400.csv,2012-01-02,20:00,2.833,0,36000,36000,-0.279583E-01,1,0.230041E-02,-15.7359,1,7.57557,6.21171,1,3.48594,2.84767,1,2.45360,0.138622,1,0.777932E-01,1.43626,-0.592021,-0.277950,-0.132117E-01,-0.111702E-10,-0.171146E-12,17.1197,407.455,410.014,0.350000,1,262.302,6.24287,6.28209,0.350000,1,285.775,278.819,97398.0,1.21411,1008.62,0.238003E-01,0.898273E-02,0.472668E-02,608.206,911.343,0.389312E-02,66.7373,303.137,273.087,0.713732,0.740920E-01,0.901000E-02,0.717624,-0.116045E-12,-0.652478E-15,0.717624,3.48404,175.097,5.92660,0.719386,-9999,0.151749,0.562969,18.9938,0.105824,-2.53326,-0.846804E-01,0,-9999,-9999,-9999,-9999,-9999,-9999,-9999,-0.275641E-01,1.01430,-14.9643,1.02774,6.37022,1.05407,3.38135,1.05880,0.142160,1.05407,800000099,800000099,800000099,800000099,800100099,800100199,800100199,800110199,81100,81100,80,81,9,8,13,5,0,0,0.410094,0.667347,0.484960E-01,0.347540,0.623296E-01,58.6376,-0.122200E-01,0.338135E-02,0.142160,16.0000,0.391111,249.000,56.2500,6.80030,97399.3,1.27374
CH-CHA_201201022000.csv,2012-01-02,20:30,2.854,0,36000,36000,-0.163376,1,0.262555E-01,16.6954,1,17.5619,11.0073,2,68.7293,-20.6401,1,32.9203,0.245635,2,1.53374,-0.524385E-01,-4.08640,1.65413,-0.911904E-01,-0.501394E-09,-0.531321E-11,18.3455,436.745,438.776,0.350000,1,194.405,4.62812,4.64964,0.350000,1,286.557,278.787,97361.0,1.21453,1007.74,0.238066E-01,0.159172E-01,0.350318E-02,450.720,909.322,0.288438E-02,49.5665,458.603,269.033,-0.172106,0.411904E-01,0.323131E-01,0.179892,0.174677E-12,-0.273306E-13,0.179892,5.31060,82.7135,166.540,10.3479,-9999,0.366766,0.810733,-252.619,-0.795664E-02,1.51676,0.371923E-01,0,44.2207,-6.71066,15.1795,37.7992,57.6461,80.8495,121.127,-0.157213,1.03920,16.7308,1.03705,10.2536,1.02697,-21.0689,1.02734,0.228815,1.02697,800000099,800000099,800000099,800000099,800100099,800100099,800100199,810110199,81100,81100,80,81,0,1,4,10,11,7,1.03159,0.536767,0.531178E-01,0.615740,3.51450,6384.62,0.136698E-01,-0.210689E-01,0.228815,16.0000,0.336111,249.389,58.6825,6.89155,97445.0,1.27341
CH-CHA_201201022000.csv,2012-01-02,21:00,2.874,0,36000,36000,-0.157295E-01,1,0.579487E-02,3.39119,2,2.59345,-4.77445,2,2.81598,-1.39000,2,1.49902,-0.106500,2,0.628142E-01,-0.718411,4.32443,-1.82208,0.964622E-01,-0.120261E-09,-0.188197E-11,17.0442,404.575,407.153,0.350000,1,266.725,6.33121,6.37155,0.350000,1,286.484,278.350,97494.0,1.21732,1008.66,0.237369E-01,-0.690123E-02,0.480638E-02,617.421,882.121,0.394835E-02,69.9928,264.700,273.294,-0.295083,0.762282,0.376406E-01,0.818269,-0.333403E-12,-0.705585E-14,0.818269,2.03504,78.4087,111.162,2.63655,-9999,0.113672,0.382998,-37.0723,-0.542184E-01,-0.710279,0.242968E-01,0,-9999,-9999,-9999,-9999,-9999,-9999,-9999,-0.155099E-01,1.01416,3.04867,1.02081,-4.71899,1.03049,-1.46807,1.03266,-0.105263,1.03049,800000099,800000099,800000099,800000099,800000099,800110199,810100199,811110199,80000,80000,80,81,0,0,3,10,1,24,0.369542,0.384543,0.119120E-01,0.212317,0.408897E-01,68.9129,0.248292E-02,-0.146807E-02,-0.105263,15.9953,0.431111,249.000,56.2500,6.70581,97496.7,1.26839
CH-CHA_201201022000.csv,2012-01-02,21:30,2.895,0,36000,36000,-0.750503E-01,2,0.142095E-01,-17.2769,0,4.10609,-9999,-9999,-9999,-71.0238,1,28.7620,-9999,-9999,-9999,0.792125,-9999,3.59171,-9999,0.142618E-09,-9999,19.6916,468.079,468.079,0.350000,1,-9999,-9999,-9999,-9999,1,287.596,278.833,97525.0,1.21851,1005.24,0.237705E-01,-9999,-9999,-9999,-9999,-9999,-9999,-999900.,-9999,0.206478,-2.14306,0.202347E-01,2.15308,0.539895E-13,0.724257E-14,2.15308,8.27435,267.044,275.503,0.538477,-9999,0.248177,2.00130,75.6703,0.265626E-01,-9999,-0.568333E-01,0,25.8371,-3.92088,8.86903,22.0851,33.6812,47.2384,70.7717,-0.742244E-01,1.01113,-16.8706,1.02408,-9999,-9999,-63.2687,1.10683,-9999,-9999,800000099,800000199,800000099,800001199,800001099,800011199,800000199,800000199,81100,81100,80,81,5,17,2,1,19,0,2.37326,1.53354,0.957933E-01,0.195503,7.14311,-9999,-0.137730E-01,-0.632687E-01,-9999,16.0000,0.326667,252.723,79.5181,6.86521,97524.5,1.26676
CH-CHA_201201022000.csv,2012-01-02,22:00,2.916,0,36000,36000,-0.108405,0,0.978264E-02,-29.0896,0,2.46704,-9999,-9999,-9999,-3.99548,0,11.9080,-9999,-9999,-9999,0.255788,-9999,1.68875,-9999,0.389752E-10,-9999,20.9435,497.943,497.943,0.250000,0,-9999,-9999,-9999,-9999,1,287.306,278.989,97559.0,1.21825,1005.25,0.237755E-01,-9999,-9999,-9999,-9999,-9999,-9999,-999900.,-9999,0.951580,-3.64528,-0.158107E-01,3.76747,-0.580043E-12,0.186097E-14,3.76747,9.00169,261.370,284.630,-0.240450,-9999,0.298300,1.47188,78.0620,0.257488E-01,-9999,-0.796291E-01,0,26.2918,-3.98987,9.02511,22.4738,34.2740,48.0697,72.0172,-0.106931,1.01378,-28.2134,1.03106,-9999,-9999,-1.86711,1.18489,-9999,-9999,800000099,800000199,800000099,800001199,800001099,800001099,800000199,800000199,80100,80100,80,81,20,25,2,0,7,5,1.16193,1.64968,0.132142,0.104577,2.91310,-9999,-0.230380E-01,-0.186711E-02,-9999,15.9914,0.465556,253.847,86.5461,6.72989,97559.1,1.26071
CH-CHA_201201022000.csv,2012-01-02,22:30,2.937,0,36000,36000,-0.834320E-01,1,0.783988E-02,-46.4661,1,9.90228,-9999,-9999,-9999,28.2017,1,8.13244,-9999,-9999,-9999,-0.187086,-9999,1.68226,-9999,-0.886773E-10,-9999,22.2132,527.666,527.666,0.400000,0,-9999,-9999,-9999,-9999,1,286.842,278.875,97605.0,1.21933,1005.24,0.237546E-01,-9999,-9999,-9999,-9999,-9999,-9999,-999900.,-9999,0.592989,-0.314747,0.910292E-02,0.671405,-0.101060E-11,-0.399210E-14,0.671405,5.20877,189.876,332.042,0.776840,-9999,0.261581,1.63451,32.9642,0.609753E-01,-9999,-0.144923,0,38.0797,-5.77874,13.0715,32.5499,49.6407,69.6218,104.306,-0.823497E-01,1.01314,-45.3558,1.02448,-9999,-9999,29.9016,1.04413,-9999,-9999,800000099,800001199,800000099,800000199,800000099,800100199,800100199,810100199,80000,80000,80,81,10,8,10,0,0,0,0.701326,2.52743,0.402749E-01,0.879452,0.800835,-9999,-0.370033E-01,0.299016E-01,-9999,16.0000,0.435556,254.678,91.7394,6.54710,97606.4,1.26910
CH-CHA_201201022000.csv,2012-01-02,23:00,2.958,0,36000,36000,-0.731169E-02,1,0.937765E-03,0.729501,2,2.28934,-9999,-9999,-9999,8.34683,1,6.69748,-9999,-9999,-9999,-2.43811,-9999,-1.09484,-9999,-0.719953E-10,-9999,21.5295,508.435,508.435,0.350000,1,-9999,-9999,-9999,-9999,1,284.640,277.398,97659.0,1.22650,1005.22,0.236157E-01,-9999,-9999,-9999,-9999,-9999,-9999,-999900.,-9999,0.275164,0.219964,-0.291139E-02,0.352289,0.200495E-12,-0.334403E-14,0.352289,1.87723,149.404,38.6385,-0.473509,-9999,0.772104E-01,0.142041,-54.0159,-0.372113E-01,-9999,0.766342E-02,0,-9999,-9999,-9999,-9999,-9999,-9999,-9999,-0.714017E-02,1.02402,0.710369,1.02693,-9999,-9999,8.11054,1.02347,-9999,-9999,800000099,800000199,800000099,800000199,800000199,800100199,811110199,811110199,80100,80100,80,81,6,4,5,4,0,1,0.840507E-01,0.193970,0.606167E-02,0.185160,2.52092,-9999,0.576176E-03,0.811054E-02,-9999,16.0000,0.386667,252.301,76.8842,5.73245,97658.8,1.24936
CH-CHA_201201022000.csv,2012-01-02,23:30,2.979,0,36000,36000,0.660273E-02,1,0.229449E-02,-1.32292,1,0.885362,-1.82217,2,3.01118,-0.501379,2,0.875667,-0.406044E-01,2,0.670997E-01,-0.203292,-9999,-3.84163,-9999,0.876413E-10,0.680008E-12,18.6876,441.004,442.518,0.350000,1,144.997,3.42175,3.43350,0.350000,1,284.765,277.275,97686.0,1.22579,1007.06,0.235987E-01,-0.263116E-02,0.261285E-02,334.347,818.242,0.213156E-02,40.8616,483.895,265.125,0.474270,0.432900,0.125028E-01,0.642254,0.258999E-13,0.468981E-14,0.642254,1.97641,145.824,42.3889,1.11545,-9999,0.733928E-01,0.149602,25.6013,0.785115E-01,0.726012,-0.146019E-01,0,-9999,-9999,-9999,-9999,-9999,-9999,-9999,0.651154E-02,1.01400,-1.39085,1.02641,-1.71044,1.04697,-0.392292,1.04830,-0.381146E-01,1.04697,800000099,800001099,800000099,800000099,800000099,800100199,810110199,811110199,81100,81100,80,80,7,0,6,11,41,6,0.156072,0.136935,0.619750E-02,0.854872E-01,0.365058E-01,232.127,-0.112671E-02,-0.392292E-03,-0.381146E-01,15.9961,0.385000,251.000,68.7500,5.47523,97686.9,1.24671
CH-CHA_201201022000.csv,2012-01-03,00:00,3.000,0,36000,36000,0.754658E-02,2,0.213340E-02,-5.41403,0,2.15432,-0.245263,2,0.614723,-0.681280,1,0.767953,-0.546234E-02,2,0.136907E-01,-0.950792,0.351495,-0.169686,0.782826E-02,-0.667439E-10,-0.542272E-12,18.6025,438.032,439.596,0.350000,1,151.139,3.55886,3.57157,0.450000,0,284.759,276.701,97698.0,1.22842,1007.12,0.235470E-01,-0.353959E-03,0.272352E-02,347.787,785.838,0.221709E-02,44.2568,438.051,265.634,0.586923,0.986991,0.386610E-01,1.14897,-0.166263E-12,-0.358790E-14,1.14897,2.82676,131.295,59.2618,1.92828,-9999,0.783793E-01,0.228074,7.62013,0.263775,22.0744,-0.558329E-01,0,-9999,-9999,-9999,-9999,-9999,-9999,-9999,0.740234E-02,1.01949,-5.21723,1.04029,-0.118991,1.15188,-0.331983,1.15873,-0.265008E-02,1.15188,800000099,800000099,800000099,800000099,800001199,800101199,800100199,811100199,80000,80000,80,81,2,6,2,2,13,9,0.290643,0.153521,0.119846E-01,0.308326,0.590971E-01,13.3716,-0.421707E-02,-0.331983E-03,-0.265008E-02,15.9973,0.326667,251.000,68.7500,4.52001,97699.2,1.23570
CH-CHA_201201022000.csv,2012-01-03,00:30,3.020,0,36000,36000,-0.330326E-02,1,0.386002E-03,-3.60466,1,0.879974,-0.803416,0,0.172996,-0.298349,2,0.344365,-0.178894E-01,0,0.385206E-02,-0.361405,-0.291798,-0.204720E-01,-0.649737E-02,-0.403081E-10,-0.317287E-12,18.6032,437.674,439.187,0.350000,1,146.436,3.44516,3.45707,0.200000,0,284.546,276.483,97705.0,1.22953,1007.06,0.235267E-01,-0.115923E-02,0.263878E-02,336.700,773.832,0.214616E-02,43.5107,437.132,265.216,0.961127,0.652342,0.381006E-01,1.16222,0.856924E-13,-0.216673E-14,1.16222,2.57643,152.451,34.1658,1.87863,-9999,0.518324E-01,0.915286E-01,3.31005,0.607241,4.48666,-0.561653E-01,0,-9999,-9999,-9999,-9999,-9999,-9999,-9999,-0.320332E-02,1.03120,-3.42565,1.06395,-0.577950,1.26551,-0.741309E-01,1.27664,-0.128691E-01,1.26551,800000099,800001199,800000099,800000099,800100099,800100099,801110199,811110199,80000,80000,80,81,8,2,7,5,5,15,0.115972,0.620209E-01,0.506389E-02,0.228460,0.295503E-01,2.68092,-0.276662E-02,-0.741309E-04,-0.128691E-01,16.0000,0.332222,251.000,68.7500,3.66920,97700.7,1.22986
CH-CHA_201201022000.csv,2012-01-03,01:00,3.041,0,36000,36000,-0.689078E-02,1,0.123574E-02,-3.15018,1,0.623252,-0.940079,2,0.202171,2.06954,1,0.382837,-0.209244E-01,2,0.449995E-02,-0.674379,0.820164E-02,0.390489,0.182553E-03,0.884287E-10,0.686023E-12,18.9298,444.494,446.032,0.350000,1,146.856,3.44835,3.46028,0.350000,1,283.934,276.077,97751.0,1.23192,1007.05,0.234811E-01,-0.135590E-02,0.264635E-02,337.170,751.903,0.214815E-02,44.8422,414.733,265.234,0.624886E-01,0.663563,0.335079E-01,0.667341,0.958506E-13,0.467140E-14,0.667341,1.55660,97.5524,84.6202,2.87809,-9999,0.747899E-01,0.275028,11.3822,0.176591,3.35098,-0.339517E-01,0,-9999,-9999,-9999,-9999,-9999,-9999,-9999,-0.677575E-02,1.01698,-3.09917,1.03356,-0.818666,1.07022,2.09864,1.07353,-0.182220E-01,1.07022,800000099,800100099,800000099,800000099,800000099,810101099,811110199,811110199,81100,81100,80,81,0,0,4,3,18,27,0.100427,0.447801,0.182870E-02,0.387846E-01,0.158621E-01,2.79161,-0.249811E-02,0.209864E-02,-0.182220E-01,15.9973,0.320000,251.000,68.7500,3.72690,97750.9,1.22879
CH-CHA_201201022000.csv,2012-01-03,01:30,3.062,0,36000,36000,-0.113522E-01,1,0.836094E-03,-2.31484,2,0.504447,44.1087,1,9.01709,-14.2961,1,3.26966,0.981726,1,0.200693,-0.947221E-01,-3.92230,1.84181,-0.872982E-01,0.921225E-10,0.372001E-12,20.3130,476.639,477.558,0.350000,1,82.0261,1.92472,1.92843,0.350000,1,283.894,276.020,97799.0,1.23349,1006.23,0.234648E-01,0.636158E-01,0.147811E-02,188.286,748.869,0.119832E-02,25.1428,560.583,257.964,-0.373894,-0.581807E-01,0.107051E-01,0.378545,-0.100538E-12,0.453515E-14,0.378545,1.45393,356.611,188.845,1.62053,-9999,0.959340E-01,0.201801,32.6949,0.614775E-01,-0.524803E-01,-0.194409E-01,0,-9999,-9999,-9999,-9999,-9999,-9999,-9999,-0.110986E-01,1.02285,0.256356,1.02616,42.9912,1.02460,-14.2896,1.02360,0.956852,1.02460,800000099,800101199,800000099,800000099,800000099,800000199,801110199,811110199,81100,81100,80,81,5,0,2,1,10,39,0.686859E-01,0.332393,0.252450E-02,0.337292E-01,1.03753,3845.72,0.206543E-03,-0.142896E-01,0.956852,15.9946,0.396667,251.537,72.1063,4.61100,97799.6,1.23187
CH-CHA_201201022000.csv,2012-01-03,02:00,3.083,0,36000,36000,-0.150990E-01,1,0.309877E-02,-24.4089,0,4.46975,6.19313,1,8.40085,5.49114,2,6.97735,0.137977,1,0.187164,1.73729,-3.36075,1.83042,-0.748746E-01,0.693313E-10,0.836454E-13,21.6091,508.689,509.001,0.350000,1,26.0705,0.613710,0.614087,0.500000,0,285.204,277.069,97855.0,1.23013,1005.54,0.235405E-01,0.894094E-02,0.469790E-03,60.0707,806.479,0.381902E-03,7.44852,746.409,244.951,-0.779386,-0.371562,0.155571E-01,0.863564,-0.299047E-12,0.320843E-14,0.863564,6.25397,354.706,205.489,1.03224,-9999,0.110790,0.705901,4.77672,0.420791,-3.94128,-0.178113,0,-9999,-9999,-9999,-9999,-9999,-9999,-9999,-0.147380E-01,1.02450,-22.9433,1.05011,5.20053,1.20616,6.00026,1.15994,0.115863,1.20616,800000099,800000099,800000099,800000199,800100099,801101199,810110199,811110199,80000,80000,80,81,5,0,15,1,0,2,0.411557,0.965770,0.344737E-01,0.174825,0.904570,386.024,-0.185483E-01,0.600026E-02,0.115863,15.9953,0.372222,252.038,75.2364,5.39121,97855.4,1.24345
CH-CHA_201201030200.csv,2012-01-03,02:30,3.104,0,36000,36000,0.483142E-03,2,0.199109E-02,0.762340,2,0.285980,-13.5361,2,8.84226,3.56401,2,3.34929,-0.301533,2,0.196972,-0.228746,5.62707,-3.13137,0.125350,0.134566E-09,0.832308E-12,19.2914,453.889,455.167,0.350000,1,119.320,2.80735,2.81526,0.150000,0,285.020,276.931,97858.0,1.22976,1006.72,0.235280E-01,-0.195393E-01,0.215014E-02,274.796,798.683,0.174842E-02,34.4061,523.888,262.629,0.404008E-01,0.330778,0.236151E-01,0.334071,0.963064E-13,0.697543E-14,0.334071,1.77316,126.800,83.0364,4.05356,-9999,0.198211E-01,0.290553,-0.876129,-2.29418,-0.563192E-01,0.310666E-01,0,-9999,-9999,-9999,-9999,-9999,-9999,-9999,0.474984E-03,1.01718,-0.305600E-01,1.02874,-13.1349,1.02856,3.55712,1.02836,-0.292595,1.02856,800000099,800000099,800000099,800000099,800000099,810000099,811110199,811110199,80000,80000,80,81,0,0,2,0,14,3,0.120307,0.453395,0.740431E-02,0.882993E-01,0.356522,1203.17,-0.246845E-04,0.355712E-02,-0.292595,15.9981,0.343333,251.009,68.8055,5.46703,97910.6,1.24227
CH-CHA_201201030200.csv,2012-01-03,03:00,3.124,0,36000,36000,0.433316E-02,2,0.171539E-02,-2.26368,0,0.830372,0.502274,1,0.253066,1.16285,0,0.395797,0.111862E-01,1,0.563609E-02,-0.393686,2.11018,-0.560325,0.469961E-01,-0.182359E-10,-0.148979E-12,18.9135,444.103,445.720,0.400000,0,154.515,3.62814,3.64135,0.350000,1,285.073,276.694,97971.0,1.23185,1007.16,0.234808E-01,0.724867E-03,0.278437E-02,355.548,785.450,0.226031E-02,45.2668,429.902,265.919,0.483217,0.551280E-01,0.563319E-02,0.486384,-0.556938E-13,-0.964174E-15,0.486384,2.40834,165.357,6.50848,0.663602,-9999,0.593093E-01,0.285831,7.91232,0.254034,-4.50686,-0.307635E-01,0,-9999,-9999,-9999,-9999,-9999,-9999,-9999,0.424784E-02,1.02009,-2.15065,1.03916,0.513798,1.06307,1.20304,1.06614,0.114429E-01,1.06307,800000099,800000099,800000099,800000099,800000099,800100099,810110199,811110199,80000,80000,80,81,0,0,7,0,3,3,0.255792,0.309781,0.608877E-02,0.522589E-01,0.185589E-01,3.27299,-0.173346E-02,0.120304E-02,0.114429E-01,15.9973,0.265556,251.000,68.7500,5.57651,97976.1,1.24113
CH-CHA_201201030200.csv,2012-01-03,03:30,3.145,0,36000,36000,0.168277E-02,2,0.120795E-02,-2.84471,1,0.560745,0.281019,1,0.211424,0.828258,1,0.324314,0.625947E-02,1,0.470929E-02,0.237469,-0.194400,-0.116667,-0.433011E-02,0.730530E-10,0.587065E-12,18.8212,442.065,443.641,0.100000,0,151.250,3.55249,3.56516,0.350000,1,285.443,276.837,97993.0,1.23153,1007.12,0.234876E-01,0.405614E-03,0.272552E-02,348.213,793.411,0.221312E-02,43.8881,445.198,265.649,0.689314,0.817634,0.320201E-01,1.06991,0.928935E-13,0.388142E-14,1.06991,2.18021,134.936,49.8672,1.71500,-9999,0.369650E-01,0.185031,1.52458,1.31840,-10.1228,-0.620470E-01,0,-9999,-9999,-9999,-9999,-9999,-9999,-9999,0.160067E-02,1.05129,-2.56685,1.10335,0.243017,1.38376,0.700758,1.40052,0.541301E-02,1.38376,800000099,800000099,800000099,800000099,800000099,800000099,800110199,811110199,80000,80000,80,81,2,0,2,0,0,0,0.133056,0.227487,0.951922E-02,0.504196E-01,0.286933E-01,7.01657,-0.206954E-02,0.700758E-03,0.541301E-02,15.9981,0.353333,251.000,68.7500,5.52119,97994.7,1.24167
CH-CHA_201201030200.csv,2012-01-03,04:00,3.166,0,36000,36000,-0.298538E-01,1,0.578853E-02,-10.8663,1,2.29665,4.57596,1,0.975382,3.61775,1,1.04759,0.101917,1,0.217239E-01,-0.157814,-0.210058,-0.343175E-01,-0.467845E-02,-0.240866E-09,-0.189368E-11,18.8025,441.465,443.003,0.150000,0,147.825,3.47079,3.48288,0.350000,1,285.543,276.742,97995.0,1.23202,1007.07,0.234791E-01,0.660420E-02,0.266380E-02,340.211,788.114,0.216215E-02,43.1678,447.903,265.349,0.332915,0.115627,0.178456E-01,0.352874,0.992762E-13,-0.128103E-13,0.352874,2.04797,169.108,19.1530,2.89880,-9999,0.155665,0.429640,29.8063,0.674353E-01,-2.37466,-0.562617E-01,0,-9999,-9999,-9999,-9999,-9999,-9999,-9999,-0.293773E-01,1.01622,-10.3244,1.02639,4.65390,1.02497,4.06268,1.02587,0.103653,1.02497,800000099,800000099,800000099,800000099,800000099,800100099,810110199,810110199,80000,80000,80,81,8,2,2,3,5,28,0.377320,0.471609,0.103514E-01,0.750453E-01,0.267931E-01,7.53173,-0.832123E-02,0.406268E-02,0.103653,16.0000,0.292222,251.000,68.7500,5.25173,97995.5,1.23857
CH-CHA_201201030200.csv,2012-01-03,04:30,3.187,0,36000,36000,-0.135833E-02,2,0.346001E-03,-3.06733,0,0.453498,0.148774E-03,2,0.231361,0.678352,0,0.201774,0.331199E-05,2,0.515053E-02,-0.808872,-0.352227,-0.696623E-01,-0.784124E-02,-0.517396E-10,-0.391837E-12,18.7868,440.251,441.724,0.350000,1,142.277,3.33412,3.34527,0.350000,1,285.407,276.256,98011.0,1.23445,1006.99,0.234340E-01,0.214617E-06,0.256383E-02,326.868,761.502,0.207690E-02,42.9240,434.635,264.835,1.14795,0.149101,0.172654E-01,1.15773,0.729586E-13,-0.275404E-14,1.15773,2.15133,181.246,7.40036,0.854496,-9999,0.331717E-01,0.991291E-01,1.02187,1.96698,-20617.4,-0.743865E-01,0,-9999,-9999,-9999,-9999,-9999,-9999,-9999,-0.127115E-02,1.06859,-2.69952,1.13652,0.378801E-01,1.51090,0.552698,1.53095,0.843282E-03,1.51090,800000099,800000099,800000099,800000099,800000099,800000099,811100199,811110199,81100,81100,80,81,0,3,8,6,14,27,0.834580E-01,0.110140,0.465926E-02,0.453426E-01,0.135189E-01,7.76213,-0.217164E-02,0.552698E-03,0.843282E-03,15.9957,0.342222,251.000,68.7500,4.52866,98008.9,1.22999
CH-CHA_201201030200.csv,2012-01-03,05:00,3.208,0,36000,36000,0.171503E-02,1,0.498493E-03,-2.45302,1,1.58449,-6.05161,1,1.61580,-3.65127,1,1.00682,-0.134573,1,0.359314E-01,-1.92286,-0.723075,0.677645E-01,-0.160794E-01,-0.290628E-10,-0.201146E-12,18.9254,441.427,442.780,0.350000,1,130.984,3.05516,3.06452,0.350000,1,284.876,275.106,98061.0,1.24037,1006.83,0.233246E-01,-0.872035E-02,0.236034E-02,299.672,701.673,0.190293E-02,42.7082,402.001,263.725,0.314986,0.663555,0.188381E-01,0.734763,-0.353929E-13,-0.153565E-14,0.734763,1.35107,122.752,64.6066,1.46913,-9999,0.371843E-01,0.328763E-01,1.80037,1.11643,0.405350,-0.528245E-01,0,-9999,-9999,-9999,-9999,-9999,-9999,-9999,0.163465E-02,1.04917,-2.51299,1.09921,-4.75848,1.25903,-2.72415,1.26892,-0.105817,1.25903,800000099,800100099,800000099,800000099,800001199,800101199,811110199,811110199,80000,80000,80,81,5,0,3,0,1,9,0.206586E-01,0.433235E-01,0.177029E-02,0.181808,0.150498,140.826,-0.201226E-02,-0.272415E-02,-0.105817,15.9977,0.263333,251.060,69.1228,3.15230,98061.2,1.21356
CH-CHA_201201030200.csv,2012-01-03,05:30,3.229,0,36000,36000,0.871605E-02,1,0.127607E-02,2.38133,1,1.59880,-9999,-9999,-9999,-9999,-9999,-9999,-9999,-9999,-9999,-1.74013,-9999,-9999,-9999,-9999,-9999,-9999,-9999,-9999,-9999,1,-9999,-9999,-9999,-9999,1,284.026,274.069,98089.0,1.24686,1005.17,0.232300E-01,-9999,-9999,-9999,-9999,-9999,-9999,-999900.,-9999,0.165203,0.170787,-0.923875E-02,0.237793,0.113501E-14,0.425981E-14,0.237793,1.19958,139.642,45.9521,-2.22662,-9999,0.836085E-01,0.823422E-01,-21.0763,-0.953676E-01,-9999,0.227253E-01,0,-9999,-9999,-9999,-9999,-9999,-9999,-9999,0.844679E-02,1.03188,2.30717,1.03214,-9999,-9999,-9999,-9999,-9999,-9999,800000099,800100199,800000099,800001199,800000099,800000199,811110199,811110199,81100,81100,80,81,0,0,1,0,0,0,0.605805E-01,0.101813,0.229067E-02,0.143181,-9999,-9999,0.184086E-02,-9999,-9999,16.0000,0.274444,254.119,88.2443,2.09003,98091.6,1.19048
CH-CHA_201201030200.csv,2012-01-03,06:00,3.249,0,36000,36000,-0.871104E-02,1,0.134350E-02,-3.89765,1,0.746583,-9999,-9999,-9999,-9999,-9999,-9999,-9999,-9999,-9999,-0.877675,-9999,-9999,-9999,-9999,-9999,-9999,-9999,-9999,-9999,1,-9999,-9999,-9999,-9999,1,283.468,273.547,98097.0,1.24934,1005.16,0.231839E-01,-9999,-9999,-9999,-9999,-9999,-9999,-999900.,-9999,0.752512,0.309584,0.219167E-01,0.814001,0.121176E-12,-0.657519E-15,0.814001,2.07408,158.907,22.3623,1.54285,-9999,0.835015E-01,0.214133,12.8281,0.156687,-9999,-0.371699E-01,0,-9999,-9999,-9999,-9999,-9999,-9999,-9999,-0.857514E-02,1.01585,-3.77765,1.03177,-9999,-9999,-9999,-9999,-9999,-9999,800000099,800000199,800000099,800001199,800000099,800100199,811111199,811111199,81100,81100,80,81,0,3,8,2,1,0,0.201179,0.224139,0.294813E-02,0.798837E-01,-9999,-9999,-0.300818E-02,-9999,-9999,15.9977,0.321111,255.000,93.7500,1.70516,98099.1,1.18775
CH-CHA_201201030200.csv,2012-01-03,06:30,3.270,0,36000,36000,0.461201E-02,1,0.868049E-03,-2.30180,1,0.801004,-9999,-9999,-9999,-9999,-9999,-9999,-9999,-9999,-9999,0.622048E-01,-9999,-9999,-9999,-9999,-9999,-9999,-9999,-9999,-9999,1,-9999,-9999,-9999,-9999,1,283.600,273.584,98101.0,1.24922,1005.17,0.231861E-01,-9999,-9999,-9999,-9999,-9999,-9999,-999900.,-9999,0.421383,0.297815,0.149961E-01,0.516219,0.831708E-13,-0.184832E-14,0.516219,1.69944,141.880,35.2510,1.66467,-9999,0.607610E-01,0.176475,8.36960,0.240155,-9999,-0.301692E-01,0,-9999,-9999,-9999,-9999,-9999,-9999,-9999,0.452345E-02,1.01958,-2.21690,1.03830,-9999,-9999,-9999,-9999,-9999,-9999,800000099,800100199,800000099,800001199,800000199,800101199,811110099,811110099,81000,81000,80,81,0,0,2,0,0,0,0.104527,0.246495,0.192881E-02,0.113920,-9999,-9999,-0.176551E-02,-9999,-9999,16.0000,0.261111,255.000,93.7500,1.81074,98100.0,1.18511
CH-CHA_201201030200.csv,2012-01-03,07:00,3.291,0,36000,36000,0.133620E-02,1,0.536960E-03,-0.260769,2,0.272810,-9999,-9999,-9999,-9999,-9999,-9999,-9999,-9999,-9999,-0.847192,-9999,-9999,-9999,-9999,-9999,-9999,-9999,-9999,-9999,1,-9999,-9999,-9999,-9999,1,283.109,273.081,98100.0,1.25151,1005.16,0.231437E-01,-9999,-9999,-9999,-9999,-9999,-9999,-999900.,-9999,0.524937,0.726058,0.314085E-01,0.896496,0.212096E-13,0.184517E-14,0.896496,1.46826,131.698,54.1332,2.00775,-9999,0.326753E-01,0.525367E-01,11.4893,0.174946,-9999,-0.634406E-02,0,-9999,-9999,-9999,-9999,-9999,-9999,-9999,0.131469E-02,1.01636,-0.252395,1.03318,-9999,-9999,-9999,-9999,-9999,-9999,800000099,800100199,800000099,800001199,800010199,800011199,811110099,811110099,80000,80000,80,80,0,1,3,0,0,0,0.416446E-01,0.620563E-01,0.137256E-02,0.284109,-9999,-9999,-0.200637E-03,-9999,-9999,15.9914,0.390000,255.000,93.7500,0.739961,98100.0,1.17462
CH-CHA_201201030200.csv,2012-01-03,07:30,3.312,0,36000,36000,0.597500E-02,2,0.186849E-02,-10.8472,1,6.24596,-9999,-9999,-9999,-32.9575,1,8.70479,-9999,-9999,-9999,-1.70049,-9999,-9999,-9999,0.138370E-09,-9999,28.8171,664.532,664.532,0.350000,1,-9999,-9999,-9999,-9999,1,280.324,272.075,98092.0,1.25604,1005.14,0.230603E-01,-9999,-9999,-9999,-9999,-9999,-9999,-999900.,-9999,0.718392,0.177795,0.134539E-01,0.740189,0.193446E-12,0.480166E-14,0.740189,1.74014,169.825,13.9008,1.04148,-9999,0.689711E-01,0.285811,2.59744,0.773839,-9999,-0.124571,0,-9999,-9999,-9999,-9999,-9999,-9999,-9999,0.576955E-02,1.03561,-10.1154,1.07234,-9999,-9999,-26.6150,1.20411,-9999,-9999,800000099,800100199,800000099,800000199,800000199,800001199,811100199,811110199,80000,80000,80,81,0,12,2,2,0,0,0.237864,0.331632,0.212607E-02,3.62670,9.11913,-9999,-0.801223E-02,-0.266150E-01,-9999,15.9969,0.293333,255.000,93.7500,-0.871101E-01,98092.6,1.16246
CH-CHA_201201030200.csv,2012-01-03,08:00,3.333,0,36000,36000,0.723811E-02,1,0.171340E-02,-0.402856,2,1.68390,-9999,-9999,-9999,-9999,-9999,-9999,-9999,-9999,-9999,-0.461903,-9999,-9999,-9999,-9999,-9999,-9999,-9999,-9999,-9999,1,-9999,-9999,-9999,-9999,1,282.802,271.802,98087.0,1.25723,1005.15,0.230383E-01,-9999,-9999,-9999,-9999,-9999,-9999,-999900.,-9999,0.228617,0.308446,0.112472E-02,0.383935,-0.346792E-13,-0.250976E-14,0.383935,1.38257,138.200,53.4545,0.167846,-9999,0.758760E-01,0.139679,93.1120,0.215869E-01,-9999,-0.420147E-02,0,-9999,-9999,-9999,-9999,-9999,-9999,-9999,0.713155E-02,1.01494,-0.393900,1.02274,-9999,-9999,-9999,-9999,-9999,-9999,800000099,800101199,800000099,800001199,800001199,801111199,811111199,811111199,81000,81000,80,80,5,0,0,2,0,0,0.134241,0.142239,0.287811E-02,0.220779,-9999,-9999,-0.311704E-03,-9999,-9999,16.0000,0.267778,255.000,93.7500,-0.660881,98088.6,1.15462
CH-CHA_201201030800.csv,2012-01-03,08:30,3.354,0,36000,36000,0.395743E-02,2,0.131784E-02,2.59826,1,1.38250,-9999,-9999,-9999,-9999,-9999,-9999,-9999,-9999,-9999,-0.558809,-9999,-9999,-9999,-9999,-9999,-9999,-9999,-9999,-9999,1,-9999,-9999,-9999,-9999,1,282.460,271.472,98050.0,1.25829,1005.13,0.230191E-01,-9999,-9999,-9999,-9999,-9999,-9999,-999900.,-9999,0.332121,0.210900,0.272500E-03,0.393425,-0.157030E-13,0.114017E-15,0.393425,1.35078,145.666,32.4159,0.396851E-01,-9999,0.560811E-01,0.191634,-5.82758,-0.344912,-9999,0.366322E-01,0,-9999,-9999,-9999,-9999,-9999,-9999,-9999,0.387130E-02,1.02225,2.53298,1.02577,-9999,-9999,-9999,-9999,-9999,-9999,800000099,800100199,800000099,800001199,800000199,801111199,811110199,811110199,81000,81000,80,80,2,0,2,5,0,0,0.167400,0.214316,0.155204E-02,0.205057,-9999,-9999,0.200275E-02,-9999,-9999,16.0000,0.261111,255.000,93.7500,-0.986578,98099.5,1.15182
CH-CHA_201201030800.csv,2012-01-03,09:00,3.374,1,36000,36000,-0.175684E-02,2,0.226781E-02,-2.06222,2,1.66475,-9999,-9999,-9999,-9999,-9999,-9999,-9999,-9999,-9999,-0.237163E-01,-9999,-9999,-9999,-9999,-9999,-9999,-9999,-9999,-9999,1,-9999,-9999,-9999,-9999,1,281.932,271.458,98083.0,1.25878,1005.13,0.230101E-01,-9999,-9999,-9999,-9999,-9999,-9999,-999900.,-9999,0.519115,0.262686,0.867903E-02,0.581858,-0.166154E-12,0.589717E-14,0.581858,2.18156,138.823,26.8407,0.854658,-9999,0.373587E-01,0.348958,2.17104,0.925825,-9999,-0.436285E-01,0,-9999,-9999,-9999,-9999,-9999,-9999,-9999,-0.168896E-02,1.04019,-1.90729,1.08123,-9999,-9999,-9999,-9999,-9999,-9999,800000099,800100199,800000099,800001199,800000199,800000199,811110199,811110199,80100,80100,80,81,0,0,4,13,17,3,0.523587,0.172084,0.224620E-02,0.328077,-9999,-9999,-0.150745E-02,-9999,-9999,15.9977,0.753889,255.000,93.7500,-0.649183,98084.2,1.15324
CH-CHA_201201030800.csv,2012-01-03,09:30,3.395,1,36000,36000,-0.109037E-01,1,0.142587E-02,-4.48855,1,0.863604,-9999,-9999,-9999,-9999,-9999,-9999,-9999,-9999,-9999,1.70807,-9999,-9999,-9999,-9999,-9999,-9999,-9999,-9999,-9999,1,-9999,-9999,-9999,-9999,1,281.272,272.470,98087.0,1.25415,1005.15,0.230950E-01,-9999,-9999,-9999,-9999,-9999,-9999,-999900.,-9999,0.120299,0.638651,0.109783E-01,0.649975,-0.275888E-13,0.351589E-14,0.649975,1.53039,103.912,79.3325,0.967795,-9999,0.932417E-01,0.186277,15.5085,0.129606,-9999,-0.381869E-01,0,-9999,-9999,-9999,-9999,-9999,-9999,-9999,-0.107383E-01,1.01540,-4.35847,1.02984,-9999,-9999,-9999,-9999,-9999,-9999,800000099,800100199,800000099,800001199,800001199,801001199,811110199,811110199,81000,81000,80,81,0,0,1,4,0,0,0.150608,0.219348,0.259692E-02,0.510389E-01,-9999,-9999,-0.345742E-02,-9999,-9999,15.9903,8.01333,255.000,93.7500,2.70652,98088.6,1.17262
CH-CHA_201201030800.csv,2012-01-03,10:00,3.416,1,36000,36000,-0.487810E-02,2,0.185173E-02,-4.11316,2,1.92372,39.8976,1,10.5246,11.5486,1,3.04806,0.886073,1,0.233737,2.12147,-9999,-9999,-9999,0.933413E-10,0.147012E-12,28.1189,652.656,653.327,0.350000,1,44.2871,1.02793,1.02898,0.350000,1,280.443,273.733,98051.0,1.24742,1005.72,0.232105E-01,0.574175E-01,0.798053E-03,100.816,635.719,0.639762E-03,15.8586,534.903,250.658,0.317827,0.260929,0.232319E-01,0.411871,0.100302E-12,0.331952E-14,0.411871,1.48277,155.588,39.3853,3.23353,-9999,0.625343E-01,0.130234,5.10490,0.393740,-0.103093,-0.524287E-01,0,-9999,-9999,-9999,-9999,-9999,-9999,-9999,-0.478993E-02,1.01841,-1.79933,1.03431,37.8342,1.05409,10.8067,1.04630,0.840246,1.05409,800000099,800000099,800000099,800000199,800001199,800001199,811110199,811110199,81100,81100,80,81,1,2,0,32,9,1,0.202483,0.547532E-01,0.323223E-02,0.142797,0.845935,5911.60,-0.143424E-02,0.108067E-01,0.840246,15.9981,3.66944,255.000,93.7500,5.98932,98050.8,1.19333
CH-CHA_201201030800.csv,2012-01-03,10:30,3.437,1,36000,36000,-0.525566E-02,1,0.152755E-02,-3.59701,2,3.95727,-9999,-9999,-9999,1.00203,2,4.14221,-9999,-9999,-9999,2.04754,-9999,-3.68658,-9999,-0.139972E-09,-9999,25.2427,588.705,588.705,0.350000,1,-9999,-9999,-9999,-9999,1,282.237,274.958,98020.0,1.24196,1005.18,0.233218E-01,-9999,-9999,-9999,-9999,-9999,-9999,-999900.,-9999,0.412263,0.931023E-01,0.180928E-01,0.423032,0.252585E-12,-0.554504E-14,0.423032,1.52224,176.519,12.7258,2.45125,-9999,0.650521E-01,0.234911,6.56885,0.305990,-9999,-0.442925E-01,0,-9999,-9999,-9999,-9999,-9999,-9999,-9999,-0.514127E-02,1.02225,-3.44766,1.04332,-9999,-9999,1.18880,1.06541,-9999,-9999,800000099,800000199,800000099,800000199,800000199,801000199,811110099,811110099,80000,80000,80,81,1,1,0,21,0,0,0.156577,0.305843,0.740249E-02,0.499329,1.30762,-9999,-0.276168E-02,0.118880E-02,-9999,16.0000,11.7822,254.907,93.1660,7.63765,98019.5,1.21254
CH-CHA_201201030800.csv,2012-01-03,11:00,3.458,1,36000,36000,-0.226902E-01,1,0.512870E-02,7.53054,0,3.56857,-9999,-9999,-9999,-0.491287,2,3.23320,-9999,-9999,-9999,2.95080,-9999,-6.34910,-9999,0.530768E-10,-9999,20.3548,477.842,477.842,0.150000,0,-9999,-9999,-9999,-9999,1,284.606,276.735,98007.0,1.23382,1005.21,0.234756E-01,-9999,-9999,-9999,-9999,-9999,-9999,-999900.,-9999,1.34208,0.664873,0.299500E-01,1.49804,-0.115048E-12,0.260758E-14,1.49804,3.34266,156.000,26.3540,1.14558,-9999,0.135611,0.290089,-28.4234,-0.707165E-01,-9999,0.447737E-01,0,-9999,-9999,-9999,-9999,-9999,-9999,-9999,-0.224404E-01,1.01113,7.38292,1.01999,-9999,-9999,-0.890741,1.05293,-9999,-9999,800000099,800000099,800000099,800000199,800000199,800001199,800000099,800010099,81100,81100,80,81,1,4,0,4,8,0,0.386918,0.170396,0.228654E-01,0.707523,1.57131,-9999,0.595278E-02,-0.890741E-03,-9999,15.9977,7.15222,251.876,74.2275,10.2312,98006.3,1.24072
CH-CHA_201201030800.csv,2012-01-03,11:30,3.479,1,36000,36000,-0.247261E-01,1,0.437220E-02,17.9835,0,2.87523,25.9930,0,2.96741,-2.85094,1,1.97815,0.579643,0,0.661732E-01,2.17741,-9999,-1.72522,-9999,-0.986927E-10,-0.722489E-12,18.9721,447.570,449.041,0.250000,0,138.887,3.27647,3.28724,0.250000,0,286.359,278.052,97992.0,1.22626,1006.99,0.235909E-01,0.375609E-01,0.250274E-02,321.154,863.986,0.204095E-02,37.1712,542.832,264.609,1.62869,0.362009,0.354767E-01,1.66882,-0.381561E-12,-0.520199E-14,1.66882,3.55883,176.014,12.5314,1.21812,-9999,0.141999,0.395529,-13.6704,-0.147033,0.691857,0.102561,0,-9999,-9999,-9999,-9999,-9999,-9999,-9999,-0.244598E-01,1.01089,19.0763,1.02021,24.1838,1.05780,-3.87803,1.05830,0.539298,1.05780,800000099,800000099,800000099,800000099,800000099,800000099,800000199,800000199,81100,81100,80,81,1,1,0,6,3,2,0.397171,0.356643,0.372428E-01,0.181310,0.130064,75.4106,0.154484E-01,-0.387803E-02,0.539298,15.9965,1.00833,251.000,68.7500,11.0363,97992.5,1.26773
CH-CHA_201201030800.csv,2012-01-03,12:00,3.499,1,36000,36000,-0.198256E-01,0,0.291788E-02,25.4980,0,2.54195,33.7226,0,4.99911,-6.22080,0,1.46094,0.753087,0,0.111639,2.45999,-0.757625E-01,-1.32363,-0.169192E-02,-0.287401E-10,-0.219961E-12,17.8721,424.202,425.584,0.300000,0,136.783,3.24660,3.25717,0.300000,0,287.558,279.549,97920.0,1.21881,1007.01,0.237354E-01,0.488000E-01,0.246483E-02,317.992,958.530,0.202232E-02,33.1750,640.537,264.482,1.55471,0.122612,0.493301E-01,1.56032,0.156875E-12,-0.160810E-14,1.56032,3.37944,185.061,4.50927,1.81173,-9999,0.127540,0.382962,-6.98254,-0.287861,0.756110,0.162889,0,-9999,-9999,-9999,-9999,-9999,-9999,-9999,-0.196093E-01,1.01103,26.8909,1.02006,31.4087,1.05569,-7.45912,1.05488,0.701414,1.05569,800000099,800000099,800000099,800000099,800000099,800000099,800000199,800000199,81100,81100,80,81,2,4,3,20,26,12,0.261596,0.466642,0.376845E-01,0.116917,0.503226E-01,249.264,0.219098E-01,-0.745912E-02,0.701414,15.9957,0.352778,250.868,67.9241,12.7717,97920.2,1.29360
CH-CHA_201201030800.csv,2012-01-03,12:30,3.520,1,36000,36000,-0.947009E-02,2,0.352279E-02,0.507446,2,2.69524,22.9726,1,8.99849,-5.65928,0,2.84451,0.512948,1,0.200924,-0.244956,1.64065,-0.701314,0.366335E-01,0.439254E-10,0.415240E-12,17.3566,411.825,413.435,0.400000,0,164.077,3.89312,3.90834,0.400000,0,289.282,279.400,97901.0,1.21893,1007.34,0.237274E-01,0.332390E-01,0.295668E-02,381.243,948.727,0.242563E-02,40.1847,567.484,266.827,0.614127,-0.816636,-0.383750E-02,1.02179,-0.980625E-13,0.253076E-14,1.02179,4.07473,237.520,306.944,-0.215184,-9999,0.881430E-01,0.409177,-115.808,-0.173563E-01,0.220892E-01,0.468863E-02,0,-9999,-9999,-9999,-9999,-9999,-9999,-9999,-0.935121E-02,1.01271,1.81786,1.02015,22.0440,1.03757,-5.67804,1.03843,0.492214,1.03757,800000099,800000099,800000099,800000099,800000099,801000199,800110199,801110199,80000,80000,80,81,4,3,0,0,5,7,0.426354,0.368522,0.234761E-01,0.192573,0.182001,783.832,0.148049E-02,-0.567804E-02,0.492214,15.9942,0.335556,249.640,60.2472,11.6488,97900.3,1.28547
CH-CHA_201201030800.csv,2012-01-03,13:00,3.541,1,36000,36000,-0.308161E-01,0,0.525556E-02,29.3262,0,3.26514,45.4891,0,3.57988,-7.46943,0,0.833716,1.01636,0,0.799848E-01,1.09213,2.92014,-0.975015,0.652443E-01,0.805596E-10,0.103060E-11,16.5839,394.570,396.572,0.300000,0,212.158,5.04774,5.07335,0.300000,0,289.146,280.066,97866.0,1.21506,1007.99,0.237924E-01,0.658599E-01,0.382308E-02,494.135,993.240,0.314640E-02,49.7498,499.105,270.262,1.67532,-0.148455,0.499444E-01,1.68263,0.380577E-12,0.485770E-14,1.68263,3.78509,193.532,354.936,1.70093,-9999,0.159254,0.472093,-11.8183,-0.170075,0.644686,0.150353,0,-9999,-9999,-9999,-9999,-9999,-9999,-9999,-0.304847E-01,1.01087,31.3157,1.02023,42.1203,1.05525,-8.77307,1.05874,0.941087,1.05525,800000099,800000099,800000099,800000099,800000099,800000099,800010199,800010199,80100,80100,80,81,5,6,0,13,31,25,0.343434,0.550632,0.501191E-01,0.119494,0.117885E-01,102.674,0.255687E-01,-0.877307E-02,0.941087,16.0000,0.263333,249.000,56.2500,12.8731,97866.2,1.30306
CH-CHA_201201030800.csv,2012-01-03,13:30,3.562,1,36000,36000,-0.442054E-01,0,0.435086E-02,35.7756,0,3.70980,52.8332,0,4.55788,-7.98464,0,0.915515,1.18116,0,0.101898,1.03666,-0.759760E-01,0.543306E-01,-0.169855E-02,0.809198E-10,0.102652E-11,16.5765,395.535,397.529,0.300000,0,210.283,5.01760,5.04290,0.300000,0,288.997,280.700,97805.0,1.21158,1007.98,0.238612E-01,0.765391E-01,0.378930E-02,490.878,1037.32,0.312757E-02,47.3219,546.439,270.173,2.00718,0.124409,0.641104E-01,2.01205,-0.272897E-12,0.488160E-14,2.01205,4.22399,183.590,3.54678,1.82594,-9999,0.191013,0.458972,-16.7090,-0.120294,0.677143,0.153363,0,-9999,-9999,-9999,-9999,-9999,-9999,-9999,-0.437383E-01,1.01068,38.0018,1.02089,48.4118,1.06558,-9.52264,1.06923,1.08231,1.06558,800000099,800000099,800000099,800000099,800000099,800000099,800000199,800010199,81100,81100,80,81,3,1,1,2,22,6,0.300063,0.565907,0.519740E-01,0.131543,0.103402E-01,128.782,0.311172E-01,-0.952264E-02,1.08231,15.9981,0.352222,249.000,56.2500,14.8989,97801.2,1.31745
CH-CHA_201201030800.csv,2012-01-03,14:00,3.583,1,36000,36000,-0.275307E-01,0,0.342099E-02,17.2643,0,2.73330,34.2253,0,2.54100,-6.77579,0,0.746163,0.764937,0,0.567916E-01,-0.479466,0.395188,0.862447E-01,0.883250E-02,-0.468677E-10,-0.610743E-12,16.6534,397.064,399.129,0.250000,0,217.014,5.17423,5.20115,0.250000,0,289.345,280.407,97778.0,1.21244,1008.06,0.238428E-01,0.495679E-01,0.391060E-02,506.062,1016.74,0.322540E-02,49.7732,510.675,270.583,1.79035,0.740365,0.540078E-01,1.93814,-0.211206E-13,-0.281430E-14,1.93814,3.99612,163.257,22.4666,1.59680,-9999,0.150688,0.271079,-16.9964,-0.118260,0.504430,0.937399E-01,0,-9999,-9999,-9999,-9999,-9999,-9999,-9999,-0.272393E-01,1.01070,18.8365,1.02072,31.5745,1.06285,-7.42222,1.06686,0.705694,1.06285,800000099,800001199,800000099,800000099,800000099,800000099,800000199,800000199,80000,80000,80,81,1,3,2,2,6,6,0.271842,0.230146,0.401690E-01,0.133194,0.124539E-01,74.3758,0.154118E-01,-0.742222E-02,0.705694,15.8643,4.38889,249.000,56.2500,13.5437,97777.8,1.30680
CH-CHA_201201031400.csv,2012-01-03,14:30,3.604,1,36000,36000,-0.125508E-01,1,0.331443E-02,25.2067,0,6.30499,33.2743,0,3.06043,-6.07003,0,0.704269,0.744171,0,0.684458E-01,1.10749,0.272205,0.281035,0.608780E-02,0.128786E-09,0.169221E-11,16.6381,402.116,404.252,0.150000,0,218.619,5.28367,5.31174,0.150000,0,289.542,281.093,96697.0,1.19606,1008.13,0.241684E-01,0.482223E-01,0.393952E-02,511.052,1065.50,0.329376E-02,47.9638,554.444,270.716,0.752303,0.928810,0.373149E-01,1.19584,0.705651E-14,0.774044E-14,1.19584,3.24114,137.411,50.9938,1.78814,-9999,0.102438,0.609744,-3.62826,-0.553985,0.757543,0.204075,0,-9999,-9999,-9999,-9999,-9999,-9999,-9999,-0.124029E-01,1.01193,26.6240,1.01993,31.0861,1.04135,-7.28881,1.04361,0.695233,1.04135,800000099,800001199,800000099,800000099,800000099,800011099,800010199,801110199,80000,80000,80,81,0,7,2,4,38,29,0.310374,0.867072,0.420426E-01,0.405187,0.855360E-02,72.1803,0.220802E-01,-0.728881E-02,0.695233,15.8616,4.70556,249.000,56.2500,14.4881,97707.0,1.31915
CH-CHA_201201031400.csv,2012-01-03,15:00,3.624,1,36000,36000,-0.201255E-01,0,0.235143E-02,-1.12060,2,0.777203,15.8626,0,1.56036,-3.23936,1,0.443287,0.354688,0,0.348896E-01,-0.363972,0.351226E-02,-0.448355,0.785340E-04,0.868801E-10,0.116497E-11,16.4876,394.144,396.238,0.250000,0,221.082,5.28507,5.31315,0.250000,0,290.878,280.870,97683.0,1.20921,1008.13,0.239054E-01,0.229838E-01,0.398391E-02,516.400,1049.42,0.329463E-02,49.2079,533.025,270.856,1.49483,0.583025,0.475038E-01,1.60521,0.306389E-12,0.526942E-14,1.60521,3.10127,166.988,21.3071,1.69583,-9999,0.129010,0.227381,164.209,0.122405E-01,-0.706441E-01,-0.712544E-02,0,-9999,-9999,-9999,-9999,-9999,-9999,-9999,-0.199314E-01,1.00974,-0.199778,1.02015,14.9192,1.05979,-3.12638,1.06360,0.333593,1.05979,800000099,800001199,800000099,800000099,800000099,800100099,800110199,800110199,81100,81100,80,81,5,18,1,0,11,1,0.179947,0.249958,0.248560E-01,0.128956,0.127193E-01,69.7698,-0.163881E-03,-0.312638E-02,0.333593,15.8643,4.84556,249.001,56.2537,12.2853,97701.6,1.30916
CH-CHA_201201031400.csv,2012-01-03,15:30,3.645,1,36000,36000,-0.847300E-02,1,0.166849E-02,-9.14935,0,1.32343,12.9934,0,2.67889,-4.31269,0,0.707518,0.290463,0,0.598861E-01,-0.398638,-0.432424,-0.130684,-0.966674E-02,-0.107197E-09,-0.139895E-11,16.4071,391.823,393.837,0.200000,0,214.116,5.11336,5.13964,0.250000,0,291.658,280.626,97697.0,1.21052,1008.03,0.238812E-01,0.188220E-01,0.385837E-02,499.694,1032.08,0.318738E-02,48.4160,532.391,270.413,0.970454,0.173257,0.296093E-01,0.986243,-0.122298E-12,-0.653360E-14,0.986243,2.48777,175.475,10.1225,1.72041,-9999,0.836630E-01,0.282466,5.48560,0.366414,-0.704156,-0.896214E-01,0,-9999,-9999,-9999,-9999,-9999,-9999,-9999,-0.829109E-02,1.02194,-8.07560,1.04509,11.4597,1.15036,-3.43913,1.15964,0.256180,1.15036,800000099,800001199,800000099,800000099,800000099,800101099,800110199,810110199,81100,81100,80,81,13,4,5,0,13,1,0.182909,0.365228,0.167946E-01,0.517535E-01,0.199019E-01,146.277,-0.661806E-02,-0.343913E-02,0.256180,15.8749,4.80828,248.795,56.0492,10.2417,97695.0,1.10357
CH-CHA_201201031400.csv,2012-01-03,16:00,3.666,1,36000,36000,-0.380255E-01,0,0.343136E-02,-24.6888,0,1.97768,31.6745,1,4.35014,-4.50902,1,0.922276,0.708085,1,0.972475E-01,0.196010E-01,-1.51013,0.271823,-0.337591E-01,0.239534E-09,0.272574E-11,16.6074,396.652,398.450,0.350000,1,188.982,4.51363,4.53410,0.400000,0,291.945,280.638,97690.0,1.21065,1007.71,0.238840E-01,0.458839E-01,0.340545E-02,441.055,1032.93,0.281291E-02,42.6993,591.876,268.745,1.54296,-0.789966,0.245011E-01,1.73360,0.662596E-13,0.144233E-13,1.73360,4.30581,214.785,332.888,0.809794,-9999,0.177226,0.382858,19.3212,0.104031,-0.779455,-0.114188,0,-9999,-9999,-9999,-9999,-9999,-9999,-9999,-0.375108E-01,1.01372,-22.3041,1.02908,28.4435,1.13000,-3.16523,1.13494,0.635855,1.13000,800000099,800000099,800000099,800000099,800000099,800001099,800000199,800100199,80000,80000,80,81,6,10,3,6,24,6,0.416087,0.308961,0.406676E-01,0.694981E-01,0.117384E-01,150.102,-0.182824E-01,-0.316523E-02,0.635855,15.9401,2.15500,249.000,56.2500,9.34620,97689.8,1.30098
CH-CHA_201201031400.csv,2012-01-03,16:30,3.687,1,36000,36000,-0.199427E-01,1,0.270880E-02,-21.9463,1,3.31041,12.3952,1,4.19475,-2.18987,1,0.518987,0.276844,1,0.936889E-01,-1.55369,0.798293,-0.141379,0.178297E-01,0.320524E-12,0.392722E-14,16.5576,394.148,396.061,0.300000,0,202.872,4.82932,4.85276,0.400000,0,291.368,279.690,97684.0,1.21454,1007.85,0.238047E-01,0.179395E-01,0.365576E-02,471.874,967.888,0.301001E-02,48.7530,496.014,269.644,1.28051,0.323736,0.570225E-01,1.32203,-0.235190E-12,0.193581E-16,1.32203,3.65568,170.976,14.1881,2.47207,-9999,0.128140,0.312819,8.21560,0.244657,-1.77056,-0.139916,0,-9999,-9999,-9999,-9999,-9999,-9999,-9999,-0.195770E-01,1.01868,-20.4858,1.03886,11.1325,1.16035,-1.05741,1.17043,0.248642,1.16035,800000099,800000099,800000099,800000099,800000099,800100099,800100199,811100199,81100,81100,80,81,1,8,7,3,1,2,0.204253,0.404210,0.171752E-01,0.289572,0.963195E-02,325.499,-0.167357E-01,-0.105741E-02,0.248642,16.0000,0.415556,249.000,56.2500,8.06962,97683.9,1.28604
CH-CHA_201201031400.csv,2012-01-03,17:00,3.708,0,36000,36000,-0.415674E-02,2,0.640009E-03,-6.30908,0,1.70783,0.327881,2,0.585885,0.366444,0,0.480730,0.731211E-02,2,0.130659E-01,-2.61366,0.958348,0.210110,0.213722E-01,-0.647283E-10,-0.846941E-12,16.8047,397.848,399.930,0.250000,0,219.882,5.20568,5.23292,0.250000,0,290.650,278.104,97663.0,1.22103,1008.03,0.236748E-01,0.473825E-03,0.396228E-02,508.538,867.127,0.324504E-02,58.6464,358.588,270.649,0.731160,0.872178,0.486101E-01,1.13915,0.181701E-13,-0.385180E-14,1.13915,2.48415,136.363,50.0264,2.44569,-9999,0.583464E-01,0.145564,2.69755,0.745119,-19.2420,-0.878516E-01,0,-9999,-9999,-9999,-9999,-9999,-9999,-9999,-0.401550E-02,1.03517,-5.87230,1.07181,0.396338,1.28148,0.515568,1.30588,0.883877E-02,1.28148,800000099,800001199,800000099,800000099,800100099,800100099,811100199,811110199,80000,80000,80,80,2,8,6,3,16,3,0.219046,0.647163E-01,0.736485E-02,0.252062,0.226069E-01,40.7107,-0.477097E-02,0.515568E-03,0.883877E-02,15.8600,5.12611,249.000,56.2500,5.90134,97663.1,1.25890
CH-CHA_201201031400.csv,2012-01-03,17:30,3.729,0,36000,36000,-0.104122E-01,2,0.290615E-02,-19.1139,1,2.70017,9.97191,1,1.82318,3.34030,1,0.530044,0.222096,1,0.406061E-01,-2.26096,-0.210883,0.316639,-0.469681E-02,-0.900084E-10,-0.114315E-11,17.1143,403.400,405.477,0.150000,0,217.359,5.12333,5.14971,0.150000,0,289.925,276.738,97612.0,1.22645,1007.97,0.235709E-01,0.143918E-01,0.391680E-02,500.233,787.892,0.319361E-02,63.4900,287.659,270.427,0.387944,1.07718,0.349556E-01,1.14544,0.222005E-13,-0.525925E-14,1.14544,2.87868,119.047,70.1936,1.74877,-9999,0.921397E-01,0.396007,3.50517,0.573439,-1.91678,-0.167804,0,-9999,-9999,-9999,-9999,-9999,-9999,-9999,-0.101150E-01,1.02938,-17.5484,1.06032,8.47236,1.23532,3.34803,1.25652,0.188697,1.23532,800000099,800001199,800000099,800000099,800100099,800101099,811110199,811110199,81100,81100,80,81,0,0,3,0,1,1,0.425525,0.357959,0.852806E-02,0.461675,0.232746E-01,109.280,-0.141952E-01,0.334803E-02,0.188697,15.8522,5.39278,249.000,56.2500,4.14514,97611.6,1.23635
CH-CHA_201201031400.csv,2012-01-03,18:00,3.749,0,36000,36000,-0.329421E-01,1,0.555204E-02,2.98063,2,5.55890,-0.184203,2,0.753946,-0.200766,2,1.28761,-0.409848E-02,2,0.167751E-01,-1.75474,-0.337348,0.530618,-0.750593E-02,0.392104E-11,0.474353E-13,17.5770,412.666,414.736,0.350000,1,212.640,4.99226,5.01731,0.350000,1,288.902,275.682,97626.0,1.23139,1007.88,0.234776E-01,-0.265582E-03,0.383176E-02,487.505,731.098,0.311175E-02,66.6812,243.593,270.081,-0.432174,-0.141661,0.219904E-01,0.455330,-0.155395E-12,0.223078E-15,0.455330,2.96452,347.379,198.148,2.76821,-9999,0.163561,0.580752,-125.740,-0.159854E-01,-16.1812,0.146834E-01,0,-9999,-9999,-9999,-9999,-9999,-9999,-9999,-0.322913E-01,1.02016,2.89867,1.02442,-0.260496,1.02320,-0.343789,1.02446,-0.579597E-02,1.02320,800000099,800001199,800000099,800000099,800101199,810101199,811100199,811110199,81100,81100,80,81,0,0,3,0,33,11,0.519264,0.631960,0.102797E-01,0.701952,0.105656,13.3620,0.233558E-02,-0.343789E-03,-0.579597E-02,15.8639,5.11056,249.000,56.2500,3.36600,97626.2,1.22149
CH-CHA_201201031400.csv,2012-01-03,18:30,3.770,0,36000,36000,0.739584E-02,2,0.507803E-02,-4.70167,1,5.52895,0.351728,2,0.829295,-0.327661,2,0.292323,0.782214E-02,2,0.184428E-01,-0.835598,0.185271E-01,0.267634,0.412027E-03,0.932671E-10,0.111729E-11,17.8064,417.331,419.428,0.350000,1,213.312,4.99944,5.02456,0.350000,1,288.634,275.180,97616.0,1.23350,1007.88,0.234372E-01,0.506875E-03,0.384388E-02,488.156,705.394,0.311624E-02,69.2034,217.237,270.099,0.241636,0.672196,0.256815E-01,0.714770,0.682628E-13,0.523784E-14,0.714770,2.65281,121.159,70.2279,2.05907,-9999,0.774326E-01,0.435926,8.45725,0.237666,-13.3673,-0.488405E-01,0,-9999,-9999,-9999,-9999,-9999,-9999,-9999,0.725971E-02,1.01875,-4.51172,1.03768,0.443905,1.08534,-0.788937E-01,1.09273,0.987207E-02,1.08534,800000099,800001199,800000099,800000099,800100099,800100099,800100199,811100199,80000,80000,80,81,0,0,1,5,0,6,0.550135,0.314929,0.678833E-02,0.538527,0.945599E-01,22.9004,-0.362905E-02,-0.788937E-04,0.987207E-02,15.8619,5.04389,249.000,56.2500,2.79145,97615.9,1.21550
CH-CHA_201201031400.csv,2012-01-03,19:00,3.791,0,36000,36000,-0.236974E-01,1,0.253936E-02,-29.2935,0,6.41881,2.94211,1,1.33177,4.51694,0,1.16939,0.654539E-01,1,0.296283E-01,0.641583,-0.299973,-0.189381,-0.667358E-02,-0.295355E-09,-0.348337E-11,17.6400,414.025,416.057,0.150000,0,208.043,4.88294,4.90690,0.200000,0,288.870,275.566,97613.0,1.23179,1007.83,0.234708E-01,0.424142E-02,0.374893E-02,476.766,725.086,0.304348E-02,65.7530,248.320,269.782,0.445881,1.26016,0.550493E-01,1.33785,0.324881E-13,-0.167435E-13,1.33785,3.66727,118.766,70.5147,2.35825,-9999,0.138702,0.328287,7.80138,0.257647,-9.95665,-0.170125,0,-9999,-9999,-9999,-9999,-9999,-9999,-9999,-0.232465E-01,1.01940,-28.0105,1.04035,3.19740,1.16610,5.08067,1.18101,0.711337E-01,1.16610,800000099,800001199,800000099,800000099,800000099,800000099,800100199,810100199,81100,81100,80,81,1,2,9,4,0,25,0.346531,0.283687,0.263556E-01,0.891568,0.346005E-01,37.8723,-0.225632E-01,0.508067E-02,0.711337E-01,15.9230,3.13222,249.000,56.2500,3.15305,97611.5,1.21980
CH-CHA_201201031400.csv,2012-01-03,19:30,3.812,0,36000,36000,-0.301815,1,0.439396E-01,-112.700,1,23.7499,1.71994,1,2.84311,24.5098,1,5.73076,0.382698E-01,1,0.632611E-01,0.262514,-0.116487,0.558547,-0.259192E-02,0.899262E-09,0.102655E-10,18.0486,423.780,425.840,0.250000,0,206.034,4.83767,4.86119,0.150000,0,288.835,275.724,97631.0,1.23133,1007.80,0.234799E-01,0.247988E-02,0.371274E-02,472.433,733.286,0.301522E-02,64.4269,260.853,269.660,0.129956,0.205246,0.414899E-01,0.246447,0.983327E-13,0.498245E-13,0.246447,3.44563,127.698,57.6591,9.69202,-9999,0.495088,1.17693,92.2300,0.217933E-01,-65.5259,-0.183439,0,55.3026,-8.39239,18.9836,47.2719,72.0926,101.111,151.483,-0.296254,1.01877,-109.876,1.02468,4.68968,1.01533,29.9501,1.01631,0.104348,1.01533,800000099,800001199,800000099,800000099,800000099,810100199,800100199,810100199,80000,80000,80,81,2,0,6,0,5,9,1.45046,0.846963,0.564481E-01,0.806084,0.617766E-01,10.1961,-0.885430E-01,0.299501E-01,0.104348,15.9821,0.774444,249.000,56.2500,3.26624,97631.1,1.22098
CH-CHA_201201031400.csv,2012-01-03,20:00,3.833,0,36000,36000,-0.562219E-01,1,0.173460E-01,-57.7810,0,21.6232,1.34187,1,2.45405,5.57451,0,4.67563,0.298779E-01,1,0.546417E-01,1.19327,-0.173887,-0.490820,-0.387176E-02,-0.194209E-09,-0.223118E-11,17.6384,415.186,417.176,0.300000,0,202.639,4.76988,4.79274,0.250000,0,289.739,276.444,97641.0,1.22828,1007.78,0.235388E-01,0.193609E-02,0.365155E-02,465.861,771.701,0.297289E-02,60.3681,305.840,269.473,0.974254,0.802238,0.688521E-01,1.26392,-0.505608E-13,-0.110106E-13,1.26392,5.48946,146.738,39.4694,3.12273,-9999,0.213946,1.19214,14.5180,0.138449,-43.0600,-0.218182,0,25.6592,-3.89388,8.80797,21.9331,33.4493,46.9132,70.2845,-0.553936E-01,1.01495,-55.9731,1.03101,2.58980,1.10905,7.63459,1.11865,0.576643E-01,1.10905,800000099,800001199,800000099,800000099,800000099,801100099,800100199,800100199,81100,81100,80,81,10,6,8,0,0,0,1.28575,1.02637,0.721572E-01,2.24212,0.143602,22.9052,-0.452186E-01,0.763459E-02,0.576643E-01,15.9961,0.473889,249.000,56.2500,3.29202,97641.3,1.23026
CH-CHA_201201032000.csv,2012-01-03,20:30,3.854,0,36000,36000,-0.446416E-01,1,0.763726E-02,-67.2652,0,12.8781,2.85722,0,1.29028,7.28480,0,2.52355,0.637221E-01,0,0.287760E-01,2.81157,0.218477E-01,-0.352810,0.487251E-03,-0.862709E-10,-0.100803E-11,17.2357,408.960,410.923,0.300000,0,201.390,4.77848,4.80142,0.300000,0,290.914,278.154,97464.0,1.21852,1007.80,0.237275E-01,0.412919E-02,0.362905E-02,465.855,870.156,0.297826E-02,53.5369,404.301,269.473,1.40446,0.672260,0.584935E-01,1.55816,-0.652006E-13,-0.500536E-14,1.55816,5.60965,160.425,25.5786,2.15139,-9999,0.191405,1.06040,8.91873,0.225368,-23.5421,-0.286172,0,-9999,-9999,-9999,-9999,-9999,-9999,-9999,-0.438276E-01,1.01857,-64.6093,1.03890,3.91611,1.18020,8.92131,1.19409,0.873377E-01,1.18020,800000099,800001199,800000099,800000099,800000099,800100099,800100099,800100199,80000,80000,80,80,16,7,13,0,0,2,0.829271,1.21467,0.768626E-01,1.05923,0.507461E-01,8.45536,-0.526122E-01,0.892131E-02,0.873377E-01,15.9949,0.553333,249.000,56.2500,4.68483,97601.0,1.25622
CH-CHA_201201032000.csv,2012-01-03,21:00,3.874,0,36000,36000,-0.818197E-01,0,0.801844E-02,-99.4665,1,14.1769,7.74685,0,1.92872,11.9604,1,3.33203,0.172658,0,0.429864E-01,-1.13865,-0.384755,0.932241E-01,-0.857523E-02,-0.150412E-09,-0.169524E-11,17.3688,410.599,412.508,0.350000,1,195.757,4.62770,4.64921,0.300000,0,290.597,277.464,97582.0,1.22309,1007.72,0.236400E-01,0.111882E-01,0.352755E-02,451.701,829.167,0.288412E-02,54.4765,377.466,269.062,2.28450,0.348071,0.781953E-01,2.31218,-0.359743E-12,-0.865992E-14,2.31218,6.89361,176.884,8.66309,1.93804,-9999,0.258642,1.08765,14.8940,0.134954,-12.8396,-0.312019,0,30.1894,-4.58136,10.3631,25.8055,39.3550,55.1959,82.6936,-0.804991E-01,1.01640,-95.7168,1.03513,8.57578,1.19705,13.9702,1.21267,0.191133,1.19705,800000099,800000099,800000099,800000099,800000099,800100099,800100199,800100199,81100,81100,80,81,11,11,22,9,11,0,0.680029,1.42513,0.701323E-01,1.67094,0.117052,25.1326,-0.776589E-01,0.139702E-01,0.191133,16.0000,0.288889,249.000,56.2500,4.48939,97582.6,1.25045
CH-CHA_201201032000.csv,2012-01-03,21:30,3.895,0,36000,36000,-0.105695,0,0.676491E-02,-61.0431,0,4.87849,0.480294,2,1.27056,2.99089,0,0.650094,0.107373E-01,2,0.284043E-01,5.22495,0.392965,-0.741219,0.878501E-02,-0.327518E-09,-0.394277E-11,16.6060,397.405,399.316,0.350000,1,199.908,4.78407,4.80707,0.350000,1,292.583,280.669,97507.0,1.20813,1007.85,0.239314E-01,0.695779E-03,0.360233E-02,466.606,1035.12,0.298175E-02,45.0774,568.516,269.494,2.31585,-1.48084,0.338249E-01,2.74904,-0.230385E-12,-0.197229E-13,2.74904,6.51699,219.729,327.404,0.705000,-9999,0.295782,0.892512,36.2797,0.554029E-01,-127.095,-0.169495,0,27.6768,-4.20007,9.50056,23.6577,36.0795,50.6021,75.8111,-0.104290,1.01347,-59.2732,1.02954,1.78803,1.16063,5.09455,1.16847,0.399726E-01,1.16063,800000099,800000099,800000099,800000099,800001099,800101099,800000199,800000199,80000,80000,80,81,18,12,10,6,7,2,0.590231,1.08050,0.114306,0.284875,0.557570E-02,44.8619,-0.486798E-01,0.509455E-02,0.399726E-01,16.0000,0.324444,249.000,56.2500,6.92275,97504.8,1.29833
CH-CHA_201201032000.csv,2012-01-03,22:00,3.916,0,36000,36000,-0.454109E-01,1,0.701922E-02,-59.0837,0,3.49451,15.6641,1,1.96485,3.12128,0,0.347138,0.350242,1,0.439328E-01,0.283298,-1.06284,0.193129E-01,-0.237645E-01,-0.659317E-09,-0.722814E-11,16.6000,397.749,399.491,0.350000,1,181.987,4.36054,4.37964,0.350000,1,292.725,280.843,97448.0,1.20684,1007.62,0.239608E-01,0.226957E-01,0.327940E-02,425.040,1047.49,0.271734E-02,40.5769,622.453,268.255,3.67677,-1.42190,0.529564E-01,3.94249,0.808982E-13,-0.397179E-13,3.94249,8.33902,208.857,338.857,0.769632,-9999,0.193979,0.928754,10.5674,0.190207,-3.77191,-0.250475,0,-9999,-9999,-9999,-9999,-9999,-9999,-9999,-0.443328E-01,1.02432,-55.5303,1.05176,11.9212,1.42636,4.07031,1.43817,0.266552,1.42636,800000099,800000099,800000099,800000099,800000099,800000099,800000199,800000199,80000,80000,80,81,2,11,4,4,1,5,1.17651,0.537967,0.143023,0.182814,0.260915E-02,55.3047,-0.456647E-01,0.407031E-02,0.266552,15.9907,0.699444,249.000,56.2500,7.80276,97448.6,1.30443
CH-CHA_201201032000.csv,2012-01-03,22:30,3.937,0,36000,36000,-0.487729E-01,1,0.860909E-02,-60.9398,0,4.22868,34.5783,0,2.33212,2.89873,0,0.551989,0.773706,0,0.521824E-01,1.22350,-0.909421,0.564117E-01,-0.203488E-01,0.688963E-10,0.690537E-12,16.5870,398.758,400.358,0.350000,1,166.249,3.99668,4.01272,0.350000,1,293.200,281.597,97386.0,1.20301,1007.44,0.240404E-01,0.501362E-01,0.299580E-02,389.325,1102.62,0.249025E-02,35.3090,713.297,267.101,2.49005,-1.40981,0.235008E-01,2.86155,-0.187420E-12,0.415363E-14,2.86155,7.60019,218.788,330.482,0.470554,-9999,0.201352,1.16249,11.4529,0.175501,-1.76237,-0.249723,0,-9999,-9999,-9999,-9999,-9999,-9999,-9999,-0.478345E-01,1.01962,-56.8899,1.04194,27.4815,1.30149,4.26777,1.30090,0.614912,1.30149,800000099,800000099,800000099,800000099,800000099,800000099,800000199,800000199,81100,81100,80,81,2,27,7,10,0,20,1.39153,0.801107,0.132337,0.150858,0.396928E-02,31.8195,-0.469403E-01,0.426777E-02,0.614912,16.0000,0.295556,249.000,56.2500,8.94480,97386.4,1.32220
CH-CHA_201201032000.csv,2012-01-03,23:00,3.958,0,36000,36000,-0.668545E-01,1,0.966241E-02,-43.2306,0,3.24456,25.6780,0,2.79216,2.13011,0,0.342458,0.574706,0,0.624920E-01,0.432837,0.712759,-0.306980E-01,0.159524E-01,0.825014E-10,0.887196E-12,16.5473,398.209,399.921,0.400000,0,177.945,4.28222,4.30064,0.400000,0,293.248,281.864,97379.0,1.20165,1007.61,0.240649E-01,0.372409E-01,0.320656E-02,417.110,1122.75,0.266846E-02,37.1508,705.638,268.006,1.54521,-2.16364,-0.351944E-01,2.65899,-0.235297E-12,0.498579E-14,2.65899,6.81631,240.595,305.533,-0.758389,-9999,0.235872,0.901928,25.9532,0.774470E-01,-1.68357,-0.151372,0,23.5437,-3.57284,8.08178,20.1248,30.6915,43.0453,64.4897,-0.659118E-01,1.01430,-40.6132,1.03116,22.4800,1.18217,3.37666,1.18380,0.503131,1.18217,800000099,800000099,800000099,800000099,800000099,800000099,800000199,800000199,81100,81100,80,81,14,2,5,1,3,9,1.13587,0.559161,0.108824,0.147870,0.220217E-02,70.7806,-0.335427E-01,0.337666E-02,0.503131,16.0000,0.361111,249.000,56.2500,9.71132,97378.8,1.32784
CH-CHA_201201032000.csv,2012-01-03,23:30,3.979,0,36000,36000,-0.124175,0,0.118946E-01,-59.6180,0,4.39005,31.8620,0,1.91021,3.10142,0,0.489748,0.712523,0,0.427176E-01,-1.40562,0.654636,0.819413E-01,0.146395E-01,0.178420E-09,0.202836E-11,16.6474,399.672,401.496,0.400000,0,189.255,4.54364,4.56438,0.400000,0,292.324,280.999,97310.0,1.20438,1007.73,0.240081E-01,0.461715E-01,0.341037E-02,442.260,1058.70,0.283164E-02,41.7741,616.435,268.781,1.96955,-3.19804,-0.349762E-01,3.75603,0.278706E-12,0.107176E-13,3.75603,7.97223,243.838,301.627,-0.533547,-9999,0.321096,1.49560,47.4541,0.423567E-01,-1.87113,-0.152980,0,24.5633,-3.72758,8.43180,20.9964,32.0208,44.9096,67.2828,-0.122369,1.01476,-56.1225,1.03298,27.6318,1.20139,4.73996,1.20818,0.617923,1.20139,800000099,800000099,800000099,800000099,800000099,800000099,800000199,800000199,80000,80000,80,80,29,9,6,4,7,7,1.34421,1.46570,0.181307,0.159981,0.252638E-02,26.9670,-0.462413E-01,0.473996E-02,0.617923,15.9981,0.366667,249.000,56.2500,9.36359,97309.0,1.31316
CH-CHA_201201032000.csv,2012-01-04,00:00,4.000,0,36000,36000,-0.961223E-01,1,0.102797E-01,-53.9544,0,3.22772,31.2361,0,1.80075,2.79645,0,0.319063,0.698129,0,0.402468E-01,-0.968772,-0.119179E-01,0.666501E-02,-0.266366E-03,-0.394661E-10,-0.448065E-12,16.6853,399.791,401.613,0.400000,0,189.431,4.53889,4.55959,0.400000,0,291.908,280.404,97296.0,1.20676,1007.71,0.239607E-01,0.452387E-01,0.341354E-02,441.735,1016.53,0.282868E-02,43.4552,574.793,268.765,1.97053,-2.96989,-0.431304E-01,3.56442,0.199122E-12,-0.236532E-14,3.56442,8.70430,243.001,303.564,-0.693310,-9999,0.282229,1.25152,35.6018,0.564578E-01,-1.72731,-0.157205,0,23.5761,-3.57777,8.09292,20.1525,30.7338,43.1047,64.5786,-0.946857E-01,1.01517,-50.6493,1.03365,26.8381,1.20856,4.23693,1.21724,0.599833,1.20856,800000099,800001199,800000099,800000099,800000099,800000099,800000199,800000199,81100,81100,80,80,28,17,5,5,8,5,1.23957,1.10832,0.155134,0.113258,0.140695E-02,25.1655,-0.416499E-01,0.423693E-02,0.599833,15.9953,0.451667,249.000,56.2500,8.72060,97297.1,1.30242
CH-CHA_201201032000.csv,2012-01-04,00:30,4.020,0,36000,36000,-0.752529E-01,0,0.697725E-02,-31.5017,0,2.59627,14.6401,0,1.41832,1.55900,0,0.323399,0.327146,0,0.316936E-01,-0.317618,0.121459,0.429718E-01,0.271410E-02,0.232925E-10,0.266750E-12,16.7235,400.556,402.402,0.400000,0,191.521,4.58725,4.60839,0.400000,0,291.823,280.209,97265.0,1.20720,1007.74,0.239517E-01,0.211990E-01,0.345121E-02,446.298,1003.03,0.285886E-02,44.4948,556.736,268.902,1.92755,-1.25614,-0.166736E-02,2.30072,-0.161078E-12,0.139280E-14,2.30072,5.95645,219.126,326.909,-0.415229E-01,-9999,0.249673,0.829404,42.2068,0.476227E-01,-2.15175,-0.103714,0,26.0124,-3.94748,8.92921,22.2350,33.9098,47.5590,71.2520,-0.743417E-01,1.01226,-29.9048,1.02663,13.6340,1.12696,2.62475,1.13282,0.304663,1.12696,800000099,800000099,800000099,800000099,800000099,800000099,800000199,800000199,81100,81100,80,81,3,14,3,9,7,13,0.552483,1.01111,0.952198E-01,0.923984E-01,0.182244E-02,17.5776,-0.245819E-01,0.262475E-02,0.304663,15.9981,0.333333,249.000,56.2500,8.47759,97264.6,1.29808
CH-CHA_201201032000.csv,2012-01-04,01:00,4.041,0,36000,36000,-0.297683E-01,1,0.184725E-02,-26.2422,1,4.43945,12.5731,1,2.23545,3.35953,1,1.16927,0.280747,1,0.499156E-01,-1.28797,0.754406,0.286902,0.168452E-01,-0.984679E-10,-0.118618E-11,16.9733,405.656,407.648,0.200000,0,204.467,4.88670,4.91069,0.250000,0,291.033,279.420,97202.0,1.20968,1007.89,0.238997E-01,0.181924E-01,0.368449E-02,475.124,950.038,0.304583E-02,50.0111,474.913,269.736,1.07279,0.709775,0.584185E-01,1.28766,-0.157675E-12,-0.580134E-14,1.28766,5.14418,149.685,33.4893,2.60028,-9999,0.156870,0.526001,12.5612,0.160016,-2.08717,-0.137208,0,-9999,-9999,-9999,-9999,-9999,-9999,-9999,-0.293104E-01,1.01562,-24.7458,1.03247,11.7899,1.12105,4.03229,1.12915,0.263258,1.12105,800000099,800001199,800000099,800000099,800000099,801100099,801100199,811110199,81100,81100,80,81,3,0,6,0,0,0,0.244497,0.782639,0.248661E-01,0.312916,0.300232E-01,57.9174,-0.202963E-01,0.403229E-02,0.263258,16.0000,0.331111,249.000,56.2500,7.98123,97203.1,1.28640
CH-CHA_201201032000.csv,2012-01-04,01:30,4.062,0,36000,36000,-0.262992E-01,1,0.441023E-02,-22.9236,0,3.15081,10.7574,0,1.25437,2.10701,0,0.961986,0.240135,0,0.280009E-01,-0.490051,0.229042,-0.181328E-01,0.511284E-02,0.119993E-10,0.147352E-12,16.9710,405.334,407.362,0.350000,1,208.405,4.97753,5.00243,0.350000,1,291.093,279.120,97162.0,1.21044,1007.93,0.238839E-01,0.155607E-01,0.375547E-02,483.756,930.545,0.310255E-02,51.9863,446.789,269.977,1.73048,-0.112558,0.500115E-01,1.73485,-0.676305E-13,0.707046E-15,1.73485,4.09542,186.828,356.278,1.65192,-9999,0.147400,0.455720,11.9262,0.168537,-2.13096,-0.127471,0,-9999,-9999,-9999,-9999,-9999,-9999,-9999,-0.258722E-01,1.01650,-21.6014,1.03484,9.71252,1.16678,2.67362,1.17895,0.216810,1.16678,800000099,800000099,800000099,800000099,800000099,800000099,800000199,800100199,80100,80100,80,81,4,3,7,12,13,19,0.468351,0.405416,0.376733E-01,0.220859,0.309661E-01,25.7818,-0.177054E-01,0.267362E-02,0.216810,16.0000,0.345556,249.000,56.2500,7.54922,97161.6,1.28073
CH-CHA_201201032000.csv,2012-01-04,02:00,4.083,0,36000,36000,-0.630732E-01,1,0.980938E-02,-5.45169,1,3.81459,3.06450,1,2.97936,2.43373,1,2.14807,0.683827E-01,1,0.664829E-01,-0.629433,0.656487,0.292486,0.146492E-01,0.148744E-09,0.189770E-11,17.2024,410.526,412.687,0.150000,0,219.471,5.23755,5.26513,0.150000,0,290.505,278.735,97107.0,1.21131,1008.07,0.238644E-01,0.443120E-02,0.395487E-02,508.740,906.047,0.326495E-02,56.1494,397.308,270.654,-0.156444,0.247591,0.473299E-01,0.296675,0.396809E-12,0.864668E-14,0.296675,2.82053,53.9585,122.287,9.17986,-9999,0.228189,0.679409,185.986,0.108073E-01,-1.77898,-0.195656E-01,0,44.4260,-6.74182,15.2500,37.9747,57.9138,81.2249,121.690,-0.620209E-01,1.01697,-5.14842,1.02294,3.15640,1.01571,2.63720,1.01668,0.704336E-01,1.01571,800000099,800000099,800000099,800000099,800000099,800000199,800110199,801110199,80000,80000,80,81,0,0,3,1,8,1,0.383775,0.954275,0.207688E-01,0.247878,0.531487E-01,55.1239,-0.421628E-02,0.263720E-02,0.704336E-01,16.0000,0.371111,249.000,56.2500,7.45328,97103.2,1.27591
CH-CHA_201201040200.csv,2012-01-04,02:30,4.104,0,36000,36000,-0.253096E-01,1,0.402400E-02,-4.76015,1,1.85945,0.500474,1,0.759282,0.756060,1,1.09905,0.111532E-01,1,0.169208E-01,-2.25729,0.722671,0.640115,0.161049E-01,0.946123E-10,0.123855E-11,17.7494,421.842,424.184,0.350000,1,232.354,5.52225,5.55292,0.350000,1,289.626,277.360,97026.0,1.21617,1008.20,0.237665E-01,0.722728E-03,0.418702E-02,535.946,823.140,0.344279E-02,65.1099,287.194,271.359,-0.318862,0.168260,0.284531E-01,0.361654,-0.288154E-13,0.533045E-14,0.361654,1.72200,46.6777,152.180,4.51239,-9999,0.144260,0.384306,53.7900,0.373676E-01,-9.51127,-0.269112E-01,0,-9999,-9999,-9999,-9999,-9999,-9999,-9999,-0.249219E-01,1.01556,-4.61838,1.02413,0.630515,1.02083,0.977846,1.02244,0.140512E-01,1.02083,800000099,800000099,800000099,800000099,800000099,800000199,810110199,810110199,80000,80000,80,81,0,0,8,16,2,41,0.278304,0.483495,0.681345E-02,0.123834,0.772067E-01,27.1760,-0.376660E-02,0.977846E-03,0.140512E-01,15.9961,0.353333,249.000,56.2500,6.60928,97093.8,1.25632
CH-CHA_201201040200.csv,2012-01-04,03:00,4.124,0,36000,36000,-0.112348E-01,2,0.135862E-02,-5.10359,1,1.38974,1.58570,1,0.700321,2.09673,1,0.808832,0.353377E-01,1,0.156069E-01,-0.164165E-02,-0.342407,-0.463416E-01,-0.763064E-02,-0.180711E-10,-0.231236E-12,17.7152,421.022,423.303,0.250000,0,226.682,5.38736,5.41654,0.250000,0,289.601,277.359,97027.0,1.21625,1008.12,0.237662E-01,0.228988E-02,0.408480E-02,522.860,823.082,0.335853E-02,63.5246,300.222,271.024,0.911198,0.115549,0.249108E-01,0.918833,-0.112667E-13,-0.102009E-14,0.918833,3.06804,185.978,7.22709,1.55356,-9999,0.961103E-01,0.464191,14.8357,0.135484,-3.21852,-0.433082E-01,0,-9999,-9999,-9999,-9999,-9999,-9999,-9999,-0.110701E-01,1.01487,-4.86731,1.03000,1.60467,1.07798,2.16390,1.08494,0.357605E-01,1.07798,800000099,800001199,800000099,800000099,800000099,800100099,811100199,811110199,81100,81100,80,81,0,0,4,0,0,0,0.559941,0.361307,0.713555E-02,0.112674,0.440794E-01,20.5690,-0.396965E-02,0.216390E-02,0.357605E-01,15.9973,0.386667,249.000,56.2500,6.25288,97028.1,1.25305
CH-CHA_201201040200.csv,2012-01-04,03:30,4.145,0,36000,36000,-0.104247E-01,2,0.279233E-02,-4.79440,1,0.863543,14.2443,1,7.97751,-1.72279,2,2.54072,0.317438,1,0.177781,-0.328218E-02,-1.12190,0.462444,-0.250018E-01,0.171502E-09,0.197607E-11,18.0543,429.199,431.332,0.350000,1,208.024,4.94528,4.96985,0.250000,0,289.494,277.357,97000.0,1.21612,1007.89,0.237726E-01,0.205700E-01,0.374859E-02,479.820,822.967,0.308241E-02,58.3038,343.146,269.868,-0.806717,-0.213083,0.362650E-01,0.835172,0.460112E-13,0.949923E-14,0.835172,2.43842,356.711,194.796,2.48869,-9999,0.925852E-01,0.333436,14.1139,0.142413,-0.336584,-0.422479E-01,0,-9999,-9999,-9999,-9999,-9999,-9999,-9999,-0.102758E-01,1.01449,-3.86502,1.02881,13.4071,1.06701,-1.49570,1.07270,0.298781,1.06701,800000099,800001099,800000099,800000099,800000099,800100099,810110199,811110199,81100,81100,80,81,0,0,4,0,65,13,0.428174,0.234296,0.440356E-02,0.556441E-01,0.416797,2530.03,-0.315329E-02,-0.149570E-02,0.298781,16.0000,0.380000,249.133,57.0814,6.35057,97000.0,1.25476
CH-CHA_201201040200.csv,2012-01-04,04:00,4.166,0,36000,36000,0.573549E-02,1,0.118789E-02,0.793048,2,1.08008,-9999,-9999,-9999,-13.6691,1,5.47173,-9999,-9999,-9999,0.573795E-01,-9999,6.68097,-9999,-0.715586E-10,-9999,23.0191,547.363,547.363,0.350000,1,-9999,-9999,-9999,-9999,1,288.918,277.392,96988.0,1.21810,1005.22,0.237786E-01,-9999,-9999,-9999,-9999,-9999,-9999,-999900.,-9999,0.338953,0.431680,0.159792E-01,0.549083,-0.764669E-13,-0.310866E-14,0.549083,1.42446,135.101,51.8611,1.66763,-9999,0.686190E-01,0.146395,-34.7071,-0.579133E-01,-9999,0.943866E-02,0,-9999,-9999,-9999,-9999,-9999,-9999,-9999,0.563490E-02,1.01785,0.775247,1.02296,-9999,-9999,-13.3736,1.02611,-9999,-9999,800000099,800100199,800000099,800000199,800001099,800001199,810110199,811110199,80100,80100,80,81,0,0,3,10,14,1,0.108573,0.181964,0.225356E-02,0.979133E-01,3.64268,-9999,0.633135E-03,-0.133736E-01,-9999,15.9981,0.405000,251.240,70.2514,6.57007,96990.0,1.25186
CH-CHA_201201040200.csv,2012-01-04,04:30,4.187,0,36000,36000,0.915598E-03,2,0.143186E-02,-1.10842,1,2.48451,-9999,-9999,-9999,-5.35457,2,15.7546,-9999,-9999,-9999,-0.267353,-9999,0.130637,-9999,0.932820E-10,-9999,23.1275,549.672,549.672,0.350000,1,-9999,-9999,-9999,-9999,1,287.164,277.229,96978.0,1.21869,1005.22,0.237671E-01,-9999,-9999,-9999,-9999,-9999,-9999,-999900.,-9999,0.561455,0.380317,0.221874E-01,0.678502,0.157358E-12,0.403338E-14,0.678502,1.91233,149.636,34.1128,1.87394,-9999,0.274098E-01,0.224222,1.58259,1.27007,-9999,-0.330097E-01,0,-9999,-9999,-9999,-9999,-9999,-9999,-9999,0.872392E-03,1.04953,-1.00776,1.09988,-9999,-9999,-4.22403,1.24977,-9999,-9999,800000099,800001199,800000099,800001199,800001199,800011199,811110199,811110199,80000,80000,80,81,4,1,4,5,8,1,0.120770,0.324565,0.310855E-02,0.729682,25.8451,-9999,-0.822625E-03,-0.422403E-02,-9999,16.0000,0.328889,254.296,89.3472,6.41852,96977.6,1.24558
CH-CHA_201201040200.csv,2012-01-04,05:00,4.208,0,36000,36000,-0.667381E-02,1,0.136552E-02,-1.61343,1,0.557849,-9999,-9999,-9999,31.3932,1,16.1803,-9999,-9999,-9999,-0.426851,-9999,-1.04202,-9999,0.479238E-10,-9999,22.3741,531.269,531.269,0.100000,0,-9999,-9999,-9999,-9999,1,285.650,276.969,96978.0,1.21983,1005.21,0.237448E-01,-9999,-9999,-9999,-9999,-9999,-9999,-999900.,-9999,0.412526,0.538621,0.217203E-01,0.678794,-0.119514E-12,0.214193E-14,0.678794,1.61666,127.690,52.5518,1.83368,-9999,0.739668E-01,0.134759,21.3653,0.940780E-01,-9999,-0.177891E-01,0,-9999,-9999,-9999,-9999,-9999,-9999,-9999,-0.658075E-02,1.01414,-1.57091,1.02707,-9999,-9999,29.9045,1.05334,-9999,-9999,800000099,800001199,800000099,800001199,800001199,800001199,811110199,811110199,81000,81000,80,81,0,0,1,13,3,4,0.113981,0.149849,0.568777E-02,0.236600E-01,23.6230,-9999,-0.128113E-02,0.299045E-01,-9999,15.9977,0.332222,255.000,93.7500,6.22961,96977.8,1.24260
CH-CHA_201201040200.csv,2012-01-04,05:30,4.229,0,36000,36000,-0.464235E-02,1,0.965303E-03,-1.49346,0,0.350740,-9999,-9999,-9999,2.32974,2,14.7650,-9999,-9999,-9999,0.150929,-9999,5.88868,-9999,-0.377908E-10,-9999,26.7377,635.347,635.347,0.350000,1,-9999,-9999,-9999,-9999,1,285.261,277.061,96939.0,1.21894,1005.21,0.237622E-01,-9999,-9999,-9999,-9999,-9999,-9999,-999900.,-9999,0.899707,0.552179,0.260656E-01,1.05596,-0.201796E-13,-0.141339E-14,1.05596,2.25550,155.363,31.5388,1.41444,-9999,0.617133E-01,0.119672,13.4019,0.149979,-9999,-0.197504E-01,0,-9999,-9999,-9999,-9999,-9999,-9999,-9999,-0.457208E-02,1.01537,-1.44788,1.03148,-9999,-9999,2.21693,1.10394,-9999,-9999,800000099,800000199,800000099,800001199,800001199,800001199,810110199,811110199,80000,80000,80,80,0,0,0,3,5,7,0.158893,0.705620E-01,0.988971E-02,0.107500E-01,9.52889,-9999,-0.118166E-02,0.221693E-02,-9999,16.0000,0.290000,255.000,93.7500,6.16445,96938.6,1.24356
CH-CHA_201201040200.csv,2012-01-04,06:00,4.249,0,36000,36000,-0.221787,1,0.220010E-01,1.47050,2,1.97897,-9999,-9999,-9999,74.3589,1,27.4995,-9999,-9999,-9999,0.403323,-9999,1.32903,-9999,0.136421E-08,-9999,27.7097,658.852,658.852,0.350000,1,-9999,-9999,-9999,-9999,1,285.302,277.307,96965.0,1.21818,1005.22,0.237769E-01,-9999,-9999,-9999,-9999,-9999,-9999,-999900.,-9999,0.196001,0.405636,0.539208E-01,0.453722,0.799997E-12,0.492323E-13,0.453722,2.96164,116.226,64.2104,6.82522,-9999,0.426690,1.14054,-4499.69,-0.446697E-03,-9999,0.281435E-02,0,60.6358,-9.20172,20.8143,51.8306,79.0449,110.862,166.091,-0.217395,1.02020,1.43540,1.02445,-9999,-9999,72.4682,1.02443,-9999,-9999,800000099,800000199,800000099,800001199,800001199,800001199,800110199,810110199,81000,81000,80,81,0,1,3,25,14,0,0.892137,1.35569,0.332614E-01,0.283845E-01,3.36473,-9999,0.117220E-02,0.724682E-01,-9999,16.0000,0.247778,255.000,93.7500,6.24869,96964.4,1.24823
CH-CHA_201201040200.csv,2012-01-04,06:30,4.270,0,36000,36000,-0.467637,2,0.817039E-01,-108.972,1,20.0805,-9999,-9999,-9999,159.409,1,58.6920,-9999,-9999,-9999,2.15681,-9999,-4.25309,-9999,-0.117687E-09,-9999,24.4514,583.376,583.376,0.350000,1,-9999,-9999,-9999,-9999,1,286.754,278.627,97093.0,1.21401,1005.25,0.238586E-01,-9999,-9999,-9999,-9999,-9999,-9999,-999900.,-9999,-1.98634,-3.50053,0.139275,4.02724,0.287914E-12,-0.481309E-14,4.02724,14.4997,305.790,240.428,1.98187,-9999,0.620645,7.94142,187.044,0.107462E-01,-9999,-0.143873,0,37.8532,-5.74437,12.9938,32.3564,49.3455,69.2078,103.686,-0.461504,1.01329,-105.767,1.03031,-9999,-9999,142.657,1.17236,-9999,-9999,800000099,800001199,800000099,800001199,800001199,800101199,800000199,801110199,81000,81000,80,81,9,4,8,58,37,19,13.9278,1.72491,0.230102,0.831408,17.4786,-9999,-0.866677E-01,0.142657,-9999,16.0000,0.267778,254.903,93.1420,6.87367,97093.2,1.26464
CH-CHA_201201040200.csv,2012-01-04,07:00,4.291,0,36000,36000,-0.225633,1,0.159634E-01,-46.5069,0,2.82681,-9999,-9999,-9999,49.7172,1,29.9505,-9999,-9999,-9999,-0.153839,-9999,-1.13558,-9999,-0.298512E-10,-9999,23.6462,563.256,563.256,0.350000,1,-9999,-9999,-9999,-9999,1,286.367,278.533,97217.0,1.21597,1005.24,0.238201E-01,-9999,-9999,-9999,-9999,-9999,-9999,-999900.,-9999,-2.24296,-5.01885,0.981301E-01,5.49813,-0.125215E-12,-0.126241E-14,5.49813,12.5815,301.669,245.920,1.02267,-9999,0.430765,2.12355,146.665,0.137047E-01,-9999,-0.883253E-01,0,28.1489,-4.27170,9.66260,24.0612,36.6949,51.4651,77.1042,-0.221942,1.01663,-44.7973,1.03816,-9999,-9999,42.6355,1.24186,-9999,-9999,800000099,800001199,800000099,800001199,800001199,800001199,800000199,800000199,80000,80000,80,80,17,8,6,65,39,9,2.28593,1.72949,0.231680,0.713307E-01,11.9273,-9999,-0.366487E-01,0.426355E-01,-9999,15.9977,0.420000,254.298,89.3656,6.50603,97216.5,1.25524
CH-CHA_201201040200.csv,2012-01-04,07:30,4.312,0,36000,36000,-0.948537E-01,1,0.105369E-01,-25.8311,0,2.41772,-9999,-9999,-9999,-51.4454,2,38.7102,-9999,-9999,-9999,0.327694E-01,-9999,0.789828,-9999,0.372943E-10,-9999,24.2609,577.234,577.234,0.300000,0,-9999,-9999,-9999,-9999,1,286.164,278.553,97336.0,1.21737,1005.24,0.237927E-01,-9999,-9999,-9999,-9999,-9999,-9999,-999900.,-9999,-0.502031,-2.79800,0.275299E-01,2.84282,-0.713228E-12,0.153722E-14,2.84282,8.42233,284.253,259.828,0.554861,-9999,0.279136,1.42084,71.9125,0.279506E-01,-9999,-0.756197E-01,0,26.2844,-3.98876,9.02258,22.4675,34.2643,48.0562,71.9970,-0.937129E-01,1.01217,-25.1525,1.02698,-9999,-9999,-43.4257,1.14234,-9999,-9999,800000099,800000199,800000099,800001199,800001199,800101199,800000199,800010199,81000,81000,80,81,10,31,13,0,25,2,1.36471,1.36098,0.115973,0.733538E-01,11.0205,-9999,-0.205535E-01,-0.434257E-01,-9999,15.9981,0.354444,254.551,90.9456,6.41056,97336.2,1.25590
CH-CHA_201201040200.csv,2012-01-04,08:00,4.333,0,36000,35999,-0.657418E-01,0,0.832287E-02,-15.8620,0,2.05448,-9999,-9999,-9999,-53.3738,1,27.5599,-9999,-9999,-9999,-0.326589,-9999,-0.929145,-9999,-0.256511E-09,-9999,23.6096,560.818,560.818,0.350000,1,-9999,-9999,-9999,-9999,1,285.745,278.354,97426.0,1.21937,1005.24,0.237538E-01,-9999,-9999,-9999,-9999,-9999,-9999,-999900.,-9999,1.83964,-1.29754,0.239989E-01,2.25132,0.288968E-12,-0.108647E-13,2.25132,6.53052,222.189,324.804,0.610779,-9999,0.232195,0.919657,67.4508,0.297995E-01,-9999,-0.557315E-01,0,26.4016,-4.00654,9.06281,22.5677,34.4171,48.2705,72.3180,-0.650011E-01,1.01140,-15.4787,1.02477,-9999,-9999,-46.8985,1.11467,-9999,-9999,800000099,800000199,800000099,800001199,800001199,800001199,800000199,800010199,81100,81100,80,81,24,9,9,0,10,8,0.638711,1.12118,0.794208E-01,0.720729E-01,7.51955,-9999,-0.126279E-01,-0.468985E-01,-9999,15.9973,0.240007,254.239,88.9950,6.35692,97426.3,1.25225
CH-CHA_201201040800.csv,2012-01-04,08:30,4.354,0,36000,36000,-0.774639E-01,0,0.843422E-02,-24.6596,0,4.21802,-9999,-9999,-9999,14.0829,2,42.3499,-9999,-9999,-9999,-0.537268,-9999,0.557487,-9999,-0.304595E-10,-9999,24.0513,570.656,570.656,0.350000,1,-9999,-9999,-9999,-9999,1,285.119,278.027,97423.0,1.22077,1005.23,0.237266E-01,-9999,-9999,-9999,-9999,-9999,-9999,-999900.,-9999,2.93198,-0.536920,0.761043E-01,2.98171,0.184894E-12,-0.126644E-14,2.98171,7.16920,197.125,349.623,1.46256,-9999,0.251903,0.732811,55.3974,0.362833E-01,-9999,-0.797729E-01,0,25.8409,-3.92146,8.87035,22.0884,33.6862,47.2454,70.7823,-0.764792E-01,1.01288,-23.9753,1.02854,-9999,-9999,13.6451,1.15949,-9999,-9999,800000099,800000199,800000099,800001199,800001199,800101199,800010199,800010199,80100,80100,80,81,5,5,4,0,18,4,0.680016,0.687120,0.984842E-01,0.141808,15.4374,-9999,-0.195373E-01,0.136451E-01,-9999,15.9953,0.352222,253.895,86.8441,6.28365,97495.6,1.25314
CH-CHA_201201040800.csv,2012-01-04,09:00,4.374,0,36000,36000,-0.334853E-01,0,0.462546E-02,-12.3937,0,1.34132,-9999,-9999,-9999,5.51815,2,25.9964,-9999,-9999,-9999,0.627742,-9999,-1.01755,-9999,0.667707E-10,-9999,23.2985,552.702,552.702,0.350000,1,-9999,-9999,-9999,-9999,1,285.438,278.409,97573.0,1.22097,1005.23,0.237227E-01,-9999,-9999,-9999,-9999,-9999,-9999,-999900.,-9999,1.83763,-0.959414,0.151094E-01,2.07306,0.490205E-13,0.286588E-14,2.07306,4.64983,215.589,332.431,0.417602,-9999,0.165605,0.319448,31.3527,0.641094E-01,-9999,-0.609754E-01,0,-9999,-9999,-9999,-9999,-9999,-9999,-9999,-0.330636E-01,1.01275,-12.0628,1.02743,-9999,-9999,5.60845,1.13457,-9999,-9999,800000099,800000199,800000099,800001199,800001099,800001099,800010199,800110199,80000,80000,80,80,9,7,9,8,9,10,0.374818,0.200913,0.631648E-01,0.271478E-01,9.81306,-9999,-0.982824E-02,0.560845E-02,-9999,15.9949,0.466667,253.680,85.4977,6.52453,97588.3,1.25729
CH-CHA_201201040800.csv,2012-01-04,09:30,4.395,0,36000,36000,-0.443495E-01,0,0.441782E-02,-18.9117,0,2.58069,-9999,-9999,-9999,-1.28350,2,6.71547,-9999,-9999,-9999,0.131522,-9999,-2.42861,-9999,-0.201893E-10,-9999,21.5023,509.868,509.868,0.350000,1,-9999,-9999,-9999,-9999,1,285.794,278.489,97644.0,1.22150,1005.25,0.237122E-01,-9999,-9999,-9999,-9999,-9999,-9999,-999900.,-9999,2.42416,-1.20197,0.191014E-01,2.70585,0.384277E-13,-0.938939E-15,2.70585,5.79828,214.079,333.626,0.404471,-9999,0.190544,0.462834,31.3141,0.641883E-01,-9999,-0.808291E-01,0,-9999,-9999,-9999,-9999,-9999,-9999,-9999,-0.437440E-01,1.01384,-18.3561,1.03027,-9999,-9999,-0.802661E-01,1.17538,-9999,-9999,800000099,800000199,800000099,800000199,800000199,800001199,800010199,800010199,81000,81000,80,80,9,8,0,1,0,24,0.479966,0.356774,0.889274E-01,0.802612E-01,1.10202,-9999,-0.149491E-01,-0.802661E-04,-9999,16.0000,0.347778,254.475,90.4700,6.56370,97644.4,1.26066
CH-CHA_201201040800.csv,2012-01-04,10:00,4.416,1,36000,36000,-0.133141,0,0.916286E-02,-23.7073,0,2.94032,-9999,-9999,-9999,63.6119,2,53.5185,-9999,-9999,-9999,0.138140,-9999,5.32755,-9999,-0.250333E-09,-9999,25.4715,603.803,603.803,0.500000,0,-9999,-9999,-9999,-9999,1,285.321,278.573,97703.0,1.22187,1005.25,0.237051E-01,-9999,-9999,-9999,-9999,-9999,-9999,-999900.,-9999,2.58431,-2.22217,0.127940E-01,3.40835,0.406142E-12,-0.982797E-14,3.40835,8.22849,227.062,319.309,0.215074,-9999,0.330097,1.54438,129.931,0.154698E-01,-9999,-0.584713E-01,0,25.5351,-3.87506,8.76539,21.8270,33.2876,46.6864,69.9447,-0.131505,1.01244,-23.0607,1.02804,-9999,-9999,56.7134,1.15276,-9999,-9999,800000099,800000199,800000099,800001199,800001199,800001199,800010199,800010199,81100,81100,80,81,10,7,2,7,12,2,0.858588,2.05587,0.174299,0.566559E-01,16.9063,-9999,-0.187748E-01,0.567134E-01,-9999,15.9961,0.358333,254.429,90.1783,6.60718,97703.5,1.25967
CH-CHA_201201040800.csv,2012-01-04,10:30,4.437,1,36000,36000,-0.161866,0,0.147387E-01,-34.6281,0,5.18205,84.8666,2,48.7958,-32.0996,2,25.9724,1.89334,2,1.08861,-0.118507,-9999,-9.92194,-9999,-0.167493E-09,-0.150597E-11,18.0981,428.905,430.566,0.350000,1,162.725,3.85642,3.87135,0.350000,1,285.592,278.501,97703.0,1.22041,1007.31,0.236989E-01,0.122688,0.293231E-02,376.885,891.438,0.240273E-02,42.2783,514.553,266.677,2.68844,-2.43515,-0.265261E-01,3.62745,-0.930353E-14,-0.925472E-14,3.62745,9.67291,229.506,317.830,-0.418985,-9999,0.364188,1.58537,119.530,0.168159E-01,-0.408029,-0.773455E-01,0,24.7541,-3.75653,8.49728,21.1594,32.2695,45.2584,67.8053,-0.159822,1.01279,-29.3376,1.02894,73.7903,1.15567,-26.7645,1.16129,1.64623,1.15567,800000099,800000099,800000099,800000199,800000099,800101199,800010199,800010199,80100,80100,80,80,19,22,7,2,37,23,1.55334,1.38820,0.229213,0.150748,3.18137,6152.10,-0.238647E-01,-0.267645E-01,1.64623,16.0000,0.294444,253.940,87.1231,6.50006,97700.4,1.26142
CH-CHA_201201040800.csv,2012-01-04,11:00,4.458,1,36000,36000,-0.111337,0,0.149086E-01,-16.7776,0,2.69165,-32.9937,2,25.9242,5.14639,1,2.99453,-0.736176,2,0.578438,0.240366,0.480011,-1.37144,0.107103E-01,-0.390511E-10,-0.390298E-12,17.0819,404.736,406.380,0.350000,1,170.726,4.04517,4.06160,0.400000,0,285.809,278.647,97775.0,1.22058,1007.41,0.236939E-01,-0.477042E-01,0.307649E-02,395.623,900.528,0.252051E-02,43.9323,504.906,267.311,2.20354,-1.15138,0.112351E-01,2.48624,0.432549E-12,-0.228611E-14,2.48624,7.34317,209.729,332.412,0.258917,-9999,0.302020,1.46012,140.783,0.142773E-01,0.508509,-0.451772E-01,0,26.5826,-4.03401,9.12493,22.7224,34.6531,48.6014,72.8138,-0.110125,1.01101,-18.1366,1.02420,-29.3363,1.10735,5.64805,1.11204,-0.654570,1.10735,800000099,800000099,800000099,800000099,800000099,800100099,800010199,800110199,80000,80000,80,81,10,5,6,4,33,5,1.19957,1.58851,0.132145,0.610831E-01,0.577354E-01,1980.29,-0.147496E-01,0.564805E-02,-0.654570,15.9969,0.302222,251.737,73.3572,6.61063,97774.7,1.26922
CH-CHA_201201040800.csv,2012-01-04,11:30,4.479,1,36000,36000,-0.411806E-01,0,0.533959E-02,-6.44997,0,4.08326,36.3656,1,12.0729,-10.3292,1,2.13918,0.811402,1,0.269375,-0.230505E-01,-4.03235,0.757968,-0.899710E-01,0.891333E-10,0.524467E-12,17.6512,418.090,419.121,0.300000,0,103.861,2.46008,2.46615,0.300000,0,287.125,278.633,97802.0,1.22171,1006.56,0.236862E-01,0.525789E-01,0.187158E-02,240.665,899.653,0.153194E-02,26.7509,658.988,260.971,2.37439,0.360003E-01,0.561303E-01,2.37533,0.103355E-12,0.504970E-14,2.37533,5.29019,186.875,0.868646,1.35406,-9999,0.183596,0.612303,82.2576,0.244354E-01,-0.177365,-0.285686E-01,0,-9999,-9999,-9999,-9999,-9999,-9999,-9999,-0.407356E-01,1.01092,-4.37029,1.02390,32.6095,1.11513,-9.32681,1.10823,0.727595,1.11513,800000099,800001199,800000099,800000099,800000099,800000099,800010199,800010199,80000,80000,80,81,8,3,5,1,1,0,0.445000,0.711280,0.683273E-01,0.134382,0.582445E-01,936.409,-0.355388E-02,-0.932681E-02,0.727595,15.8674,4.54222,250.429,65.1806,7.53277,97802.2,1.27413
CH-CHA_201201040800.csv,2012-01-04,12:00,4.499,1,36000,36000,-0.182651,0,0.186727E-01,-7.61924,2,5.69374,60.4022,0,6.61856,-5.80510,1,1.20738,1.34917,0,0.147835,1.85542,7.48892,-1.35771,0.167276,-0.154741E-09,-0.212800E-11,16.5689,394.071,396.218,0.350000,1,227.855,5.41925,5.44878,0.350000,1,287.978,279.764,97796.0,1.21533,1008.19,0.237838E-01,0.874261E-01,0.410595E-02,530.123,972.832,0.337845E-02,54.4928,442.709,271.211,2.29443,-2.42456,-0.614181E-02,3.33810,-0.495697E-12,-0.933926E-14,3.33810,9.80667,230.508,313.420,-0.105419,-9999,0.387671,1.82000,655.877,0.306460E-02,-0.126142,-0.160403E-01,0,30.3295,-4.60262,10.4111,25.9252,39.5376,55.4520,83.0772,-0.180579,1.01148,-4.22657,1.02601,53.8058,1.12073,-5.28058,1.13029,1.20183,1.12073,800000099,800001199,800000099,800000099,800000099,800001099,800010199,800010199,80000,80000,80,81,8,7,7,0,16,1,1.55835,1.92516,0.156507,0.361326,0.246864E-01,177.513,-0.344947E-02,-0.528058E-02,1.20183,15.9199,2.85111,249.000,56.2500,10.1716,97796.1,1.29683
CH-CHA_201201041158.csv,2012-01-04,12:30,4.520,1,36000,36000,-0.164595,1,0.142202E-01,3.42000,0,1.43954,57.5080,0,3.55499,-6.28654,1,0.684313,1.28466,0,0.794141E-01,0.181972,-0.721925,-0.319402E-01,-0.161269E-01,-0.142902E-09,-0.186434E-11,16.5345,393.506,395.536,0.350000,1,215.714,5.13378,5.16027,0.350000,1,289.067,279.875,97772.0,1.21469,1008.03,0.237991E-01,0.832457E-01,0.388716E-02,502.074,980.290,0.320013E-02,51.2169,478.215,270.477,0.786108E-01,-3.95512,0.160257E-01,3.95593,0.119941E-13,-0.864267E-14,3.95593,12.4192,277.400,271.139,0.232109,-9999,0.368109,3.15699,-1250.69,-0.160711E-02,0.594699E-01,0.758774E-02,0,27.4225,-4.16147,9.41326,23.4404,35.7480,50.1371,75.1145,-0.162552,1.01257,6.37941,1.02762,50.8338,1.12359,-6.14477,1.13221,1.13556,1.12359,800000099,800000099,800000099,800000099,800000099,800101099,800010199,800010199,81100,81100,80,81,8,17,5,13,26,5,2.99491,3.13772,0.181336,0.242173E-01,0.849138E-02,98.1952,0.521006E-02,-0.614477E-02,1.13556,15.9973,0.285556,249.000,56.2500,10.5261,97800.6,1.29442
CH-CHA_201201041158.csv,2012-01-04,13:00,4.541,1,36000,36000,-0.139611,0,0.149748E-01,12.6039,1,2.98719,66.6973,0,5.54895,-9.71706,0,0.994542,1.49005,0,0.123966,0.129494,-0.338417,-0.551601E-01,-0.756039E-02,0.564624E-10,0.719206E-12,16.4915,392.529,394.502,0.400000,0,210.065,4.99993,5.02505,0.400000,0,288.972,279.954,97788.0,1.21460,1007.96,0.238019E-01,0.965551E-01,0.378536E-02,489.064,985.628,0.311654E-02,49.6196,496.564,270.124,0.834965,-2.60143,-0.795486E-02,2.73215,-0.622356E-12,0.342373E-14,2.73215,7.88074,264.469,287.795,-0.166821,-9999,0.339034,1.75459,-265.164,-0.758023E-02,0.188972,0.303658E-01,0,29.3757,-4.45787,10.0837,25.1099,38.2941,53.7081,80.4645,-0.138096,1.01097,15.9785,1.02300,60.7422,1.08686,-9.98539,1.09245,1.35701,1.08686,800000099,800000099,800000099,800000099,800000099,800001099,800010199,800010199,81100,81100,80,81,7,15,3,8,17,10,1.41465,1.96482,0.129719,0.154122,0.110380E-01,127.622,0.130514E-01,-0.998539E-02,1.35701,15.9946,0.411111,249.000,56.2500,12.0297,97795.6,1.30261
CH-CHA_201201041158.csv,2012-01-04,13:30,4.562,1,36000,36000,-0.129033,0,0.112890E-01,15.0394,0,2.25263,56.2715,0,3.49134,-7.80263,0,0.593979,1.25743,0,0.780163E-01,0.398009,-0.961843,0.482492E-01,-0.214930E-01,0.147664E-09,0.173389E-11,16.5156,393.384,395.209,0.350000,1,193.928,4.61915,4.64058,0.350000,1,289.790,280.197,97803.0,1.21391,1007.75,0.238189E-01,0.814811E-01,0.349458E-02,451.888,1002.21,0.287878E-02,45.0892,550.322,269.067,2.11648,-3.45532,-0.465576E-01,4.05227,-0.975941E-13,0.894091E-14,4.05227,8.07785,245.274,301.489,-0.658302,-9999,0.326030,1.37085,-197.629,-0.101706E-01,0.267265,0.377080E-01,0,25.2981,-3.83909,8.68404,21.6245,32.9787,46.2531,69.2956,-0.127412,1.01273,17.6102,1.02802,49.2685,1.12914,-7.94651,1.13534,1.10094,1.12914,800000099,800000099,800000099,800000099,800000099,800000099,800010199,800010199,81100,81100,80,80,7,10,3,3,18,7,1.20249,1.36523,0.173991,0.432657E-01,0.487196E-02,87.0131,0.143954E-01,-0.794651E-02,1.10094,15.9981,0.335000,249.000,56.2500,12.5295,97800.3,1.30507
CH-CHA_201201041158.csv,2012-01-04,14:00,4.583,1,36000,36000,-0.944886E-01,0,0.900019E-02,-18.7221,0,3.20724,44.7905,0,2.66556,-5.65790,0,0.306908,1.00032,0,0.595308E-01,-0.948710,0.210940E-02,0.440269E-02,0.471098E-04,-0.972303E-10,-0.114167E-11,16.5541,393.462,395.288,0.350000,1,194.376,4.61998,4.64142,0.350000,1,290.248,279.619,97809.0,1.21650,1007.74,0.237683E-01,0.648208E-01,0.350265E-02,451.997,963.166,0.287930E-02,46.9283,511.169,269.070,1.99824,-3.34404,-0.365579E-01,3.89576,-0.240305E-13,-0.587349E-14,3.89576,8.58200,245.687,300.861,-0.537674,-9999,0.278698,1.40531,99.1691,0.202684E-01,-0.417993,-0.547971E-01,0,22.7078,-3.44599,7.79484,19.4103,29.6019,41.5170,62.2001,-0.932294E-01,1.01351,-15.8744,1.03062,38.5566,1.16864,-4.36914,1.17813,0.861097,1.16864,800000099,800000099,800000099,800000099,800000099,800000099,800010199,800010199,80100,80100,80,80,51,2,9,5,27,9,1.04819,1.59600,0.166430,0.585132E-01,0.170552E-02,55.6509,-0.129490E-01,-0.436914E-02,0.861097,15.9973,0.371111,249.000,56.2500,10.3895,97809.5,1.29173
CH-CHA_201201041158.csv,2012-01-04,14:30,4.604,1,36000,36000,-0.204867,0,0.144393E-01,-9.28402,2,3.22936,73.5420,0,3.82988,-10.6445,0,0.738044,1.64319,0,0.855729E-01,0.782476,0.735281E-01,0.294578E-01,0.164288E-02,-0.364053E-09,-0.429592E-11,16.5315,393.984,395.824,0.350000,1,195.076,4.64910,4.67082,0.350000,1,290.358,280.097,97713.0,1.21321,1007.77,0.238323E-01,0.106479,0.351526E-02,454.400,995.356,0.289748E-02,45.6520,540.956,269.141,2.33310,-3.81984,-0.295142E-01,4.47609,0.124333E-12,-0.220218E-13,4.47609,8.88208,245.042,301.416,-0.377796,-9999,0.410929,1.63703,640.607,0.313765E-02,-0.126241,-0.184787E-01,0,28.3869,-4.30782,9.74431,24.2647,37.0052,51.9003,77.7561,-0.202136,1.01351,-5.22728,1.03115,62.9760,1.16611,-9.23190,1.17461,1.40710,1.16611,800000099,800000099,800000099,800000099,800000099,800001099,800010199,800010199,81100,81100,80,80,21,13,3,2,26,13,1.37900,1.68797,0.207079,0.123272,0.474202E-02,77.9986,-0.427541E-02,-0.923190E-02,1.40710,15.9895,0.498333,249.000,56.2500,11.0789,97848.8,1.30308
CH-CHA_201201041400.csv,2012-01-04,15:00,4.624,1,36000,36000,-0.821074E-01,1,0.724265E-02,-20.8135,0,1.14264,39.2997,0,2.65449,-3.22538,1,0.668970,0.877633,0,0.592794E-01,-0.903714,-0.340061E-01,0.135078E-02,-0.759416E-03,-0.407745E-10,-0.479733E-12,16.5947,394.008,395.843,0.400000,0,195.245,4.63569,4.65728,0.400000,0,290.748,279.547,97888.0,1.21778,1007.75,0.237430E-01,0.568706E-01,0.351831E-02,453.900,958.397,0.288911E-02,47.3603,504.497,269.126,1.60904,-3.58910,-0.714525E-01,3.93392,0.127534E-13,-0.245708E-14,3.93392,8.34552,252.109,294.147,-1.04073,-9999,0.259661,1.07815,72.1857,0.278448E-01,-0.529610,-0.653154E-01,0,22.6790,-3.44163,7.78497,19.3857,29.5644,41.4645,62.1213,-0.809673E-01,1.01408,-18.1808,1.03180,33.5588,1.18145,-2.15146,1.19196,0.749429,1.18145,800000099,800000099,800000099,800000099,800001099,800001199,800010199,800010199,81100,81100,80,80,39,8,12,0,17,0,1.02828,0.983163,0.144846,0.184091E-01,0.143221E-01,73.5311,-0.148146E-01,-0.215146E-02,0.749429,16.0000,0.294444,249.002,56.2615,8.80708,97895.7,1.28878
CH-CHA_201201041400.csv,2012-01-04,15:30,4.645,1,36000,36000,-0.670040E-01,2,0.882578E-02,-3.14336,2,4.26304,-9999,-9999,-9999,-32.6247,1,38.1529,-9999,-9999,-9999,-2.00936,-9999,11.0112,-9999,0.608574E-11,-9999,24.8639,587.543,587.543,0.450000,0,-9999,-9999,-9999,-9999,1,289.087,278.329,97926.0,1.22574,1005.24,0.236304E-01,-9999,-9999,-9999,-9999,-9999,-9999,-999900.,-9999,-1.00992,-3.92014,0.592263E-01,4.04857,-0.241525E-12,0.244762E-15,4.04857,10.2227,289.915,255.553,0.838205,-9999,0.233804,1.87304,348.769,0.576313E-02,-9999,-0.109113E-01,0,22.6583,-3.43848,7.77786,19.3680,29.5374,41.4266,62.0646,-0.661453E-01,1.01298,-3.05265,1.02971,-9999,-9999,-27.8142,1.16476,-9999,-9999,800000099,800000199,800000099,800001199,800001199,800001199,800000199,800100199,80100,80100,80,81,5,3,3,0,15,11,2.72947,0.898761,0.117831,1.39528,21.0653,-9999,-0.247748E-02,-0.278142E-01,-9999,15.9977,0.360000,252.530,78.3101,7.11899,97924.4,1.25137
CH-CHA_201201041400.csv,2012-01-04,16:00,4.666,1,36000,36000,-0.119559E-01,2,0.433609E-02,-1.44939,2,1.84064,-9999,-9999,-9999,-9.36627,2,9.07244,-9999,-9999,-9999,-1.38422,-9999,-1.19345,-9999,-0.221902E-09,-9999,24.0677,566.644,566.644,0.350000,1,-9999,-9999,-9999,-9999,1,286.651,277.493,97991.0,1.23025,1005.22,0.235438E-01,-9999,-9999,-9999,-9999,-9999,-9999,-999900.,-9999,-0.537485,-1.93413,0.304503E-01,2.00765,0.310372E-13,-0.921989E-14,2.00765,7.57687,293.206,254.470,0.869044,-9999,0.985816E-01,1.20627,56.7249,0.354341E-01,-9999,-0.118888E-01,0,-9999,-9999,-9999,-9999,-9999,-9999,-9999,-0.118214E-01,1.01138,-1.41481,1.02444,-9999,-9999,-8.36878,1.10705,-9999,-9999,800000099,800000199,800000099,800001199,800101199,811101199,800110199,811110199,80100,80100,80,81,9,9,6,6,2,0,2.03157,0.328788,0.521912E-01,0.361919,1.62017,-9999,-0.114405E-02,-0.836878E-02,-9999,15.9973,0.317778,253.164,82.2742,6.04101,97992.1,1.24051
CH-CHA_201201041400.csv,2012-01-04,16:30,4.687,1,36000,36000,-0.353414E-01,1,0.632667E-02,-31.0619,0,3.97067,-9999,-9999,-9999,36.9007,2,19.4588,-9999,-9999,-9999,-0.175607,-9999,-5.13526,-9999,-0.116350E-10,-9999,20.2612,476.765,476.765,0.300000,0,-9999,-9999,-9999,-9999,1,286.498,277.387,98007.0,1.23092,1005.22,0.235309E-01,-9999,-9999,-9999,-9999,-9999,-9999,-999900.,-9999,-0.643359,-1.40549,0.290788E-01,1.54601,0.158989E-12,-0.574252E-15,1.54601,4.37239,306.745,245.404,1.07773,-9999,0.169445,0.500813,13.4425,0.149526,-9999,-0.148153,0,-9999,-9999,-9999,-9999,-9999,-9999,-9999,-0.347976E-01,1.01563,-30.0745,1.03283,-9999,-9999,33.6454,1.15125,-9999,-9999,800000099,800000199,800000099,800000199,800000199,800101199,810100199,810100199,81000,81000,80,81,16,6,4,0,4,1,0.546223,0.420381,0.350225E-01,0.226660,7.63898,-9999,-0.243057E-01,0.336454E-01,-9999,16.0000,0.303333,249.828,61.4226,5.08620,98005.1,1.24189
CH-CHA_201201041400.csv,2012-01-04,17:00,4.708,0,36000,36000,-0.628398E-01,1,0.589409E-02,-51.0760,0,4.96115,8.56311,2,10.7987,7.40064,1,10.1671,0.190845,2,0.240670,0.795665E-01,-9999,-3.55917,-9999,0.579080E-10,0.489532E-12,17.6147,414.474,415.931,0.400000,0,148.908,3.50381,3.51613,0.400000,0,287.131,277.435,98028.0,1.22934,1007.10,0.235300E-01,0.123668E-01,0.268333E-02,343.564,827.483,0.218275E-02,41.5191,483.919,265.476,0.552373,-3.14522,-0.122704E-01,3.19338,0.382853E-13,0.328748E-14,3.19338,6.65181,266.980,279.961,-0.220157,-9999,0.226090,0.852050,19.4337,0.103429,-5.96466,-0.182469,0,23.1133,-3.50753,7.93405,19.7569,30.1305,42.2585,63.3109,-0.617880E-01,1.01702,-48.8538,1.03703,7.64107,1.24677,7.92242,1.25477,0.170296,1.24677,800000099,800000099,800000099,800000099,800000099,800101199,800000199,800000199,80000,80000,80,80,22,10,6,1,2,0,0.845947,0.753728,0.104425,0.237039,0.999042,2996.03,-0.394597E-01,0.792242E-02,0.170296,16.0000,0.357778,249.198,57.4875,4.70334,98028.4,1.24265
CH-CHA_201201041400.csv,2012-01-04,17:30,4.729,0,36000,36000,-0.612924E-01,1,0.745451E-02,-49.1624,0,3.97188,12.8562,0,1.23383,1.77434,0,0.307993,0.286507,0,0.274966E-01,-0.111097,2.80274,-1.01922,0.624604E-01,-0.356058E-10,-0.412650E-12,16.8593,396.638,398.470,0.400000,0,195.389,4.59681,4.61803,0.400000,0,287.592,277.368,98019.0,1.22901,1007.70,0.235264E-01,0.185656E-01,0.352091E-02,450.695,823.602,0.286483E-02,54.7224,372.907,269.032,0.689188,-2.61465,-0.323150E-01,2.70414,-0.701229E-13,-0.211194E-14,2.70414,7.96742,261.656,284.767,-0.684711,-9999,0.223319,0.909726,19.4590,0.103294,-3.82401,-0.177755,0,24.4810,-3.71509,8.40355,20.9260,31.9135,44.7591,67.0574,-0.603414E-01,1.01576,-46.9123,1.03414,11.7164,1.19934,3.35200,1.21525,0.261106,1.19934,800000099,800000099,800000099,800000099,800000099,800100099,800000199,800100199,81100,81100,80,80,30,5,11,1,3,0,1.08679,0.644314,0.883510E-01,0.190210,0.183970E-02,13.8010,-0.378793E-01,0.335200E-02,0.261106,16.0000,0.258889,249.000,56.2500,4.65005,98019.5,1.24319
CH-CHA_201201041400.csv,2012-01-04,18:00,4.749,0,36000,36000,-0.417367E-01,1,0.133941E-01,-13.3819,0,4.33348,-0.503827E-01,2,1.03684,-0.991825,2,1.49026,-0.112228E-02,2,0.230958E-01,-0.808977,0.176804,0.239649,0.393834E-02,0.440253E-09,0.512454E-11,17.0677,400.824,402.703,0.350000,1,198.668,4.66560,4.68747,0.400000,0,287.583,276.881,98022.0,1.23118,1007.72,0.234844E-01,-0.727240E-04,0.358000E-02,457.454,795.875,0.290778E-02,57.4781,338.421,269.230,0.718781,0.366413,0.442565E-01,0.808000,-0.323915E-12,0.257945E-13,0.808000,5.28843,159.504,27.0111,3.13983,-9999,0.184119,1.36953,40.0651,0.501684E-01,265.604,-0.585807E-01,0,-9999,-9999,-9999,-9999,-9999,-9999,-9999,-0.412299E-01,1.01229,-13.0779,1.02344,0.284395,1.04532,-0.311236,1.04907,0.633494E-02,1.04532,800000099,800001099,800000099,800000099,800100099,810100099,800100199,810100199,81100,81100,80,81,17,7,23,3,6,20,0.782333,1.91197,0.447534E-01,0.355334,0.351975E-01,40.1856,-0.105408E-01,-0.311236E-03,0.633494E-02,16.0000,0.372222,249.000,56.2500,4.21186,98021.8,1.23422
CH-CHA_201201041400.csv,2012-01-04,18:30,4.770,0,36000,36000,-0.773325E-02,1,0.202875E-02,-12.1898,0,2.33639,-0.796531,1,0.453099,1.75808,0,0.785057,-0.177150E-01,1,0.100770E-01,-2.75754,0.535677,0.676977,0.119136E-01,0.966668E-10,0.114161E-11,17.6748,412.578,414.598,0.300000,0,208.735,4.87245,4.89630,0.350000,1,287.005,275.231,98029.0,1.23855,1007.82,0.233428E-01,-0.114794E-02,0.376140E-02,477.769,707.968,0.303693E-02,67.4846,230.199,269.810,0.683969,1.09624,0.547897E-01,1.29328,-0.203855E-12,0.546919E-14,1.29328,3.04416,131.113,58.0391,2.42807,-9999,0.790176E-01,0.258046,3.47686,0.578108,15.3036,-0.123589,0,-9999,-9999,-9999,-9999,-9999,-9999,-9999,-0.750487E-02,1.03043,-11.5120,1.06249,-0.361212,1.27249,1.84505,1.29673,-0.803343E-02,1.27249,800000099,800000099,800000099,800000099,800000099,800100099,801100199,811110199,80000,80000,80,81,11,5,16,7,12,45,0.190340,0.310499,0.152523E-01,0.252584,0.345276E-01,5.15671,-0.922267E-02,0.184505E-02,-0.803343E-02,15.9953,0.318889,249.000,56.2500,2.95604,98028.9,1.20821
CH-CHA_201201041400.csv,2012-01-04,19:00,4.791,0,36000,36000,-0.253507E-02,2,0.169861E-02,-3.76672,1,1.94637,-0.183802,1,0.513545,0.866622,1,0.942674,-0.408213E-02,1,0.114055E-01,-2.45654,-0.561247,0.299117,-0.124650E-01,0.164672E-09,0.183584E-11,17.9936,417.743,419.698,0.350000,1,200.601,4.65720,4.67899,0.350000,1,286.008,273.769,98040.0,1.24541,1007.67,0.232162E-01,-0.264522E-03,0.361484E-02,456.714,637.376,0.290254E-02,71.6554,180.661,269.208,0.737311,0.534814,0.442074E-01,0.911925,0.121321E-12,0.915171E-14,0.911925,1.67863,146.259,35.9555,2.77861,-9999,0.451169E-01,0.145039,2.09447,0.959670,20.4933,-0.665264E-01,0,-9999,-9999,-9999,-9999,-9999,-9999,-9999,-0.243483E-02,1.04117,-3.48537,1.08354,-0.663744E-01,1.26435,0.828291,1.28651,-0.147414E-02,1.26435,800000099,800100099,800000099,800000099,800000099,800000099,811100199,811110199,81100,81100,80,81,0,0,3,6,5,14,0.217292,0.707672E-01,0.201908E-02,0.231736,0.791123E-01,43.7455,-0.277726E-02,0.828291E-03,-0.147414E-02,15.9953,0.384444,249.000,56.2500,1.43075,98040.4,1.18457
CH-CHA_201201041400.csv,2012-01-04,19:30,4.812,0,36000,36000,0.180532E-01,1,0.267358E-02,-16.2522,1,5.67646,4.65487,2,5.57705,0.384050,2,1.42376,0.103341,2,0.123814,-0.696702,-1.21168,-0.125660,-0.269002E-01,-0.845491E-10,-0.853154E-12,17.9294,415.577,417.327,0.350000,1,180.919,4.19343,4.21109,0.450000,0,286.256,273.355,98051.0,1.24765,1007.41,0.231785E-01,0.669651E-02,0.326017E-02,411.281,618.554,0.261304E-02,66.4907,207.273,267.821,0.686761,0.553230,0.242351E-01,0.882209,0.105871E-13,-0.471567E-14,0.882209,3.62399,144.059,38.8537,1.57417,-9999,0.120290,0.286923,9.20024,0.218473,-3.49145,-0.107493,0,-9999,-9999,-9999,-9999,-9999,-9999,-9999,0.177381E-01,1.01776,-15.4370,1.03614,4.56969,1.09872,1.07376,1.10751,0.101450,1.09872,800000099,800000099,800000099,800000099,800100099,811101099,811100199,811110199,81100,81100,80,81,17,20,14,12,8,0,0.125887,0.430593,0.173649E-01,0.516589,0.957630E-01,350.408,-0.122818E-01,0.107376E-02,0.101450,15.9977,0.405556,249.167,57.2962,0.849350,98050.6,1.17954
CH-CHA_201201041400.csv,2012-01-04,20:00,4.833,0,36000,36000,-0.106232,1,0.168712E-01,-73.5380,0,9.40691,19.8993,1,2.98174,10.5740,1,2.81535,0.443143,1,0.664012E-01,5.40035,0.643975E-01,-0.859364,0.143409E-02,-0.327123E-09,-0.344489E-11,17.0743,400.581,402.278,0.400000,0,179.807,4.21846,4.23633,0.400000,0,288.306,276.603,98021.0,1.23261,1007.48,0.234611E-01,0.287156E-01,0.324012E-02,413.609,780.420,0.262866E-02,52.9982,366.812,267.895,1.43090,-1.72965,-0.198286E-01,2.24489,-0.140356E-12,-0.191588E-13,2.24489,6.99323,232.074,309.600,-0.506087,-9999,0.293571,1.31146,29.5514,0.680172E-01,-3.69551,-0.201714,0,29.8102,-4.52382,10.2329,25.4813,38.8607,54.5026,81.6549,-0.104853,1.01315,-70.4743,1.02843,18.9344,1.13782,12.2377,1.14825,0.421655,1.13782,800000099,800000099,800000099,800000099,800000099,800100099,800000199,800100199,81100,81100,80,81,1,5,13,0,2,0,1.68753,0.841852,0.935546E-01,0.559886,0.632819E-01,40.9111,-0.567504E-01,0.122377E-01,0.421655,16.0000,0.272222,249.000,56.2500,3.30192,98020.9,1.23249
CH-CHA_201201042000.csv,2012-01-04,20:30,4.854,0,36000,36000,0.907054E-02,2,0.448306E-02,-3.20270,1,1.20699,0.906223E-01,1,0.309046,0.440045E-01,1,0.256952,0.201516E-02,1,0.687226E-02,-2.54832,0.828241,0.756216,0.184176E-01,-0.543446E-10,-0.596141E-12,17.7221,413.711,415.598,0.350000,1,194.405,4.53825,4.55894,0.300000,0,287.491,275.078,97968.0,1.23863,1007.62,0.233443E-01,0.130583E-03,0.350318E-02,444.723,700.270,0.282828E-02,63.5074,255.547,268.855,0.939736,0.506388,0.516567E-01,1.06874,-0.140224E-13,-0.306649E-14,1.06874,2.68673,157.070,28.3185,2.77043,-9999,0.855749E-01,0.267776,16.8002,0.119641,-35.3412,-0.299868E-01,0,-9999,-9999,-9999,-9999,-9999,-9999,-9999,0.894299E-02,1.01426,-3.10722,1.02911,0.158251,1.08541,0.190747,1.09304,0.351902E-02,1.08541,800000099,800000099,800000099,800000099,800100199,801100199,811100199,811110199,80000,80000,80,80,2,19,15,14,10,24,0.392272,0.133675,0.960496E-02,0.127588,0.132429E-01,7.96261,-0.248961E-02,0.190747E-03,0.351902E-02,15.9977,0.243333,249.004,56.2757,3.63037,98003.6,1.21407
CH-CHA_201201042000.csv,2012-01-04,21:00,4.874,0,36000,36000,-0.659676E-01,0,0.836664E-02,-46.7326,0,5.86547,15.7125,0,2.32832,7.13854,1,2.53515,0.349823,0,0.518376E-01,2.12146,-0.701031,-0.651425,-0.156077E-01,-0.640361E-10,-0.678968E-12,17.1623,402.352,404.076,0.400000,0,181.970,4.26609,4.28437,0.400000,0,288.838,276.353,98004.0,1.23349,1007.50,0.234439E-01,0.226685E-01,0.327910E-02,418.206,766.749,0.265839E-02,54.5428,348.543,268.041,1.31691,-1.25231,-0.404264E-02,1.81729,0.111092E-12,-0.373121E-14,1.81729,5.05240,225.814,316.440,-0.127457,-9999,0.231258,0.616929,22.7283,0.884362E-01,-2.97423,-0.162608,0,28.3916,-4.30853,9.74591,24.2687,37.0113,51.9089,77.7690,-0.650948E-01,1.01341,-44.6100,1.02852,14.9017,1.12455,8.22723,1.13442,0.331771,1.12455,800000099,800000099,800000099,800000099,800000099,800100099,800000199,800100199,80100,80100,80,81,9,18,4,0,1,0,0.716093,0.452202,0.655631E-01,0.388298,0.920661E-01,44.9753,-0.358964E-01,0.822723E-02,0.331771,15.9981,0.335556,249.000,56.2500,4.18101,98000.8,1.23282
CH-CHA_201201042000.csv,2012-01-04,21:30,4.895,0,36000,36000,-0.507754E-01,1,0.645153E-02,-36.3210,0,2.93813,17.9028,0,1.45311,1.94101,0,0.358177,0.399005,0,0.323858E-01,1.82234,-0.125017,-0.204267,-0.278629E-02,-0.101470E-09,-0.107312E-11,16.9357,398.775,400.464,0.400000,0,179.106,4.21729,4.23516,0.400000,0,289.468,277.453,97966.0,1.22815,1007.49,0.235464E-01,0.258555E-01,0.322749E-02,413.262,828.528,0.262793E-02,49.8791,415.266,267.884,1.50594,-2.30642,-0.432921E-01,2.75486,0.720561E-13,-0.599151E-14,2.75486,6.94053,242.595,303.142,-0.900428,-9999,0.203330,0.772468,19.8713,0.101151,-2.02879,-0.144366,0,22.9239,-3.47880,7.86905,19.5950,29.8837,41.9123,62.7922,-0.499900E-01,1.01571,-34.2417,1.03409,15.5356,1.20224,2.93946,1.21574,0.346246,1.20224,800000099,800000099,800000099,800000099,800000099,800000099,800000199,800000199,81100,81100,80,81,19,19,4,4,6,0,0.741848,0.716762,0.863243E-01,0.143921,0.283468E-02,23.8208,-0.276735E-01,0.293946E-02,0.346246,15.9926,0.463333,249.000,56.2500,5.38516,97966.5,1.25179
CH-CHA_201201042000.csv,2012-01-04,22:00,4.916,0,36000,36000,-0.754277E-01,0,0.753953E-02,-38.2423,0,2.81164,16.6243,0,1.38366,4.13099,0,1.04854,0.370614,0,0.308468E-01,0.494491,0.209273,0.113648,0.466545E-02,-0.233802E-09,-0.250806E-11,16.9908,400.769,402.499,0.350000,1,182.265,4.29915,4.31771,0.350000,1,289.818,277.752,97901.0,1.22597,1007.55,0.235874E-01,0.240158E-01,0.328441E-02,421.004,846.063,0.267902E-02,49.7603,425.060,268.129,1.92598,-1.33165,0.900278E-03,2.34151,0.318014E-12,-0.137605E-13,2.34151,5.73498,220.672,325.340,0.220294E-01,-9999,0.248042,0.787481,34.2463,0.586925E-01,-2.30039,-0.124817,0,26.9334,-4.08725,9.24537,23.0223,35.1104,49.2429,73.7748,-0.744712E-01,1.01284,-36.3350,1.02789,15.3674,1.13644,5.13002,1.14548,0.342594,1.13644,800000099,800000099,800000099,800000099,800000099,800100099,800000199,800100199,80000,80000,80,81,3,19,13,3,3,10,0.647182,0.841680,0.861000E-01,0.935210E-01,0.121537E-01,15.8450,-0.294159E-01,0.513002E-02,0.342594,15.9969,0.293333,249.000,56.2500,5.83226,97901.2,1.25704
CH-CHA_201201042000.csv,2012-01-04,22:30,4.937,0,36000,36000,-0.176933E-01,1,0.361135E-02,-26.6604,0,2.25127,13.2769,0,1.06729,2.04025,0,0.454091,0.295917,0,0.237878E-01,-0.431659,0.414991E-01,0.559115E-01,0.924934E-03,0.163237E-10,0.175340E-12,17.0329,401.749,403.491,0.350000,1,182.958,4.31537,4.33408,0.350000,1,289.842,277.491,97812.0,1.22600,1007.54,0.235867E-01,0.191754E-01,0.329690E-02,422.209,830.739,0.268915E-02,50.8233,408.530,268.167,1.77034,-0.151923,0.451008E-01,1.77741,-0.206555E-12,0.958362E-15,1.77741,4.43555,192.270,355.095,1.45400,-9999,0.120132,0.456726,5.57706,0.360405,-2.00802,-0.179661,0,-9999,-9999,-9999,-9999,-9999,-9999,-9999,-0.172802E-01,1.02391,-24.7796,1.04980,10.8691,1.27500,2.50826,1.29418,0.242251,1.27500,800000099,800000099,800000099,800000099,800000099,800000099,800000199,800000199,80000,80000,80,81,16,13,9,11,2,24,0.355457,0.508459,0.495361E-01,0.780252E-01,0.496666E-02,12.3289,-0.200604E-01,0.250826E-02,0.242251,15.9946,0.338889,249.000,56.2500,5.69143,97809.7,1.25196
CH-CHA_201201042000.csv,2012-01-04,23:00,4.958,0,36000,36000,-0.351332E-01,1,0.662138E-02,-20.9230,1,2.78164,8.30599,1,1.48457,2.78076,1,0.680097,0.185089,1,0.330817E-01,-0.337579,-0.737901E-01,0.316259E-01,-0.164432E-02,0.295295E-10,0.314636E-12,17.0662,402.304,404.036,0.500000,0,181.840,4.28654,4.30500,0.400000,0,289.793,277.287,97796.0,1.22672,1007.52,0.235732E-01,0.119937E-01,0.327675E-02,419.319,818.932,0.267115E-02,51.2032,399.613,268.076,0.865580,-0.621347E-01,0.233631E-01,0.868122,-0.159734E-12,0.173029E-14,0.868122,3.91268,175.400,355.894,1.54214,-9999,0.169234,0.486418,19.8647,0.101184,-2.51903,-0.100032,0,-9999,-9999,-9999,-9999,-9999,-9999,-9999,-0.346562E-01,1.01376,-19.9014,1.02731,8.23633,1.06462,3.50582,1.06914,0.183536,1.06462,800000099,800000099,800000099,800000099,800100099,800101099,811110199,811110199,80000,80000,80,81,1,7,10,16,36,23,0.519511,0.425104,0.282200E-01,0.108042,0.857765E-02,22.0395,-0.161022E-01,0.350582E-02,0.183536,16.0000,0.302222,249.000,56.2500,5.52578,97798.2,1.24833
CH-CHA_201201042000.csv,2012-01-04,23:30,4.979,0,36000,36000,-0.674619E-01,1,0.116873E-01,-26.3591,0,3.25088,8.55841,0,1.35020,2.89567,1,0.828428,0.190770,0,0.300964E-01,0.518652,-0.244558,-0.895874E-01,-0.545129E-02,-0.233090E-09,-0.243762E-11,16.9684,400.730,402.417,0.400000,0,177.453,4.19079,4.20842,0.400000,0,289.990,277.601,97728.0,1.22452,1007.48,0.236163E-01,0.123619E-01,0.319770E-02,409.667,837.167,0.261139E-02,48.9349,427.500,267.769,1.06383,-1.05144,-0.815639E-02,1.49577,0.138724E-12,-0.137367E-13,1.49577,6.46363,225.239,315.336,-0.312434,-9999,0.234718,0.821798,42.0467,0.478040E-01,-3.07990,-0.910295E-01,0,30.0469,-4.55973,10.3141,25.6836,39.1691,54.9353,82.3031,-0.666946E-01,1.01150,-25.2705,1.02396,8.44338,1.08195,3.79462,1.08712,0.188206,1.08195,800000099,800000099,800000099,800000099,800000099,800100099,800100199,800100199,80000,80000,80,81,2,3,1,1,3,2,0.874446,0.710421,0.587287E-01,0.815765E-01,0.599993E-02,11.4601,-0.204839E-01,0.379462E-02,0.188206,15.9977,0.285556,249.000,56.2500,5.63199,97726.6,1.25239
CH-CHA_201201042000.csv,2012-01-05,00:00,5.000,0,36000,36000,-0.135152,1,0.130627E-01,-52.0467,0,3.19334,31.4743,0,1.84844,2.04649,0,0.268452,0.701866,0,0.412198E-01,0.723655,0.294845,-0.107820,0.657497E-02,0.900150E-10,0.971966E-12,16.8534,398.832,400.557,0.350000,1,181.980,4.30652,4.32514,0.350000,1,290.048,278.040,97682.0,1.22196,1007.55,0.236648E-01,0.454809E-01,0.327928E-02,420.782,863.263,0.268362E-02,48.7432,442.481,268.122,2.40498,-3.36834,-0.507101E-01,4.13910,0.988348E-13,0.534106E-14,4.13910,10.3264,241.228,305.527,-0.701975,-9999,0.332571,1.62957,60.5548,0.331931E-01,-1.65363,-0.127112,0,23.9829,-3.63950,8.23255,20.5002,31.2641,43.8484,65.6929,-0.133154,1.01501,-48.7871,1.03381,27.1195,1.20133,3.56583,1.21401,0.604757,1.20133,800000099,800000099,800000099,800000099,800000099,800000099,800000199,800000199,81100,81100,80,80,13,30,6,2,10,3,1.82107,1.23166,0.206428,0.843031E-01,0.873977E-03,21.3029,-0.396261E-01,0.356583E-02,0.604757,15.9977,0.223333,249.000,56.2500,6.15466,97682.1,1.26187
CH-CHA_201201042000.csv,2012-01-05,00:30,5.020,0,36000,36000,-0.904244E-01,1,0.115247E-01,-43.3963,0,2.93524,29.6769,0,1.97713,2.22563,0,0.293505,0.661882,0,0.440958E-01,0.246914,-0.233347,0.536531E-02,-0.520431E-02,-0.148398E-09,-0.156787E-11,16.8338,398.927,400.615,0.350000,1,177.854,4.21478,4.23262,0.350000,1,290.123,278.190,97598.0,1.22029,1007.51,0.236979E-01,0.428899E-01,0.320494E-02,411.465,872.343,0.262637E-02,47.1678,460.878,267.827,2.17803,-2.82271,-0.505012E-01,3.56568,-0.275852E-13,-0.881549E-14,3.56568,7.73472,239.158,307.654,-0.811516,-9999,0.272215,1.37950,39.8017,0.505003E-01,-1.46229,-0.129667,0,21.9618,-3.33279,7.53878,18.7726,28.6294,40.1532,60.1568,-0.891054E-01,1.01480,-40.5381,1.03292,25.5268,1.19732,3.39023,1.20861,0.569321,1.19732,800000099,800000099,800000099,800000099,800000099,800000099,800000199,800000199,81100,81100,80,80,8,9,4,10,16,6,1.24273,1.34388,0.172384,0.679671E-01,0.892779E-03,21.6456,-0.329726E-01,0.339023E-02,0.569321,16.0000,0.311111,249.000,56.2500,6.46069,97598.7,1.26471
CH-CHA_201201042000.csv,2012-01-05,01:00,5.041,0,36000,36000,-0.191841,1,0.172649E-01,-49.1295,0,3.07824,30.6079,0,1.93944,3.69866,0,0.523697,0.682510,0,0.432467E-01,-0.342261,-0.686251E-01,0.262815E-01,-0.153024E-02,0.400292E-09,0.419725E-11,16.8473,399.390,401.070,0.350000,1,176.652,4.18780,4.20541,0.350000,1,290.051,277.982,97490.0,1.21987,1007.48,0.237065E-01,0.442266E-01,0.318328E-02,408.378,859.775,0.260953E-02,47.4983,451.396,267.728,2.68131,-2.35209,0.220083E-02,3.56676,0.330298E-12,0.237600E-13,3.56676,10.7869,226.603,318.742,0.353538E-01,-9999,0.396564,2.12673,108.610,0.185066E-01,-1.60513,-0.100804,0,27.6490,-4.19584,9.49100,23.6339,36.0432,50.5512,75.7349,-0.189401,1.01288,-46.1626,1.02908,27.3896,1.15441,5.02714,1.16343,0.610746,1.15441,800000099,800000099,800000099,800000099,800000099,800000099,800000199,800000199,81100,81100,80,81,28,29,5,6,8,11,2.23793,1.80943,0.206108,0.702383E-01,0.199011E-02,18.6713,-0.375613E-01,0.502714E-02,0.610746,16.0000,0.244444,249.000,56.2500,6.24555,97489.0,1.26050
CH-CHA_201201042000.csv,2012-01-05,01:30,5.062,0,36000,36000,-0.147512,1,0.173220E-01,-43.4727,0,3.71601,28.0821,0,3.28321,4.57278,0,0.929437,0.626147,0,0.732057E-01,-0.118390,0.236047E-01,0.371585E-01,0.526314E-03,0.336521E-10,0.353061E-12,16.8629,400.046,401.732,0.350000,1,176.917,4.19709,4.21478,0.350000,1,289.954,277.910,97395.0,1.21899,1007.49,0.237234E-01,0.405743E-01,0.318805E-02,408.885,855.461,0.261532E-02,47.7970,446.576,267.744,2.24892,-1.47458,-0.588278E-02,2.68925,-0.446365E-12,0.199563E-14,2.68925,11.0580,210.361,326.748,-0.125336,-9999,0.347867,2.70060,82.7929,0.242775E-01,-1.54806,-0.101757,0,28.4657,-4.31978,9.77136,24.3321,37.1079,52.0444,77.9720,-0.145808,1.01169,-40.8875,1.02583,25.8156,1.12238,5.72750,1.12965,0.575609,1.12238,800000099,800000099,800000099,800000099,800000099,800100099,800100199,800110199,80100,80100,80,81,28,3,14,6,12,12,2.51825,2.73529,0.147639,0.100865,0.702205E-02,48.8169,-0.332929E-01,0.572750E-02,0.575609,16.0000,0.233333,249.000,56.2500,6.26038,97395.2,1.25992
CH-CHA_201201042000.csv,2012-01-05,02:00,5.083,0,36000,36000,-0.281200E-01,2,0.736774E-02,-11.2609,0,1.96627,3.49486,0,1.01213,0.780678,0,0.483334,0.778689E-01,0,0.225513E-01,-1.24008,0.432173,0.131537,0.962925E-02,0.168346E-10,0.182701E-12,16.9866,402.364,404.128,0.250000,0,184.351,4.36674,4.38589,0.250000,0,289.670,277.157,97280.0,1.22078,1007.57,0.236871E-01,0.504590E-02,0.332200E-02,424.911,811.486,0.272121E-02,52.3620,386.575,268.251,1.24707,0.173154,0.390572E-01,1.25964,0.138648E-12,0.991052E-15,1.25964,4.88909,177.321,7.90492,1.77684,-9999,0.151771,0.817025,26.5220,0.757861E-01,-3.22213,-0.603213E-01,0,-9999,-9999,-9999,-9999,-9999,-9999,-9999,-0.277716E-01,1.01255,-10.7853,1.02579,3.47009,1.08150,1.20501,1.08749,0.773171E-01,1.08150,800000099,800000099,800000099,800000099,800000099,801100099,800100199,801110199,80000,80000,80,81,1,3,5,1,7,2,0.932633,0.671023,0.303951E-01,0.787235E-01,0.572204E-02,16.1793,-0.876844E-02,0.120501E-02,0.773171E-01,16.0000,0.236667,249.000,56.2500,5.65044,97280.3,1.24669
CH-CHA_201201050200.csv,2012-01-05,02:30,5.104,0,36000,36000,-0.100448,1,0.138966E-01,-62.3979,0,10.2274,34.7441,0,7.60515,4.23365,0,1.71694,0.774574,0,0.169547,0.983154,-0.994435,-0.135587,-0.221696E-01,-0.717303E-11,-0.712853E-13,16.8296,399.967,401.563,0.350000,1,167.252,3.97485,3.99071,0.350000,1,290.141,277.756,97168.0,1.21693,1007.36,0.237657E-01,0.501924E-01,0.301388E-02,386.332,846.300,0.247663E-02,45.6495,459.968,267.000,1.47580,-0.363368,0.147156E-01,1.51995,0.597143E-12,-0.426215E-15,1.51995,6.90213,193.825,346.168,0.554724,-9999,0.287302,2.15049,32.4395,0.619614E-01,-1.79593,-0.177166,0,24.7993,-3.76340,8.51281,21.1981,32.3285,45.3411,67.9293,-0.992529E-01,1.01204,-58.9665,1.02518,32.9537,1.09186,6.39094,1.09654,0.734660,1.09186,800000099,800000099,800000099,800000099,800000099,800100099,800000199,800100199,81100,81100,80,81,6,10,9,0,6,0,1.31396,2.84492,0.142103,0.289488,0.114734E-01,114.993,-0.481011E-01,0.639094E-02,0.734660,16.0000,0.210000,249.000,56.2500,5.87134,97203.3,1.25655
CH-CHA_201201050200.csv,2012-01-05,03:00,5.124,0,36000,36000,-0.151508,1,0.148689E-01,-60.6694,0,3.60101,44.7079,0,2.54300,2.43956,0,0.293048,0.997650,0,0.567467E-01,1.62897,-1.05211,-0.144633,-0.234776E-01,0.972865E-10,0.871114E-12,16.6633,397.401,398.820,0.350000,1,149.205,3.55838,3.57109,0.350000,1,290.587,278.752,97176.0,1.21287,1007.16,0.238489E-01,0.646477E-01,0.268868E-02,345.882,907.117,0.221679E-02,38.1298,561.235,265.563,1.65137,-4.06900,-0.231169E-01,4.39139,-0.309113E-12,0.583837E-14,4.39139,10.5920,255.263,292.089,-0.301615,-9999,0.353435,2.43897,62.1145,0.323596E-01,-1.35702,-0.140524,0,23.4831,-3.56365,8.06100,20.0730,30.6126,42.9346,64.3239,-0.149194,1.01551,-56.4346,1.03501,37.4326,1.22193,4.09085,1.22516,0.835304,1.22193,800000099,800000099,800000099,800000099,800000099,800000099,800000199,800000199,81100,81100,80,81,16,23,7,11,17,13,2.01972,2.61259,0.245624,0.104288,0.962259E-03,35.2511,-0.461993E-01,0.409085E-02,0.835304,16.0000,0.304444,249.000,56.2500,6.71315,97175.5,1.27432
CH-CHA_201201050200.csv,2012-01-05,03:30,5.145,0,36000,36000,-0.260989,1,0.165609E-01,-75.4627,0,3.55926,57.9785,0,2.59238,3.11972,0,0.281610,1.29378,0,0.578483E-01,-0.817608E-02,0.246268,0.558146E-03,0.549542E-02,0.132067E-09,0.121492E-11,16.6604,397.411,398.869,0.350000,1,153.263,3.65589,3.66930,0.350000,1,290.549,278.747,97155.0,1.21258,1007.21,0.238537E-01,0.838367E-01,0.276180E-02,355.283,906.802,0.227762E-02,39.1798,551.519,265.909,0.707517,-5.41501,0.209039E-01,5.46108,0.658299E-12,0.792701E-14,5.46108,15.0982,268.436,277.444,0.219317,-9999,0.463933,3.47327,112.929,0.177988E-01,-1.30156,-0.133183,0,27.0231,-4.10086,9.27615,23.0989,35.2273,49.4068,74.0204,-0.256665,1.01685,-69.8808,1.03854,47.6953,1.24308,5.04676,1.24802,1.06431,1.24308,800000099,800000099,800000099,800000099,800000099,800000099,800000199,800000199,81100,81100,80,81,18,17,7,0,4,2,2.56150,4.08751,0.297539,0.947932E-01,0.728471E-03,31.1276,-0.572173E-01,0.504676E-02,1.06431,16.0000,0.243333,249.000,56.2500,6.87843,97155.3,1.27516
CH-CHA_201201050200.csv,2012-01-05,04:00,5.166,0,36000,36000,-0.288312,1,0.173124E-01,-68.2764,0,3.17572,43.1675,0,2.35499,3.08783,0,0.279665,0.963319,0,0.525535E-01,0.833401E-01,0.577917,-0.164829E-01,0.128967E-01,0.196769E-09,0.192492E-11,16.6363,397.118,398.667,0.350000,1,162.747,3.88487,3.90002,0.300000,0,290.572,278.798,97104.0,1.21162,1007.33,0.238706E-01,0.624231E-01,0.293270E-02,377.337,910.017,0.242048E-02,41.4649,532.679,266.692,0.997377,-5.59482,0.629306E-02,5.68303,0.236004E-12,0.118277E-13,5.68303,12.7769,265.576,280.108,0.634461E-01,-9999,0.487807,4.22724,145.043,0.138579E-01,-1.58166,-0.114679,0,28.1253,-4.26812,9.65451,24.0411,36.6642,51.4220,77.0396,-0.283486,1.01702,-63.6368,1.03909,35.8135,1.24152,4.83740,1.24929,0.799210,1.24152,800000099,800000099,800000099,800000099,800000099,800000099,800000199,800000199,81100,81100,80,81,21,1,9,0,8,4,3.10997,5.04690,0.297610,0.765181E-01,0.676468E-03,30.7278,-0.521398E-01,0.483740E-02,0.799210,15.9977,0.260000,249.000,56.2500,6.94596,97104.5,1.27588
CH-CHA_201201050200.csv,2012-01-05,04:30,5.187,0,36000,36000,-0.209950,1,0.174880E-01,-73.5526,0,4.37486,52.0853,0,3.25130,2.51261,0,0.395484,1.16248,0,0.725648E-01,0.220162,-0.312479,0.254095E-01,-0.697412E-02,-0.127734E-09,-0.120830E-11,16.6220,397.570,399.071,0.350000,1,157.235,3.76079,3.77499,0.350000,1,290.690,278.933,96957.0,1.20926,1007.26,0.239183E-01,0.753284E-01,0.283337E-02,364.733,918.574,0.234307E-02,39.7064,553.841,266.250,2.55795,-4.04773,-0.467643E-01,4.78847,0.428596E-13,-0.768466E-14,4.78847,11.9291,244.420,302.291,-0.559561,-9999,0.416677,2.29455,83.8196,0.239801E-01,-1.41216,-0.144923,0,24.8674,-3.77372,8.53616,21.2563,32.4171,45.4655,68.1156,-0.206683,1.01581,-68.4629,1.03594,43.6269,1.22435,4.59427,1.22954,0.973697,1.22435,800000099,800000099,800000099,800000099,800000099,800001099,800000199,800000199,81100,81100,80,80,24,7,6,4,17,2,2.27361,2.01972,0.295759,0.105288,0.107808E-02,38.9266,-0.562072E-01,0.459427E-02,0.973697,16.0000,0.208889,249.000,56.2500,7.15802,96958.0,1.27792
CH-CHA_201201050200.csv,2012-01-05,05:00,5.208,0,36000,36000,-0.282136,0,0.191302E-01,-57.7429,0,4.09233,42.0272,0,2.31808,2.81153,0,0.479625,0.938634,0,0.517720E-01,1.16708,-0.239604,-0.104797E-01,-0.535132E-02,-0.606181E-09,-0.559113E-11,16.5596,397.383,398.845,0.350000,1,152.738,3.66528,3.67876,0.350000,1,291.260,279.651,96887.0,1.20533,1007.23,0.239972E-01,0.608235E-01,0.275233E-02,355.213,965.292,0.228347E-02,36.7985,610.079,265.907,3.14150,-2.88015,-0.133893E-01,4.26198,-0.184613E-12,-0.366060E-13,4.26198,11.2108,228.236,317.485,-0.179999,-9999,0.483813,2.67238,167.054,0.120320E-01,-1.37394,-0.983079E-01,0,27.7625,-4.21306,9.52996,23.7310,36.1912,50.7587,76.0457,-0.278293,1.01381,-53.8480,1.03155,36.3919,1.18258,4.43884,1.18384,0.812776,1.18258,800000099,800000099,800000099,800000099,800000099,800000099,800000199,800000199,81100,81100,80,81,13,12,5,7,19,15,1.95491,3.08645,0.303373,0.114829,0.168601E-02,21.9481,-0.443545E-01,0.443884E-02,0.812776,16.0000,0.203333,249.000,56.2500,7.69318,96886.6,1.28970
CH-CHA_201201050200.csv,2012-01-05,05:30,5.229,0,36000,36000,-0.443198E-01,0,0.507434E-02,-31.3039,0,2.57072,20.5767,0,1.57478,1.71694,0,0.389030,0.459157,0,0.351402E-01,-1.50387,0.727116,0.154647,0.162251E-01,0.573800E-10,0.567036E-12,16.7135,400.137,401.726,0.300000,0,165.165,3.95420,3.96990,0.300000,0,290.547,278.728,96794.0,1.20802,1007.37,0.239410E-01,0.297534E-01,0.297626E-02,382.846,905.607,0.246375E-02,42.2750,522.761,266.881,2.64436,0.378592,0.536300E-01,2.67186,-0.180037E-12,0.343315E-14,2.67186,5.39757,178.838,8.14764,1.15013,-9999,0.191540,0.528434,19.1082,0.105190,-1.52133,-0.134300,0,-9999,-9999,-9999,-9999,-9999,-9999,-9999,-0.436360E-01,1.01567,-29.2582,1.03394,17.5754,1.20501,2.53683,1.21241,0.392184,1.20501,800000099,800000099,800000099,800000099,800000099,800100099,800000199,800000199,80100,80100,80,81,13,15,6,2,2,2,0.489183,0.483289,0.843978E-01,0.975650E-01,0.307833E-02,24.6094,-0.240427E-01,0.253683E-02,0.392184,16.0000,0.225556,249.000,56.2500,7.25125,96793.2,1.27463
CH-CHA_201201050200.csv,2012-01-05,06:00,5.249,0,36000,36000,-0.197963,1,0.216376E-01,-85.9693,1,11.8383,22.4121,0,2.10373,7.14854,1,1.76816,0.500877,0,0.470154E-01,2.60083,-0.564461E-01,-0.188707,-0.126149E-02,-0.645120E-09,-0.639272E-11,16.4610,396.754,398.320,0.350000,1,163.118,3.93159,3.94711,0.350000,1,292.043,280.335,96699.0,1.19993,1007.38,0.241027E-01,0.324568E-01,0.293939E-02,380.283,1011.74,0.244963E-02,37.5872,631.453,266.794,2.56339,-2.29322,-0.153307E-01,3.43948,-0.342805E-12,-0.391908E-13,3.43948,10.9969,223.841,318.184,-0.255383,-9999,0.406176,2.57509,66.3044,0.303147E-01,-3.83585,-0.175097,0,27.3841,-4.15564,9.40007,23.4075,35.6979,50.0669,75.0093,-0.195349,1.01338,-82.3251,1.02997,20.6136,1.17280,9.47058,1.17478,0.460685,1.17280,800000099,800000099,800000099,800000099,800000099,800100099,800000099,800000099,80100,80100,80,81,35,21,11,7,9,26,2.54393,2.38486,0.221378,0.475859,0.148494E-01,28.6578,-0.681054E-01,0.947058E-02,0.460685,16.0000,0.346667,249.000,56.2500,8.09998,96699.1,1.30186
CH-CHA_201201050200.csv,2012-01-05,06:30,5.270,0,36000,36000,-0.207456,1,0.191145E-01,-61.1349,0,3.56552,63.0889,0,11.9325,-7.15767,1,4.51834,1.41138,0,0.266946,1.70836,0.187897,0.975563E-01,0.420348E-02,-0.218335E-09,-0.219549E-11,16.4641,398.511,400.114,0.350000,1,165.556,4.00726,4.02339,0.350000,1,292.549,281.395,96655.0,1.19483,1007.45,0.242048E-01,0.914573E-01,0.298333E-02,387.426,1087.61,0.249686E-02,35.6219,700.182,267.037,2.81856,-3.80516,-0.682140E-01,4.73584,0.980334E-13,-0.132613E-13,4.73584,12.4874,239.612,306.528,-0.825305,-9999,0.416686,2.54860,100.637,0.199728E-01,-0.969027,-0.121885,0,26.0870,-3.95880,8.95481,22.2987,34.0070,47.6953,71.4562,-0.204317,1.01536,-55.9470,1.03502,52.6533,1.21876,-3.89636,1.21875,1.17792,1.21876,800000099,800000099,800000099,800000099,800001199,800001199,800000199,801000199,80000,80000,80,80,8,8,8,2,10,4,2.78690,2.04776,0.262521,0.120174,0.129573,479.430,-0.464782E-01,-0.389636E-02,1.17792,15.9969,0.264444,249.094,56.8385,9.31699,96655.3,1.31909
CH-CHA_201201050200.csv,2012-01-05,07:00,5.291,0,36000,36000,-0.273929,1,0.238154E-01,-75.6805,0,4.41837,83.3701,0,20.5323,-6.24768,2,3.22842,1.86465,0,0.459224,-0.396684,0.766912,-0.140874E-01,0.171527E-01,-0.829658E-10,-0.899103E-12,16.4619,398.257,399.983,0.350000,1,178.398,4.31592,4.33463,0.300000,0,292.425,281.149,96619.0,1.19529,1007.61,0.241927E-01,0.120829,0.321473E-02,417.112,1069.57,0.268949E-02,38.9982,652.454,268.006,3.34898,-5.00539,-0.560976E-01,6.02269,-0.823404E-13,-0.503987E-14,6.02269,14.5246,242.678,303.785,-0.533682,-9999,0.478721,3.59707,123.250,0.163084E-01,-0.907765,-0.131261,0,24.6285,-3.73747,8.45416,21.0520,32.1057,45.0287,67.4612,-0.269087,1.01799,-68.7141,1.04125,67.0799,1.26406,-2.60893,1.26917,1.50031,1.26406,800000099,800000099,800000099,800000099,800001199,800001199,800000199,801000199,80000,80000,80,80,15,9,6,9,45,6,3.57713,3.21793,0.399071,0.110714,0.117481,825.275,-0.570532E-01,-0.260893E-02,1.50031,15.9977,0.363333,249.077,56.7296,9.17868,96619.4,1.31462
CH-CHA_201201050200.csv,2012-01-05,07:30,5.312,0,36000,36000,-0.136784,1,0.148721E-01,-45.7761,0,3.59339,40.7035,0,20.1009,-1.27145,2,4.86608,0.909899,0,0.449342,-0.879987,0.377534E-01,0.461038,0.843951E-03,-0.215487E-09,-0.229569E-11,16.8265,406.542,408.311,0.350000,1,179.261,4.33109,4.34993,0.350000,1,291.881,280.604,96559.0,1.19686,1007.61,0.241608E-01,0.589615E-01,0.323028E-02,418.318,1030.53,0.269896E-02,40.5923,612.216,268.044,2.65365,-3.90509,-0.452112E-01,4.72162,0.218068E-12,-0.128064E-13,4.72162,11.7625,241.313,304.198,-0.548637,-9999,0.338061,2.29913,71.7253,0.280236E-01,-1.12462,-0.112281,0,23.0977,-3.50517,7.92871,19.7436,30.1102,42.2300,63.2683,-0.134638,1.01594,-42.1892,1.03613,33.9093,1.22715,0.514590,1.23346,0.758020,1.22715,800000099,800000099,800000099,800000099,800000099,800001199,800000199,800000199,80100,80100,80,81,45,6,12,1,51,1,2.28454,2.07962,0.234113,0.143933,0.913150,2541.83,-0.349838E-01,0.514590E-03,0.758020,16.0000,0.255556,249.191,57.4443,8.56989,96558.8,1.29890
CH-CHA_201201050200.csv,2012-01-05,08:00,5.333,0,36000,36000,-0.166517,1,0.155421E-01,-54.6537,0,4.33335,-22.3544,1,19.7786,26.7272,0,12.1131,-0.499369,1,0.441827,-1.18421,-0.970797,0.397187,-0.216863E-01,-0.328141E-10,-0.312711E-12,17.1557,413.666,415.303,0.300000,0,163.490,3.94214,3.95775,0.350000,1,291.083,279.872,96500.0,1.19944,1007.38,0.241125E-01,-0.323591E-01,0.294608E-02,380.519,980.087,0.245622E-02,38.8250,599.568,266.802,4.80155,-2.31452,0.390818E-01,5.33043,-0.169221E-13,-0.191272E-14,5.33043,12.0038,212.671,334.264,0.420087,-9999,0.372597,2.22007,80.3898,0.250032E-01,2.44487,-0.121397,0,22.1963,-3.36838,7.61929,18.9731,28.9352,40.5820,60.7992,-0.163691,1.01726,-53.6684,1.03923,-16.7864,1.25598,23.5636,1.26070,-0.374987,1.25598,800000099,800000099,800000099,800000099,800001099,800001099,800000199,800000199,81100,81100,80,80,20,18,2,12,29,7,2.49991,1.62647,0.313738,0.124853,0.707469,2422.89,-0.444168E-01,0.235636E-01,-0.374987,16.0000,0.291111,249.486,59.2849,7.42311,96499.9,1.27405
CH-CHA_201201050800.csv,2012-01-05,08:30,5.354,0,36000,36000,-0.167330,1,0.146458E-01,-55.1090,0,5.69332,-9999,-9999,-9999,81.7235,1,41.4992,-9999,-9999,-9999,-1.14721,-9999,4.65958,-9999,0.239672E-09,-9999,20.6596,497.050,497.050,0.350000,1,-9999,-9999,-9999,-9999,1,290.251,279.164,96470.0,1.20390,1005.25,0.240590E-01,-9999,-9999,-9999,-9999,-9999,-9999,-999900.,-9999,4.13201,-1.72890,0.663874E-01,4.47962,-0.322325E-13,0.116010E-13,4.47962,10.4792,209.710,337.295,0.849146,-9999,0.372812,1.62140,79.7961,0.251892E-01,-9999,-0.122143,0,25.0672,-3.80405,8.60477,21.4271,32.6777,45.8309,68.6630,-0.164813,1.01527,-53.2652,1.03462,-9999,-9999,69.8270,1.21863,-9999,-9999,800000099,800000199,800000099,800001199,800000099,800001099,800000199,800000199,81000,81000,80,80,12,9,1,10,15,0,1.83191,1.17868,0.232198,0.173878,9.39147,-9999,-0.440127E-01,0.698270E-01,-9999,16.0000,0.239809,251.352,70.9528,6.95898,96500.0,1.26089
CH-CHA_201201050800.csv,2012-01-05,09:00,5.374,0,36000,36000,-0.354082E-01,1,0.598893E-02,-19.1218,1,7.53097,-9999,-9999,-9999,-18.5453,1,23.5011,-9999,-9999,-9999,-0.857116,-9999,3.47163,-9999,-0.136102E-09,-9999,23.2799,559.060,559.060,0.350000,1,-9999,-9999,-9999,-9999,1,288.326,278.636,96465.0,1.20612,1005.24,0.240147E-01,-9999,-9999,-9999,-9999,-9999,-9999,-999900.,-9999,1.65740,-0.865369,0.778486E-02,1.86973,-0.793076E-14,-0.584632E-14,1.86973,5.83579,216.279,332.430,0.238559,-9999,0.171340,0.610542,22.3234,0.900401E-01,-9999,-0.920471E-01,0,-9999,-9999,-9999,-9999,-9999,-9999,-9999,-0.349326E-01,1.01361,-18.5827,1.02901,-9999,-9999,-15.1040,1.14060,-9999,-9999,800000099,800001199,800000099,800001199,800101199,800101199,800000199,801110199,81000,81000,80,81,2,5,2,2,4,9,0.857028,0.310116,0.539396E-01,0.561809,13.3318,-9999,-0.153267E-01,-0.151040E-01,-9999,16.0000,0.357778,252.892,80.5778,6.83789,96464.8,1.25546
CH-CHA_201201050800.csv,2012-01-05,09:30,5.395,0,36000,36000,-0.257987E-01,0,0.585925E-02,-12.5025,0,3.03175,-9999,-9999,-9999,-36.6034,2,33.5434,-9999,-9999,-9999,-0.529453,-9999,-0.956521,-9999,0.530234E-10,-9999,22.5795,541.983,541.983,0.350000,1,-9999,-9999,-9999,-9999,1,286.285,278.310,96398.0,1.20669,1005.24,0.240033E-01,-9999,-9999,-9999,-9999,-9999,-9999,-999900.,-9999,1.23128,-0.611807,0.349797E-01,1.37534,0.358994E-13,0.234830E-14,1.37534,3.59139,213.898,333.578,1.45738,-9999,0.146218,0.315740,21.2080,0.947754E-01,-9999,-0.704907E-01,0,-9999,-9999,-9999,-9999,-9999,-9999,-9999,-0.254590E-01,1.01334,-12.1648,1.02776,-9999,-9999,-32.3302,1.10631,-9999,-9999,800000099,800000199,800000099,800001199,800001199,800001199,800100199,800110199,80000,80000,80,80,5,7,9,0,11,3,0.348976,0.240949,0.415544E-01,0.938221E-01,12.9182,-9999,-0.100286E-01,-0.323302E-01,-9999,16.0000,0.228889,254.113,88.2089,6.78357,96400.7,1.25405
CH-CHA_201201050800.csv,2012-01-05,10:00,5.416,0,36000,36000,-0.490185E-01,0,0.489916E-02,-15.6794,0,1.62951,-9999,-9999,-9999,38.7309,1,45.7284,-9999,-9999,-9999,0.282164,-9999,3.70787,-9999,0.998282E-10,-9999,25.3032,608.283,608.283,0.400000,0,-9999,-9999,-9999,-9999,1,286.045,278.484,96312.0,1.20486,1005.25,0.240397E-01,-9999,-9999,-9999,-9999,-9999,-9999,-999900.,-9999,2.50888,-0.963307,0.521940E-01,2.68797,-0.393321E-13,0.394528E-14,2.68797,5.76044,208.008,338.995,1.11262,-9999,0.201703,0.540338,44.3638,0.453073E-01,-9999,-0.641815E-01,0,21.1763,-3.21358,7.26913,18.1012,27.6054,38.7170,58.0051,-0.483976E-01,1.01283,-15.2496,1.02819,-9999,-9999,34.5880,1.15379,-9999,-9999,800000099,800000199,800000099,800001199,800001199,800001199,800000199,800010199,80100,80100,80,80,9,7,3,12,15,0,0.553697,0.423110,0.103870,0.287584E-01,15.8269,-9999,-0.125907E-01,0.345880E-01,-9999,16.0000,0.303333,254.993,93.7080,6.76842,96309.4,1.25657
CH-CHA_201201050800.csv,2012-01-05,10:30,5.437,1,36000,36000,-0.481579E-01,0,0.448792E-02,-18.1123,0,1.64907,-9999,-9999,-9999,-84.7104,0,32.8067,-9999,-9999,-9999,0.529506,-9999,-5.89353,-9999,-0.348528E-10,-9999,20.8828,502.748,502.748,0.350000,1,-9999,-9999,-9999,-9999,1,286.083,278.811,96285.0,1.20311,1005.24,0.240747E-01,-9999,-9999,-9999,-9999,-9999,-9999,-999900.,-9999,2.06326,-1.09134,0.172319E-01,2.33417,0.208731E-13,-0.166897E-14,2.33417,5.76845,215.195,332.124,0.422988,-9999,0.200069,0.468310,37.4717,0.536406E-01,-9999,-0.748542E-01,0,-9999,-9999,-9999,-9999,-9999,-9999,-9999,-0.475561E-01,1.01265,-17.6277,1.02749,-9999,-9999,-73.2228,1.14157,-9999,-9999,800000099,800000199,800000099,800001199,800001199,800001199,800000199,800010199,81100,81100,80,80,8,21,5,5,16,4,0.477191,0.376082,0.833460E-01,0.254830E-01,10.3252,-9999,-0.145753E-01,-0.732228E-01,-9999,16.0000,0.225556,254.818,92.6151,6.93186,96286.2,1.25980
CH-CHA_201201050800.csv,2012-01-05,11:00,5.458,1,36000,36000,-0.112811,1,0.143079E-01,-28.5160,0,2.59436,-9999,-9999,-9999,-68.9687,1,34.7923,-9999,-9999,-9999,0.331490,-9999,-1.34967,-9999,0.482721E-09,-9999,19.8497,478.546,478.546,0.350000,1,-9999,-9999,-9999,-9999,1,286.349,279.016,96221.0,1.20143,1005.25,0.241084E-01,-9999,-9999,-9999,-9999,-9999,-9999,-999900.,-9999,2.28362,-2.33201,-0.409911E-01,3.26418,-0.556324E-13,0.243188E-13,3.26418,9.99169,230.570,314.399,-0.719532,-9999,0.306427,1.72742,85.4725,0.235163E-01,-9999,-0.770527E-01,0,24.7773,-3.76005,8.50524,21.1793,32.2997,45.3008,67.8688,-0.111400,1.01266,-27.7295,1.02836,-9999,-9999,-58.1434,1.15729,-9999,-9999,800000099,800000199,800000099,800001199,800001099,800001199,800010199,800010199,80100,80100,80,81,12,8,2,0,5,3,1.77428,1.51864,0.161912,0.491349E-01,8.31798,-9999,-0.229599E-01,-0.581434E-01,-9999,16.0000,0.266667,254.867,92.9218,7.10551,96220.6,1.26234
CH-CHA_201201050800.csv,2012-01-05,11:30,5.479,1,36000,36000,-0.303153,0,0.254770E-01,-42.4508,0,3.06846,-9999,-9999,-9999,61.4264,1,38.2671,-9999,-9999,-9999,-0.630524E-01,-9999,2.76902,-9999,0.110698E-09,-9999,21.9057,528.209,528.209,0.350000,1,-9999,-9999,-9999,-9999,1,286.504,278.977,96190.0,1.20121,1005.25,0.241128E-01,-9999,-9999,-9999,-9999,-9999,-9999,-999900.,-9999,3.28505,-4.09855,-0.571947E-01,5.25290,0.810341E-13,0.505341E-14,5.25290,11.5270,237.798,308.713,-0.623861,-9999,0.502367,2.55813,252.937,0.794665E-02,-9999,-0.699794E-01,0,26.4176,-4.00898,9.06831,22.5814,34.4380,48.2998,72.3619,-0.298499,1.01559,-40.9783,1.03593,-9999,-9999,52.6811,1.21840,-9999,-9999,800000099,800000199,800000099,800001199,800001199,800001199,800000199,800010199,80000,80000,80,80,23,6,2,8,41,10,2.55134,2.19526,0.369670,0.400328E-01,5.71200,-9999,-0.339360E-01,0.526811E-01,-9999,16.0000,0.202222,254.692,91.8222,7.00249,96188.5,1.26121
CH-CHA_201201050800.csv,2012-01-05,12:00,5.499,1,36000,36000,-0.258873,1,0.191135E-01,-25.6271,0,3.19735,-9999,-9999,-9999,-21.8965,0,30.9164,-9999,-9999,-9999,0.174291,-9999,-2.08664,-9999,0.123162E-09,-9999,20.3140,490.717,490.717,0.400000,0,-9999,-9999,-9999,-9999,1,286.821,279.085,96053.0,1.19904,1005.25,0.241566E-01,-9999,-9999,-9999,-9999,-9999,-9999,-999900.,-9999,4.10919,-3.07639,0.158514E-01,5.13321,-0.546641E-13,0.606293E-14,5.13321,13.3518,225.079,323.179,0.176930,-9999,0.464652,2.98710,331.189,0.606904E-02,-9999,-0.457579E-01,0,24.2429,-3.67896,8.32182,20.7225,31.6031,44.3238,66.4052,-0.255003,1.01518,-24.7600,1.03502,-9999,-9999,-16.8259,1.20938,-9999,-9999,800000099,800001199,800000099,800001199,800001099,800001199,800010199,800010199,80100,80100,80,80,8,24,8,50,33,0,2.94318,2.63884,0.392172,0.621994E-01,3.95720,-9999,-0.205421E-01,-0.168259E-01,-9999,16.0000,0.306667,254.087,88.0441,7.13137,96054.2,1.26478
CH-CHA_201201050800.csv,2012-01-05,12:30,5.520,1,36000,36000,-0.224605,0,0.153138E-01,-7.35257,2,3.39413,-9999,-9999,-9999,18.8962,1,30.6450,-9999,-9999,-9999,0.523269,-9999,2.74703,-9999,0.640625E-10,-9999,22.3100,540.190,540.190,0.450000,0,-9999,-9999,-9999,-9999,1,287.688,279.410,95941.0,1.19624,1005.26,0.242130E-01,-9999,-9999,-9999,-9999,-9999,-9999,-999900.,-9999,3.96752,-2.80471,-0.182843E-01,4.85880,-0.195589E-12,0.287147E-14,4.85880,11.3916,222.410,324.743,-0.215612,-9999,0.433312,2.07835,935.395,0.214883E-02,-9999,-0.141105E-01,0,24.5194,-3.72092,8.41673,20.9588,31.9636,44.8293,67.1625,-0.221441,1.01429,-7.11742,1.03304,-9999,-9999,16.2872,1.19016,-9999,-9999,800000099,800000199,800000099,800001199,800001199,800001199,800010199,800010199,80100,80100,80,80,5,45,6,3,9,3,1.94720,1.87769,0.331809,0.208139,3.72262,-9999,-0.591869E-02,0.162872E-01,-9999,15.9977,0.262222,253.769,86.0555,7.43303,95941.5,1.27002
CH-CHA_201201050800.csv,2012-01-05,13:00,5.541,1,36000,36000,-0.292997,1,0.229783E-01,-59.6277,0,6.19814,-9999,-9999,-9999,31.8504,2,46.1380,-9999,-9999,-9999,0.154414,-9999,-2.28480,-9999,0.202033E-09,-9999,20.5887,499.001,499.001,0.350000,1,-9999,-9999,-9999,-9999,1,287.752,279.506,95880.0,1.19507,1005.26,0.242367E-01,-9999,-9999,-9999,-9999,-9999,-9999,-999900.,-9999,3.48892,-4.13969,-0.557436E-01,5.41412,-0.101218E-12,0.981279E-14,5.41412,14.6150,236.107,310.124,-0.589926,-9999,0.495148,3.80668,172.026,0.116843E-01,-9999,-0.100240,0,24.8874,-3.77676,8.54305,21.2734,32.4433,45.5021,68.1705,-0.288307,1.01627,-57.4789,1.03738,-9999,-9999,28.7830,1.23359,-9999,-9999,800000099,800000199,800000099,800001199,800001199,800001199,800000199,800000199,80000,80000,80,81,40,49,15,73,25,1,3.73220,3.46455,0.416617,0.201834,8.44472,-9999,-0.478450E-01,0.287830E-01,-9999,16.0000,0.213333,253.463,84.1457,7.39014,95881.3,1.26920
CH-CHA_201201050800.csv,2012-01-05,13:30,5.562,1,36000,36000,-0.332410,0,0.203387E-01,-67.2000,0,4.45110,-9999,-9999,-9999,-26.0439,0,9.63563,-9999,-9999,-9999,0.300367,-9999,-1.38407,-9999,-0.635234E-10,-9999,19.5304,474.015,474.015,0.300000,0,-9999,-9999,-9999,-9999,1,287.973,279.693,95810.0,1.19340,1005.26,0.242706E-01,-9999,-9999,-9999,-9999,-9999,-9999,-999900.,-9999,3.81629,-5.48428,-0.858378E-01,6.68197,0.232867E-13,-0.325254E-14,6.68197,14.3320,241.915,304.832,-0.736052,-9999,0.527769,3.40717,184.745,0.108799E-01,-9999,-0.106135,0,25.1184,-3.81182,8.62234,21.4709,32.7444,45.9245,68.8033,-0.326184,1.01909,-64.3727,1.04392,-9999,-9999,-17.2121,1.28587,-9999,-9999,800000099,800000199,800000099,800001199,800001099,800011099,800000199,800000199,80100,80100,80,80,35,14,5,115,18,8,2.92482,3.42827,0.461232,0.141065,1.24347,-9999,-0.536582E-01,-0.172121E-01,-9999,16.0000,0.253333,253.012,81.3250,7.38955,95810.4,1.27179
CH-CHA_201201050800.csv,2012-01-05,14:00,5.583,1,36000,36000,-0.628104,0,0.619759E-01,-49.4031,0,4.16799,141.900,1,46.2165,-38.0704,1,16.1328,3.16975,1,1.03238,0.229462,-9999,-1.76369,-9999,-0.274171E-09,-0.784723E-12,18.1951,442.138,442.698,0.300000,0,52.0774,1.26547,1.26707,0.200000,0,288.430,279.836,95744.0,1.19140,1005.94,0.242998E-01,0.205400,0.938434E-03,121.193,977.664,0.787673E-03,12.3962,856.470,252.762,3.46547,-6.06565,-0.118264,6.98682,0.117228E-12,-0.150684E-13,6.98682,15.9802,247.105,299.740,-0.969881,-9999,0.726084,4.30793,654.168,0.307260E-02,-0.348155,-0.567723E-01,0,30.0204,-4.55571,10.3050,25.6610,39.1346,54.8869,82.2305,-0.616448,1.01891,-41.0037,1.04387,106.434,1.33476,-28.8625,1.27473,2.37751,1.33476,800000099,800000099,800000099,800000199,800000099,800000099,800000199,800000199,80100,80100,80,80,15,28,7,70,31,0,3.96767,4.08905,0.559142,0.764124E-01,0.245014,953.204,-0.342132E-01,-0.288625E-01,2.37751,15.9981,0.185556,250.909,68.1822,7.57716,95743.9,1.27549
CH-CHA_201201051400.csv,2012-01-05,14:30,5.604,1,36000,36000,-0.760564,0,0.456620E-01,-63.0252,0,5.69912,140.702,1,50.3250,-77.3507,1,27.7219,3.14300,1,1.12416,0.00000,-0.220218,0.321779,-0.491922E-02,-0.601753E-09,-0.158031E-11,18.4081,447.962,448.490,0.350000,1,48.3428,1.17643,1.17781,0.100000,0,288.381,279.836,95605.0,1.18971,1005.89,0.243351E-01,0.203666,0.871138E-03,112.503,977.664,0.732227E-03,11.5073,865.161,251.906,4.52213,-7.04170,-0.237363,8.37194,0.708967E-13,-0.326896E-13,8.37194,17.4628,244.048,302.708,-1.62468,-9999,0.799553,5.16879,683.996,0.293861E-02,-0.447933,-0.658680E-01,0,29.0302,-4.40544,9.96513,24.8146,37.8438,53.0765,79.5182,-0.744131,1.02208,-54.0074,1.05110,100.322,1.40492,-56.6531,1.32905,2.24098,1.40492,800000099,800000199,800000099,800100199,800001099,800011099,800000199,810000199,80000,80000,80,80,19,26,1,175,69,0,4.76907,4.83349,0.735035,0.114726,0.526794,1001.68,-0.451295E-01,-0.566531E-01,2.24098,15.9973,0.291111,252.913,80.7063,7.71044,95663.3,1.27572
CH-CHA_201201051400.csv,2012-01-05,15:00,5.624,1,36000,36000,-0.519594,1,0.317132E-01,-70.9381,0,5.79002,74.4766,0,16.7722,0.167470E-01,2,3.03280,1.66438,0,0.374820,0.734417,9.08518,-2.40295,0.203033,-0.112384E-09,-0.135031E-11,16.5843,404.381,406.356,0.350000,1,199.263,4.85872,4.88244,0.300000,0,288.731,280.295,95572.0,1.18570,1007.89,0.243834E-01,0.107852,0.359073E-02,464.482,1008.97,0.302836E-02,46.0355,544.484,269.433,4.67069,-6.95742,-0.104736,8.38045,-0.978385E-13,-0.677650E-14,8.38045,23.2760,243.002,303.876,-0.716080,-9999,0.661980,5.53523,345.008,0.582596E-02,-0.952488,-0.896703E-01,0,25.6603,-3.89405,8.80835,21.9340,33.4508,46.9152,70.2875,-0.508173,1.02247,-64.1073,1.05182,57.4676,1.32254,2.13183,1.33957,1.28427,1.32254,800000099,800000099,800000099,800100099,800000099,810001099,800000199,801000199,81100,81100,80,80,37,19,3,24,8,7,5.00444,5.38040,0.685659,0.179896,0.808225E-01,892.916,-0.536441E-01,0.213183E-02,1.28427,15.9977,0.307778,249.687,60.5464,8.04114,95577.3,1.28902
CH-CHA_201201051400.csv,2012-01-05,15:30,5.645,1,36000,36000,-0.438814,1,0.317946E-01,-92.5375,0,6.75994,78.8955,0,36.4093,-0.923615,0,3.55001,1.76394,0,0.814036,0.759808,-0.169651,0.165264,-0.379303E-02,0.153200E-09,0.180123E-11,16.6678,407.386,409.346,0.300000,0,195.969,4.78977,4.81282,0.300000,0,290.251,280.771,95507.0,1.18291,1007.86,0.244415E-01,0.114303,0.353136E-02,457.579,1042.36,0.298531E-02,43.8984,584.779,269.234,4.33078,-6.86005,-0.431445E-01,8.11279,0.867512E-13,0.919140E-14,8.11279,21.0501,244.462,302.264,-0.304705,-9999,0.609066,5.00600,205.891,0.976246E-02,-1.17291,-0.127439,0,25.0405,-3.80000,8.59560,21.4043,32.6429,45.7821,68.5899,-0.429235,1.02232,-84.4872,1.05128,60.9732,1.32748,2.21005,1.34179,1.36323,1.32748,800000099,800000099,800000099,800100099,800001099,800001199,800000199,801000199,80100,80100,80,80,40,28,7,5,56,27,4.86269,4.53222,0.617105,0.190578,0.293906,2610.07,-0.708661E-01,0.221005E-02,1.36323,15.9977,0.262222,250.166,63.5354,8.17454,95506.6,1.29363
CH-CHA_201201051400.csv,2012-01-05,16:00,5.666,1,36000,36000,-0.410595,1,0.292570E-01,-103.314,0,4.64046,65.9692,0,5.85368,-2.67757,1,0.676397,1.47564,0,0.130938,0.795063,3.14118,-0.685258,0.702637E-01,0.240857E-09,0.370203E-11,16.1240,394.902,397.314,0.300000,0,247.830,6.06975,6.10682,0.300000,0,290.458,281.270,95481.0,1.17992,1008.57,0.244916E-01,0.956212E-01,0.446590E-02,579.701,1078.41,0.378491E-02,53.7553,498.706,272.428,3.90816,-6.97016,-0.541914E-01,7.99123,0.156064E-12,0.149378E-13,7.99123,18.0193,247.406,299.279,-0.388546,-9999,0.589903,5.45351,167.553,0.119962E-01,-1.56610,-0.147171,0,24.9363,-3.78418,8.55983,21.3152,32.5070,45.5915,68.3044,-0.401638,1.02230,-95.3233,1.05114,52.2871,1.31942,1.27686,1.34425,1.16959,1.31942,800000099,800000099,800000099,800000099,800001099,800001199,800000199,801000199,80000,80000,80,80,27,22,6,2,50,12,5.14931,5.17276,0.584960,0.107358,0.625224E-02,98.0484,-0.801018E-01,0.127686E-02,1.16959,15.9977,0.370000,249.194,57.4627,8.66047,95481.3,1.31044
CH-CHA_201201051400.csv,2012-01-05,16:30,5.687,0,36000,36000,-0.496000,1,0.285198E-01,-93.9900,0,4.82279,164.358,0,35.2860,-15.8135,0,6.23890,3.67545,0,0.789083,-0.449637,-3.29033,0.571452,-0.735800E-01,0.106412E-09,0.124202E-11,16.5642,405.303,407.229,0.350000,1,193.334,4.73061,4.75310,0.300000,0,290.691,280.988,95475.0,1.18163,1007.83,0.244685E-01,0.238169,0.348389E-02,451.776,1057.90,0.294837E-02,42.7049,606.126,269.064,3.55742,-7.21202,-0.280668E-01,8.04172,-0.121596E-12,0.642420E-14,8.04172,17.8061,251.092,296.255,-0.199971,-9999,0.647887,5.22038,243.933,0.823995E-02,-0.571863,-0.121819,0,27.2496,-4.13524,9.35392,23.2926,35.5227,49.8210,74.6410,-0.485359,1.02192,-82.0265,1.05049,125.722,1.32044,-9.49278,1.33268,2.81147,1.32044,800000099,800000099,800000099,800100099,800000099,800000099,800000199,810000199,81100,81100,80,80,5,25,4,0,34,9,4.70630,5.16903,0.565462,0.140736,0.115576,2351.55,-0.688788E-01,-0.949278E-02,2.81147,16.0000,0.285556,249.612,60.0748,8.52111,95475.5,1.29969
CH-CHA_201201051400.csv,2012-01-05,17:00,5.708,0,36000,36000,-0.319426,1,0.227253E-01,-66.9342,0,4.26246,19.2390,2,15.4388,-11.5517,1,13.9150,0.430221,2,0.345242,-0.398550E-01,2.24550,-0.154230,0.502139E-01,0.156893E-09,0.220034E-11,16.4444,402.495,404.780,0.350000,1,230.624,5.64478,5.67682,0.300000,0,290.803,280.963,95437.0,1.18086,1008.32,0.244761E-01,0.278783E-01,0.415584E-02,538.865,1056.10,0.351935E-02,51.0240,517.236,271.433,3.14451,-5.51701,-0.223506E-01,6.35027,0.225516E-12,0.954079E-14,6.35027,15.3019,247.437,299.682,-0.201660,-9999,0.520100,3.52975,177.177,0.113446E-01,-3.47909,-0.108084,0,25.8638,-3.92492,8.87819,22.1079,33.7160,47.2872,70.8448,-0.313672,1.01834,-63.3188,1.04221,16.8928,1.25461,-6.62837,1.27252,0.377756,1.25461,800000099,800000099,800000099,800001199,800001199,800001199,800000199,800000199,80100,80100,80,80,23,37,9,1,43,7,3.19895,3.44388,0.416653,0.130704,1.51647,2192.01,-0.531783E-01,-0.662837E-02,0.377756,15.9930,0.451111,249.281,58.0043,8.31441,95436.5,1.30609
CH-CHA_201201051400.csv,2012-01-05,17:30,5.729,0,36000,36000,-0.352620,2,0.247815E-01,-488.833,1,87.5111,-9999,-9999,-9999,-9999,-9999,-9999,-9999,-9999,-9999,-6.14453,-9999,-9999,-9999,-9999,-9999,-9999,-9999,-9999,-9999,1,-9999,-9999,-9999,-9999,1,284.571,277.168,95710.0,1.20302,1005.22,0.240766E-01,-9999,-9999,-9999,-9999,-9999,-9999,-999900.,-9999,-5.85723,-4.88259,0.542118,7.64398,0.184423E-12,0.382454E-13,7.64398,23.1570,323.568,219.821,4.06689,-9999,0.541399,8.32947,27.3944,0.733726E-01,-9999,-0.746636,0,21.3733,-3.24348,7.33676,18.2696,27.8622,39.0772,58.5447,-0.342895,1.02836,-460.294,1.06200,-9999,-9999,-9999,-9999,-9999,-9999,800000099,800001199,800000099,800101199,800001199,800001199,810010199,811010199,80000,80000,80,80,55,41,6,106,27,12,9.65792,6.28089,0.720171,12.5779,-9999,-9999,-0.380630,-9999,-9999,16.0000,0.296667,254.254,89.0852,5.45705,95709.9,1.22898
CH-CHA_201201051400.csv,2012-01-05,18:00,5.749,0,36000,36000,-0.101937,1,0.849205E-02,-52.7032,1,7.63469,-9999,-9999,-9999,-9999,-9999,-9999,-9999,-9999,-9999,-2.11746,-9999,-9999,-9999,-9999,-9999,-9999,-9999,-9999,-9999,1,-9999,-9999,-9999,-9999,1,283.498,275.868,95834.0,1.21025,1005.20,0.239327E-01,-9999,-9999,-9999,-9999,-9999,-9999,-999900.,-9999,-1.45384,-3.54746,0.584886E-01,3.83426,0.960165E-12,-0.197353E-13,3.83426,9.61725,297.001,247.715,0.874037,-9999,0.290221,1.47768,39.1749,0.513083E-01,-9999,-0.149273,0,25.0350,-3.79916,8.59372,21.3996,32.6357,45.7720,68.5748,-0.100373,1.01559,-50.9360,1.03469,-9999,-9999,-9999,-9999,-9999,-9999,800000099,800000199,800000099,800001199,800001199,800011199,800000199,800010199,80000,80000,80,81,13,14,11,47,30,12,1.57003,1.24421,0.141122,0.271071,-9999,-9999,-0.418694E-01,-9999,-9999,15.9938,0.315556,254.408,90.0511,4.02608,95834.0,1.21764
CH-CHA_201201051400.csv,2012-01-05,18:30,5.770,0,36000,36000,-0.816203E-01,0,0.962663E-02,-15.0140,0,2.34682,-9999,-9999,-9999,79.7689,1,49.5533,-9999,-9999,-9999,1.07406,-9999,-9999,-9999,0.206063E-09,-9999,31.1872,748.198,748.198,0.350000,1,-9999,-9999,-9999,-9999,1,284.058,276.529,95832.0,1.20733,1005.21,0.239905E-01,-9999,-9999,-9999,-9999,-9999,-9999,-999900.,-9999,1.10029,-1.05332,0.120517E-01,1.52324,-0.519260E-12,0.660729E-14,1.52324,6.06586,220.711,316.249,0.453320,-9999,0.260007,1.40423,98.8822,0.203272E-01,-9999,-0.475805E-01,0,27.6151,-4.19070,9.47938,23.6050,35.9991,50.4892,75.6421,-0.807760E-01,1.01045,-14.6959,1.02165,-9999,-9999,75.7106,1.07203,-9999,-9999,800000099,800001199,800000099,800001199,800001199,800101199,800010199,800110199,81100,81100,80,81,10,5,8,5,3,5,0.917411,1.80196,0.890867E-01,0.420558E-01,13.2455,-9999,-0.121091E-01,0.757106E-01,-9999,15.9942,0.405556,254.360,89.7489,4.63189,95832.4,1.22568
CH-CHA_201201051400.csv,2012-01-05,19:00,5.791,0,36000,36000,-0.106394,1,0.153164E-01,-40.2064,1,8.26138,-9999,-9999,-9999,25.5876,2,19.2064,-9999,-9999,-9999,-0.341484E-01,-9999,-7.73684,-9999,-0.179752E-09,-9999,25.4557,610.243,610.243,0.350000,1,-9999,-9999,-9999,-9999,1,284.368,276.508,95896.0,1.20823,1005.21,0.239727E-01,-9999,-9999,-9999,-9999,-9999,-9999,-999900.,-9999,2.03617,0.100191,0.470893E-01,2.03918,-0.515301E-12,-0.706137E-14,2.03918,7.12938,165.721,2.81701,1.32321,-9999,0.296745,2.19124,54.9193,0.365992E-01,-9999,-0.111559,0,31.5171,-4.78284,10.8188,26.9403,41.0857,57.6233,86.3302,-0.105188,1.01146,-39.2385,1.02467,-9999,-9999,25.8049,1.10968,-9999,-9999,800000099,800000199,800000099,800001199,800000199,800101199,800110199,800110199,80000,80000,80,81,3,6,6,3,0,0,1.98429,2.31487,0.833061E-01,0.523310,4.60866,-9999,-0.323077E-01,0.258049E-01,-9999,16.0000,0.222222,252.995,81.2179,4.77413,95896.7,1.23275
CH-CHA_201201051400.csv,2012-01-05,19:30,5.812,0,36000,36000,-0.629569E-01,0,0.877156E-02,-22.7957,0,3.34284,-9999,-9999,-9999,15.2159,1,22.8415,-9999,-9999,-9999,1.57325,-9999,-2.31454,-9999,-0.966841E-10,-9999,23.6679,568.865,568.865,0.350000,1,-9999,-9999,-9999,-9999,1,285.430,277.478,95982.0,1.20509,1005.22,0.240353E-01,-9999,-9999,-9999,-9999,-9999,-9999,-999900.,-9999,1.88632,-1.62564,0.191719E-01,2.49023,-0.843815E-13,-0.408503E-14,2.49023,6.39085,228.463,319.245,0.441116,-9999,0.228566,0.907891,44.2928,0.453798E-01,-9999,-0.823304E-01,0,23.5152,-3.56852,8.07201,20.1004,30.6544,42.9933,64.4118,-0.621797E-01,1.01250,-22.1895,1.02732,-9999,-9999,14.7214,1.14262,-9999,-9999,800000099,800000199,800000099,800001199,800000199,800001199,800000199,800000199,81100,81100,80,81,15,19,5,0,22,0,0.729586,0.983516,0.102679,0.118351,8.23173,-9999,-0.183175E-01,0.147214E-01,-9999,15.9977,0.277778,252.799,79.9966,5.39987,95982.4,1.24265
CH-CHA_201201051400.csv,2012-01-05,20:00,5.833,0,36000,36000,-0.555947E-01,0,0.601087E-02,-19.6850,1,2.47738,20.8407,1,4.72083,-0.478570,2,0.341921,0.464555,1,0.105231,0.223892,-9999,-8.58809,-9999,0.332465E-09,0.322024E-11,17.2725,415.282,416.959,0.350000,1,167.301,4.02240,4.03865,0.350000,1,285.396,277.616,95999.0,1.20287,1007.38,0.240430E-01,0.301032E-01,0.301476E-02,386.250,838.047,0.250631E-02,46.0893,451.797,266.997,1.29080,-2.20203,-0.286403E-01,2.55263,-0.462936E-13,0.192482E-13,2.55263,8.17304,245.364,300.378,-0.642868,-9999,0.214985,0.633014,42.7133,0.470579E-01,-0.944546,-0.755641E-01,0,25.2435,-3.83080,8.66528,21.5778,32.9075,46.1532,69.1459,-0.549055E-01,1.01255,-18.0844,1.02749,18.6277,1.13788,0.296200,1.14517,0.415224,1.13788,800000099,800000099,800000099,800000099,811000099,811100099,800000199,800000199,80100,80100,80,80,33,50,7,2,7,24,0.560360,0.629593,0.760761E-01,0.166485,0.990560E-02,121.714,-0.149242E-01,0.296200E-03,0.415224,16.0000,0.227778,250.000,62.5000,5.31308,96000.0,1.24878
CH-CHA_201201052000.csv,2012-01-05,20:30,5.854,0,36000,36000,-0.115664,0,0.108140E-01,-29.7885,0,3.07040,34.2075,1,10.0194,-3.66787,2,3.47923,0.762642,1,0.223377,0.295031,2.48586,-0.681220,0.554212E-01,-0.315803E-09,-0.392866E-11,16.7486,403.088,405.119,0.350000,1,208.356,5.01450,5.03977,0.350000,1,286.183,277.798,95966.0,1.20122,1007.93,0.240670E-01,0.494192E-01,0.375458E-02,481.351,848.790,0.312564E-02,56.7102,367.439,269.910,1.90425,-3.07469,-0.209972E-01,3.61668,-0.327994E-12,-0.188555E-13,3.61668,8.56670,243.373,301.771,-0.332642,-9999,0.310304,1.28566,84.8701,0.236832E-01,-0.870819,-0.792886E-01,0,25.7853,-3.91301,8.85124,22.0409,33.6137,47.1437,70.6298,-0.114151,1.01325,-27.1901,1.02987,30.0810,1.15899,-2.12572,1.17230,0.670644,1.15899,800000099,800000099,800000099,800000099,800000099,800001199,800000199,800010199,80100,80100,80,81,19,34,2,0,0,1,1.19351,1.22760,0.150194,0.132990,0.844658E-01,420.869,-0.224574E-01,-0.212572E-02,0.670644,16.0000,0.247778,249.143,57.1420,5.36506,96000.0,1.25542
CH-CHA_201201052000.csv,2012-01-05,21:00,5.874,0,36000,36000,-0.697921E-01,1,0.950296E-02,-32.7931,0,4.02629,21.2435,0,1.95756,1.86364,0,0.432830,0.473703,0,0.436511E-01,0.312686,0.374715,-0.295316,0.835565E-02,0.111234E-09,0.144403E-11,16.5190,397.798,399.863,0.350000,1,214.448,5.16417,5.19097,0.350000,1,287.177,277.991,95976.0,1.20044,1008.01,0.240812E-01,0.306960E-01,0.386435E-02,495.769,860.315,0.321911E-02,57.6264,364.546,270.307,1.47741,-2.55105,0.709361E-02,2.94799,-0.606503E-12,0.673371E-14,2.94799,9.01178,244.542,300.077,0.137868,-9999,0.241120,1.74373,36.1746,0.555638E-01,-1.54367,-0.112394,0,21.7042,-3.29369,7.45034,18.5524,28.2936,39.6821,59.4511,-0.688442E-01,1.01377,-30.7540,1.03033,18.9526,1.16455,2.78775,1.17856,0.422618,1.16455,800000099,800000099,800000099,800000099,800000099,800100099,800000199,800010199,80100,80100,80,81,29,8,7,0,5,2,1.19056,2.15746,0.139442,0.151953,0.220328E-02,24.0287,-0.254153E-01,0.278775E-02,0.422618,15.9981,5.53278,249.000,56.2500,5.89690,95992.0,1.26044
CH-CHA_201201052000.csv,2012-01-05,21:30,5.895,0,36000,36000,0.257257,1,0.114469E-01,-157.490,1,24.7041,-9999,-9999,-9999,323.658,1,54.9705,-9999,-9999,-9999,0.202391,-9999,5.84351,-9999,-0.824880E-09,-9999,20.8685,502.445,502.445,0.350000,1,-9999,-9999,-9999,-9999,1,286.527,278.116,96037.0,1.20301,1005.24,0.240767E-01,-9999,-9999,-9999,-9999,-9999,-9999,-999900.,-9999,-0.899240,-3.44063,0.692308E-01,3.55687,0.523417E-12,-0.395275E-13,3.55687,9.19968,286.182,255.353,1.11527,-9999,0.462433,3.02356,53.1159,0.378418E-01,-9999,-0.281623,0,36.2198,-5.49650,12.4331,30.9602,47.2162,66.2214,99.2117,0.253677,1.01411,-152.676,1.03153,-9999,-9999,279.646,1.19233,-9999,-9999,800000099,800001199,800000099,800001199,800001199,800101199,800000199,800000199,80000,80000,80,81,5,16,9,0,19,2,1.98362,3.92095,0.142518,1.51315,13.0178,-9999,-0.126250,0.279646,-9999,16.0000,9.64833,251.747,73.4169,6.01414,96037.7,1.25105
CH-CHA_201201052000.csv,2012-01-05,22:00,5.916,0,36000,36000,-0.500325E-01,1,0.815599E-02,-26.9199,0,5.52098,-9999,-9999,-9999,8.86197,1,21.6821,-9999,-9999,-9999,-1.12012,-9999,-2.23939,-9999,-0.853476E-10,-9999,19.2576,462.447,462.447,0.450000,0,-9999,-9999,-9999,-9999,1,285.039,277.426,96050.0,1.20617,1005.22,0.240137E-01,-9999,-9999,-9999,-9999,-9999,-9999,-999900.,-9999,-0.443962,-2.70458,0.235339E-01,2.74088,-0.560666E-13,-0.443189E-14,2.74088,7.81491,286.906,260.678,0.491962,-9999,0.203667,0.849982,26.5499,0.757065E-01,-9999,-0.109014,0,24.7134,-3.75035,8.48330,21.1246,32.2164,45.1839,67.6937,-0.493170E-01,1.01451,-26.0941,1.03165,-9999,-9999,8.74094,1.19017,-9999,-9999,800000099,800000099,800000099,800000199,800000199,800101199,800000199,800000199,81000,81000,80,81,5,1,20,0,18,0,1.11005,0.518044,0.718594E-01,0.325956,4.76152,-9999,-0.215215E-01,0.874094E-02,-9999,15.9961,5.38222,250.515,65.7195,5.22917,96050.4,1.24428
CH-CHA_201201052000.csv,2012-01-05,22:30,5.937,0,36000,36000,-0.113909,1,0.128525E-01,-36.7375,0,3.36451,15.7356,0,5.57942,2.36886,0,1.05141,0.350817,0,0.124390,0.595596,-9999,-3.55036,-9999,-0.180143E-10,-0.236711E-12,16.5952,398.961,401.063,0.400000,0,218.064,5.24243,5.27006,0.400000,0,285.351,277.793,96069.0,1.20242,1008.06,0.240408E-01,0.227329E-01,0.392952E-02,503.770,848.493,0.326800E-02,59.3723,344.723,270.522,1.25972,-3.02588,-0.881653E-02,3.27764,0.199202E-12,-0.108551E-14,3.27764,9.14779,256.331,292.603,-0.154120,-9999,0.307786,1.64764,67.2093,0.299066E-01,-2.33468,-0.984733E-01,0,26.8039,-4.06759,9.20090,22.9115,34.9415,49.0060,73.4199,-0.112444,1.01303,-34.9013,1.02911,14.5092,1.15239,3.46527,1.16571,0.323475,1.15239,800000099,800001199,800000099,800000099,800000099,800101099,800000199,800010199,80100,80100,80,81,8,2,4,0,10,0,1.86825,1.29286,0.134156,0.100585,0.104316E-01,218.889,-0.287939E-01,0.346527E-02,0.323475,15.9981,0.462222,249.032,56.4476,5.42471,96069.0,1.25564
CH-CHA_201201052000.csv,2012-01-05,23:00,5.958,0,36000,36000,-0.185470,1,0.135599E-01,-53.1108,0,4.10611,41.8102,0,17.3533,-1.44609,1,1.50007,0.931547,0,0.386638,-1.08344,-1.21706,0.125602,-0.271166E-01,0.282091E-10,0.334596E-12,16.7300,401.201,403.119,0.350000,1,198.439,4.75875,4.78151,0.350000,1,285.974,277.127,96078.0,1.20565,1007.78,0.239809E-01,0.603642E-01,0.357588E-02,457.334,809.776,0.296594E-02,56.4766,352.442,269.227,0.883765,-5.45399,0.200263E-01,5.52516,-0.873684E-14,0.168614E-14,5.52516,11.8217,267.497,279.204,0.207672,-9999,0.392217,2.15155,96.2005,0.208939E-01,-1.27028,-0.111447,0,25.2239,-3.82782,8.65853,21.5610,32.8818,46.1172,69.0920,-0.182324,1.01725,-49.1220,1.03939,34.7488,1.23792,0.651120,1.25775,0.774215,1.23792,800000099,800000099,800000099,800000099,800000099,800001199,800000199,800000199,81100,81100,80,80,46,7,9,1,25,1,2.26253,1.78805,0.252533,0.166255,0.674794E-01,1179.57,-0.404288E-01,0.651120E-03,0.774215,16.0000,0.402222,249.141,57.1292,4.85781,96078.5,1.24210
CH-CHA_201201052000.csv,2012-01-05,23:30,5.979,0,36000,36000,-0.123442,1,0.130003E-01,-49.7446,0,4.54580,-9999,-9999,-9999,-5.07183,1,12.1444,-9999,-9999,-9999,-0.538796,-9999,1.76867,-9999,0.355933E-10,-9999,18.0684,432.706,432.706,0.350000,1,-9999,-9999,-9999,-9999,1,285.742,276.796,96094.0,1.20947,1005.21,0.239482E-01,-9999,-9999,-9999,-9999,-9999,-9999,-999900.,-9999,0.828153,-4.07614,-0.381958E-02,4.15942,0.419176E-13,0.196992E-14,4.15942,9.77140,265.243,281.485,-0.526146E-01,-9999,0.319473,1.59546,55.4707,0.362354E-01,-9999,-0.128074,0,25.3109,-3.84103,8.68842,21.6354,32.9953,46.2764,69.3305,-0.121577,1.01534,-48.0869,1.03447,-9999,-9999,-1.96477,1.22200,-9999,-9999,800000099,800001199,800000099,800000199,800001099,800001199,800000199,800000199,81100,81100,80,81,21,19,12,2,1,0,2.05068,0.973806,0.166423,0.198139,2.22198,-9999,-0.395526E-01,-0.196477E-02,-9999,16.0000,0.351111,250.191,63.6915,4.43326,96095.6,1.22997
CH-CHA_201201052000.csv,2012-01-06,00:00,6.000,0,36000,36000,-0.542585E-01,1,0.700673E-02,-32.0729,0,3.02513,-9999,-9999,-9999,-18.7793,2,35.1622,-9999,-9999,-9999,0.624226,-9999,2.61773,-9999,-0.182172E-09,-9999,19.9910,479.398,479.398,0.250000,0,-9999,-9999,-9999,-9999,1,285.685,277.180,96097.0,1.20783,1005.22,0.239807E-01,-9999,-9999,-9999,-9999,-9999,-9999,-999900.,-9999,0.633463,-2.88242,-0.712944E-02,2.95121,0.211960E-13,-0.911270E-14,2.95121,6.60234,264.587,282.395,-0.138413,-9999,0.211949,1.22444,25.1233,0.800053E-01,-9999,-0.124635,0,20.0374,-3.04075,6.87818,17.1276,26.1207,36.6347,54.8855,-0.534463E-01,1.01520,-31.0421,1.03321,-9999,-9999,-13.9494,1.20966,-9999,-9999,800000099,800000199,800000099,800001199,800001199,800101199,800000199,800000199,81100,81100,80,80,6,0,9,1,7,0,1.01964,1.29787,0.131382,0.670603E-01,10.2186,-9999,-0.255673E-01,-0.139494E-01,-9999,16.0000,0.381111,250.582,66.1356,4.74153,96099.8,1.23915
CH-CHA_201201052000.csv,2012-01-06,00:30,6.020,0,36000,36000,-0.112143,1,0.156280E-01,-34.7499,0,3.83803,-11.4935,2,28.9681,6.46992,2,15.3646,-0.256075,2,0.645405,-0.123639,-9999,-0.220731,-9999,-0.355922E-10,-0.131099E-12,19.8367,475.463,476.297,0.350000,1,73.0659,1.75131,1.75438,0.450000,0,285.933,277.104,96118.0,1.20762,1006.15,0.239689E-01,-0.165936E-01,0.131665E-02,168.377,808.467,0.109028E-02,20.8267,640.090,256.622,0.312309,-2.58379,0.508624E-01,2.60310,0.386998E-12,-0.179426E-14,2.60310,7.41993,270.332,276.892,1.11958,-9999,0.304733,1.43640,68.9456,0.291534E-01,3.02344,-0.938512E-01,0,27.2326,-4.13266,9.34808,23.2780,35.5005,49.7899,74.5944,-0.110826,1.01188,-34.4551,1.02614,-9.69936,1.14801,7.62985,1.13227,-0.216100,1.14801,800000099,800000199,800000099,800000199,800001199,800101199,800000199,800110199,80100,80100,80,81,26,10,14,5,10,22,1.37438,1.37190,0.126535,0.740145E-01,1.32943,2610.15,-0.283569E-01,0.762985E-02,-0.216100,15.9981,0.421111,250.998,68.7373,5.07074,96116.9,1.23611
CH-CHA_201201052000.csv,2012-01-06,01:00,6.041,0,36000,36000,-0.852201E-01,1,0.130420E-01,-24.6799,0,3.50758,-9999,-9999,-9999,0.142015E-01,2,13.5399,-9999,-9999,-9999,-0.330501,-9999,3.98512,-9999,-0.148476E-09,-9999,22.8215,546.436,546.436,0.350000,1,-9999,-9999,-9999,-9999,1,285.426,276.901,96148.0,1.20969,1005.22,0.239439E-01,-9999,-9999,-9999,-9999,-9999,-9999,-999900.,-9999,0.578913,-2.78905,0.257544E-01,2.84862,-0.181530E-12,-0.650597E-14,2.84862,8.22694,263.408,281.726,0.518020,-9999,0.265420,1.34033,64.1420,0.313367E-01,-9999,-0.764673E-01,0,26.3732,-4.00224,9.05308,22.5434,34.3802,48.2187,72.2404,-0.841791E-01,1.01237,-24.0221,1.02738,-9999,-9999,1.47124,1.14661,-9999,-9999,800000099,800001199,800000099,800001199,800001199,800101199,800100199,800110199,80100,80100,80,81,20,19,15,0,5,1,1.52453,1.05218,0.103955,0.105361,9.35308,-9999,-0.197551E-01,0.147124E-02,-9999,15.9981,0.396667,251.780,73.6231,5.05533,96148.0,1.23266
CH-CHA_201201052000.csv,2012-01-06,01:30,6.062,0,36000,36000,-0.153787,1,0.143841E-01,-23.0746,0,6.19708,-9999,-9999,-9999,-9.39957,1,14.6093,-9999,-9999,-9999,-0.207055,-9999,-0.217003,-9999,-0.178817E-09,-9999,22.6920,542.576,542.576,0.350000,1,-9999,-9999,-9999,-9999,1,284.748,276.774,96238.0,1.21138,1005.21,0.239105E-01,-9999,-9999,-9999,-9999,-9999,-9999,-999900.,-9999,-0.578324,-4.57385,0.722290E-01,4.61083,-0.230943E-13,-0.788017E-14,4.61083,10.2197,284.504,262.794,0.897579,-9999,0.356304,1.82814,166.073,0.121031E-01,-9999,-0.531835E-01,0,26.7200,-4.05486,9.17211,22.8399,34.8322,48.8527,73.1902,-0.151579,1.01457,-22.3298,1.03335,-9999,-9999,-6.53909,1.19985,-9999,-9999,800000099,800000199,800000099,800001199,800001199,800101199,800000199,800010199,81000,81000,80,80,13,0,14,2,6,1,2.01087,1.46449,0.180923,0.609332,6.19094,-9999,-0.183379E-01,-0.653909E-02,-9999,15.9977,0.331111,253.722,85.7634,4.85904,96238.7,1.22753
CH-CHA_201201052000.csv,2012-01-06,02:00,6.083,0,36000,36000,-0.293584,0,0.166469E-01,-49.8198,0,3.48938,-9999,-9999,-9999,-67.0036,2,33.3211,-9999,-9999,-9999,-0.534418,-9999,-5.18107,-9999,-0.446021E-09,-9999,18.8935,450.656,450.656,0.100000,0,-9999,-9999,-9999,-9999,1,283.832,276.447,96358.0,1.21432,1005.20,0.238525E-01,-9999,-9999,-9999,-9999,-9999,-9999,-999900.,-9999,-3.72863,-4.75271,0.179258,6.04343,0.601079E-13,-0.236071E-13,6.04343,13.1470,314.604,231.885,1.69974,-9999,0.491699,3.32495,202.326,0.993447E-02,-9999,-0.830070E-01,0,28.3824,-4.30714,9.74277,24.2609,36.9993,51.8921,77.7438,-0.288529,1.01752,-47.8870,1.04036,-9999,-9999,-51.1169,1.25622,-9999,-9999,800000099,800000099,800000099,800001199,800001099,800001199,800000199,800000199,80100,80100,80,81,12,15,15,1,49,7,2.24278,4.11169,0.295432,0.773769E-01,4.51486,-9999,-0.392310E-01,-0.511169E-01,-9999,16.0000,0.318889,254.791,92.4453,4.42884,96358.5,1.22407
CH-CHA_201201060200.csv,2012-01-06,02:30,6.104,0,36000,36000,-0.921019E-01,1,0.760510E-02,-36.5201,0,3.63446,-40.3345,1,7.10565,7.35393,1,2.27395,-0.897352,1,0.158085,-1.41440,-9999,-2.88951,-9999,-0.450226E-09,-0.577278E-11,16.8047,399.556,401.613,0.300000,0,215.469,5.12308,5.14946,0.350000,1,282.637,275.585,96365.0,1.21585,1007.95,0.237764E-01,-0.581484E-01,0.388275E-02,493.818,726.068,0.319345E-02,68.0127,232.249,270.254,-2.06370,-2.82914,0.116028,3.50377,-0.640538E-12,-0.267917E-13,3.50377,12.2806,309.550,233.891,1.89770,-9999,0.275229,1.91179,48.4476,0.414882E-01,0.905431,-0.108272,0,24.8587,-3.77241,8.53320,21.2489,32.4059,45.4497,68.0919,-0.907976E-01,1.01437,-37.3747,1.03200,-33.0653,1.18192,7.95453,1.19802,-0.735628,1.18192,800000099,800001199,800000099,800000099,800000199,800101199,800000199,800000199,81000,81000,80,81,27,5,11,1,40,68,2.06675,1.62749,0.129337,0.127003,0.452924E-01,865.130,-0.304971E-01,0.795453E-02,-0.735628,15.9977,0.408889,252.553,78.4565,3.49552,96445.8,1.21034
CH-CHA_201201060200.csv,2012-01-06,03:00,6.124,0,36000,36000,-0.219781,1,0.183848E-01,-48.7783,0,6.28528,-18.7577,0,4.73445,4.63101,0,0.831831,-0.417505,0,0.105379,0.783949,-2.12003,-0.217096,-0.471873E-01,0.128227E-09,0.138957E-11,16.6375,395.715,397.419,0.300000,0,180.297,4.28829,4.30676,0.350000,1,284.241,276.063,96499.0,1.21581,1007.51,0.237846E-01,-0.270543E-01,0.324895E-02,413.927,751.157,0.267225E-02,55.1052,337.230,267.905,-3.47882,-4.13055,0.167175,5.40292,0.175362E-12,0.770710E-14,5.40292,11.9483,317.562,229.895,1.77311,-9999,0.425169,2.21897,133.831,0.150190E-01,2.60045,-0.936590E-01,0,28.7122,-4.35718,9.85596,24.5427,37.4292,52.4950,78.6471,-0.216202,1.01656,-47.8993,1.03793,-14.3129,1.22328,5.79724,1.24130,-0.318574,1.22328,800000099,800001199,800000099,800000099,800000099,800000099,800000199,800000199,80000,80000,80,80,20,9,4,1,43,66,2.72217,1.50097,0.214809,0.369967,0.911444E-02,394.984,-0.391034E-01,0.579724E-02,-0.318574,16.0000,0.393333,250.767,67.2929,3.55826,96504.1,1.22483
CH-CHA_201201060200.csv,2012-01-06,03:30,6.145,0,36000,36000,-0.390141,1,0.243913E-01,-98.8264,0,4.15725,51.0816,0,2.40846,2.94029,0,0.342989,1.13667,0,0.535933E-01,-0.446608,-0.707623E-02,0.528788E-01,-0.157461E-03,-0.106956E-09,-0.115558E-11,16.6960,396.649,398.356,0.350000,1,180.388,4.28551,4.30395,0.300000,0,284.949,275.791,96515.0,1.21722,1007.50,0.237572E-01,0.736561E-01,0.325059E-02,413.727,736.788,0.267051E-02,56.1528,323.061,267.899,-3.81106,-5.98495,0.192154,7.09794,0.377805E-13,-0.640609E-14,7.09794,15.3488,309.536,237.512,1.55129,-9999,0.566144,3.30402,155.975,0.128867E-01,-1.93468,-0.142341,0,29.3101,-4.44792,10.0612,25.0538,38.2087,53.5882,80.2849,-0.382397,1.02025,-92.1290,1.04650,41.4239,1.28504,5.63020,1.30864,0.921767,1.28504,800000099,800000099,800000099,800000099,800000099,800000099,800000199,800000199,81100,81100,80,80,12,13,8,0,4,0,3.83212,2.41548,0.360436,0.107995,0.871212E-03,24.4440,-0.751248E-01,0.563020E-02,0.921767,15.9977,0.382778,249.000,56.2500,3.30226,96514.9,1.22099
CH-CHA_201201060200.csv,2012-01-06,04:00,6.166,0,36000,36000,-0.233889,2,0.234137E-01,-88.6245,0,5.61655,37.6190,0,2.23858,1.85389,0,0.334389,0.837066,0,0.498108E-01,-0.739564E-01,-0.415607,-0.450381E-02,-0.924773E-02,0.221422E-09,0.230163E-11,16.7087,396.570,398.211,0.350000,1,173.683,4.12225,4.13932,0.350000,1,285.427,275.746,96592.0,1.21846,1007.41,0.237344E-01,0.542419E-01,0.312976E-02,398.283,734.434,0.256862E-02,54.2300,336.151,267.399,-2.74966,-4.58441,0.159268,5.34815,0.554476E-12,0.132519E-13,5.34815,16.1722,306.218,239.045,1.70652,-9999,0.438126,3.90084,80.6538,0.249213E-01,-2.35584,-0.164792,0,27.3031,-4.14334,9.37226,23.3382,35.5923,49.9187,74.7873,-0.229932,1.01721,-83.5223,1.03914,31.8565,1.24018,4.68332,1.25910,0.708842,1.24018,800000099,800000099,800000099,800000099,800000099,800100099,800000199,800000199,81100,81100,80,81,16,15,14,1,1,1,5.53125,2.01189,0.258514,0.211632,0.110010E-02,21.6999,-0.680430E-01,0.468332E-02,0.708842,15.9981,0.404444,249.000,56.2500,3.25270,96593.0,1.22032
CH-CHA_201201060200.csv,2012-01-06,04:30,6.187,0,36000,36000,-0.273591E-01,2,0.471193E-02,-50.6265,0,6.18424,7.64150,1,1.55605,0.652794,0,0.468477,0.170022,1,0.346219E-01,-0.100374,0.185324,0.382721E-01,0.412343E-02,-0.389165E-09,-0.410963E-11,16.7573,397.245,398.918,0.400000,0,176.959,4.19496,4.21263,0.350000,1,286.563,275.685,96687.0,1.21990,1007.44,0.237058E-01,0.110174E-01,0.318880E-02,405.707,731.254,0.261399E-02,55.4809,325.548,267.641,-0.667609,-1.55545,0.229097E-01,1.69282,-0.106130E-12,-0.232236E-13,1.69282,7.32956,303.572,246.771,0.775433,-9999,0.149758,1.08943,5.64264,0.356216,-6.62521,-0.275070,0,-9999,-9999,-9999,-9999,-9999,-9999,-9999,-0.267248E-01,1.02373,-47.8950,1.04940,6.98194,1.26009,2.41103,1.28127,0.155347,1.26009,800000099,800000099,800000099,800000099,800100099,800100099,800100199,800110199,80000,80000,80,81,22,13,16,29,50,15,1.30951,0.778993,0.903543E-01,0.205223,0.210923E-02,13.4655,-0.389712E-01,0.241103E-02,0.155347,16.0000,0.274444,249.000,56.2500,3.07278,96688.3,1.21442
CH-CHA_201201060200.csv,2012-01-06,05:00,6.208,0,36000,36000,-0.287579E-01,1,0.230011E-02,-19.6671,1,3.65313,9.82241,1,3.21664,1.32296,1,0.509531,0.218400,1,0.715217E-01,-1.16836,1.00660,0.172111,0.223815E-01,0.118107E-09,0.135391E-11,16.9328,400.271,402.116,0.300000,0,194.108,4.58848,4.60964,0.300000,0,286.403,274.977,96712.0,1.22317,1007.65,0.236388E-01,0.141523E-01,0.349782E-02,443.880,695.228,0.285963E-02,63.8467,251.348,268.829,1.40503,-0.376855E-01,0.462590E-01,1.40629,0.194881E-13,0.697504E-14,1.40629,4.35179,191.246,358.464,1.88505,-9999,0.153333,0.708698,15.5942,0.128894,-2.00227,-0.104065,0,-9999,-9999,-9999,-9999,-9999,-9999,-9999,-0.283456E-01,1.01455,-18.5703,1.03038,9.22502,1.11478,1.97149,1.12510,0.205117,1.11478,800000099,800000099,800000099,800000099,800000099,800100099,800010199,800010199,81100,81100,80,81,5,0,5,3,2,2,0.648297,0.737287,0.318123E-01,0.165583,0.481085E-02,73.6729,-0.150667E-01,0.197149E-02,0.205117,15.9957,0.331111,249.000,56.2500,2.93493,96711.5,1.20743
CH-CHA_201201060200.csv,2012-01-06,05:30,6.229,0,36000,36000,-0.162737,1,0.258966E-01,-10.2332,1,8.92831,1.92094,2,3.78369,3.03719,1,2.06958,0.427096E-01,2,0.841253E-01,-0.957892E-01,0.104038,0.194971E-01,0.231315E-02,0.734211E-11,0.848390E-13,16.9606,400.613,402.476,0.300000,0,195.982,4.62912,4.65065,0.350000,1,286.673,274.919,96768.0,1.22412,1007.67,0.236202E-01,0.276758E-02,0.353159E-02,448.071,692.348,0.288501E-02,64.7176,244.277,268.954,0.357412,-0.223553,0.393664E-01,0.423401,-0.244622E-12,0.432892E-15,0.423401,6.67769,182.164,327.975,5.33487,-9999,0.364612,1.97319,403.143,0.498583E-02,-5.32716,-0.227529E-01,0,40.3344,-6.12091,13.8455,34.4773,52.5800,73.7442,110.482,-0.160475,1.01410,-9.90985,1.02112,2.13838,1.01855,3.46275,1.01996,0.475440E-01,1.01855,800000099,800000099,800000099,800000099,800100099,800100199,800110199,801110199,81100,81100,80,81,3,16,8,0,8,0,1.35944,2.51924,0.677046E-01,0.324810,0.189781E-01,41.1394,-0.803384E-02,0.346275E-02,0.475440E-01,16.0000,0.387778,249.000,56.2500,3.31920,96768.3,1.20921
CH-CHA_201201060200.csv,2012-01-06,06:00,6.249,0,36000,36000,-0.331791E-01,2,0.747164E-02,-34.9815,0,3.79691,17.6531,0,2.05864,0.978579,0,0.369400,0.392776,0,0.458041E-01,1.25364,-0.671053,-0.135476,-0.149307E-01,-0.112574E-09,-0.123426E-11,16.8174,398.227,399.974,0.400000,0,184.386,4.36615,4.38530,0.400000,0,287.689,275.680,96793.0,1.22118,1007.54,0.236794E-01,0.254519E-01,0.332263E-02,422.726,730.994,0.272084E-02,57.8289,308.268,268.183,-0.163584,-1.75503,-0.133278E-02,1.76264,-0.111388E-12,-0.669390E-14,1.76264,7.47278,281.981,264.675,-0.433229E-01,-9999,0.164832,0.905949,10.8977,0.184443,-1.98161,-0.172486,0,-9999,-9999,-9999,-9999,-9999,-9999,-9999,-0.326189E-01,1.01717,-32.8753,1.03623,15.6668,1.17641,2.14567,1.19149,0.348582,1.17641,800000099,800000099,800000099,800000099,800000099,801101099,800100199,800100199,81100,81100,80,81,3,26,1,5,20,0,1.14355,0.604530,0.638179E-01,0.100926,0.169323E-02,18.8284,-0.267194E-01,0.214567E-02,0.348582,16.0000,0.296667,249.000,56.2500,3.81140,96792.5,1.22109
CH-CHA_201201060200.csv,2012-01-06,06:30,6.270,0,36000,36000,-0.361694E-01,2,0.966820E-02,-17.5450,0,2.39766,7.95684,1,15.2757,1.90844,1,3.25533,0.176975,1,0.339759,-0.614095,-1.86557,0.348911,-0.414938E-01,-0.643264E-11,-0.578574E-13,17.1141,404.359,405.835,0.350000,1,153.930,3.63694,3.65022,0.400000,0,287.632,275.308,96876.0,1.22421,1007.15,0.236272E-01,0.114680E-01,0.277382E-02,352.427,711.871,0.226580E-02,49.5071,359.444,265.805,-0.956751,-1.40574,0.420606E-01,1.70096,0.335588E-12,-0.375868E-15,1.70096,6.97102,313.870,235.761,1.41693,-9999,0.171887,0.982277,24.6509,0.815386E-01,-2.20501,-0.827867E-01,0,-9999,-9999,-9999,-9999,-9999,-9999,-9999,-0.357063E-01,1.01297,-16.6549,1.02745,7.44033,1.11361,2.42763,1.12103,0.165487,1.11361,800000099,800000099,800000099,800000099,800000099,801100199,800100199,800100199,81100,81100,80,81,16,15,9,4,79,8,1.51664,0.383996,0.639154E-01,0.686561E-01,0.133644,2106.14,-0.135081E-01,0.242763E-02,0.165487,16.0000,0.263333,249.425,58.9069,3.89802,96877.2,1.21153
CH-CHA_201201060200.csv,2012-01-06,07:00,6.291,0,36000,36000,-0.852157E-01,1,0.140446E-01,-7.18636,1,3.02843,-92.5543,2,34.4847,26.0854,1,10.7035,-2.05804,2,0.766805,-0.451247,-0.825732,0.509950,-0.183611E-01,0.308697E-09,0.247572E-11,17.5164,413.309,414.683,0.450000,0,140.480,3.31470,3.32572,0.350000,1,287.494,275.035,96910.0,1.22601,1006.97,0.235955E-01,-0.133361,0.253145E-02,321.313,698.119,0.206479E-02,46.0256,376.806,264.615,-0.297888,-0.480329,0.263083E-02,0.565208,0.565859E-13,0.176233E-13,0.565208,4.68609,302.131,238.194,0.266692,-9999,0.263641,1.17400,217.207,0.925384E-02,0.776448E-01,-0.220794E-01,0,30.9829,-4.70178,10.6354,26.4837,40.3893,56.6466,84.8670,-0.841528E-01,1.01263,-12.3599,1.02122,-89.7542,1.02629,26.5743,1.02757,-1.99578,1.02629,800000099,800000099,800000099,800000099,800000099,800110099,800110199,800110199,80000,80000,80,81,0,1,7,28,3,3,1.04559,1.23385,0.685481E-01,0.678030E-01,0.472978,2330.17,-0.100117E-01,0.265743E-01,-1.99578,15.9953,0.245000,249.304,58.1494,3.36698,96909.5,1.20638
CH-CHA_201201060200.csv,2012-01-06,07:30,6.312,0,36000,36000,-0.101856,1,0.163775E-01,-12.7471,1,3.41093,1.30585,1,1.21526,2.70467,1,0.862081,0.290248E-01,1,0.270113E-01,-0.737309,3.04213,-0.832078,0.676164E-01,0.436099E-09,0.492032E-11,16.9362,398.738,400.540,0.350000,1,191.084,4.49877,4.51910,0.350000,1,287.447,274.590,96967.0,1.22817,1007.60,0.235435E-01,0.188081E-02,0.344333E-02,436.350,676.208,0.280363E-02,64.5289,239.858,268.602,0.328715,-0.448157,0.870903E-02,0.555854,-0.397641E-12,0.257495E-13,0.555854,5.51719,215.396,306.259,0.897737,-9999,0.287982,1.36217,159.694,0.125866E-01,-9.76153,-0.357685E-01,0,39.0721,-5.92935,13.4122,33.3983,50.9345,71.4363,107.025,-0.100585,1.01263,-12.4095,1.02096,1.58394,1.02433,3.24301,1.02634,0.352057E-01,1.02433,800000099,800000099,800000099,800000099,800100099,800101099,810110199,811110199,81100,81100,80,81,6,0,5,27,59,8,1.55683,1.12169,0.457969E-01,0.994595E-01,0.769818E-02,44.5344,-0.100279E-01,0.324301E-02,0.352057E-01,16.0000,0.246667,249.000,56.2500,3.64701,96966.5,1.21106
CH-CHA_201201060200.csv,2012-01-06,08:00,6.333,0,36000,36000,-0.646208E-01,1,0.109629E-01,-16.1934,1,2.67805,9.35555,1,1.72502,1.64116,1,0.647871,0.208070,1,0.383649E-01,1.05995,-0.858781E-01,0.921344E-01,-0.190995E-02,-0.764010E-10,-0.852120E-12,16.9711,400.354,402.150,0.350000,1,189.283,4.46526,4.48529,0.350000,1,287.664,275.231,97000.0,1.22574,1007.59,0.235904E-01,0.134829E-01,0.341088E-02,433.247,707.968,0.278271E-02,61.1958,274.721,268.508,0.771942,-0.651526,0.956625E-02,1.01018,0.404415E-12,-0.450183E-14,1.01018,6.23584,224.379,319.835,0.542588,-9999,0.229608,1.00198,63.7278,0.315404E-01,-1.73089,-0.571047E-01,0,31.9270,-4.84504,10.9595,27.2907,41.6200,58.3727,87.4529,-0.639064E-01,1.01118,-15.3205,1.02180,9.27020,1.04844,2.24794,1.05266,0.206171,1.04844,800000099,800000099,800000099,800000099,800100099,800100199,800110199,800110199,80000,80000,80,81,2,8,2,4,8,0,0.842627,1.11305,0.483032E-01,0.554518E-01,0.456949E-02,16.3702,-0.124048E-01,0.224794E-02,0.206171,15.9969,0.308889,249.000,56.2500,3.92914,97001.2,1.21500
CH-CHA_201201060800.csv,2012-01-06,08:30,6.354,0,36000,36000,-0.226947E-01,0,0.265541E-02,-13.4917,0,0.932782,7.89438,0,0.855256,0.773869,0,0.285962,0.175563,0,0.190200E-01,-0.102589,0.322990,0.349675E-01,0.718294E-02,0.512813E-10,0.587188E-12,17.0077,400.967,402.817,0.400000,0,194.744,4.59122,4.61239,0.400000,0,287.775,275.169,97039.0,1.22645,1007.66,0.235756E-01,0.113765E-01,0.350929E-02,445.647,704.839,0.286134E-02,63.2267,259.193,268.882,1.29755,-1.58054,-0.371444E-01,2.04527,0.136091E-13,0.301518E-14,2.04527,3.99792,237.586,309.384,-1.04062,-9999,0.136030,0.322611,15.9105,0.126332,-1.70902,-0.802543E-01,0,-9999,-9999,-9999,-9999,-9999,-9999,-9999,-0.223525E-01,1.01531,-12.6655,1.03268,7.04755,1.16431,1.16888,1.17910,0.156730,1.16431,800000099,800000099,800000099,800000099,800000099,800000099,800000199,800010199,81100,81100,80,80,7,4,3,4,28,5,0.266651,0.326092,0.524786E-01,0.219695E-01,0.245969E-02,12.9496,-0.102485E-01,0.116888E-02,0.156730,16.0000,0.227778,249.000,56.2500,4.05056,97069.9,1.21510
CH-CHA_201201060800.csv,2012-01-06,09:00,6.374,0,36000,36000,-0.576459E-01,1,0.101573E-01,-19.5525,1,2.90136,5.07643,1,1.04115,0.509304,1,0.424662,0.112865,1,0.231479E-01,-0.457416,-0.273719,0.177722E-01,-0.608562E-02,0.214557E-09,0.239789E-11,17.0485,401.279,403.086,0.300000,0,190.534,4.48468,4.50488,0.300000,0,287.862,274.893,97099.0,1.22849,1007.59,0.235374E-01,0.731365E-02,0.343342E-02,435.574,691.060,0.279483E-02,63.0299,255.486,268.579,1.34204,-0.305187,0.388954E-01,1.37685,0.183114E-13,0.125851E-13,1.37685,4.75993,196.413,347.188,1.61880,-9999,0.216620,0.770292,44.3526,0.453186E-01,-3.85163,-0.729200E-01,0,35.2924,-5.35575,12.1147,30.1674,46.0072,64.5257,96.6712,-0.569961E-01,1.01140,-18.8241,1.02349,5.17083,1.07257,1.33789,1.07905,0.114964,1.07257,800000099,800000099,800000099,800000099,800000099,800101099,800100199,810100199,80000,80000,80,81,0,1,7,3,20,16,0.969268,0.537858,0.334579E-01,0.110639,0.323540E-02,9.04343,-0.152074E-01,0.133789E-02,0.114964,16.0000,0.344444,249.000,56.2500,3.26420,97102.6,1.20395
CH-CHA_201201060800.csv,2012-01-06,09:30,6.395,1,36000,36000,-0.875011E-02,1,0.760847E-03,-7.39754,0,1.58313,3.92909,0,0.877011,0.268652,1,0.548275,0.873517E-01,0,0.194978E-01,-0.812868E-01,0.162623E-01,0.609141E-01,0.361544E-03,-0.373612E-11,-0.417030E-13,17.1104,402.344,404.159,0.350000,1,190.988,4.49100,4.51126,0.500000,0,287.775,274.844,97176.0,1.22968,1007.60,0.235146E-01,0.566039E-02,0.344160E-02,436.534,688.639,0.279878E-02,63.3909,252.104,268.608,0.845627,-0.546810,-0.388708E-02,1.00703,0.592410E-14,-0.218354E-15,1.00703,3.70904,220.073,327.112,-0.221160,-9999,0.843549E-01,0.160125,6.92650,0.290190,-1.88276,-0.707781E-01,0,-9999,-9999,-9999,-9999,-9999,-9999,-9999,-0.857831E-02,1.02003,-6.90056,1.04118,3.61673,1.13308,0.528534,1.14504,0.804075E-01,1.13308,800000099,800000099,800000099,800000099,800100099,800100099,800110199,811110199,80000,80000,80,81,10,1,6,5,4,2,0.197063,0.108171,0.150170E-01,0.562586E-01,0.929489E-02,12.6557,-0.556935E-02,0.528534E-03,0.804075E-01,16.0000,0.157778,249.000,56.2500,3.22409,97177.8,1.20814
CH-CHA_201201060800.csv,2012-01-06,10:00,6.416,1,36000,36000,-0.284391E-01,0,0.415094E-02,-7.65935,0,2.10831,3.45658,0,1.36619,-2.10619,1,0.768010,0.768767E-01,0,0.303850E-01,0.681115,-0.178749,-0.229219,-0.397550E-02,0.630854E-10,0.700238E-12,16.9224,398.331,400.100,0.450000,0,187.836,4.42140,4.44103,0.450000,0,287.860,275.255,97222.0,1.22846,1007.56,0.235386E-01,0.498161E-02,0.338480E-02,429.972,709.182,0.275533E-02,60.6293,279.210,268.407,0.340519,-1.15557,0.135278E-01,1.20477,-0.141056E-12,0.372792E-14,1.20477,3.38923,262.271,286.419,0.643361,-9999,0.152152,0.514891,39.2698,0.511843E-01,-2.21588,-0.406706E-01,0,-9999,-9999,-9999,-9999,-9999,-9999,-9999,-0.281117E-01,1.01165,-7.29088,1.02363,3.40592,1.06613,-1.63852,1.07193,0.757503E-01,1.06613,800000099,800000099,800000099,800000099,800000099,800100199,800110199,800110199,81100,81100,80,81,5,7,8,0,11,2,0.206347,0.793432,0.300041E-01,0.599917E-01,0.103152E-01,34.1156,-0.589041E-02,-0.163852E-02,0.757503E-01,16.0000,0.241111,249.000,56.2500,3.97852,97222.9,1.21546
CH-CHA_201201060800.csv,2012-01-06,10:30,6.437,1,36000,36000,-0.225918E-01,0,0.294211E-02,-6.98924,0,0.857921,10.0752,0,1.20968,-1.37266,2,0.356773,0.224169,0,0.269148E-01,0.690347,0.243966,-0.146206E-01,0.542815E-02,0.543234E-10,0.616350E-12,16.8938,398.075,399.881,0.400000,0,191.676,4.51653,4.53702,0.400000,0,287.893,275.672,97267.0,1.22712,1007.63,0.235634E-01,0.145261E-01,0.345400E-02,439.427,730.578,0.281472E-02,60.1479,291.151,268.696,0.899967,-0.865069,0.187950E-01,1.24845,0.417070E-12,0.321558E-14,1.24845,3.50672,230.918,316.133,0.862599,-9999,0.135684,0.476328,30.5301,0.658367E-01,-0.693707,-0.416594E-01,0,-9999,-9999,-9999,-9999,-9999,-9999,-9999,-0.223234E-01,1.01202,-6.26642,1.02460,9.50859,1.07338,-1.03307,1.07980,0.211562,1.07338,800000099,800000099,800000099,800000099,800000099,800100099,800110199,811110199,80000,80000,80,81,1,0,3,5,11,0,0.198878,0.726952,0.268262E-01,0.151827E-01,0.100252E-01,22.0164,-0.506796E-02,-0.103307E-02,0.211562,15.9977,0.262222,249.000,56.2500,4.64476,97266.6,1.22336
CH-CHA_201201060800.csv,2012-01-06,11:00,6.458,1,36000,36000,-0.148626E-01,1,0.283963E-02,-6.57403,0,0.875613,10.1303,0,1.07451,-1.18475,0,0.173906,0.225416,0,0.239094E-01,0.158913,0.592117E-01,0.774098E-01,0.131755E-02,-0.113261E-09,-0.128724E-11,16.9497,399.431,401.253,0.300000,0,192.637,4.53963,4.56033,0.300000,0,287.961,275.768,97291.0,1.22699,1007.64,0.235657E-01,0.146069E-01,0.347131E-02,441.783,735.584,0.282913E-02,60.0589,293.801,268.767,1.64787,0.110217,0.513133E-01,1.65235,0.359085E-13,-0.668221E-14,1.65235,4.03837,182.646,3.82650,1.77959,-9999,0.110060,0.298964,17.3260,0.116010,-0.648946,-0.483124E-01,0,-9999,-9999,-9999,-9999,-9999,-9999,-9999,-0.146571E-01,1.01402,-5.85220,1.02961,9.12117,1.12390,-0.835380,1.13479,0.202961,1.12390,800000099,800000099,800000099,800000099,800010099,800110099,800110199,800110199,81100,81100,80,81,15,2,7,2,35,4,0.348356,0.222036,0.275344E-01,0.161610E-01,0.872836E-03,18.3664,-0.473341E-02,-0.835380E-03,0.202961,15.9957,0.330000,249.000,56.2500,4.90350,97292.1,1.22606
CH-CHA_201201060800.csv,2012-01-06,11:30,6.479,1,36000,36000,-0.502963E-01,1,0.996272E-02,2.68875,2,2.63873,5.59235,1,1.34085,-2.77731,1,0.801257,0.124465,1,0.298422E-01,0.367228,0.356007E-01,-0.384370E-01,0.792339E-03,0.185519E-09,0.211850E-11,16.9090,398.757,400.581,0.450000,0,193.089,4.55353,4.57435,0.350000,1,288.134,275.990,97300.0,1.22611,1007.65,0.235825E-01,0.806534E-02,0.347946E-02,443.177,747.276,0.283781E-02,59.3056,304.100,268.808,0.608922,-0.456423,0.386317E-01,0.761971,0.216868E-12,0.109716E-13,0.761971,6.26043,221.474,323.146,2.90612,-9999,0.202536,0.807256,-264.020,-0.761305E-02,0.480790,0.107450E-01,0,33.8368,-5.13487,11.6151,28.9232,44.1097,61.8645,92.6844,-0.495673E-01,1.01471,2.95476,1.02110,5.34295,1.02911,-2.87083,1.03116,0.118914,1.02911,800000099,800000099,800000099,800000099,800000099,810111099,800110199,810110199,81100,81100,80,81,12,3,7,0,32,11,0.628259,0.953863,0.323903E-01,0.349537E-01,0.721305E-02,28.2546,0.239157E-02,-0.287083E-02,0.118914,15.9953,0.284444,249.000,56.2500,5.26224,97300.1,1.23101
CH-CHA_201201060800.csv,2012-01-06,12:00,6.499,1,36000,36000,-0.420582E-01,1,0.571537E-02,-14.6630,0,1.37347,28.6220,0,2.10358,-2.35768,0,0.247463,0.637539,0,0.468562E-01,1.41896,-0.598350,-0.118782,-0.133279E-01,0.123849E-10,0.134854E-12,16.7778,396.668,398.389,0.400000,0,182.686,4.31915,4.33789,0.350000,1,288.960,276.850,97356.0,1.22311,1007.54,0.236424E-01,0.413125E-01,0.329201E-02,420.608,794.139,0.269151E-02,52.9641,373.531,268.116,-0.754465,-2.38777,0.375354E-01,2.50441,0.108824E-13,0.738171E-15,2.50441,6.13118,294.573,252.465,0.858765,-9999,0.185435,0.746342,37.1706,0.540750E-01,-0.512298,-0.641659E-01,0,-9999,-9999,-9999,-9999,-9999,-9999,-9999,-0.415319E-01,1.01267,-12.7721,1.02769,25.3921,1.13621,-1.64808,1.14651,0.565596,1.13621,800000099,800000099,800000099,800000099,800000099,800101099,800010199,800110199,81100,81100,80,81,26,7,12,2,14,1,0.756206,0.660641,0.758369E-01,0.238622E-01,0.160891E-02,41.8504,-0.103642E-01,-0.164808E-02,0.565596,15.9973,3.99667,249.000,56.2500,5.98713,97355.7,1.24494
CH-CHA_201201060800.csv,2012-01-06,12:30,6.520,1,36000,36000,-0.573926E-01,1,0.772294E-02,-16.6948,0,1.13801,30.6380,0,2.36382,-2.31755,0,0.182682,0.682382,0,0.526480E-01,-0.163464,0.778940E-01,0.412544E-01,0.173488E-02,0.899522E-10,0.984567E-12,16.8207,397.393,399.129,0.350000,1,184.110,4.34964,4.36864,0.350000,1,288.843,276.751,97392.0,1.22399,1007.55,0.236252E-01,0.442184E-01,0.331766E-02,423.733,788.615,0.271053E-02,53.7314,364.881,268.214,0.265720,-2.65687,0.108513E-01,2.67014,0.241050E-13,0.534771E-14,2.67014,6.44129,270.966,275.711,0.232846,-9999,0.216541,1.01084,51.9996,0.386542E-01,-0.544905,-0.625169E-01,0,23.6160,-3.58382,8.10660,20.1866,30.7858,43.1775,64.6878,-0.566978E-01,1.01225,-14.6487,1.02698,27.3248,1.13117,-1.54729,1.14134,0.608589,1.13117,800000099,800000099,800000099,800000099,800000099,800000099,800010199,800110199,80100,80100,80,80,10,1,6,1,32,0,0.959855,0.970623,0.912010E-01,0.157314E-01,0.503805E-03,32.9871,-0.118783E-01,-0.154729E-02,0.608589,15.9981,10.5567,249.000,56.2500,5.81026,97393.8,1.24265
CH-CHA_201201060800.csv,2012-01-06,13:00,6.541,1,36000,36000,-0.809932E-01,1,0.106691E-01,-17.4314,0,1.37227,23.7135,0,4.08072,-1.25323,2,0.989836,0.528138,0,0.908842E-01,-0.611051E-01,-0.224710,0.104275,-0.500466E-02,-0.105371E-10,-0.112483E-12,16.9019,399.225,400.934,0.450000,0,180.427,4.26171,4.27995,0.400000,0,288.843,276.714,97400.0,1.22429,1007.51,0.236201E-01,0.342234E-01,0.325130E-02,415.202,786.559,0.265565E-02,52.7871,371.357,267.946,0.826961,-2.33266,0.531653E-02,2.47491,-0.210605E-12,-0.623428E-15,2.47491,6.85882,255.530,289.520,0.123081,-9999,0.257206,1.25642,83.4631,0.240825E-01,-0.735083,-0.549439E-01,0,25.5104,-3.87130,8.75689,21.8059,33.2554,46.6411,69.8769,-0.800868E-01,1.01132,-15.7409,1.02484,21.6456,1.10998,-0.537388,1.11823,0.482082,1.10998,800000099,800000099,800000099,800000099,800000099,800000099,800010199,800010199,80000,80000,80,81,29,42,4,13,56,11,1.10877,1.29789,0.106196,0.166294E-01,0.145453E-01,93.7810,-0.127614E-01,-0.537388E-03,0.482082,16.0000,8.93944,249.047,56.5439,5.62101,97400.2,1.23828
CH-CHA_201201060800.csv,2012-01-06,13:30,6.562,1,36000,36000,-0.471277E-01,1,0.649253E-02,-12.0660,0,1.03704,19.2979,0,1.60311,-1.20383,0,0.121960,0.429808,0,0.357048E-01,0.445940E-01,0.455337,-0.839238E-01,0.101414E-01,-0.470226E-10,-0.524887E-12,16.8404,397.751,399.525,0.450000,0,187.980,4.43987,4.45967,0.400000,0,288.855,276.741,97415.0,1.22428,1007.60,0.236188E-01,0.278515E-01,0.338741E-02,432.626,788.059,0.276686E-02,54.8977,355.433,268.489,0.932265,-2.04689,0.478639E-02,2.24920,0.483458E-13,-0.279225E-14,2.24920,6.72669,250.150,294.487,0.121928,-9999,0.196200,1.10963,53.5268,0.375513E-01,-0.625250,-0.498539E-01,0,-9999,-9999,-9999,-9999,-9999,-9999,-9999,-0.465871E-01,1.01160,-10.7373,1.02521,17.5786,1.10990,-0.696879,1.11870,0.391515,1.10990,800000099,800000099,800000099,800000099,800000099,801001099,800010199,800110199,81100,81100,80,81,8,14,7,0,30,1,0.681667,1.45039,0.871962E-01,0.217108E-01,0.453588E-03,24.5219,-0.870420E-02,-0.696879E-03,0.391515,15.9973,0.362222,249.000,56.2500,5.69489,97415.5,1.24202
CH-CHA_201201060800.csv,2012-01-06,14:00,6.583,1,36000,36000,-0.776828E-01,1,0.982671E-02,-9.66637,0,0.725130,28.0590,0,1.70274,-3.35709,0,0.338637,0.625041,0,0.379302E-01,0.292189,0.142096E-01,-0.499019E-01,0.316531E-03,0.330472E-10,0.370167E-12,16.7946,396.874,398.646,0.400000,0,188.119,4.44543,4.46528,0.400000,0,288.901,276.918,97427.0,1.22364,1007.61,0.236310E-01,0.405026E-01,0.338990E-02,433.222,797.952,0.277033E-02,54.2917,364.731,268.507,0.622832,-3.25462,0.263732E-01,3.31379,-0.105802E-12,0.196773E-14,3.31379,8.27456,262.625,280.834,0.456001,-9999,0.251962,1.68028,141.521,0.142028E-01,-0.344502,-0.311160E-01,0,23.2859,-3.53373,7.99330,19.9044,30.3555,42.5741,63.7837,-0.767572E-01,1.01206,-7.94018,1.02718,24.8618,1.13320,-2.73650,1.14369,0.553820,1.13320,800000099,800000099,800000099,800000099,800000099,800000099,800010199,800110199,80000,80000,80,81,12,9,4,0,25,2,1.84156,1.39108,0.127925,0.111425E-01,0.216101E-02,29.7370,-0.643998E-02,-0.273650E-02,0.553820,15.9981,0.411111,249.000,56.2500,5.98821,97426.9,1.24574
CH-CHA_201201061400.csv,2012-01-06,14:30,6.604,1,36000,36000,-0.288223E-01,2,0.776236E-02,-7.40308,1,1.33389,18.6895,1,3.18570,-2.65599,1,0.809555,0.416389,1,0.709755E-01,0.268932,0.682941E-01,0.778351E-01,0.152155E-02,0.415785E-10,0.466921E-12,16.8433,398.243,400.032,0.400000,0,189.148,4.47219,4.49228,0.400000,0,288.968,277.081,97431.0,1.22296,1007.62,0.236439E-01,0.269820E-01,0.340844E-02,435.847,807.161,0.278704E-02,53.9976,371.313,268.587,-0.299710,-1.26537,0.179954E-01,1.30050,-0.823218E-13,0.246855E-14,1.30050,7.21643,287.541,256.675,0.792844,-9999,0.153518,1.32900,41.7983,0.480880E-01,-0.396110,-0.391331E-01,0,-9999,-9999,-9999,-9999,-9999,-9999,-9999,-0.285008E-01,1.01128,-6.19593,1.02304,17.5989,1.06768,-2.28970,1.07292,0.392092,1.06768,800000099,800000099,800000099,800000099,800101099,800101099,800110199,800110199,81100,81100,80,80,4,16,9,15,27,36,0.937078,1.61359,0.107326,0.878074E-02,0.613371E-02,38.9718,-0.502801E-02,-0.228970E-02,0.392092,15.9953,0.352222,249.000,56.2500,6.33309,97490.4,1.24826
CH-CHA_201201061400.csv,2012-01-06,15:00,6.624,1,36000,36000,-0.107481,1,0.116480E-01,-9.90886,1,1.54948,16.1404,0,6.76310,3.03055,2,2.63471,0.359567,0,0.150664,-0.155317,-0.671001E-01,0.766745E-01,-0.149481E-02,0.107791E-09,0.119932E-11,16.9251,399.589,401.374,0.350000,1,188.314,4.44594,4.46580,0.350000,1,289.077,276.987,97541.0,1.22477,1007.61,0.236093E-01,0.232999E-01,0.339341E-02,433.778,801.839,0.277065E-02,54.0979,368.061,268.524,-0.765949E-01,-1.08555,0.182181E-01,1.08840,0.352515E-12,0.636870E-14,1.08840,7.14892,269.539,265.964,0.959080,-9999,0.296237,2.26232,224.565,0.895065E-02,-0.613916,-0.271042E-01,0,28.1447,-4.27107,9.66117,24.0577,36.6895,51.4575,77.0927,-0.106385,1.01030,-8.79502,1.01993,15.6390,1.04314,3.22756,1.04645,0.348395,1.04314,800000099,800001199,800000099,800000099,800000099,800101199,800110199,810110199,81100,81100,80,81,0,0,5,10,30,26,1.75261,2.66176,0.110296,0.155516E-01,0.229423E-01,141.182,-0.712674E-02,0.322756E-02,0.348395,15.9969,0.518889,249.000,56.2500,6.16520,97541.2,1.24582
CH-CHA_201201061400.csv,2012-01-06,15:30,6.645,1,36000,36000,0.685466E-01,1,0.222493E-01,-11.4364,0,1.70886,13.2577,0,1.75639,1.14047,1,0.455765,0.295317,0,0.391236E-01,-0.181967,0.440442,-0.586390E-01,0.981088E-02,0.326799E-09,0.378655E-11,16.9009,398.561,400.410,0.150000,0,195.827,4.61803,4.63946,0.350000,1,289.037,276.877,97614.0,1.22609,1007.70,0.235822E-01,0.191365E-01,0.352880E-02,450.905,795.651,0.287808E-02,56.6713,344.746,269.038,-1.05405,-1.44915,0.420863E-01,1.79244,-0.122049E-12,0.193362E-13,1.79244,7.80711,315.105,233.969,1.34542,-9999,0.236446,1.35237,98.9900,0.203051E-01,-0.862621,-0.391476E-01,0,26.4387,-4.01218,9.07555,22.5994,34.4655,48.3384,72.4197,0.678355E-01,1.01048,-10.4566,1.02220,12.5249,1.07709,1.46541,1.08349,0.278994,1.07709,800000099,800001099,800000099,800000099,800001099,800101099,800010099,800110199,80000,80000,80,81,11,9,16,9,75,14,1.35608,1.26650,0.821407E-01,0.227391E-01,0.106034E-02,18.2291,-0.846321E-02,0.146541E-02,0.278994,16.0000,0.428889,249.000,56.2500,5.83955,97612.9,1.24338
CH-CHA_201201061400.csv,2012-01-06,16:00,6.666,0,36000,36000,-0.116069,1,0.179225E-01,-13.1077,0,2.30054,34.5329,1,37.5806,-5.21695,2,11.5198,0.769046,1,0.836918,-0.397665,-3.48202,1.00985,-0.775444E-01,0.338060E-10,0.264800E-12,17.6833,416.241,417.603,0.500000,0,138.512,3.26038,3.27104,0.350000,1,288.819,276.637,97710.0,1.22900,1006.96,0.235386E-01,0.498342E-01,0.249598E-02,318.657,782.296,0.203091E-02,40.7335,463.639,264.509,-0.947730,-1.79952,0.457117E-01,2.03434,0.143514E-12,0.191175E-14,2.03434,8.11173,304.843,242.226,1.28754,-9999,0.307315,2.16435,189.723,0.105944E-01,-0.379572,-0.344652E-01,0,27.7288,-4.20796,9.51841,23.7022,36.1473,50.6972,75.9536,-0.114896,1.01021,-10.9340,1.02194,31.9811,1.08372,-4.47485,1.08609,0.712219,1.08372,800000099,800001099,800000099,800000199,800001099,800101099,800010199,800110199,80000,80000,80,81,1,0,6,9,9,4,2.20240,2.00307,0.123212,0.415679E-01,0.608163,3269.21,-0.883522E-02,-0.447485E-02,0.712219,15.9934,0.372222,249.554,59.7101,5.56914,97710.3,1.23598
CH-CHA_201201061400.csv,2012-01-06,16:30,6.687,0,36000,36000,-0.364669E-01,2,0.940518E-02,2.48826,2,8.04432,-9999,-9999,-9999,-21.8759,1,27.0496,-9999,-9999,-9999,-1.29649,-9999,6.55915,-9999,0.748948E-11,-9999,22.6269,530.659,530.659,0.100000,0,-9999,-9999,-9999,-9999,1,286.835,275.857,97792.0,1.23503,1005.20,0.234526E-01,-9999,-9999,-9999,-9999,-9999,-9999,-999900.,-9999,0.610322,-1.85002,0.731792E-02,1.94810,0.629001E-12,0.330999E-15,1.94810,8.70663,254.158,288.258,0.215228,-9999,0.171835,2.15975,-174.731,-0.115034E-01,-9999,0.116642E-01,0,-9999,-9999,-9999,-9999,-9999,-9999,-9999,-0.360810E-01,1.01070,2.43771,1.02074,-9999,-9999,-20.6528,1.06718,-9999,-9999,800000099,800000199,800000099,800001199,800001199,800101199,800010199,800110199,80100,80100,80,81,11,3,5,0,15,3,1.36273,2.82801,0.128751,0.531061,11.0281,-9999,0.196360E-02,-0.206528E-01,-9999,16.0000,0.256667,253.871,86.6955,4.52018,97794.9,1.21412
CH-CHA_201201061400.csv,2012-01-06,17:00,6.708,0,36000,36000,-0.629583E-01,2,0.271186E-01,-11.6763,0,3.60377,-9999,-9999,-9999,-44.6314,0,18.9546,-9999,-9999,-9999,-0.409414,-9999,-3.82873,-9999,0.310011E-09,-9999,19.8081,463.956,463.956,0.350000,1,-9999,-9999,-9999,-9999,1,285.385,275.611,97830.0,1.23661,1005.19,0.234226E-01,-9999,-9999,-9999,-9999,-9999,-9999,-999900.,-9999,1.23291,0.666256,0.542188E-01,1.40246,-0.590134E-13,0.156507E-13,1.40246,7.10313,157.094,28.3866,2.21559,-9999,0.225637,2.17196,84.3287,0.238353E-01,-9999,-0.416308E-01,0,23.3689,-3.54632,8.02179,19.9754,30.4637,42.7258,64.0110,-0.622981E-01,1.01060,-11.4282,1.02171,-9999,-9999,-41.1385,1.06850,-9999,-9999,800000099,800000199,800000099,800000199,800001099,800101099,800010199,801110199,81100,81100,80,81,0,2,5,0,5,20,2.75009,1.49201,0.101829,0.945218E-01,1.69856,-9999,-0.919382E-02,-0.411385E-01,-9999,16.0000,0.340000,250.633,66.4566,4.10112,97829.2,1.21297
CH-CHA_201201061400.csv,2012-01-06,17:30,6.729,0,36000,36000,0.566357E-01,2,0.174209E-01,-15.7096,0,3.74143,-9999,-9999,-9999,6.09429,1,18.5126,-9999,-9999,-9999,0.512339,-9999,2.74012,-9999,-0.666653E-10,-9999,21.8360,511.718,511.718,0.400000,0,-9999,-9999,-9999,-9999,1,285.720,275.919,97889.0,1.23598,1005.19,0.234346E-01,-9999,-9999,-9999,-9999,-9999,-9999,-999900.,-9999,-0.113177E-01,-1.04521,0.198033E-01,1.04546,-0.169263E-12,-0.305300E-14,1.04546,8.83973,268.065,269.380,1.08537,-9999,0.214062,1.81562,53.5419,0.375407E-01,-9999,-0.590695E-01,0,21.7704,-3.30374,7.47307,18.6090,28.3799,39.8032,59.6324,0.559994E-01,1.01136,-15.3652,1.02241,-9999,-9999,6.70955,1.05744,-9999,-9999,800000099,800001199,800000099,800000199,800000199,800100199,800010199,800110199,81100,81100,80,81,1,0,14,9,7,0,1.67583,1.84609,0.109328,0.689052E-01,1.30206,-9999,-0.123674E-01,0.670955E-02,-9999,15.9973,0.427778,252.176,76.0981,4.14976,97889.7,1.21737
CH-CHA_201201061400.csv,2012-01-06,18:00,6.749,0,36000,36000,-0.449522E-01,1,0.158760E-01,-12.0900,0,3.46481,-9999,-9999,-9999,-15.7150,2,14.0332,-9999,-9999,-9999,-0.219757,-9999,-0.145046,-9999,0.246698E-09,-9999,21.7464,509.192,509.192,0.350000,1,-9999,-9999,-9999,-9999,1,285.172,275.787,97924.0,1.23701,1005.20,0.234150E-01,-9999,-9999,-9999,-9999,-9999,-9999,-999900.,-9999,0.641139,0.681278,0.520725E-01,0.936969,-0.365323E-12,0.113443E-13,0.936969,5.56669,131.814,46.7385,3.18588,-9999,0.190629,1.41844,49.1464,0.408982E-01,-9999,-0.510051E-01,0,-9999,-9999,-9999,-9999,-9999,-9999,-9999,-0.444339E-01,1.01166,-11.8223,1.02265,-9999,-9999,-14.1960,1.05299,-9999,-9999,800000099,800000199,800000099,800001199,800001199,800101199,800110199,800110199,80100,80100,80,81,1,0,8,1,3,0,1.24885,1.52745,0.605613E-01,0.893233E-01,1.52182,-9999,-0.950771E-02,-0.141960E-01,-9999,15.9953,0.302222,252.791,79.9423,4.20670,97922.5,1.21579
CH-CHA_201201061400.csv,2012-01-06,18:30,6.770,0,36000,36000,-0.898010E-01,1,0.203801E-01,-19.7473,0,3.08356,59.0786,2,53.1511,-26.3530,2,36.9793,1.31492,2,1.18299,0.404541,-9999,-2.58711,-9999,0.139548E-09,0.701805E-12,19.8136,464.117,465.203,0.350000,1,99.6453,2.33411,2.33957,0.400000,0,285.592,276.030,97972.0,1.23543,1006.45,0.234242E-01,0.852068E-01,0.179561E-02,228.739,749.400,0.145342E-02,30.5229,520.662,260.342,0.436735,-0.290566,0.111571E-01,0.524681,0.203489E-12,0.704303E-14,0.524681,6.06466,227.717,326.364,1.21846,-9999,0.269606,1.87893,85.1808,0.235969E-01,-0.334255,-0.589070E-01,0,24.6595,-3.74218,8.46482,21.0786,32.1462,45.0855,67.5463,-0.886434E-01,1.01306,-15.9531,1.02165,57.6184,1.02742,-25.1547,1.02658,1.28242,1.02742,800000099,800000099,800000099,800000099,800000099,800000199,800010199,800010199,80000,80000,80,81,10,3,1,7,3,0,1.31270,2.31837,0.126791,0.338969E-01,3.51833,3763.14,-0.128302E-01,-0.251547E-01,1.28242,15.9977,0.373333,249.833,61.4578,4.09149,97971.8,1.22106
CH-CHA_201201061400.csv,2012-01-06,19:00,6.791,0,36000,36000,-0.248626,1,0.406443E-01,-0.470200,2,5.08867,10.8647,1,23.1498,-11.7915,1,6.97160,0.241832,1,0.515280,0.109896,3.47473,-2.82224,0.773423E-01,-0.251909E-09,-0.223511E-11,17.7139,414.944,416.477,0.350000,1,157.170,3.68167,3.69528,0.350000,1,285.605,276.096,97993.0,1.23477,1007.18,0.234248E-01,0.156707E-01,0.283221E-02,360.875,752.917,0.229370E-02,47.9302,392.042,266.112,-0.258839,0.348939E-01,0.463771E-01,0.265266,0.185034E-12,-0.142210E-13,0.265266,5.83789,2.33085,172.322,10.0689,-9999,0.448725,1.43698,16499.8,0.121820E-03,-0.432778E-01,-0.842572E-03,0,33.5853,-5.09669,11.5287,28.7082,43.7818,61.4046,91.9952,-0.241519,1.02943,0.166818,1.03051,10.5858,1.02348,-11.5896,1.02399,0.235623,1.02348,800000099,800000099,800000099,800000099,800000099,800100099,800010199,800110199,81100,81100,80,81,0,0,13,11,4,1,1.47122,1.24305,0.159668,0.381608E-01,0.759223E-01,524.547,0.134137E-03,-0.115896E-01,0.235623,16.0000,0.344444,249.256,57.8512,4.25979,97995.6,1.22499
CH-CHA_201201061400.csv,2012-01-06,19:30,6.812,0,36000,36000,-0.869165E-01,1,0.156059E-01,-29.9200,1,5.78304,39.9231,1,11.3742,-5.68077,1,2.50901,0.888655,1,0.253181,0.516227E-01,2.48368,-0.696119,0.552846E-01,-0.151027E-09,-0.174153E-11,17.1951,402.815,404.694,0.350000,1,198.281,4.64498,4.66665,0.350000,1,286.241,276.127,97998.0,1.23425,1007.70,0.234262E-01,0.575849E-01,0.357303E-02,455.320,754.574,0.289490E-02,60.3414,299.253,269.168,-0.309487,-0.674171,0.183746E-01,0.742042,-0.187607E-13,-0.878315E-14,0.742042,8.98914,321.757,245.342,1.41891,-9999,0.265369,1.54408,53.6398,0.374722E-01,-0.749441,-0.906524E-01,0,27.2951,-4.14213,9.36951,23.3314,35.5819,49.9041,74.7654,-0.858816E-01,1.01205,-27.0045,1.02225,39.0521,1.03743,-4.36353,1.04061,0.869268,1.03743,800000099,800000099,800000099,800000099,800100099,801101199,800110199,810110199,80100,80100,80,81,1,3,3,3,17,2,1.51856,1.47421,0.953920E-01,0.943485E-01,0.210407E-01,224.424,-0.217121E-01,-0.436353E-02,0.869268,15.9981,0.315556,249.045,56.5330,4.20725,97999.3,1.22443
CH-CHA_201201061400.csv,2012-01-06,20:00,6.833,0,36000,36000,-0.405127E-01,1,0.164967E-01,-16.8474,0,4.03671,4.34383,0,1.47368,0.931421,0,0.560176,0.966947E-01,0,0.328044E-01,0.849687E-01,0.562869,-0.120829,0.125296E-01,-0.128596E-09,-0.156070E-11,17.1129,400.710,402.668,0.250000,0,207.690,4.86320,4.88697,0.250000,0,286.719,276.178,98060.0,1.23470,1007.82,0.234157E-01,0.626582E-02,0.374257E-02,477.013,757.306,0.303116E-02,62.9882,280.293,269.789,0.581181,0.198551,0.216665E-01,0.614544,-0.608293E-13,-0.751457E-14,0.614544,5.61236,168.933,18.8619,2.02046,-9999,0.181140,0.905699,30.3127,0.663088E-01,-3.87847,-0.747435E-01,0,-9999,-9999,-9999,-9999,-9999,-9999,-9999,-0.399706E-01,1.01356,-16.1902,1.02495,4.60337,1.03839,1.66226,1.04171,0.102472,1.03839,800000099,800000099,800000099,800000099,800100099,800101099,800110199,800110199,81100,81100,80,81,4,0,9,39,64,50,1.17816,0.576454,0.567840E-01,0.755981E-01,0.249727E-02,8.25804,-0.130109E-01,0.166226E-02,0.102472,16.0000,0.223333,249.000,56.2500,4.39909,98061.3,1.22639
CH-CHA_201201062000.csv,2012-01-06,20:30,6.854,0,36000,36000,-0.551997E-01,1,0.791435E-02,-17.5797,0,2.73967,9.01575,0,1.22643,1.49732,0,0.347095,0.200691,0,0.273004E-01,-0.183159E-01,0.969724E-02,0.469627E-01,0.215861E-03,0.308991E-09,0.374531E-11,17.1378,401.529,403.492,0.250000,0,207.729,4.86696,4.89076,0.250000,0,287.300,276.167,97999.0,1.23398,1007.82,0.234293E-01,0.130048E-01,0.374328E-02,477.085,756.716,0.303351E-02,63.0468,279.631,269.791,1.77898,0.627068,0.689390E-01,1.88752,0.491250E-13,0.180298E-13,1.88752,7.37108,165.969,19.4169,2.09311,-9999,0.211502,0.732042,46.2226,0.434852E-01,-1.94988,-0.668351E-01,0,29.8307,-4.52693,10.2399,25.4989,38.8874,54.5401,81.7110,-0.545688E-01,1.01156,-16.6718,1.02469,8.61185,1.09727,2.07410,1.10599,0.191700,1.09727,800000099,800000099,800000099,800000099,800000099,800000099,800110199,800110199,80000,80000,80,81,15,10,3,7,8,3,0.824864,0.590669,0.485515E-01,0.670639E-01,0.201618E-02,11.7986,-0.134058E-01,0.207410E-02,0.191700,15.9961,0.402222,249.000,56.2500,4.77412,98100.4,1.22953
CH-CHA_201201062000.csv,2012-01-06,21:00,6.874,0,36000,36000,-0.551738E-01,1,0.119397E-01,-11.4105,0,1.98910,7.01158,0,0.993792,1.97303,0,0.513031,0.156081,0,0.221222E-01,0.300010E-01,-0.222705,0.414585E-01,-0.495751E-02,0.139985E-09,0.166369E-11,17.1858,402.250,404.183,0.300000,0,204.249,4.78065,4.80362,0.300000,0,287.763,276.185,98103.0,1.23525,1007.77,0.234060E-01,0.101140E-01,0.368056E-02,469.122,757.682,0.297962E-02,61.9155,288.560,269.566,1.38244,0.128665,0.521015E-01,1.38939,0.134699E-12,0.814541E-14,1.38939,5.67487,185.174,5.31725,2.14906,-9999,0.211344,0.783892,71.1064,0.282675E-01,-1.62738,-0.433708E-01,0,28.3548,-4.30294,9.73327,24.2372,36.9633,51.8415,77.6681,-0.545880E-01,1.01073,-10.7753,1.02199,6.84342,1.06417,2.31863,1.06986,0.152337,1.06417,800000099,800000099,800000099,800000099,800100099,801100099,800110199,800110199,80000,80000,80,81,2,13,12,17,27,26,0.915822,0.596880,0.550813E-01,0.395465E-01,0.288215E-02,6.42465,-0.865587E-02,0.231863E-02,0.152337,16.0000,0.244444,249.000,56.2500,4.80939,98100.4,1.23001
CH-CHA_201201062000.csv,2012-01-06,21:30,6.895,0,36000,36000,-0.296579E-01,1,0.254632E-02,-12.4312,1,1.79307,5.07895,1,0.794897,2.41058,1,0.560968,0.113029,1,0.176900E-01,-0.467159,0.299100E-01,0.124039,0.665631E-03,0.182771E-09,0.216584E-11,17.2956,404.408,406.355,0.350000,1,204.953,4.79223,4.81531,0.350000,1,287.865,275.905,98104.0,1.23651,1007.78,0.233821E-01,0.732429E-02,0.369326E-02,470.263,742.780,0.298684E-02,63.3112,272.517,269.599,1.20205,0.292692,0.633783E-01,1.23879,-0.224223E-12,0.105675E-13,1.23879,3.89751,169.288,13.6849,2.93262,-9999,0.154871,0.340778,25.6833,0.782611E-01,-2.44759,-0.644135E-01,0,-9999,-9999,-9999,-9999,-9999,-9999,-9999,-0.292881E-01,1.01262,-11.8391,1.02592,4.98892,1.07991,2.75075,1.08705,0.111026,1.07991,800000099,800000099,800000099,800000099,800000099,800100099,801100199,811110199,81100,81100,80,81,2,1,8,3,24,14,0.212724,0.445821,0.230126E-01,0.517831E-01,0.648995E-02,7.14413,-0.950074E-02,0.275075E-02,0.111026,15.9953,0.431111,249.000,56.2500,4.52487,98100.8,1.22538
CH-CHA_201201062000.csv,2012-01-06,22:00,6.916,0,36000,36000,0.113948E-01,0,0.480447E-02,-11.4299,1,3.24214,3.69951,1,1.64290,0.377653,0,0.882514,0.823111E-01,1,0.365533E-01,-0.417488,0.186155E-01,0.488913E-01,0.414181E-03,-0.331891E-09,-0.393055E-11,17.3479,405.257,407.211,0.350000,1,205.449,4.79943,4.82257,0.350000,1,288.055,275.655,98105.0,1.23764,1007.78,0.233606E-01,0.533376E-02,0.370220E-02,470.974,729.695,0.299134E-02,64.5440,258.721,269.619,0.201598,0.557163,0.210010E-01,0.592886,-0.112382E-12,-0.191315E-13,0.592886,2.07649,106.925,70.1084,2.02993,-9999,0.959527E-01,0.173541,6.64320,0.302565,-3.08958,-0.955050E-01,0,-9999,-9999,-9999,-9999,-9999,-9999,-9999,0.111596E-01,1.02108,-10.7658,1.04209,3.68745,1.08170,0.845741,1.08900,0.820428E-01,1.08170,800000099,800000099,800000099,800000099,800000099,800100099,811110199,811110199,81100,81100,80,81,3,6,3,4,5,0,0.157454,0.171391,0.182369E-01,0.910663E-01,0.108576E-01,17.3652,-0.863153E-02,0.845741E-03,0.820428E-01,16.0000,0.306667,249.000,56.2500,4.32666,98100.3,1.22206
CH-CHA_201201062000.csv,2012-01-06,22:30,6.937,0,36000,36000,-0.713613E-02,2,0.289835E-02,-18.8480,1,2.08475,4.62776,1,0.751128,1.54015,1,0.372372,0.103003,1,0.167184E-01,0.670313,-0.627478,-0.193612,-0.139662E-01,0.750681E-10,0.851084E-12,17.1784,401.888,403.728,0.400000,0,194.760,4.55640,4.57725,0.400000,0,288.628,276.057,98104.0,1.23594,1007.65,0.233949E-01,0.667462E-02,0.350957E-02,447.121,750.837,0.283960E-02,59.5496,303.716,268.926,0.770865,-1.28201,-0.150596E-01,1.49599,-0.223274E-12,0.436991E-14,1.49599,6.63447,234.821,301.018,-0.576784,-9999,0.759860E-01,1.13504,2.00063,1.00468,-4.07281,-0.199169,0,-9999,-9999,-9999,-9999,-9999,-9999,-9999,-0.683479E-02,1.04409,-17.1178,1.08928,3.53256,1.43985,1.65071,1.47846,0.786267E-01,1.43985,800000099,800000099,800000099,800000099,800000099,811100099,801110199,811110199,81100,81100,80,81,10,14,11,26,22,0,1.59931,0.642018,0.287394E-01,0.116972,0.499187E-02,8.64466,-0.137448E-01,0.165071E-02,0.786267E-01,16.0000,0.224444,249.000,56.2500,4.09885,98102.3,1.22485
CH-CHA_201201062000.csv,2012-01-06,23:00,6.958,0,36000,36000,-0.234537E-01,1,0.423195E-02,-33.8273,0,5.22407,7.39570,0,1.37325,1.92392,0,0.735674,0.164633,0,0.305695E-01,0.236647,-0.125437,-0.407909E-01,-0.279231E-02,-0.387693E-10,-0.435627E-12,17.1387,401.178,402.994,0.400000,0,192.577,4.50778,4.52819,0.350000,1,288.786,276.199,98101.0,1.23529,1007.63,0.234077E-01,0.106682E-01,0.347024E-02,442.337,758.434,0.280925E-02,58.3224,316.097,268.783,0.903657,-1.71610,0.643194E-02,1.93950,0.178533E-12,-0.226209E-14,1.93950,6.09221,248.991,297.770,0.190010,-9999,0.137792,1.20423,6.64690,0.302397,-4.57391,-0.197232,0,-9999,-9999,-9999,-9999,-9999,-9999,-9999,-0.229403E-01,1.02238,-31.9729,1.04685,6.48735,1.26609,2.74953,1.28903,0.144413,1.26609,800000099,800000099,800000099,800000099,800000099,800100099,800100199,800100199,81100,81100,80,81,22,34,16,13,16,7,0.618494,1.72631,0.636583E-01,0.246217,0.689612E-02,12.6373,-0.256870E-01,0.274953E-02,0.144413,15.9961,0.273333,249.000,56.2500,4.03612,98099.9,1.22772
CH-CHA_201201062000.csv,2012-01-06,23:30,6.979,0,36000,36000,-0.470037E-01,1,0.853625E-02,-41.3920,0,3.28451,14.8123,0,1.24919,2.50147,0,0.392576,0.329842,0,0.278171E-01,0.579256,-0.285721,-0.678703E-01,-0.636245E-02,0.138941E-09,0.152729E-11,17.0679,399.995,401.761,0.350000,1,187.616,4.39688,4.41629,0.350000,1,289.021,276.547,98108.0,1.23387,1007.58,0.234355E-01,0.213738E-01,0.338084E-02,431.484,777.340,0.274002E-02,55.5078,345.855,268.454,1.36751,-2.38667,0.284167E-03,2.75069,-0.276706E-12,0.814049E-14,2.75069,7.44755,245.216,299.812,0.591909E-02,-9999,0.195178,1.45375,15.4387,0.130192,-2.79443,-0.170584,0,-9999,-9999,-9999,-9999,-9999,-9999,-9999,-0.462100E-01,1.01718,-39.2042,1.03701,12.8405,1.22748,3.55078,1.24602,0.285933,1.22748,800000099,800000099,800000099,800000099,800000099,800001099,800000199,800000199,80100,80100,80,81,0,0,10,9,19,16,1.31678,1.50848,0.822382E-01,0.110133,0.202697E-02,11.0256,-0.315345E-01,0.355078E-02,0.285933,16.0000,0.254444,249.000,56.2500,4.45018,98104.5,1.23504
CH-CHA_201201062000.csv,2012-01-07,00:00,7.000,0,36000,36000,-0.339031E-01,1,0.879161E-02,-18.5546,0,3.65235,5.01585,0,1.17834,0.722223,0,0.407284,0.111707,0,0.262427E-01,0.221271,-0.100704,0.116090E-01,-0.224276E-02,0.249154E-09,0.271304E-11,17.0680,400.197,401.949,0.350000,1,185.854,4.35776,4.37684,0.350000,1,289.248,276.680,98106.0,1.23327,1007.56,0.234473E-01,0.723863E-02,0.334908E-02,427.637,784.674,0.271561E-02,54.4987,357.037,268.335,0.112398,-1.04306,-0.463056E-02,1.04911,0.100536E-12,0.145977E-13,1.04911,5.66203,266.248,276.150,-0.252892,-9999,0.165802,1.24741,21.1127,0.952035E-01,-3.69919,-0.900605E-01,0,-9999,-9999,-9999,-9999,-9999,-9999,-9999,-0.334565E-01,1.01335,-17.7888,1.02703,5.06379,1.07516,1.47878,1.08106,0.112775,1.07516,800000099,800000099,800000099,800000099,800000099,800101099,800010199,800010199,81100,81100,80,81,1,2,6,29,57,48,0.950724,1.47198,0.721170E-01,0.782416E-01,0.124664E-02,4.98312,-0.143159E-01,0.147878E-02,0.112775,15.9949,0.427778,249.000,56.2500,4.62867,98102.1,1.23645
CH-CHA_201201062000.csv,2012-01-07,00:30,7.020,0,36000,36000,-0.152425E-01,1,0.289336E-02,-15.5488,0,2.54949,4.54451,0,0.833064,1.56545,0,0.534048,0.101172,0,0.185460E-01,-0.671450,0.233339,0.156811,0.519467E-02,-0.805350E-10,-0.889088E-12,17.2095,402.928,404.728,0.300000,0,189.989,4.44823,4.46810,0.300000,0,288.889,276.277,98106.0,1.23503,1007.59,0.234131E-01,0.655592E-02,0.342360E-02,436.515,762.636,0.277208E-02,57.2376,326.121,268.607,1.73274,0.397173E-01,0.549381E-01,1.73406,-0.292357E-13,-0.467968E-14,1.73406,4.33632,186.059,1.31309,1.81553,-9999,0.111094,0.320364,7.57890,0.265210,-3.42146,-0.112472,0,-9999,-9999,-9999,-9999,-9999,-9999,-9999,-0.149386E-01,1.02034,-14.6938,1.04264,4.02926,1.21865,1.86155,1.23714,0.897007E-01,1.21865,800000099,800000099,800000099,800000099,800000099,800100099,800100199,811100199,81100,81100,80,80,13,7,14,11,4,4,0.335046,0.283816,0.218635E-01,0.165170,0.998321E-02,11.9101,-0.118078E-01,0.186155E-02,0.897007E-01,16.0000,0.220000,249.000,56.2500,4.48555,98101.7,1.23030
CH-CHA_201201062000.csv,2012-01-07,01:00,7.041,0,36000,36000,-0.133826E-01,1,0.281315E-02,0.327740,2,1.60386,-1.78721,2,1.19824,-1.16231,2,0.829170,-0.397548E-01,2,0.266537E-01,-1.45245,0.238629,0.203886,0.530806E-02,-0.134448E-09,-0.150183E-11,17.4156,406.467,408.321,0.350000,1,194.538,4.54037,4.56108,0.350000,1,288.499,275.408,98107.0,1.23890,1007.63,0.233392E-01,-0.257611E-02,0.350558E-02,445.562,716.967,0.282960E-02,62.1453,271.405,268.880,1.10393,-0.283760,0.264278E-01,1.14012,0.609725E-13,-0.771996E-14,1.14012,2.39084,203.300,345.584,1.32822,-9999,0.103932,0.152737,-294.414,-0.682713E-02,-0.183380,0.252605E-02,0,-9999,-9999,-9999,-9999,-9999,-9999,-9999,-0.132220E-01,1.01215,0.219386,1.01997,-1.72067,1.03880,-1.11595,1.04194,-0.382746E-01,1.03880,800000099,800000099,800000099,800000099,800000099,800100099,811100199,811110199,80000,80000,80,81,10,24,6,2,0,5,0.224943,0.717876E-01,0.874311E-02,0.180221,0.290679E-01,29.5342,0.175741E-03,-0.111595E-02,-0.382746E-01,16.0000,0.232222,249.000,56.2500,3.73078,98102.5,1.21950
CH-CHA_201201062000.csv,2012-01-07,01:30,7.062,0,36000,36000,-0.567576E-01,1,0.728158E-02,-0.803156,2,0.668487,-3.47152,1,1.50042,-3.90875,1,1.30611,-0.772331E-01,1,0.333809E-01,0.290629,0.126896,0.180993,0.282313E-02,-0.960369E-11,-0.107602E-12,17.5384,409.612,411.500,0.350000,1,196.505,4.58941,4.61057,0.350000,1,288.297,275.582,98102.0,1.23803,1007.66,0.233552E-01,-0.500471E-02,0.354103E-02,450.352,725.913,0.286022E-02,62.0394,275.561,269.022,0.599481,0.647075E-02,0.290408E-01,0.600219,0.227061E-12,-0.547581E-15,0.600219,2.88593,175.317,0.618421,2.77326,-9999,0.214114,0.520137,1050.41,0.191353E-02,0.231356,-0.300684E-02,0,59.5080,-9.03057,20.4272,50.8665,77.5747,108.800,163.002,-0.560808E-01,1.01207,-0.988175,1.01997,-3.35551,1.02367,-3.74033,1.02562,-0.746523E-01,1.02367,800000099,800000099,800000099,800000099,800000099,800100099,801100199,811110199,81100,81100,80,81,9,7,16,0,0,0,0.541999,0.489425,0.884849E-02,0.121323,0.349125E-01,23.1101,-0.792115E-03,-0.374033E-02,-0.746523E-01,16.0000,0.222222,249.000,56.2500,4.07121,98100.2,1.22293
CH-CHA_201201062000.csv,2012-01-07,02:00,7.083,0,36000,36000,-0.117913E-01,1,0.182202E-02,-9.77097,1,1.67830,0.520700,2,0.388068,-0.732654,2,0.518133,0.115780E-01,2,0.862889E-02,-0.959018,-0.153233E-01,0.815865E-01,-0.340723E-03,-0.128926E-10,-0.143769E-12,17.6349,411.026,412.919,0.350000,1,196.653,4.58351,4.60461,0.300000,0,288.231,275.009,98098.0,1.24056,1007.65,0.233076E-01,0.750257E-03,0.354369E-02,449.754,696.822,0.285653E-02,64.5435,247.068,269.004,1.56277,0.266468,0.506828E-01,1.58613,0.138969E-12,-0.731082E-15,1.58613,3.37264,177.656,9.67648,1.83113,-9999,0.974924E-01,0.203235,8.15044,0.246612,-18.7651,-0.801751E-01,0,-9999,-9999,-9999,-9999,-9999,-9999,-9999,-0.115665E-01,1.01943,-9.36443,1.04067,0.645912,1.19162,-0.195373,1.20889,0.143622E-01,1.19162,800000099,800000099,800000099,800000099,800000099,801100199,800100199,811110199,81100,81100,80,81,18,11,13,7,6,4,0.159554,0.234549,0.123659E-01,0.183575,0.323863E-01,15.8219,-0.749124E-02,-0.195373E-03,0.143622E-01,16.0000,0.215556,249.000,56.2500,3.54802,98099.9,1.21105
CH-CHA_201201070200.csv,2012-01-07,02:30,7.104,0,36000,36000,-0.205415E-01,1,0.457994E-02,-17.0360,1,2.60036,-0.584277,1,0.144453,3.13498,1,0.859032,-0.129760E-01,1,0.320811E-02,-2.14294,-0.139029E-01,0.436728,-0.308764E-03,-0.165881E-09,-0.181436E-11,18.0345,418.565,420.490,0.250000,0,197.257,4.57818,4.59923,0.200000,0,287.513,273.734,98057.0,1.24582,1007.63,0.232092E-01,-0.840845E-03,0.355457E-02,449.043,635.765,0.285320E-02,70.6303,186.722,268.983,1.10500,0.225958,0.504883E-01,1.12900,0.111194E-12,-0.919797E-14,1.12900,3.63688,173.759,11.5569,2.56309,-9999,0.128407,0.398126,10.6775,0.188247,29.1574,-0.105687,0,-9999,-9999,-9999,-9999,-9999,-9999,-9999,-0.202029E-01,1.01676,-16.4979,1.03459,-0.126486,1.11679,3.58071,1.12673,-0.280909E-02,1.11679,800000099,800000099,800000099,800000099,800000099,800100099,801100199,811100199,81100,81100,80,81,7,9,7,0,10,5,0.627654,0.158752,0.984632E-02,0.241360,0.356945E-01,2.55306,-0.131423E-01,0.358071E-02,-0.280909E-02,16.0000,0.250000,249.000,56.2500,1.81597,98099.6,1.18546
CH-CHA_201201070200.csv,2012-01-07,03:00,7.124,0,36000,36000,0.158289E-02,1,0.408434E-03,-4.97289,0,0.338665,-0.690047,1,0.740078E-01,0.623051,0,0.832553E-01,-0.153122E-01,1,0.164224E-02,-1.48601,-0.232044,0.721752E-01,-0.514908E-02,-0.674560E-11,-0.721408E-13,18.1528,419.807,421.700,0.150000,0,194.135,4.48961,4.50985,0.350000,1,287.100,272.853,98092.0,1.25033,1007.57,0.231262E-01,-0.992231E-03,0.349831E-02,440.513,596.393,0.279791E-02,73.8628,155.881,268.728,0.920133,0.608538,0.575111E-01,1.10466,-0.448847E-13,-0.371601E-15,1.10466,1.93355,154.140,33.4790,2.98430,-9999,0.355807E-01,0.457501E-01,0.778395,2.58224,7.20659,-0.110942,0,-9999,-9999,-9999,-9999,-9999,-9999,-9999,0.146113E-02,1.08333,-4.29801,1.16454,-0.366398,1.52943,0.567653,1.57156,-0.813042E-02,1.52943,800000099,800100099,800000099,800000099,800001099,800111199,811110199,811110199,81100,81100,80,81,1,3,5,22,39,66,0.600397E-01,0.289554E-01,0.250536E-02,0.472297E-01,0.437099E-02,0.959062,-0.341168E-02,0.567653E-03,-0.813042E-02,15.9953,0.246667,249.000,56.2500,0.584854,98094.2,1.16962
CH-CHA_201201070200.csv,2012-01-07,03:30,7.145,0,36000,36000,-0.117890E-01,1,0.228516E-02,-2.11867,2,2.11849,-3.32308,1,0.791076,-2.07390,1,0.790813,-0.736877E-01,1,0.175417E-01,-1.25492,-0.557310,0.875868E-01,-0.123581E-01,0.433138E-10,0.439770E-12,18.2677,421.309,423.119,0.350000,1,185.474,4.27761,4.29599,0.350000,1,286.345,272.111,98093.0,1.25385,1007.45,0.230631E-01,-0.477496E-02,0.334224E-02,419.716,564.927,0.266558E-02,74.2957,145.210,268.088,0.253595,0.472035,0.305014E-01,0.536710,-0.207859E-12,0.237106E-14,0.536710,1.67863,121.844,61.7537,3.25789,-9999,0.969650E-01,0.231679,36.9773,0.543577E-01,0.637561,-0.172974E-01,0,-9999,-9999,-9999,-9999,-9999,-9999,-9999,-0.116273E-01,1.01391,-2.25595,1.02473,-3.15282,1.03314,-1.86389,1.03560,-0.699122E-01,1.03314,800000099,800100099,800000099,800000099,800000099,800000199,811110199,811110199,80000,80000,80,81,0,0,0,5,1,3,0.189879,0.270528,0.295134E-02,0.188504,0.508259E-01,17.5059,-0.178592E-02,-0.186389E-02,-0.699122E-01,15.9973,4.01278,249.000,56.2500,-0.463372,98097.7,1.15675
CH-CHA_201201070200.csv,2012-01-07,04:00,7.166,0,36000,36000,-0.271936E-02,1,0.788905E-03,3.34807,1,1.44170,3.36334,1,4.63758,-0.130052,2,2.19015,0.745369E-01,1,0.102776,-1.04741,-3.14328,-0.941749,-0.696600E-01,0.293200E-10,0.223262E-12,17.6093,405.191,406.445,0.350000,1,134.089,3.08539,3.09494,0.350000,1,285.577,271.493,98096.0,1.25731,1006.79,0.230100E-01,0.482999E-02,0.241628E-02,302.745,539.852,0.192178E-02,56.0794,237.106,263.855,0.541332,0.504767,0.368172E-01,0.741071,-0.125210E-12,0.166503E-14,0.741071,1.42229,137.942,42.9981,2.84769,-9999,0.465063E-01,0.939452E-01,-2.58118,-0.778715,0.995460,0.568722E-01,0,-9999,-9999,-9999,-9999,-9999,-9999,-9999,-0.267935E-02,1.01493,3.46939,1.02122,3.20205,1.02872,-0.321954,1.03062,0.709625E-01,1.02872,800000099,800001199,800000099,800000099,800110099,800111199,811110199,811110199,81000,81000,80,81,0,13,8,7,5,7,0.113238,0.715900E-01,0.306269E-02,0.121521,0.494437,1065.02,0.274076E-02,-0.321954E-03,0.709625E-01,16.0000,9.96889,249.523,59.5212,-0.923453,98099.8,1.14724
CH-CHA_201201070200.csv,2012-01-07,04:30,7.187,0,36000,36000,0.229627E-02,2,0.206148E-02,-2.15481,1,2.17456,-15.7583,1,8.07767,-2.86676,2,4.62283,-0.349113,1,0.178955,-0.585366,-1.11844,-0.829007E-02,-0.247783E-01,0.281203E-10,0.184795E-12,17.6239,405.050,406.131,0.500000,0,115.817,2.66181,2.66891,0.100000,0,285.314,271.148,98087.0,1.25900,1006.55,0.229829E-01,-0.226226E-01,0.208702E-02,261.159,526.287,0.165768E-02,49.6229,265.128,261.989,0.542141,0.390161,0.265286E-01,0.668466,0.113237E-12,0.159558E-14,0.668466,2.24920,146.093,35.7413,2.27443,-9999,0.427070E-01,0.253562,3.10529,0.647284,0.136742,-0.398152E-01,0,-9999,-9999,-9999,-9999,-9999,-9999,-9999,0.220952E-02,1.03926,-2.76942,1.07953,-13.1863,1.18938,-2.17564,1.20185,-0.292133,1.18938,800000099,800000099,800000099,800000099,800100099,800100099,800100199,811110199,80000,80000,80,80,0,2,6,4,0,0,0.224798,0.275700,0.662619E-02,0.421157,1.89186,2719.85,-0.218537E-02,-0.217564E-02,-0.292133,16.0000,0.376667,249.594,59.9628,-1.10996,98089.9,1.14312
CH-CHA_201201070200.csv,2012-01-07,05:00,7.208,0,36000,36000,-0.507358E-02,2,0.208055E-02,-3.61346,1,1.13148,-4.65496,1,1.21358,-0.738116,2,0.410730,-0.103153,1,0.268928E-01,0.447267,2.94011,1.04187,0.651525E-01,-0.868319E-12,-0.775623E-14,18.3695,422.890,424.493,0.350000,1,164.085,3.77743,3.79175,0.100000,0,285.379,271.412,98019.0,1.25637,1007.16,0.230212E-01,-0.668434E-02,0.295680E-02,370.359,536.639,0.235345E-02,69.0146,166.280,266.449,0.358191,0.492908,0.172644E-01,0.609555,-0.238080E-13,-0.472696E-16,0.609555,2.36552,136.945,53.9945,1.62301,-9999,0.635475E-01,0.192363,6.09889,0.329568,0.776260,-0.449373E-01,0,-9999,-9999,-9999,-9999,-9999,-9999,-9999,-0.496028E-02,1.02284,-3.70320,1.04593,-4.16781,1.09397,-0.454765,1.10213,-0.923580E-01,1.09397,800000099,800000099,800000099,800000099,800010099,811110099,810110199,811110199,81000,81000,80,80,21,0,5,35,13,4,0.229903,0.151545,0.327685E-02,0.793825E-01,0.744984E-01,67.3448,-0.292657E-02,-0.454765E-03,-0.923580E-01,15.9961,0.508889,249.003,56.2672,-1.05607,98018.5,1.14447
CH-CHA_201201070200.csv,2012-01-07,05:30,7.229,0,36000,36000,-0.478806E-01,1,0.727621E-02,-10.8887,1,5.00837,-5.81386,1,3.36216,7.74170,1,2.84946,-0.128792,1,0.744806E-01,-0.587149,-0.800721E-01,0.121536,-0.177381E-02,0.171342E-09,0.151079E-11,18.4901,424.967,426.566,0.350000,1,163.035,3.74711,3.76120,0.350000,1,285.092,271.066,98055.0,1.25845,1007.14,0.229835E-01,-0.834574E-02,0.293789E-02,367.521,523.108,0.233453E-02,70.2572,155.587,266.349,-0.742542E-01,0.843003E-01,0.138889E-01,0.113195,0.754004E-13,0.926668E-14,0.113195,1.57337,52.4749,131.375,7.04788,-9999,0.195057,0.344530,58.5464,0.343317E-01,1.87288,-0.440439E-01,0,-9999,-9999,-9999,-9999,-9999,-9999,-9999,-0.464683E-01,1.03039,-10.8903,1.03140,-5.47679,1.01498,8.25484,1.01546,-0.121325,1.01498,800000099,800000099,800000099,800000099,800000099,810000099,811110199,811110199,81000,81000,80,81,0,0,2,1,0,4,0.287606,0.393508,0.794585E-02,0.222096,0.103944,81.0463,-0.859233E-02,0.825484E-02,-0.121325,15.9953,0.366667,249.018,56.3629,-1.28667,98054.9,1.14212
CH-CHA_201201070200.csv,2012-01-07,06:00,7.249,0,36000,36000,-0.424089E-02,2,0.193849E-02,-5.37819,1,1.76883,-2.00741,1,1.89524,1.50152,1,0.940540,-0.444683E-01,1,0.419834E-01,-0.424456E-01,0.457802,0.413577,0.101413E-01,0.643116E-10,0.583580E-12,18.8066,432.034,433.735,0.350000,1,170.656,3.92039,3.93582,0.350000,1,284.910,271.041,98093.0,1.25897,1007.24,0.229724E-01,-0.288154E-02,0.307523E-02,384.666,522.142,0.244265E-02,73.6707,137.476,266.943,0.366922,0.589873,0.267939E-01,0.695198,-0.106923E-12,0.341963E-14,0.695198,2.07572,128.138,58.1169,2.20881,-9999,0.580390E-01,0.223241,3.12352,0.643504,2.67917,-0.730751E-01,0,-9999,-9999,-9999,-9999,-9999,-9999,-9999,-0.410884E-02,1.03214,-5.14958,1.06529,-1.61939,1.16030,1.54721,1.17309,-0.358728E-01,1.16030,800000099,800000099,800000099,800000099,800001099,800001199,811110199,811110199,80000,80000,80,81,0,0,1,2,4,18,0.215656,0.228045,0.277910E-02,0.160909,0.696422E-01,147.489,-0.406091E-02,0.154721E-02,-0.358728E-01,15.9977,0.372222,249.037,56.4822,-0.952227,98095.0,1.14496
CH-CHA_201201070200.csv,2012-01-07,06:30,7.270,0,36000,36000,-0.127913E-01,0,0.394387E-02,8.20142,2,7.99036,-2.50288,1,0.855893,-3.40012,2,2.59219,-0.554879E-01,1,0.189749E-01,1.41812,0.695759,-0.563331,0.154247E-01,0.150867E-10,0.149476E-12,18.3251,422.377,424.152,0.350000,1,181.562,4.18483,4.20242,0.350000,1,285.612,271.879,98069.0,1.25466,1007.39,0.230491E-01,-0.359562E-02,0.327174E-02,410.512,555.395,0.260767E-02,73.9136,144.882,267.796,0.265782,0.910540,0.374615E-01,0.949277,-0.173194E-13,0.823279E-15,0.949277,1.97134,113.676,73.7277,2.26166,-9999,0.100970,0.160100,-10.7835,-0.186396,-3.27679,0.642648E-01,0,-9999,-9999,-9999,-9999,-9999,-9999,-9999,-0.126253E-01,1.01315,7.89619,1.02032,-2.59950,1.03399,-3.68034,1.03633,-0.576300E-01,1.03399,800000099,800000099,800000099,800000099,800100099,800100099,800100199,811100199,80000,80000,80,81,0,22,16,20,28,12,0.151822,0.151811,0.165673E-01,0.694261,0.121915,5.93142,0.624731E-02,-0.368034E-02,-0.576300E-01,15.9981,0.310000,249.000,56.2500,-0.167801,98069.5,1.15704
CH-CHA_201201070200.csv,2012-01-07,07:00,7.291,0,36000,36000,-0.160908E-01,1,0.367806E-02,-16.9506,1,3.41352,0.404452,1,0.325923,2.80257,1,0.673066,0.896977E-02,1,0.722819E-02,0.640359,0.932581E-01,-0.394634,0.206824E-02,-0.306986E-10,-0.311738E-12,18.0025,415.600,417.362,0.150000,0,182.812,4.22035,4.23823,0.150000,0,286.080,272.258,98050.0,1.25265,1007.42,0.230857E-01,0.581241E-03,0.329427E-02,413.916,571.041,0.262984E-02,72.4845,157.125,267.905,0.192759,0.926537,0.257090E-01,0.946725,0.197426E-12,-0.170524E-14,0.946725,2.41928,110.850,78.2477,1.55610,-9999,0.113338,0.356448,7.37819,0.272424,-41.9101,-0.118515,0,-9999,-9999,-9999,-9999,-9999,-9999,-9999,-0.157801E-01,1.01969,-16.2725,1.04036,0.720573,1.12331,3.25299,1.13342,0.159806E-01,1.12331,800000099,800000099,800000099,800000099,800000099,800000099,800100199,811100199,81100,81100,80,81,2,13,4,0,0,1,0.275252,0.422412,0.152313E-01,0.374105,0.234632E-01,3.04981,-0.128948E-01,0.325299E-02,0.159806E-01,15.9938,0.440000,249.000,56.2500,0.254440,98050.4,1.16697
CH-CHA_201201070200.csv,2012-01-07,07:30,7.312,0,36000,36000,-0.791635E-01,1,0.108249E-01,-36.9964,1,29.1150,7.12783,1,2.05580,1.47356,1,3.11207,0.158341,1,0.456688E-01,2.94611,-0.213838,-0.328382,-0.475032E-02,0.187047E-09,0.188827E-11,17.6418,409.925,411.628,0.250000,0,178.097,4.13825,4.15544,0.300000,0,284.191,274.013,98044.0,1.24459,1007.40,0.232359E-01,0.102605E-01,0.320931E-02,405.839,648.705,0.257860E-02,62.5614,242.866,267.646,1.90975,0.400816,0.584475E-01,1.95224,0.855542E-13,0.106025E-13,1.95224,8.88699,174.202,11.8531,1.71562,-9999,0.252203,1.54982,37.2468,0.539644E-01,-5.19042,-0.116999,0,33.2162,-5.04068,11.4020,28.3927,43.3007,60.7298,90.9843,-0.782155E-01,1.01212,-35.6875,1.02596,7.18122,1.10868,2.95814,1.11841,0.159528,1.10868,800000099,800000099,800000099,800000099,800100099,810111099,800100199,811110199,81100,81100,80,80,0,0,7,8,0,2,2.04782,0.999088,0.527373E-01,8.06225,0.177486,47.7278,-0.284635E-01,0.295814E-02,0.159528,16.0000,0.377778,249.000,56.2500,1.75778,98044.1,1.19644
CH-CHA_201201070200.csv,2012-01-07,08:00,7.333,0,36000,36000,-0.923531E-01,1,0.148806E-01,-43.7641,1,9.07358,11.2393,1,3.03258,7.06407,1,2.54135,0.249767,1,0.673922E-01,0.650343,0.156196,-0.994888E-01,0.347109E-02,-0.245235E-09,-0.252222E-11,17.5407,408.203,409.924,0.300000,0,180.405,4.19833,4.21603,0.300000,0,287.401,274.401,98032.0,1.24265,1007.44,0.232717E-01,0.161849E-01,0.325090E-02,411.681,667.088,0.261610E-02,61.7132,255.406,267.834,0.392036,0.119693,0.451964E-01,0.412385,-0.433157E-15,-0.139809E-13,0.412385,4.06470,180.040,16.9780,6.29212,-9999,0.272615,0.616927,39.7650,0.505470E-01,-3.89385,-0.128233,0,40.9365,-6.21227,14.0522,34.9919,53.3648,74.8449,112.131,-0.909914E-01,1.01497,-42.0611,1.02467,11.9301,1.02483,8.95641,1.02684,0.265118,1.02483,800000099,800000099,800000099,800000099,800000099,800100099,800100199,801100199,80000,80000,80,81,0,2,9,9,15,8,0.682291,0.515122,0.364417E-01,0.340515,0.401493E-01,31.6858,-0.335981E-01,0.895641E-02,0.265118,15.9942,0.307778,249.000,56.2500,2.82576,98032.4,1.20440
CH-CHA_201201070800.csv,2012-01-07,08:30,7.354,0,36000,36000,-0.116243,1,0.228210E-01,-34.7554,1,6.24422,18.2544,1,3.56348,5.57205,1,2.00272,0.405915,1,0.792394E-01,1.09102,-0.483378,-0.243987,-0.107486E-01,-0.186480E-09,-0.185189E-11,17.3035,403.966,405.593,0.200000,0,171.837,4.01168,4.02784,0.200000,0,288.064,275.054,97953.0,1.23879,1007.35,0.233459E-01,0.263033E-01,0.309650E-02,393.062,699.069,0.249961E-02,56.2265,306.007,267.226,1.07021,1.41884,0.944828E-01,1.77971,0.140862E-12,-0.107770E-13,1.77971,9.21499,136.115,52.9734,3.04319,-9999,0.306327,1.76031,70.9973,0.283109E-01,-1.90394,-0.909204E-01,0,34.8034,-5.28155,11.9469,29.7494,45.3697,63.6317,95.3319,-0.114997,1.01084,-32.9783,1.02296,17.5198,1.08241,6.57377,1.08920,0.389580,1.08241,800000099,800000099,800000099,800000099,800100099,810101099,800100199,810100199,81100,81100,80,81,3,9,8,1,0,2,2.14028,1.31103,0.693200E-01,0.213360,0.268878E-01,49.9481,-0.264274E-01,0.657377E-02,0.389580,15.9981,0.318889,249.000,56.2500,3.28439,98015.4,1.21390
CH-CHA_201201070800.csv,2012-01-07,09:00,7.374,1,36000,36000,-0.531985E-01,1,0.105410E-01,-6.04369,2,2.04334,1.37604,2,1.17701,-4.65527,2,1.54795,0.306016E-01,2,0.261755E-01,0.188845,0.200397,0.933575E-01,0.445662E-02,-0.179517E-09,-0.180986E-11,17.3770,405.587,407.252,0.350000,1,175.192,4.08905,4.10584,0.300000,0,287.827,275.167,98016.0,1.23904,1007.38,0.233405E-01,0.198298E-02,0.315695E-02,400.900,704.739,0.254790E-02,56.8864,303.838,267.485,1.05022,0.521338E-01,0.421872E-01,1.05236,-0.365515E-12,-0.103307E-13,1.05236,3.71862,184.210,2.84188,2.29751,-9999,0.207208,0.832718,126.424,0.158989E-01,-4.39209,-0.233676E-01,0,34.9797,-5.30831,12.0074,29.9001,45.5996,63.9541,95.8148,-0.526398E-01,1.01061,-5.84389,1.02057,1.44452,1.04466,-4.16084,1.04832,0.321245E-01,1.04466,800000099,800000099,800000099,800000099,800000099,800100099,800100199,811110199,81100,81100,80,81,0,0,3,0,6,8,0.654183,0.979926,0.313265E-01,0.114723,0.200140E-01,42.6378,-0.468188E-02,-0.416084E-02,0.321245E-01,15.9977,0.304444,249.000,56.2500,3.75937,98014.0,1.21545
CH-CHA_201201070800.csv,2012-01-07,09:30,7.395,1,36000,36000,-0.180540E-01,2,0.482535E-02,-18.3754,0,2.89918,11.1561,0,1.80384,-1.05067,2,0.648358,0.248065,0,0.401096E-01,-0.247441,-0.252154E-01,-0.174007,-0.560684E-03,-0.265197E-09,-0.268731E-11,17.2550,402.567,404.216,0.500000,0,174.849,4.07932,4.09603,0.150000,0,287.746,275.019,98005.0,1.23957,1007.38,0.233305E-01,0.160746E-01,0.315078E-02,399.901,697.321,0.254183E-02,57.3483,297.419,267.452,0.753424,0.886217,0.425718E-01,1.16398,-0.460333E-12,-0.153693E-13,1.16398,4.78343,132.513,49.6302,2.09603,-9999,0.120685,0.648865,8.21479,0.244681,-1.64712,-0.121933,0,-9999,-9999,-9999,-9999,-9999,-9999,-9999,-0.177259E-01,1.01851,-17.1198,1.03829,10.1303,1.13830,-0.197644,1.14999,0.225255,1.13830,800000099,800000099,800000099,800000099,800000099,800101099,800110199,801110199,81100,81100,80,81,8,26,14,1,55,11,0.689428,0.581986,0.263150E-01,0.114151,0.896218E-02,35.5190,-0.137099E-01,-0.197644E-03,0.225255,15.9957,0.341667,249.000,56.2500,3.87490,98001.2,1.21421
CH-CHA_201201070800.csv,2012-01-07,10:00,7.416,1,36000,36000,-0.308688E-01,1,0.471475E-02,-15.4177,0,1.31005,11.3270,0,0.972447,-1.12342,0,0.877619E-01,0.251940,0,0.216295E-01,0.524310,-0.147786,-0.248071E-01,-0.328711E-02,-0.134440E-09,-0.134468E-11,17.2147,402.136,403.760,0.200000,0,172.183,4.02221,4.03845,0.200000,0,287.890,275.333,97993.0,1.23804,1007.35,0.233600E-01,0.163257E-01,0.310275E-02,394.254,713.142,0.250618E-02,55.2841,318.888,267.265,1.12010,2.01467,0.912088E-01,2.30691,0.559815E-13,-0.780962E-14,2.30691,5.27437,125.206,60.9272,2.26590,-9999,0.157904,0.450562,21.9280,0.916637E-01,-1.36114,-0.782908E-01,0,-9999,-9999,-9999,-9999,-9999,-9999,-9999,-0.304352E-01,1.01425,-14.3812,1.03074,10.0368,1.15864,-0.385677,1.17148,0.223243,1.15864,800000099,800000099,800000099,800000099,800000099,800000099,800000199,800110199,81100,81100,80,80,1,14,3,18,19,19,0.492304,0.363871,0.449478E-01,0.449215E-01,0.335267E-03,17.7743,-0.115314E-01,-0.385677E-03,0.223243,15.9918,0.460000,249.000,56.2500,4.21718,97992.9,1.21964
CH-CHA_201201070800.csv,2012-01-07,10:30,7.437,1,36000,36000,-0.196662E-01,2,0.419126E-02,-19.3640,0,1.44168,17.4751,0,1.18611,-1.61841,0,0.108114,0.388761,0,0.263869E-01,0.325259,0.834016E-01,0.394873E-02,0.185539E-02,0.124934E-09,0.125941E-11,17.1991,402.205,403.842,0.200000,0,173.378,4.05448,4.07099,0.200000,0,287.946,275.528,97957.0,1.23669,1007.37,0.233852E-01,0.251917E-01,0.312428E-02,397.271,723.126,0.252632E-02,54.9381,325.855,267.365,1.24820,2.04402,0.970314E-01,2.39696,-0.429066E-13,0.726398E-14,2.39696,6.39401,129.252,58.5892,2.32002,-9999,0.126104,0.658400,8.89030,0.226089,-1.10809,-0.123258,0,-9999,-9999,-9999,-9999,-9999,-9999,-9999,-0.192746E-01,1.02032,-17.7543,1.04303,14.0603,1.26910,-0.623330,1.29072,0.312794,1.26910,800000099,800000099,800000099,800000099,800000099,801100099,800010199,800110199,80100,80100,80,81,3,14,2,5,72,11,0.722658,0.539241,0.549012E-01,0.286165E-01,0.403749E-03,15.8344,-0.142512E-01,-0.623330E-03,0.312794,15.9949,0.390556,249.000,56.2500,4.43188,97957.2,1.22225
CH-CHA_201201070800.csv,2012-01-07,11:00,7.458,1,36000,36000,-0.330650E-01,0,0.395044E-02,-12.1322,0,1.12046,4.48634,1,1.73314,1.31888,1,1.35638,0.998109E-01,1,0.385585E-01,0.966754E-01,-0.115860,0.201271,-0.257762E-02,-0.330372E-11,-0.326507E-13,17.3368,405.708,407.341,0.350000,1,171.340,4.00962,4.02576,0.150000,0,287.918,275.586,97909.0,1.23585,1007.35,0.234015E-01,0.646774E-02,0.308754E-02,392.683,726.119,0.249832E-02,54.0796,333.437,267.213,0.921707,1.85166,0.877092E-01,2.07024,-0.916457E-13,-0.190561E-15,2.07024,5.80370,122.669,63.5371,2.42816,-9999,0.163569,0.416312,30.9557,0.649316E-01,-2.70425,-0.595788E-01,0,-9999,-9999,-9999,-9999,-9999,-9999,-9999,-0.326494E-01,1.01273,-11.5736,1.02737,4.21665,1.12428,1.66794,1.13400,0.938109E-01,1.12428,800000099,800000099,800000099,800000099,800000099,800001199,800000199,800010199,81100,81100,80,80,21,20,6,0,16,3,0.387042,0.394561,0.510222E-01,0.144456E-01,0.182004E-01,95.9506,-0.929663E-02,0.166794E-02,0.938109E-01,15.9981,0.347778,249.000,56.2500,4.60415,97908.2,1.22312
CH-CHA_201201070800.csv,2012-01-07,11:30,7.479,1,36000,36000,-0.399424E-01,0,0.358596E-02,-15.8577,0,0.941654,16.9298,0,1.33113,-1.23326,0,0.191386,0.376648,0,0.296145E-01,-0.133336E-01,0.248702,-0.473978E-01,0.553301E-02,0.130161E-10,0.131997E-12,17.3001,404.883,406.552,0.200000,0,175.441,4.10593,4.12286,0.200000,0,288.038,275.578,97898.0,1.23570,1007.40,0.234035E-01,0.244068E-01,0.316145E-02,402.070,725.706,0.255843E-02,55.4040,323.636,267.523,1.66729,1.89562,0.118995,2.52733,0.577382E-13,0.752371E-15,2.52733,4.58917,137.844,48.6669,2.69867,-9999,0.179788,0.321418,31.4477,0.639157E-01,-0.936672,-0.708541E-01,0,-9999,-9999,-9999,-9999,-9999,-9999,-9999,-0.394179E-01,1.01331,-14.5393,1.02902,15.0049,1.14795,-0.505257,1.15996,0.333823,1.14795,800000099,800000099,800000099,800000099,800000099,800001099,800000199,800110199,80100,80100,80,80,4,2,8,2,26,0,0.332379,0.260964,0.494929E-01,0.179742E-01,0.742666E-03,28.6264,-0.116797E-01,-0.505257E-03,0.333823,16.0000,0.256667,249.000,56.2500,4.60198,97899.7,1.22314
CH-CHA_201201070800.csv,2012-01-07,12:00,7.499,1,36000,36000,-0.186804E-01,0,0.349007E-02,-7.41513,0,0.781126,10.2982,0,1.22119,-1.80764,0,0.211939,0.229135,0,0.271714E-01,0.186564,0.215262,0.912056E-02,0.478956E-02,0.718375E-10,0.743016E-12,17.2967,405.042,406.746,0.200000,0,178.900,4.18936,4.20698,0.200000,0,288.019,275.690,97880.0,1.23493,1007.45,0.234173E-01,0.148479E-01,0.322378E-02,410.164,731.514,0.261050E-02,56.0705,321.350,267.785,1.01849,1.14433,0.964939E-01,1.53496,-0.556218E-13,0.415325E-14,1.53496,3.36538,138.604,48.3299,3.60422,-9999,0.122991,0.174936,21.5275,0.933691E-01,-0.720041,-0.484597E-01,0,-9999,-9999,-9999,-9999,-9999,-9999,-9999,-0.184389E-01,1.01310,-6.66549,1.02749,9.43986,1.10477,-1.37107,1.11339,0.210036,1.10477,800000099,800000099,800000099,800000099,800000099,800100099,800110199,810110199,81100,81100,80,80,17,7,5,0,12,1,0.244023,0.851327E-01,0.207150E-01,0.140096E-01,0.151893E-02,28.0502,-0.535757E-02,-0.137107E-02,0.210036,15.9961,0.342222,249.000,56.2500,4.80345,97880.9,1.22557
CH-CHA_201201070800.csv,2012-01-07,12:30,7.520,1,36000,36000,-0.252583E-01,1,0.594870E-02,-14.9526,0,1.92726,18.0409,0,1.99430,-0.546740,2,0.303451,0.401469,0,0.443795E-01,0.259616,0.916739E-01,0.885410E-01,0.204004E-02,0.319963E-09,0.332480E-11,17.3464,406.585,408.311,0.350000,1,180.250,4.22492,4.24285,0.150000,0,288.113,275.846,97844.0,1.23376,1007.46,0.234392E-01,0.260152E-01,0.324811E-02,413.494,739.674,0.263269E-02,55.9022,326.179,267.891,0.826994,1.49509,0.647396E-01,1.70980,-0.141807E-12,0.184455E-13,1.70980,4.81046,126.999,61.0513,2.16996,-9999,0.143083,0.521783,16.8044,0.119611,-0.828819,-0.840757E-01,0,-9999,-9999,-9999,-9999,-9999,-9999,-9999,-0.249017E-01,1.01432,-13.5707,1.03030,16.1792,1.13219,0.406649E-01,1.14304,0.360040,1.13219,800000099,800000099,800000099,800000099,800000099,800100099,800010199,800110199,81100,81100,80,81,3,6,4,1,18,5,0.691460,0.316546,0.355598E-01,0.382167E-01,0.376811E-02,38.6869,-0.109179E-01,0.406649E-04,0.360040,16.0000,0.255556,249.000,56.2500,5.10101,97842.9,1.22843
CH-CHA_201201070800.csv,2012-01-07,13:00,7.541,1,36000,36000,-0.173905E-01,2,0.578666E-02,-9.40743,0,1.08859,20.5182,0,4.35244,-1.23670,0,0.878686,0.456761,0,0.968907E-01,0.626102,-0.708129,0.769357E-01,-0.157638E-01,-0.275069E-09,-0.266319E-11,17.3683,407.930,409.547,0.200000,0,168.158,3.94953,3.96519,0.200000,0,288.471,276.223,97778.0,1.23137,1007.33,0.234871E-01,0.295981E-01,0.303020E-02,386.281,759.725,0.246083E-02,50.8449,373.444,266.998,0.902842,1.50333,0.691540E-01,1.75497,-0.134263E-12,-0.158374E-13,1.75497,5.71550,128.643,59.0126,2.25831,-9999,0.118839,0.996869,15.2956,0.131410,-0.458491,-0.638193E-01,0,-9999,-9999,-9999,-9999,-9999,-9999,-9999,-0.171410E-01,1.01455,-8.05938,1.03084,18.1117,1.13985,-0.823057,1.14959,0.403189,1.13985,800000099,800000099,800000099,800000099,800000099,801100099,800010199,800110199,80100,80100,80,81,15,20,6,0,10,0,1.33285,0.606489,0.544056E-01,0.260567E-01,0.106905E-01,167.206,-0.649744E-02,-0.823057E-03,0.403189,16.0000,0.238889,249.000,56.2500,5.26859,97778.7,1.23376
CH-CHA_201201070800.csv,2012-01-07,13:30,7.562,1,36000,36000,0.448589E-02,2,0.548867E-02,-2.50623,1,1.55828,10.5916,1,2.42546,-2.40685,1,0.734162,0.235839,1,0.540066E-01,0.414682,1.00227,-0.184444,0.223170E-01,0.237411E-09,0.254592E-11,17.2088,404.703,406.467,0.350000,1,184.542,4.33990,4.35882,0.350000,1,288.457,276.473,97741.0,1.22961,1007.54,0.235172E-01,0.152823E-01,0.332544E-02,424.300,773.285,0.270446E-02,54.8699,348.985,268.232,-0.988377E-01,0.538906,0.566306E-02,0.547924,-0.562828E-13,0.137959E-13,0.547924,2.55896,83.6300,100.393,0.592190,-9999,0.604004E-01,0.322443,7.53646,0.266704,-0.236623,-0.334928E-01,0,-9999,-9999,-9999,-9999,-9999,-9999,-9999,0.440583E-02,1.01817,-1.82810,1.03541,10.0034,1.06027,-2.23133,1.06501,0.222741,1.06027,800000099,800000099,800000099,800000099,800000099,800000099,811110199,811110199,80000,80000,80,81,1,2,0,4,3,12,0.382597,0.240299,0.219914E-01,0.196090E-01,0.638059E-02,35.6350,-0.147560E-02,-0.223133E-02,0.222741,15.9973,0.368889,249.000,56.2500,5.78166,97740.7,1.23904
CH-CHA_201201070800.csv,2012-01-07,14:00,7.583,1,36000,36000,-0.342482E-01,1,0.883539E-02,-5.09841,1,0.714364,12.0151,1,3.78713,-0.971634,1,0.523295,0.267565,1,0.843361E-01,0.207235,0.969780E-02,-0.968920E-01,0.215962E-03,0.613513E-09,0.661253E-11,17.1279,403.007,404.766,0.150000,0,184.607,4.34368,4.36263,0.200000,0,288.551,276.598,97735.0,1.22898,1007.54,0.235293E-01,0.173382E-01,0.332663E-02,424.644,780.145,0.270682E-02,54.4314,355.501,268.243,0.875726,0.697877,0.423793E-01,1.12059,-0.689172E-13,0.358195E-13,1.12059,4.56620,139.760,38.5518,2.16737,-9999,0.166935,0.676895,78.2087,0.257005E-01,-0.424335,-0.246649E-01,0,-9999,-9999,-9999,-9999,-9999,-9999,-9999,-0.338845E-01,1.01073,-4.31406,1.02117,11.5060,1.05043,-0.782016,1.05435,0.256228,1.05043,800000099,800011199,800000099,800000099,800000099,800100099,800110199,810110199,80000,80000,80,81,0,7,2,4,12,9,1.02528,0.300239,0.282754E-01,0.950073E-02,0.135182E-01,151.450,-0.348399E-02,-0.782016E-03,0.256228,15.9981,0.400000,249.033,56.4582,6.21249,97732.9,1.24172
CH-CHA_201201071400.csv,2012-01-07,14:30,7.604,1,36000,36000,-0.619703E-01,0,0.624269E-02,-8.14101,0,1.50681,-9999,-9999,-9999,-1.93573,2,8.21516,-9999,-9999,-9999,-0.144095,-9999,0.806708,-9999,0.995823E-10,-9999,17.7228,417.130,417.130,0.350000,1,-9999,-9999,-9999,-9999,1,288.415,276.511,97675.0,1.23063,1005.21,0.235363E-01,-9999,-9999,-9999,-9999,-9999,-9999,-999900.,-9999,2.47960,0.837111,0.890000E-01,2.61861,0.424912E-13,0.561888E-14,2.61861,4.90500,168.438,18.6546,1.94772,-9999,0.224403,0.412353,118.842,0.169132E-01,-9999,-0.293269E-01,0,27.6561,-4.19693,9.49346,23.6401,36.0526,50.5643,75.7545,-0.612814E-01,1.01124,-7.94378,1.02483,-9999,-9999,-1.35273,1.11916,-9999,-9999,800000099,800000099,800000099,800000199,800001099,800001099,800010199,800010199,80100,80100,80,81,4,4,5,0,15,0,0.526379,0.232264,0.660613E-01,0.354784E-01,1.06469,-9999,-0.642159E-02,-0.135273E-02,-9999,16.0000,0.195556,250.701,66.8785,5.68398,97697.9,1.23636
CH-CHA_201201071400.csv,2012-01-07,15:00,7.624,1,36000,36000,-0.378134E-01,0,0.458049E-02,-5.12976,1,1.56237,-9999,-9999,-9999,4.29643,2,9.25990,-9999,-9999,-9999,-0.266851,-9999,10.9631,-9999,0.137402E-09,-9999,25.8900,608.914,608.914,0.150000,0,-9999,-9999,-9999,-9999,1,287.459,276.350,97689.0,1.23153,1005.20,0.235193E-01,-9999,-9999,-9999,-9999,-9999,-9999,-999900.,-9999,1.22433,1.53040,0.891496E-01,1.96191,-0.199580E-12,0.530713E-14,1.96191,5.16134,134.862,51.3399,2.60443,-9999,0.175227,0.325337,89.8087,0.223809E-01,-9999,-0.236481E-01,0,-9999,-9999,-9999,-9999,-9999,-9999,-9999,-0.374112E-01,1.01075,-5.01428,1.02303,-9999,-9999,4.28195,1.09404,-9999,-9999,800000099,800010199,800000099,800000199,800000199,810100199,800010199,800110199,80100,80100,80,81,22,7,2,1,7,19,0.310428,0.293154,0.470907E-01,0.250121E-01,10.7050,-9999,-0.405051E-02,0.428195E-02,-9999,15.9977,0.286667,254.998,93.7380,5.21403,97691.7,1.23039
CH-CHA_201201071400.csv,2012-01-07,15:30,7.645,1,36000,36000,-0.578192E-01,0,0.649559E-02,-6.65035,0,0.678385,-9999,-9999,-9999,25.5985,0,19.5498,-9999,-9999,-9999,-0.555818,-9999,-7.30481,-9999,-0.822323E-10,-9999,20.4833,481.258,481.258,0.150000,0,-9999,-9999,-9999,-9999,1,287.417,276.015,97671.0,1.23279,1005.21,0.234951E-01,-9999,-9999,-9999,-9999,-9999,-9999,-999900.,-9999,1.38158,2.43795,0.122246,2.80487,-0.788258E-13,-0.401460E-14,2.80487,5.38139,125.829,60.4598,2.49794,-9999,0.216566,0.439172,130.761,0.153715E-01,-9999,-0.247804E-01,0,27.3982,-4.15779,9.40493,23.4196,35.7164,50.0927,75.0480,-0.571658E-01,1.01143,-6.48557,1.02541,-9999,-9999,23.0927,1.12576,-9999,-9999,800000099,800000099,800000099,800000199,800000199,800001199,800010199,800010199,80100,80100,80,81,6,1,2,19,0,0,0.566491,0.248878,0.629744E-01,0.639255E-02,5.86337,-9999,-0.523365E-02,0.230927E-01,-9999,16.0000,0.232222,250.963,68.5186,5.12921,97670.9,1.22811
CH-CHA_201201071400.csv,2012-01-07,16:00,7.666,1,36000,36000,-0.194221E-01,1,0.394336E-02,-13.7393,1,2.51136,-9999,-9999,-9999,-19.8915,2,8.00027,-9999,-9999,-9999,-0.300489,-9999,-1.60209,-9999,0.532417E-10,-9999,19.3041,453.277,453.277,0.350000,1,-9999,-9999,-9999,-9999,1,287.502,275.834,97666.0,1.23354,1005.20,0.234809E-01,-9999,-9999,-9999,-9999,-9999,-9999,-999900.,-9999,1.35442,1.12826,0.873907E-01,1.76496,-0.439848E-13,0.275805E-14,1.76496,4.50839,147.743,39.7950,2.83813,-9999,0.125479,0.601925,12.3108,0.163272,-9999,-0.883055E-01,0,-9999,-9999,-9999,-9999,-9999,-9999,-9999,-0.191066E-01,1.01651,-13.2761,1.03489,-9999,-9999,-16.1815,1.18135,-9999,-9999,800000099,800000099,800000099,800000199,800000099,800101199,800010199,800010199,80100,80100,80,81,9,0,3,10,3,0,0.503634,0.649941,0.502737E-01,0.581051E-01,0.810520,-9999,-0.107069E-01,-0.161815E-01,-9999,15.9981,0.238889,250.800,67.5005,4.94364,97666.0,1.22475
CH-CHA_201201071400.csv,2012-01-07,16:30,7.687,0,36000,36000,-0.167289E-01,1,0.422545E-02,-5.77770,0,0.972816,-9.07944,1,21.9346,3.23335,1,8.21853,-0.202177,1,0.488429,1.13965,-9999,-0.750886,-9999,-0.374640E-10,-0.215919E-12,18.6950,440.128,441.248,0.150000,0,107.746,2.53662,2.54307,0.350000,1,288.025,276.522,97653.0,1.22913,1006.57,0.235426E-01,-0.131011E-01,0.194158E-02,247.775,775.968,0.157965E-02,31.9311,528.192,261.333,0.922229,-0.362023E-01,0.465076E-01,0.924110,-0.117599E-13,-0.200396E-14,0.924110,3.65913,190.015,357.752,2.88474,-9999,0.116664,0.274131,23.5352,0.854039E-01,0.636350,-0.400295E-01,0,-9999,-9999,-9999,-9999,-9999,-9999,-9999,-0.165066E-01,1.01347,-6.12768,1.02687,-8.36354,1.07307,3.39571,1.07137,-0.186235,1.07307,800000099,800000099,800000099,800000099,800100099,800101099,800110199,801110199,81000,81000,80,80,0,2,2,5,1,0,0.252929,0.264821,0.305121E-01,0.172812E-01,1.05765,3123.86,-0.495287E-02,0.339571E-02,-0.186235,15.9973,0.248889,249.928,62.0522,5.33710,97652.9,1.23570
CH-CHA_201201071400.csv,2012-01-07,17:00,7.708,0,36000,36000,-0.368053E-01,1,0.550022E-02,-11.4031,1,2.37146,6.11333,1,1.29681,0.831084,1,0.403257,0.136140,1,0.288792E-01,0.147461,6.67135,-2.04700,0.148567,-0.848162E-11,-0.107807E-12,17.1691,404.277,406.365,0.300000,0,218.231,5.13864,5.16519,0.300000,0,288.343,276.611,97667.0,1.22770,1007.97,0.235468E-01,0.882190E-02,0.393253E-02,502.011,780.861,0.320317E-02,64.2893,278.851,270.475,1.26639,0.184787E-01,0.477038E-01,1.26742,-0.115992E-13,-0.494005E-15,1.26742,4.89867,182.786,0.835981,2.15704,-9999,0.173145,0.372259,39.0025,0.515351E-01,-1.86529,-0.532199E-01,0,-9999,-9999,-9999,-9999,-9999,-9999,-9999,-0.363824E-01,1.01162,-10.7999,1.02374,5.99231,1.06943,1.25321,1.07563,0.133445,1.06943,800000099,800000099,800000099,800000099,801100099,801100099,800110199,810110199,80000,80000,80,81,7,10,9,24,16,1,0.312954,0.402735,0.288307E-01,0.608678E-01,0.354340E-02,14.0612,-0.872723E-02,0.125321E-02,0.133445,16.0000,0.234444,249.000,56.2500,5.70497,97667.0,1.24134
CH-CHA_201201071400.csv,2012-01-07,17:30,7.729,0,36000,36000,-0.526622E-01,1,0.689550E-02,-19.0345,1,2.97238,8.46595,1,1.04097,2.86551,1,0.616716,0.188534,1,0.231821E-01,0.215401E-01,0.788528E-01,0.190343E-01,0.175603E-02,-0.759168E-10,-0.969934E-12,17.1838,404.610,406.713,0.200000,0,219.545,5.16940,5.19626,0.200000,0,288.613,276.624,97675.0,1.22773,1007.99,0.235460E-01,0.122170E-01,0.395620E-02,505.056,781.579,0.322238E-02,64.6201,276.522,270.556,1.80778,0.608776,0.853697E-01,1.90944,0.270241E-13,-0.441793E-14,1.90944,5.32302,169.406,18.6111,2.56251,-9999,0.207109,0.497987,39.9922,0.502598E-01,-2.24836,-0.742649E-01,0,31.0861,-4.71744,10.6709,26.5719,40.5239,56.8353,85.1497,-0.520439E-01,1.01188,-18.1087,1.02540,8.13123,1.10319,3.36611,1.11246,0.181080,1.10319,800000099,800000099,800000099,800000099,800000099,810100099,800000099,800110199,81100,81100,80,80,27,11,20,5,5,0,0.450205,0.503785,0.419836E-01,0.133562,0.705618E-02,10.2943,-0.146328E-01,0.336611E-02,0.181080,16.0000,2.84000,249.000,56.2500,5.61548,97675.5,1.24097
CH-CHA_201201071400.csv,2012-01-07,18:00,7.749,0,36000,36000,-0.247712E-01,1,0.343095E-02,-11.2008,0,1.98770,6.05975,0,1.25112,0.689916,1,0.346237,0.135024,0,0.278776E-01,0.970596,-0.180077,-0.553785E-01,-0.401250E-02,0.974630E-10,0.123121E-11,17.1070,403.638,405.707,0.200000,0,216.105,5.09898,5.12511,0.250000,0,289.238,277.211,97679.0,1.22521,1007.97,0.235950E-01,0.874957E-02,0.389421E-02,498.197,814.572,0.317840E-02,61.1606,316.375,270.372,1.52536,0.443500,0.475714E-01,1.58924,-0.247541E-12,0.569726E-14,1.58924,4.28583,171.611,16.2118,1.71531,-9999,0.142190,0.541596,21.9932,0.913917E-01,-1.84839,-0.637857E-01,0,-9999,-9999,-9999,-9999,-9999,-9999,-9999,-0.244475E-01,1.01324,-10.5726,1.02787,5.72157,1.10916,1.06815,1.11886,0.127489,1.10916,800000099,800000099,800000099,800000099,800000099,800100199,810110199,810110199,81100,81100,80,81,2,2,3,0,3,5,0.497710,0.543583,0.418976E-01,0.931538E-01,0.596628E-02,17.8160,-0.856101E-02,0.106815E-02,0.127489,16.0000,10.4267,249.000,56.2500,5.89604,97678.9,1.24953
CH-CHA_201201071400.csv,2012-01-07,18:30,7.770,0,36000,36000,-0.309984E-01,1,0.646021E-02,-12.9999,0,3.30961,3.87290,1,1.51304,0.664370,1,0.698135,0.863158E-01,1,0.337215E-01,0.393130,0.198537,0.111663,0.442483E-02,-0.479385E-10,-0.611843E-12,17.1724,405.600,407.710,0.250000,0,219.173,5.17672,5.20365,0.250000,0,289.356,277.449,97662.0,1.22391,1008.01,0.236193E-01,0.559327E-02,0.394949E-02,505.704,828.296,0.322695E-02,61.0536,322.592,270.574,1.43931,0.705312,0.537231E-01,1.60373,-0.519010E-13,-0.279160E-14,1.60373,7.15319,160.592,26.1065,1.91970,-9999,0.159146,0.884247,26.5661,0.756603E-01,-3.35663,-0.662112E-01,0,-9999,-9999,-9999,-9999,-9999,-9999,-9999,-0.306105E-01,1.01267,-12.4534,1.02668,3.83542,1.10192,1.15355,1.11096,0.854808E-01,1.10192,800000099,800000099,800000099,800000099,800100099,800100099,800010199,800110199,80000,80000,80,81,3,0,17,3,10,6,0.517597,1.21262,0.382770E-01,0.137133,0.260354E-01,42.0679,-0.100942E-01,0.115355E-02,0.854808E-01,16.0000,13.4711,249.000,56.2500,6.18753,97662.2,1.25353
CH-CHA_201201071400.csv,2012-01-07,19:00,7.791,0,36000,36000,-0.172514E-01,1,0.257353E-02,-17.1356,0,4.24452,11.2243,1,1.63183,2.19271,0,1.26931,0.250135,1,0.363654E-01,-0.165169,0.309889,0.495040E-01,0.690590E-02,0.581806E-10,0.758347E-12,17.2076,406.470,408.635,0.300000,0,224.290,5.29805,5.32627,0.300000,0,289.468,277.349,97618.0,1.22374,1008.08,0.236215E-01,0.162087E-01,0.404170E-02,517.324,822.505,0.330274E-02,62.8962,305.181,270.880,1.93936,-0.704693E-01,0.469644E-01,1.94121,0.204408E-13,0.338110E-14,1.94121,5.68733,191.217,357.919,1.38631,-9999,0.118732,0.681772,8.36679,0.240236,-1.52665,-0.116989,0,-9999,-9999,-9999,-9999,-9999,-9999,-9999,-0.169180E-01,1.01971,-15.9106,1.04151,9.51723,1.22608,2.36904,1.24642,0.212092,1.22608,800000099,800000099,800000099,800000099,800000099,800110099,801110199,801110199,80000,80000,80,81,1,5,3,1,0,3,0.546840,0.776561,0.401441E-01,0.194418,0.267509E-01,18.7284,-0.128974E-01,0.236904E-02,0.212092,15.9973,0.395069,249.000,56.2500,6.09972,97618.2,1.25219
CH-CHA_201201071400.csv,2012-01-07,19:30,7.812,0,36000,36000,-0.257513E-01,1,0.238721E-02,-13.0401,1,1.49724,38.1969,1,12.9272,-6.65488,2,3.70528,0.851181,1,0.288069,-0.809356E-01,-3.19353,0.857250,-0.711646E-01,0.196907E-10,0.189094E-12,17.8494,421.528,423.241,0.350000,1,171.411,4.04801,4.06446,0.350000,1,289.379,277.300,97624.0,1.22461,1007.40,0.236158E-01,0.551565E-01,0.308882E-02,395.289,819.680,0.252228E-02,48.2248,424.391,267.300,1.42196,-0.600106E-01,0.396156E-01,1.42377,0.696521E-15,0.110316E-14,1.42377,3.64121,190.238,357.583,1.59442,-9999,0.145010,0.487267,20.0262,0.100369,-0.341393,-0.728927E-01,0,-9999,-9999,-9999,-9999,-9999,-9999,-9999,-0.254223E-01,1.01294,-10.6269,1.02698,34.9118,1.09807,-5.73658,1.10403,0.777976,1.09807,800000099,800001199,800000099,800000099,800000099,800000099,800110199,800110199,80100,80100,80,81,3,0,4,11,5,2,0.318965,0.633955,0.216155E-01,0.787672E-01,0.294811,1964.23,-0.861405E-02,-0.573658E-02,0.777976,16.0000,0.426667,249.307,58.1701,6.19465,97623.8,1.25145
CH-CHA_201201071400.csv,2012-01-07,20:00,7.833,0,36000,36000,-0.734447E-01,1,0.109281E-01,-31.6930,0,6.22027,-9999,-9999,-9999,-22.3866,2,17.7639,-9999,-9999,-9999,1.08925,-9999,2.22306,-9999,-0.108978E-09,-9999,19.4721,460.644,460.644,0.150000,0,-9999,-9999,-9999,-9999,1,289.785,277.961,97688.0,1.22438,1005.23,0.236566E-01,-9999,-9999,-9999,-9999,-9999,-9999,-999900.,-9999,0.251955E-01,-2.01004,-0.873609E-04,2.01020,0.155506E-13,-0.559664E-14,2.01020,7.62379,281.528,270.718,-0.249001E-02,-9999,0.244919,1.25163,39.6937,0.506378E-01,-9999,-0.105138,0,26.9491,-4.08963,9.25075,23.0357,35.1309,49.2715,73.8177,-0.725692E-01,1.01206,-30.8926,1.02591,-9999,-9999,-18.3833,1.11964,-9999,-9999,800000099,800000199,800000099,800000199,800000099,800101199,800100199,800100199,80100,80100,80,81,23,29,16,0,11,7,1.32374,1.09564,0.838884E-01,0.287009,2.41457,-9999,-0.251000E-01,-0.183833E-01,-9999,16.0000,0.346667,250.724,67.0271,6.32426,97689.8,1.25490
CH-CHA_201201072000.csv,2012-01-07,20:30,7.854,0,36000,36000,-0.229245,1,0.279491E-01,-30.6466,0,3.87672,-18.3839,2,47.2375,9.85767,2,9.15318,-0.410067,2,1.05367,0.598731,-9999,-1.94039,-9999,0.367777E-09,0.277129E-11,17.9835,426.422,427.796,0.300000,0,135.510,3.21321,3.22356,0.400000,0,288.375,278.325,97588.0,1.22004,1006.96,0.237119E-01,-0.265723E-01,0.244190E-02,313.654,880.587,0.200149E-02,35.6188,566.932,264.306,2.16293,-2.69338,0.764903E-02,3.45436,-0.357630E-12,0.204508E-13,3.45436,12.3469,239.773,308.766,0.126871,-9999,0.433474,2.15535,227.523,0.883426E-02,1.66704,-0.575484E-01,0,29.7997,-4.52222,10.2293,25.4723,38.8469,54.4833,81.6260,-0.226499,1.01213,-30.7832,1.02745,-15.5206,1.14559,10.1646,1.14558,-0.346199,1.14559,800000099,800001199,800000099,800001199,800001099,800101199,800000199,800010199,80100,80100,80,81,14,5,2,2,29,36,2.72085,1.38549,0.204356,0.959451E-01,0.858026,5124.44,-0.250569E-01,0.101646E-01,-0.346199,16.0000,0.470000,252.543,78.3943,6.44159,97675.5,1.25578
CH-CHA_201201072000.csv,2012-01-07,21:00,7.874,0,36000,36000,-0.142021,0,0.106633E-01,-34.2811,0,2.64674,17.3291,0,11.4819,3.32567,0,2.73170,0.386610,0,0.256159,0.311086,5.30711,-1.23261,0.118401,-0.990270E-10,-0.129709E-11,17.0725,404.689,406.846,0.350000,1,223.621,5.30075,5.32900,0.400000,0,288.385,278.514,97686.0,1.21947,1008.09,0.237042E-01,0.250523E-01,0.402965E-02,517.948,892.244,0.330442E-02,58.0501,374.296,270.896,2.50231,-2.09767,-0.684528E-02,3.26525,-0.508338E-13,-0.580038E-14,3.26525,8.58937,226.517,320.027,-0.120115,-9999,0.341265,1.34195,99.3565,0.202302E-01,-1.97824,-0.817129E-01,0,27.3717,-4.15375,9.39581,23.3969,35.6817,50.0441,74.9752,-0.140277,1.01244,-32.4515,1.02790,15.9990,1.14012,4.23435,1.15213,0.356935,1.14012,800000099,800001099,800000099,800000099,800000099,800000099,800000199,800010199,80000,80000,80,80,12,6,4,1,3,3,1.10437,1.42294,0.156599,0.552452E-01,0.722744E-01,617.672,-0.263974E-01,0.423435E-02,0.356935,15.9957,0.499444,249.249,57.8074,6.42687,97688.7,1.26568
CH-CHA_201201072000.csv,2012-01-07,21:30,7.895,0,36000,36000,-0.119338,0,0.122247E-01,-43.0367,0,4.74980,56.0932,1,30.7748,-7.89540,2,10.6731,1.25218,1,0.686990,1.02647,-1.29488,0.408584,-0.289057E-01,0.250666E-11,0.291496E-13,17.3403,411.908,413.891,0.350000,1,201.648,4.79003,4.81308,0.400000,0,289.288,279.139,97698.0,1.21713,1007.82,0.237544E-01,0.811410E-01,0.363369E-02,468.102,931.769,0.298547E-02,50.2380,463.667,269.537,2.29734,-2.11377,-0.684181E-02,3.12183,0.117216E-12,0.144557E-15,3.12183,8.39959,229.496,317.383,-0.125570,-9999,0.313127,1.21072,61.1369,0.328771E-01,-0.767235,-0.112046,0,24.3750,-3.69900,8.36715,20.8354,31.7753,44.5653,66.7669,-0.117828,1.01281,-38.9379,1.02854,49.5526,1.14948,-5.37397,1.15963,1.10617,1.14948,800000099,800001199,800000099,800000099,800000099,800000099,800000199,800000199,81100,81100,80,81,18,14,6,3,10,2,1.24930,0.996046,0.176106,0.123354,0.565615,2462.27,-0.317431E-01,-0.537397E-02,1.10617,15.9953,0.473889,249.717,60.7287,6.99858,97699.1,1.27779
CH-CHA_201201072000.csv,2012-01-07,22:00,7.916,0,36000,36000,-0.727671E-01,1,0.902729E-02,-32.1407,0,3.00950,-9999,-9999,-9999,8.73629,1,14.3803,-9999,-9999,-9999,0.444239,-9999,1.78531,-9999,-0.614275E-10,-9999,18.6484,443.489,443.489,0.450000,0,-9999,-9999,-9999,-9999,1,289.821,279.410,97681.0,1.21794,1005.25,0.237816E-01,-9999,-9999,-9999,-9999,-9999,-9999,-999900.,-9999,1.66225,-1.79562,0.137389E-02,2.44690,0.191701E-12,-0.329398E-14,2.44690,6.53034,234.572,312.791,0.321705E-01,-9999,0.244430,1.06022,38.9059,0.516631E-01,-9999,-0.107398,0,24.8027,-3.76391,8.51397,21.2010,32.3329,45.3473,67.9385,-0.718517E-01,1.01274,-31.2721,1.02777,-9999,-9999,9.14899,1.14640,-9999,-9999,800000099,800001199,800000099,800001199,800001099,800001099,800000199,800100199,81100,81100,80,81,3,2,2,2,6,0,0.882660,1.13503,0.102752,0.780130E-01,1.73104,-9999,-0.255420E-01,0.914899E-02,-9999,16.0000,0.402222,251.297,70.6071,7.24224,97681.0,1.27656
CH-CHA_201201072000.csv,2012-01-07,22:30,7.937,0,36000,36000,0.689557E-01,1,0.614732E-02,-61.0039,1,12.1355,-9999,-9999,-9999,-34.5313,2,35.9184,-9999,-9999,-9999,-0.761992,-9999,0.761149,-9999,-0.597622E-09,-9999,19.2484,456.928,456.928,0.350000,1,-9999,-9999,-9999,-9999,1,288.476,278.946,97696.0,1.22015,1005.25,0.237385E-01,-9999,-9999,-9999,-9999,-9999,-9999,-999900.,-9999,-0.908031,-0.750355,0.653128E-01,1.17975,0.486036E-12,-0.310479E-13,1.17975,5.73054,324.007,219.569,3.17360,-9999,0.237727,0.856600,18.8593,0.106578,-9999,-0.209214,0,34.0412,-5.16589,11.6853,29.0979,44.3762,62.2383,93.2442,0.680199E-01,1.01376,-59.3265,1.02827,-9999,-9999,-28.3555,1.09677,-9999,-9999,800000099,800001199,800000099,800001199,800001099,800101199,800100199,800100199,81100,81100,80,81,12,7,7,1,7,3,0.567262,1.10193,0.439980E-01,0.783841,11.3501,-9999,-0.483683E-01,-0.283555E-01,-9999,16.0000,0.351111,254.468,90.4247,7.07840,97697.5,1.26288
CH-CHA_201201072000.csv,2012-01-07,23:00,7.958,0,36000,36000,0.521894E-01,0,0.583018E-02,0.760386,2,5.65213,-9999,-9999,-9999,39.6358,0,30.5111,-9999,-9999,-9999,-1.01725,-9999,0.985748,-9999,0.106448E-09,-9999,20.0265,474.292,474.292,0.350000,1,-9999,-9999,-9999,-9999,1,286.365,278.328,97707.0,1.22300,1005.24,0.236832E-01,-9999,-9999,-9999,-9999,-9999,-9999,-999900.,-9999,-1.18980,-1.04706,0.565021E-01,1.58592,0.149328E-12,0.531538E-14,1.58592,5.70027,330.402,221.349,2.04173,-9999,0.206575,0.732269,-992.845,-0.202449E-02,-9999,0.299405E-02,0,27.3625,-4.15236,9.39265,23.3890,35.6697,50.0273,74.9500,0.516220E-01,1.01099,0.745410,1.02009,-9999,-9999,37.5029,1.05569,-9999,-9999,800000099,800001199,800000099,800001199,800001199,800101199,800100199,800100199,81000,81000,80,81,3,16,11,0,14,6,0.491822,0.915206,0.575103E-01,0.440994,7.65142,-9999,0.606317E-03,0.375029E-01,-9999,16.0000,0.400000,255.000,93.7500,6.62046,97704.5,1.25513
CH-CHA_201201072000.csv,2012-01-07,23:30,7.979,0,36000,36000,-0.339723E-01,1,0.450623E-02,-8.55070,1,2.87914,-9999,-9999,-9999,66.3347,1,22.9963,-9999,-9999,-9999,-0.817902,-9999,3.98280,-9999,0.398608E-09,-9999,23.0251,544.326,544.326,0.300000,0,-9999,-9999,-9999,-9999,1,284.640,277.832,97709.0,1.22521,1005.23,0.236406E-01,-9999,-9999,-9999,-9999,-9999,-9999,-999900.,-9999,-0.824595,-0.107357,0.529117E-01,0.833235,0.285635E-12,0.173119E-13,0.833235,3.99427,5.05323,187.418,3.64082,-9999,0.166517,0.608158,46.2440,0.434651E-01,-9999,-0.416934E-01,0,-9999,-9999,-9999,-9999,-9999,-9999,-9999,-0.335693E-01,1.01200,-8.35944,1.02288,-9999,-9999,63.8293,1.04827,-9999,-9999,800000099,800000199,800000099,800000199,800000199,800101199,800110199,811110199,80000,80000,80,81,4,2,5,0,8,0,0.303778,0.886584,0.259532E-01,0.109451,7.59813,-9999,-0.678738E-02,0.638293E-01,-9999,15.9907,0.610556,255.000,93.7500,6.42296,97705.5,1.25175
CH-CHA_201201072000.csv,2012-01-08,00:00,8.000,0,36000,36000,-0.357344E-01,1,0.461319E-02,-17.7818,0,1.61655,-9999,-9999,-9999,-20.5786,1,10.1645,-9999,-9999,-9999,0.388834,-9999,-0.290269,-9999,-0.160312E-09,-9999,22.7896,539.217,539.217,0.350000,1,-9999,-9999,-9999,-9999,1,284.729,278.068,97709.0,1.22417,1005.24,0.236606E-01,-9999,-9999,-9999,-9999,-9999,-9999,-999900.,-9999,-0.278684,-2.56459,0.106107E-01,2.57971,0.503569E-13,-0.703442E-14,2.57971,5.71623,283.561,263.798,0.235666,-9999,0.170853,0.475881,24.0205,0.836786E-01,-9999,-0.845752E-01,0,-9999,-9999,-9999,-9999,-9999,-9999,-9999,-0.352211E-01,1.01457,-17.2364,1.03164,-9999,-9999,-16.3371,1.18713,-9999,-9999,800000099,800000199,800000099,800000199,800000199,800101199,800000199,800110199,81100,81100,80,80,35,6,13,0,8,0,0.546321,0.340527,0.649144E-01,0.465986E-01,1.78663,-9999,-0.140068E-01,-0.163371E-01,-9999,15.9981,0.343333,255.000,93.7500,6.25236,97708.1,1.25183
CH-CHA_201201072000.csv,2012-01-08,00:30,8.020,0,36000,36000,-0.347091E-01,1,0.471515E-02,-16.8320,0,2.19696,-9999,-9999,-9999,-2.45037,2,5.72544,-9999,-9999,-9999,0.113652,-9999,-4.79264,-9999,0.561870E-11,-9999,19.2183,454.848,454.848,0.350000,1,-9999,-9999,-9999,-9999,1,285.361,278.137,97705.0,1.22381,1005.24,0.236675E-01,-9999,-9999,-9999,-9999,-9999,-9999,-999900.,-9999,-0.140511,-3.39316,0.147058E-01,3.39610,-0.399972E-13,0.292362E-15,3.39610,7.16013,279.542,267.629,0.248104,-9999,0.168408,0.689298,24.3012,0.827120E-01,-9999,-0.812437E-01,0,-9999,-9999,-9999,-9999,-9999,-9999,-9999,-0.341482E-01,1.01643,-16.2470,1.03601,-9999,-9999,-1.20913,1.24469,-9999,-9999,800000099,800000099,800000099,800000199,800000099,800000199,800000199,800000199,80100,80100,80,80,5,2,8,0,10,12,0.792789,0.494357,0.914518E-01,0.138681,1.05307,-9999,-0.132065E-01,-0.120913E-02,-9999,16.0000,0.288889,254.725,92.0340,6.19365,97700.7,1.25436
CH-CHA_201201072000.csv,2012-01-08,01:00,8.041,0,36000,36000,-0.708183E-01,0,0.627795E-02,-28.9716,0,2.28720,-3.81293,2,6.22249,5.08672,0,2.98507,-0.850344E-01,2,0.138771,-0.181359E-01,-9999,-3.03679,-9999,0.828121E-11,0.123953E-12,16.9599,401.390,403.816,0.400000,0,253.855,6.00800,6.04432,0.350000,1,285.913,278.126,97703.0,1.22106,1008.48,0.236670E-01,-0.551023E-02,0.457447E-02,587.157,868.458,0.374632E-02,67.6091,281.301,272.603,0.631369E-01,-3.44405,0.271958E-01,3.44474,0.484658E-13,0.488282E-15,3.44474,6.76314,275.921,271.050,0.452348,-9999,0.240827,0.716139,41.3257,0.486380E-01,7.59826,-0.976934E-01,0,24.7004,-3.74838,8.47884,21.1135,32.1994,45.1602,67.6582,-0.698027E-01,1.01455,-28.2597,1.03231,-2.38487,1.18544,5.45425,1.20191,-0.531863E-01,1.18544,800000099,800001199,800000099,800000099,800000099,800001099,800000199,800000199,80000,80000,80,80,18,7,7,0,117,306,0.746525,0.585152,0.100601,0.835245E-01,0.111097,1321.05,-0.229491E-01,0.545425E-02,-0.531863E-01,15.9907,0.570556,252.426,77.6617,6.15632,97701.5,1.25520
CH-CHA_201201072000.csv,2012-01-08,01:30,8.062,0,36000,36000,-0.974768E-01,0,0.798625E-02,-33.3058,0,3.95705,21.3070,1,8.35115,1.73635,1,0.610344,0.475233,1,0.186265,0.194509,2.53802,-0.751495,0.566082E-01,0.948010E-11,0.171083E-12,16.3946,388.156,390.894,0.350000,1,295.866,7.00488,7.05429,0.350000,1,286.152,278.244,97708.0,1.22014,1009.02,0.236759E-01,0.307951E-01,0.533150E-02,684.616,875.632,0.436958E-02,78.1854,191.016,274.727,0.424820,-3.83492,-0.435319E-02,3.85838,0.277234E-13,0.578245E-15,3.85838,8.02575,270.220,276.321,-0.646436E-01,-9999,0.282648,0.835427,58.1276,0.345791E-01,-1.56314,-0.957112E-01,0,26.4287,-4.01066,9.07213,22.5909,34.4525,48.3202,72.3924,-0.960857E-01,1.01448,-31.2088,1.03252,18.8826,1.18879,2.61803,1.20160,0.421158,1.18879,800000199,800000099,800000099,800000099,800001199,800001199,800000199,800000199,80100,80100,80,80,13,16,7,0,313,398,0.919156,0.634672,0.117026,0.225898,0.202024E-01,444.097,-0.253492E-01,0.261803E-02,0.421158,16.0000,0.370000,251.263,70.3932,6.22135,97705.6,1.25956
CH-CHA_201201072000.csv,2012-01-08,02:00,8.083,0,36000,36000,-0.273622E-01,2,0.673548E-02,-38.4433,1,8.16229,5.69639,1,1.92170,3.43729,1,0.267096,0.127065,1,0.428660E-01,0.168078,0.904739,-0.169365,0.201813E-01,0.191220E-09,0.365409E-11,16.2621,385.172,388.028,0.400000,0,310.759,7.36042,7.41499,0.100000,0,287.587,278.346,97705.0,1.21949,1009.23,0.236853E-01,0.823381E-02,0.559988E-02,719.342,881.875,0.459198E-02,81.5696,162.533,275.419,0.599654,-2.46483,0.160972E-03,2.53672,-0.516667E-13,0.117586E-13,2.53672,7.06943,258.952,283.674,0.363581E-02,-9999,0.149791,1.25989,7.49577,0.268151,-6.74871,-0.208530,0,-9999,-9999,-9999,-9999,-9999,-9999,-9999,-0.267469E-01,1.02300,-36.4307,1.04842,5.41903,1.33194,3.86014,1.35054,0.120878,1.33194,800000099,800000099,800000099,800000099,800000199,800100199,800000199,800100199,80000,80000,80,81,12,15,11,0,175,264,1.53287,0.885178,0.101739,0.295949,0.954458E-03,23.5336,-0.296006E-01,0.386014E-02,0.120878,16.0000,0.358889,251.000,68.7500,6.36336,97702.4,1.26531
CH-CHA_201201080200.csv,2012-01-08,02:30,8.104,0,36000,36000,-0.705420E-01,1,0.100897E-01,-24.7609,1,3.84808,1.68202,2,19.3399,1.92444,1,4.60493,0.375122E-01,2,0.431315,-0.339419,-4.03043,0.767858,-0.898860E-01,0.137196E-09,0.198798E-11,16.8359,398.697,401.014,0.300000,0,243.954,5.77715,5.81072,0.150000,0,287.877,278.140,97649.0,1.22043,1008.35,0.236813E-01,0.243079E-02,0.439605E-02,564.284,869.307,0.360206E-02,64.9119,305.023,272.060,1.27746,0.323299,0.617271E-01,1.31918,0.328323E-12,0.814899E-14,1.31918,4.72861,171.377,14.2022,2.68196,-9999,0.240418,1.45835,48.0867,0.417995E-01,-14.7209,-0.836904E-01,0,31.1404,-4.72567,10.6895,26.6183,40.5946,56.9346,85.2984,-0.697542E-01,1.01129,-24.1085,1.02312,2.30651,1.06811,2.91140,1.07419,0.514394E-01,1.06811,800000099,800000099,800000099,800000099,800000099,800100099,800000199,800110199,81000,81000,80,81,1,0,6,0,6,2,0.741634,2.11871,0.563602E-01,0.107855,0.228136,4085.56,-0.195906E-01,0.291140E-02,0.514394E-01,15.9981,0.296667,251.256,70.3490,6.27187,97701.2,1.25743
CH-CHA_201201080200.csv,2012-01-08,03:00,8.124,0,36000,36000,-0.222227E-01,1,0.367927E-02,-16.5182,0,1.70739,8.45796,0,1.39779,2.06660,0,0.353891,0.188596,0,0.311680E-01,-0.290397,3.76183,-0.649414,0.838818E-01,-0.353679E-10,-0.662382E-12,16.3725,387.271,390.101,0.150000,0,306.630,7.25294,7.30593,0.150000,0,287.769,277.964,97701.0,1.22117,1009.16,0.236537E-01,0.122210E-01,0.552547E-02,708.809,858.694,0.452474E-02,82.5450,149.885,275.212,1.07147,1.62763,0.837885E-01,1.95045,0.387085E-12,-0.216020E-14,1.95045,4.43745,128.434,56.6430,2.46210,-9999,0.134900,0.524289,12.7418,0.157748,-1.95298,-0.993612E-01,0,-9999,-9999,-9999,-9999,-9999,-9999,-9999,-0.218627E-01,1.01646,-15.5407,1.03496,7.65284,1.18384,2.33202,1.19341,0.170644,1.18384,800000099,800000099,800000099,800000099,800000099,800000099,800110199,800110199,80000,80000,80,81,3,3,2,3,16,5,0.328413,0.669808,0.503581E-01,0.356949E-01,0.210995E-02,16.7979,-0.126106E-01,0.233202E-02,0.170644,15.9973,0.319444,251.000,68.7500,6.31100,97700.4,1.26002
CH-CHA_201201080200.csv,2012-01-08,03:30,8.145,0,36000,36000,-0.470195E-01,0,0.401742E-02,-18.8748,0,1.93019,9.16840,0,2.17143,1.83825,0,0.221801,0.204424,0,0.484155E-01,-0.120470,-0.800049,0.934178E-01,-0.178383E-01,-0.600337E-10,-0.107115E-11,16.4458,388.915,391.632,0.250000,0,293.433,6.93917,6.98766,0.200000,0,287.757,277.891,97698.0,1.22160,1008.98,0.236482E-01,0.132467E-01,0.528766E-02,678.125,854.326,0.432848E-02,79.3754,176.202,274.594,1.94045,1.55534,0.120304,2.48976,0.552880E-13,-0.365040E-14,2.48976,5.06037,148.118,38.7134,2.76959,-9999,0.196190,0.301909,34.2983,0.586035E-01,-2.05868,-0.780539E-01,0,-9999,-9999,-9999,-9999,-9999,-9999,-9999,-0.464124E-01,1.01308,-17.8802,1.02852,8.58420,1.14512,2.30856,1.15440,0.191398,1.14512,800000099,800000099,800000099,800000099,800000099,800000099,800000199,800010199,80000,80000,80,80,7,18,3,0,7,21,0.332846,0.216960,0.540102E-01,0.716446E-01,0.164742E-02,66.0166,-0.145064E-01,0.230856E-02,0.191398,15.9977,0.311111,251.000,68.7500,6.42238,97699.3,1.25959
CH-CHA_201201080200.csv,2012-01-08,04:00,8.166,0,36000,36000,-0.567846E-01,1,0.899013E-02,-1.45195,2,1.15838,1.89860,2,1.98775,-2.81821,2,2.26528,0.423115E-01,2,0.442983E-01,-0.849745,-1.29673,0.363962,-0.288985E-01,0.109656E-10,0.178416E-12,16.7472,395.305,397.864,0.350000,1,272.485,6.43180,6.47344,0.350000,1,288.002,277.377,97699.0,1.22411,1008.69,0.236043E-01,0.274179E-02,0.491017E-02,628.549,824.122,0.401123E-02,76.2689,195.574,273.541,0.110469,-0.387666,0.237063E-01,0.403795,-0.136253E-12,0.654775E-15,0.403795,4.19345,256.582,285.905,3.36569,-9999,0.215380,0.567538,589.864,0.340756E-02,-0.764746,-0.545967E-02,0,40.0985,-6.08511,13.7645,34.2756,52.2725,73.3129,109.836,-0.559777E-01,1.01441,-1.31127,1.02115,1.90408,1.01793,-2.71233,1.01903,0.424337E-01,1.01793,800000099,800000099,800000099,800000099,800111099,800111199,810100199,811110199,80000,80000,80,81,4,3,2,10,15,20,0.418685,0.692424,0.239661E-01,0.160892,0.464213E-01,22.2489,-0.106197E-02,-0.271233E-02,0.424337E-01,15.9961,0.351111,250.396,64.9733,5.90285,97699.7,1.25068
CH-CHA_201201080200.csv,2012-01-08,04:30,8.187,0,36000,36000,-0.238998E-01,2,0.881737E-02,-13.8004,0,1.89213,2.66277,0,1.72963,1.81816,0,0.732575,0.593170E-01,0,0.385300E-01,-0.725466,-0.605398,0.205632,-0.134861E-01,0.153859E-09,0.238960E-11,16.9325,398.908,401.395,0.300000,0,262.980,6.19548,6.23411,0.350000,1,288.032,276.939,97733.0,1.22658,1008.56,0.235588E-01,0.384374E-02,0.473889E-02,605.665,799.134,0.386350E-02,75.7903,193.468,273.029,-0.845507,-0.434463,0.346128E-01,0.951230,-0.107833E-12,0.908662E-14,0.951230,4.41146,341.055,207.196,2.08530,-9999,0.139588,0.858954,16.8978,0.118950,-5.18271,-0.799182E-01,0,-9999,-9999,-9999,-9999,-9999,-9999,-9999,-0.235630E-01,1.01429,-13.2674,1.02883,2.89947,1.07668,2.28811,1.08236,0.645896E-01,1.07668,800000099,800000099,800000099,800000099,800011099,800111199,800110199,800110199,81100,81100,80,81,0,6,8,14,48,34,1.29161,0.381569,0.447280E-01,0.520935E-01,0.974169E-02,24.3038,-0.107248E-01,0.228811E-02,0.645896E-01,15.9942,0.503333,250.000,62.5000,5.44215,97733.6,1.24522
CH-CHA_201201080200.csv,2012-01-08,05:00,8.208,0,36000,36000,-0.692820E-02,2,0.362352E-02,-13.0190,1,4.09916,-9999,-9999,-9999,-37.1315,2,23.1942,-9999,-9999,-9999,0.350647,-9999,4.42408,-9999,0.132528E-09,-9999,20.2158,476.465,476.465,0.350000,1,-9999,-9999,-9999,-9999,1,287.708,277.151,97766.0,1.22894,1005.22,0.235689E-01,-9999,-9999,-9999,-9999,-9999,-9999,-999900.,-9999,-1.43709,-0.373297,0.726354E-01,1.48656,-0.104622E-12,0.655568E-14,1.48656,4.86912,353.881,194.561,2.80068,-9999,0.750837E-01,0.711567,2.78562,0.721564,-9999,-0.140359,0,-9999,-9999,-9999,-9999,-9999,-9999,-9999,-0.668985E-02,1.03563,-12.1354,1.07281,-9999,-9999,-26.1318,1.39151,-9999,-9999,800000099,800000199,800000099,800000199,800000199,800101199,800110199,800110199,80100,80100,80,81,2,9,4,2,0,3,0.967794,0.402687,0.526524E-01,0.209222,5.13417,-9999,-0.982347E-02,-0.261318E-01,-9999,16.0000,0.294444,253.294,83.0884,5.71841,97765.9,1.24174
CH-CHA_201201080200.csv,2012-01-08,05:30,8.229,0,36000,36000,-0.651379E-02,2,0.103909E-02,-3.20484,0,2.05324,-18.7045,2,9.79570,7.02253,2,3.68192,-0.416637,2,0.218196,-0.481952,-9999,0.785665E-01,-9999,-0.239485E-09,-0.823773E-12,20.2962,477.840,478.627,0.200000,0,69.8142,1.64366,1.64637,0.350000,1,286.613,276.860,97769.0,1.22950,1006.09,0.235434E-01,-0.269981E-01,0.125805E-02,160.742,794.698,0.102322E-02,20.2268,633.956,256.069,0.560704,0.674463,0.183304E-01,0.877283,-0.812795E-13,-0.117995E-13,0.877283,3.81447,132.800,50.2621,1.19726,-9999,0.727868E-01,0.417010,10.3116,0.194926,0.171341,-0.355949E-01,0,-9999,-9999,-9999,-9999,-9999,-9999,-9999,-0.639116E-02,1.01919,-4.05668,1.03914,-16.4399,1.13410,6.62217,1.11921,-0.366194,1.13410,800000099,800000099,800000099,800000199,800000199,800100199,801100199,811110199,81000,81000,80,81,7,0,15,1,5,1,0.352476,0.472185,0.935824E-02,0.133866,0.562755,2017.14,-0.327948E-02,0.662217E-02,-0.366194,15.9922,0.450000,251.043,69.0172,5.59608,97768.7,1.23959
CH-CHA_201201080200.csv,2012-01-08,06:00,8.249,0,36000,36000,-0.426035E-01,1,0.143258E-01,-9.88627,1,7.22538,-38.6578,1,13.8909,15.8494,1,5.57074,-0.861365,1,0.309514,0.556122,8.12573,-3.39284,0.181056,-0.230972E-09,-0.265993E-11,17.7492,418.358,420.383,0.300000,0,204.404,4.81790,4.84123,0.350000,1,287.190,277.196,97775.0,1.22661,1007.81,0.235705E-01,-0.558164E-01,0.368335E-02,471.197,813.713,0.300287E-02,57.9069,342.517,269.625,1.11523,0.371623,0.527868E-01,1.17670,-0.161320E-12,-0.130131E-13,1.17670,6.08685,163.919,18.4294,2.57115,-9999,0.186367,0.753106,56.1423,0.358019E-01,0.255738,-0.429119E-01,0,-9999,-9999,-9999,-9999,-9999,-9999,-9999,-0.421215E-01,1.01144,-11.8134,1.02307,-35.9717,1.06214,15.6662,1.06739,-0.801514,1.06214,800000099,800000099,800000099,800000099,800000099,800100099,800110199,810110199,80000,80000,80,81,17,12,12,0,0,2,1.16286,0.313264,0.300807E-01,0.394226,0.253454,758.518,-0.955625E-02,0.156662E-01,-0.801514,16.0000,0.325556,249.272,57.9523,5.59121,97774.6,1.24628
CH-CHA_201201080200.csv,2012-01-08,06:30,8.270,0,36000,36000,-0.379216E-01,1,0.609782E-02,-19.2233,0,2.30611,7.61950,1,1.35884,2.46935,0,0.523907,0.169822,1,0.302857E-01,0.472627,1.73598,-0.892874,0.386912E-01,-0.181284E-10,-0.247488E-12,17.0554,402.678,404.904,0.300000,0,232.840,5.49736,5.52775,0.300000,0,287.744,277.482,97712.0,1.22424,1008.18,0.236101E-01,0.110045E-01,0.419578E-02,537.303,830.215,0.342725E-02,64.7185,292.912,271.393,2.05608,-0.344354,0.416676E-01,2.08513,0.561879E-13,-0.106291E-14,2.08513,5.41659,197.854,350.492,1.14503,-9999,0.175999,0.629413,24.3088,0.826860E-01,-2.52291,-0.884937E-01,0,-9999,-9999,-9999,-9999,-9999,-9999,-9999,-0.374153E-01,1.01353,-18.2857,1.02906,7.18079,1.13692,2.92215,1.14924,0.160045,1.13692,800000099,800000099,800000099,800000099,800000099,800100199,800100199,801110199,80000,80000,80,81,17,19,18,18,18,44,0.650489,0.571089,0.372478E-01,0.101158,0.743049E-02,23.8793,-0.148151E-01,0.292215E-02,0.160045,16.0000,0.225556,249.000,56.2500,5.82959,97711.9,1.25101
CH-CHA_201201080200.csv,2012-01-08,07:00,8.291,0,36000,36000,-0.397442E-01,0,0.508059E-02,-25.6725,0,2.73436,10.2244,0,1.16232,1.60801,0,0.369030,0.227902,0,0.259082E-01,0.173412,-0.417300,-0.643598E-01,-0.930166E-02,0.110665E-09,0.147002E-11,16.9975,401.547,403.700,0.350000,1,225.786,5.33392,5.36252,0.350000,1,288.271,277.587,97692.0,1.22360,1008.10,0.236238E-01,0.147681E-01,0.406866E-02,521.221,836.347,0.332515E-02,62.3212,315.125,270.982,2.43402,-0.712661,0.486218E-01,2.53667,0.224261E-12,0.651068E-14,2.53667,4.79088,202.497,343.680,1.09829,-9999,0.180226,0.348956,19.5422,0.102854,-2.51091,-0.115480,0,-9999,-9999,-9999,-9999,-9999,-9999,-9999,-0.391445E-01,1.01532,-24.3413,1.03312,9.22844,1.18431,2.32411,1.20084,0.205703,1.18431,800000099,800000099,800000099,800000099,800000099,800000099,800000199,800100199,81100,81100,80,81,15,13,8,4,10,24,0.386032,0.257889,0.539902E-01,0.125389,0.409315E-02,15.9504,-0.197333E-01,0.232411E-02,0.205703,15.9969,0.414444,249.000,56.2500,5.88148,97695.4,1.25306
CH-CHA_201201080200.csv,2012-01-08,07:30,8.312,0,36000,36000,-0.422829E-01,0,0.453617E-02,-17.1633,0,1.72817,9.60832,0,0.865535,2.32426,0,0.383436,0.214255,0,0.193004E-01,0.679277,-0.323778,-0.829923E-01,-0.721989E-02,-0.156095E-09,-0.203147E-11,16.9071,400.086,402.180,0.350000,1,220.035,5.20684,5.23410,0.350000,1,289.064,277.999,97672.0,1.22160,1008.04,0.236637E-01,0.138837E-01,0.396503E-02,508.699,860.796,0.324577E-02,59.0964,352.097,270.653,2.18370,-0.184204,0.404697E-01,2.19183,0.395536E-12,-0.923249E-14,2.19183,4.45742,188.655,355.178,1.05796,-9999,0.186045,0.574363,32.1497,0.625200E-01,-1.78630,-0.749163E-01,0,-9999,-9999,-9999,-9999,-9999,-9999,-9999,-0.417499E-01,1.01277,-16.1973,1.02758,8.91204,1.12803,2.70917,1.13916,0.198728,1.12803,800000099,800000099,800000099,800000099,800000099,800000099,800100199,800100199,81100,81100,80,81,3,5,2,2,0,2,0.422388,0.685947,0.403914E-01,0.979352E-01,0.469217E-02,14.6818,-0.131534E-01,0.270917E-02,0.198728,15.9930,0.374444,249.000,56.2500,6.26413,97672.3,1.26125
CH-CHA_201201080200.csv,2012-01-08,08:00,8.333,0,36000,36000,-0.392759E-01,1,0.187807E-02,-14.7244,1,2.09357,6.26598,1,1.16238,-0.599900,2,0.140437,0.139715,1,0.259181E-01,-0.115424,-0.220920,0.329751E-01,-0.492594E-02,0.911572E-10,0.116490E-11,16.9339,400.666,402.729,0.350000,1,216.399,5.12015,5.14650,0.200000,0,289.614,277.929,97660.0,1.22180,1007.99,0.236607E-01,0.905353E-02,0.389951E-02,500.168,856.598,0.319162E-02,58.3901,356.430,270.425,1.39973,0.468310,0.473310E-01,1.47675,-0.308255E-12,0.538312E-14,1.47675,3.67954,170.070,18.4988,1.83668,-9999,0.179293,0.456082,33.5378,0.599324E-01,-2.34989,-0.666832E-01,0,-9999,-9999,-9999,-9999,-9999,-9999,-9999,-0.388118E-01,1.01196,-14.0225,1.02493,6.12698,1.08559,0.663983E-01,1.09293,0.136615,1.08559,800000099,800000099,800000099,800000099,800000099,800101099,800100199,810110199,81100,81100,80,81,4,2,6,4,7,2,0.279509,0.605703,0.269534E-01,0.137004,0.923590E-02,21.9850,-0.113860E-01,0.663983E-04,0.136615,15.9949,0.223889,249.000,56.2500,6.28472,97659.6,1.26164
CH-CHA_201201080800.csv,2012-01-08,08:30,8.354,0,36000,36000,-0.567574E-02,1,0.172606E-02,-4.67945,1,1.41383,1.11585,1,0.651329,1.21981,1,0.453628,0.248667E-01,1,0.145148E-01,-0.967733,0.473536,0.337543,0.105527E-01,0.321444E-11,0.419442E-13,17.2103,406.598,408.767,0.350000,1,224.572,5.30559,5.33389,0.350000,1,289.247,277.343,97600.0,1.22354,1008.08,0.236253E-01,0.161136E-02,0.404679E-02,517.965,822.158,0.330745E-02,63.0006,304.194,270.897,0.508991,-0.804297,-0.673375E-02,0.951846,0.365336E-13,0.186774E-15,0.951846,2.30809,242.721,302.327,-0.405337,-9999,0.681087E-01,0.144047,5.78240,0.347607,-4.19362,-0.557030E-01,0,-9999,-9999,-9999,-9999,-9999,-9999,-9999,-0.555299E-02,1.02211,-4.41863,1.04537,1.09186,1.14280,1.25051,1.15562,0.243320E-01,1.14280,800000099,800000099,800000099,800000099,800000099,800101099,811110199,811110199,81100,81100,80,80,0,2,11,1,3,0,0.150690,0.132017,0.538730E-02,0.110415,0.151753E-01,16.9845,-0.358240E-02,0.125051E-02,0.243320E-01,15.9981,0.350000,249.000,56.2500,6.13447,97673.1,1.25493
CH-CHA_201201080800.csv,2012-01-08,09:00,8.374,0,36000,36000,-0.154104E-01,2,0.423547E-02,-16.7143,1,3.35002,11.0556,1,1.35803,1.72707,1,1.58969,0.246536,1,0.302835E-01,1.14267,-0.136272E-02,-0.315495,-0.303881E-04,-0.432241E-10,-0.571771E-12,16.9489,401.045,403.184,0.400000,0,224.201,5.30506,5.33335,0.400000,0,290.025,278.036,97692.0,1.22164,1008.10,0.236620E-01,0.159755E-01,0.404011E-02,518.401,863.022,0.330711E-02,60.0681,344.621,270.908,0.571623,-2.32717,-0.160821E-01,2.39640,0.211160E-12,-0.255026E-14,2.39640,7.63518,261.621,283.800,-0.384512,-9999,0.112315,0.943235,7.26469,0.276681,-1.51185,-0.120839,0,-9999,-9999,-9999,-9999,-9999,-9999,-9999,-0.150701E-01,1.02258,-15.4551,1.04751,8.79931,1.30552,1.84281,1.33248,0.196221,1.30552,800000099,800000099,800000099,800000099,800000099,800100099,800000199,810000199,81100,81100,80,81,6,6,13,1,5,2,1.22986,0.593619,0.630005E-01,0.327776,0.634199E-01,28.6133,-0.125496E-01,0.184281E-02,0.196221,15.9977,0.387778,249.000,56.2500,6.42834,97694.0,1.26550
CH-CHA_201201080800.csv,2012-01-08,09:30,8.395,0,36000,36000,-0.610179E-01,1,0.599448E-02,-33.4093,0,2.32240,17.1776,0,1.41915,1.21632,0,0.208963,0.383335,0,0.316697E-01,1.26623,0.145669,-0.186643,0.325074E-02,0.678770E-10,0.915108E-12,16.7643,397.752,399.896,0.400000,0,226.014,5.36242,5.39133,0.400000,0,290.526,278.806,97698.0,1.21832,1008.13,0.237261E-01,0.248401E-01,0.407277E-02,524.039,910.522,0.334295E-02,57.5537,386.483,271.055,1.22104,-2.75181,-0.343743E-01,3.01074,-0.210435E-13,0.404890E-14,3.01074,7.54076,252.862,293.928,-0.654172,-9999,0.223794,1.01683,28.7541,0.699030E-01,-1.94494,-0.121546,0,22.5206,-3.41759,7.73060,19.2503,29.3579,41.1749,61.6874,-0.601349E-01,1.01468,-31.5031,1.03223,15.2650,1.18399,2.25018,1.19964,0.340654,1.18399,800000099,800000099,800000099,800000099,800000099,800100099,800000199,800000199,80000,80000,80,80,9,19,9,0,12,0,0.731651,1.19257,0.109431,0.779325E-01,0.831792E-03,20.1974,-0.256493E-01,0.225018E-02,0.340654,16.0000,0.263333,249.000,56.2500,7.13290,97699.9,1.27697
CH-CHA_201201080800.csv,2012-01-08,10:00,8.416,0,36000,36000,-0.683323E-01,1,0.731843E-02,-35.4915,0,2.88325,20.4172,0,6.49849,1.47735,0,1.86271,0.455621,0,0.145017,-0.378257E-01,-0.140799,0.115903,-0.314201E-02,0.139170E-09,0.184736E-11,16.8521,399.797,401.930,0.350000,1,223.698,5.30698,5.33529,0.350000,1,290.409,278.783,97699.0,1.21845,1008.11,0.237239E-01,0.295242E-01,0.403103E-02,518.626,909.070,0.330832E-02,57.0501,390.444,270.914,1.64520,-3.10325,-0.160771E-01,3.51243,0.110562E-12,0.825829E-14,3.51243,8.21227,248.516,297.931,-0.262255,-9999,0.236815,1.38242,32.0717,0.626721E-01,-1.73832,-0.122012,0,21.5768,-3.27437,7.40662,18.4435,28.1276,39.4493,59.1022,-0.672947E-01,1.01542,-33.3140,1.03410,17.7114,1.20531,2.48792,1.22262,0.395239,1.20531,800000099,800000099,800000099,800000099,800001199,800001199,800000199,800010199,80000,80000,80,81,17,19,6,1,36,37,1.04733,1.58123,0.136279,0.789295E-01,0.327737E-01,312.572,-0.271214E-01,0.248792E-02,0.395239,15.9981,0.276667,249.056,56.5974,7.18067,97699.8,1.27378
CH-CHA_201201080800.csv,2012-01-08,10:30,8.437,1,36000,36000,-0.552711E-01,2,0.967269E-02,-26.6576,0,4.17208,-9999,-9999,-9999,23.9460,1,21.8603,-9999,-9999,-9999,-0.417798,-9999,1.58142,-9999,-0.629877E-10,-9999,18.0452,427.674,427.674,0.500000,0,-9999,-9999,-9999,-9999,1,289.940,278.529,97708.0,1.22213,1005.24,0.237001E-01,-9999,-9999,-9999,-9999,-9999,-9999,-999900.,-9999,0.817547,-2.61965,-0.204000E-01,2.74433,0.339512E-12,-0.349055E-14,2.74433,8.91297,260.645,287.332,-0.425912,-9999,0.212662,1.67761,30.8986,0.650516E-01,-9999,-0.102033,0,21.5833,-3.27534,7.40883,18.4490,28.1359,39.4611,59.1199,-0.545100E-01,1.01396,-25.8674,1.03055,-9999,-9999,21.5063,1.17881,-9999,-9999,800000099,800000099,800000099,800001199,800001099,800101099,800110199,800110199,81000,81000,80,81,25,9,6,0,16,0,2.11147,1.13376,0.109974,0.127298,4.26687,-9999,-0.210555E-01,0.215063E-01,-9999,15.9957,0.316667,249.983,62.3908,6.92599,97706.7,1.26680
CH-CHA_201201080800.csv,2012-01-08,11:00,8.458,1,36000,36000,-0.998683E-01,1,0.109806E-01,-17.6492,0,2.84579,-9999,-9999,-9999,34.6722,1,19.3524,-9999,-9999,-9999,-0.571497,-9999,2.42712,-9999,-0.339970E-09,-9999,19.8736,470.405,470.405,0.400000,0,-9999,-9999,-9999,-9999,1,288.258,278.182,97711.0,1.22369,1005.24,0.236699E-01,-9999,-9999,-9999,-9999,-9999,-9999,-999900.,-9999,1.24978,-3.11187,0.714306E-02,3.35347,0.113826E-12,-0.171066E-13,3.35347,8.34097,254.079,291.881,0.122043,-9999,0.285679,1.36661,113.136,0.177662E-01,-9999,-0.502235E-01,0,26.1202,-3.96384,8.96621,22.3271,34.0503,47.7560,71.5472,-0.986374E-01,1.01248,-17.1673,1.02807,-9999,-9999,30.9460,1.15353,-9999,-9999,800000099,800000099,800000099,800001199,800001199,810101199,800000199,800000199,81000,81000,80,80,8,7,15,0,5,1,1.30986,1.30001,0.123355,0.154469,2.67306,-9999,-0.139560E-01,0.309460E-01,-9999,16.0000,0.193333,251.549,72.1825,6.41443,97708.4,1.25643
CH-CHA_201201080800.csv,2012-01-08,11:30,8.479,1,36000,36000,-0.126542,1,0.942536E-02,-29.6046,0,2.31792,26.8345,0,1.37142,-0.104151,0,0.993288E-01,0.598710,0,0.305981E-01,0.651772,-9999,-4.17607,-9999,0.963003E-10,0.135253E-11,16.7370,396.770,398.993,0.350000,1,235.070,5.57263,5.60386,0.350000,1,288.448,278.578,97700.0,1.21924,1008.24,0.237062E-01,0.387964E-01,0.423597E-02,544.592,896.222,0.347427E-02,60.7653,351.630,271.576,0.750958,-4.83506,0.748722E-02,4.89304,0.245787E-12,0.575374E-14,4.89304,9.37468,267.847,278.828,0.876728E-01,-9999,0.322160,1.43207,96.8044,0.207635E-01,-1.10323,-0.747537E-01,0,24.8040,-3.76410,8.51440,21.2020,32.3345,45.3495,67.9419,-0.124576,1.01578,-27.2639,1.03598,22.8213,1.20921,0.900102,1.22780,0.509169,1.20921,800000099,800000099,800000099,800000099,800001099,800001099,800000199,800000199,80100,80100,80,80,29,2,2,0,29,1,1.41784,1.26837,0.177937,0.916903E-01,0.158344E-03,21.5648,-0.221785E-01,0.900102E-03,0.509169,15.9949,0.377778,249.000,56.2500,6.45008,97699.9,1.27038
CH-CHA_201201080800.csv,2012-01-08,12:00,8.499,1,36000,36000,-0.978099E-01,1,0.100235E-01,-25.9326,0,1.95984,35.7619,0,10.4843,-3.66955,1,2.97167,0.797979,0,0.233942,0.195798,-1.11288,0.240383,-0.248325E-01,0.375019E-09,0.480186E-11,16.9115,401.010,403.079,0.350000,1,216.540,5.13465,5.16115,0.350000,1,288.343,278.697,97717.0,1.21913,1008.01,0.237122E-01,0.517091E-01,0.390206E-02,501.878,903.660,0.320068E-02,55.5383,401.783,270.471,-0.305615,-3.72622,0.495488E-01,3.73906,-0.727066E-13,0.221754E-13,3.73906,9.23511,281.214,265.311,0.759286,-9999,0.283247,1.31966,75.1130,0.267597E-01,-0.725148,-0.745014E-01,0,25.3373,-3.84503,8.69748,21.6579,33.0297,46.3247,69.4028,-0.964916E-01,1.01366,-23.3435,1.03080,31.0804,1.16836,-2.29181,1.18208,0.693519,1.16836,800000099,800000099,800000099,800000099,800000099,800000099,800000199,800000199,81100,81100,80,80,15,3,10,0,33,2,1.16189,1.34674,0.130696,0.504020E-01,0.672080E-01,570.966,-0.189955E-01,-0.229181E-02,0.693519,16.0000,0.280000,249.230,57.6849,6.91695,97716.1,1.26990
CH-CHA_201201080800.csv,2012-01-08,12:30,8.520,1,36000,36000,-0.860313E-01,1,0.743124E-02,-28.3550,0,2.48875,-9999,-9999,-9999,10.6387,0,18.1781,-9999,-9999,-9999,0.295899E-01,-9999,1.21240,-9999,0.721874E-10,-9999,17.8117,422.395,422.395,0.350000,1,-9999,-9999,-9999,-9999,1,288.434,278.715,97714.0,1.22139,1005.24,0.237145E-01,-9999,-9999,-9999,-9999,-9999,-9999,-999900.,-9999,0.618637,-3.41090,-0.185722E-02,3.46655,0.309001E-13,0.405281E-14,3.46655,8.62409,266.277,280.280,-0.306965E-01,-9999,0.265400,1.25994,56.4650,0.355973E-01,-9999,-0.870169E-01,0,25.4591,-3.86351,8.73928,21.7620,33.1885,46.5473,69.7364,-0.848616E-01,1.01378,-27.5077,1.03080,-9999,-9999,10.2295,1.18428,-9999,-9999,800000099,800000099,800000099,800001199,800001099,810001199,800000199,800000199,81000,81000,80,80,28,3,5,0,14,1,1.20376,1.20275,0.113364,0.642653E-01,2.75842,-9999,-0.224042E-01,0.102295E-01,-9999,16.0000,0.291111,250.530,65.8134,7.07308,97711.2,1.27119
CH-CHA_201201080800.csv,2012-01-08,13:00,8.541,1,36000,36000,-0.673533E-01,1,0.390673E-02,-15.6731,0,2.21297,-9999,-9999,-9999,31.5440,1,26.3906,-9999,-9999,-9999,-0.422826,-9999,4.23263,-9999,-0.163874E-09,-9999,20.9747,496.992,496.992,0.300000,0,-9999,-9999,-9999,-9999,1,287.713,278.458,97705.0,1.22240,1005.24,0.236948E-01,-9999,-9999,-9999,-9999,-9999,-9999,-999900.,-9999,-0.674643E-01,-2.82625,0.404843E-01,2.82734,0.204793E-12,-0.781292E-14,2.82734,7.89475,275.980,268.633,0.820438,-9999,0.234732,1.06864,70.6705,0.284419E-01,-9999,-0.543371E-01,0,24.6255,-3.73701,8.45314,21.0495,32.1018,45.0233,67.4530,-0.665432E-01,1.01217,-15.2615,1.02697,-9999,-9999,28.4594,1.14215,-9999,-9999,800000099,800000199,800000099,800001199,800001099,800101199,800000199,800010199,81000,81000,80,81,26,14,8,0,48,1,0.903408,1.13734,0.965277E-01,0.669148E-01,5.62230,-9999,-0.124197E-01,0.284594E-01,-9999,15.9977,0.233333,255.000,93.7500,6.79954,97701.7,1.25529
CH-CHA_201201080800.csv,2012-01-08,13:30,8.562,1,36000,36000,-0.781408E-01,1,0.915210E-02,-21.4262,0,3.62879,-9999,-9999,-9999,-26.0464,1,23.3751,-9999,-9999,-9999,0.179259,-9999,-1.95536,-9999,0.126761E-09,-9999,19.5119,462.516,462.516,0.250000,0,-9999,-9999,-9999,-9999,1,287.957,278.567,97704.0,1.22191,1005.25,0.237043E-01,-9999,-9999,-9999,-9999,-9999,-9999,-999900.,-9999,-0.899874,-2.66498,0.486983E-01,2.81323,-0.706780E-13,0.649659E-14,2.81323,8.70669,295.906,251.342,0.991867,-9999,0.252882,0.964169,64.6375,0.310965E-01,-9999,-0.689786E-01,0,27.1287,-4.11689,9.31242,23.1892,35.3651,49.6000,74.3098,-0.771918E-01,1.01229,-20.8588,1.02720,-9999,-9999,-21.6898,1.14453,-9999,-9999,800000099,800000199,800000099,800001199,800001199,800101199,800010199,800110199,80100,80100,80,81,11,5,8,0,15,5,1.09242,0.747971,0.879389E-01,0.953358E-01,5.24689,-9999,-0.169816E-01,-0.216898E-01,-9999,15.9969,0.327778,255.000,93.7500,6.90837,97703.4,1.25731
CH-CHA_201201080800.csv,2012-01-08,14:00,8.583,1,36000,36000,-0.624489E-01,1,0.818092E-02,-16.6979,1,10.2280,-9999,-9999,-9999,-9999,-9999,-9999,-9999,-9999,-9999,-1.01047,-9999,-9999,-9999,-9999,-9999,-9999,-9999,-9999,-9999,1,-9999,-9999,-9999,-9999,1,285.400,277.954,97716.0,1.22476,1005.23,0.236492E-01,-9999,-9999,-9999,-9999,-9999,-9999,-999900.,-9999,-2.19491,-1.36705,0.124094,2.58879,0.104328E-12,-0.165717E-14,2.58879,6.84805,338.003,211.916,2.74752,-9999,0.225807,0.922503,59.0552,0.340359E-01,-9999,-0.600628E-01,0,28.8922,-4.38451,9.91777,24.6967,37.6640,52.8242,79.1403,-0.617034E-01,1.01208,-16.2660,1.02655,-9999,-9999,-9999,-9999,-9999,-9999,800000099,800001199,800000099,800001199,800101099,800101199,800010199,800010199,80100,80100,80,81,2,0,2,0,5,3,0.870105,0.914986,0.599143E-01,1.01218,-9999,-9999,-0.132118E-01,-9999,-9999,15.9946,0.442222,255.000,93.7500,6.77418,97716.2,1.25104
CH-CHA_201201081400.csv,2012-01-08,14:30,8.604,1,36000,36000,-0.187577E-01,1,0.405212E-02,15.7294,0,2.12750,-9999,-9999,-9999,-7.30318,0,22.9803,-9999,-9999,-9999,-0.861721,-9999,-9999,-9999,0.140211E-09,-9999,27.3243,645.250,645.250,0.350000,1,-9999,-9999,-9999,-9999,1,283.348,277.432,97676.0,1.22656,1005.23,0.236145E-01,-9999,-9999,-9999,-9999,-9999,-9999,-999900.,-9999,-1.28208,0.539536,0.496701E-01,1.39187,0.648582E-14,0.513136E-14,1.39187,3.86485,30.8642,157.177,2.04509,-9999,0.123665,0.372026,-10.2945,-0.195251,-9999,0.103160,0,-9999,-9999,-9999,-9999,-9999,-9999,-9999,-0.185472E-01,1.01135,15.4222,1.01992,-9999,-9999,-8.15496,1.04962,-9999,-9999,800000099,800000199,800000099,800001199,800001099,800001099,800010199,800110199,81100,81100,80,81,13,16,2,40,3,0,0.327219,0.366512,0.503199E-01,0.360575E-01,4.66936,-9999,0.125082E-01,-0.815496E-02,-9999,15.9961,0.343333,255.000,93.7500,7.21055,97748.8,1.24961
CH-CHA_201201081400.csv,2012-01-08,15:00,8.624,1,36000,36000,-0.101392E-01,2,0.359697E-02,-3.29983,2,4.30914,-9999,-9999,-9999,54.9999,1,33.5241,-9999,-9999,-9999,0.801600,-9999,-2.21580,-9999,0.198828E-09,-9999,25.6525,606.297,606.297,0.350000,1,-9999,-9999,-9999,-9999,1,284.775,277.918,97762.0,1.22549,1005.23,0.236351E-01,-9999,-9999,-9999,-9999,-9999,-9999,-999900.,-9999,-0.366884,0.971586,0.506674E-01,1.03978,0.153835E-12,0.775083E-14,1.03978,5.45631,77.5774,110.687,2.79306,-9999,0.909591E-01,0.412603,19.5388,0.102872,-9999,-0.294490E-01,0,-9999,-9999,-9999,-9999,-9999,-9999,-9999,-0.100023E-01,1.01368,-3.21073,1.02775,-9999,-9999,50.9654,1.08401,-9999,-9999,800000099,800000199,800000099,800000199,800000199,800100199,800010099,800110199,81000,81000,80,81,9,8,2,0,1,16,0.375101,0.421583,0.285228E-01,0.339816,12.4183,-9999,-0.260631E-02,0.509654E-01,-9999,15.9953,0.346667,255.000,93.7500,7.59975,97764.8,1.25916
CH-CHA_201201081400.csv,2012-01-08,15:30,8.645,1,36000,36000,-0.272622E-01,1,0.652317E-02,-1.45754,2,2.53545,14.4217,1,17.8594,1.37659,2,7.01307,0.321649,1,0.398321,0.463729,-9999,-12.1327,-9999,-0.698417E-10,-0.140958E-11,16.6096,392.852,395.992,0.350000,1,335.224,7.92878,7.99215,0.350000,1,284.930,278.199,97790.0,1.22093,1009.54,0.236522E-01,0.208428E-01,0.604074E-02,775.563,872.890,0.494763E-02,88.8500,97.3269,276.479,0.359883,0.752684,0.524714E-01,0.835944,0.130037E-12,-0.420490E-14,0.835944,2.81444,120.814,64.4460,3.59877,-9999,0.149429,0.333271,196.415,0.102334E-01,-0.101066,-0.791355E-02,0,-9999,-9999,-9999,-9999,-9999,-9999,-9999,-0.269701E-01,1.01083,-0.611727,1.01965,13.8955,1.03424,1.27618,1.03497,0.309914,1.03424,800000099,800000099,800000099,800000099,800000099,800000099,800110199,811110199,81100,81100,80,81,4,1,2,3,0,0,0.381101,0.266940,0.185009E-01,0.510240E-01,0.526847,2702.40,-0.496299E-03,0.127618E-02,0.309914,16.0000,0.337778,255.000,93.7500,7.42179,97792.1,1.26489
CH-CHA_201201081400.csv,2012-01-08,16:00,8.666,1,36000,36000,-0.179530E-01,1,0.439641E-02,-7.11682,1,1.92887,14.4044,1,5.22522,-0.686671,2,0.505961,0.321209,1,0.116519,-0.290658,-0.259644,-1.20341,-0.578990E-02,0.415322E-10,0.874561E-12,15.7267,371.697,374.629,0.350000,1,331.164,7.82700,7.88874,0.150000,0,285.583,278.023,97800.0,1.22188,1009.48,0.236348E-01,0.208144E-01,0.596758E-02,765.686,862.239,0.488393E-02,88.8020,96.5537,276.298,1.00882,0.783404,0.551874E-01,1.27847,0.430449E-13,0.264087E-14,1.27847,3.12807,149.835,37.8314,2.47404,-9999,0.121215,0.365853,21.4732,0.936050E-01,-0.494071,-0.475998E-01,0,-9999,-9999,-9999,-9999,-9999,-9999,-9999,-0.177248E-01,1.01287,-6.15748,1.02656,13.3810,1.09109,-0.438838,1.09314,0.298387,1.09109,800000099,800000099,800000099,800000099,800000099,800100099,801110199,811110199,80100,80100,80,81,6,1,14,0,10,11,0.296172,0.411769,0.237641E-01,0.856592E-01,0.486096E-02,317.360,-0.499205E-02,-0.438838E-03,0.298387,15.9961,0.265556,255.000,93.7500,7.11490,97800.8,1.26141
CH-CHA_201201081400.csv,2012-01-08,16:30,8.687,1,36000,36000,-0.303940,1,0.437778E-01,48.6465,2,13.9303,-100.672,1,21.8456,17.7967,1,2.78539,-2.24459,1,0.487070,-0.259438,-3.33167,0.356271,-0.742830E-01,-0.110374E-08,-0.190468E-10,16.0047,377.954,380.436,0.350000,1,276.187,6.52222,6.56503,0.400000,0,286.629,277.866,97826.0,1.22350,1008.75,0.236152E-01,-0.145449,0.497690E-02,638.213,852.835,0.406775E-02,74.8343,214.622,273.751,0.165387,0.271608,0.565940E-01,0.322996,-0.684732E-12,-0.689636E-13,0.322996,4.39749,129.967,58.6620,10.0912,-9999,0.498416,1.19375,-218.387,-0.920384E-02,-0.483217,0.790806E-01,0,47.1109,-7.14926,16.1716,40.2697,61.4138,86.1337,129.044,-0.296371,1.02554,41.5148,1.02793,-99.5163,1.02267,15.9997,1.02345,-2.21882,1.02267,800000099,800000099,800000099,800000099,800100099,801101099,800110199,811110199,81000,81000,80,81,5,1,15,7,107,19,1.28271,1.01994,0.848504E-01,0.180054,0.101756E-01,329.259,0.336367E-01,0.159997E-01,-2.21882,16.0000,0.290000,255.000,93.7500,6.66031,97826.0,1.25855
CH-CHA_201201081400.csv,2012-01-08,17:00,8.708,0,36000,36000,-0.272686E-01,1,0.638205E-02,-22.1750,0,2.94112,15.5086,2,8.94688,-0.885519,2,0.636426,0.345793,2,0.199487,0.628042E-01,-4.11234,0.573068,-0.916922E-01,-0.101546E-09,-0.128558E-11,16.4378,388.016,389.932,0.350000,1,208.104,4.91233,4.93658,0.350000,1,287.515,277.904,97881.0,1.22477,1007.87,0.236051E-01,0.224074E-01,0.375004E-02,480.952,855.103,0.306183E-02,56.2450,374.151,269.899,0.204449,-1.15636,-0.137986E-02,1.17429,-0.215978E-12,-0.617758E-14,1.17429,6.07497,269.502,280.027,-0.673259E-01,-9999,0.149212,1.06804,12.8561,0.156346,-1.42985,-0.120393,0,-9999,-9999,-9999,-9999,-9999,-9999,-9999,-0.268557E-01,1.01537,-20.6647,1.03174,14.4890,1.10675,0.384039E-01,1.11556,0.323059,1.10675,800000099,800000099,800000099,800000099,800001099,800101099,800010199,810110199,80000,80000,80,81,5,3,6,4,218,61,0.716190,1.35771,0.621819E-01,0.573061E-01,0.518860E-01,316.338,-0.167405E-01,0.384039E-04,0.323059,16.0000,0.304444,254.327,89.5462,6.35505,97880.9,1.25738
CH-CHA_201201081400.csv,2012-01-08,17:30,8.729,0,36000,36000,-0.216906,1,0.292038E-01,-16.5933,1,5.05074,-38.1152,1,11.7836,11.2954,1,2.68716,-0.849528,1,0.262637,-0.657020,-3.40193,0.613845,-0.758237E-01,0.592171E-09,0.532083E-11,16.9201,398.777,400.211,0.350000,1,152.032,3.58313,3.59601,0.400000,0,287.481,277.507,97894.0,1.22730,1007.15,0.235683E-01,-0.550494E-01,0.273961E-02,350.861,831.671,0.223223E-02,42.1874,480.810,265.747,0.178737,-0.157014,0.398285E-01,0.241219,-0.533859E-12,0.349981E-13,0.241219,5.49532,183.283,318.702,9.50382,-9999,0.420398,1.51394,384.200,0.523165E-02,0.435344,-0.319322E-01,0,43.9078,-6.66317,15.0721,37.5317,57.2382,80.2774,120.270,-0.212822,1.01919,-18.4311,1.02369,-37.1096,1.01453,12.2703,1.01487,-0.827114,1.01453,800000099,800000099,800000099,800000099,800000099,800101099,800100199,801110199,81100,81100,80,81,16,3,7,10,119,36,0.930947,2.02450,0.724331E-01,0.766830E-01,0.196048E-01,156.248,-0.149111E-01,0.122703E-01,-0.827114,16.0000,0.328889,253.259,82.8712,5.80130,97895.1,1.24807
CH-CHA_201201081400.csv,2012-01-08,18:00,8.749,0,36000,36000,-0.151420E-01,1,0.414003E-02,-13.0966,0,2.36800,10.9015,1,4.91503,0.967293,1,0.478769,0.242881,1,0.109505,-0.684471,-3.01697,0.335655,-0.672172E-01,0.127680E-09,0.759388E-12,17.1970,404.651,405.628,0.150000,0,102.281,2.40670,2.41250,0.100000,0,287.618,277.094,97906.0,1.22983,1006.50,0.235303E-01,0.157387E-01,0.184310E-02,235.693,807.899,0.149866E-02,29.1736,572.206,260.712,1.10918,1.17854,0.662904E-01,1.61977,0.171984E-12,0.742453E-14,1.61977,3.84455,142.598,46.7366,2.34554,-9999,0.110961,0.500812,8.94987,0.224584,-1.20136,-0.953513E-01,0,-9999,-9999,-9999,-9999,-9999,-9999,-9999,-0.148698E-01,1.01831,-12.0777,1.03842,9.17098,1.20494,1.27535,1.19624,0.204326,1.20494,800000099,800000099,800000099,800000099,800000099,800100099,800110199,800110199,80000,80000,80,81,11,12,4,1,6,1,0.447815,0.523076,0.307325E-01,0.894578E-01,0.957398E-02,228.569,-0.975715E-02,0.127535E-02,0.204326,15.9981,0.278889,252.617,78.8538,5.45407,97903.7,1.24524
CH-CHA_201201081400.csv,2012-01-08,18:30,8.770,0,36000,36000,-0.261210E-01,1,0.348279E-02,-16.2684,0,2.49217,1.77993,2,1.41421,-0.527928E-01,1,0.239157,0.396621E-01,2,0.315126E-01,0.253517,-2.24759,0.337541,-0.500828E-01,-0.190128E-09,-0.708580E-12,17.4468,410.560,411.189,0.200000,0,65.0217,1.53009,1.53244,0.200000,0,288.004,277.247,97953.0,1.23015,1006.03,0.235320E-01,0.257010E-02,0.117169E-02,149.917,816.635,0.952481E-03,18.3579,666.717,255.243,1.80617,1.22538,0.835019E-01,2.18421,-0.536663E-13,-0.108976E-13,2.18421,4.96689,153.272,34.1547,2.19094,-9999,0.145719,0.800692,16.3215,0.123151,-9.13992,-0.902107E-01,0,-9999,-9999,-9999,-9999,-9999,-9999,-9999,-0.257202E-01,1.01558,-15.6575,1.03337,1.57141,1.21901,0.636463,1.19119,0.350155E-01,1.21901,800000099,800000099,800000099,800000099,800000099,800100099,800000199,800110199,80000,80000,80,81,9,2,7,0,5,0,0.508616,1.04197,0.507894E-01,0.886289E-01,0.505406E-02,85.1589,-0.126517E-01,0.636463E-03,0.350155E-01,16.0000,0.262222,251.636,72.7267,5.77901,97953.0,1.24993
CH-CHA_201201081400.csv,2012-01-08,19:00,8.791,0,36000,36000,-0.323014E-01,0,0.526371E-02,-17.7446,0,1.71822,25.0952,1,10.8482,4.93409,1,1.41713,0.559301,1,0.241777,0.331302,4.35677,0.122236,0.970999E-01,-0.208756E-09,-0.163412E-11,17.5282,412.700,414.038,0.300000,0,137.209,3.23058,3.24105,0.350000,1,288.552,277.447,97970.0,1.22868,1006.96,0.235449E-01,0.362427E-01,0.247251E-02,316.585,828.180,0.201233E-02,38.2266,511.595,264.425,1.60967,-0.622029,0.367731E-01,1.72607,0.113052E-12,-0.119097E-13,1.72607,4.95756,207.834,338.872,1.22075,-9999,0.162140,0.404704,20.6220,0.974689E-01,-0.707091,-0.884556E-01,0,-9999,-9999,-9999,-9999,-9999,-9999,-9999,-0.318733E-01,1.01343,-15.9333,1.02846,22.4588,1.12795,4.96455,1.12988,0.500542,1.12795,800000099,800000099,800000099,800000099,800000099,801101099,800100199,800110199,80100,80100,80,81,10,7,13,9,0,0,0.365498,0.401805,0.421050E-01,0.459708E-01,0.276294E-01,787.622,-0.128782E-01,0.496455E-02,0.500542,16.0000,0.276667,249.997,62.4837,5.86330,97970.2,1.25139
CH-CHA_201201081400.csv,2012-01-08,19:30,8.812,0,36000,36000,-0.336587E-01,1,0.522648E-02,-15.5296,0,1.92392,8.28869,1,2.55279,1.79755,1,0.718320,0.184707,1,0.568870E-01,-0.225470,4.93007,-0.754910,0.109863,0.908789E-10,0.117239E-11,16.9757,399.486,401.556,0.200000,0,218.996,5.15360,5.18030,0.200000,0,288.738,277.311,97972.0,1.22842,1007.99,0.235329E-01,0.119690E-01,0.394630E-02,505.044,820.313,0.321251E-02,61.5672,315.270,270.556,1.54239,1.08440,0.563542E-01,1.88628,-0.242003E-12,0.535347E-14,1.88628,4.75586,152.529,35.1097,1.71201,-9999,0.165529,0.809781,25.0801,0.801433E-01,-1.87359,-0.757671E-01,0,-9999,-9999,-9999,-9999,-9999,-9999,-9999,-0.332232E-01,1.01311,-14.6694,1.02797,7.74587,1.12194,2.19939,1.13281,0.172611,1.12194,800000099,800000099,800000099,800000099,800000099,800101099,800110199,800110199,81100,81100,80,81,14,12,10,2,13,0,0.905012,0.665278,0.492716E-01,0.711449E-01,0.132331E-01,64.0578,-0.118470E-01,0.219939E-02,0.172611,16.0000,0.265556,249.000,56.2500,5.83276,97972.8,1.25028
CH-CHA_201201081400.csv,2012-01-08,20:00,8.833,0,36000,36000,-0.523111E-01,2,0.702404E-02,-28.3619,0,2.37933,12.9924,0,1.67492,2.71926,0,0.381414,0.289606,0,0.373346E-01,0.480373,-0.203978,-0.524595E-01,-0.454676E-02,-0.126314E-09,-0.160803E-11,16.9224,398.567,400.600,0.350000,1,215.430,5.07395,5.09982,0.350000,1,289.289,277.601,97992.0,1.22742,1007.96,0.235527E-01,0.187665E-01,0.388204E-02,497.339,837.167,0.316277E-02,59.4074,339.828,270.349,2.20560,-1.49182,0.127092E-01,2.66277,-0.344452E-12,-0.746429E-14,2.66277,7.89655,227.663,325.926,0.273468,-9999,0.206443,2.00327,26.6435,0.754406E-01,-2.18296,-0.111045,0,21.9768,-3.33506,7.54391,18.7854,28.6489,40.1805,60.1978,-0.515767E-01,1.01424,-26.8495,1.03104,11.7514,1.16791,3.38345,1.18260,0.261942,1.16791,800000099,800000099,800000099,800000099,800000099,800100099,800100199,810110199,81100,81100,80,81,6,6,9,11,18,7,2.14294,1.76459,0.990323E-01,0.710292E-01,0.230112E-02,24.2774,-0.217021E-01,0.338345E-02,0.261942,15.9977,0.258889,249.000,56.2500,5.97737,97992.5,1.25428
CH-CHA_201201082000.csv,2012-01-08,20:30,8.854,0,36000,36000,-0.666580E-01,1,0.120677E-01,-25.4463,0,1.95281,9.16709,0,0.883312,2.52265,0,0.432054,0.204324,0,0.196880E-01,-0.120907,-0.478857E-01,0.736759E-01,-0.106732E-02,-0.432708E-10,-0.547056E-12,16.9752,399.858,401.890,0.300000,0,214.611,5.05525,5.08093,0.300000,0,289.325,277.528,97955.0,1.22729,1007.94,0.235554E-01,0.132402E-01,0.386729E-02,495.319,832.896,0.315109E-02,59.4695,337.577,270.294,1.96120,-0.304431,0.436200E-01,1.98517,0.740587E-12,-0.254906E-14,1.98517,5.23310,189.524,351.177,1.25906,-9999,0.233052,1.16457,42.7107,0.470608E-01,-2.77583,-0.882649E-01,0,30.1785,-4.57970,10.3593,25.7961,39.3407,55.1759,82.6636,-0.658785E-01,1.01183,-24.3238,1.02539,8.89717,1.10534,3.31899,1.11454,0.198308,1.10534,800000099,800000099,800000099,800000099,800000099,800100099,800000099,800110199,80000,80000,80,81,12,2,10,2,9,8,1.33072,0.941166,0.572501E-01,0.490906E-01,0.311112E-02,6.70608,-0.196629E-01,0.331899E-02,0.198308,16.0000,0.304444,249.000,56.2500,5.86740,98000.7,1.25264
CH-CHA_201201082000.csv,2012-01-08,21:00,8.874,0,36000,36000,0.327383E-01,1,0.100082E-01,-20.5044,0,2.57782,6.38091,0,0.944747,2.72387,0,0.615762,0.142196,0,0.210533E-01,-0.335057,0.192832E-01,0.160148E-01,0.429718E-03,-0.786534E-10,-0.995162E-12,17.0122,400.138,402.175,0.300000,0,215.247,5.06276,5.08853,0.300000,0,289.328,277.326,98028.0,1.22909,1007.95,0.235207E-01,0.921429E-02,0.387875E-02,496.426,821.178,0.315578E-02,60.4529,324.752,270.324,1.36383,-0.413824,0.244772E-01,1.42544,0.168441E-13,-0.462335E-14,1.42544,3.68231,203.079,343.121,0.983916,-9999,0.163206,0.536566,18.2135,0.110358,-3.21339,-0.101412,0,-9999,-9999,-9999,-9999,-9999,-9999,-9999,0.322895E-01,1.01390,-19.5840,1.02904,6.24950,1.10810,3.29470,1.11763,0.139268,1.10810,800000099,800000099,800000099,800000099,800000099,800101099,800100199,801110199,80000,80000,80,81,1,2,8,3,3,14,0.639005,0.398474,0.356530E-01,0.595565E-01,0.450850E-02,6.09305,-0.158080E-01,0.329470E-02,0.139268,16.0000,0.183333,249.000,56.2500,5.75193,98033.5,1.24980
CH-CHA_201201082000.csv,2012-01-08,21:30,8.895,0,36000,36000,-0.320510E-01,0,0.321731E-02,-21.2530,0,1.34089,10.4445,0,0.688920,3.05663,0,0.340258,0.232763,0,0.153531E-01,0.862764E-01,-0.487725E-01,0.756208E-01,-0.108693E-02,0.811923E-10,0.102006E-11,17.0732,401.461,403.496,0.350000,1,214.499,5.04375,5.06932,0.350000,1,289.380,277.378,98074.0,1.22945,1007.94,0.235141E-01,0.150831E-01,0.386528E-02,494.794,824.180,0.314391E-02,60.0347,329.387,270.280,1.99719,-0.963669,0.480849E-01,2.21805,-0.175880E-13,0.475554E-14,2.21805,4.00376,213.475,334.242,1.24221,-9999,0.161461,0.262863,17.0200,0.118096,-2.03485,-0.106220,0,-9999,-9999,-9999,-9999,-9999,-9999,-9999,-0.315675E-01,1.01532,-20.0494,1.03285,9.36895,1.17270,3.38309,1.18791,0.208793,1.17270,800000099,800000099,800000099,800000099,800000099,800000099,800000199,800010199,80000,80000,80,80,10,5,6,0,1,1,0.267126,0.214662,0.439389E-01,0.319290E-01,0.318719E-02,6.13479,-0.161792E-01,0.338309E-02,0.208793,15.9981,0.296667,249.000,56.2500,5.88110,98073.9,1.25177
CH-CHA_201201082000.csv,2012-01-08,22:00,8.916,0,36000,36000,-0.417878E-01,0,0.585159E-02,-17.3365,0,1.38683,-2.89714,2,4.39729,8.66333,0,2.68326,-0.645695E-01,2,0.980038E-01,0.126079,-0.407268,0.247418,-0.907691E-02,-0.343612E-09,-0.413649E-11,17.2553,405.789,407.781,0.500000,0,207.724,4.88498,4.90896,0.350000,1,289.389,277.454,98090.0,1.22939,1007.85,0.235167E-01,-0.418410E-02,0.374319E-02,479.296,828.586,0.304476E-02,57.8451,349.290,269.853,1.60184,-1.10071,0.132976E-01,1.94361,-0.375484E-13,-0.199134E-13,1.94361,4.04353,221.782,325.505,0.392004,-9999,0.184366,0.284811,31.0669,0.646991E-01,5.98402,-0.758921E-01,0,-9999,-9999,-9999,-9999,-9999,-9999,-9999,-0.412664E-01,1.01263,-17.0356,1.02704,-2.15989,1.11717,8.48122,1.12716,-0.481382E-01,1.11717,800000099,800000099,800000099,800000099,800001199,800001199,800010199,800110199,81100,81100,80,80,14,11,4,9,0,5,0.283302,0.225922,0.603980E-01,0.227642E-01,0.928531E-01,244.519,-0.137490E-01,0.848122E-02,-0.481382E-01,16.0000,0.226667,249.034,56.4648,6.05400,98092.6,1.25313
CH-CHA_201201082000.csv,2012-01-08,22:30,8.937,0,36000,36000,-0.407424E-01,1,0.464362E-02,-19.5803,0,1.18055,13.0014,0,0.841153,1.54069,0,0.191317,0.289778,0,0.187477E-01,0.646959E-01,0.274910,-0.342855,0.612723E-02,-0.547163E-10,-0.683239E-12,16.9993,399.791,401.797,0.350000,1,212.269,4.99216,5.01721,0.350000,1,289.429,277.493,98098.0,1.22926,1007.92,0.235181E-01,0.187776E-01,0.382509E-02,489.853,830.855,0.311169E-02,58.9577,341.002,270.145,1.09100,-2.40163,-0.122315E-01,2.63785,-0.322086E-12,-0.321874E-14,2.63785,5.77295,251.467,294.431,-0.265678,-9999,0.182054,0.595030,26.4871,0.758860E-01,-1.50601,-0.868063E-01,0,-9999,-9999,-9999,-9999,-9999,-9999,-9999,-0.401732E-01,1.01417,-18.3323,1.03087,11.5594,1.16606,2.02707,1.18049,0.257637,1.16606,800000099,800000099,800000099,800000099,800000099,800000099,800000199,800110199,81100,81100,80,81,38,8,3,0,18,1,0.536276,0.585135,0.686471E-01,0.340875E-01,0.125319E-02,11.6574,-0.147961E-01,0.202707E-02,0.257637,16.0000,0.227778,249.000,56.2500,6.10728,98099.7,1.25360
CH-CHA_201201082000.csv,2012-01-08,23:00,8.958,0,36000,36000,-0.474480E-01,0,0.510116E-02,-18.3767,0,1.29263,9.53079,0,0.726075,1.38165,0,0.176276,0.212413,0,0.161820E-01,-0.929160E-01,0.106444,-0.445158E-01,0.237231E-02,-0.538466E-10,-0.679292E-12,16.9696,399.013,401.031,0.400000,0,214.077,5.03365,5.05912,0.400000,0,289.436,277.437,98098.0,1.22949,1007.94,0.235133E-01,0.137643E-01,0.385766E-02,493.924,827.599,0.313760E-02,59.6816,333.675,270.256,0.901171,-2.18365,-0.354008E-01,2.36256,-0.420390E-13,-0.317312E-14,2.36256,6.83928,254.544,292.425,-0.858559,-9999,0.196447,0.511633,35.4591,0.566850E-01,-1.92814,-0.754852E-01,0,-9999,-9999,-9999,-9999,-9999,-9999,-9999,-0.468497E-01,1.01277,-17.3810,1.02776,8.82273,1.13301,1.92536,1.14467,0.196632,1.13301,800000099,800000099,800000099,800000099,800100099,810100099,800100199,800110199,81100,81100,80,80,34,24,18,0,5,0,0.513794,0.448048,0.614237E-01,0.394920E-01,0.106492E-02,9.40483,-0.140254E-01,0.192536E-02,0.196632,15.9965,0.231667,249.000,56.2500,6.10156,98099.7,1.25327
CH-CHA_201201082000.csv,2012-01-08,23:30,8.979,0,36000,36000,-0.351991E-01,1,0.408392E-02,-17.1505,0,1.23296,10.0072,0,0.768159,1.51597,0,0.179141,0.223033,0,0.171202E-01,0.265465E-01,0.124456E-01,-0.102685E-01,0.277379E-03,0.146354E-09,0.184890E-11,16.9614,398.833,400.853,0.400000,0,214.275,5.03851,5.06402,0.400000,0,289.455,277.453,98100.0,1.22944,1007.94,0.235142E-01,0.144526E-01,0.386123E-02,494.410,828.528,0.314063E-02,59.6733,334.118,270.270,0.845542,-2.29683,-0.284192E-01,2.44769,-0.109122E-13,0.862863E-14,2.44769,5.50819,256.249,290.210,-0.665254,-9999,0.169204,0.563691,24.2780,0.827909E-01,-1.71381,-0.817948E-01,0,-9999,-9999,-9999,-9999,-9999,-9999,-9999,-0.347083E-01,1.01414,-16.1288,1.03065,8.99485,1.16026,1.93565,1.17432,0.200471,1.16026,800000099,800000099,800000099,800000099,800000099,800100099,800000199,800000199,80000,80000,80,80,13,6,4,2,5,4,0.491294,0.574264,0.618243E-01,0.382793E-01,0.970435E-03,9.15928,-0.130155E-01,0.193565E-02,0.200471,16.0000,6.71722,249.000,56.2500,6.10087,98100.1,1.25353
CH-CHA_201201082000.csv,2012-01-09,00:00,9.000,0,36000,36000,-0.306059E-01,0,0.455251E-02,-15.7722,0,1.41427,8.62730,0,0.844882,1.91992,0,0.283304,0.192259,0,0.188282E-01,-0.179269,0.126977,0.345944E-01,0.282968E-02,0.734423E-11,0.935495E-13,16.9946,399.438,401.481,0.450000,0,216.474,5.08798,5.11400,0.400000,0,289.390,277.345,98105.0,1.22996,1007.97,0.235039E-01,0.124584E-01,0.390086E-02,499.290,822.274,0.317153E-02,60.7206,322.984,270.402,0.779632,-1.64721,-0.169319E-01,1.82247,-0.595443E-13,0.432151E-15,1.82247,4.06796,249.439,295.328,-0.532323,-9999,0.157746,0.379416,21.3926,0.939578E-01,-1.82817,-0.806485E-01,0,-9999,-9999,-9999,-9999,-9999,-9999,-9999,-0.301953E-01,1.01360,-14.8741,1.02893,8.01391,1.12666,2.30486,1.13788,0.178590,1.12666,800000099,800000099,800000099,800000099,800000099,800000099,800100199,800110199,81100,81100,80,80,3,3,4,0,0,0,0.393065,0.327886,0.378828E-01,0.419074E-01,0.203341E-02,9.94217,-0.119976E-01,0.230486E-02,0.178590,16.0000,13.0617,249.000,56.2500,6.09424,98100.3,1.25220
CH-CHA_201201082000.csv,2012-01-09,00:30,9.020,0,36000,36000,-0.426919E-01,0,0.400786E-02,-16.5666,0,1.39849,8.23501,0,0.762714,2.57621,0,0.415991,0.183504,0,0.169958E-01,-0.127852,-0.455007E-01,0.205056E-01,-0.101391E-02,-0.185231E-09,-0.234912E-11,17.0152,399.796,401.834,0.400000,0,215.789,5.07026,5.09609,0.400000,0,289.382,277.268,98109.0,1.23036,1007.96,0.234964E-01,0.118911E-01,0.388851E-02,497.571,817.840,0.316046E-02,60.8397,320.269,270.355,1.66974,-1.13869,0.186878E-01,2.02113,-0.820752E-13,-0.108862E-13,2.02113,5.10825,221.708,325.708,0.529775,-9999,0.186275,0.415604,33.5371,0.599337E-01,-2.01173,-0.717140E-01,0,-9999,-9999,-9999,-9999,-9999,-9999,-9999,-0.421681E-01,1.01242,-15.6980,1.02668,7.75807,1.11623,2.94941,1.12653,0.172876,1.11623,800000099,800001199,800000099,800000099,800000099,800000099,800000199,800010199,81100,81100,80,80,10,5,4,21,4,19,0.341582,0.426419,0.632075E-01,0.234038E-01,0.246477E-02,4.65567,-0.126582E-01,0.294941E-02,0.172876,15.9961,5.93167,249.000,56.2500,5.99793,98106.7,1.25007
CH-CHA_201201082000.csv,2012-01-09,01:00,9.041,0,36000,36000,-0.278481E-01,1,0.504730E-02,-7.33624,0,0.859391,3.42421,0,0.471251,1.32212,0,0.253606,0.762941E-01,0,0.104998E-01,-0.199423,-0.152991E-02,-0.497209E-02,-0.340876E-04,0.112679E-09,0.142915E-11,17.0264,399.709,401.746,0.450000,0,215.952,5.06966,5.09549,0.450000,0,289.371,277.148,98152.0,1.23144,1007.94,0.234759E-01,0.494386E-02,0.389145E-02,497.731,810.973,0.316009E-02,61.3745,313.242,270.360,0.594876,-1.24795,-0.137428E-01,1.38255,-0.126129E-12,0.661792E-14,1.38255,4.81145,248.050,295.486,-0.569538,-9999,0.150381,0.453090,39.8590,0.504278E-01,-2.14246,-0.393037E-01,0,-9999,-9999,-9999,-9999,-9999,-9999,-9999,-0.275295E-01,1.01157,-6.97558,1.02389,3.36080,1.07520,1.52952,1.08186,0.748813E-01,1.07520,800000099,800000099,800000099,800000099,800000099,800000099,800110199,801110199,80000,80000,80,81,2,3,7,1,3,4,0.516520,0.362514,0.271468E-01,0.331568E-01,0.200776E-02,6.89367,-0.561992E-02,0.152952E-02,0.748813E-01,16.0000,0.360000,249.000,56.2500,5.91256,98152.4,1.24841
CH-CHA_201201082000.csv,2012-01-09,01:30,9.062,0,36000,36000,-0.111536E-01,1,0.115264E-02,-10.0524,0,1.32504,3.45437,0,0.557710,1.98525,0,0.606523,0.769645E-01,0,0.124260E-01,-0.349111E-01,-0.806665E-01,0.183143,-0.179728E-02,0.244580E-10,0.305843E-12,17.1686,402.906,404.947,0.500000,0,214.690,5.03829,5.06380,0.450000,0,289.402,277.127,98179.0,1.23188,1007.93,0.234677E-01,0.498730E-02,0.386872E-02,494.787,809.776,0.314050E-02,61.1017,314.989,270.280,1.09180,-0.271004,0.290951E-01,1.12530,0.144276E-12,0.142458E-14,1.12530,2.88205,204.216,346.060,1.48157,-9999,0.951533E-01,0.269367,7.37072,0.272701,-2.91005,-0.850838E-01,0,-9999,-9999,-9999,-9999,-9999,-9999,-9999,-0.109394E-01,1.01958,-9.48257,1.04046,3.25069,1.14390,2.12313,1.15669,0.724267E-01,1.14390,800000099,800000099,800000099,800000099,800000099,800100099,800110099,810110199,81100,81100,80,81,8,1,2,1,11,3,0.173856,0.347999,0.168800E-01,0.402384E-01,0.109801E-01,4.94764,-0.763705E-02,0.212313E-02,0.724267E-01,15.9981,0.427778,249.000,56.2500,5.86315,98179.7,1.24768
CH-CHA_201201082000.csv,2012-01-09,02:00,9.083,0,36000,36000,-0.166586E-01,1,0.244377E-02,-10.7238,1,0.750521,3.17382,1,0.261405,1.78675,1,0.184223,0.706827E-01,1,0.582162E-02,-0.776194,0.206476,0.473126E-01,0.459832E-02,-0.408022E-10,-0.517279E-12,17.2369,403.731,405.808,0.250000,0,218.525,5.11840,5.14473,0.250000,0,289.057,276.661,98203.0,1.23422,1007.97,0.234225E-01,0.458024E-02,0.393782E-02,502.777,783.623,0.319053E-02,64.1606,280.846,270.495,1.48938,0.608857,0.749558E-01,1.61077,-0.654915E-13,-0.236714E-14,1.61077,3.33888,164.690,22.2347,2.66718,-9999,0.116178,0.121353,12.5779,0.159804,-3.37883,-0.741968E-01,0,-9999,-9999,-9999,-9999,-9999,-9999,-9999,-0.163959E-01,1.01602,-10.2108,1.03372,3.01491,1.14872,1.97508,1.16211,0.671436E-01,1.14872,800000099,800000099,800000099,800000099,800000099,800000099,800000199,810100199,80000,80000,80,81,8,10,5,11,11,11,0.167102,0.602565E-01,0.153463E-01,0.272521E-01,0.220459E-02,2.30065,-0.820764E-02,0.197508E-02,0.671436E-01,16.0000,0.364444,249.000,56.2500,5.45201,98200.4,1.24035
CH-CHA_201201090200.csv,2012-01-09,02:30,9.104,0,36000,36000,-0.260796E-01,1,0.267628E-02,-14.3742,1,1.15080,2.43975,1,0.258841,2.15163,1,0.346551,0.543285E-01,1,0.576388E-02,-0.191579,-0.939186E-01,0.605629E-01,-0.209138E-02,-0.309049E-10,-0.388003E-12,17.2847,404.785,406.853,0.300000,0,217.005,5.08197,5.10793,0.300000,0,288.975,276.546,98178.0,1.23444,1007.95,0.234187E-01,0.352049E-02,0.391042E-02,499.071,777.285,0.316778E-02,64.2070,278.213,270.396,1.44449,0.394435,0.808104E-01,1.49956,-0.770259E-13,-0.178799E-14,1.49956,2.98749,169.171,15.2730,3.08914,-9999,0.145351,0.200569,18.3726,0.109402,-5.89167,-0.794805E-01,0,-9999,-9999,-9999,-9999,-9999,-9999,-9999,-0.257207E-01,1.01395,-13.8362,1.02926,2.54567,1.11344,2.53792,1.12363,0.566871E-01,1.11344,800000099,800000099,800000099,800000099,800000099,800000099,800100099,801110199,81100,81100,80,81,3,9,2,0,0,3,0.166160,0.218310,0.166681E-01,0.446342E-01,0.483634E-02,1.96109,-0.111201E-01,0.253792E-02,0.566871E-01,16.0000,0.385556,249.000,56.2500,5.24744,98226.9,1.23773
CH-CHA_201201090200.csv,2012-01-09,03:00,9.124,0,36000,36000,-0.616686E-02,1,0.144831E-02,-3.27804,1,1.55054,-0.495422,1,0.241867,0.587778,1,0.569500,-0.110272E-01,1,0.538353E-02,-0.778332,0.189550E-01,0.145636,0.421903E-03,-0.651428E-10,-0.813941E-12,17.4381,407.316,409.399,0.350000,1,217.884,5.08930,5.11533,0.350000,1,288.750,276.080,98268.0,1.23765,1007.94,0.233578E-01,-0.714563E-03,0.392627E-02,500.249,752.063,0.317235E-02,66.5169,251.814,270.428,0.363371,0.879647,0.540026E-01,0.953275,-0.631176E-13,-0.373566E-14,0.953275,1.90612,120.216,67.5551,3.24752,-9999,0.705883E-01,0.812922E-01,9.23359,0.217683,6.61666,-0.372261E-01,0,-9999,-9999,-9999,-9999,-9999,-9999,-9999,-0.605858E-02,1.01787,-3.18906,1.03656,-0.360798,1.10790,0.678508,1.11752,-0.803070E-02,1.10790,800000099,800000099,800000099,800000099,800000099,800100099,800100099,811100199,81100,81100,80,81,1,2,3,0,3,9,0.858332E-01,0.711166E-01,0.563505E-02,0.111278,0.213701E-01,4.20283,-0.255640E-02,0.678508E-03,-0.803070E-02,15.9981,0.355556,249.000,56.2500,4.88041,98267.7,1.23131
CH-CHA_201201090200.csv,2012-01-09,03:30,9.145,0,36000,36000,0.516781E-02,1,0.252435E-02,-3.73456,1,3.22887,-0.129728,2,0.109632,-0.359504,2,0.684035,-0.288658E-02,2,0.243942E-02,-0.567035,-0.637988E-01,0.213364,-0.141959E-02,0.170718E-09,0.210364E-11,17.6223,411.017,413.109,0.350000,1,217.147,5.06467,5.09045,0.350000,1,288.547,275.741,98291.0,1.23947,1007.93,0.233237E-01,-0.187050E-03,0.391299E-02,497.945,734.173,0.315697E-02,67.8240,236.228,270.365,0.390220E-01,0.298284,0.195667E-01,0.301461,-0.232315E-12,0.968763E-14,0.301461,1.66093,81.9969,82.5468,3.72146,-9999,0.645705E-01,0.197935,6.20468,0.323949,28.7876,-0.462955E-01,0,-9999,-9999,-9999,-9999,-9999,-9999,-9999,0.504624E-02,1.02409,-3.57905,1.04552,-0.222624E-01,1.04541,-0.159416,1.04929,-0.495362E-03,1.04541,800000099,800000099,800000099,800000099,800100099,801100199,811110199,811110199,81100,81100,80,81,0,3,0,3,9,6,0.174156,0.215434,0.627977E-02,0.236597,0.749018E-01,4.09516,-0.286485E-02,-0.159416E-03,-0.495362E-03,15.9977,0.392222,249.000,56.2500,4.53565,98294.1,1.22624
CH-CHA_201201090200.csv,2012-01-09,04:00,9.166,0,36000,36000,-0.255390E-01,1,0.160363E-02,-2.77820,2,2.05260,1.00591,2,0.576712,3.63149,2,1.90091,0.223736E-01,2,0.128273E-01,-0.698585,0.418779E-01,0.192142,0.931456E-03,-0.180170E-09,-0.220928E-11,17.7926,414.345,416.461,0.150000,0,218.177,5.08081,5.10675,0.150000,0,287.988,275.324,98295.0,1.24139,1007.93,0.232875E-01,0.144981E-02,0.393156E-02,499.552,712.684,0.316705E-02,70.0944,213.132,270.409,-0.192052,0.321158,0.281454E-01,0.375258,-0.650533E-13,-0.101261E-13,0.375258,1.71085,65.6290,120.879,4.30138,-9999,0.143433,0.279244,91.4219,0.219860E-01,-2.76188,-0.154801E-01,0,-9999,-9999,-9999,-9999,-9999,-9999,-9999,-0.251591E-01,1.01510,-2.65767,1.02281,1.05936,1.01939,3.68895,1.02081,0.235625E-01,1.01939,800000099,800100099,800000099,800000099,800000099,810000099,811110199,811110199,81100,81100,80,81,0,2,1,8,4,6,0.501240E-01,0.504011,0.435290E-02,0.887218E-01,0.123254,5.50780,-0.212404E-02,0.368895E-02,0.235625E-01,16.0000,0.393333,249.000,56.2500,4.38465,98299.7,1.22145
CH-CHA_201201090200.csv,2012-01-09,04:30,9.187,0,36000,36000,-0.160340E-01,1,0.294787E-02,-3.79793,1,1.19747,-0.372588E-01,2,0.141667,3.79241,1,1.02967,-0.828772E-03,2,0.315119E-02,0.112219,0.127146,0.422828,0.282819E-02,-0.330468E-09,-0.402029E-11,18.1031,421.671,423.845,0.350000,1,220.232,5.12980,5.15626,0.350000,1,287.875,275.391,98297.0,1.24109,1007.96,0.232927E-01,-0.537044E-04,0.396859E-02,504.380,716.099,0.319765E-02,70.4344,211.719,270.538,0.205060,0.227742,0.264892E-01,0.307600,0.911819E-13,-0.182548E-13,0.307600,1.11964,139.283,48.0000,4.94018,-9999,0.113663,0.122017,33.2805,0.603958E-01,101.934,-0.267104E-01,0,-9999,-9999,-9999,-9999,-9999,-9999,-9999,-0.157651E-01,1.01706,-3.70176,1.02649,0.705891E-01,1.02116,3.90370,1.02271,0.157016E-02,1.02116,800000099,800100099,800000099,800000099,800000099,800000199,811110199,811110199,81100,81100,80,81,0,4,0,0,0,2,0.219005,0.224149E-01,0.261442E-02,0.498937E-01,0.546031E-01,2.25114,-0.295912E-02,0.390370E-02,0.157016E-02,15.9938,0.380556,249.000,56.2500,4.62171,98298.8,1.22179
CH-CHA_201201090200.csv,2012-01-09,05:00,9.208,0,36000,36000,0.791532E-03,2,0.213809E-02,-9.35787,1,2.31752,0.744476,1,0.426642,3.13708,1,1.11261,0.165585E-01,1,0.948931E-02,-0.137382,-0.159453,0.302401E-02,-0.354653E-02,-0.840075E-10,-0.100962E-11,18.1108,421.723,423.872,0.300000,0,217.660,5.06838,5.09420,0.350000,1,288.017,275.309,98297.0,1.24149,1007.93,0.232857E-01,0.107299E-02,0.392224E-02,498.340,711.921,0.315929E-02,69.9993,213.581,270.376,-0.397097E-01,0.274257,0.110014E-01,0.277336,0.296752E-13,-0.463853E-14,0.277336,1.90602,116.894,98.2386,2.27341,-9999,0.252500E-01,0.320729,0.148075,13.5742,-12.5697,-0.296172,0,-9999,-9999,-9999,-9999,-9999,-9999,-9999,0.619793E-03,1.27709,-6.05841,1.53447,0.839104,1.19952,2.97681,1.21676,0.186632E-01,1.19952,800000099,800000099,800000099,800000099,800100099,810100099,810110199,811110199,81100,81100,80,81,11,0,5,1,11,4,0.446591,0.187903,0.696238E-02,0.125829,0.450348E-01,3.29343,-0.484159E-02,0.297681E-02,0.186632E-01,16.0000,0.313333,249.000,56.2500,4.48123,98299.8,1.22027
CH-CHA_201201090200.csv,2012-01-09,05:30,9.229,0,36000,36000,-0.911235E-02,2,0.369781E-02,-0.403416,2,0.516492,0.136864,2,0.346440,0.276825E-01,2,0.236883,0.304447E-02,2,0.770639E-02,0.207660,-0.119421,-0.853249E-03,-0.265647E-02,0.277482E-10,0.330467E-12,18.1026,421.708,423.837,0.350000,1,215.593,5.02235,5.04770,0.350000,1,288.007,275.433,98300.0,1.24099,1007.90,0.232955E-01,0.197282E-03,0.388498E-02,493.829,718.246,0.313054E-02,68.7549,224.417,270.254,0.505669E-01,0.477712,0.246686E-01,0.481014,0.176385E-12,0.153283E-14,0.481014,2.21396,96.8790,83.9576,2.93968,-9999,0.856900E-01,0.331025,134.250,0.149720E-01,-2.94758,-0.376390E-02,0,-9999,-9999,-9999,-9999,-9999,-9999,-9999,-0.899156E-02,1.01343,-0.386980,1.02149,0.144336,1.02210,0.464886E-01,1.02383,0.321068E-02,1.02210,800000099,800001199,800000099,800000099,800000099,800000099,811100099,811110199,81100,81100,80,80,0,3,9,3,5,21,0.404610,0.251980,0.545975E-02,0.137981,0.455058E-01,2.61378,-0.309387E-03,0.464886E-04,0.321068E-02,15.9981,0.454444,249.000,56.2500,4.17845,98300.2,1.21958
CH-CHA_201201090200.csv,2012-01-09,06:00,9.249,0,36000,36000,-0.309046E-01,1,0.435870E-02,4.92006,2,2.28814,-0.420840,1,0.360027,1.08432,2,1.32802,-0.935919E-02,1,0.800674E-02,-0.414044,0.139881E-01,0.160514,0.311086E-03,-0.507740E-10,-0.601380E-12,18.2395,424.487,426.632,0.450000,0,216.033,5.02773,5.05314,0.350000,1,287.768,275.186,98307.0,1.24219,1007.90,0.232730E-01,-0.606475E-03,0.389292E-02,494.394,705.696,0.313391E-02,70.0577,211.302,270.269,-0.289941,-0.155944,0.171236E-01,0.329663,0.136003E-12,-0.278374E-14,0.329663,2.32691,359.232,208.273,2.97744,-9999,0.157731,0.361755,-68.6555,-0.292766E-01,-11.6910,0.249144E-01,0,-9999,-9999,-9999,-9999,-9999,-9999,-9999,-0.301458E-01,1.02517,4.76279,1.02769,-0.545146,1.02256,0.808867,1.02344,-0.121236E-01,1.02256,800000099,800001199,800000099,800000099,800000099,800000099,811100099,811110199,80000,80000,80,81,28,0,3,0,0,2,0.321935,0.396697,0.487912E-02,0.117069,0.552090E-01,2.52009,0.380414E-02,0.808867E-03,-0.121236E-01,15.9953,0.516667,249.000,56.2500,4.21261,98304.1,1.21773
CH-CHA_201201090200.csv,2012-01-09,06:30,9.270,0,36000,36000,-0.124133E-01,1,0.282620E-02,-2.04439,2,2.33748,-1.57938,1,0.432492,2.97400,1,1.30430,-0.351123E-01,1,0.961505E-02,-0.599324,-0.214477,0.675861E-01,-0.476819E-02,-0.808349E-10,-0.939148E-12,18.3172,425.655,427.771,0.350000,1,212.811,4.94532,4.96990,0.350000,1,287.527,274.829,98327.0,1.24410,1007.85,0.232381E-01,-0.227528E-02,0.383486E-02,486.389,687.899,0.308244E-02,70.7064,201.510,270.050,-0.254145,0.105854E-01,0.767514E-02,0.254481,0.320023E-13,-0.441306E-14,0.254481,1.96576,28.1471,177.615,1.72830,-9999,0.998890E-01,0.220023,41.9704,0.478909E-01,1.29443,-0.163229E-01,0,-9999,-9999,-9999,-9999,-9999,-9999,-9999,-0.121880E-01,1.01849,-2.08290,1.02655,-1.48816,1.01789,3.03963,1.01908,-0.330844E-01,1.01789,800000099,800000099,800000099,800000099,800001199,800111199,811110199,811110199,81000,81000,80,81,0,3,8,0,11,74,0.296279,0.139767,0.400012E-02,0.209835,0.977982E-01,4.80543,-0.166119E-02,0.303963E-02,-0.330844E-01,16.0000,0.268889,249.000,56.2500,3.80431,98327.0,1.20985
CH-CHA_201201090200.csv,2012-01-09,07:00,9.291,0,36000,36000,-0.418367E-01,1,0.441378E-02,-20.1825,1,4.42460,-6.08041,1,1.01520,6.94629,1,2.30745,-0.135101,1,0.225569E-01,-1.01139,-0.411573,0.223635,-0.914478E-02,-0.734694E-10,-0.818943E-12,18.5285,429.511,431.577,0.350000,1,206.532,4.78764,4.81067,0.350000,1,287.402,274.228,98353.0,1.24723,1007.75,0.231811E-01,-0.875455E-02,0.372171E-02,471.005,658.835,0.298398E-02,71.4907,187.830,269.620,0.231402,0.218174,0.393301E-01,0.320458,-0.855758E-13,-0.396521E-14,0.320458,1.68967,152.012,43.3146,7.04974,-9999,0.183149,0.388147,26.2096,0.766895E-01,3.31927,-0.876739E-01,0,-9999,-9999,-9999,-9999,-9999,-9999,-9999,-0.411339E-01,1.01709,-19.9880,1.02765,-5.37939,1.02372,7.88826,1.02548,-0.119525,1.02372,800000099,800000099,800000099,800000099,800000099,801101199,811100199,811100199,81100,81100,80,81,2,1,1,0,8,37,0.212762,0.557577,0.595526E-02,0.270885,0.124220,9.73203,-0.159026E-01,0.788826E-02,-0.119525,15.9981,0.363333,249.000,56.2500,2.91456,98353.0,1.20201
CH-CHA_201201090200.csv,2012-01-09,07:30,9.312,0,36000,36000,-0.189076E-01,1,0.225583E-02,0.733438,2,1.23735,1.27799,2,0.494041,0.498632,2,1.50975,0.283891E-01,2,0.109746E-01,-0.417745,-0.251918,0.193442,-0.559608E-02,0.168863E-09,0.183017E-11,18.6905,432.843,434.883,0.350000,1,202.571,4.69125,4.71336,0.350000,1,287.043,273.980,98360.0,1.24849,1007.70,0.231585E-01,0.183961E-02,0.365034E-02,461.555,647.162,0.292379E-02,71.3198,185.607,269.349,-0.149729,-0.134794,0.856250E-02,0.201647,-0.163201E-12,0.903469E-14,0.201647,1.33450,8.52037,221.995,2.43367,-9999,0.123062,0.204433,-218.800,-0.918645E-02,0.573898,0.473721E-02,0,-9999,-9999,-9999,-9999,-9999,-9999,-9999,-0.182505E-01,1.03601,0.781992,1.03491,1.22144,1.02551,0.435239,1.02604,0.271330E-01,1.02551,800000099,800100099,800000099,800000099,800000099,800100199,811110199,811110199,81100,81100,80,81,0,0,17,2,3,15,0.146309,0.259709,0.284597E-02,0.123190,0.134072,6.66863,0.621565E-03,0.435239E-03,0.271330E-01,15.9981,0.327778,249.000,56.2500,2.71783,98359.6,1.19664
CH-CHA_201201090200.csv,2012-01-09,08:00,9.333,0,36000,36000,0.277563E-02,2,0.192122E-02,-2.53259,1,1.16488,-0.755284,1,0.206951,1.01966,1,1.03302,-0.167730E-01,1,0.459588E-02,-0.499129,-0.260019,0.181503,-0.577439E-02,0.228579E-11,0.240755E-13,18.8457,435.966,437.978,0.350000,1,198.495,4.59189,4.61307,0.350000,1,286.783,273.684,98360.0,1.24989,1007.64,0.231335E-01,-0.108689E-02,0.357689E-02,451.779,633.471,0.286176E-02,71.3182,181.691,269.064,0.241823,0.531117,0.254931E-01,0.584135,0.216962E-13,0.121290E-15,0.584135,1.89325,116.436,65.5197,2.50132,-9999,0.471243E-01,0.143853,3.55792,0.564936,3.35316,-0.426720E-01,0,-9999,-9999,-9999,-9999,-9999,-9999,-9999,0.269519E-02,1.02985,-2.42803,1.06034,-0.610735,1.12347,1.02787,1.13384,-0.135630E-01,1.12347,800000099,800100099,800000099,800000099,800000099,800001099,811110199,811110199,80000,80000,80,81,0,5,0,1,0,6,0.193642,0.910724E-01,0.299106E-02,0.839736E-01,0.207633,2.12480,-0.192787E-02,0.102787E-02,-0.135630E-01,15.9977,0.374444,249.000,56.2500,2.57810,98360.3,1.19359
CH-CHA_201201090800.csv,2012-01-09,08:30,9.354,0,36000,36000,0.221104E-02,2,0.149777E-02,0.445166,1,0.861323,0.515893E-01,1,0.845960E-01,-0.838915,2,0.823559,0.114568E-02,1,0.187868E-02,0.843036E-02,-0.581555E-01,0.163675E-01,-0.129150E-02,-0.189746E-10,-0.198757E-12,18.8560,436.248,438.251,0.350000,1,197.515,4.56967,4.59064,0.350000,1,286.606,273.689,98352.0,1.24978,1007.63,0.231358E-01,0.742400E-04,0.355922E-02,449.556,633.700,0.284789E-02,70.9415,184.143,268.998,-0.572356,-0.226487,0.243503E-01,0.616020,-0.496257E-13,-0.100629E-14,0.616020,1.30250,351.531,201.589,2.26540,-9999,0.420613E-01,0.914335E-01,-14.3922,-0.139659,8.62902,0.840439E-02,0,-9999,-9999,-9999,-9999,-9999,-9999,-9999,0.217488E-02,1.01663,0.438420,1.02221,0.388581E-01,1.02594,-0.840605,1.02756,0.862949E-03,1.02594,800000099,800100099,800000099,800000099,800000099,800000099,811110199,811110199,81100,81100,80,81,0,1,2,0,0,34,0.113106,0.673761E-01,0.238555E-02,0.551921E-01,0.886563E-01,0.784016,0.348144E-03,-0.840605E-03,0.862949E-03,16.0000,0.248889,249.000,56.2500,2.77164,98384.9,1.19287
CH-CHA_201201090800.csv,2012-01-09,09:00,9.374,1,36000,36000,-0.237854E-02,2,0.136474E-02,-2.11749,1,0.587216,-0.173330,1,0.766762E-01,2.37121,1,0.674984,-0.384967E-02,1,0.170298E-02,0.185475,0.271819E-01,-0.286070,0.603710E-03,-0.124717E-09,-0.132432E-11,18.6439,431.325,433.310,0.350000,1,197.971,4.58005,4.60113,0.350000,1,286.442,273.799,98395.0,1.24982,1007.63,0.231350E-01,-0.249458E-03,0.356744E-02,450.775,638.759,0.285437E-02,70.5705,187.984,269.034,-0.445973,0.181069E-01,0.133261E-01,0.446540,0.235743E-12,-0.668944E-14,0.446540,1.56109,28.7275,177.675,1.71014,-9999,0.436246E-01,0.193704,3.37682,0.595234,12.2165,-0.385428E-01,0,-9999,-9999,-9999,-9999,-9999,-9999,-9999,-0.230681E-02,1.03109,-2.00258,1.06228,-0.107368,1.09714,2.25023,1.10538,-0.238466E-02,1.09714,800000099,800100099,800000099,800000099,800000199,800100199,811110199,811110199,80000,80000,80,81,0,3,11,11,12,62,0.231002,0.155162,0.124430E-02,0.385274E-01,0.640166E-01,0.788329,-0.159016E-02,0.225023E-02,-0.238466E-02,16.0000,0.204444,249.000,56.2500,2.90773,98397.2,1.19343
CH-CHA_201201090800.csv,2012-01-09,09:30,9.395,1,36000,36000,0.552337E-03,2,0.466996E-03,0.424015,1,0.426317,0.762650E-01,2,0.962223E-01,0.179915,1,0.260589,0.169419E-02,2,0.213752E-02,0.352180,0.130108,-0.997617E-01,0.289027E-02,0.729058E-10,0.785696E-12,18.5577,429.608,431.606,0.350000,1,199.994,4.62982,4.65136,0.350000,1,286.040,274.008,98407.0,1.24899,1007.66,0.231498E-01,0.109783E-03,0.360389E-02,455.729,648.471,0.288544E-02,70.2775,192.742,269.180,-0.363689,0.141018,0.164139E-01,0.390417,-0.652629E-14,0.392860E-14,0.390417,1.01656,33.6383,158.807,2.40953,-9999,0.210292E-01,0.429260E-01,-1.88915,-1.06397,5.55976,0.160208E-01,0,-9999,-9999,-9999,-9999,-9999,-9999,-9999,0.540253E-03,1.02237,0.417676,1.02585,0.634061E-01,1.02265,0.152750,1.02370,0.140853E-02,1.02265,800000099,800100099,800000099,800000099,800001099,801001099,811110199,811110199,81100,81100,80,81,0,0,0,9,31,7,0.415279E-01,0.435315E-01,0.792417E-03,0.485070E-01,0.199239E-01,6.72313,0.331867E-03,0.152750E-03,0.140853E-02,15.9977,0.257778,249.000,56.2500,3.52736,98404.8,1.19849
CH-CHA_201201090800.csv,2012-01-09,10:00,9.416,1,36000,36000,-0.802121E-02,1,0.118410E-02,0.186104,2,0.555355,-0.213581E-01,2,0.608120,0.252048,2,0.955037,-0.474837E-03,2,0.135198E-01,1.41004,0.648498,-0.624109,0.144175E-01,-0.919405E-10,-0.107097E-11,18.0434,418.832,420.886,0.350000,1,210.178,4.87875,4.90266,0.350000,1,286.261,274.847,98442.0,1.24550,1007.81,0.232124E-01,-0.307694E-04,0.378741E-02,480.402,688.787,0.304087E-02,69.7462,208.385,269.884,0.132357,-0.110153,0.183194E-01,0.173169,-0.170290E-13,-0.509552E-14,0.173169,1.20271,244.127,320.231,6.07265,-9999,0.802505E-01,0.149572,-239.276,-0.840034E-02,-8.71349,0.184750E-02,0,-9999,-9999,-9999,-9999,-9999,-9999,-9999,-0.771026E-02,1.04033,0.178087,1.03781,-0.256516E-01,1.02737,0.235945,1.02784,-0.570290E-03,1.02737,800000099,800010099,800000099,800000099,800000099,800000099,811110199,811110199,80000,80000,80,81,2,4,3,7,0,7,0.394785E-01,0.255250,0.441530E-02,0.593609E-01,0.421797E-01,8.04460,0.141876E-03,0.235945E-03,-0.570290E-03,16.0000,0.294444,249.000,56.2500,4.78514,98442.4,1.21310
CH-CHA_201201090800.csv,2012-01-09,10:30,9.437,1,36000,36000,0.132412E-01,1,0.274031E-02,5.19177,1,0.739050,3.33963,1,0.633502,-2.29211,1,0.330396,0.742838E-01,1,0.140910E-01,0.872615,0.523413,0.112941,0.116423E-01,-0.114261E-09,-0.137945E-11,18.0998,420.785,422.934,0.350000,1,218.515,5.08006,5.10600,0.350000,1,286.377,275.367,98477.0,1.24350,1007.93,0.232481E-01,0.481359E-02,0.393765E-02,500.404,714.874,0.316659E-02,69.9989,214.470,270.432,-0.119987,-0.322676,-0.196210E-01,0.344821,-0.304189E-13,-0.631285E-14,0.344821,1.37004,296.290,249.602,-3.26200,-9999,0.103191,0.580064E-01,-18.2409,-0.110192,1.55459,0.401420E-01,0,-9999,-9999,-9999,-9999,-9999,-9999,-9999,0.129260E-01,1.02439,5.24611,1.02717,3.10494,1.02253,-2.53617,1.02345,0.690635E-01,1.02253,800000099,800000099,800000099,800000099,800000099,800000099,811110099,811110199,81100,81100,81,81,17,0,2,23,11,3,0.973640E-01,0.131526E-01,0.549627E-02,0.110854E-01,0.514129E-02,7.78656,0.418565E-02,-0.253617E-02,0.690635E-01,16.0000,0.314444,249.000,56.2500,5.76814,98477.2,1.22612
CH-CHA_201201090800.csv,2012-01-09,11:00,9.458,1,36000,36000,-0.354943E-01,1,0.642011E-02,19.1869,1,2.80998,16.0837,1,2.11819,-7.34493,1,1.35271,0.358012,1,0.471495E-01,1.28713,0.444147,-0.103921,0.988644E-02,-0.679628E-10,-0.851835E-12,17.9750,418.983,421.195,0.400000,0,225.296,5.25147,5.27919,0.350000,1,286.513,276.136,98493.0,1.24016,1008.03,0.233092E-01,0.231992E-01,0.405983E-02,517.372,755.055,0.327364E-02,68.5210,237.684,270.881,-0.325512E-01,-0.164870,0.213103E-01,0.169399,0.111662E-12,-0.378096E-14,0.169399,1.21844,239.175,258.831,7.22693,-9999,0.169177,0.129987,-21.7534,-0.923995E-01,1.19294,0.907217E-01,0,-9999,-9999,-9999,-9999,-9999,-9999,-9999,-0.340964E-01,1.04100,19.3996,1.03826,15.0210,1.02767,-8.26156,1.02814,0.334359,1.02767,800000099,800000099,800000099,800000099,800000099,800000099,811110199,811110199,80100,80100,81,81,0,2,1,19,7,12,0.164404,0.787004E-01,0.168693E-01,0.577023E-01,0.169177E-01,18.3856,0.155182E-01,-0.826156E-02,0.334359,16.0000,0.331111,249.000,56.2500,7.31452,98497.3,1.24016
CH-CHA_201201090800.csv,2012-01-09,11:30,9.479,1,36000,36000,-0.627110E-02,0,0.197973E-02,17.5020,0,2.54209,12.2515,0,1.46282,-5.61801,0,0.806780,0.272923,0,0.325869E-01,1.37012,0.252448,-0.166632,0.562372E-02,-0.227284E-10,-0.292201E-12,17.7976,416.086,418.323,0.150000,0,228.809,5.34926,5.37803,0.100000,0,287.178,276.957,98492.0,1.23642,1008.10,0.233788E-01,0.176854E-01,0.412313E-02,527.001,800.147,0.333473E-02,65.8630,273.146,271.131,0.614612,0.148168,0.463875E-01,0.633919,0.123380E-13,-0.127705E-14,0.633919,1.83943,175.379,13.5540,4.19641,-9999,0.712178E-01,0.661456E-01,-1.77909,-1.12979,1.42856,0.197164,0,-9999,-9999,-9999,-9999,-9999,-9999,-9999,-0.617026E-02,1.01634,17.8286,1.02204,11.3672,1.02621,-6.45342,1.02797,0.253224,1.02621,800000099,800000099,800000099,800000099,800000099,800001199,811010199,811110199,81100,81100,80,80,0,1,0,31,24,50,0.576523E-01,0.595087E-01,0.151302E-01,0.956349E-01,0.159153E-01,26.9019,0.143036E-01,-0.645342E-02,0.253224,16.0000,0.172222,249.000,56.2500,8.10518,98493.8,1.25407
CH-CHA_201201090800.csv,2012-01-09,12:00,9.499,1,36000,36000,-0.200681E-01,0,0.249134E-02,27.0243,0,3.80276,20.1961,0,1.40754,-7.96839,0,1.35777,0.450339,0,0.313857E-01,1.69105,0.411198,-0.422191,0.916903E-02,-0.163884E-09,-0.220907E-11,17.4183,408.717,410.981,0.200000,0,234.789,5.50929,5.53981,0.200000,0,288.409,277.974,98491.0,1.23181,1008.21,0.234648E-01,0.291820E-01,0.423090E-02,542.761,859.294,0.343470E-02,63.1636,316.533,271.530,1.39662,0.755463,0.711278E-01,1.58944,0.291108E-13,-0.940875E-14,1.58944,3.34201,158.119,28.4100,2.56485,-9999,0.127638,0.176952,-6.63320,-0.303021,1.33810,0.170482,0,-9999,-9999,-9999,-9999,-9999,-9999,-9999,-0.198500E-01,1.01099,27.6319,1.02010,18.3185,1.05143,-9.01310,1.05580,0.408471,1.05143,800000099,800000099,800000099,800000099,800000099,800010099,800010199,801110199,81100,81100,80,81,5,2,0,0,18,6,0.161604,0.163748,0.285505E-01,0.187797,0.371418E-01,28.5865,0.222494E-01,-0.901310E-02,0.408471,16.0000,0.237778,249.000,56.2500,8.83138,98493.1,1.26440
CH-CHA_201201090800.csv,2012-01-09,12:30,9.520,1,36000,36000,-0.408292E-01,0,0.316460E-02,32.8035,0,4.17788,31.2384,0,2.01779,-8.10231,0,0.766215,0.697221,0,0.450357E-01,1.63775,-0.234061,-0.171772,-0.522410E-02,0.321782E-10,0.429700E-12,17.2191,405.707,407.917,0.200000,0,229.940,5.41774,5.44725,0.200000,0,288.981,278.963,98436.0,1.22680,1008.17,0.235615E-01,0.451799E-01,0.414353E-02,533.443,920.485,0.337750E-02,57.9524,387.042,271.295,1.82217,0.990305,0.105294,2.07656,-0.982697E-13,0.186875E-14,2.07656,3.88601,158.754,28.5230,2.90648,-9999,0.182431,0.273904,-15.9490,-0.126027,1.05010,0.145383,0,-9999,-9999,-9999,-9999,-9999,-9999,-9999,-0.403981E-01,1.01067,33.8728,1.02104,28.2306,1.06585,-9.35535,1.07129,0.630088,1.06585,800000099,800000099,800000099,800000099,800000099,800000099,800000199,800010199,80100,80100,80,80,8,0,2,1,9,7,0.212096,0.291552,0.441588E-01,0.189237,0.110763E-01,48.2874,0.273870E-01,-0.935535E-02,0.630088,16.0000,0.304444,249.000,56.2500,10.1347,98436.3,1.28372
CH-CHA_201201090800.csv,2012-01-09,13:00,9.541,1,36000,36000,-0.516141E-01,0,0.540121E-02,18.1230,0,1.76855,28.5313,0,2.25589,-8.58273,0,0.948353,0.636797,0,0.503496E-01,-0.115882E-01,0.722915E-01,0.215532,0.161349E-02,0.117327E-10,0.156041E-12,17.3740,409.485,411.728,0.200000,0,231.069,5.44602,5.47584,0.200000,0,289.598,278.956,98403.0,1.22641,1008.18,0.235688E-01,0.412645E-01,0.416387E-02,536.049,920.039,0.339517E-02,58.2637,383.990,271.362,1.76939,1.00782,0.112806,2.03940,0.132984E-12,0.675301E-15,2.03940,3.72586,157.640,29.6653,3.17085,-9999,0.205147,0.237463,-41.0416,-0.489748E-01,0.635195,0.714480E-01,0,29.5446,-4.48350,10.1417,25.2543,38.5143,54.0169,80.9272,-0.510689E-01,1.01067,19.3500,1.02095,26.1398,1.06473,-9.11728,1.07010,0.583419,1.06473,800000099,800000099,800000099,800000099,800000099,800000099,800010199,800010199,80100,80100,80,80,1,6,0,4,10,8,0.243182,0.184911,0.468329E-01,0.343843E-01,0.138356E-01,43.9783,0.156497E-01,-0.911728E-02,0.583419,16.0000,0.263333,249.000,56.2500,9.36168,98400.4,1.28180
CH-CHA_201201090800.csv,2012-01-09,13:30,9.562,1,36000,36000,-0.316520E-01,0,0.344681E-02,9.54275,0,0.958562,26.6651,0,2.15922,-6.43543,0,0.750964,0.595229,0,0.481990E-01,0.246539,-0.710081,-0.466751,-0.158507E-01,0.258618E-10,0.333055E-12,17.0188,401.299,403.384,0.300000,0,219.173,5.16802,5.19487,0.300000,0,289.896,279.105,98410.0,1.22597,1008.03,0.235797E-01,0.385708E-01,0.394949E-02,508.722,929.580,0.322152E-02,54.7260,420.858,270.654,1.84825,0.306503E-01,0.816856E-01,1.85031,0.391221E-13,0.151960E-14,1.85031,3.27800,186.103,0.950073,2.53026,-9999,0.160680,0.188365,-37.4517,-0.536692E-01,0.357874,0.480570E-01,0,-9999,-9999,-9999,-9999,-9999,-9999,-9999,-0.313157E-01,1.01074,10.8542,1.02053,24.7809,1.05951,-6.71502,1.06406,0.553168,1.05951,800000099,800000099,800000099,800000099,800000099,800000099,800010199,800110199,81100,81100,80,80,4,3,0,3,8,3,0.189575,0.154841,0.323147E-01,0.140999E-01,0.142406E-01,57.7167,0.878298E-02,-0.671502E-02,0.553168,16.0000,0.236667,249.000,56.2500,9.14361,98408.1,1.28492
CH-CHA_201201090800.csv,2012-01-09,14:00,9.583,1,36000,36000,-0.411139E-01,0,0.308300E-02,2.18455,0,0.539387,25.0223,0,1.84984,-5.71449,0,0.457694,0.558605,0,0.412964E-01,0.150519,0.112372,-0.111123,0.250862E-02,-0.145114E-10,-0.189393E-12,16.9301,399.349,401.442,0.300000,0,220.960,5.21204,5.23934,0.300000,0,290.127,279.196,98407.0,1.22551,1008.06,0.235881E-01,0.361976E-01,0.398170E-02,513.039,935.449,0.324901E-02,54.8441,422.411,270.768,1.94619,-0.250217,0.443778E-01,1.96271,0.168975E-12,-0.857135E-15,1.96271,3.91839,193.677,352.674,1.29559,-9999,0.183162,0.404542,-242.326,-0.829460E-02,0.873041E-01,0.965433E-02,0,-9999,-9999,-9999,-9999,-9999,-9999,-9999,-0.406790E-01,1.01069,3.54777,1.02077,23.3618,1.06281,-5.66183,1.06765,0.521536,1.06281,800000099,800010099,800000099,800000099,800000099,800000099,800010199,800110199,80100,80100,80,81,4,6,5,6,17,8,0.262139,0.504867,0.420783E-01,0.746596E-02,0.473984E-02,39.4384,0.287178E-02,-0.566183E-02,0.521536,15.9977,0.276667,249.000,56.2500,9.00193,98402.8,1.28580
CH-CHA_201201091400.csv,2012-01-09,14:30,9.604,1,36000,36000,-0.453262E-01,1,0.225889E-02,-4.76284,1,1.09131,30.2296,1,3.82731,-3.95153,1,0.543856,0.674900,1,0.854476E-01,0.112387,-0.113899,-0.131948,-0.254287E-02,0.403995E-09,0.525801E-11,16.8187,397.033,399.095,0.350000,1,218.896,5.16739,5.19423,0.350000,1,290.348,279.264,98354.0,1.22457,1008.04,0.236066E-01,0.437336E-01,0.394451E-02,508.370,939.857,0.322113E-02,54.0901,431.487,270.645,1.36498,-0.276592,0.278428E-01,1.39300,0.265837E-12,0.240206E-13,1.39300,3.14746,199.636,348.545,1.14528,-9999,0.192390,0.390688,128.755,0.156110E-01,-0.157555,-0.200550E-01,0,-9999,-9999,-9999,-9999,-9999,-9999,-9999,-0.448742E-01,1.01007,-2.95373,1.02045,28.6172,1.05562,-3.76176,1.05992,0.638901,1.05562,800000099,800010099,800000099,800000099,800000099,800000099,800010199,801110199,81100,81100,80,81,0,9,1,3,20,3,0.182907,0.564438,0.340318E-01,0.722017E-02,0.764936E-02,93.6724,-0.239282E-02,-0.376176E-02,0.638901,15.9977,0.277778,249.000,56.2500,8.82130,98402.6,1.28624
CH-CHA_201201091400.csv,2012-01-09,15:00,9.624,1,36000,36000,-0.212402E-01,0,0.340093E-02,-6.77675,0,0.730298,12.4808,0,1.38331,-2.99713,0,0.350306,0.278630,0,0.308820E-01,-0.860332E-01,-0.450955,-0.658352E-01,-0.100674E-01,-0.730086E-10,-0.920419E-12,16.7879,395.878,397.864,0.450000,0,211.645,4.99081,5.01584,0.450000,0,290.518,279.212,98442.0,1.22598,1007.94,0.235811E-01,0.180552E-01,0.381384E-02,491.437,936.485,0.311085E-02,52.4768,445.048,270.189,1.02823,-1.24164,-0.295494E-01,1.61238,-0.952093E-13,-0.434888E-14,1.61238,3.82409,236.826,309.629,-1.05009,-9999,0.131625,0.230085,28.9963,0.693191E-01,-0.542972,-0.416645E-01,0,-9999,-9999,-9999,-9999,-9999,-9999,-9999,-0.209847E-01,1.01218,-5.92621,1.02563,11.4949,1.09655,-2.51672,1.10370,0.256619,1.09655,800000099,800000099,800000099,800000099,800000099,800000099,800010199,800110199,81100,81100,80,80,4,5,0,1,27,1,0.252362,0.170685,0.371225E-01,0.749069E-02,0.354730E-02,34.6690,-0.479578E-02,-0.251672E-02,0.256619,16.0000,0.312222,249.000,56.2500,8.61819,98450.1,1.28454
CH-CHA_201201091400.csv,2012-01-09,15:30,9.645,1,36000,36000,-0.144440E-01,0,0.202195E-02,-6.78786,0,0.558643,9.09640,0,0.912289,-1.36956,0,0.190632,0.203043,0,0.203634E-01,-0.269968,0.268997,0.802232E-02,0.600433E-02,-0.200798E-09,-0.258388E-11,16.8116,396.018,398.047,0.450000,0,216.333,5.09601,5.12211,0.450000,0,290.477,279.049,98488.0,1.22722,1007.99,0.235563E-01,0.131572E-01,0.389833E-02,502.031,925.984,0.317655E-02,54.2159,423.953,270.475,0.811979,-1.09159,-0.398508E-01,1.36106,-0.138812E-13,-0.119440E-13,1.36106,3.57884,239.757,306.644,-1.67782,-9999,0.108488,0.157438,16.2149,0.123960,-0.746214,-0.505790E-01,0,-9999,-9999,-9999,-9999,-9999,-9999,-9999,-0.142431E-01,1.01410,-6.10279,1.02937,8.34577,1.10722,-1.00338,1.11563,0.186287,1.10722,800000099,800000099,800000099,800000099,800000099,800001099,800110199,811110199,81100,81100,80,80,26,8,1,6,4,2,0.193380,0.101423,0.200729E-01,0.136878E-01,0.277604E-02,29.3985,-0.493341E-02,-0.100338E-02,0.186287,15.9977,0.344444,249.000,56.2500,8.23376,98488.4,1.28133
CH-CHA_201201091400.csv,2012-01-09,16:00,9.666,1,36000,36000,-0.374040E-01,0,0.292975E-02,-12.1747,0,0.933575,48.7238,1,10.3541,-8.17286,1,2.98283,1.08711,1,0.231017,-0.746532,-0.981121,0.308858,-0.218904E-01,-0.671184E-10,-0.788041E-12,17.0700,401.421,403.322,0.350000,1,200.420,4.71312,4.73544,0.400000,0,290.184,278.599,98497.0,1.22949,1007.78,0.235162E-01,0.704446E-01,0.361158E-02,464.353,897.531,0.293745E-02,51.7367,433.178,269.430,-0.578765E-01,-2.38934,0.938375E-02,2.39006,-0.160267E-12,-0.393195E-14,2.39006,4.52868,277.585,268.612,0.224953,-9999,0.174419,0.631128,37.5687,0.535019E-01,-0.249872,-0.563341E-01,0,-9999,-9999,-9999,-9999,-9999,-9999,-9999,-0.369544E-01,1.01217,-9.27099,1.02653,43.4078,1.12447,-7.06443,1.13347,0.968497,1.12447,800000099,800000099,800000099,800000099,800001099,800001099,800000199,800110199,80100,80100,80,80,7,2,4,0,9,0,0.375037,0.837970,0.492489E-01,0.354448E-01,0.168498,1133.28,-0.748230E-02,-0.706443E-02,0.968497,16.0000,0.330000,249.266,57.9153,7.77506,98498.3,1.27374
CH-CHA_201201091400.csv,2012-01-09,16:30,9.687,0,36000,36000,-0.296027E-01,1,0.335185E-02,-13.1238,0,1.05027,6.64559,0,8.80926,2.17302,0,4.69355,0.148189,0,0.196436,-0.997496,-0.950593,0.422403,-0.211971E-01,0.139329E-10,0.148029E-12,17.4217,408.793,410.576,0.350000,1,185.095,4.34317,4.36211,0.400000,0,289.797,277.999,98501.0,1.23237,1007.57,0.234646E-01,0.960266E-02,0.333541E-02,427.921,860.796,0.270650E-02,49.7123,432.875,268.344,1.39475,-0.756503,0.981778E-02,1.58673,-0.668832E-13,0.799746E-15,1.58673,4.07502,217.076,331.525,0.354515,-9999,0.154987,0.354200,24.4516,0.822034E-01,-1.97481,-0.681944E-01,0,-9999,-9999,-9999,-9999,-9999,-9999,-9999,-0.292262E-01,1.01288,-12.4196,1.02711,6.26666,1.10622,2.49256,1.11323,0.139739,1.10622,800000099,800000099,800000099,800000099,800000099,800000099,800000199,801110199,80000,80000,80,81,15,10,3,7,1,1,0.462259,0.204371,0.417712E-01,0.166606E-01,0.296112,1383.17,-0.100021E-01,0.249256E-02,0.139739,16.0000,0.262222,249.330,58.3128,6.91286,98500.0,1.26151
CH-CHA_201201091400.csv,2012-01-09,17:00,9.708,0,36000,36000,0.282880E-02,0,0.790698E-03,-0.572515,2,0.618838,-0.465844E-01,2,0.891800,-0.415962,2,0.448683,-0.103856E-02,2,0.198820E-01,-0.361101,2.30339,-0.415333,0.513524E-01,-0.651183E-10,-0.849544E-12,17.1268,401.550,403.665,0.350000,1,223.439,5.23870,5.26629,0.350000,1,289.599,277.782,98503.0,1.23294,1008.05,0.234458E-01,-0.672988E-04,0.402637E-02,516.166,847.841,0.326567E-02,60.8801,331.675,270.850,0.473478,0.447454,0.248065E-01,0.651929,-0.287386E-12,-0.380213E-14,0.651929,2.01564,137.225,43.3814,2.18069,-9999,0.478994E-01,0.152387,16.5483,0.121463,12.2899,-0.961682E-02,0,-9999,-9999,-9999,-9999,-9999,-9999,-9999,0.278659E-02,1.01515,-0.558855,1.02926,-0.282093E-01,1.05357,-0.365840,1.05823,-0.628906E-03,1.05357,800000099,800000099,800000099,800000099,800100099,800100099,811110199,811110199,80000,80000,80,81,4,7,2,7,7,9,0.406131E-01,0.257018,0.714228E-02,0.752471E-01,0.114835E-01,39.2073,-0.449650E-03,-0.365840E-03,-0.628906E-03,16.0000,0.252222,249.000,56.2500,6.81314,98500.1,1.26027
CH-CHA_201201091400.csv,2012-01-09,17:30,9.729,0,36000,36000,0.156438E-02,1,0.490735E-03,-0.394402,2,0.425213,-0.208164,2,0.360719,0.439204,2,0.431734,-0.463890E-02,2,0.803856E-02,-0.742032,0.227302,0.314010,0.506538E-02,-0.169600E-09,-0.221966E-11,17.3955,407.015,409.195,0.350000,1,227.665,5.32686,5.35538,0.350000,1,289.381,277.337,98547.0,1.23543,1008.09,0.233978E-01,-0.300601E-03,0.410253E-02,525.086,821.812,0.332073E-02,63.8937,296.726,271.082,0.446233,0.558227,0.101761E-01,0.714734,-0.162323E-13,-0.974967E-14,0.714734,1.40691,135.760,51.3621,0.815783,-9999,0.355846E-01,0.341185E-01,9.85231,0.204013,1.89467,-0.889935E-02,0,-9999,-9999,-9999,-9999,-9999,-9999,-9999,0.153692E-02,1.01787,-0.392266,1.03576,-0.181052,1.07919,0.424352,1.08626,-0.403472E-02,1.07919,800000099,800000099,800000099,800000099,800000099,810000099,811110199,811110199,80000,80000,80,81,32,2,2,0,3,3,0.223036E-01,0.431542E-01,0.277920E-02,0.338133E-01,0.345462E-01,15.6875,-0.314966E-03,0.424352E-03,-0.403472E-02,15.9981,0.308889,249.000,56.2500,6.49972,98546.8,1.25449
CH-CHA_201201091400.csv,2012-01-09,18:00,9.749,0,36000,36000,0.287881E-02,1,0.999938E-03,-3.61447,1,1.19933,2.87214,1,0.866971,3.59780,1,1.15006,0.639973E-01,1,0.193179E-01,-0.218619,0.167291,0.212796,0.372759E-02,0.199962E-10,0.262501E-12,17.5678,410.715,412.942,0.350000,1,230.622,5.39168,5.42090,0.400000,0,289.285,277.206,98580.0,1.23640,1008.12,0.233789E-01,0.414702E-02,0.415580E-02,531.654,814.286,0.336122E-02,65.2909,282.632,271.250,0.929213E-01,0.529422,0.823333E-03,0.537515,-0.958062E-13,0.113823E-14,0.537515,1.17686,105.284,80.0451,0.877623E-01,-9999,0.482534E-01,0.463355E-01,2.68126,0.749649,-1.25846,-0.600959E-01,0,-9999,-9999,-9999,-9999,-9999,-9999,-9999,0.278351E-02,1.03424,-3.22959,1.06913,2.62389,1.12997,3.28939,1.14164,0.584656E-01,1.12997,800000099,800000099,800000099,800000099,800000099,800000099,811110199,811110199,81100,81100,80,81,0,7,1,2,6,12,0.297007E-01,0.596884E-01,0.328197E-02,0.561922E-01,0.775066E-01,21.2950,-0.259105E-02,0.328939E-02,0.584656E-01,16.0000,0.220000,249.000,56.2500,6.40007,98580.0,1.25317
CH-CHA_201201091400.csv,2012-01-09,18:30,9.770,0,36000,36000,0.224153E-02,1,0.589769E-03,-1.13113,1,0.325676,0.175098,2,0.131487,0.454255,2,0.793970,0.390053E-02,2,0.292905E-02,-0.454444,0.156070,0.306373,0.347666E-02,-0.547782E-10,-0.717854E-12,17.8156,416.037,418.317,0.350000,1,233.469,5.45206,5.48195,0.350000,1,289.171,276.934,98595.0,1.23777,1008.15,0.233524E-01,0.252754E-03,0.420711E-02,537.690,798.852,0.339895E-02,67.3079,261.162,271.403,-0.876765E-01,0.582496,0.848764E-02,0.589118,-0.111750E-12,-0.307473E-14,0.589118,1.22156,88.4600,98.5598,0.825509,-9999,0.425552E-01,0.107516,5.87749,0.341983,-6.45997,-0.213007E-01,0,-9999,-9999,-9999,-9999,-9999,-9999,-9999,0.219232E-02,1.02245,-1.07286,1.04499,0.191520,1.08839,0.466109,1.09619,0.426634E-02,1.08839,800000099,800100099,800000099,800000099,800000099,801001099,811110199,811110199,81100,81100,80,81,0,2,2,6,3,4,0.260861E-01,0.187512,0.143400E-02,0.148618E-01,0.118594,14.3527,-0.859756E-03,0.466109E-03,0.426634E-02,15.9981,0.253333,249.000,56.2500,6.28810,98594.0,1.24938
CH-CHA_201201091400.csv,2012-01-09,19:00,9.791,0,36000,36000,0.990184E-02,1,0.203188E-02,-2.01181,1,0.605847,-0.621928E-01,2,0.382454,0.653610,1,0.993354,-0.138525E-02,2,0.851860E-02,-0.213983,0.326993E-01,0.240714,0.728329E-03,-0.256691E-10,-0.333816E-12,18.0052,420.215,422.524,0.500000,0,234.150,5.46471,5.49473,0.350000,1,289.027,276.806,98608.0,1.23850,1008.16,0.233385E-01,-0.897645E-04,0.421938E-02,539.008,791.679,0.340685E-02,68.0842,252.671,271.436,0.165507,0.240193,0.281778E-02,0.291707,-0.507812E-13,-0.142565E-14,0.291707,1.36081,146.016,55.4309,0.553464,-9999,0.894149E-01,0.866134E-01,30.6572,0.655637E-01,32.3480,-0.180198E-01,0,-9999,-9999,-9999,-9999,-9999,-9999,-9999,0.973122E-02,1.01753,-1.96219,1.02709,-0.648071E-03,1.02087,0.742346,1.02243,-0.144349E-04,1.02087,800000099,800100099,800000099,800000099,800000099,800000199,811110199,811110199,80000,80000,80,81,1,0,1,0,2,0,0.144791,0.264394E-01,0.199637E-02,0.169411E-01,0.591818E-01,13.7619,-0.157151E-02,0.742346E-03,-0.144349E-04,16.0000,0.256667,249.000,56.2500,6.28706,98604.2,1.24897
CH-CHA_201201091400.csv,2012-01-09,19:30,9.812,0,36000,36000,-0.449198E-01,1,0.616676E-02,-26.7773,1,4.20515,94.2615,1,27.1103,-8.92237,2,5.01320,2.09988,1,0.603939,0.280772,-3.22366,0.693690,-0.718139E-01,-0.249085E-09,-0.243055E-11,18.5196,432.258,434.089,0.350000,1,180.713,4.21796,4.23583,0.400000,0,289.309,276.974,98659.0,1.23897,1007.48,0.233406E-01,0.136072,0.325645E-02,416.251,801.105,0.262835E-02,51.9596,384.854,267.979,0.766925,-0.655999E-01,0.212494E-01,0.770018,0.355686E-12,-0.134498E-13,0.770018,4.21044,171.267,355.111,1.58134,-9999,0.190410,0.609360,22.2465,0.903514E-01,-0.284074,-0.112662,0,-9999,-9999,-9999,-9999,-9999,-9999,-9999,-0.443387E-01,1.01311,-20.7762,1.02521,89.9969,1.04995,-7.96940,1.05351,2.00487,1.04995,800000099,800000099,800000099,800000099,800100099,800100099,811110199,811110199,80100,80100,80,81,12,0,13,23,1,9,0.555310,0.641088,0.223213E-01,0.234326,0.411030,6514.51,-0.166444E-01,-0.796940E-02,2.00487,16.0000,0.290000,249.597,59.9807,6.16444,98659.2,1.24845
CH-CHA_201201091400.csv,2012-01-09,20:00,9.833,0,36000,36000,-0.411632E-01,1,0.276639E-02,-16.4918,1,1.66232,47.7451,1,16.2238,1.63703,2,3.51566,1.06462,1,0.361757,1.63200,-5.19095,0.628426,-0.115747,-0.295013E-09,-0.146567E-11,18.9266,443.204,444.182,0.300000,0,94.0306,2.20192,2.20678,0.300000,0,289.781,277.954,98685.0,1.23587,1006.41,0.234170E-01,0.689871E-01,0.169443E-02,217.355,858.095,0.137104E-02,25.3299,640.740,259.713,1.12207,0.102950E-01,0.239896E-01,1.12237,0.375290E-12,-0.155872E-13,1.12237,4.47100,185.781,0.525675,1.22473,-9999,0.182501,0.293594,31.8012,0.632052E-01,-0.345412,-0.726530E-01,0,-9999,-9999,-9999,-9999,-9999,-9999,-9999,-0.406826E-01,1.01181,-13.4553,1.02376,44.5607,1.07362,1.93546,1.06846,0.993611,1.07362,800000099,800000099,800000099,800000199,801000099,801100099,800110199,800110199,80100,80100,80,81,5,14,13,5,1,0,0.172448,0.388097,0.266437E-01,0.331462E-01,0.362178,1554.18,-0.108179E-01,0.193546E-02,0.993611,15.9973,0.288889,251.526,72.0400,6.31946,98685.1,1.25629
CH-CHA_201201092000.csv,2012-01-09,20:30,9.854,0,36000,36000,-0.291877E-01,1,0.441314E-02,-14.0898,1,3.10560,-41.4042,1,20.1152,16.5675,1,7.16128,-0.922989,1,0.448410,-0.453268,-0.423045,1.79849,-0.943058E-02,-0.210437E-09,-0.903725E-12,20.2776,474.507,475.476,0.300000,0,87.0825,2.03777,2.04194,0.350000,1,289.658,277.682,98658.0,1.23682,1006.31,0.234005E-01,-0.598097E-01,0.156923E-02,201.097,841.929,0.126876E-02,23.8852,640.832,258.763,1.21247,0.167048,0.475956E-01,1.22485,-0.350057E-12,-0.103778E-13,1.22485,3.68029,179.050,7.84453,2.22698,-9999,0.153619,0.378655,22.1944,0.905632E-01,0.340299,-0.736918E-01,0,-9999,-9999,-9999,-9999,-9999,-9999,-9999,-0.287930E-01,1.01371,-15.9299,1.02826,-37.1263,1.10866,16.2141,1.09980,-0.827624,1.10866,800000099,800000099,800000099,800000099,800000099,800101199,800110199,800110199,81000,81000,80,81,8,3,4,0,0,0,0.274735,0.455933,0.266421E-01,0.115322,0.825118,3180.61,-0.127988E-01,0.162141E-01,-0.827624,15.9977,0.263333,250.855,67.8462,6.37981,98699.3,1.25436
CH-CHA_201201092000.csv,2012-01-09,21:00,9.874,0,36000,36000,-0.414528E-01,1,0.376473E-02,-23.3436,1,2.89397,68.3043,1,26.4223,-6.56022,2,7.24848,1.52278,1,0.589061,0.153360,3.64332,-2.71964,0.812246E-01,0.189006E-09,0.152709E-11,18.2567,427.176,428.655,0.350000,1,147.506,3.45138,3.46334,0.250000,0,289.513,277.774,98700.0,1.23628,1007.08,0.233983E-01,0.986761E-01,0.265805E-02,340.743,847.367,0.215004E-02,40.2120,506.624,265.369,1.39933,0.300412,0.546608E-01,1.43226,-0.449908E-13,0.103527E-13,1.43226,3.13543,173.653,12.1164,2.18717,-9999,0.183113,0.787143,22.7004,0.885446E-01,-0.341759,-0.102393,0,-9999,-9999,-9999,-9999,-9999,-9999,-9999,-0.409387E-01,1.01256,-19.0369,1.02616,62.4802,1.09659,-5.43964,1.09907,1.39294,1.09659,800000099,800000099,800000099,800000099,800000099,800000199,800010199,800110199,81100,81100,80,81,5,1,1,0,1,0,0.248318,1.29693,0.290368E-01,0.111313,0.862305,6306.57,-0.152903E-01,-0.543964E-02,1.39294,15.9977,0.285556,249.598,59.9876,6.31047,98700.2,1.25433
CH-CHA_201201092000.csv,2012-01-09,21:30,9.895,0,36000,36000,-0.955218E-02,1,0.269388E-02,-6.32491,0,0.835238,4.17255,0,5.13022,2.91028,0,0.914437,0.929733E-01,0,0.114312,-0.944033,4.63322,-0.874406,0.103238,-0.990862E-10,-0.126132E-11,17.6439,411.989,414.161,0.100000,0,224.598,5.24441,5.27206,0.100000,0,289.102,277.209,98702.0,1.23798,1008.05,0.233502E-01,0.602467E-02,0.404725E-02,517.773,814.457,0.326923E-02,63.5727,296.684,270.892,0.780741,1.05353,0.620776E-01,1.31276,0.528289E-13,-0.561589E-14,1.31276,3.16902,137.993,53.4588,2.71041,-9999,0.878404E-01,0.324783,9.25123,0.217268,-1.51584,-0.576988E-01,0,-9999,-9999,-9999,-9999,-9999,-9999,-9999,-0.938652E-02,1.01765,-5.88450,1.03673,3.78981,1.14384,2.76159,1.15678,0.844449E-01,1.14384,800000099,800000099,800000099,800000099,800000099,800000199,810110199,810110199,81100,81100,80,81,11,4,2,0,2,4,0.282535,0.340228,0.268026E-01,0.174890E-01,0.195289E-01,330.807,-0.471537E-02,0.276159E-02,0.844449E-01,15.9969,0.314444,249.113,56.9592,6.23921,98701.0,1.25022
CH-CHA_201201092000.csv,2012-01-09,22:00,9.916,0,36000,36000,-0.123971E-01,0,0.111037E-02,-4.97448,0,0.431704,2.71675,0,0.256191,1.49703,0,0.215004,0.605269E-01,0,0.570772E-02,-0.230714,0.825832,-0.666773E-01,0.183988E-01,-0.281384E-09,-0.381072E-11,17.6038,410.831,413.130,0.150000,0,238.404,5.56379,5.59492,0.150000,0,288.938,277.071,98706.0,1.23850,1008.22,0.233377E-01,0.392214E-02,0.429604E-02,549.327,806.593,0.346875E-02,68.1046,257.266,271.694,1.26313,0.807265,0.571028E-01,1.50015,-0.101105E-12,-0.159843E-13,1.50015,2.59711,154.566,32.5825,2.18148,-9999,0.100049,0.760399E-01,17.3818,0.115638,-1.83104,-0.398185E-01,0,-9999,-9999,-9999,-9999,-9999,-9999,-9999,-0.122247E-01,1.01410,-4.68719,1.02958,2.55946,1.11566,1.53241,1.12585,0.570226E-01,1.11566,800000099,800000099,800000099,800000099,800000099,800000099,800110199,811110199,81100,81100,80,80,0,5,2,0,0,0,0.699629E-01,0.667566E-01,0.153599E-01,0.936587E-02,0.354717E-02,2.30578,-0.375373E-02,0.153241E-02,0.570226E-01,15.9926,0.376667,249.000,56.2500,6.23017,98704.2,1.24875
CH-CHA_201201092000.csv,2012-01-09,22:30,9.937,0,36000,36000,-0.115453E-01,1,0.197813E-02,-8.15690,0,0.710641,2.27930,1,0.451585,2.28771,0,0.378758,0.507857E-01,1,0.100619E-01,0.163782,-0.170501,-0.130488,-0.379897E-02,-0.886696E-10,-0.119317E-11,17.5007,408.566,410.824,0.150000,0,235.496,5.49782,5.52822,0.150000,0,289.091,277.169,98707.0,1.23810,1008.19,0.233457E-01,0.329092E-02,0.424364E-02,542.819,812.171,0.342753E-02,66.8356,269.352,271.532,1.09578,1.22898,0.745938E-01,1.64824,0.329718E-12,-0.506663E-14,1.64824,3.33795,136.925,48.2792,2.59390,-9999,0.965659E-01,0.365236,9.53132,0.210884,-3.57868,-0.676711E-01,0,-9999,-9999,-9999,-9999,-9999,-9999,-9999,-0.113403E-01,1.01808,-7.74470,1.03798,2.13307,1.17950,2.24132,1.19553,0.475276E-01,1.17950,800000099,800000099,800000099,800000099,800000099,800000199,800010199,801010199,81100,81100,80,81,2,14,1,0,0,0,0.174888,0.528552,0.270316E-01,0.148984E-01,0.559848E-02,6.71582,-0.620452E-02,0.224132E-02,0.475276E-01,16.0000,0.211111,249.000,56.2500,6.17407,98701.5,1.24945
CH-CHA_201201092000.csv,2012-01-09,23:00,9.958,0,36000,36000,-0.423154E-02,2,0.206324E-02,-5.36191,1,0.846644,1.88098,1,0.268291,1.96086,1,0.564823,0.419089E-01,1,0.597761E-02,-0.718786E-01,0.294801E-01,0.140394,0.656827E-03,0.245094E-09,0.328532E-11,17.6087,411.003,413.280,0.150000,0,236.033,5.50923,5.53975,0.150000,0,289.056,277.126,98712.0,1.23835,1008.19,0.233409E-01,0.271570E-02,0.425332E-02,543.973,809.719,0.343466E-02,67.1804,265.747,271.561,0.597444,0.950837,0.468150E-01,1.12393,-0.432497E-13,0.139189E-13,1.12393,3.22924,124.769,57.8574,2.38722,-9999,0.584557E-01,0.300525,3.21648,0.624907,-2.85059,-0.734696E-01,0,-9999,-9999,-9999,-9999,-9999,-9999,-9999,-0.410384E-02,1.03112,-4.95175,1.06375,1.63354,1.24563,1.74869,1.26753,0.363958E-01,1.24563,800000099,800000099,800000099,800000099,800000099,800100099,801110199,801110199,81100,81100,80,81,3,11,5,10,4,0,0.249081,0.333826,0.181433E-01,0.270965E-01,0.119201E-01,2.01492,-0.396618E-02,0.174869E-02,0.363958E-01,15.9973,0.286667,249.000,56.2500,6.09564,98712.4,1.24879
CH-CHA_201201092000.csv,2012-01-09,23:30,9.979,0,36000,36000,-0.718972E-02,0,0.166545E-02,-5.20834,0,0.716993,0.849395,0,0.419950,2.01304,0,0.805326,0.189208E-01,0,0.935465E-02,-0.373054,-0.135593,-0.128252,-0.302042E-02,-0.658111E-10,-0.878523E-12,17.5271,408.778,411.021,0.350000,1,233.972,5.45683,5.48677,0.350000,1,289.004,276.903,98710.0,1.23935,1008.16,0.233226E-01,0.122607E-02,0.421617E-02,538.788,797.110,0.340192E-02,67.5927,258.322,271.431,0.512832,0.930905,0.516753E-01,1.06407,0.121033E-12,-0.375482E-14,1.06407,2.14257,124.686,61.1498,2.78359,-9999,0.761656E-01,0.108580,7.32466,0.274415,-6.13182,-0.547291E-01,0,-9999,-9999,-9999,-9999,-9999,-9999,-9999,-0.705080E-02,1.01970,-4.96113,1.04061,0.881599,1.13757,1.97359,1.14976,0.196382E-01,1.13757,800000099,800000099,800000099,800000099,800000099,800000099,800110199,811110199,81100,81100,80,81,0,13,1,1,0,3,0.976950E-01,0.106949,0.125171E-01,0.239138E-01,0.333906E-01,4.81513,-0.397062E-02,0.197359E-02,0.196382E-01,15.9961,0.241111,249.000,56.2500,5.93968,98708.8,1.24503
CH-CHA_201201092000.csv,2012-01-10,00:00,10.000,0,36000,36000,-0.950804E-02,1,0.146109E-02,-1.11768,2,0.426483,0.255960,2,0.183774,0.656897,2,0.717364,0.570046E-02,2,0.409281E-02,-0.375017,-0.135022E-01,0.262628,-0.300706E-03,0.885399E-10,0.116780E-11,17.7361,413.330,415.596,0.350000,1,233.931,5.45162,5.48150,0.100000,0,288.830,276.679,98707.0,1.24032,1008.15,0.233044E-01,0.369389E-03,0.421543E-02,538.257,784.619,0.339867E-02,68.6011,246.362,271.417,0.274468,0.363170,0.279479E-01,0.456077,0.198490E-12,0.499207E-14,0.456077,1.53196,132.921,52.9196,3.51323,-9999,0.875546E-01,0.235830,51.8463,0.387684E-01,-4.36663,-0.102089E-01,0,-9999,-9999,-9999,-9999,-9999,-9999,-9999,-0.937519E-02,1.01417,-1.07713,1.02348,0.281433,1.02510,0.693048,1.02711,0.626777E-02,1.02510,800000099,800000099,800000099,800000099,800000099,810100099,811110199,811110199,81100,81100,80,81,0,0,5,0,0,37,0.130253,0.338355,0.305077E-02,0.411806E-01,0.717854E-01,2.58181,-0.861408E-03,0.693048E-03,0.626777E-02,15.9973,0.313333,249.000,56.2500,5.77689,98702.5,1.24268
CH-CHA_201201092000.csv,2012-01-10,00:30,10.020,0,36000,36000,-0.109137E-01,1,0.260366E-02,-6.47044,1,1.72044,0.697051,1,0.327269,3.90505,1,1.04250,0.155207E-01,1,0.728705E-02,-0.365260,-0.959912E-01,-0.614211E-01,-0.213736E-02,0.697981E-10,0.916711E-12,17.7046,412.267,414.511,0.350000,1,232.528,5.41460,5.44408,0.350000,1,288.802,276.461,98708.0,1.24133,1008.12,0.232858E-01,0.100574E-02,0.419015E-02,534.607,772.629,0.337554E-02,69.1933,238.022,271.325,0.132874,0.754630,0.323106E-01,0.766920,0.622890E-13,0.394237E-14,0.766920,1.95069,107.018,80.0138,2.41460,-9999,0.937657E-01,0.169698,11.0000,0.182727,-9.28259,-0.551430E-01,0,-9999,-9999,-9999,-9999,-9999,-9999,-9999,-0.107335E-01,1.01679,-6.22147,1.03364,0.824294,1.07800,3.89934,1.08474,0.183539E-01,1.07800,800000099,800000099,800000099,800000099,800000099,801001099,800100199,811110199,80000,80000,80,81,7,0,1,0,0,0,0.188434,0.143557,0.740507E-02,0.972922E-01,0.503213E-01,2.77349,-0.497155E-02,0.389934E-02,0.183539E-01,16.0000,0.287778,249.000,56.2500,5.56147,98703.7,1.23889
CH-CHA_201201092000.csv,2012-01-10,01:00,10.041,0,36000,36000,-0.236735E-01,1,0.522091E-02,-8.57948,1,1.29972,1.79444,1,0.251355,2.10164,1,0.505212,0.399630E-01,1,0.559780E-02,0.333176,-0.297667E-01,-0.203665E-01,-0.662918E-03,0.221645E-09,0.290734E-11,17.6762,411.914,414.151,0.250000,0,231.860,5.40311,5.43246,0.250000,0,288.927,276.660,98705.0,1.24040,1008.13,0.233033E-01,0.258960E-02,0.417812E-02,533.457,783.567,0.336836E-02,68.0805,250.111,271.296,1.30549,0.416573,0.544783E-01,1.37142,0.930719E-13,0.125392E-13,1.37142,3.54020,167.461,17.6975,2.27661,-9999,0.138150,0.423625,26.5327,0.757555E-01,-4.78114,-0.496630E-01,0,-9999,-9999,-9999,-9999,-9999,-9999,-9999,-0.233796E-01,1.01257,-8.26367,1.02608,1.87832,1.08764,2.30388,1.09534,0.418310E-01,1.08764,800000099,800000099,800000099,800000099,800000099,800100099,811110199,811110199,80000,80000,80,81,0,2,3,11,3,1,0.599296,0.228407,0.195477E-01,0.643926E-01,0.140105E-01,1.73981,-0.660841E-02,0.230388E-02,0.418310E-01,15.9981,0.228889,249.000,56.2500,5.55803,98701.8,1.24128
CH-CHA_201201092000.csv,2012-01-10,01:30,10.062,0,36000,36000,-0.522436E-02,1,0.140368E-02,-4.70082,1,0.483008,0.878966,1,0.218202,2.20737,1,0.341798,0.195727E-01,1,0.485887E-02,-0.211053,0.681453E-02,0.256076,0.151745E-03,-0.126120E-09,-0.163749E-11,17.8749,416.350,418.613,0.350000,1,232.081,5.40574,5.43512,0.300000,0,288.819,276.534,98706.0,1.24098,1008.12,0.232924E-01,0.126831E-02,0.418210E-02,533.722,776.626,0.337001E-02,68.7231,242.904,271.303,0.769943,0.432391,0.358967E-01,0.883777,-0.372070E-13,-0.705570E-14,0.883777,2.18234,153.835,29.3180,2.32784,-9999,0.648836E-01,0.106506,5.01675,0.400658,-5.34812,-0.579109E-01,0,-9999,-9999,-9999,-9999,-9999,-9999,-9999,-0.510250E-02,1.02388,-4.43654,1.04888,0.886389,1.14603,2.10739,1.15883,0.197379E-01,1.14603,800000099,800000099,800000099,800000099,800000099,801101099,811110199,811110199,81100,81100,80,81,3,12,3,3,2,6,0.169130,0.384003E-01,0.548183E-02,0.226951E-01,0.126752E-01,2.61168,-0.354623E-02,0.210739E-02,0.197379E-01,16.0000,0.205556,249.000,56.2500,5.57399,98701.3,1.23918
CH-CHA_201201092000.csv,2012-01-10,02:00,10.083,0,36000,36000,-0.797571E-02,1,0.203859E-02,-5.54678,1,0.890395,0.345064,1,0.105405,3.89536,1,0.659819,0.768229E-02,1,0.234666E-02,-0.352083,0.213763E-01,0.207972,0.475908E-03,0.220390E-09,0.284125E-11,18.0463,419.950,422.236,0.200000,0,232.651,5.41397,5.44344,0.300000,0,288.732,276.324,98723.0,1.24213,1008.12,0.232707E-01,0.497812E-03,0.419238E-02,534.627,765.177,0.337515E-02,69.8697,230.550,271.325,0.680918,0.406009,0.433333E-01,0.793959,-0.200134E-13,0.122125E-13,0.793959,2.22362,152.617,30.8062,3.12869,-9999,0.801311E-01,0.180578,8.00950,0.250952,-16.0746,-0.552789E-01,0,-9999,-9999,-9999,-9999,-9999,-9999,-9999,-0.782654E-02,1.01906,-5.32192,1.03863,0.465147,1.09796,3.77939,1.10637,0.103557E-01,1.09796,800000099,800000099,800000099,800000099,800000099,800000099,811110199,811110199,80000,80000,80,81,12,2,7,5,15,26,0.259178,0.976438E-01,0.433491E-02,0.436254E-01,0.350057E-01,0.486997,-0.424998E-02,0.377939E-02,0.103557E-01,15.9942,0.425556,249.000,56.2500,5.46568,98722.8,1.23698
CH-CHA_201201100200.csv,2012-01-10,02:30,10.104,0,36000,36000,-0.964614E-02,1,0.227197E-02,-7.63731,0,0.900657,0.618074,0,0.148142,2.39911,0,0.438466,0.137616E-01,0,0.329841E-02,0.147406,-0.564658E-01,-0.135095,-0.125722E-02,0.625966E-10,0.808252E-12,17.9294,417.609,419.873,0.150000,0,231.506,5.39219,5.42143,0.150000,0,288.605,276.412,98665.0,1.24102,1008.11,0.232918E-01,0.891750E-03,0.417173E-02,532.163,769.957,0.336155E-02,69.1160,237.793,271.263,0.920425,0.765331,0.606692E-01,1.19858,-0.330810E-13,0.349128E-14,1.19858,2.64019,145.289,39.7434,2.90141,-9999,0.881633E-01,0.172760,7.74437,0.259543,-12.3566,-0.692410E-01,0,-9999,-9999,-9999,-9999,-9999,-9999,-9999,-0.946337E-02,1.01931,-7.31234,1.04001,0.734194,1.15007,2.39807,1.16316,0.163470E-01,1.15007,800000099,800000099,800000099,800000099,800000099,800000199,800110099,811110099,80000,80000,80,81,4,2,4,0,0,9,0.200810,0.128360,0.163500E-01,0.243369E-01,0.853002E-02,0.552650,-0.584480E-02,0.239807E-02,0.163470E-01,15.9953,4.41944,249.000,56.2500,5.38935,98719.6,1.23675
CH-CHA_201201100200.csv,2012-01-10,03:00,10.125,0,36000,36000,-0.877442E-02,1,0.234231E-02,-1.99084,1,0.872666,0.639443,1,0.214037,1.41126,1,0.695792,0.142384E-01,1,0.476596E-02,0.137457,-0.102761E-01,0.222219E-01,-0.228818E-03,-0.141885E-09,-0.182899E-11,17.9592,417.994,420.259,0.350000,1,231.506,5.38823,5.41742,0.350000,1,288.840,276.494,98767.0,1.24193,1008.12,0.232747E-01,0.922652E-03,0.417174E-02,532.322,774.434,0.335907E-02,68.7370,242.111,271.267,0.206273,0.379850,0.254786E-01,0.432994,0.562390E-13,-0.790039E-14,0.432994,1.62711,118.597,61.4963,3.37340,-9999,0.840544E-01,0.104086,25.7648,0.780133E-01,-3.11339,-0.189177E-01,0,-9999,-9999,-9999,-9999,-9999,-9999,-9999,-0.864198E-02,1.01533,-1.90229,1.02658,0.675561,1.02994,1.46126,1.03239,0.150427E-01,1.02994,800000099,800000099,800000099,800000099,800001099,810101099,811110199,811110199,81100,81100,80,81,7,0,0,20,20,14,0.118638,0.827161E-01,0.681810E-02,0.274462E-01,0.193616E-01,0.880131,-0.151939E-02,0.146126E-02,0.150427E-01,16.0000,13.0461,249.000,56.2500,5.50061,98766.5,1.23897
CH-CHA_201201100200.csv,2012-01-10,03:30,10.145,0,36000,36000,-0.753971E-02,1,0.147878E-02,-0.304086,2,0.227237,0.574002,1,0.132213,-1.00234,2,0.994174,0.127775E-01,1,0.294312E-02,-0.520259,-0.186110E-01,0.258934,-0.414289E-03,0.284908E-10,0.362892E-12,18.1728,422.472,424.757,0.350000,1,231.470,5.38107,5.41018,0.350000,1,288.626,276.184,98772.0,1.24339,1008.11,0.232474E-01,0.827984E-03,0.417108E-02,531.641,757.628,0.335460E-02,70.1718,225.987,271.250,0.667502,0.576682,0.536881E-01,0.883744,0.169432E-13,0.156777E-14,0.883744,1.89536,140.024,40.8251,3.48290,-9999,0.778706E-01,0.124984,134.127,0.149857E-01,-0.529765,-0.311537E-02,0,-9999,-9999,-9999,-9999,-9999,-9999,-9999,-0.745822E-02,1.01093,-0.265177,1.02036,0.559332,1.03703,-0.953524,1.04011,0.124509E-01,1.03703,800000099,800000099,800000099,800000099,800001099,800101099,811110099,811110099,81100,81100,80,81,28,2,13,18,17,11,0.132680,0.112915,0.437287E-02,0.585064E-01,0.702679E-01,0.876999,-0.211555E-03,-0.953524E-03,0.124509E-01,15.9957,3.39778,249.000,56.2500,5.31824,98771.7,1.23601
CH-CHA_201201100200.csv,2012-01-10,04:00,10.166,0,36000,36000,-0.626809E-02,1,0.589438E-03,-2.33910,1,0.917517,0.175800,1,0.199332,1.04318,1,0.767942,0.391369E-02,1,0.443757E-02,0.144233,-0.954794E-03,0.167465E-01,-0.212558E-04,-0.155625E-09,-0.198071E-11,18.1730,422.761,425.048,0.350000,1,231.297,5.38070,5.40981,0.350000,1,288.532,276.270,98736.0,1.24255,1008.10,0.232631E-01,0.253607E-03,0.416798E-02,531.411,762.258,0.335437E-02,69.7154,230.846,271.244,0.250267,0.526546,0.377910E-01,0.584219,0.232117E-13,-0.856351E-14,0.584219,1.53033,119.575,64.5783,3.70884,-9999,0.710248E-01,0.156359,13.2270,0.151961,-13.3054,-0.262917E-01,0,-9999,-9999,-9999,-9999,-9999,-9999,-9999,-0.616704E-02,1.01638,-2.25743,1.03162,0.232487,1.05416,1.09974,1.05876,0.517568E-02,1.05416,800000099,800000099,800000099,800000099,800000099,800000099,811110099,811110099,81100,81100,80,81,0,7,2,0,2,6,0.861000E-01,0.221199,0.542024E-02,0.947544E-01,0.573976E-01,1.79619,-0.180216E-02,0.109974E-02,0.517568E-02,15.9977,0.412222,249.000,56.2500,5.33400,98736.2,1.23582
CH-CHA_201201100200.csv,2012-01-10,04:30,10.187,0,36000,36000,-0.103060E-01,1,0.159795E-02,-8.19477,1,1.56819,0.249863,1,0.154783,4.24870,1,1.16812,0.556140E-02,1,0.344514E-02,-0.343991,-0.411262E-01,0.181763,-0.915381E-03,-0.190337E-09,-0.239756E-11,18.3178,425.905,428.202,0.100000,0,230.739,5.36487,5.39381,0.350000,1,288.415,276.065,98715.0,1.24322,1008.09,0.232508E-01,0.360379E-03,0.415792E-02,529.735,751.263,0.334448E-02,70.5126,221.528,271.201,-0.342981E-01,0.263553,0.319682E-01,0.267691,-0.315884E-14,-0.103908E-13,0.267691,1.52859,102.353,97.4146,6.85874,-9999,0.910482E-01,0.270813,7.95227,0.252758,-32.7971,-0.718153E-01,0,-9999,-9999,-9999,-9999,-9999,-9999,-9999,-0.100786E-01,1.02256,-7.85773,1.04091,0.477190,1.03535,4.50805,1.03819,0.106212E-01,1.03535,800000099,800100099,800000099,800000099,800000099,800000099,811110199,811110199,81100,81100,80,81,0,4,6,0,21,40,0.752037E-01,0.462943,0.347833E-02,0.767179E-01,0.729983E-01,0.760544,-0.626973E-02,0.450805E-02,0.106212E-01,15.9973,0.382222,249.000,56.2500,5.30424,98715.1,1.23352
CH-CHA_201201100200.csv,2012-01-10,05:00,10.208,0,36000,36000,-0.135528E-01,1,0.313095E-02,-2.28112,1,0.666883,0.301154,1,0.745486E-01,0.491549,1,0.473345,0.670166E-02,1,0.165895E-02,-0.361005,-0.103686,0.209145,-0.230736E-02,-0.367479E-09,-0.455586E-11,18.4854,429.519,431.819,0.300000,0,229.175,5.32499,5.35350,0.350000,1,288.262,275.850,98703.0,1.24406,1008.06,0.232355E-01,0.434268E-03,0.412972E-02,525.734,739.884,0.331957E-02,71.0563,214.150,271.098,0.480398,0.738331E-01,0.376192E-01,0.487492,0.580361E-13,-0.198794E-13,0.487492,1.47306,179.601,8.73751,4.42585,-9999,0.104375,0.215399,43.0335,0.467077E-01,-7.57458,-0.174270E-01,0,-9999,-9999,-9999,-9999,-9999,-9999,-9999,-0.133655E-01,1.01401,-2.21028,1.02394,0.357441,1.02802,0.592649,1.03022,0.795425E-02,1.02802,800000099,800101199,800000099,800000099,800000099,811001099,811110099,811110099,81100,81100,80,81,0,4,1,2,7,28,0.396526,0.321553E-01,0.211699E-02,0.255536E-01,0.195024E-01,0.194320,-0.176245E-02,0.592649E-03,0.795425E-02,16.0000,0.387778,249.000,56.2500,5.14877,98700.3,1.23042
CH-CHA_201201100200.csv,2012-01-10,05:30,10.229,0,36000,36000,0.329298E-02,1,0.168657E-02,-2.33672,1,1.58756,0.516093E-01,0,0.767252E-01,1.50789,2,1.60649,0.114855E-02,0,0.170750E-02,0.115820,-0.744598E-01,0.881640E-01,-0.165709E-02,-0.217491E-11,-0.267237E-13,18.5451,431.043,433.339,0.100000,0,227.868,5.29634,5.32454,0.350000,1,288.337,275.919,98696.0,1.24367,1008.06,0.232430E-01,0.744263E-04,0.410619E-02,522.868,743.519,0.330167E-02,70.3234,220.651,271.024,0.490705,0.615837,0.410149E-01,0.788498,-0.834808E-13,-0.117277E-15,0.788498,1.67526,135.174,51.4518,2.98167,-9999,0.514567E-01,0.104889,5.03349,0.399325,-45.2771,-0.362222E-01,0,-9999,-9999,-9999,-9999,-9999,-9999,-9999,0.321581E-02,1.02400,-2.22515,1.04892,0.106531,1.13115,1.42919,1.14237,0.237082E-02,1.13115,800000099,800000099,800000099,800000099,800100099,800100099,811110199,811110199,80100,80100,80,81,1,2,15,2,0,21,0.787212E-01,0.124038,0.701902E-02,0.143679,0.183374,0.587380,-0.177489E-02,0.142919E-02,0.237082E-02,16.0000,0.291111,249.000,56.2500,5.10004,98699.7,1.23100
CH-CHA_201201100200.csv,2012-01-10,06:00,10.250,0,36000,36000,-0.909980E-01,1,0.114586E-01,-4.70074,1,1.73522,0.261637,1,0.125499,7.70684,1,2.08691,0.582451E-02,1,0.279383E-02,0.549973,0.167778,-0.117348,0.373502E-02,-0.175910E-09,-0.219819E-11,18.4377,429.013,431.325,0.350000,1,230.399,5.36099,5.38988,0.150000,0,288.385,276.247,98706.0,1.24229,1008.09,0.232683E-01,0.377428E-03,0.415179E-02,529.303,761.017,0.334205E-02,69.5521,231.714,271.190,-0.398589,-0.162812E-01,0.305097E-01,0.400086,0.276258E-12,-0.954078E-14,0.400086,2.44334,28.9261,182.339,4.37350,-9999,0.270648,0.573054,364.109,0.552032E-02,-17.9666,-0.138688E-01,0,64.4326,-9.77790,22.1176,55.0760,83.9944,117.803,176.491,-0.896976E-01,1.01450,-4.58682,1.02136,0.393781,1.01798,7.80439,1.01928,0.876624E-02,1.01798,800000099,800000099,800000099,800000099,800000099,800000099,811110199,811110199,81100,81100,80,81,3,2,1,1,2,7,0.631262,0.503284,0.115616E-01,0.437533E-01,0.593327E-01,0.716862,-0.366259E-02,0.780439E-02,0.876624E-02,15.9938,0.355556,249.000,56.2500,5.35869,98701.8,1.23539
CH-CHA_201201100200.csv,2012-01-10,06:30,10.270,0,36000,36000,-0.276835,1,0.391528E-01,-10.6461,2,5.29989,-0.525114,2,0.837760,-2.06330,1,3.43931,-0.116878E-01,2,0.186465E-01,-0.328975,-0.213638E-01,0.158823,-0.475507E-03,0.180698E-08,0.224021E-10,18.5745,431.758,434.082,0.350000,1,230.279,5.35276,5.38157,0.350000,1,288.326,276.051,98736.0,1.24355,1008.09,0.232447E-01,-0.757367E-03,0.414963E-02,528.652,750.518,0.333692E-02,70.4384,221.865,271.173,-0.111971,-0.100378,0.361182E-01,0.154654,-0.306243E-13,0.972826E-13,0.154654,2.66560,52.4759,221.875,13.5057,-9999,0.471822,0.532088,851.968,0.235924E-02,20.2739,-0.179991E-01,0,52.3049,-7.93747,17.9546,44.7094,68.1847,95.6300,143.271,-0.269833,1.02595,-10.3998,1.02661,-0.201291,1.01354,-1.46626,1.01403,-0.448024E-02,1.01354,800000099,800000099,800000099,800000099,800100099,810100099,811110199,811110199,80000,80000,80,81,0,0,4,0,21,14,0.826134,0.179522,0.585195E-01,0.321048E-01,0.217911E-01,0.457760,-0.829586E-02,-0.146626E-02,-0.448024E-02,15.9969,0.403333,249.000,56.2500,5.29946,98735.5,1.23236
CH-CHA_201201100200.csv,2012-01-10,07:00,10.291,0,36000,36000,-0.654500E-02,1,0.888557E-03,-3.21031,1,0.631471,-0.773184,1,0.152950,1.95759,1,0.469054,-0.172071E-01,1,0.340388E-02,-0.216568,-0.105706,0.293988,-0.235248E-02,-0.724089E-11,-0.880513E-13,18.7975,436.840,439.173,0.200000,0,228.583,5.31210,5.34047,0.100000,0,288.207,275.922,98713.0,1.24386,1008.06,0.232392E-01,-0.111502E-02,0.411907E-02,524.514,743.678,0.331152E-02,70.5298,219.163,271.067,1.10085,0.204980,0.594456E-01,1.12135,0.267758E-12,-0.385205E-15,1.12135,1.88417,177.203,10.5477,3.03882,-9999,0.725385E-01,0.121192,10.2651,0.195810,4.15206,-0.352954E-01,0,-9999,-9999,-9999,-9999,-9999,-9999,-9999,-0.643488E-02,1.01711,-3.14187,1.03531,-0.601817,1.11956,1.89380,1.12976,-0.133933E-01,1.11956,800000099,800000099,800000099,800000099,800000099,800000099,811110199,811110199,80000,80000,80,81,5,0,4,0,0,24,0.821642E-01,0.156555,0.366409E-02,0.457327E-01,0.319005E-01,1.47234,-0.250570E-02,0.189380E-02,-0.133933E-01,16.0000,0.400000,249.000,56.2500,5.00857,98713.5,1.22989
CH-CHA_201201100200.csv,2012-01-10,07:30,10.312,0,36000,36000,-0.321510E-02,1,0.847551E-03,-2.88988,1,0.591250,-0.517469,1,0.971703E-01,1.37213,1,0.343760,-0.115156E-01,1,0.216240E-02,-0.890124E-01,-0.222562E-01,-0.143626,-0.495283E-03,-0.980403E-11,-0.119708E-12,18.6981,434.359,436.674,0.350000,1,228.305,5.30354,5.33182,0.350000,1,288.416,275.869,98733.0,1.24436,1008.05,0.232301E-01,-0.746212E-03,0.411406E-02,523.775,740.883,0.330617E-02,70.6961,217.108,271.048,0.125230,0.567478,0.322064E-01,0.582023,-0.242725E-13,-0.524333E-15,0.582023,1.41774,104.688,77.5555,3.17210,-9999,0.508305E-01,0.772923E-01,3.92423,0.512202,5.58465,-0.453239E-01,0,-9999,-9999,-9999,-9999,-9999,-9999,-9999,-0.312722E-02,1.02810,-2.76222,1.05675,-0.384800,1.11499,1.36322,1.12475,-0.856323E-02,1.11499,800000099,800100099,800000099,800000099,800000099,800001099,811110199,811110199,80000,80000,80,80,0,0,4,0,23,32,0.637886E-01,0.884878E-01,0.230864E-02,0.362419E-01,0.210273E-01,0.560839,-0.220206E-02,0.136322E-02,-0.856323E-02,16.0000,0.265123,249.000,56.2500,4.99833,98733.1,1.23014
CH-CHA_201201100200.csv,2012-01-10,08:00,10.333,0,36000,36000,-0.489326E-02,1,0.174303E-02,-5.50848,0,1.79419,0.459583,1,0.230946,3.63251,1,1.22637,0.102298E-01,1,0.514058E-02,0.402776,0.471387E-01,0.294344E-02,0.104925E-02,0.667875E-10,0.818174E-12,18.6863,434.409,436.734,0.350000,1,228.915,5.32169,5.35016,0.350000,1,288.391,276.109,98745.0,1.24342,1008.07,0.232475E-01,0.662890E-03,0.412504E-02,525.631,753.611,0.331750E-02,69.7483,227.980,271.096,0.239804,0.845301,0.393382E-01,0.879538,-0.945887E-13,0.357414E-14,0.879538,2.74244,113.743,74.1619,2.56346,-9999,0.627322E-01,0.172949,3.87028,0.519342,-11.9858,-0.700543E-01,0,-9999,-9999,-9999,-9999,-9999,-9999,-9999,-0.476105E-02,1.02777,-5.18979,1.05679,0.529357,1.17279,3.30500,1.18774,0.117829E-01,1.17279,800000099,800000099,800000099,800000099,800100099,800110199,811110199,811110199,80000,80000,80,81,8,11,8,4,6,6,0.101543,0.235569,0.878672E-02,0.115701,0.671810E-01,1.44935,-0.414039E-02,0.330500E-02,0.117829E-01,15.9961,0.328889,249.000,56.2500,5.14094,98745.6,1.23368
CH-CHA_201201100800.csv,2012-01-10,08:30,10.354,0,36000,36000,-0.254484E-01,1,0.199938E-02,-1.19243,1,0.698717,0.453394,2,0.173249,2.58774,1,0.822785,0.100900E-01,2,0.385556E-02,-0.351077,0.268433E-01,0.116136,0.597380E-03,-0.322412E-09,-0.393913E-11,18.7901,436.416,438.755,0.350000,1,229.572,5.33201,5.36059,0.350000,1,288.211,275.900,98762.0,1.24457,1008.08,0.232259E-01,0.653831E-03,0.413689E-02,526.741,742.517,0.332395E-02,70.9400,215.776,271.124,0.580643E-01,0.389435,0.418492E-01,0.395958,0.680891E-13,-0.171586E-13,0.395958,1.64955,123.277,81.5197,6.06698,-9999,0.142995,0.226785,211.779,0.949103E-02,-2.63002,-0.664665E-02,0,-9999,-9999,-9999,-9999,-9999,-9999,-9999,-0.250822E-01,1.01460,-1.14067,1.02169,0.477713,1.01842,2.59682,1.01973,0.106312E-01,1.01842,800000099,800000099,800000099,800000099,800000099,800000099,811110199,811110199,81100,81100,80,81,0,0,2,4,2,0,0.784515E-01,0.370808,0.430992E-02,0.376993E-01,0.346552E-01,0.742522,-0.909181E-03,0.259682E-02,0.106312E-01,16.0000,0.289863,249.000,56.2500,5.22819,98798.6,1.23161
CH-CHA_201201100800.csv,2012-01-10,09:00,10.374,1,36000,36000,-0.128465E-01,1,0.221325E-02,-5.04375,1,1.42838,-0.180842,2,0.132756,-0.998366,2,0.771189,-0.402552E-02,2,0.295514E-02,0.439856,0.361757E-01,0.134006,0.805269E-03,-0.204180E-09,-0.248792E-11,18.8790,438.732,441.090,0.350000,1,230.039,5.34593,5.37466,0.350000,1,288.296,276.162,98799.0,1.24385,1008.08,0.232392E-01,-0.260854E-03,0.414530E-02,528.314,756.448,0.333264E-02,69.8414,228.134,271.165,0.908562,0.156559,0.412783E-01,0.922876,0.113460E-12,-0.108152E-13,0.922876,1.90097,174.355,9.77693,2.56358,-9999,0.101628,0.293894,17.9786,0.111800,27.8904,-0.395803E-01,0,-9999,-9999,-9999,-9999,-9999,-9999,-9999,-0.126675E-01,1.01413,-4.91460,1.02837,-0.273836E-01,1.07185,-0.669402,1.07800,-0.609557E-03,1.07185,800000099,800000099,800000099,800000099,800000099,801111099,801110199,811110199,80000,80000,80,81,4,8,2,0,1,0,0.305105,0.270736,0.119456E-01,0.488790E-01,0.161921E-01,0.637692,-0.391944E-02,-0.669402E-03,-0.609557E-03,15.9981,0.322222,249.000,56.2500,5.39679,98799.4,1.23368
CH-CHA_201201100800.csv,2012-01-10,09:30,10.395,1,36000,36000,-0.429769E-02,1,0.996379E-03,-1.07837,0,0.862956,0.378968E-01,2,0.229147,-0.547922,2,0.312698,0.843620E-03,2,0.510104E-02,0.805691E-01,0.801717E-01,-0.340497,0.178470E-02,0.844051E-10,0.104848E-11,18.6220,432.845,435.185,0.350000,1,231.322,5.37678,5.40585,0.150000,0,287.942,276.210,98797.0,1.24359,1008.11,0.232437E-01,0.546665E-04,0.416842E-02,531.352,759.025,0.335192E-02,70.0046,227.673,271.242,0.514982,0.557195,0.452404E-01,0.760078,0.346200E-13,0.453255E-14,0.760078,1.78869,139.608,47.2546,3.41230,-9999,0.587867E-01,0.660963E-01,16.2759,0.123496,-28.4553,-0.146320E-01,0,-9999,-9999,-9999,-9999,-9999,-9999,-9999,-0.423488E-02,1.01483,-1.04561,1.02923,0.659317E-01,1.06252,-0.459151,1.06783,0.146770E-02,1.06252,800000099,800000099,800000099,800000099,800000099,800000099,811110199,811110199,80000,80000,80,80,4,4,3,1,12,5,0.755667E-01,0.505220E-01,0.610381E-02,0.702038E-01,0.193018E-01,13.9786,-0.834037E-03,-0.459151E-03,0.146770E-02,15.9981,0.341111,249.000,56.2500,5.65080,98799.8,1.23403
CH-CHA_201201100800.csv,2012-01-10,10:00,10.416,1,36000,36000,-0.576788E-02,0,0.169744E-02,-0.443802,0,1.43927,19.7840,1,17.8850,-5.85098,0,4.17182,0.440993,1,0.398664,2.31969,-2.37079,0.723865,-0.528458E-01,-0.516383E-10,-0.516892E-12,19.0688,445.422,447.417,0.350000,1,190.876,4.45863,4.47859,0.350000,1,288.496,277.599,98805.0,1.23790,1007.63,0.233587E-01,0.285763E-01,0.343959E-02,440.653,837.050,0.277857E-02,52.6435,396.397,268.733,-0.147406,0.517224,0.220275E-01,0.538270,0.865470E-13,-0.270800E-14,0.538270,1.33458,76.6615,105.907,2.34536,-9999,0.682598E-01,0.959881E-01,61.9084,0.324673E-01,-0.224324E-01,-0.521241E-02,0,-9999,-9999,-9999,-9999,-9999,-9999,-9999,-0.566546E-02,1.01808,0.712548,1.02310,19.2329,1.02464,-5.87096,1.02590,0.428709,1.02464,800000099,800000099,800000099,800000199,800000099,800000099,801110199,811110199,80100,80100,80,81,0,0,0,0,9,0,0.873622E-01,0.961862E-01,0.842803E-02,0.977450E-01,0.680018,5975.61,0.571255E-03,-0.587096E-02,0.428709,15.9926,0.287778,249.578,59.8641,7.34650,98804.8,1.25742
CH-CHA_201201100800.csv,2012-01-10,10:30,10.437,1,36000,36000,-0.735865E-02,0,0.212037E-02,-1.18594,2,1.30269,-9999,-9999,-9999,11.8006,2,7.81691,-9999,-9999,-9999,0.924589,-9999,3.18489,-9999,-0.119482E-09,-9999,21.4037,500.856,500.856,0.500000,0,-9999,-9999,-9999,-9999,1,288.916,278.154,98826.0,1.23778,1005.24,0.234004E-01,-9999,-9999,-9999,-9999,-9999,-9999,-999900.,-9999,0.331728,0.683932,0.321722E-01,0.760817,0.221938E-13,-0.558229E-14,0.760817,1.94497,122.304,64.1252,2.42356,-9999,0.771041E-01,0.117778,33.3717,0.602307E-01,-9999,-0.123616E-01,0,-9999,-9999,-9999,-9999,-9999,-9999,-9999,-0.726591E-02,1.01276,-1.15782,1.02429,-9999,-9999,11.3149,1.04941,-9999,-9999,800000099,800000199,800000099,800001199,800001199,800001199,801110199,811110199,80000,80000,80,81,27,0,0,0,7,0,0.976731E-01,0.124583,0.132992E-01,0.528365E-01,1.69794,-9999,-0.930526E-03,0.113149E-01,-9999,16.0000,0.236667,253.743,85.8932,7.97703,98825.3,1.26499
CH-CHA_201201100800.csv,2012-01-10,11:00,10.458,1,36000,36000,-0.151633E-01,1,0.386833E-02,-4.40266,2,2.87254,-9999,-9999,-9999,-38.4960,1,9.43695,-9999,-9999,-9999,0.602620,-9999,1.07597,-9999,-0.104423E-09,-9999,22.1881,519.597,519.597,0.350000,1,-9999,-9999,-9999,-9999,1,288.504,278.516,98881.0,1.23686,1005.24,0.234179E-01,-9999,-9999,-9999,-9999,-9999,-9999,-999900.,-9999,0.210411,0.327408,0.312519E-01,0.390443,0.146508E-12,-0.470624E-14,0.390443,1.63618,138.330,57.2730,4.59100,-9999,0.110723,0.136638,26.6304,0.754776E-01,-9999,-0.319808E-01,0,-9999,-9999,-9999,-9999,-9999,-9999,-9999,-0.149269E-01,1.01584,-4.28775,1.02680,-9999,-9999,-37.1188,1.02950,-9999,-9999,800000099,800000199,800000099,800001199,800001199,800001199,811110199,811110199,80100,80100,80,81,0,2,0,4,15,2,0.144481,0.115576,0.132190E-01,0.537289E-01,1.19085,-9999,-0.344857E-02,-0.371188E-01,-9999,16.0000,0.312222,254.431,90.1948,8.52276,98880.8,1.27139
CH-CHA_201201100800.csv,2012-01-10,11:30,10.479,1,36000,36000,-0.105843E-01,0,0.234861E-02,38.5345,1,6.63208,-9999,-9999,-9999,2.12301,2,2.18590,-9999,-9999,-9999,0.570015,-9999,-0.241464,-9999,0.243109E-09,-9999,21.9704,515.384,515.384,0.350000,1,-9999,-9999,-9999,-9999,1,287.702,278.859,98833.0,1.23474,1005.25,0.234581E-01,-9999,-9999,-9999,-9999,-9999,-9999,-999900.,-9999,0.161118,-0.581250,-0.888444E-02,0.603233,-0.917326E-13,0.110653E-13,0.603233,1.84895,262.658,285.493,-0.843886,-9999,0.925857E-01,0.190145,-1.77836,-1.13025,-9999,0.335319,0,-9999,-9999,-9999,-9999,-9999,-9999,-9999,-0.104090E-01,1.01684,37.6925,1.02234,-9999,-9999,-0.314407,1.02727,-9999,-9999,800000099,800000199,800000099,800001199,800001199,800001199,801100199,811110199,80000,80000,80,81,2,0,0,17,7,1,0.144597,0.217747,0.179450E-01,0.391480,0.443794,-9999,0.303674E-01,-0.314407E-03,-9999,15.9957,0.352222,252.953,80.9542,10.1450,98833.3,1.28197
CH-CHA_201201100800.csv,2012-01-10,12:00,10.499,1,36000,36000,-0.238411E-01,0,0.684891E-02,78.9070,0,11.4881,8.95446,2,13.3145,-4.79469,2,6.93561,0.200081,2,0.297504,2.10774,-9999,-3.30431,-9999,-0.627213E-10,-0.286898E-12,19.4070,457.452,458.411,0.400000,0,88.7710,2.09246,2.09685,0.400000,0,287.303,280.133,98807.0,1.22783,1006.39,0.235715E-01,0.129653E-01,0.159965E-02,206.805,997.819,0.130283E-02,20.7258,791.013,259.104,0.946921,-0.594884E-01,0.183225E-01,0.948965,-0.620602E-13,-0.323189E-14,0.948965,2.43922,188.398,356.405,1.10633,-9999,0.139346,0.301850,-2.96124,-0.678769,8.81202,0.458266,0,-9999,-9999,-9999,-9999,-9999,-9999,-9999,-0.235317E-01,1.01315,77.8454,1.02032,7.72025,1.04013,-8.98387,1.03632,0.172503,1.04013,800000099,800000099,800000099,800001199,800001099,800001099,800000199,800000199,80000,80000,80,81,2,0,0,14,5,0,0.282036,0.277943,0.437199E-01,0.875205,0.656409,3079.25,0.629985E-01,-0.898387E-02,0.172503,15.9969,0.358889,250.319,64.4963,14.3723,98805.7,1.31129
CH-CHA_201201100800.csv,2012-01-10,12:30,10.520,1,36000,36000,0.667411E-02,1,0.312998E-02,19.4855,0,2.09641,16.2098,1,15.3298,-6.87933,1,4.17192,0.362236,1,0.342572,0.190188,1.40818,-0.408433,0.314683E-01,0.391637E-09,0.229999E-11,19.0943,450.287,451.481,0.500000,0,112.136,2.64443,2.65145,0.350000,1,289.300,280.248,98802.0,1.22700,1006.69,0.235823E-01,0.234729E-01,0.202070E-02,261.346,1005.72,0.164685E-02,25.9859,744.375,261.998,-0.160676,-0.807410,0.211783E-01,0.823514,0.165469E-12,0.205107E-13,0.823514,2.04032,281.060,258.745,1.47364,-9999,0.737519E-01,0.291507,-1.77802,-1.13047,1.20208,0.213893,0,-9999,-9999,-9999,-9999,-9999,-9999,-9999,0.658126E-02,1.01411,20.0238,1.02078,15.3510,1.03475,-7.85943,1.03281,0.343045,1.03475,800000099,800000099,800000099,800000099,800001099,800001199,800100199,801110199,80000,80000,80,81,1,12,0,13,1,0,0.186955,0.373893,0.221670E-01,0.853376E-01,0.519541,3161.57,0.162109E-01,-0.785943E-02,0.343045,15.9953,0.313333,252.109,75.6803,13.0078,98800.6,1.30127
CH-CHA_201201100800.csv,2012-01-10,13:00,10.541,1,36000,36000,-0.359728E-01,0,0.302559E-02,27.6505,0,2.18143,41.0323,1,9.85172,-11.5010,0,3.84577,0.916813,1,0.220124,-0.233371,5.58128,-1.38223,0.124707,-0.253167E-10,-0.287060E-12,18.0746,426.053,428.121,0.400000,0,204.943,4.83089,4.85434,0.400000,0,289.641,280.107,98796.0,1.22653,1007.87,0.235719E-01,0.594095E-01,0.369307E-02,477.401,996.040,0.301099E-02,47.9299,518.639,269.800,-1.45785,-1.39447,0.779432E-01,2.01890,0.558981E-13,-0.140068E-14,2.01890,3.37855,323.806,223.727,2.21256,-9999,0.171256,0.188603,-15.6925,-0.128087,0.673873,0.130610,0,-9999,-9999,-9999,-9999,-9999,-9999,-9999,-0.355927E-01,1.01068,29.3853,1.02090,37.6312,1.06565,-12.4691,1.06945,0.840820,1.06565,800000099,800001199,800000099,800000099,800000099,800000099,800000199,800000199,81100,81100,80,80,7,11,3,5,22,9,0.152297,0.189765,0.351446E-01,0.874568E-01,0.236601,751.555,0.237710E-01,-0.124691E-01,0.840820,15.9969,0.394444,250.486,65.5364,12.3967,98800.0,1.30177
CH-CHA_201201100800.csv,2012-01-10,13:30,10.562,1,36000,36000,-0.818115E-03,2,0.105475E-02,57.0815,0,5.96378,41.8584,0,5.18030,-6.23678,0,1.54542,0.935909,0,0.115826,1.17538,3.08530,-1.14293,0.689840E-01,-0.665368E-10,-0.990584E-12,17.1737,405.958,408.426,0.350000,1,255.678,6.04378,6.08053,0.350000,1,288.890,280.819,98769.0,1.22253,1008.54,0.236383E-01,0.606469E-01,0.460731E-02,597.099,1045.78,0.376868E-02,57.0961,448.680,272.834,-1.16084,-0.707342,0.393683E-01,1.35994,0.332128E-13,-0.387434E-14,1.35994,2.86798,336.021,211.355,1.65886,-9999,0.258689E-01,0.258506,-0.262003E-01,-76.7168,1.36368,1.78963,0,-9999,-9999,-9999,-9999,-9999,-9999,-9999,-0.808872E-03,1.01143,58.3549,1.01991,38.0058,1.04511,-9.00984,1.04864,0.849769,1.04511,800000099,800000099,800000099,800000099,800000099,800000099,800000199,800000199,80100,80100,80,81,0,4,0,32,35,11,0.241481,0.237393,0.381386E-01,0.505434,0.580632E-01,328.766,0.473287E-01,-0.900984E-02,0.849769,16.0000,3.69389,249.092,56.8243,15.0396,98768.6,1.32725
CH-CHA_201201100800.csv,2012-01-10,14:00,10.583,1,36000,36000,-0.176542E-01,1,0.428642E-02,69.9138,0,8.29545,61.4929,0,5.23865,-6.97781,0,0.975184,1.37632,0,0.117250,1.75091,-0.273603,-0.464871,-0.612369E-02,0.158260E-10,0.236173E-12,16.7575,397.751,400.126,0.350000,1,250.074,5.93567,5.97111,0.300000,0,289.244,281.884,98737.0,1.21756,1008.51,0.237356E-01,0.891853E-01,0.450634E-02,586.228,1124.27,0.370112E-02,52.1430,538.041,272.581,-1.54934,-0.828842,0.784522E-01,1.75886,0.624925E-13,0.944414E-15,1.75886,3.93225,337.639,208.145,2.55647,-9999,0.120414,0.367005,-2.15693,-0.931882,1.13694,0.472841,0,-9999,-9999,-9999,-9999,-9999,-9999,-9999,-0.174656E-01,1.01080,71.9963,1.02036,55.6886,1.05715,-10.2814,1.06115,1.24640,1.05715,800000099,800000099,800000099,800000099,800000099,800001099,800000199,800000199,80100,80100,80,81,2,2,0,15,30,20,0.453958,0.236854,0.431983E-01,0.539520,0.162659E-01,161.717,0.586330E-01,-0.102814E-01,1.24640,15.9973,1.10500,249.000,56.2500,18.9110,98737.3,1.35108
CH-CHA_201201101400.csv,2012-01-10,14:30,10.604,1,36000,36000,-0.260986E-01,0,0.232184E-02,27.4522,0,2.28425,30.2639,0,1.94989,-5.18196,0,0.481170,0.676945,0,0.436153E-01,-1.04571,0.380813,0.107737,0.851806E-02,-0.556496E-10,-0.847422E-12,16.8655,399.650,402.097,0.300000,0,256.825,6.08581,6.12307,0.300000,0,289.946,281.249,98678.0,1.21951,1008.58,0.236963E-01,0.438661E-01,0.462799E-02,600.696,1076.87,0.379495E-02,55.7818,476.172,272.916,-1.96028,-0.854538,0.103149,2.14092,0.539250E-13,-0.329961E-14,2.14092,3.69819,343.884,203.554,2.76157,-9999,0.146290,0.264845,-9.84591,-0.204146,0.907095,0.152569,0,-9999,-9999,-9999,-9999,-9999,-9999,-9999,-0.258230E-01,1.01067,28.5793,1.02121,27.3120,1.06797,-6.32683,1.07336,0.610918,1.06797,800000099,800000099,800000099,800000099,800000099,800000099,800000199,800010199,80000,80000,80,80,3,0,2,2,22,5,0.181094,0.314910,0.336869E-01,0.120421,0.796024E-02,73.3065,0.232358E-01,-0.632683E-02,0.610918,15.9953,0.272222,249.000,56.2500,16.3501,98727.8,1.32645
CH-CHA_201201101400.csv,2012-01-10,15:00,10.624,1,36000,36000,-0.172546E-01,0,0.259430E-02,21.7490,0,1.94832,26.2861,0,2.13334,-5.32877,0,0.643059,0.588025,0,0.477233E-01,0.159758,-0.417603E-01,-0.104086,-0.934186E-03,0.496087E-10,0.756864E-12,16.7901,397.815,400.245,0.300000,0,256.161,6.06934,6.10640,0.300000,0,289.780,281.346,98724.0,1.21967,1008.57,0.236934E-01,0.381040E-01,0.461603E-02,599.350,1083.99,0.378466E-02,55.2910,484.642,272.885,-1.49886,-0.628418,0.946250E-01,1.62802,-0.837885E-13,0.295464E-14,1.62802,3.08055,343.838,202.746,3.33206,-9999,0.118941,0.221910,-6.68170,-0.300822,0.827394,0.148648,0,-9999,-9999,-9999,-9999,-9999,-9999,-9999,-0.170680E-01,1.01094,22.8133,1.02015,24.1293,1.05295,-6.26091,1.05701,0.539777,1.05295,800000099,800000099,800000099,800000099,800000099,800000099,800000199,801110199,81100,81100,80,80,0,2,3,6,12,4,0.147427,0.267290,0.291027E-01,0.618587E-01,0.104696E-01,59.7050,0.185456E-01,-0.626091E-02,0.539777,16.0000,0.262222,249.000,56.2500,16.4539,98732.2,1.32754
CH-CHA_201201101400.csv,2012-01-10,15:30,10.645,1,36000,36000,-0.181784E-01,0,0.189478E-02,6.71193,0,0.917419,21.7323,0,1.93526,-4.45794,0,0.476117,0.486124,0,0.432892E-01,-0.113673,-0.776733E-01,-0.160212,-0.173745E-02,0.274325E-10,0.419394E-12,16.6756,394.993,397.392,0.450000,0,254.940,6.03873,6.07542,0.400000,0,290.126,281.277,98727.0,1.22002,1008.55,0.236869E-01,0.315008E-01,0.459401E-02,596.346,1078.92,0.376553E-02,55.2724,482.575,272.816,-1.14424,-1.06578,0.695060E-01,1.56525,0.254055E-13,0.164507E-14,1.56525,2.77090,323.710,222.967,2.54510,-9999,0.122066,0.110183,-23.4032,-0.858857E-01,0.308846,0.446877E-01,0,-9999,-9999,-9999,-9999,-9999,-9999,-9999,-0.179802E-01,1.01102,7.81840,1.02007,20.3400,1.05113,-4.71394,1.05504,0.454979,1.05113,800000099,800000099,800000099,800000099,800000099,800000099,800010199,801110199,81100,81100,80,80,0,4,1,0,6,1,0.808748E-01,0.118887,0.206052E-01,0.211633E-01,0.666481E-02,49.2866,0.635411E-02,-0.471394E-02,0.454979,15.9953,0.370000,249.000,56.2500,16.0360,98726.9,1.32556
CH-CHA_201201101400.csv,2012-01-10,16:00,10.666,1,36000,36000,-0.112652E-01,0,0.105445E-02,-3.78257,0,0.555410,10.4323,0,0.955947,-2.15648,0,0.294251,0.233306,0,0.213786E-01,-0.377537,-0.286014E-01,0.147132E-01,-0.639636E-03,0.389729E-10,0.594327E-12,16.6987,395.252,397.648,0.450000,0,254.651,6.02747,6.06402,0.450000,0,290.525,281.048,98719.0,1.22092,1008.53,0.236695E-01,0.151182E-01,0.458881E-02,595.185,1062.24,0.375849E-02,56.0314,467.050,272.789,-1.02620,-0.986847,0.469113E-01,1.42448,-0.276784E-13,0.233389E-14,1.42448,2.46010,322.725,223.880,1.88721,-9999,0.960565E-01,0.826041E-01,20.2349,0.993336E-01,-0.362582,-0.319803E-01,0,-9999,-9999,-9999,-9999,-9999,-9999,-9999,-0.111213E-01,1.01294,-3.11265,1.02698,9.57331,1.09616,-1.87146,1.10405,0.214096,1.09616,800000099,800000099,800000099,800000099,800000099,800000099,811110199,811110199,81100,81100,80,80,3,5,2,0,13,4,0.644500E-01,0.874018E-01,0.133562E-01,0.113887E-01,0.856835E-02,31.0534,-0.252785E-02,-0.187146E-02,0.214096,16.0000,0.407778,249.000,56.2500,14.8844,98719.2,1.31900
CH-CHA_201201101400.csv,2012-01-10,16:30,10.687,1,36000,36000,-0.404007E-02,1,0.936552E-03,-5.43073,0,1.73196,3.07411,0,0.431972,-1.28112,0,0.174084,0.687229E-01,0,0.965689E-02,-0.653929,0.391346E-01,0.130049,0.874867E-03,0.859304E-10,0.130620E-11,16.8229,397.537,399.954,0.350000,1,255.720,6.04285,6.07959,0.350000,1,290.759,280.652,98742.0,1.22292,1008.54,0.236307E-01,0.445325E-02,0.460808E-02,596.843,1033.92,0.376810E-02,57.7262,437.077,272.828,-1.05274,-0.549668,0.365061E-01,1.18816,-0.136019E-12,0.510794E-14,1.18816,2.07526,340.811,207.571,1.76069,-9999,0.574772E-01,0.967494E-01,3.02000,0.665563,-1.76660,-0.766077E-01,0,-9999,-9999,-9999,-9999,-9999,-9999,-9999,-0.391368E-02,1.03230,-4.94981,1.06614,2.54864,1.26930,-0.808257,1.29229,0.569757E-01,1.26930,800000099,800000099,800000099,800000099,800000099,800100099,811100199,811110199,81100,81100,80,81,3,1,2,1,0,1,0.121359,0.639336E-01,0.820620E-02,0.131642,0.238748E-02,8.56411,-0.401327E-02,-0.808257E-03,0.569757E-01,16.0000,6.24870,249.000,56.2500,13.1619,98741.8,1.30930
CH-CHA_201201101400.csv,2012-01-10,17:00,10.708,0,36000,36000,0.271937E-02,1,0.119738E-02,0.948004,0,1.09207,-1.34771,1,0.657687,-0.118109,1,0.351686,-0.300927E-01,1,0.146853E-01,-2.06894,-0.932332E-01,0.208731,-0.208178E-02,-0.314797E-10,-0.471300E-12,17.0581,401.189,403.613,0.350000,1,255.386,6.00643,6.04272,0.350000,1,291.092,279.405,98770.0,1.22874,1008.50,0.235190E-01,-0.195001E-02,0.460206E-02,593.414,949.054,0.374534E-02,62.5269,355.640,272.749,-0.527452,0.152590,0.362196E-01,0.550274,0.295351E-15,-0.184544E-14,0.550274,1.82231,29.1731,163.865,3.77400,-9999,0.470439E-01,0.857590E-01,-9.48752,-0.211857,-0.703417,0.162619E-01,0,-9999,-9999,-9999,-9999,-9999,-9999,-9999,0.267174E-02,1.01783,0.847755,1.02295,-1.33800,1.02461,-0.148849,1.02614,-0.298759E-01,1.02461,800000099,800000099,800000099,800000099,800000099,800100099,811100199,811100199,81000,81000,80,80,2,23,10,5,9,22,0.778583E-01,0.877179E-01,0.594187E-02,0.560793,0.893107E-01,13.2892,0.684123E-03,-0.148849E-03,-0.298759E-01,16.0000,0.216667,249.000,56.2500,8.58303,98769.8,1.27857
CH-CHA_201201101400.csv,2012-01-10,17:30,10.729,0,36000,36000,0.228186E-02,2,0.135986E-02,-2.25043,1,1.06041,-2.92218,1,2.40738,-2.08367,2,0.683708,-0.651064E-01,1,0.536366E-01,-3.83263,-1.57134,0.451781,-0.350097E-01,-0.120379E-10,-0.158899E-12,17.5381,409.026,411.246,0.350000,1,231.502,5.39911,5.42842,0.150000,0,289.869,277.114,98787.0,1.23940,1008.12,0.233222E-01,-0.421889E-02,0.417166E-02,533.505,809.036,0.336587E-02,65.9433,275.531,271.297,-0.347409E-01,0.298103,0.200799E-01,0.300792,0.296321E-12,-0.686384E-15,0.300792,1.40982,61.3924,96.6473,3.82772,-9999,0.429081E-01,0.166052,3.03249,0.662823,0.770121,-0.419760E-01,0,-9999,-9999,-9999,-9999,-9999,-9999,-9999,0.220331E-02,1.03565,-2.26439,1.07048,-2.64457,1.07347,-1.79916,1.07997,-0.589212E-01,1.07347,800000099,800100099,800000099,800000099,800000099,801000099,811110199,811110199,80000,80000,80,81,0,7,1,9,18,1,0.113065,0.217368,0.167224E-02,0.871667E-01,0.477733E-01,305.204,-0.181227E-02,-0.179916E-02,-0.589212E-01,16.0000,0.263333,249.304,58.1488,5.13376,98787.3,1.23828
CH-CHA_201201101400.csv,2012-01-10,18:00,10.749,0,36000,36000,-0.251002E-02,1,0.846816E-03,-7.02031,1,2.47671,14.8478,1,12.3874,10.2976,1,4.53930,0.330445,1,0.275688,-1.95641,-5.79903,-1.29512,-0.129060,-0.185179E-09,-0.151806E-11,16.6486,386.654,387.883,0.350000,1,136.482,3.16970,3.17977,0.350000,1,289.131,275.949,98786.0,1.24567,1006.90,0.232243E-01,0.214128E-01,0.245940E-02,313.206,745.105,0.197436E-02,42.0351,431.899,264.288,-0.503276E-01,0.101787,0.110550E-01,0.114087,0.157580E-12,-0.111228E-13,0.114087,1.41121,70.4120,116.310,5.56069,-9999,0.448887E-01,0.120939,1.11259,1.80659,-0.472817,-0.124690,0,-9999,-9999,-9999,-9999,-9999,-9999,-9999,-0.236197E-02,1.06268,-5.41514,1.12175,14.2532,1.04714,10.0193,1.04873,0.317211,1.04714,800000099,800100099,800000099,800000099,800000099,800000199,811110199,811110199,80100,80100,80,81,3,0,0,2,0,0,0.306814E-01,0.208390,0.280605E-02,0.203064,1.02996,4172.94,-0.431738E-02,0.100193E-01,0.317211,15.9961,0.193333,250.416,65.0974,3.24148,98786.3,1.22011
CH-CHA_201201101400.csv,2012-01-10,18:30,10.770,0,36000,36000,0.123451E-01,1,0.283137E-02,0.102635,2,0.617892,-9999,-9999,-9999,-9999,-9999,-9999,-9999,-9999,-9999,-1.89941,-9999,-9999,-9999,-9999,-9999,-9999,-9999,-9999,-9999,1,-9999,-9999,-9999,-9999,1,288.008,274.822,98787.0,1.25229,1005.18,0.231293E-01,-9999,-9999,-9999,-9999,-9999,-9999,-999900.,-9999,-0.416058,-0.261900,0.272542E-02,0.491633,-0.718647E-13,-0.528830E-14,0.491633,1.69192,332.724,212.190,0.317626,-9999,0.992874E-01,0.134955,-823.102,-0.244198E-02,-9999,0.821201E-03,0,-9999,-9999,-9999,-9999,-9999,-9999,-9999,0.121130E-01,1.01916,0.100250,1.02379,-9999,-9999,-9999,-9999,-9999,-9999,800000099,800100199,800000099,800001199,800000099,810100199,811100199,811110199,80100,80100,80,81,0,0,3,0,0,0,0.228007,0.389040E-01,0.299971E-02,0.980510,-9999,-9999,0.796405E-04,-9999,-9999,16.0000,4.69611,254.565,91.0285,2.14388,98787.3,1.20704
CH-CHA_201201101400.csv,2012-01-10,19:00,10.791,0,36000,36000,-0.681790E-02,1,0.173720E-02,-10.4315,1,3.75069,-9999,-9999,-9999,-9999,-9999,-9999,-9999,-9999,-9999,0.525141,-9999,-9999,-9999,-9999,-9999,-9999,-9999,-9999,-9999,1,-9999,-9999,-9999,-9999,1,287.963,275.134,98768.0,1.25063,1005.19,0.231600E-01,-9999,-9999,-9999,-9999,-9999,-9999,-999900.,-9999,-1.11563,-0.322976,0.400964E-01,1.16213,-0.156124E-12,0.110497E-14,1.16213,2.04636,352.831,196.146,1.97724,-9999,0.738347E-01,0.169886,3.33000,0.603603,-9999,-0.112385,0,-9999,-9999,-9999,-9999,-9999,-9999,-9999,-0.661373E-02,1.03087,-9.81057,1.06329,-9999,-9999,-9999,-9999,-9999,-9999,800000099,800000199,800000099,800001199,800000099,800110099,811100199,811110199,81000,81000,80,81,0,0,1,2,1,0,0.129258,0.207214,0.329847E-02,0.578873,-9999,-9999,-0.780401E-02,-9999,-9999,15.9953,1.68444,255.000,93.7500,1.72582,98767.7,1.21285
CH-CHA_201201101400.csv,2012-01-10,19:30,10.812,0,36000,36000,0.161865E-01,1,0.401792E-02,9.51773,2,3.88790,-9999,-9999,-9999,-3.95442,1,2.30222,-9999,-9999,-9999,-1.28789,-9999,-9999,-9999,-0.395214E-09,-9999,28.0989,648.919,648.919,0.350000,1,-9999,-9999,-9999,-9999,1,286.699,274.371,98775.0,1.25420,1005.17,0.230941E-01,-9999,-9999,-9999,-9999,-9999,-9999,-999900.,-9999,-0.501541,0.230445,0.135542E-01,0.552116,-0.114488E-12,-0.140651E-13,0.552116,1.78511,25.1477,155.322,1.40672,-9999,0.113604,0.229707,-13.2946,-0.151189,-9999,0.664554E-01,0,-9999,-9999,-9999,-9999,-9999,-9999,-9999,0.159036E-01,1.01779,9.30444,1.02292,-9999,-9999,-4.60700,1.02618,-9999,-9999,800000099,800000199,800000099,800000199,800000199,800010199,811110099,811110099,80000,80000,80,81,24,10,1,30,6,0,0.373240,0.820221E-01,0.415141E-02,0.529138,0.353521,-9999,0.738043E-02,-0.460700E-02,-9999,15.9981,0.400000,255.000,93.7500,1.49924,98774.7,1.20023
CH-CHA_201201101400.csv,2012-01-10,20:00,10.833,0,36000,36000,0.889824E-02,1,0.131772E-02,-8.65644,1,2.33748,-9999,-9999,-9999,17.8331,1,5.95123,-9999,-9999,-9999,-0.923344,-9999,0.669043E-01,-9999,0.179281E-09,-9999,28.2019,650.067,650.067,0.350000,1,-9999,-9999,-9999,-9999,1,285.787,273.825,98765.0,1.25657,1005.17,0.230505E-01,-9999,-9999,-9999,-9999,-9999,-9999,-999900.,-9999,-0.167544E-01,-0.195222,-0.171729E-01,0.196690,0.425176E-13,0.635704E-14,0.196690,0.803119,281.595,265.095,-5.00884,-9999,0.841508E-01,0.469983E-01,5.94056,0.338352,-9999,-0.814429E-01,0,-9999,-9999,-9999,-9999,-9999,-9999,-9999,0.866654E-02,1.02673,-8.25998,1.04800,-9999,-9999,17.9194,1.03457,-9999,-9999,800000099,800101199,800000099,800000199,800000199,800000199,811110099,811110099,80000,80000,80,81,0,0,2,4,0,0,0.588354E-01,0.338233E-01,0.133805E-02,0.252109,2.68344,-9999,-0.653962E-02,0.179194E-01,-9999,15.9953,0.622778,255.000,93.7500,0.926469,98765.0,1.18270
CH-CHA_201201102000.csv,2012-01-10,20:30,10.854,0,36000,36000,-0.117131E-01,1,0.197207E-02,-10.2854,2,3.07364,-9999,-9999,-9999,42.1462,1,8.27417,-9999,-9999,-9999,-1.65566,-9999,5.15469,-9999,0.213406E-09,-9999,32.1242,738.168,738.168,0.350000,1,-9999,-9999,-9999,-9999,1,284.881,272.849,98721.0,1.26051,1005.15,0.229786E-01,-9999,-9999,-9999,-9999,-9999,-9999,-999900.,-9999,0.616104E-01,0.864844E-01,0.719556E-02,0.106429,-0.967058E-13,0.664316E-14,0.106429,0.990253,124.237,54.5344,3.87666,-9999,0.963968E-01,0.123748,7.51293,0.267539,-9999,-0.842139E-01,0,-9999,-9999,-9999,-9999,-9999,-9999,-9999,-0.113651E-01,1.03062,-9.82778,1.04657,-9999,-9999,42.2383,1.02045,-9999,-9999,800000099,800100199,800000099,800000199,800001199,800111199,811110099,811110099,81000,81000,80,81,0,0,0,0,0,0,0.972548E-01,0.148295,0.194568E-02,0.304173,2.82808,-9999,-0.775671E-02,0.422383E-01,-9999,16.0000,0.358889,255.000,93.7500,0.328308,98772.8,1.17519
CH-CHA_201201102000.csv,2012-01-10,21:00,10.874,0,36000,36000,0.139252E-02,2,0.371351E-03,-1.28161,1,0.497628,-9999,-9999,-9999,-0.777319,2,1.27011,-9999,-9999,-9999,-0.562488,-9999,3.40683,-9999,-0.268279E-10,-9999,34.7148,796.293,796.293,0.350000,1,-9999,-9999,-9999,-9999,1,284.318,272.518,98775.0,1.26273,1005.15,0.229381E-01,-9999,-9999,-9999,-9999,-9999,-9999,-999900.,-9999,0.311216E-01,0.351806,0.399917E-02,0.353202,0.225942E-13,-0.772808E-15,0.353202,0.921737,101.595,84.9446,0.648751,-9999,0.332082E-01,0.570868E-01,2.46601,0.815081,-9999,-0.304067E-01,0,-9999,-9999,-9999,-9999,-9999,-9999,-9999,0.134144E-02,1.03808,-1.19108,1.07601,-9999,-9999,-0.589007,1.10133,-9999,-9999,800000099,800101199,800000099,800000199,800000199,800001199,811110099,811110099,81000,81000,80,81,0,0,2,1,0,0,0.624790E-01,0.509974E-01,0.697562E-03,0.680824E-01,0.788546,-9999,-0.938424E-03,-0.589007E-03,-9999,16.0000,0.392222,255.000,93.7500,0.124632E-01,98775.2,1.17035
CH-CHA_201201102000.csv,2012-01-10,21:30,10.895,0,36000,36000,-0.925214E-02,1,0.195056E-02,-12.4331,1,2.78490,-9999,-9999,-9999,16.3108,1,5.26873,-9999,-9999,-9999,-0.542712,-9999,3.29385,-9999,-0.234294E-09,-9999,37.2044,852.427,852.427,0.350000,1,-9999,-9999,-9999,-9999,1,283.590,272.199,98772.0,1.26417,1005.14,0.229120E-01,-9999,-9999,-9999,-9999,-9999,-9999,-999900.,-9999,-0.237372,-0.158018,0.179829E-01,0.285724,-0.132044E-13,-0.629748E-14,0.285724,1.39811,347.394,213.652,3.60847,-9999,0.855498E-01,0.118939,4.34590,0.462505,-9999,-0.114374,0,-9999,-9999,-9999,-9999,-9999,-9999,-9999,-0.899639E-02,1.02843,-11.7862,1.05488,-9999,-9999,16.6765,1.05826,-9999,-9999,800000099,800100199,800000099,800001199,800000199,800111199,811110099,811110099,80000,80000,80,81,18,2,2,9,16,0,0.141259,0.938166E-01,0.280248E-02,0.272561,1.59765,-9999,-0.927553E-02,0.166765E-01,-9999,15.9914,0.535556,255.000,93.7500,-0.848109E-01,98772.4,1.16623
CH-CHA_201201102000.csv,2012-01-10,22:00,10.916,0,36000,36000,-0.226593E-02,1,0.688869E-03,-1.21610,1,1.09343,-9999,-9999,-9999,-4.80985,1,1.50507,-9999,-9999,-9999,-0.364413,-9999,1.10632,-9999,0.176333E-09,-9999,38.0618,871.263,871.263,0.350000,1,-9999,-9999,-9999,-9999,1,283.339,271.985,98786.0,1.26534,1005.14,0.228907E-01,-9999,-9999,-9999,-9999,-9999,-9999,-999900.,-9999,-0.176784,0.381001,0.905083E-02,0.420114,0.107888E-13,0.463282E-14,0.420114,1.09558,69.1599,114.891,1.23446,-9999,0.423175E-01,0.838216E-01,5.37817,0.373733,-9999,-0.225951E-01,0,-9999,-9999,-9999,-9999,-9999,-9999,-9999,-0.221200E-02,1.02438,-1.16046,1.04795,-9999,-9999,-4.35520,1.07367,-9999,-9999,800000099,800100199,800000099,800001199,800000199,800010199,811110099,811110099,81000,81000,80,81,0,3,5,0,11,0,0.592046E-01,0.107606,0.832553E-03,0.131337,0.412159,-9999,-0.912420E-03,-0.435520E-02,-9999,16.0000,0.354444,255.000,93.7500,-0.743274E-01,98786.5,1.16380
CH-CHA_201201102000.csv,2012-01-10,22:30,10.937,0,36000,36000,0.616555E-02,1,0.130245E-02,-8.84252,1,2.47612,-9999,-9999,-9999,-9999,-9999,-9999,-9999,-9999,-9999,-0.842775,-9999,-9999,-9999,-9999,-9999,-9999,-9999,-9999,-9999,1,-9999,-9999,-9999,-9999,1,283.015,271.491,98790.0,1.26770,1005.14,0.228482E-01,-9999,-9999,-9999,-9999,-9999,-9999,-999900.,-9999,0.185824,0.162290,-0.562778E-02,0.246780,-0.130593E-12,0.524753E-14,0.246780,1.47438,162.194,41.1326,-1.30673,-9999,0.697394E-01,0.106848,3.31066,0.607130,-9999,-0.995078E-01,0,-9999,-9999,-9999,-9999,-9999,-9999,-9999,0.596698E-02,1.03328,-8.30609,1.06458,-9999,-9999,-9999,-9999,-9999,-9999,800000099,800100199,800000099,800001199,800100199,800111199,811110099,811110099,80000,80000,80,81,1,0,8,3,0,0,0.108543,0.103593,0.156012E-02,0.402230,-9999,-9999,-0.651863E-02,-9999,-9999,16.0000,0.248889,255.000,93.7500,-0.639686,98793.3,1.15528
CH-CHA_201201102000.csv,2012-01-10,23:00,10.958,0,36000,36000,-0.616077E-02,1,0.130144E-02,3.22477,1,1.16078,-9999,-9999,-9999,-9999,-9999,-9999,-9999,-9999,-9999,-0.341254E-01,-9999,-9999,-9999,-9999,-9999,-9999,-9999,-9999,-9999,1,-9999,-9999,-9999,-9999,1,282.807,271.471,98797.0,1.26788,1005.13,0.228449E-01,-9999,-9999,-9999,-9999,-9999,-9999,-999900.,-9999,-0.611983,-0.197213,0.458915E-01,0.644610,0.280789E-12,-0.153362E-13,0.644610,1.99932,359.778,197.862,4.08249,-9999,0.697073E-01,0.278506,-9.06592,-0.221709,-9999,0.363010E-01,0,-9999,-9999,-9999,-9999,-9999,-9999,-9999,-0.606267E-02,1.01618,3.15553,1.02194,-9999,-9999,-9999,-9999,-9999,-9999,800000099,800100199,800000099,800001199,800001199,801011199,811110099,811110099,81100,81100,80,81,0,0,2,20,13,0,0.215862,0.339401,0.174912E-02,0.118061,-9999,-9999,0.247611E-02,-9999,-9999,15.9969,0.328889,255.000,93.7500,-0.651844,98799.3,1.15296
CH-CHA_201201102000.csv,2012-01-10,23:30,10.979,0,36000,36000,-0.255909E-01,1,0.354908E-02,-1.39992,1,2.35688,-9999,-9999,-9999,-9999,-9999,-9999,-9999,-9999,-9999,-0.485081,-9999,-9999,-9999,-9999,-9999,-9999,-9999,-9999,-9999,1,-9999,-9999,-9999,-9999,1,282.300,271.187,98796.0,1.26919,1005.14,0.228213E-01,-9999,-9999,-9999,-9999,-9999,-9999,-999900.,-9999,0.141485,0.909307E-01,0.137586E-01,0.168747,-0.480829E-14,0.103634E-13,0.168747,2.49243,158.499,32.7284,4.67674,-9999,0.141997,0.285728,176.525,0.113865E-01,-9999,-0.772810E-02,0,-9999,-9999,-9999,-9999,-9999,-9999,-9999,-0.249911E-01,1.02400,-1.36388,1.02643,-9999,-9999,-9999,-9999,-9999,-9999,800000099,800000199,800000099,800001199,800100199,810110199,811110199,811110199,80100,80100,80,81,2,0,8,18,0,0,0.131948,0.433646,0.586228E-02,0.816771E-01,-9999,-9999,-0.106911E-02,-9999,-9999,15.9973,0.303333,255.000,93.7500,-0.429853,98799.6,1.15153
CH-CHA_201201102000.csv,2012-01-11,00:00,11.000,0,36000,36000,0.399840E-02,1,0.135127E-02,-4.99412,1,1.07751,-9999,-9999,-9999,-9999,-9999,-9999,-9999,-9999,-9999,0.276500,-9999,-9999,-9999,-9999,-9999,-9999,-9999,-9999,-9999,1,-9999,-9999,-9999,-9999,1,282.166,271.349,98783.0,1.26827,1005.13,0.228379E-01,-9999,-9999,-9999,-9999,-9999,-9999,-999900.,-9999,0.538565,0.364231,0.394500E-02,0.650178,-0.159720E-12,0.146541E-15,0.650178,1.57092,147.460,34.0704,0.347648,-9999,0.561484E-01,0.110694,3.05904,0.657069,-9999,-0.697728E-01,0,-9999,-9999,-9999,-9999,-9999,-9999,-9999,0.387360E-02,1.03222,-4.68775,1.06536,-9999,-9999,-9999,-9999,-9999,-9999,800000099,800100199,800000099,800001199,800010099,800010099,811110199,811110199,81100,81100,80,81,2,0,0,0,0,0,0.125217,0.941600E-01,0.201011E-02,0.104676,-9999,-9999,-0.367729E-02,-9999,-9999,16.0000,0.302222,255.000,93.7500,0.505518E-01,98783.8,1.15447
CH-CHA_201201102000.csv,2012-01-11,00:30,11.020,0,36000,36000,-0.872183E-02,2,0.194012E-02,7.13372,1,2.65307,-9999,-9999,-9999,-9999,-9999,-9999,-9999,-9999,-9999,0.315475,-9999,-9999,-9999,-9999,-9999,-9999,-9999,-9999,-9999,1,-9999,-9999,-9999,-9999,1,278.969,271.534,98762.0,1.26714,1005.14,0.228583E-01,-9999,-9999,-9999,-9999,-9999,-9999,-999900.,-9999,0.288878,0.151294,0.156897E-01,0.326476,-0.222168E-12,-0.382159E-14,0.326476,1.41103,187.695,27.6425,2.75457,-9999,0.829644E-01,0.241453,-6.90762,-0.290983,-9999,0.675110E-01,0,-9999,-9999,-9999,-9999,-9999,-9999,-9999,-0.850623E-02,1.02535,6.94074,1.02780,-9999,-9999,-9999,-9999,-9999,-9999,800000099,800100099,800000099,800001199,800000199,800100199,811110199,811110199,81000,81000,80,81,0,5,4,3,0,0,0.376849,0.104052,0.200583E-02,0.684372,-9999,-9999,0.544951E-02,-9999,-9999,15.9977,0.336667,255.000,93.7500,0.729952,98762.4,1.15608
CH-CHA_201201102000.csv,2012-01-11,01:00,11.041,0,36000,36000,-0.755143E-03,2,0.449917E-03,0.796425,2,0.958713,-9999,-9999,-9999,-9999,-9999,-9999,-9999,-9999,-9999,0.311839,-9999,-9999,-9999,-9999,-9999,-9999,-9999,-9999,-9999,1,-9999,-9999,-9999,-9999,1,280.315,271.717,98757.0,1.26622,1005.14,0.228749E-01,-9999,-9999,-9999,-9999,-9999,-9999,-999900.,-9999,-0.630795,-0.207583,0.240811E-01,0.664510,-0.536824E-14,-0.262697E-15,0.664510,1.26606,350.775,198.215,2.07679,-9999,0.244208E-01,0.416976E-01,-1.57793,-1.27382,-9999,0.256241E-01,0,-9999,-9999,-9999,-9999,-9999,-9999,-9999,-0.743329E-03,1.01589,0.779453,1.02177,-9999,-9999,-9999,-9999,-9999,-9999,800000099,800000099,800000099,800001199,800000099,800000199,811110199,811110199,80000,80000,80,80,0,1,0,12,0,0,0.584058E-01,0.214664E-01,0.352313E-02,0.665944E-01,-9999,-9999,0.612428E-03,-9999,-9999,16.0000,0.246667,255.000,93.7500,1.26797,98757.4,1.15963
CH-CHA_201201102000.csv,2012-01-11,01:30,11.062,0,36000,36000,-0.456252E-01,1,0.623195E-02,-16.0564,2,3.30678,-9999,-9999,-9999,30.5193,1,5.68899,-9999,-9999,-9999,0.818324,-9999,-9999,-9999,0.722964E-10,-9999,36.4001,833.995,833.995,0.150000,0,-9999,-9999,-9999,-9999,1,281.293,272.198,98772.0,1.26417,1005.15,0.229119E-01,-9999,-9999,-9999,-9999,-9999,-9999,-999900.,-9999,0.565411E-01,0.950293E-01,0.170447E-01,0.111884,-0.241969E-12,0.198616E-14,0.111884,1.55939,131.361,59.2480,8.76273,-9999,0.189976,0.153832,36.8512,0.545437E-01,-9999,-0.665141E-01,0,-9999,-9999,-9999,-9999,-9999,-9999,-9999,-0.443039E-01,1.02982,-15.5498,1.03258,-9999,-9999,31.7101,1.01574,-9999,-9999,800000099,800010199,800000099,800000199,800000199,800100199,811110199,811110199,80000,80000,80,81,1,0,2,11,3,0,0.169667,0.126193,0.118050E-01,0.612810E-01,0.272969,-9999,-0.122374E-01,0.317101E-01,-9999,16.0000,0.232222,255.000,93.7500,1.87311,98773.6,1.16939
CH-CHA_201201102000.csv,2012-01-11,02:00,11.083,0,36000,36000,-0.145662E-01,1,0.272809E-02,3.30157,1,0.908513,-9999,-9999,-9999,-3.17551,2,1.78420,-9999,-9999,-9999,0.299302,-9999,0.381656,-9999,-0.375878E-09,-9999,36.6685,840.502,840.502,0.350000,1,-9999,-9999,-9999,-9999,1,281.510,272.374,98794.0,1.26364,1005.14,0.229216E-01,-9999,-9999,-9999,-9999,-9999,-9999,-999900.,-9999,0.752827,0.307600,0.448000E-01,0.814477,0.161481E-13,-0.102507E-13,0.814477,2.02341,169.221,22.2246,3.15312,-9999,0.107365,0.138910,-32.3546,-0.621240E-01,-9999,0.242107E-01,0,-9999,-9999,-9999,-9999,-9999,-9999,-9999,-0.143624E-01,1.01419,3.23422,1.02082,-9999,-9999,-3.41428,1.03256,-9999,-9999,800000099,800010199,800000099,800000199,800000099,800000199,811110199,811110199,80000,80000,80,81,1,6,0,5,0,0,0.222895,0.464075E-01,0.851761E-02,0.226969E-01,0.136379,-9999,0.254634E-02,-0.341428E-02,-9999,16.0000,0.246667,255.000,93.7500,2.24447,98799.1,1.17287
CH-CHA_201201110200.csv,2012-01-11,02:30,11.104,0,36000,36000,-0.197571E-02,1,0.570163E-03,0.326537,0,0.421808,-9999,-9999,-9999,1.84077,1,5.09118,-9999,-9999,-9999,0.266778,-9999,-1.22219,-9999,0.211689E-09,-9999,35.7302,819.648,819.648,0.450000,0,-9999,-9999,-9999,-9999,1,281.670,272.531,98772.0,1.26263,1005.15,0.229399E-01,-9999,-9999,-9999,-9999,-9999,-9999,-999900.,-9999,0.710086,0.125740,0.116829E-01,0.721228,-0.400092E-13,0.592464E-14,0.721228,1.49696,178.389,10.0417,0.928155,-9999,0.395570E-01,0.667933E-01,-16.3585,-0.122872,-9999,0.650432E-02,0,-9999,-9999,-9999,-9999,-9999,-9999,-9999,-0.194620E-02,1.01516,0.319710,1.02135,-9999,-9999,1.75423,1.03011,-9999,-9999,800000099,800010199,800000099,800000199,800000199,800001199,810110099,811110099,80000,80000,80,80,6,3,3,15,0,0,0.468852E-01,0.794721E-01,0.722903E-02,0.685758E-02,1.35839,-9999,0.251912E-03,0.175423E-02,-9999,16.0000,0.247778,255.000,93.7500,2.34729,98800.3,1.17531
CH-CHA_201201110200.csv,2012-01-11,03:00,11.125,0,36000,36000,0.654171E-02,1,0.179189E-02,-0.262399,2,0.241538,-9999,-9999,-9999,-9999,-9999,-9999,-9999,-9999,-9999,0.365154,-9999,-9999,-9999,-9999,-9999,-9999,-9999,-9999,-9999,1,-9999,-9999,-9999,-9999,1,281.844,272.746,98801.0,1.26200,1005.16,0.229513E-01,-9999,-9999,-9999,-9999,-9999,-9999,-999900.,-9999,0.457376,0.349437,-0.114097E-02,0.575587,0.173639E-12,0.670679E-14,0.575587,1.90486,151.271,37.3799,-0.113576,-9999,0.719971E-01,0.113976,122.767,0.163725E-01,-9999,-0.287312E-02,0,-9999,-9999,-9999,-9999,-9999,-9999,-9999,0.646064E-02,1.01255,-0.256955,1.02119,-9999,-9999,-9999,-9999,-9999,-9999,800000099,800010199,800000099,800001199,800000199,800110199,811110099,811110099,81000,81000,80,81,0,1,4,7,0,0,0.171948,0.522936E-01,0.371167E-02,0.369020E-02,-9999,-9999,-0.202565E-03,-9999,-9999,16.0000,0.222222,255.000,93.7500,2.73923,98800.9,1.17901
CH-CHA_201201110200.csv,2012-01-11,03:30,11.145,0,36000,36000,0.492433E-02,1,0.126601E-02,-1.11896,1,0.531186,-9999,-9999,-9999,-9999,-9999,-9999,-9999,-9999,-9999,0.730186E-01,-9999,-9999,-9999,-9999,-9999,-9999,-9999,-9999,-9999,1,-9999,-9999,-9999,-9999,1,281.958,272.789,98800.0,1.26179,1005.15,0.229551E-01,-9999,-9999,-9999,-9999,-9999,-9999,-999900.,-9999,0.245708,0.585877,-0.305278E-02,0.635322,-0.187964E-12,-0.852504E-14,0.635322,1.45492,117.989,67.2475,-0.275312,-9999,0.624712E-01,0.646128E-01,18.8069,0.106876,-9999,-0.141226E-01,0,-9999,-9999,-9999,-9999,-9999,-9999,-9999,0.485284E-02,1.01473,-1.08834,1.02813,-9999,-9999,-9999,-9999,-9999,-9999,800000099,800010199,800000099,800001199,800000199,800000199,811110099,811110099,81000,81000,80,81,0,1,0,11,3,0,0.483622E-01,0.764406E-01,0.442281E-02,0.936637E-02,-9999,-9999,-0.858111E-03,-9999,-9999,15.9981,0.304444,255.000,93.7500,2.80678,98800.8,1.18009
CH-CHA_201201110200.csv,2012-01-11,04:00,11.166,0,36000,36000,-0.250368E-02,1,0.707050E-03,-0.762731,1,0.415544,-9999,-9999,-9999,-9999,-9999,-9999,-9999,-9999,-9999,0.125625,-9999,-9999,-9999,-9999,-9999,-9999,-9999,-9999,-9999,1,-9999,-9999,-9999,-9999,1,282.316,272.863,98799.0,1.26144,1005.15,0.229616E-01,-9999,-9999,-9999,-9999,-9999,-9999,-999900.,-9999,0.109505,0.622970,-0.698056E-02,0.632560,0.411643E-13,0.477013E-15,0.632560,1.49519,107.558,80.0305,-0.632295,-9999,0.445509E-01,0.510625E-01,10.0067,0.200866,-9999,-0.135026E-01,0,-9999,-9999,-9999,-9999,-9999,-9999,-9999,-0.245990E-02,1.01780,-0.736811,1.03518,-9999,-9999,-9999,-9999,-9999,-9999,800000099,800010199,800000099,800001199,800000199,800000199,811110099,811110099,81000,81000,80,81,0,22,0,33,32,0,0.505530E-01,0.465325E-01,0.503915E-02,0.102459E-01,-9999,-9999,-0.581109E-03,-9999,-9999,16.0000,0.690556,255.000,93.7500,2.99057,98800.0,1.18577
CH-CHA_201201110200.csv,2012-01-11,04:30,11.187,0,36000,36000,0.566997E-02,1,0.194905E-02,1.21523,1,0.690552,-9999,-9999,-9999,-9999,-9999,-9999,-9999,-9999,-9999,0.422262,-9999,-9999,-9999,-9999,-9999,-9999,-9999,-9999,-9999,1,-9999,-9999,-9999,-9999,1,282.565,273.112,98784.0,1.26010,1005.16,0.229860E-01,-9999,-9999,-9999,-9999,-9999,-9999,-999900.,-9999,0.283323E-02,-0.116969,-0.278514E-02,0.117036,-0.209907E-13,0.627409E-15,0.117036,1.13217,290.166,271.388,-1.36361,-9999,0.670794E-01,0.664900E-01,-21.4366,-0.937648E-01,-9999,0.143031E-01,0,-9999,-9999,-9999,-9999,-9999,-9999,-9999,0.537928E-02,1.05404,1.16056,1.04711,-9999,-9999,-9999,-9999,-9999,-9999,800000099,800110199,800000099,800001199,800000199,800100199,811110099,811110099,80000,80000,80,81,9,0,3,9,3,0,0.102144,0.268799E-01,0.395667E-02,0.133426E-01,-9999,-9999,0.916283E-03,-9999,-9999,15.9973,10.4233,255.000,93.7500,3.36931,98784.8,1.19218
CH-CHA_201201110200.csv,2012-01-11,05:00,11.208,0,36000,36000,-0.724829E-02,1,0.169062E-02,-0.882340,1,0.762986,-9999,-9999,-9999,1.95548,1,1.34516,-9999,-9999,-9999,0.587596,-9999,-9999,-9999,0.640960E-11,-9999,37.7364,868.679,868.679,0.350000,1,-9999,-9999,-9999,-9999,1,282.560,273.459,98765.0,1.25825,1005.17,0.230197E-01,-9999,-9999,-9999,-9999,-9999,-9999,-999900.,-9999,0.824247E-01,0.320906,0.732778E-02,0.331404,0.372221E-13,0.169852E-15,0.331404,1.41602,111.476,75.5950,1.26699,-9999,0.758985E-01,0.646700E-01,42.7614,0.470051E-01,-9999,-0.919174E-02,0,-9999,-9999,-9999,-9999,-9999,-9999,-9999,-0.713194E-02,1.01631,-0.860652,1.02520,-9999,-9999,2.00696,1.02232,-9999,-9999,800000099,800010199,800000099,800000199,800100199,800100199,811110099,811110099,81000,81000,80,81,0,2,4,14,0,0,0.751050E-01,0.488220E-01,0.541282E-02,0.153656E-01,0.103899,-9999,-0.680491E-03,0.200696E-02,-9999,16.0000,0.450604,255.000,93.7500,3.57418,98764.7,1.19450
CH-CHA_201201110200.csv,2012-01-11,05:30,11.229,0,36000,36000,0.259111E-02,1,0.150270E-02,0.661140,1,0.526584,-9999,-9999,-9999,1.27545,1,1.10694,-9999,-9999,-9999,0.242017,-9999,-1.35234,-9999,0.878160E-10,-9999,36.7096,845.511,845.511,0.100000,0,-9999,-9999,-9999,-9999,1,282.936,273.602,98762.0,1.25756,1005.16,0.230324E-01,-9999,-9999,-9999,-9999,-9999,-9999,-999900.,-9999,-0.410336,-0.116254,0.208493E-01,0.426996,0.169480E-13,0.239218E-14,0.426996,1.47993,348.746,195.818,2.79875,-9999,0.453920E-01,0.503404E-01,-12.2073,-0.164655,-9999,0.115226E-01,0,-9999,-9999,-9999,-9999,-9999,-9999,-9999,0.253771E-02,1.02104,0.645021,1.02499,-9999,-9999,1.17694,1.02408,-9999,-9999,800000099,800011199,800000099,800000199,800000199,800000199,811110199,811110199,81100,81100,80,81,15,21,5,0,0,0,0.674862E-01,0.286060E-01,0.458860E-02,0.117373E-01,0.137960,-9999,0.510280E-03,0.117694E-02,-9999,16.0000,0.464444,255.000,93.7500,3.84645,98761.9,1.19679
CH-CHA_201201110200.csv,2012-01-11,06:00,11.250,0,36000,36000,-0.190071E-02,1,0.149046E-02,3.02491,1,0.497735,-9999,-9999,-9999,4.39774,1,1.59224,-9999,-9999,-9999,0.219996E-01,-9999,-1.41395,-9999,0.358134E-09,-9999,35.6547,821.286,821.286,0.250000,0,-9999,-9999,-9999,-9999,1,282.779,273.615,98758.0,1.25745,1005.16,0.230344E-01,-9999,-9999,-9999,-9999,-9999,-9999,-999900.,-9999,-0.507000,-0.146174,0.434326E-01,0.529436,-0.162230E-13,0.100445E-13,0.529436,1.44350,353.872,196.083,4.70559,-9999,0.388788E-01,0.719150E-01,-1.67646,-1.19895,-9999,0.615563E-01,0,-9999,-9999,-9999,-9999,-9999,-9999,-9999,-0.186661E-02,1.01827,2.95626,1.02322,-9999,-9999,3.98340,1.02573,-9999,-9999,800000099,800010099,800000099,800000199,800000099,800100199,811110199,811110199,81100,81100,80,81,0,1,1,10,13,0,0.964575E-01,0.407951E-01,0.657740E-02,0.457145E-02,0.850014E-01,-9999,0.233892E-02,0.398340E-02,-9999,16.0000,0.413333,255.000,93.7500,3.88536,98757.8,1.19480
CH-CHA_201201110200.csv,2012-01-11,06:30,11.270,0,36000,36000,-0.107126E-01,0,0.337407E-02,1.97438,1,0.580585,-9999,-9999,-9999,-0.572942,2,2.85385,-9999,-9999,-9999,-0.660236E-01,-9999,-1.92577,-9999,0.568087E-10,-9999,34.2357,788.304,788.304,0.350000,1,-9999,-9999,-9999,-9999,1,282.848,273.576,98781.0,1.25792,1005.17,0.230258E-01,-9999,-9999,-9999,-9999,-9999,-9999,-999900.,-9999,-0.488010,0.249819E-01,0.416417E-01,0.490420,0.555590E-13,0.165934E-14,0.490420,1.50286,15.4102,177.070,4.87086,-9999,0.922831E-01,0.153179,-34.3539,-0.585087E-01,-9999,0.169206E-01,0,-9999,-9999,-9999,-9999,-9999,-9999,-9999,-0.105109E-01,1.01919,1.92847,1.02381,-9999,-9999,-0.749598,1.02502,-9999,-9999,800000099,800011199,800000099,800000199,800000099,800100099,811110199,811110199,80100,80100,80,81,0,1,0,18,1,0,0.150401,0.143448,0.125089E-01,0.484227E-02,0.251183,-9999,0.152518E-02,-0.749598E-03,-9999,15.9957,0.415556,255.000,93.7500,3.84598,98781.2,1.19376
CH-CHA_201201110200.csv,2012-01-11,07:00,11.291,0,36000,36000,-0.522428E-02,1,0.171230E-02,0.706872,2,1.44808,-9999,-9999,-9999,3.87938,1,1.29752,-9999,-9999,-9999,0.253827,-9999,-1.74585,-9999,-0.324713E-09,-9999,32.9222,758.390,758.390,0.350000,1,-9999,-9999,-9999,-9999,1,283.048,273.726,98792.0,1.25737,1005.17,0.230359E-01,-9999,-9999,-9999,-9999,-9999,-9999,-999900.,-9999,0.382898,0.446729,0.213747E-01,0.588756,-0.116315E-12,-0.986304E-14,0.588756,1.84082,146.564,49.3996,2.08057,-9999,0.644587E-01,0.104829,-32.7024,-0.614634E-01,-9999,0.867675E-02,0,-9999,-9999,-9999,-9999,-9999,-9999,-9999,-0.513648E-02,1.01709,0.691322,1.02249,-9999,-9999,3.71208,1.02695,-9999,-9999,800000099,800010099,800000099,800000199,800010099,800010199,811110199,811110199,80000,80000,80,81,0,5,0,31,12,0,0.111937,0.892940E-01,0.842748E-02,0.685764E-01,0.807884E-01,-9999,0.546989E-03,0.371208E-02,-9999,15.9973,0.458889,255.000,93.7500,3.76724,98795.3,1.19612
CH-CHA_201201110200.csv,2012-01-11,07:30,11.312,0,36000,36000,-0.206724E-02,1,0.464766E-03,12.2719,2,7.46726,-9999,-9999,-9999,1.23968,2,0.472242,-9999,-9999,-9999,0.197913,-9999,-1.40374,-9999,-0.103733E-09,-9999,31.8660,734.329,734.329,0.100000,0,-9999,-9999,-9999,-9999,1,280.906,273.843,98798.0,1.25691,1005.17,0.230443E-01,-9999,-9999,-9999,-9999,-9999,-9999,-999900.,-9999,0.498202,0.194072,0.122525E-01,0.534808,0.226206E-13,-0.325528E-14,0.534808,1.13323,165.574,21.2832,1.31277,-9999,0.405549E-01,0.185939E-01,-0.469155,-4.28430,-9999,0.239509,0,-9999,-9999,-9999,-9999,-9999,-9999,-9999,-0.203039E-02,1.01815,11.9942,1.02315,-9999,-9999,0.106630,1.02583,-9999,-9999,800000099,800001099,800000099,800000199,800000099,800000099,811110199,811110199,80000,80000,80,80,2,3,0,0,1,0,0.195555E-01,0.143075E-01,0.332495E-02,3.39252,0.185221,-9999,0.949350E-02,0.106630E-03,-9999,15.9977,0.442778,255.000,93.7500,3.92508,98799.5,1.19848
CH-CHA_201201110200.csv,2012-01-11,08:00,11.333,0,36000,36000,0.146126E-02,1,0.104237E-02,2.35520,1,0.837213,-9999,-9999,-9999,-1.25281,2,1.36204,-9999,-9999,-9999,0.186005,-9999,-1.87886,-9999,0.122872E-09,-9999,30.4570,702.113,702.113,0.350000,1,-9999,-9999,-9999,-9999,1,283.737,273.953,98802.0,1.25646,1005.17,0.230526E-01,-9999,-9999,-9999,-9999,-9999,-9999,-999900.,-9999,0.219062,0.423330,0.123081E-01,0.476810,-0.293592E-13,0.403428E-14,0.476810,1.24812,123.168,62.6396,1.47916,-9999,0.341029E-01,0.433210E-01,-1.45362,-1.38276,-9999,0.546829E-01,0,-9999,-9999,-9999,-9999,-9999,-9999,-9999,0.143324E-02,1.01955,2.29993,1.02403,-9999,-9999,-1.42482,1.02479,-9999,-9999,800000099,800010099,800000099,800000199,800000099,800010099,811110199,811110199,80000,80000,80,81,2,5,0,10,3,0,0.628741E-01,0.207006E-01,0.306759E-02,0.493151E-01,0.176076,-9999,0.182107E-02,-0.142482E-02,-9999,16.0000,0.300000,255.000,93.7500,4.11471,98801.5,1.20133
CH-CHA_201201110800.csv,2012-01-11,08:30,11.354,0,36000,36000,-0.994272E-02,0,0.155393E-02,1.03347,2,0.618561,-Infinity,2,72.8136,-Infinity,2,2.59607,-Infinity,2,1.61758,0.167369,-9999,-4.03125,-9999,-0.425431E-10,-0.937166E-12,27.4385,632.946,641.896,0.350000,1,604.432,13.9429,14.1401,0.100000,0,284.291,274.053,98773.0,1.24901,1000.84,0.230678E-01,-Infinity,0.108919E-01,1377.55,650.579,0.872040E-02,-9999,-999900.,284.888,0.696278,0.627441,0.349533E-01,0.937927,-0.445269E-13,-0.155049E-14,0.937927,1.80067,145.734,42.0232,2.13571,-9999,0.892216E-01,0.997653E-01,-58.7431,-0.342168E-01,-0.00000,0.926613E-02,0,-9999,-9999,-9999,-9999,-9999,-9999,-9999,-0.983778E-02,1.01067,-0.287321,1.02004,-22.3652,Infinity,0.898506,1.04099,-0.496852,Infinity,800000099,800010099,800000099,800000099,800000099,800001199,801110199,811110199,80000,80000,80,81,12,7,0,4,0,0,0.840304E-01,0.103256,0.122452E-01,0.735164E-02,1.15976,76627.1,-0.229846E-03,0.898506E-03,-0.496852,15.9938,0.376667,253.982,87.3892,3.98252,98841.9,1.20017
CH-CHA_201201110800.csv,2012-01-11,09:00,11.374,0,36000,36000,-0.229889E-01,1,0.290150E-02,-0.479978,2,0.496455,-9999,-9999,-9999,72.3531,1,17.4820,-9999,-9999,-9999,0.153911,-9999,-7.80959,-9999,-0.390052E-09,-9999,21.6539,499.068,499.068,0.350000,1,-9999,-9999,-9999,-9999,1,284.551,274.144,98893.0,1.25674,1005.17,0.230475E-01,-9999,-9999,-9999,-9999,-9999,-9999,-999900.,-9999,0.988167,-0.572555,0.452611E-02,1.14207,0.288987E-12,-0.180130E-13,1.14207,2.94432,214.928,329.912,0.227069,-9999,0.135250,0.293742,445.231,0.451451E-02,-9999,-0.280930E-02,0,-9999,-9999,-9999,-9999,-9999,-9999,-9999,-0.227590E-01,1.01010,-0.470725,1.01966,-9999,-9999,69.1404,1.04690,-9999,-9999,800000099,800010199,800000099,800000199,800000099,800000099,800110199,800110199,80100,80100,80,81,0,2,0,10,0,0,0.252738,0.317112,0.176332E-01,0.556365E-02,5.32096,-9999,-0.372634E-03,0.691404E-01,-9999,15.9949,0.375556,251.385,71.1559,4.00694,98893.8,1.20236
CH-CHA_201201110800.csv,2012-01-11,09:30,11.395,1,36000,36000,-0.105018E-01,1,0.218262E-02,0.643453,1,0.255984,12.4732,1,4.50536,-3.36189,2,2.15111,0.277150,1,0.100107,0.186120,-9999,-4.85674,-9999,0.760346E-10,0.796472E-12,18.0352,415.786,417.605,0.350000,1,188.921,4.35541,4.37446,0.300000,0,284.516,274.254,98904.0,1.25430,1007.52,0.230542E-01,0.179593E-01,0.340435E-02,430.883,660.069,0.271414E-02,65.2784,229.187,268.435,1.27729,-0.118528,0.228161E-01,1.28298,-0.136251E-12,0.421590E-14,1.28298,2.99294,192.295,354.698,1.01899,-9999,0.915018E-01,0.238784,-102.919,-0.195299E-01,0.515867E-01,0.556458E-02,0,-9999,-9999,-9999,-9999,-9999,-9999,-9999,-0.103810E-01,1.01164,1.32901,1.01990,11.8948,1.04273,-3.35538,1.04627,0.264298,1.04273,800000099,800010099,800000099,800000099,800000099,800000099,800110199,801110199,80000,80000,80,81,3,7,0,20,15,1,0.199098,0.259683,0.187868E-01,0.424615E-02,0.120513,271.060,0.105166E-02,-0.335538E-02,0.264298,15.9981,0.303333,249.000,56.2500,4.16741,98901.4,1.20637
CH-CHA_201201110800.csv,2012-01-11,10:00,11.416,1,36000,36000,-0.209019E-01,0,0.291982E-02,4.18077,0,0.527790,6.18480,0,0.595691,-1.84981,0,0.204707,0.137457,0,0.132392E-01,0.431133,1.11633,-0.409831,0.248103E-01,0.196898E-09,0.230312E-11,17.7154,408.752,410.716,0.200000,0,207.218,4.78120,4.80417,0.200000,0,284.536,274.509,98914.0,1.25306,1007.76,0.230733E-01,0.890723E-02,0.373407E-02,473.055,672.286,0.297996E-02,70.3651,199.231,269.678,1.28554,0.650239,0.644842E-01,1.44207,0.989994E-13,0.111145E-13,1.44207,2.71814,158.731,26.8308,2.56291,-9999,0.129154,0.183542,-44.5505,-0.451173E-01,0.675975,0.256343E-01,0,-9999,-9999,-9999,-9999,-9999,-9999,-9999,-0.206696E-01,1.01124,4.44365,1.01995,5.76938,1.04739,-2.01646,1.05118,0.128224,1.04739,800000099,800000099,800000099,800000099,800000099,800000099,800010199,800110199,80000,80000,80,81,2,0,0,3,11,1,0.143330,0.200257,0.234957E-01,0.853977E-02,0.983613E-03,7.19763,0.351895E-02,-0.201646E-02,0.128224,15.9981,0.360000,249.000,56.2500,4.51810,98913.6,1.21139
CH-CHA_201201110800.csv,2012-01-11,10:30,11.437,1,36000,36000,-0.161903E-01,0,0.247560E-02,6.12767,0,0.582504,5.80084,0,0.741179,-1.89351,0,0.267052,0.128942,0,0.164750E-01,0.251879,-0.411221E-01,-0.176881E-01,-0.914067E-03,-0.788103E-10,-0.919510E-12,17.6996,408.449,410.405,0.100000,0,206.508,4.76551,4.78833,0.350000,1,284.514,274.658,98953.0,1.25288,1007.75,0.230767E-01,0.835543E-02,0.372127E-02,471.688,679.516,0.297016E-02,69.4153,207.828,269.639,0.686853,0.891138,0.558351E-01,1.12650,-0.134826E-12,-0.445266E-14,1.12650,2.32805,133.716,52.3764,2.84103,-9999,0.113676,0.129722,-20.7312,-0.969555E-01,1.05634,0.426936E-01,0,-9999,-9999,-9999,-9999,-9999,-9999,-9999,-0.159951E-01,1.01220,6.33355,1.01998,5.40101,1.03851,-2.16887,1.04153,0.120054,1.03851,800000099,800000099,800000099,800000099,800000099,800000099,800010199,811110199,81100,81100,80,81,0,1,1,12,17,11,0.112717,0.125943,0.207833E-01,0.711546E-02,0.174439E-02,7.27996,0.501632E-02,-0.216887E-02,0.120054,15.9977,0.304444,249.000,56.2500,4.78248,98952.9,1.21411
CH-CHA_201201110800.csv,2012-01-11,11:00,11.458,1,36000,36000,-0.690053E-02,0,0.105455E-02,8.37454,0,0.888348,3.05343,1,0.589581,-2.55338,0,0.352215,0.678890E-01,1,0.131085E-01,0.439225,0.246695,-0.330037E-01,0.548493E-02,-0.638814E-10,-0.761117E-12,17.6628,407.882,409.874,0.350000,1,210.444,4.85972,4.88346,0.350000,1,284.533,274.918,98978.0,1.25197,1007.80,0.230927E-01,0.439921E-02,0.379220E-02,481.135,692.298,0.302899E-02,69.4982,211.164,269.904,0.229198E-01,0.665784,0.207053E-01,0.666500,0.739292E-13,-0.361672E-14,0.666500,1.57204,98.8496,88.0284,1.78022,-9999,0.742411E-01,0.952073E-01,-4.22638,-0.475584,2.74266,0.894019E-01,0,-9999,-9999,-9999,-9999,-9999,-9999,-9999,-0.679276E-02,1.01587,8.36947,1.02176,2.73632,1.02696,-2.92347,1.02874,0.608382E-01,1.02696,800000099,800000099,800000099,800000099,800000099,800001099,801110199,811110199,80000,80000,80,81,0,1,0,9,8,9,0.433951E-01,0.132785,0.142342E-01,0.126371E-01,0.297402E-02,11.4826,0.663329E-02,-0.292347E-02,0.608382E-01,16.0000,0.330000,249.000,56.2500,5.28847,98978.1,1.22032
CH-CHA_201201110800.csv,2012-01-11,11:30,11.479,1,36000,36000,-0.333273E-02,1,0.160811E-02,14.3581,0,1.53776,5.28106,0,0.713555,-3.77328,0,0.504155,0.117463,0,0.158710E-01,0.686638,0.432063,-0.478746E-01,0.961004E-02,-0.571221E-10,-0.705151E-12,17.6031,407.058,409.114,0.350000,1,217.304,5.02501,5.05039,0.350000,1,284.543,275.325,98989.0,1.25018,1007.89,0.231243E-01,0.761158E-02,0.391583E-02,497.555,712.735,0.313221E-02,69.8092,215.180,270.355,0.113586,0.424748,0.126472E-02,0.439675,-0.199379E-13,-0.324500E-14,0.439675,1.48334,116.556,75.0283,0.164811,-9999,0.516314E-01,0.122554,-0.829257,-2.42386,2.71878,0.220696,0,-9999,-9999,-9999,-9999,-9999,-9999,-9999,-0.326536E-02,1.02063,14.3124,1.02473,4.74086,1.02306,-4.44198,1.02424,0.105447,1.02306,800000099,800000099,800000099,800000099,800000099,800001099,811110199,811110199,81100,81100,81,81,0,2,0,12,23,25,0.102793,0.124186,0.181304E-01,0.248977E-01,0.389450E-02,8.51910,0.113586E-01,-0.444198E-02,0.105447,16.0000,0.314444,249.000,56.2500,6.16409,98991.2,1.23082
CH-CHA_201201110800.csv,2012-01-11,12:00,11.499,1,36000,36000,-0.129300E-01,0,0.228341E-02,14.2902,0,2.05250,8.06905,0,0.764537,-3.51540,0,0.404641,0.179533,0,0.170106E-01,0.579584,0.135656,-0.732612E-01,0.301827E-02,-0.264456E-10,-0.330866E-12,17.5250,405.797,407.867,0.350000,1,219.259,5.07700,5.10291,0.350000,1,285.232,275.669,98980.0,1.24848,1007.93,0.231553E-01,0.116337E-01,0.395104E-02,502.656,730.422,0.316467E-02,68.8172,227.766,270.492,0.414022,0.820939,0.111410E-01,0.919499,0.726223E-13,-0.150902E-14,0.919499,2.11301,123.802,63.2369,0.694232,-9999,0.101767,0.146848,-6.37981,-0.315057,1.77099,0.111588,0,-9999,-9999,-9999,-9999,-9999,-9999,-9999,-0.127597E-01,1.01335,14.4615,1.02041,7.37865,1.03300,-4.16252,1.03548,0.164171,1.03300,800000099,800000099,800000099,800000099,800000099,800001099,800010199,801110199,80000,80000,80,81,0,0,3,18,37,13,0.103493,0.169947,0.202550E-01,0.896637E-01,0.568136E-02,14.9504,0.114921E-01,-0.416252E-02,0.164171,16.0000,0.304444,249.000,56.2500,6.54445,98980.5,1.23399
CH-CHA_201201110800.csv,2012-01-11,12:30,11.520,1,36000,36000,0.160898E-01,1,0.554372E-02,23.9401,1,3.41968,13.4351,0,1.33909,-4.31190,0,0.615313,0.298975,0,0.297992E-01,0.301319,0.575729E-01,-0.157151E-01,0.128119E-02,0.440288E-10,0.553617E-12,17.4977,405.526,407.604,0.100000,0,220.016,5.09908,5.12522,0.100000,0,285.914,275.848,98956.0,1.24736,1007.94,0.231760E-01,0.193736E-01,0.396469E-02,504.720,739.779,0.317847E-02,68.2259,235.058,270.547,0.726617,0.606154,0.697472E-02,0.946279,0.630931E-13,0.251626E-14,0.946279,2.42161,141.087,39.8353,0.422313,-9999,0.113574,0.192973,-5.29253,-0.379780,1.78191,0.167655,0,-9999,-9999,-9999,-9999,-9999,-9999,-9999,0.158807E-01,1.01317,24.2256,1.02033,12.2709,1.03367,-5.44372,1.03624,0.273069,1.03367,800000099,800000099,800000099,800000099,800000099,800000099,800110199,811110199,80100,80100,80,81,0,15,1,22,37,20,0.188118,0.173938,0.238897E-01,0.914621E-01,0.574503E-02,16.0855,0.192684E-01,-0.544372E-02,0.273069,15.9977,0.333333,249.000,56.2500,6.61680,98956.1,1.23656
CH-CHA_201201110800.csv,2012-01-11,13:00,11.541,1,36000,36000,-0.290720E-01,0,0.497968E-02,11.5603,0,1.94581,15.4991,0,1.42549,-3.95948,0,0.496947,0.344930,0,0.317242E-01,0.127837,-0.636891E-01,-0.127098E-01,-0.141739E-02,0.152816E-10,0.191333E-12,17.4749,405.307,407.374,0.200000,0,218.795,5.07463,5.10052,0.150000,0,286.735,275.924,98908.0,1.24642,1007.93,0.231936E-01,0.223515E-01,0.394268E-02,502.056,743.783,0.316319E-02,67.5004,241.727,270.476,1.42697,0.901542,0.717038E-01,1.68942,0.500779E-13,0.874486E-15,1.68942,3.88588,153.900,32.2843,2.43252,-9999,0.152723,0.249664,-26.6404,-0.754494E-01,0.745871,0.602516E-01,0,-9999,-9999,-9999,-9999,-9999,-9999,-9999,-0.287595E-01,1.01087,12.1968,1.02024,14.3144,1.05436,-4.42143,1.05895,0.318566,1.05436,800000099,800000099,800000099,800000099,800000099,800000099,800010199,800010199,81100,81100,80,80,0,3,7,1,23,9,0.254540,0.212221,0.325662E-01,0.526400E-01,0.383167E-02,17.0606,0.970846E-02,-0.442143E-02,0.318566,16.0000,0.242222,249.000,56.2500,6.40359,98903.8,1.23559
CH-CHA_201201110800.csv,2012-01-11,13:30,11.562,1,36000,36000,-0.165049E-01,0,0.242376E-02,10.7110,0,1.04042,12.2257,0,1.08112,-3.50106,0,0.408518,0.272132,0,0.240647E-01,0.331099,-0.661487E-01,-0.744830E-01,-0.147241E-02,0.149277E-10,0.186558E-12,17.4055,404.021,406.071,0.150000,0,217.523,5.04921,5.07483,0.150000,0,287.308,276.121,98899.0,1.24543,1007.92,0.232123E-01,0.176342E-01,0.391977E-02,499.496,754.253,0.314732E-02,66.2239,254.757,270.407,1.13455,0.770144,0.749533E-01,1.37329,-0.382084E-13,0.857645E-15,1.37329,2.84958,152.704,34.1691,3.12872,-9999,0.115119,0.144517,-12.3136,-0.163235,0.876106,0.741198E-01,0,-9999,-9999,-9999,-9999,-9999,-9999,-9999,-0.163190E-01,1.01139,11.1921,1.01991,11.3481,1.04528,-3.95490,1.04905,0.252597,1.04528,800000099,800000099,800000099,800000099,800000099,800000099,800110199,800110199,80100,80100,80,80,2,1,1,3,21,2,0.127815,0.135387,0.258332E-01,0.173444E-01,0.380476E-02,16.6392,0.891588E-02,-0.395490E-02,0.252597,16.0000,0.323333,249.000,56.2500,6.32215,98898.6,1.23656
CH-CHA_201201110800.csv,2012-01-11,14:00,11.583,1,36000,36000,-0.173088E-01,1,0.963195E-03,9.28725,0,1.15221,9.99503,0,0.974081,-3.11145,0,0.363379,0.222511,0,0.216852E-01,0.250192,-0.149054,0.139817E-01,-0.331827E-02,-0.117704E-09,-0.145342E-11,17.3998,404.262,406.290,0.100000,0,214.854,4.99187,5.01691,0.350000,1,287.193,276.270,98861.0,1.24431,1007.89,0.232337E-01,0.144187E-01,0.387168E-02,493.633,762.258,0.311151E-02,64.7594,268.625,270.249,0.520343,1.04286,0.198496E-01,1.16563,-0.993530E-13,-0.676470E-14,1.16563,2.99294,118.721,63.4827,0.975738,-9999,0.117942,0.295172,-15.2673,-0.131654,0.929187,0.627880E-01,0,-9999,-9999,-9999,-9999,-9999,-9999,-9999,-0.171028E-01,1.01204,9.67283,1.01995,9.31850,1.03948,-3.51761,1.04270,0.207450,1.03948,800000099,800000099,800000099,800000099,800000099,800001099,811110199,811110199,81100,81100,80,81,5,7,1,3,31,16,0.344186,0.224560,0.215972E-01,0.183359E-01,0.265419E-02,12.1124,0.771278E-02,-0.351761E-02,0.207450,15.9965,0.315000,249.000,56.2500,6.32063,98860.5,1.23751
CH-CHA_201201111400.csv,2012-01-11,14:30,11.604,1,36000,36000,-0.113910E-01,0,0.408888E-02,11.7215,0,2.08099,8.85611,0,1.02899,-2.66770,0,0.414269,0.197190,0,0.229114E-01,0.296740,0.227810,0.144326E-01,0.507242E-02,0.155462E-10,0.195222E-12,17.3829,404.512,406.577,0.150000,0,218.286,5.07966,5.10560,0.100000,0,287.348,276.447,98767.0,1.24229,1007.95,0.232707E-01,0.127779E-01,0.393351E-02,501.838,771.865,0.316634E-02,65.0163,270.027,270.470,-0.767488,0.281992,0.422333E-01,0.818743,-0.452539E-13,0.894339E-15,0.818743,2.05571,27.7638,159.826,2.95681,-9999,0.957567E-01,0.142794,-6.46970,-0.310679,1.32355,0.977585E-01,0,-9999,-9999,-9999,-9999,-9999,-9999,-9999,-0.112320E-01,1.01415,11.9897,1.02080,8.22889,1.03041,-3.23053,1.03268,0.183224,1.03041,800000099,800000099,800000099,800000099,800000099,800001199,810110199,811110199,80100,80100,80,81,10,0,1,8,37,37,0.172587,0.942951E-01,0.187058E-01,0.366903E-01,0.290490E-02,12.1429,0.957526E-02,-0.323053E-02,0.183224,15.9977,0.366667,249.000,56.2500,6.77681,98841.3,1.24182
CH-CHA_201201111400.csv,2012-01-11,15:00,11.624,1,36000,36000,-0.642129E-02,1,0.130044E-02,4.37238,0,1.07483,6.49629,0,0.719773,-1.17033,0,0.189132,0.144634,0,0.160251E-01,-0.146057,-0.481156E-01,-0.266426E-01,-0.107125E-02,0.107727E-09,0.134939E-11,17.3872,404.051,406.107,0.300000,0,217.792,5.06115,5.08689,0.150000,0,287.571,276.360,98873.0,1.24402,1007.93,0.232385E-01,0.937227E-02,0.392461E-02,500.545,767.129,0.315477E-02,65.2491,266.584,270.436,-1.06297,-0.359819,0.351929E-01,1.12278,-0.429626E-13,0.619577E-14,1.12278,2.83399,349.038,198.701,1.79621,-9999,0.718451E-01,0.181757,-7.33099,-0.274178,0.673058,0.485357E-01,0,-9999,-9999,-9999,-9999,-9999,-9999,-9999,-0.634377E-02,1.01222,4.65631,1.01999,6.10600,1.03832,-1.39058,1.04142,0.135945,1.03832,800000099,800000099,800000099,800000099,800000099,800101099,800110199,811110199,80000,80000,80,80,0,0,1,2,55,14,0.162900,0.183300,0.173149E-01,0.215420E-01,0.112941E-02,11.2621,0.371349E-02,-0.139058E-02,0.135945,15.9973,0.280000,249.000,56.2500,6.57720,98873.4,1.23930
CH-CHA_201201111400.csv,2012-01-11,15:30,11.645,1,36000,36000,0.593044E-02,1,0.274345E-02,1.10649,1,0.311029,2.99467,1,0.495853,-0.826503,1,0.148834,0.666754E-01,1,0.110400E-01,0.503591E-01,-0.255881E-01,-0.182700E-01,-0.569713E-03,0.112342E-09,0.140555E-11,17.3717,403.736,405.785,0.200000,0,217.344,5.05130,5.07694,0.150000,0,287.800,276.390,98873.0,1.24389,1007.93,0.232410E-01,0.432057E-02,0.391655E-02,499.571,768.759,0.314862E-02,64.9841,269.188,270.409,-0.165267,-0.113128,-0.938194E-02,0.200497,0.667528E-13,0.646696E-14,0.200497,1.23458,305.914,214.392,-2.68204,-9999,0.690481E-01,0.112872,-25.7156,-0.781627E-01,0.369486,0.127816E-01,0,-9999,-9999,-9999,-9999,-9999,-9999,-9999,0.572348E-02,1.03616,1.24170,1.03501,2.87496,1.02553,-0.885780,1.02610,0.640102E-01,1.02553,800000099,800000099,800000099,800000099,800000099,800001199,811110199,811110199,80100,80100,80,81,0,0,0,17,45,46,0.131943,0.874379E-01,0.636403E-02,0.645763E-02,0.108628E-02,6.69262,0.990388E-03,-0.885780E-03,0.640102E-01,16.0000,0.300000,249.000,56.2500,6.58610,98873.5,1.24290
CH-CHA_201201111400.csv,2012-01-11,16:00,11.666,1,36000,36000,-0.227423E-02,2,0.129232E-02,0.819447,1,0.586717,3.91723,1,0.476043,-0.281980,1,0.855738E-01,0.872164E-01,1,0.105990E-01,0.671453E-02,0.367712E-01,0.329808E-01,0.818704E-03,-0.179875E-09,-0.225360E-11,17.3962,404.306,406.364,0.100000,0,217.952,5.06545,5.09124,0.350000,1,287.973,276.394,98874.0,1.24388,1007.93,0.232411E-01,0.565162E-02,0.392750E-02,500.976,768.977,0.315746E-02,65.1484,268.001,270.447,0.624788,0.374729,0.470006E-01,0.730062,0.217040E-12,-0.103399E-13,0.730062,2.25619,154.414,30.9541,3.69119,-9999,0.427590E-01,0.186707,-8.24621,-0.243748,0.209190,0.152856E-01,0,-9999,-9999,-9999,-9999,-9999,-9999,-9999,-0.224049E-02,1.01506,1.02778,1.02129,3.76758,1.02831,-0.347836,1.03033,0.838844E-01,1.02831,800000099,800010099,800000099,800000099,800000099,800001199,811110199,811110199,81100,81100,80,81,0,3,1,11,49,20,0.297327,0.684544E-01,0.763184E-02,0.123779E-01,0.427836E-03,7.42764,0.819767E-03,-0.347836E-03,0.838844E-01,16.0000,0.276667,249.000,56.2500,6.52502,98874.2,1.24283
CH-CHA_201201111400.csv,2012-01-11,16:30,11.687,1,36000,36000,-0.468444E-02,1,0.177053E-02,1.36026,1,0.556967,2.98228,0,0.532497,0.485457,1,0.129012,0.663940E-01,0,0.118549E-01,-0.157870,-0.634142E-02,0.172336E-01,-0.141178E-03,-0.174924E-09,-0.218892E-11,17.4177,404.604,406.662,0.100000,0,217.957,5.06301,5.08878,0.350000,1,288.142,276.300,98890.0,1.24451,1007.93,0.232294E-01,0.430233E-02,0.392758E-02,500.816,763.879,0.315594E-02,65.5622,263.063,270.443,0.554501,0.352660,0.458256E-01,0.658741,-0.325339E-14,-0.100429E-13,0.658741,2.02554,150.945,32.4562,3.98902,-9999,0.613523E-01,0.804354E-01,-14.6762,-0.136957,0.456114,0.176751E-01,0,-9999,-9999,-9999,-9999,-9999,-9999,-9999,-0.461078E-02,1.01598,1.50313,1.02182,2.85250,1.02673,0.379394,1.02856,0.635048E-01,1.02673,800000099,800010099,800000099,800000099,800000099,800001099,811110199,811110199,80000,80000,80,81,12,8,0,18,71,45,0.101026,0.534447E-01,0.640011E-02,0.771866E-02,0.907600E-03,8.99016,0.119831E-02,0.379394E-03,0.635048E-01,16.0000,0.255556,249.000,56.2500,6.11353,98890.2,1.23781
CH-CHA_201201111400.csv,2012-01-11,17:00,11.708,0,36000,36000,-0.501529E-02,1,0.735490E-03,-0.441165,2,0.951821E-01,3.15983,1,0.369273,1.21070,1,0.215778,0.703386E-01,1,0.822012E-02,-0.204987,0.641046E-01,0.136393,0.142698E-02,0.752700E-10,0.940994E-12,17.5269,406.959,409.040,0.100000,0,219.114,5.08766,5.11367,0.150000,0,288.228,276.178,98890.0,1.24504,1007.94,0.232192E-01,0.455794E-02,0.394844E-02,503.253,757.306,0.317133E-02,66.4531,254.053,270.508,0.820456,0.361072,0.690283E-01,0.899047,0.383153E-13,0.429454E-14,0.899047,1.51119,162.557,23.7537,4.40347,-9999,0.634681E-01,0.397505E-01,50.0965,0.401225E-01,-0.139616,-0.553893E-02,0,-9999,-9999,-9999,-9999,-9999,-9999,-9999,-0.495978E-02,1.01119,-0.252207,1.02120,3.03210,1.04096,1.15305,1.04452,0.674954E-01,1.04096,800000099,800010099,800000099,800000099,800000099,800000099,811110199,811110199,81100,81100,80,81,0,12,1,23,7,0,0.372567E-01,0.377261E-01,0.451853E-02,0.423977E-02,0.597883E-02,8.69878,-0.200972E-03,0.115305E-02,0.674954E-01,16.0000,0.294444,249.000,56.2500,5.88421,98892.3,1.23567
CH-CHA_201201111400.csv,2012-01-11,17:30,11.729,0,36000,36000,-0.253090E-01,1,0.185185E-02,0.361347,2,0.486635,4.07395,1,0.858102,3.35110,1,0.609086,0.906744E-01,1,0.190989E-01,-0.248825,0.133490E-01,0.135035,0.297111E-03,0.164215E-09,0.204333E-11,17.6381,409.290,411.385,0.350000,1,219.471,5.09279,5.11885,0.350000,1,288.245,276.030,98898.0,1.24581,1007.95,0.232049E-01,0.587570E-02,0.395486E-02,503.801,749.400,0.317453E-02,67.2273,245.599,270.523,-0.143644,0.281126,0.354832E-01,0.317686,-0.275300E-12,0.931024E-14,0.317686,1.20482,69.7974,117.065,6.41289,-9999,0.142532,0.149127,-692.755,-0.290146E-02,0.886969E-01,0.201894E-02,0,-9999,-9999,-9999,-9999,-9999,-9999,-9999,-0.246714E-01,1.02584,0.587367,1.02813,3.95361,1.02259,3.22002,1.02347,0.879961E-01,1.02259,800000099,800010099,800000099,800000099,800000099,800000099,811110199,811110199,80100,80100,80,81,3,4,2,0,20,2,0.469017E-01,0.243868,0.748372E-02,0.330531E-02,0.100782E-01,9.77038,0.467758E-03,0.322002E-02,0.879961E-01,15.9973,0.291111,249.000,56.2500,5.70990,98898.0,1.23318
CH-CHA_201201111400.csv,2012-01-11,18:00,11.749,0,36000,36000,0.139033E-01,1,0.342591E-02,-2.24023,1,0.698658,3.00625,1,0.782238,1.89306,1,0.547132,0.669069E-01,1,0.174094E-01,-0.958532E-01,-0.125297,0.119074,-0.278860E-02,0.493141E-10,0.604780E-12,17.7309,411.345,413.430,0.350000,1,217.449,5.04467,5.07024,0.350000,1,288.216,275.973,98901.0,1.24613,1007.91,0.231994E-01,0.433557E-02,0.391842E-02,499.056,746.375,0.314448E-02,66.8640,247.319,270.395,0.303982,0.651869,0.291007E-01,0.719851,-0.291314E-12,0.278125E-14,0.719851,2.04123,114.977,64.9993,2.31687,-9999,0.105628,0.144519,45.4796,0.441957E-01,-0.745191,-0.168860E-01,0,-9999,-9999,-9999,-9999,-9999,-9999,-9999,0.137340E-01,1.01232,-2.01875,1.02278,2.94238,1.03801,1.90162,1.04128,0.654854E-01,1.03801,800000099,800010099,800000099,800000099,800000099,801101099,801110199,811110199,81100,81100,80,81,6,4,1,2,35,6,0.134375,0.143102,0.115616E-01,0.808616E-02,0.892585E-02,9.43024,-0.160729E-02,0.190162E-02,0.654854E-01,15.9969,0.202222,249.000,56.2500,5.62647,98900.4,1.23233
CH-CHA_201201111400.csv,2012-01-11,18:30,11.770,0,36000,36000,-0.170917E-01,1,0.207309E-02,-3.80901,1,0.375001,4.31175,1,0.445291,2.17985,1,0.360276,0.959524E-01,1,0.990939E-02,-0.173268,-0.160909,0.195324,-0.358083E-02,-0.887934E-11,-0.106688E-12,17.8824,414.714,416.791,0.150000,0,214.862,4.98290,5.00785,0.100000,0,288.166,275.870,98899.0,1.24660,1007.88,0.231912E-01,0.621772E-02,0.387181E-02,492.936,740.936,0.310591E-02,66.5288,248.000,270.230,0.837837,0.911871,0.741638E-01,1.24056,0.179882E-13,-0.496541E-15,1.24056,2.75234,139.792,47.4228,3.42734,-9999,0.117093,0.919431E-01,36.4367,0.551641E-01,-0.883403,-0.258909E-01,0,-9999,-9999,-9999,-9999,-9999,-9999,-9999,-0.168941E-01,1.01169,-3.48152,1.02384,4.11338,1.06880,2.17377,1.07489,0.915382E-01,1.06880,800000099,800011099,800000099,800000099,800000099,800000099,800110099,811110099,81100,81100,80,80,3,6,2,4,14,2,0.108465,0.595389E-01,0.158815E-01,0.435568E-02,0.420900E-02,3.60905,-0.277098E-02,0.217377E-02,0.915382E-01,16.0000,0.341111,249.000,56.2500,5.29236,98899.8,1.22895
CH-CHA_201201111400.csv,2012-01-11,19:00,11.791,0,36000,36000,-0.173456E-01,0,0.163729E-02,-2.91864,0,0.458337,3.96425,0,0.454341,2.59565,0,0.341226,0.882063E-01,0,0.101093E-01,-0.260874,-0.898485E-01,-0.449233E-01,-0.199917E-02,0.632946E-10,0.756657E-12,17.8581,413.939,415.998,0.100000,0,213.485,4.94843,4.97304,0.350000,1,287.932,275.715,98894.0,1.24725,1007.87,0.231793E-01,0.571577E-02,0.384700E-02,489.501,732.817,0.308438E-02,66.7973,243.315,270.136,0.742840,0.952598,0.806103E-01,1.21068,0.709196E-14,0.354431E-14,1.21068,2.30549,136.089,52.0528,3.81772,-9999,0.117928,0.130734,48.5749,0.413794E-01,-0.736240,-0.196883E-01,0,-9999,-9999,-9999,-9999,-9999,-9999,-9999,-0.171532E-01,1.01121,-2.63305,1.02264,3.79354,1.06113,2.54052,1.06652,0.844081E-01,1.06113,800000099,800010099,800000099,800000099,800000099,800100099,800110199,810110199,81100,81100,80,81,4,0,6,20,23,12,0.941901E-01,0.149304,0.179745E-01,0.461182E-02,0.283040E-02,2.81981,-0.209462E-02,0.254052E-02,0.844081E-01,15.9977,3.01278,249.000,56.2500,5.07985,98897.2,1.22609
CH-CHA_201201111400.csv,2012-01-11,19:30,11.812,0,36000,36000,-0.115532E-01,0,0.157622E-02,-2.54433,0,0.556582,1.89058,0,0.448083,0.921790,1,0.313905,0.420627E-01,0,0.996922E-02,-0.149843,-0.144416,-0.119098,-0.321304E-02,-0.114581E-11,-0.136118E-13,17.7759,411.887,413.912,0.350000,1,211.170,4.89305,4.91711,0.350000,1,287.897,275.626,98897.0,1.24772,1007.83,0.231711E-01,0.272566E-02,0.380529E-02,484.038,728.190,0.304980E-02,66.4714,244.152,269.985,-0.715575E-01,0.915233,-0.348125E-02,0.918033,0.492284E-13,-0.644589E-16,0.918033,2.45902,92.9634,94.4706,-0.217270,-9999,0.962264E-01,0.151346,30.2732,0.663953E-01,-1.34579,-0.210269E-01,0,-9999,-9999,-9999,-9999,-9999,-9999,-9999,-0.114110E-01,1.01246,-2.37752,1.02450,1.84851,1.05545,0.976070,1.06033,0.411267E-01,1.05545,800000099,800010099,800000099,800000099,800000099,800001199,800010199,800010199,80100,80100,80,80,0,5,2,34,66,40,0.984993E-01,0.174179,0.300138E-01,0.280082E-02,0.252740E-02,2.72825,-0.189069E-02,0.976070E-03,0.411267E-01,16.0000,12.2950,249.000,56.2500,4.98698,98899.7,1.22478
CH-CHA_201201111400.csv,2012-01-11,20:00,11.833,0,36000,36000,-0.614372E-02,1,0.106634E-02,-2.39009,0,0.472911,1.96741,0,0.315908,1.51558,0,0.278806,0.437684E-01,0,0.702790E-02,-0.153262,-0.650769E-01,-0.213285E-01,-0.144774E-02,0.464917E-10,0.549979E-12,17.7660,411.519,413.532,0.350000,1,210.165,4.86811,4.89193,0.350000,1,287.805,275.535,98898.0,1.24815,1007.82,0.231632E-01,0.283620E-02,0.378718E-02,481.576,723.487,0.303423E-02,66.5632,241.911,269.917,0.233843,0.576118,0.372107E-01,0.622879,-0.284236E-13,0.261689E-14,0.622879,2.11350,116.179,67.9081,3.42488,-9999,0.701587E-01,0.130078,12.4905,0.160922,-1.21484,-0.270821E-01,0,-9999,-9999,-9999,-9999,-9999,-9999,-9999,-0.604532E-02,1.01628,-2.20670,1.03168,1.91237,1.05784,1.52418,1.06292,0.425439E-01,1.05784,800000099,800011199,800000099,800000099,800000099,800000099,801110099,811110099,80000,80000,80,81,1,4,2,2,14,7,0.116336,0.131904,0.119163E-01,0.436547E-02,0.359023E-02,2.69827,-0.175426E-02,0.152418E-02,0.425439E-01,15.9961,0.912222,249.000,56.2500,4.97420,98899.1,1.22376
CH-CHA_201201112000.csv,2012-01-11,20:30,11.854,0,36000,36000,0.289095E-02,1,0.164090E-02,-1.46028,0,0.416143,1.31501,0,0.223039,1.05238,0,0.245204,0.292542E-01,0,0.496179E-02,-0.252436E-01,-0.332573E-01,-0.219438E-02,-0.739852E-03,-0.114164E-10,-0.134710E-12,17.7508,411.481,413.489,0.350000,1,209.454,4.85536,4.87904,0.350000,1,287.809,275.520,98817.0,1.24721,1007.80,0.231810E-01,0.189567E-02,0.377437E-02,479.920,722.714,0.302626E-02,66.4053,242.794,269.871,-0.478270,0.329047,0.207333E-02,0.580533,-0.475645E-13,-0.643149E-15,0.580533,1.51977,45.0493,145.472,0.204628,-9999,0.481450E-01,0.912219E-01,6.60253,0.304429,-1.11047,-0.241307E-01,0,-9999,-9999,-9999,-9999,-9999,-9999,-9999,0.283189E-02,1.02085,-1.32996,1.04155,1.24997,1.07869,1.02720,1.08566,0.278072E-01,1.07869,800000099,800010099,800000099,800000099,800001099,800101199,811110199,811110199,81100,81100,80,81,4,2,3,10,48,39,0.104337,0.696152E-01,0.849148E-02,0.430277E-02,0.309486E-02,1.55733,-0.105809E-02,0.102720E-02,0.278072E-01,15.9981,0.468889,249.000,56.2500,5.10004,98899.5,1.22441
CH-CHA_201201112000.csv,2012-01-11,21:00,11.874,0,36000,36000,-0.367731E-02,1,0.143368E-02,-1.33380,1,0.441053,1.81176,1,0.318444,1.09957,1,0.244020,0.403022E-01,1,0.708371E-02,-0.124673,-0.685840E-01,-0.235107E-01,-0.152564E-02,-0.774867E-11,-0.910269E-13,17.7530,411.076,413.071,0.350000,1,208.552,4.82908,4.85251,0.350000,1,287.790,275.446,98900.0,1.24860,1007.79,0.231553E-01,0.261158E-02,0.375811E-02,477.724,718.912,0.300985E-02,66.4509,241.188,269.809,-0.632091,0.475752,-0.838750E-03,0.791126,-0.620940E-13,-0.436471E-15,0.791126,2.29645,45.9686,143.033,-0.607449E-01,-9999,0.542692E-01,0.148942,10.3591,0.194032,-0.736190,-0.195318E-01,0,-9999,-9999,-9999,-9999,-9999,-9999,-9999,-0.361706E-02,1.01666,-1.19145,1.03345,1.70350,1.07959,1.05951,1.08665,0.378939E-01,1.07959,800000099,800010099,800000099,800000099,800000099,800101099,811110099,811110099,80000,80000,80,81,13,20,3,8,50,33,0.139773,0.141232,0.168805E-01,0.313292E-02,0.198059E-02,1.87181,-0.946847E-03,0.105951E-02,0.378939E-01,15.9918,0.550000,249.000,56.2500,5.03955,98900.1,1.22263
CH-CHA_201201112000.csv,2012-01-11,21:30,11.895,0,36000,36000,-0.962640E-03,1,0.313090E-03,-0.865962,1,0.383459,0.665265,1,0.192785,0.868188,1,0.294195,0.147983E-01,1,0.428835E-02,-0.438063E-01,0.501007E-01,0.725813E-01,0.111445E-02,0.160196E-10,0.188363E-12,17.8080,412.326,414.335,0.350000,1,209.392,4.84827,4.87189,0.350000,1,287.725,275.420,98896.0,1.24866,1007.80,0.231540E-01,0.958932E-03,0.377325E-02,479.603,717.581,0.302184E-02,66.8361,237.978,269.862,-0.130770,0.248461,-0.483750E-03,0.280773,-0.130297E-12,0.899572E-15,0.280773,1.43056,67.0089,117.759,-0.987161E-01,-9999,0.277658E-01,0.875490E-01,2.13684,0.940639,-1.30168,-0.247839E-01,0,-9999,-9999,-9999,-9999,-9999,-9999,-9999,-0.924607E-03,1.04113,-0.764155,1.08158,0.635491,1.07879,0.834986,1.08574,0.141360E-01,1.07879,800000099,800010099,800000099,800000099,800000099,800001099,811110199,811110199,80000,80000,80,81,1,2,3,5,25,18,0.440186E-01,0.124954,0.612488E-02,0.513321E-02,0.741650E-02,2.23610,-0.607243E-03,0.834986E-03,0.141360E-01,15.9957,0.343333,249.000,56.2500,5.13001,98898.9,1.22427
CH-CHA_201201112000.csv,2012-01-11,22:00,11.916,0,36000,36000,-0.134672E-01,0,0.176695E-02,-2.81154,1,0.787566,3.46110,0,0.313613,1.69551,0,0.258573,0.769758E-01,0,0.697481E-02,-0.320299,-0.117178,0.641879E-02,-0.260606E-02,0.216767E-10,0.252456E-12,17.8227,412.437,414.428,0.100000,0,207.571,4.80342,4.82660,0.100000,0,287.501,275.230,98883.0,1.24938,1007.77,0.231411E-01,0.498803E-02,0.374042E-02,475.104,707.917,0.299383E-02,67.1129,232.814,269.736,0.763954,1.08839,0.717869E-01,1.33168,-0.228959E-13,0.121624E-14,1.33168,2.67219,131.428,54.9344,3.09015,-9999,0.103822,0.120734,34.4048,0.584221E-01,-0.812326,-0.215079E-01,0,-9999,-9999,-9999,-9999,-9999,-9999,-9999,-0.133104E-01,1.01178,-2.55500,1.02424,3.27428,1.07510,1.67170,1.08175,0.728207E-01,1.07510,800000099,800011199,800000099,800000099,800000099,800001099,800110099,801110099,80100,80100,80,80,5,28,0,4,34,18,0.122140,0.995295E-01,0.197979E-01,0.112988E-01,0.233061E-02,2.34831,-0.202924E-02,0.167170E-02,0.728207E-01,15.9953,0.417778,249.000,56.2500,4.81004,98884.5,1.21911
CH-CHA_201201112000.csv,2012-01-11,22:30,11.937,0,36000,36000,-0.194326E-01,0,0.312835E-02,-2.56855,0,0.560590,3.99650,0,0.344164,1.73650,0,0.189581,0.888668E-01,0,0.765290E-02,-0.320382,-0.747563E-01,0.792423E-01,-0.166230E-02,-0.115074E-09,-0.132782E-11,17.8864,413.800,415.786,0.150000,0,206.389,4.77481,4.79772,0.100000,0,287.366,275.040,98841.0,1.24972,1007.76,0.231350E-01,0.575857E-02,0.371914E-02,472.074,698.369,0.297597E-02,67.5966,226.295,269.650,0.783641,1.27276,0.734836E-01,1.49646,-0.441548E-13,-0.643359E-14,1.49646,3.24791,126.835,58.3793,2.81463,-9999,0.124698,0.214058,65.2312,0.308135E-01,-0.642701,-0.163552E-01,0,-9999,-9999,-9999,-9999,-9999,-9999,-9999,-0.192258E-01,1.01076,-2.29213,1.02229,3.78327,1.06951,1.70352,1.07563,0.841255E-01,1.06951,800000099,800010099,800000099,800000099,800000099,800000099,800110199,800110199,80100,80100,80,80,0,0,0,1,7,7,0.209454,0.191174,0.274877E-01,0.419711E-02,0.123110E-02,2.09459,-0.182000E-02,0.170352E-02,0.841255E-01,15.9977,0.287778,249.000,56.2500,4.46944,98840.9,1.21475
CH-CHA_201201112000.csv,2012-01-11,23:00,11.958,0,36000,36000,-0.202826E-01,0,0.222882E-02,-2.42803,0,0.713186,4.91715,0,0.439355,2.24481,0,0.254143,0.109321,0,0.976805E-02,-0.278303,-0.110089,-0.461951E-01,-0.244758E-02,-0.583370E-10,-0.668495E-12,17.8571,413.006,414.970,0.100000,0,204.628,4.73271,4.75521,0.100000,0,287.266,274.875,98810.0,1.25010,1007.74,0.231283E-01,0.708403E-02,0.368740E-02,467.764,690.170,0.294968E-02,67.7752,222.406,269.527,0.675744,1.29963,0.740697E-01,1.46668,-0.752168E-13,-0.326688E-14,1.46668,3.30425,123.704,62.5278,2.89476,-9999,0.127377,0.176072,73.5325,0.273348E-01,-0.493788,-0.151312E-01,0,-9999,-9999,-9999,-9999,-9999,-9999,-9999,-0.200698E-01,1.01060,-2.10409,1.02188,4.65147,1.06599,2.16915,1.07178,0.103415,1.06599,800000099,800010099,800000099,800000099,800000099,800100099,800110199,800110199,80000,80000,80,80,9,6,3,0,16,12,0.159326,0.164741,0.280760E-01,0.545935E-02,0.136526E-02,2.44678,-0.167022E-02,0.216915E-02,0.103415,16.0000,0.372222,249.000,56.2500,4.26713,98809.8,1.21220
CH-CHA_201201112000.csv,2012-01-11,23:30,11.979,0,36000,36000,-0.739022E-02,1,0.232581E-02,-1.71572,0,0.717269,2.66242,0,0.272567,1.41728,0,0.174282,0.591880E-01,0,0.605942E-02,-0.141716,-0.660089E-01,-0.533665E-01,-0.146744E-02,0.992810E-10,0.113413E-11,17.8218,412.088,414.037,0.350000,1,203.587,4.70747,4.72973,0.350000,1,287.135,274.791,98804.0,1.25042,1007.72,0.231227E-01,0.383538E-02,0.366863E-02,465.241,686.028,0.293392E-02,67.8166,220.787,269.455,0.575618,0.956566,0.604128E-01,1.11804,-0.294279E-13,0.557076E-14,1.11804,2.73615,127.983,58.9624,3.09747,-9999,0.768778E-01,0.129601,22.8768,0.878618E-01,-0.644420,-0.177113E-01,0,-9999,-9999,-9999,-9999,-9999,-9999,-9999,-0.729676E-02,1.01281,-1.52611,1.02602,2.50983,1.07388,1.37101,1.08037,0.557958E-01,1.07388,800000099,800010099,800000099,800000099,800000099,800100099,800110199,811110199,81100,81100,80,81,9,4,0,1,6,5,0.136097,0.107766,0.153376E-01,0.103193E-01,0.148941E-02,2.01526,-0.121114E-02,0.137101E-02,0.557958E-01,15.9965,0.310000,249.000,56.2500,4.20463,98803.4,1.21123
CH-CHA_201201112000.csv,2012-01-12,00:00,12.000,0,36000,36000,-0.130555E-01,0,0.142823E-02,-3.60022,0,0.966993,4.13130,0,0.296889,1.93833,0,0.173917,0.918426E-01,0,0.660013E-02,-0.168694E-02,-0.262302E-01,0.145008E-01,-0.583121E-03,0.667785E-10,0.760757E-12,17.8310,412.337,414.283,0.150000,0,203.135,4.69744,4.71961,0.150000,0,287.155,274.790,98795.0,1.25032,1007.71,0.231247E-01,0.595140E-02,0.366050E-02,464.208,685.979,0.292766E-02,67.6708,221.771,269.425,1.15054,1.10705,0.860904E-01,1.59897,0.199509E-13,0.374508E-14,1.59897,2.77768,143.144,43.8966,3.08636,-9999,0.102184,0.105251,25.5997,0.785165E-01,-0.871449,-0.279632E-01,0,-9999,-9999,-9999,-9999,-9999,-9999,-9999,-0.128926E-01,1.01263,-3.28600,1.02659,3.82045,1.10115,1.87900,1.11010,0.849321E-01,1.10115,800000099,800000099,800000099,800000099,800000099,800000099,800010199,811110199,80000,80000,80,80,0,7,2,0,1,0,0.971151E-01,0.977494E-01,0.156378E-01,0.204487E-01,0.248991E-02,3.71815,-0.260803E-02,0.187900E-02,0.849321E-01,15.9981,0.317778,249.000,56.2500,4.21223,98797.0,1.21089
CH-CHA_201201112000.csv,2012-01-12,00:30,12.020,0,36000,36000,0.138155E-01,0,0.273652E-02,-0.813751,2,0.849017,2.39415,0,0.362821,1.52973,0,0.240943,0.532230E-01,0,0.806570E-02,-0.354280E-01,-0.640426E-01,-0.505381E-01,-0.142370E-02,-0.254134E-09,-0.288615E-11,17.7946,411.468,413.400,0.350000,1,202.090,4.67295,4.69489,0.350000,1,287.131,274.769,98794.0,1.25041,1007.69,0.231232E-01,0.344885E-02,0.364166E-02,461.783,684.947,0.291237E-02,67.4188,223.164,269.356,0.164229,0.691046,0.234849E-01,0.710680,-0.234267E-12,-0.142815E-13,0.710680,2.66424,95.5999,76.6315,1.89372,-9999,0.105113,0.262793,123.277,0.163048E-01,-0.339892,-0.614404E-02,0,-9999,-9999,-9999,-9999,-9999,-9999,-9999,0.136569E-01,1.01161,-0.660381,1.02058,2.33352,1.03034,1.50029,1.03290,0.518752E-01,1.03034,800000099,800010099,800000099,800000099,800000099,800100099,800110199,811110199,81100,81100,80,81,0,8,5,0,32,24,0.186185,0.322972,0.164288E-01,0.158370E-01,0.168659E-02,2.37749,-0.524098E-03,0.150029E-02,0.518752E-01,15.9977,0.378889,249.000,56.2500,4.21261,98795.8,1.21092
CH-CHA_201201112000.csv,2012-01-12,01:00,12.041,0,36000,36000,-0.766030E-02,0,0.133877E-02,-1.77667,1,0.642708,1.74559,0,0.296457,1.71413,0,0.290628,0.388009E-01,0,0.658964E-02,-0.199119,0.657006E-01,0.561035E-01,0.146039E-02,-0.153220E-09,-0.174534E-11,17.8406,412.433,414.380,0.350000,1,203.224,4.69806,4.72024,0.350000,1,286.982,274.651,98775.0,1.25069,1007.72,0.231177E-01,0.251430E-02,0.366209E-02,464.176,679.175,0.292805E-02,68.3440,214.999,269.425,-0.330223,0.519172,0.123081E-01,0.615417,-0.592076E-13,-0.858827E-14,0.615417,1.47414,63.7701,122.459,1.14596,-9999,0.782614E-01,0.738409E-01,23.3015,0.862607E-01,-1.01780,-0.180124E-01,0,-9999,-9999,-9999,-9999,-9999,-9999,-9999,-0.755428E-02,1.01404,-1.63258,1.02620,1.71235,1.04203,1.71163,1.04561,0.380620E-01,1.04203,800000099,800010099,800000099,800000099,800000099,800001199,810110199,811110199,81100,81100,80,81,1,0,5,3,41,45,0.389285E-01,0.941833E-01,0.145702E-01,0.529790E-02,0.160706E-02,1.05261,-0.129535E-02,0.171163E-02,0.380620E-01,16.0000,0.268889,249.000,56.2500,4.35895,98775.4,1.21028
CH-CHA_201201112000.csv,2012-01-12,01:30,12.062,0,36000,36000,-0.736978E-02,0,0.921853E-03,-0.968103,1,0.349761,1.59708,0,0.253015,1.33356,0,0.228953,0.354978E-01,0,0.562369E-02,-0.102923,0.204936E-01,0.270821E-01,0.455505E-03,-0.514104E-10,-0.585937E-12,17.8587,412.899,414.851,0.350000,1,203.540,4.70590,4.72815,0.350000,1,287.005,274.590,98742.0,1.25055,1007.72,0.231203E-01,0.230026E-02,0.366779E-02,464.794,676.208,0.293294E-02,68.7354,211.414,269.442,-0.560499,0.379470,0.292090E-01,0.677503,0.338681E-13,-0.287873E-14,0.677503,1.45588,42.0493,145.901,2.47095,-9999,0.767673E-01,0.459378E-01,40.3508,0.498132E-01,-0.606172,-0.100070E-01,0,-9999,-9999,-9999,-9999,-9999,-9999,-9999,-0.727777E-02,1.01264,-0.855423,1.02320,1.55743,1.03708,1.31595,1.04021,0.346165E-01,1.03708,800000099,800010099,800000099,800000099,800000099,800101099,811110199,811110199,81100,81100,80,80,18,0,3,2,55,22,0.383494E-01,0.452868E-01,0.823952E-02,0.282260E-02,0.223735E-02,1.49876,-0.678802E-03,0.131595E-02,0.346165E-01,15.9973,0.396111,249.000,56.2500,4.44109,98742.4,1.20928
CH-CHA_201201112000.csv,2012-01-12,02:00,12.083,0,36000,36000,-0.174690E-02,1,0.781752E-03,-0.790400,1,0.438955,0.971191,0,0.197533,1.03641,0,0.212644,0.215860E-01,0,0.439044E-02,-0.286753E-01,-0.314144E-01,-0.134289E-01,-0.698226E-03,0.204924E-10,0.233091E-12,17.8437,412.668,414.614,0.350000,1,202.963,4.69389,4.71602,0.350000,1,286.866,274.573,98708.0,1.25020,1007.71,0.231268E-01,0.139878E-02,0.365739E-02,463.448,675.383,0.292544E-02,68.6201,211.935,269.404,-0.215419,0.455469,0.146633E-01,0.504056,-0.644393E-14,0.114844E-14,0.504056,1.12040,73.2267,115.312,1.66701,-9999,0.373805E-01,0.315603E-01,5.70458,0.352348,-0.813847,-0.167837E-01,0,-9999,-9999,-9999,-9999,-9999,-9999,-9999,-0.170858E-02,1.02243,-0.703544,1.04444,0.919128,1.07438,0.988371,1.08084,0.204289E-01,1.07438,800000099,800010099,800000099,800000099,800000099,800000099,811110199,811110199,81100,81100,80,81,1,6,0,13,17,13,0.388961E-01,0.205231E-01,0.370125E-02,0.131173E-01,0.447693E-02,2.05742,-0.558441E-03,0.988371E-03,0.204289E-01,15.9949,0.368889,249.000,56.2500,4.40277,98705.2,1.20937
CH-CHA_201201120200.csv,2012-01-12,02:30,12.104,0,36000,36000,0.130538E-01,1,0.456758E-02,-0.747414,1,0.627589,2.36729,1,0.519495,2.03859,1,0.633269,0.526155E-01,1,0.115464E-01,-0.168598E-01,-0.675137E-01,-0.754202E-01,-0.150057E-02,0.190380E-10,0.216036E-12,17.7792,411.370,413.299,0.300000,0,201.752,4.66806,4.68995,0.350000,1,286.875,274.563,98658.0,1.24963,1007.69,0.231377E-01,0.340949E-02,0.363556E-02,460.665,674.898,0.290932E-02,68.2570,214.233,269.323,0.530977,-0.274784,-0.377639E-02,0.597877,-0.366734E-13,0.107080E-14,0.597877,2.61130,215.781,332.638,-0.361901,-9999,0.102206,0.234967,123.267,0.163061E-01,-0.315726,-0.580732E-02,0,-9999,-9999,-9999,-9999,-9999,-9999,-9999,0.128951E-01,1.01231,-0.596301,1.02086,2.31549,1.02607,1.99900,1.02820,0.514644E-01,1.02607,800000099,800010099,800000099,800000099,800000099,800100099,800110199,810110199,81100,81100,80,80,0,1,3,2,4,8,0.239586,0.218263,0.120861E-01,0.679322E-02,0.999196E-02,3.88330,-0.473541E-03,0.199900E-02,0.514644E-01,16.0000,0.324444,249.000,56.2500,4.36562,98700.3,1.21010
CH-CHA_201201120200.csv,2012-01-12,03:00,12.125,0,36000,36000,-0.195601E-01,1,0.114076E-02,0.145068,2,0.620895,3.04774,1,0.345412,2.80105,1,0.589810,0.677363E-01,1,0.767683E-02,-0.809750E-01,0.336146E-01,-0.215054E-02,0.747089E-03,-0.162782E-11,-0.185243E-13,17.7881,411.333,413.267,0.450000,0,202.426,4.68091,4.70292,0.450000,0,286.869,274.515,98699.0,1.25036,1007.69,0.231240E-01,0.438931E-02,0.364772E-02,462.125,672.576,0.291734E-02,68.7098,210.450,269.365,0.732588,-0.489943,0.858806E-02,0.881364,0.913465E-13,-0.915116E-16,0.881364,3.28455,220.387,326.226,0.558302,-9999,0.125074,0.290893,-1164.21,-0.172650E-02,0.475986E-01,0.920538E-03,0,-9999,-9999,-9999,-9999,-9999,-9999,-9999,-0.192971E-01,1.01363,0.315952,1.02054,2.93564,1.03202,2.67373,1.03440,0.652449E-01,1.03202,800000099,800010099,800000099,800000099,800000099,800100099,801110199,811110199,80000,80000,80,81,10,5,1,0,2,7,0.164040,0.401006,0.167400E-01,0.499928E-02,0.806433E-02,2.20039,0.250759E-03,0.267373E-02,0.652449E-01,15.9977,0.265556,249.000,56.2500,4.21108,98699.8,1.20818
CH-CHA_201201120200.csv,2012-01-12,03:30,12.145,0,36000,36000,0.673199E-02,2,0.316127E-02,-0.326391,2,0.200987,2.96816,0,0.302186,1.37791,0,0.339009,0.659617E-01,0,0.671549E-02,-0.163684,-0.999720E-01,-0.966063E-01,-0.222169E-02,0.106446E-09,0.120633E-11,17.7215,409.672,411.582,0.450000,0,200.833,4.64271,4.66436,0.400000,0,286.835,274.418,98693.0,1.25074,1007.68,0.231173E-01,0.427432E-02,0.361901E-02,458.326,667.903,0.289349E-02,68.6216,209.578,269.255,0.919460,-0.422819,0.107158E-01,1.01208,0.431859E-13,0.600662E-14,1.01208,3.46168,218.105,335.304,0.606658,-9999,0.733647E-01,0.401814,104.425,0.192482E-01,-0.109964,-0.352991E-02,0,-9999,-9999,-9999,-9999,-9999,-9999,-9999,0.666219E-02,1.01048,-0.152097,1.01999,2.84800,1.04035,1.31022,1.04380,0.632914E-01,1.04035,800000099,800010099,800000099,800000099,800001099,800101099,801110099,811110199,81100,81100,80,81,0,15,13,1,12,9,0.323522,0.461943,0.181619E-01,0.802001E-02,0.551278E-02,2.28714,-0.120679E-03,0.131022E-02,0.632914E-01,16.0000,0.328889,249.000,56.2500,3.99731,98695.2,1.20555
CH-CHA_201201120200.csv,2012-01-12,04:00,12.166,0,36000,36000,-0.449038E-02,1,0.899217E-03,-0.750756,1,0.223688,2.87704,0,0.278663,1.40711,0,0.188668,0.639316E-01,0,0.619226E-02,-0.140047,-0.108123E-02,0.413202E-02,-0.240264E-04,-0.261513E-10,-0.296289E-12,17.7231,409.743,411.654,0.500000,0,200.799,4.64230,4.66395,0.500000,0,286.798,274.335,98655.0,1.25064,1007.68,0.231192E-01,0.414277E-02,0.361839E-02,458.109,663.928,0.289323E-02,68.9997,205.820,269.249,0.324925,-1.13866,-0.252692E-01,1.18438,0.210399E-14,-0.147555E-14,1.18438,2.21335,260.540,285.927,-1.22252,-9999,0.599204E-01,0.102934,24.7280,0.812844E-01,-0.260947,-0.994194E-02,0,-9999,-9999,-9999,-9999,-9999,-9999,-9999,-0.443639E-02,1.01217,-0.574598,1.02477,2.69173,1.07117,1.31750,1.07734,0.598138E-01,1.07117,800000099,800010099,800000099,800000099,800000099,800001099,800110199,801110199,81100,81100,80,80,16,16,3,0,9,5,0.943221E-01,0.992187E-01,0.123268E-01,0.287282E-02,0.202199E-02,2.98305,-0.455944E-03,0.131750E-02,0.598138E-01,16.0000,0.221111,249.000,56.2500,4.01226,98654.8,1.20470
CH-CHA_201201120200.csv,2012-01-12,04:30,12.187,0,36000,36000,0.789037E-02,2,0.333351E-02,-0.268511,2,0.135553,2.76471,0,0.274533,0.865354,1,0.173752,0.614340E-01,0,0.610032E-02,-0.489156E-01,0.277672E-01,0.666111E-01,0.617006E-03,-0.329501E-10,-0.373127E-12,17.7666,410.888,412.809,0.450000,0,201.189,4.65291,4.67466,0.450000,0,286.762,274.306,98611.0,1.25021,1007.68,0.231270E-01,0.398093E-02,0.362543E-02,458.951,662.544,0.289986E-02,69.2710,203.593,269.274,0.510239,-1.07750,-0.920056E-02,1.19224,-0.948464E-13,-0.185461E-14,1.19224,3.16261,250.544,295.339,-0.442159,-9999,0.794433E-01,0.266583,161.077,0.124785E-01,-0.971208E-01,-0.268287E-02,0,-9999,-9999,-9999,-9999,-9999,-9999,-9999,0.781181E-02,1.01006,-0.107722,1.01975,2.63933,1.04530,0.813897,1.04916,0.586478E-01,1.04530,800000099,800010099,800000099,800000099,800000099,810000099,810110199,811110199,81100,81100,80,81,4,1,2,1,1,0,0.315482,0.193905,0.237801E-01,0.196183E-02,0.159896E-02,2.10714,-0.855068E-04,0.813897E-03,0.586478E-01,16.0000,0.220000,249.000,56.2500,3.97741,98607.9,1.20402
CH-CHA_201201120200.csv,2012-01-12,05:00,12.208,0,36000,36000,-0.325743E-01,0,0.258642E-02,0.581569,0,0.359450,5.55260,0,0.349464,1.67975,0,0.901526E-01,0.123352,0,0.776344E-02,-0.437223,-0.238967,-0.722895E-01,-0.530872E-02,-0.399282E-10,-0.444626E-12,17.7276,409.646,411.523,0.400000,0,197.408,4.56167,4.58257,0.400000,0,286.697,274.047,98600.0,1.25129,1007.63,0.231078E-01,0.799323E-02,0.355730E-02,449.901,650.298,0.284289E-02,69.1839,200.397,269.008,0.761438,-2.18663,-0.197737E-01,2.31549,-0.194305E-13,-0.225232E-14,2.31549,4.27959,257.241,289.199,-0.489298,-9999,0.161346,0.237684,-622.957,-0.322655E-02,0.104738,0.285879E-02,0,-9999,-9999,-9999,-9999,-9999,-9999,-9999,-0.322291E-01,1.01071,0.873539,1.02169,5.13819,1.07281,1.48230,1.07898,0.114146,1.07281,800000099,800010099,800000099,800000099,800000099,800000099,800010199,800010199,80000,80000,80,80,11,3,1,17,9,0,0.229486,0.206269,0.396125E-01,0.279910E-02,0.447119E-03,3.90284,0.692825E-03,0.148230E-02,0.114146,15.9961,0.283889,249.000,56.2500,3.61054,98600.6,1.19855
CH-CHA_201201120200.csv,2012-01-12,05:30,12.229,0,36000,36000,-0.272586E-01,0,0.262753E-02,1.24597,1,0.704222,5.57848,0,0.378774,1.21117,0,0.107073,0.123910,0,0.841333E-02,-0.258364,-0.145760,0.181195E-01,-0.323763E-02,-0.794561E-10,-0.873337E-12,17.7469,409.957,411.813,0.400000,0,195.064,4.50604,4.52643,0.400000,0,286.535,273.894,98577.0,1.25173,1007.59,0.231003E-01,0.802934E-02,0.351506E-02,444.311,643.158,0.280816E-02,69.0827,198.847,268.842,0.559368,-1.98602,-0.887806E-02,2.06331,0.213187E-13,-0.447718E-14,2.06331,4.09073,260.819,285.730,-0.246534,-9999,0.147569,0.229828,-222.424,-0.903678E-02,0.223354,0.669451E-02,0,-9999,-9999,-9999,-9999,-9999,-9999,-9999,-0.269708E-01,1.01067,1.52798,1.02101,5.18291,1.06536,1.02380,1.07087,0.115123,1.06536,800000099,800010099,800000099,800000099,800000099,800000099,800010199,800110199,80000,80000,80,80,9,2,1,6,10,0,0.231935,0.193372,0.343480E-01,0.738799E-02,0.929536E-03,3.21524,0.121150E-02,0.102380E-02,0.115123,16.0000,0.267778,249.000,56.2500,3.37106,98576.9,1.19578
CH-CHA_201201120200.csv,2012-01-12,06:00,12.250,0,36000,36000,-0.447133E-01,0,0.346733E-02,0.818690,0,0.263546,6.72348,0,0.365829,2.01380,0,0.181234,0.149308,0,0.812396E-02,-0.402165,-0.188665,0.729768E-01,-0.418968E-02,0.111318E-09,0.120034E-11,17.8132,411.210,413.042,0.400000,0,192.080,4.43410,4.45385,0.400000,0,286.385,273.656,98558.0,1.25261,1007.55,0.230846E-01,0.967517E-02,0.346128E-02,437.133,632.189,0.276326E-02,69.1460,195.056,268.626,0.643190,-2.07988,-0.877625E-02,2.17708,-0.171090E-12,0.624916E-14,2.17708,4.30528,259.688,287.184,-0.230971,-9999,0.188935,0.290242,-710.321,-0.282971E-02,0.121766,0.343340E-02,0,-9999,-9999,-9999,-9999,-9999,-9999,-9999,-0.442410E-01,1.01068,1.17097,1.02130,6.24408,1.06872,1.77769,1.07452,0.138662,1.06872,800000099,800010099,800000099,800000099,800000099,800000099,800010199,800010199,80000,80000,80,80,5,5,2,1,10,0,0.231407,0.300816,0.482611E-01,0.136016E-02,0.794101E-03,2.43591,0.927815E-03,0.177769E-02,0.138662,16.0000,0.232222,249.000,56.2500,3.16457,98557.8,1.19202
CH-CHA_201201120200.csv,2012-01-12,06:30,12.270,0,36000,36000,-0.437122E-01,1,0.322559E-02,-1.56930,2,0.513230,3.21331,1,0.250603,2.51962,1,0.449580,0.713511E-01,1,0.556461E-02,-0.172355,-0.816766E-01,0.494328E-01,-0.181362E-02,-0.239835E-09,-0.256270E-11,17.8499,412.059,413.881,0.400000,0,190.731,4.40296,4.42243,0.400000,0,286.283,273.554,98521.0,1.25262,1007.54,0.230847E-01,0.462355E-02,0.343696E-02,433.900,627.539,0.274382E-02,69.1432,193.639,268.528,1.17348,-1.53122,0.164986E-02,1.92917,0.192536E-12,-0.134362E-13,1.92917,3.88376,240.790,307.466,0.490005E-01,-9999,0.186806,0.355400,358.086,0.561318E-02,-0.488374,-0.665633E-02,0,-9999,-9999,-9999,-9999,-9999,-9999,-9999,-0.432813E-01,1.00996,-1.36080,1.02123,3.02034,1.07213,2.38444,1.07839,0.670663E-01,1.07213,800000099,800010099,800000099,800000099,800000099,800001099,800010199,800010199,81100,81100,80,81,7,0,6,0,5,1,0.171048,0.502769,0.369843E-01,0.216506E-02,0.348572E-02,2.26247,-0.107824E-02,0.238444E-02,0.670663E-01,15.9953,0.356667,249.000,56.2500,3.04074,98521.1,1.19040
CH-CHA_201201120200.csv,2012-01-12,07:00,12.291,0,36000,36000,-0.383007E-01,1,0.409157E-02,6.87651,1,2.98938,4.24190,1,0.365544,3.51577,1,0.727207,0.941761E-01,1,0.811558E-02,-0.278926,-0.160421,0.435627E-02,-0.356157E-02,0.388481E-10,0.409266E-12,17.8608,412.134,413.931,0.350000,1,188.164,4.34183,4.36076,0.350000,1,286.108,273.389,98504.0,1.25319,1007.49,0.230748E-01,0.610261E-02,0.339071E-02,427.802,620.081,0.270566E-02,68.9914,192.279,268.340,1.07724,-1.24716,0.225635E-01,1.64814,-0.244914E-12,0.217505E-14,1.64814,3.82547,236.131,310.819,0.784419,-9999,0.174821,0.596322,-66.9687,-0.300140E-01,1.62109,0.311541E-01,0,-9999,-9999,-9999,-9999,-9999,-9999,-9999,-0.378873E-01,1.01091,6.97656,1.02018,3.84971,1.05323,2.95101,1.05765,0.854689E-01,1.05323,800000099,800010099,800000099,800000099,800011099,800011099,800010099,800110099,80100,80100,80,81,0,0,3,0,35,11,0.239595,0.921110,0.319394E-01,0.882244E-01,0.106620E-01,2.57747,0.552562E-02,0.295101E-02,0.854689E-01,16.0000,0.223333,249.000,56.2500,2.90246,98502.7,1.18782
CH-CHA_201201120200.csv,2012-01-12,07:30,12.312,0,36000,36000,-0.721156E-01,1,0.453635E-02,-25.7682,1,16.8589,3.23096,1,0.251395,0.722279,1,0.231426,0.717298E-01,1,0.558116E-02,-0.490235E-01,-0.345020E-01,-0.167272,-0.765972E-03,-0.383958E-09,-0.406104E-11,17.7365,409.263,411.042,0.400000,0,187.595,4.32868,4.34750,0.400000,0,284.005,273.360,98494.0,1.25320,1007.49,0.230747E-01,0.464809E-02,0.338046E-02,426.464,618.778,0.269746E-02,68.9203,192.315,268.299,0.273280,-1.86676,-0.564958E-02,1.88666,-0.199146E-12,-0.216479E-13,1.88666,4.10626,269.369,278.329,-0.171571,-9999,0.239886,0.579156,46.1698,0.435350E-01,-7.97541,-0.850781E-01,0,40.1485,-6.09270,13.7817,34.3184,52.3377,73.4043,109.973,-0.712884E-01,1.01160,-24.9750,1.02478,3.50398,1.09814,1.82265,1.10670,0.777911E-01,1.09814,800000099,800000099,800000099,800000099,800000099,800001099,800010199,800110199,80000,80000,80,80,0,7,4,0,31,3,0.246986,0.881606,0.297200E-01,2.70356,0.104758E-02,2.39107,-0.197808E-01,0.182265E-02,0.777911E-01,15.9977,6.60167,249.000,56.2500,2.85328,98497.1,1.18726
CH-CHA_201201120200.csv,2012-01-12,08:00,12.333,0,36000,36000,-0.224833E-01,0,0.252193E-02,-0.569969,1,0.664396,4.79656,0,0.255475,1.34431,0,0.108533,0.106501,0,0.567247E-02,0.224685,0.772030E-01,-0.619482E-01,0.171418E-02,0.623825E-10,0.666024E-12,17.6787,408.199,409.986,0.450000,0,188.746,4.35812,4.37720,0.450000,0,286.116,273.493,98477.0,1.25236,1007.51,0.230899E-01,0.690126E-02,0.340121E-02,429.290,624.772,0.271583E-02,68.7114,195.482,268.386,0.420454,-1.87849,-0.127583E-02,1.92497,-0.604893E-14,0.352868E-14,1.92497,3.69173,263.505,282.616,-0.379745E-01,-9999,0.133988,0.224722,363.682,0.552681E-02,-0.118829,-0.337139E-02,0,-9999,-9999,-9999,-9999,-9999,-9999,-9999,-0.222637E-01,1.00986,-0.295441,1.02102,4.47462,1.07041,1.23545,1.07655,0.993527E-01,1.07041,800000099,800011199,800000099,800000099,800000099,800010099,800010099,810010099,81100,81100,80,80,18,1,1,0,8,1,0.262941,0.154756,0.317453E-01,0.831802E-02,0.757978E-03,2.38641,-0.234149E-03,0.123545E-02,0.993527E-01,15.9981,4.55833,249.000,56.2500,2.92562,98476.6,1.18928
CH-CHA_201201120800.csv,2012-01-12,08:30,12.354,0,36000,36000,-0.211623E-01,0,0.257012E-02,0.253020,1,0.480523,4.62440,0,0.312194,1.09606,0,0.100064,0.102683,0,0.693216E-02,0.877637E-01,0.707128E-01,0.506219E-01,0.157016E-02,-0.290341E-10,-0.311238E-12,17.6995,409.069,410.871,0.500000,0,189.734,4.38512,4.40443,0.450000,0,286.267,273.545,98402.0,1.25116,1007.52,0.231119E-01,0.665387E-02,0.341902E-02,431.620,627.130,0.273268E-02,68.8246,195.510,268.458,0.756869,-1.49676,-0.144996E-01,1.67731,0.602988E-14,-0.164039E-14,1.67731,3.79527,250.166,296.824,-0.495303,-9999,0.130055,0.196143,-748.800,-0.268429E-02,0.547142E-01,0.154334E-02,0,-9999,-9999,-9999,-9999,-9999,-9999,-9999,-0.209346E-01,1.01088,0.505442,1.02022,4.36200,1.05407,0.983465,1.05857,0.968567E-01,1.05407,800000099,800010099,800000099,800000099,800000099,800000099,800010199,800010199,80100,80100,80,80,12,13,2,0,10,0,0.224200,0.138241,0.298443E-01,0.345330E-02,0.415756E-03,2.19286,0.400963E-03,0.983465E-03,0.968567E-01,15.9949,0.422222,249.000,56.2500,3.01439,98481.6,1.19018
CH-CHA_201201120800.csv,2012-01-12,09:00,12.374,0,36000,36000,-0.331033E-01,0,0.414929E-02,0.411168,0,0.272858,5.44511,0,0.431887,0.277532,0,0.841526E-01,0.120909,0,0.959009E-02,0.320952E-01,-0.148869E-01,-0.126185E-01,-0.330565E-03,-0.120161E-10,-0.128711E-12,17.7055,408.853,410.651,0.400000,0,189.653,4.37944,4.39870,0.450000,0,286.280,273.564,98494.0,1.25224,1007.52,0.230919E-01,0.783492E-02,0.341754E-02,431.464,627.993,0.272914E-02,68.7052,196.529,268.453,1.04262,-1.49907,-0.845042E-02,1.82602,0.812168E-13,-0.678667E-15,1.82602,3.32970,242.427,304.819,-0.265154,-9999,0.162589,0.204978,-900.924,-0.223104E-02,0.755114E-01,0.200441E-02,0,-9999,-9999,-9999,-9999,-9999,-9999,-9999,-0.327511E-01,1.01075,0.704826,1.02048,5.11259,1.05838,0.194676,1.06329,0.113525,1.05838,800000099,800010099,800000099,800000099,800000099,800001099,800010199,800110199,80100,80100,80,80,9,14,3,2,44,23,0.215585,0.155875,0.384964E-01,0.998737E-03,0.249264E-03,2.69938,0.558650E-03,0.194676E-03,0.113525,15.9961,0.335556,249.000,56.2500,3.06983,98497.9,1.19075
CH-CHA_201201120800.csv,2012-01-12,09:30,12.395,1,36000,36000,-0.234396E-01,0,0.240859E-02,1.83917,0,0.385546,5.44056,0,0.516863,0.564983,2,0.341219,0.120816,0,0.114778E-01,0.118219,0.159931E-01,0.851314E-02,0.355151E-03,-0.327812E-09,-0.351500E-11,17.7078,408.999,410.800,0.350000,1,189.874,4.38554,4.40486,0.450000,0,286.218,273.634,98497.0,1.25196,1007.52,0.230971E-01,0.782887E-02,0.342153E-02,432.078,631.183,0.273295E-02,68.4553,199.105,268.472,0.873298,-0.994994,-0.297778E-03,1.32388,0.149344E-12,-0.185123E-13,1.32388,3.20484,236.803,311.273,-0.128874E-01,-9999,0.136829,0.221989,-120.050,-0.167431E-01,0.338048,0.106560E-01,0,-9999,-9999,-9999,-9999,-9999,-9999,-9999,-0.231726E-01,1.01152,2.10902,1.01990,5.14501,1.04395,0.402095,1.04752,0.114253,1.04395,800000099,800010099,800000099,800000099,800000099,800000099,800010199,800110199,81100,81100,80,81,3,9,3,14,5,5,0.192074,0.227098,0.248056E-01,0.273961E-02,0.159163E-02,4.03271,0.167200E-02,0.402095E-03,0.114253,16.0000,0.402222,249.000,56.2500,3.23276,98499.6,1.19270
CH-CHA_201201120800.csv,2012-01-12,10:00,12.416,1,36000,36000,-0.368334E-01,0,0.621916E-02,4.52615,0,0.789183,7.01172,0,0.549840,-0.640079,1,0.361429,0.155720,0,0.122111E-01,0.158699,0.566292E-01,0.537865E-01,0.125765E-02,-0.992897E-10,-0.106748E-11,17.7419,409.923,411.738,0.450000,0,190.746,4.40715,4.42666,0.400000,0,286.201,273.728,98498.0,1.25153,1007.53,0.231048E-01,0.100907E-01,0.343725E-02,434.212,635.489,0.274644E-02,68.3272,201.277,268.537,1.03246,-1.01257,0.799389E-02,1.44615,0.360866E-13,-0.559634E-14,1.44615,3.51366,231.126,315.557,0.316717,-9999,0.171553,0.375338,-96.1427,-0.209064E-01,0.645511,0.209232E-01,0,-9999,-9999,-9999,-9999,-9999,-9999,-9999,-0.364243E-01,1.01123,4.83030,1.01995,6.55734,1.04740,-0.890866,1.05131,0.145629,1.04740,800000099,800000099,800000099,800000099,800000099,800001099,800010099,800110099,80000,80000,80,80,7,3,1,1,9,5,0.344594,0.365782,0.403002E-01,0.857691E-02,0.452141E-02,3.48416,0.383064E-02,-0.890866E-03,0.145629,15.9961,0.347778,249.000,56.2500,3.46972,98499.2,1.19477
CH-CHA_201201120800.csv,2012-01-12,10:30,12.437,1,36000,36000,-0.446105E-01,0,0.499694E-02,5.66574,1,0.833672,8.42452,0,0.593645,-2.74399,0,0.353622,0.187100,0,0.131843E-01,0.388271E-01,0.208204E-01,-0.143209E-01,0.462400E-03,0.276266E-09,0.297732E-11,17.7296,409.677,411.494,0.300000,0,191.072,4.41510,4.43468,0.300000,0,286.110,273.751,98497.0,1.25141,1007.54,0.231070E-01,0.121241E-01,0.344312E-02,434.991,636.547,0.275140E-02,68.3360,201.556,268.561,2.01730,-0.186936,0.630783E-01,2.02693,-0.540727E-12,0.155822E-13,2.02693,4.75802,191.522,354.706,1.78334,-9999,0.188807,0.491807,-102.387,-0.196314E-01,0.672530,0.237999E-01,0,-9999,-9999,-9999,-9999,-9999,-9999,-9999,-0.441392E-01,1.01068,6.01396,1.02092,7.74829,1.06425,-2.90892,1.06970,0.172082,1.06425,800000099,800001199,800000099,800000099,800000099,800000099,800010199,800110199,81100,81100,80,81,1,5,1,6,30,8,0.355625,0.585142,0.428469E-01,0.172625E-01,0.183491E-02,5.00202,0.476978E-02,-0.290892E-02,0.172082,15.9977,0.447778,249.000,56.2500,3.56846,98499.2,1.19491
CH-CHA_201201120800.csv,2012-01-12,11:00,12.458,1,36000,36000,-0.367700E-01,0,0.432031E-02,11.6102,0,1.07348,9.04192,0,0.583647,-2.21102,0,0.238213,0.200836,0,0.129637E-01,0.207548,0.396223E-01,-0.591078E-01,0.880075E-03,0.939052E-10,0.101801E-11,17.6777,408.661,410.479,0.300000,0,191.641,4.43023,4.44995,0.250000,0,285.996,273.874,98497.0,1.25084,1007.55,0.231173E-01,0.130141E-01,0.345337E-02,436.482,642.229,0.276084E-02,67.9635,205.748,268.606,2.09775,0.395163,0.597093E-01,2.13548,-0.724005E-13,0.531207E-14,2.13548,4.09153,176.901,10.6681,1.60223,-9999,0.171454,0.319759,-37.4154,-0.537211E-01,1.28404,0.537306E-01,0,-9999,-9999,-9999,-9999,-9999,-9999,-9999,-0.363817E-01,1.01067,11.8660,1.02119,8.16140,1.06742,-2.69081,1.07319,0.181278,1.06742,800000099,800000099,800000099,800000099,800000099,800000099,800010199,800010199,80100,80100,80,80,3,2,4,1,24,1,0.300615,0.295960,0.429426E-01,0.220876E-01,0.164004E-02,6.17746,0.941531E-02,-0.269081E-02,0.181278,16.0000,0.345556,249.000,56.2500,3.73587,98499.6,1.19695
CH-CHA_201201120800.csv,2012-01-12,11:30,12.479,1,36000,36000,-0.416854E-01,0,0.401479E-02,18.0328,0,1.57355,13.0282,0,0.835419,-3.63133,0,0.397231,0.289406,0,0.185578E-01,0.175400,0.803314E-02,-0.117317E-01,0.178447E-03,0.625304E-10,0.678688E-12,17.6601,408.459,410.278,0.250000,0,191.678,4.43330,4.45304,0.250000,0,285.878,273.978,98485.0,1.25021,1007.56,0.231289E-01,0.187535E-01,0.345403E-02,436.731,647.069,0.276276E-02,67.4937,210.338,268.614,2.11955,0.611424,0.711090E-01,2.20712,0.470882E-15,0.354077E-14,2.20712,4.37417,171.224,16.0912,1.84627,-9999,0.182599,0.399782,-29.0970,-0.690794E-01,1.38414,0.783990E-01,0,-9999,-9999,-9999,-9999,-9999,-9999,-9999,-0.412449E-01,1.01068,18.3695,1.02138,11.7059,1.06951,-4.34437,1.07549,0.260032,1.06951,800000099,800000099,800000099,800000099,800000099,800000099,800010199,800110199,81100,81100,80,80,4,2,4,1,8,9,0.285511,0.467897,0.461571E-01,0.376496E-01,0.349649E-02,9.54038,0.145830E-01,-0.434437E-02,0.260032,15.9981,0.345556,249.000,56.2500,3.96452,98487.6,1.19897
CH-CHA_201201120800.csv,2012-01-12,12:00,12.499,1,36000,36000,-0.381873E-01,0,0.401232E-02,20.5230,0,1.52971,14.6356,0,0.929465,-4.23715,0,0.403609,0.325122,0,0.206475E-01,0.488815E-01,-0.594783E-01,-0.426769E-01,-0.132127E-02,-0.320947E-09,-0.347185E-11,17.6182,407.724,409.531,0.300000,0,190.585,4.41056,4.43010,0.250000,0,285.775,274.007,98439.0,1.24951,1007.54,0.231422E-01,0.210679E-01,0.343435E-02,434.288,648.424,0.274856E-02,66.9758,214.137,268.540,2.24613,0.463651,0.450204E-01,2.29392,-0.711797E-12,-0.182168E-13,2.29392,5.41629,177.136,11.6633,1.12456,-9999,0.174820,0.678264,-22.4284,-0.896184E-01,1.40226,0.932496E-01,0,-9999,-9999,-9999,-9999,-9999,-9999,-9999,-0.377829E-01,1.01070,20.8888,1.02163,13.1157,1.07205,-5.02458,1.07828,0.291359,1.07205,800000099,800000099,800000099,800000099,800000099,800000099,800000199,800000199,80000,80000,80,81,0,11,2,9,34,16,0.459245,0.838695,0.585892E-01,0.368870E-01,0.336298E-02,10.8672,0.165925E-01,-0.502458E-02,0.291359,15.9981,0.326667,249.000,56.2500,4.16724,98438.4,1.20023
CH-CHA_201201120800.csv,2012-01-12,12:30,12.520,1,36000,36000,-0.541128E-01,0,0.484845E-02,21.0381,0,1.57878,17.4013,0,1.10037,-5.56020,0,0.508542,0.386580,0,0.244455E-01,0.943269E-01,0.588584E-01,-0.279592E-01,0.130757E-02,0.690689E-10,0.751858E-12,17.5852,407.243,409.056,0.250000,0,191.426,4.43308,4.45282,0.250000,0,285.688,274.063,98391.0,1.24863,1007.56,0.231582E-01,0.250504E-01,0.344950E-02,436.292,651.048,0.276262E-02,67.0138,214.756,268.601,2.20584,0.967446,0.656986E-01,2.40956,0.178837E-12,0.392767E-14,2.40956,4.52359,162.867,23.6815,1.56241,-9999,0.208177,0.325678,-36.9327,-0.544234E-01,1.20899,0.803282E-01,0,28.0874,-4.26237,9.64149,24.0087,36.6148,51.3527,76.9357,-0.535372E-01,1.01075,21.5342,1.02196,15.6196,1.07547,-6.27595,1.08201,0.346998,1.07547,800000099,800000099,800000099,800000099,800000099,800000099,800000199,800010199,81100,81100,80,81,0,8,0,3,20,4,0.256296,0.340337,0.547228E-01,0.392900E-01,0.412129E-02,11.9019,0.171169E-01,-0.627595E-02,0.346998,15.9977,0.390000,249.000,56.2500,4.25825,98393.0,1.20061
CH-CHA_201201120800.csv,2012-01-12,13:00,12.541,1,36000,36000,-0.628958E-01,0,0.492723E-02,32.8884,0,2.04858,21.8869,0,1.24137,-5.60540,0,0.516962,0.486278,0,0.275806E-01,0.178371,0.817658E-01,0.193745E-01,0.181666E-02,-0.542297E-10,-0.594006E-12,17.5821,407.577,409.404,0.250000,0,192.586,4.46441,4.48443,0.250000,0,285.758,274.169,98331.0,1.24737,1007.58,0.231813E-01,0.315108E-01,0.347041E-02,439.107,656.041,0.278218E-02,66.9329,216.934,268.686,2.32698,1.27174,0.786225E-01,2.65299,0.152028E-13,-0.308437E-14,2.65299,5.24886,158.199,28.6574,1.69824,-9999,0.224550,0.304611,-29.6364,-0.678221E-01,1.50265,0.116535,0,26.9970,-4.09690,9.26720,23.0766,35.1933,49.3592,73.9490,-0.622171E-01,1.01091,33.3429,1.02273,19.3610,1.08268,-6.86472,1.08988,0.430160,1.08268,800000099,800000099,800000099,800000099,800000099,800000099,800000199,800000199,80100,80100,80,80,11,10,0,0,2,0,0.267131,0.271808,0.702828E-01,0.446215E-01,0.402151E-02,13.1141,0.265295E-01,-0.686472E-02,0.430160,16.0000,0.380000,249.000,56.2500,4.37099,98329.9,1.20199
CH-CHA_201201120800.csv,2012-01-12,13:30,12.562,1,36000,36000,-0.648055E-01,0,0.523616E-02,29.7419,0,1.72073,19.8183,0,1.08498,-5.40202,0,0.476181,0.440363,0,0.241082E-01,0.174879,0.332915E-01,0.350984E-01,0.739737E-03,-0.164782E-10,-0.180742E-12,17.5955,408.182,410.018,0.250000,0,192.997,4.47717,4.49731,0.250000,0,285.776,274.273,98297.0,1.24646,1007.58,0.231981E-01,0.285355E-01,0.347781E-02,440.210,660.973,0.279014E-02,66.6004,220.762,268.719,2.37524,1.32951,0.639479E-01,2.72276,0.231657E-13,-0.936503E-15,2.72276,5.06271,157.376,29.2373,1.34580,-9999,0.228017,0.367200,-34.3047,-0.585925E-01,1.50073,0.103859,0,26.8024,-4.06737,9.20041,22.9103,34.9397,49.0034,73.4160,-0.641026E-01,1.01097,30.1460,1.02296,17.4969,1.08474,-6.50195,1.09214,0.388781,1.08474,800000099,800000099,800000099,800000099,800000099,800000099,800000199,800000199,80100,80100,80,80,4,4,4,5,19,6,0.334483,0.326129,0.737883E-01,0.399988E-01,0.358299E-02,11.6659,0.240032E-01,-0.650195E-02,0.388781,16.0000,0.288889,249.000,56.2500,4.50115,98300.0,1.20369
CH-CHA_201201120800.csv,2012-01-12,14:00,12.583,1,36000,36000,-0.500179E-01,0,0.480866E-02,27.7946,0,1.72128,19.3570,0,1.17620,-5.15544,0,0.467184,0.430226,0,0.261420E-01,0.465273,0.167886,-0.101695E-01,0.373141E-02,0.329325E-09,0.366579E-11,17.5684,408.007,409.868,0.200000,0,195.558,4.54163,4.56235,0.200000,0,285.816,274.550,98287.0,1.24505,1007.62,0.232239E-01,0.278786E-01,0.352396E-02,446.503,674.269,0.283038E-02,66.2203,227.766,268.908,1.93711,1.05508,0.860229E-01,2.20749,-0.523006E-13,0.187453E-13,2.20749,4.17725,157.656,28.5758,2.23331,-9999,0.200433,0.287251,-24.9314,-0.806213E-01,1.43589,0.110537,0,-9999,-9999,-9999,-9999,-9999,-9999,-9999,-0.494893E-01,1.01068,28.2743,1.02138,17.3535,1.06947,-6.27495,1.07550,0.385697,1.06947,800000099,800000099,800000099,800000099,800000099,800000099,800000199,800000199,81100,81100,80,80,6,3,1,1,13,4,0.247861,0.276301,0.503414E-01,0.529488E-01,0.502212E-02,15.9689,0.225376E-01,-0.627495E-02,0.385697,16.0000,0.165556,249.000,56.2500,4.84540,98286.6,1.20875
CH-CHA_201201121400.csv,2012-01-12,14:30,12.604,1,36000,36000,-0.533582E-01,0,0.482254E-02,37.5541,0,2.82446,23.5290,0,1.39927,-7.48654,0,0.664870,0.523137,0,0.311110E-01,0.630244,0.122722,0.437699E-01,0.272858E-02,0.389154E-11,0.436869E-13,17.5641,408.764,410.649,0.200000,0,197.177,4.58886,4.61001,0.200000,0,285.684,274.926,98215.0,1.24241,1007.65,0.232728E-01,0.338993E-01,0.355313E-02,450.816,692.695,0.285987E-02,65.0814,241.879,269.035,2.23943,1.05053,0.970072E-01,2.47549,-0.456778E-13,0.221562E-15,2.47549,4.44587,161.660,25.1316,2.24583,-9999,0.207238,0.382980,-20.3857,-0.985984E-01,1.59608,0.144748,0,26.5917,-4.03540,9.12809,22.7302,34.6650,48.6182,72.8389,-0.527888E-01,1.01079,38.0211,1.02217,20.8410,1.07736,-8.87046,1.08414,0.463375,1.07736,800000099,800000099,800000099,800000099,800000099,800000099,800000199,800000199,80100,80100,80,80,2,5,0,8,19,16,0.266425,0.437357,0.621779E-01,0.864507E-01,0.639125E-02,17.0601,0.303702E-01,-0.887046E-02,0.463375,16.0000,0.268889,249.000,56.2500,5.62051,98256.3,1.21450
CH-CHA_201201121400.csv,2012-01-12,15:00,12.624,1,36000,36000,-0.848632E-01,0,0.787932E-02,41.6456,0,2.79274,25.8745,0,1.45577,-7.36950,0,0.659701,0.575561,0,0.323827E-01,0.834808,0.986469E-01,0.360676E-01,0.219434E-02,0.383968E-09,0.433960E-11,17.5569,409.390,411.293,0.250000,0,198.428,4.62692,4.64842,0.250000,0,285.249,275.425,98203.0,1.23999,1007.69,0.233179E-01,0.372963E-01,0.357567E-02,454.499,717.837,0.288363E-02,63.3151,263.338,269.144,2.53063,1.46166,0.109565,2.92447,-0.694349E-13,0.218699E-13,2.92447,6.03130,157.198,30.0102,2.14709,-9999,0.261607,0.482616,-36.9765,-0.543588E-01,1.60952,0.127402,0,28.7938,-4.36957,9.88399,24.6125,37.5356,52.6443,78.8707,-0.839269E-01,1.01116,42.0743,1.02366,22.6235,1.09069,-8.85582,1.09868,0.503244,1.09069,800000099,800000099,800000099,800000099,800000099,800000099,800000199,800010199,81100,81100,80,80,7,2,1,2,12,7,0.481343,0.402707,0.811817E-01,0.743353E-01,0.548866E-02,16.5232,0.336725E-01,-0.885582E-02,0.503244,16.0000,0.215556,249.000,56.2500,7.35744,98201.1,1.22235
CH-CHA_201201121400.csv,2012-01-12,15:30,12.645,1,36000,36000,-0.564676E-01,0,0.468180E-02,9.83204,0,1.09099,10.7416,0,0.649951,-3.63179,0,0.326679,0.238907,0,0.144558E-01,-0.237655,-0.973118E-01,-0.229970E-01,-0.216434E-02,-0.109782E-09,-0.123189E-11,17.5469,408.991,410.877,0.200000,0,196.898,4.58939,4.61055,0.200000,0,285.571,275.283,98192.0,1.24051,1007.66,0.233084E-01,0.154812E-01,0.354811E-02,450.763,710.601,0.286020E-02,63.4340,259.839,269.034,2.32871,1.44350,0.877867E-01,2.74122,0.214414E-13,-0.625650E-14,2.74122,5.34410,155.009,31.7936,1.83520,-9999,0.213354,0.340424,-84.9502,-0.236609E-01,0.915324,0.368663E-01,0,27.0356,-4.10276,9.28046,23.1097,35.2437,49.4298,74.0548,-0.558543E-01,1.01098,10.1914,1.02303,9.61936,1.08524,-3.87181,1.09274,0.213947,1.08524,800000099,800000099,800000099,800000099,800000099,800000099,800010199,800010199,81100,81100,80,80,8,12,2,0,27,14,0.389838,0.227790,0.632181E-01,0.209343E-01,0.234826E-02,5.70856,0.815309E-02,-0.387181E-02,0.213947,16.0000,0.268889,249.000,56.2500,6.80143,98193.9,1.21593
CH-CHA_201201121400.csv,2012-01-12,16:00,12.666,1,36000,36000,-0.412622E-01,0,0.421940E-02,-3.78013,1,1.34024,6.93098,0,0.480952,-3.48372,0,0.336533,0.154155,0,0.106971E-01,0.836823E-02,0.729705E-02,-0.982746E-02,0.162297E-03,-0.180665E-11,-0.202938E-13,17.5398,408.821,410.707,0.200000,0,197.021,4.59221,4.61339,0.200000,0,285.723,275.288,98195.0,1.24052,1007.67,0.233082E-01,0.998924E-02,0.355033E-02,451.053,710.855,0.286196E-02,63.4521,259.802,269.042,1.85108,1.30820,0.102841,2.26902,0.352886E-13,-0.103003E-15,2.26902,4.17639,151.881,35.2498,2.59776,-9999,0.182378,0.263043,138.016,0.145635E-01,-0.545396,-0.165811E-01,0,-9999,-9999,-9999,-9999,-9999,-9999,-9999,-0.408288E-01,1.01062,-3.32234,1.02312,6.40966,1.09155,-3.04982,1.09976,0.142560,1.09155,800000099,800000099,800000099,800000099,800000099,800000099,800010199,800110199,80000,80000,80,80,8,4,4,1,10,3,0.261603,0.220783,0.436998E-01,0.195703E-01,0.242413E-02,3.42187,-0.265781E-02,-0.304982E-02,0.142560,16.0000,0.198889,249.000,56.2500,6.39530,98199.7,1.21451
CH-CHA_201201121400.csv,2012-01-12,16:30,12.687,1,36000,36000,-0.348911E-01,0,0.354265E-02,-8.28737,0,2.25342,1.46513,0,0.459780,-0.826538,0,0.121580,0.325658E-01,0,0.102197E-01,-1.12562,-0.233889,0.123838,-0.519871E-02,-0.550731E-10,-0.603352E-12,17.6730,410.963,412.821,0.150000,0,193.616,4.50229,4.52265,0.200000,0,286.279,274.617,98185.0,1.24347,1007.60,0.232537E-01,0.211027E-02,0.348896E-02,442.176,677.520,0.280583E-02,65.2639,235.344,268.778,1.72438,1.69467,0.964486E-01,2.41965,-0.499913E-13,-0.311623E-14,2.41965,4.44930,141.639,44.5022,2.28445,-9999,0.167509,0.380367,48.7724,0.412119E-01,-5.65641,-0.394870E-01,0,-9999,-9999,-9999,-9999,-9999,-9999,-9999,-0.344718E-01,1.01216,-7.99694,1.02655,1.48553,1.12306,-0.365262,1.13412,0.330192E-01,1.12306,800000099,800000099,800000099,800000099,800000099,800000099,800000199,800010199,81100,81100,80,80,2,5,3,14,45,10,0.294986,0.418297,0.474508E-01,0.152873,0.504038E-03,4.37584,-0.638263E-02,-0.365262E-03,0.330192E-01,16.0000,0.285556,249.000,56.2500,4.68619,98187.2,1.20132
CH-CHA_201201121400.csv,2012-01-12,17:00,12.708,0,36000,36000,-0.102599E-01,1,0.238155E-02,-9.17043,0,1.18183,-1.28860,0,0.500676,0.350995,0,0.228740,-0.286162E-01,0,0.111186E-01,-1.60097,-0.581855,0.931661E-01,-0.129214E-01,-0.191826E-11,-0.198983E-13,17.8057,412.568,414.342,0.100000,0,184.700,4.27960,4.29799,0.100000,0,286.796,273.666,98196.0,1.24804,1007.47,0.231706E-01,-0.185433E-02,0.332829E-02,420.352,632.646,0.266682E-02,66.4435,212.294,268.108,0.552234,1.40113,0.559110E-01,1.50707,0.103448E-13,-0.107733E-15,1.50707,3.58946,116.552,68.4890,2.12611,-9999,0.906686E-01,0.266685,6.98988,0.287558,7.11658,-0.804402E-01,0,-9999,-9999,-9999,-9999,-9999,-9999,-9999,-0.100497E-01,1.02091,-8.85142,1.04360,-0.882951,1.20214,0.686208,1.22024,-0.196079E-01,1.20214,800000099,800000099,800000099,800000099,800000099,800000099,800100199,800100199,81100,81100,80,81,1,11,5,7,14,21,0.267241,0.248890,0.172376E-01,0.679791E-01,0.372239E-02,8.00086,-0.703971E-02,0.686208E-03,-0.196079E-01,15.9938,0.430000,249.000,56.2500,2.26174,98198.8,1.18157
CH-CHA_201201121400.csv,2012-01-12,17:30,12.729,0,36000,36000,-0.537741E-02,1,0.110059E-02,-10.3270,0,1.38915,-1.00925,2,0.576735,1.33042,0,0.406598,-0.223930E-01,2,0.127965E-01,-1.55714,-0.985037,0.213976,-0.218558E-01,0.635797E-10,0.596348E-12,18.0234,416.244,417.875,0.200000,0,169.051,3.90416,3.91947,0.200000,0,286.437,272.744,98187.0,1.25232,1007.25,0.230946E-01,-0.145106E-02,0.304629E-02,383.441,591.676,0.243252E-02,64.8059,208.235,266.902,1.07602,0.750402,0.510714E-01,1.31283,0.405917E-14,0.352762E-14,1.31283,2.88906,150.253,34.8914,2.22946,-9999,0.655283E-01,0.140519,2.34284,0.857933,10.2323,-0.124937,0,-9999,-9999,-9999,-9999,-9999,-9999,-9999,-0.517396E-02,1.03932,-9.60756,1.08001,-0.573585,1.35395,1.35708,1.38588,-0.127266E-01,1.35395,800000099,800000099,800000099,800000099,800000099,800100099,801100199,801110199,81100,81100,80,80,5,9,4,8,6,19,0.132778,0.137718,0.105428E-01,0.130214,0.141434E-01,32.9423,-0.761660E-02,0.135708E-02,-0.127266E-01,16.0000,0.240000,249.000,56.2500,0.771987,98190.3,1.16673
CH-CHA_201201121400.csv,2012-01-12,18:00,12.749,0,36000,36000,-0.747246E-02,1,0.180708E-02,-0.118461,2,1.39322,8.48275,1,6.57107,2.03608,1,1.43921,0.188104,1,0.145713,-1.04429,-2.70465,-0.203634,-0.599752E-01,-0.669425E-10,-0.466495E-12,17.9141,412.754,413.945,0.350000,1,124.836,2.87632,2.88462,0.350000,1,285.901,272.127,98194.0,1.25574,1006.68,0.230408E-01,0.121891E-01,0.224955E-02,282.513,565.589,0.179142E-02,49.9503,283.076,262.978,-0.305932,0.653131,0.230008E-01,0.721598,0.558838E-13,-0.373686E-14,0.721598,1.77034,71.8031,115.099,1.82660,-9999,0.771405E-01,0.209351,333.154,0.603325E-02,-0.139650E-01,-0.121479E-02,0,-9999,-9999,-9999,-9999,-9999,-9999,-9999,-0.736088E-02,1.01516,0.366780,1.02135,8.22508,1.02860,1.90716,1.03012,0.182390,1.02860,800000099,800000099,800000099,800000099,800000099,800100099,811100199,811110199,81100,81100,80,81,0,10,1,2,6,0,0.115853,0.298743,0.410511E-02,0.172193,0.117954,1186.96,0.290144E-03,0.190716E-02,0.182390,15.9961,0.328889,249.553,59.7076,-0.805585E-01,98196.6,1.15679
CH-CHA_201201121400.csv,2012-01-12,18:30,12.770,0,36000,36000,-0.246654E-01,1,0.418363E-02,-6.08485,1,1.48647,-9999,-9999,-9999,5.65327,1,8.58746,-9999,-9999,-9999,-1.22630,-9999,-3.44298,-9999,0.515427E-10,-9999,15.3995,353.901,353.901,0.100000,0,-9999,-9999,-9999,-9999,1,285.423,271.404,98186.0,1.26035,1005.13,0.229814E-01,-9999,-9999,-9999,-9999,-9999,-9999,-999900.,-9999,0.346478,1.14519,0.661829E-01,1.19829,0.520632E-13,0.334704E-14,1.19829,2.96786,113.671,73.1668,3.16613,-9999,0.139894,0.431137,38.6635,0.519870E-01,-9999,-0.343349E-01,0,-9999,-9999,-9999,-9999,-9999,-9999,-9999,-0.243795E-01,1.01173,-5.94341,1.02380,-9999,-9999,5.52483,1.07258,-9999,-9999,800000099,800000099,800000099,800000199,800000099,800100099,811100199,811110199,80000,80000,80,81,2,2,4,7,0,0,0.308477,0.543574,0.102230E-01,0.318157,2.41032,-9999,-0.469159E-02,0.552483E-02,-9999,16.0000,0.194444,251.569,72.3054,-0.826506,98188.2,1.14887
CH-CHA_201201121400.csv,2012-01-12,19:00,12.791,0,36000,36000,-0.944319E-02,1,0.362237E-02,-4.10139,1,1.51743,-9999,-9999,-9999,26.5549,1,7.72441,-9999,-9999,-9999,-0.128961,-9999,-2.08568,-9999,0.123322E-09,-9999,13.8546,318.265,318.265,0.100000,0,-9999,-9999,-9999,-9999,1,285.134,271.328,98200.0,1.26088,1005.14,0.229717E-01,-9999,-9999,-9999,-9999,-9999,-9999,-999900.,-9999,0.178337,0.878966,0.540504E-01,0.898503,-0.550037E-13,0.890117E-14,0.898503,2.95956,111.625,78.5307,3.44877,-9999,0.865410E-01,0.601398,13.5810,0.148001,-9999,-0.373946E-01,0,-9999,-9999,-9999,-9999,-9999,-9999,-9999,-0.929979E-02,1.01542,-3.97754,1.03114,-9999,-9999,24.5578,1.08805,-9999,-9999,800000099,800000199,800000099,800000199,800000199,800100199,811100099,811110099,81000,81000,80,81,0,4,2,2,0,0,0.277555,0.915851,0.939147E-02,0.328432,1.75592,-9999,-0.313846E-02,0.245578E-01,-9999,16.0000,9.50167,253.552,84.7023,-1.05970,98200.0,1.14668
CH-CHA_201201121400.csv,2012-01-12,19:30,12.812,0,36000,36000,-0.131823E-01,1,0.347180E-02,-8.88332,1,2.37139,-9999,-9999,-9999,-9999,-9999,-9999,-9999,-9999,-9999,0.763627E-01,-9999,-9999,-9999,-9999,-9999,-9999,-9999,-9999,-9999,1,-9999,-9999,-9999,-9999,1,285.135,271.373,98222.0,1.26096,1005.13,0.229704E-01,-9999,-9999,-9999,-9999,-9999,-9999,-999900.,-9999,-1.14635,-0.193739,0.492787E-01,1.16365,0.658592E-13,0.599334E-14,1.16365,3.21779,1.83345,189.593,2.42711,-9999,0.102246,0.416850,10.3427,0.194341,-9999,-0.685495E-01,0,-9999,-9999,-9999,-9999,-9999,-9999,-9999,-0.129622E-01,1.01698,-8.58199,1.03511,-9999,-9999,-9999,-9999,-9999,-9999,800000099,800000199,800000099,800001199,800000199,800100199,811100199,811110199,81000,81000,80,81,0,0,7,5,6,0,0.412741,0.408665,0.122946E-01,0.254070,-9999,-9999,-0.677117E-02,-9999,-9999,15.9969,6.92556,254.972,93.5760,-1.01852,98222.4,1.14733
CH-CHA_201201121400.csv,2012-01-12,20:00,12.833,0,36000,36000,-0.325830E-01,1,0.384733E-02,-19.8038,1,4.15914,-9999,-9999,-9999,-9999,-9999,-9999,-9999,-9999,-9999,-0.407884,-9999,-9999,-9999,-9999,-9999,-9999,-9999,-9999,-9999,1,-9999,-9999,-9999,-9999,1,284.848,271.133,98284.0,1.26287,1005.13,0.229356E-01,-9999,-9999,-9999,-9999,-9999,-9999,-999900.,-9999,-0.203956,0.233584,0.183414E-01,0.310638,0.379619E-12,-0.682441E-14,0.310638,2.14072,46.0061,131.126,3.38495,-9999,0.160626,0.504739,17.9955,0.111695,-9999,-0.971292E-01,0,-9999,-9999,-9999,-9999,-9999,-9999,-9999,-0.320065E-01,1.01801,-19.2220,1.03027,-9999,-9999,-9999,-9999,-9999,-9999,800000099,800001199,800000099,800001199,800000099,800101099,800100199,811110199,80000,80000,80,81,2,4,0,4,1,0,0.188150,0.806884,0.144440E-01,0.236867,-9999,-9999,-0.151432E-01,-9999,-9999,16.0000,0.444444,255.000,93.7500,-1.44997,98284.6,1.14078
CH-CHA_201201122000.csv,2012-01-12,20:30,12.854,0,36000,36000,-0.115735,1,0.171482E-01,-7.63093,1,2.83926,-9999,-9999,-9999,132.746,1,28.8899,-9999,-9999,-9999,-0.557598,-9999,-9999,-9999,0.543387E-09,-9999,24.2189,555.315,555.315,0.200000,0,-9999,-9999,-9999,-9999,1,284.377,270.805,98193.0,1.26323,1005.13,0.229291E-01,-9999,-9999,-9999,-9999,-9999,-9999,-999900.,-9999,0.450351,0.165627,0.402118E-01,0.481524,0.215032E-12,0.224365E-13,0.481524,2.81933,171.684,20.1922,4.79032,-9999,0.302686,0.652748,312.302,0.643609E-02,-9999,-0.198555E-01,0,72.0897,-10.9399,24.7460,61.6212,93.9761,131.803,197.465,-0.114216,1.01330,-7.47512,1.02084,-9999,-9999,130.382,1.02225,-9999,-9999,800000099,800000199,800000099,800000199,800100199,800100199,811100099,811110099,81000,81000,80,81,0,2,4,5,4,0,1.17436,0.120195,0.109343E-01,0.903670E-01,7.67606,-9999,-0.588729E-02,0.130382,-9999,15.9899,0.508333,255.000,93.7500,-1.45932,98296.4,1.13996
CH-CHA_201201122000.csv,2012-01-12,21:00,12.874,0,36000,36000,-0.907911E-02,1,0.132845E-02,1.05103,1,0.676742,-9999,-9999,-9999,0.952712,2,1.16862,-9999,-9999,-9999,-0.783149E-01,-9999,5.31102,-9999,-0.334053E-10,-9999,28.2049,645.760,645.760,0.150000,0,-9999,-9999,-9999,-9999,1,284.212,270.759,98321.0,1.26509,1005.13,0.228953E-01,-9999,-9999,-9999,-9999,-9999,-9999,-999900.,-9999,0.121239,0.469567,0.235622E-01,0.485538,-0.128209E-12,-0.118438E-14,0.485538,1.39549,107.430,75.5229,2.78154,-9999,0.847151E-01,0.153999,-49.7560,-0.403971E-01,-9999,0.975685E-02,0,-9999,-9999,-9999,-9999,-9999,-9999,-9999,-0.890703E-02,1.01932,1.02651,1.02389,-9999,-9999,0.845529,1.02493,-9999,-9999,800000099,800100199,800000099,800000199,800000199,800000199,811110099,811110099,81000,81000,80,81,0,0,1,0,3,0,0.114375,0.192256,0.136627E-02,0.523984E-01,0.163186,-9999,0.807273E-03,0.845529E-03,-9999,15.9953,0.382222,255.000,93.7500,-1.04273,98319.1,1.14456
CH-CHA_201201122000.csv,2012-01-12,21:30,12.895,0,36000,36000,-0.627753E-02,1,0.128599E-02,-3.22243,1,0.455563,-9999,-9999,-9999,4.58422,1,4.64031,-9999,-9999,-9999,1.54089,-9999,-4.13191,-9999,-0.150385E-09,-9999,25.0404,575.167,575.167,0.350000,1,-9999,-9999,-9999,-9999,1,284.586,271.667,98332.0,1.26100,1005.14,0.229695E-01,-9999,-9999,-9999,-9999,-9999,-9999,-999900.,-9999,0.770228,0.700744,0.393299E-01,1.04204,-0.118104E-12,-0.600568E-14,1.04204,2.89512,136.255,42.2956,2.16304,-9999,0.705564E-01,0.233548,9.37648,0.214366,-9999,-0.360335E-01,0,-9999,-9999,-9999,-9999,-9999,-9999,-9999,-0.616852E-02,1.01767,-3.10945,1.03633,-9999,-9999,4.27757,1.12647,-9999,-9999,800000099,800000199,800000099,800000199,800000199,800100199,811110199,811110199,81100,81100,80,81,8,26,5,28,0,0,0.222107,0.238742,0.624759E-02,0.344010E-01,3.32895,-9999,-0.245325E-02,0.427757E-02,-9999,16.0000,0.397778,255.000,93.7500,0.632719,98331.6,1.15925
CH-CHA_201201122000.csv,2012-01-12,22:00,12.916,0,36000,36000,-0.695954E-02,0,0.947896E-03,-3.17458,0,0.407409,-9999,-9999,-9999,1.72902,1,1.61383,-9999,-9999,-9999,0.391711,-9999,-5.83370,-9999,-0.668599E-11,-9999,20.6821,475.423,475.423,0.250000,0,-9999,-9999,-9999,-9999,1,284.859,271.898,98340.0,1.26003,1005.14,0.229872E-01,-9999,-9999,-9999,-9999,-9999,-9999,-999900.,-9999,1.18732,0.496062,0.547518E-01,1.28795,-0.488016E-14,-0.323274E-15,1.28795,2.54751,163.737,22.6751,2.43643,-9999,0.743189E-01,0.695535E-01,11.1238,0.180694,-9999,-0.337270E-01,0,-9999,-9999,-9999,-9999,-9999,-9999,-9999,-0.684621E-02,1.01655,-3.06895,1.03442,-9999,-9999,1.68281,1.14076,-9999,-9999,800000099,800000099,800000099,800000199,800000099,800100099,811110199,811110199,80000,80000,80,80,6,16,6,6,2,0,0.787448E-01,0.504205E-01,0.994198E-02,0.156986E-01,0.186948,-9999,-0.242315E-02,0.168281E-02,-9999,15.9981,0.348889,253.833,86.4584,0.870377,98339.6,1.15999
CH-CHA_201201122000.csv,2012-01-12,22:30,12.937,0,36000,36000,-0.276547E-02,0,0.252330E-03,-1.93480,0,0.313850,-9999,-9999,-9999,2.18845,1,0.532678,-9999,-9999,-9999,0.325366,-9999,-1.14579,-9999,0.393548E-10,-9999,19.8163,455.820,455.820,0.100000,0,-9999,-9999,-9999,-9999,1,284.825,272.090,98345.0,1.25921,1005.15,0.230022E-01,-9999,-9999,-9999,-9999,-9999,-9999,-999900.,-9999,0.616365,0.611682,0.318217E-01,0.868950,-0.769763E-14,0.198598E-14,0.868950,1.70438,141.441,44.7815,2.09869,-9999,0.468636E-01,0.630411E-01,4.57647,0.439203,-9999,-0.326192E-01,0,-9999,-9999,-9999,-9999,-9999,-9999,-9999,-0.269730E-02,1.02527,-1.83969,1.05170,-9999,-9999,1.97088,1.16688,-9999,-9999,800000099,800000099,800000099,800000199,800000099,800100199,811110199,811110199,81100,81100,80,81,0,19,6,4,17,0,0.476038E-01,0.735760E-01,0.490263E-02,0.108075E-01,0.347882E-01,-9999,-0.145352E-02,0.197088E-02,-9999,16.0000,0.305556,252.000,75.0000,1.24629,98344.5,1.16537
CH-CHA_201201122000.csv,2012-01-12,23:00,12.958,0,36000,36000,0.161613E-01,1,0.125565E-02,0.325550,2,0.726054,-9999,-9999,-9999,-2.55177,2,0.915607,-9999,-9999,-9999,0.837341,-9999,-0.649850,-9999,0.432803E-10,-9999,19.2976,444.682,444.682,0.350000,1,-9999,-9999,-9999,-9999,1,284.997,272.585,98348.0,1.25696,1005.15,0.230434E-01,-9999,-9999,-9999,-9999,-9999,-9999,-999900.,-9999,0.389453,0.568487,0.209329E-01,0.689412,-0.850461E-13,0.224278E-14,0.689412,1.51331,128.824,55.5862,1.73996,-9999,0.113391,0.940189E-01,-385.288,-0.521688E-02,-9999,0.227242E-02,0,-9999,-9999,-9999,-9999,-9999,-9999,-9999,0.159137E-01,1.01556,0.318674,1.02158,-9999,-9999,-2.49684,1.02931,-9999,-9999,800000099,800000199,800000099,800000199,800000199,800000199,811110199,811110199,80100,80100,80,80,4,5,1,0,0,0,0.395680E-01,0.143183,0.528687E-02,0.119334E-01,0.326503E-01,-9999,0.252229E-03,-0.249684E-02,-9999,15.9957,0.368889,250.377,64.8564,1.97383,98348.1,1.17496
CH-CHA_201201122000.csv,2012-01-12,23:30,12.979,0,36000,36000,-0.577411E-02,1,0.143408E-03,-2.20488,1,0.474626,-1.50402,1,1.19372,2.11156,1,0.495721,-0.333725E-01,1,0.264874E-01,0.353433,-9999,-0.452667E-01,-9999,0.831091E-10,0.654401E-12,19.2474,443.905,445.462,0.150000,0,151.554,3.49532,3.50758,0.350000,1,285.036,272.794,98339.0,1.25422,1007.03,0.230632E-01,-0.216254E-02,0.273101E-02,343.819,593.836,0.217745E-02,57.8980,250.017,265.485,0.157200,0.476654,0.789833E-02,0.501969,0.296457E-13,0.431794E-14,0.501969,1.07620,112.394,71.7475,0.901569,-9999,0.678508E-01,0.492531E-01,12.1944,0.164830,1.46599,-0.257284E-01,0,-9999,-9999,-9999,-9999,-9999,-9999,-9999,-0.567492E-02,1.01748,-2.21725,1.03336,-1.38537,1.05030,2.13331,1.05449,-0.307399E-01,1.05030,800000099,800110099,800000099,800000099,800000099,800100099,811110199,811110199,80000,80000,80,81,0,1,4,21,3,0,0.369074E-01,0.589028E-01,0.269600E-02,0.117525E-01,0.233530E-01,61.5417,-0.175549E-02,0.213331E-02,-0.307399E-01,16.0000,0.307778,249.000,56.2500,2.43897,98338.7,1.17987
CH-CHA_201201122000.csv,2012-01-13,00:00,13.000,0,36000,36000,-0.769957E-02,1,0.133519E-02,1.66930,0,1.98523,1.24176,1,1.07129,0.968807,1,0.435961,0.275592E-01,1,0.237760E-01,0.391931,1.13770,-0.464966,0.252498E-01,0.374442E-10,0.337483E-12,18.8807,435.920,437.640,0.150000,0,170.171,3.92894,3.94444,0.350000,1,285.376,273.026,98316.0,1.25266,1007.26,0.230882E-01,0.178584E-02,0.306648E-02,386.381,603.950,0.244798E-02,63.9757,217.568,267.001,0.738297,0.808934,0.426322E-01,1.09603,0.972896E-13,0.198320E-14,1.09603,2.79337,136.413,47.6139,2.22920,-9999,0.784002E-01,0.171993,-24.8459,-0.808986E-01,1.34430,0.168748E-01,0,-9999,-9999,-9999,-9999,-9999,-9999,-9999,-0.760572E-02,1.01234,1.70645,1.02002,1.15626,1.03759,0.831527,1.04062,0.256618E-01,1.03759,800000099,800000099,800000099,800000099,800010099,800110099,810110199,811110199,80000,80000,80,81,3,10,3,1,1,5,0.199591,0.132411,0.119841E-01,0.922871E-01,0.317007E-01,22.5002,0.135244E-02,0.831527E-03,0.256618E-01,15.9977,0.306667,249.000,56.2500,2.50471,98314.8,1.18195
CH-CHA_201201122000.csv,2012-01-13,00:30,13.020,0,36000,36000,-0.220491E-01,0,0.269679E-02,-35.5683,1,15.5003,-3.67440,2,1.64168,1.09001,0,0.424415,-0.815725E-01,2,0.364456E-01,0.517993,0.777729,-0.523833,0.172657E-01,-0.119260E-09,-0.118050E-11,18.4668,426.913,428.724,0.200000,0,182.794,4.22583,4.24376,0.300000,0,283.617,273.333,98300.0,1.25091,1007.43,0.231179E-01,-0.528590E-02,0.329396E-02,415.510,617.568,0.263326E-02,67.2817,202.058,267.956,1.44737,0.936224,0.638258E-01,1.72495,-0.733696E-13,-0.645808E-14,1.72495,3.70471,153.354,32.8967,2.12052,-9999,0.132764,0.202039,5.66226,0.354982,9.68004,-0.212590,0,-9999,-9999,-9999,-9999,-9999,-9999,-9999,-0.215335E-01,1.02394,-34.0550,1.04984,-2.22085,1.26467,2.35336,1.28825,-0.493034E-01,1.26467,800000099,800000099,800000099,800000099,800000099,800000099,800010199,800110199,81100,81100,80,81,6,25,0,1,7,5,0.255393,0.114580,0.341041E-01,2.64856,0.475612E-02,23.1626,-0.270234E-01,0.235336E-02,-0.493034E-01,16.0000,0.297778,249.000,56.2500,2.33167,98300.1,1.18459
CH-CHA_201201122000.csv,2012-01-13,01:00,13.041,0,36000,36000,-0.173106E-01,0,0.178125E-02,-4.38790,0,0.554338,0.817420,0,0.122823,1.74368,0,0.213935,0.181495E-01,0,0.272708E-02,0.252930,0.514776,-0.782961E-01,0.114298E-01,-0.664272E-10,-0.690314E-12,18.3961,425.566,427.456,0.200000,0,191.173,4.42249,4.44214,0.200000,0,285.848,273.483,98288.0,1.24997,1007.54,0.231334E-01,0.117608E-02,0.344494E-02,434.795,624.320,0.275601E-02,69.6429,189.525,268.555,1.26223,0.930049,0.795539E-01,1.56988,0.130027E-13,-0.361094E-14,1.56988,2.68393,150.168,36.3840,2.90471,-9999,0.117681,0.959363E-01,31.9627,0.628858E-01,-5.36799,-0.296066E-01,0,-9999,-9999,-9999,-9999,-9999,-9999,-9999,-0.171028E-01,1.01215,-4.23504,1.02551,0.844902,1.09302,1.78949,1.10105,0.187597E-01,1.09302,800000099,800000099,800000099,800000099,800000099,800000099,800010199,800010199,80000,80000,80,80,5,11,2,0,10,8,0.952611E-01,0.743931E-01,0.222186E-01,0.147045E-01,0.201877E-02,0.342982,-0.336274E-02,0.178949E-02,0.187597E-01,15.9946,0.325556,249.000,56.2500,2.68845,98288.6,1.18906
CH-CHA_201201122000.csv,2012-01-13,01:30,13.062,0,36000,36000,-0.104445E-01,1,0.242645E-02,-4.28727,0,1.22705,1.09884,0,0.203960,1.59236,0,0.352915,0.243979E-01,0,0.452859E-02,0.00000,0.560086E-01,-0.112570,0.124358E-02,0.589512E-10,0.618404E-12,18.3060,423.628,425.519,0.100000,0,192.032,4.44390,4.46374,0.100000,0,286.077,273.483,98254.0,1.24953,1007.55,0.231414E-01,0.158099E-02,0.346042E-02,436.748,624.320,0.276938E-02,69.9558,187.572,268.614,0.770062,1.14998,0.506669E-01,1.38493,0.110775E-12,0.322032E-14,1.38493,2.83055,129.530,56.1926,2.09661,-9999,0.914262E-01,0.166603,15.3360,0.131064,-3.90163,-0.372473E-01,0,-9999,-9999,-9999,-9999,-9999,-9999,-9999,-0.102934E-01,1.01468,-4.10229,1.03063,1.07743,1.11529,1.60855,1.12522,0.239226E-01,1.11529,800000099,800000099,800000099,800000099,800000099,800000099,800110199,811110199,80000,80000,80,81,6,8,5,0,0,0,0.185452,0.120255,0.274996E-01,0.251543E-01,0.396939E-02,0.544063,-0.325845E-02,0.160855E-02,0.239226E-01,15.9981,0.310000,249.000,56.2500,2.82409,98254.1,1.18984
CH-CHA_201201122000.csv,2012-01-13,02:00,13.083,0,36000,36000,-0.158912E-01,0,0.202225E-02,-4.44333,0,0.479582,1.19922,0,0.136495,1.71759,0,0.219615,0.266289E-01,0,0.303090E-02,0.144907,0.119464,0.202556E-01,0.265271E-02,0.629408E-10,0.666491E-12,18.3139,423.977,425.889,0.150000,0,193.929,4.48958,4.50983,0.150000,0,286.272,273.569,98246.0,1.24902,1007.57,0.231506E-01,0.172555E-02,0.349461E-02,441.201,628.221,0.279789E-02,70.2303,187.019,268.749,1.00098,1.03665,0.716350E-01,1.44282,0.518737E-13,0.343678E-14,1.44282,2.63108,141.070,46.0029,2.84587,-9999,0.112797,0.117755,27.7868,0.723365E-01,-3.70519,-0.313015E-01,0,-9999,-9999,-9999,-9999,-9999,-9999,-9999,-0.156958E-01,1.01245,-4.26651,1.02595,1.19819,1.09043,1.76900,1.09817,0.266059E-01,1.09043,800000099,800000099,800000099,800000099,800000099,800000099,800110199,801110199,80000,80000,80,81,0,7,1,1,3,0,0.101430,0.114760,0.193202E-01,0.790748E-02,0.235819E-02,0.546962,-0.339020E-02,0.176900E-02,0.266059E-01,15.9981,0.336667,249.000,56.2500,2.92920,98245.5,1.19152
CH-CHA_201201130200.csv,2012-01-13,02:30,13.104,0,36000,36000,-0.124462E-01,1,0.241016E-02,-2.66184,0,0.298544,1.48281,0,0.181097,1.41803,0,0.169499,0.329288E-01,0,0.402164E-02,0.148137,0.101179,0.149194,0.224688E-02,-0.112656E-09,-0.119597E-11,18.4074,426.548,428.489,0.200000,0,195.416,4.52831,4.54890,0.200000,0,286.271,273.657,98184.0,1.24781,1007.60,0.231727E-01,0.213379E-02,0.352139E-02,444.726,632.234,0.282207E-02,70.3420,187.508,268.855,1.02549,0.725040,0.519965E-01,1.25698,0.128310E-12,-0.612013E-14,1.25698,2.92517,147.085,35.2611,2.37078,-9999,0.998723E-01,0.224076,32.1824,0.624564E-01,-1.79513,-0.211983E-01,0,-9999,-9999,-9999,-9999,-9999,-9999,-9999,-0.122984E-01,1.01202,-2.51687,1.02462,1.43771,1.07405,1.43138,1.08035,0.319272E-01,1.07405,800000099,800010099,800000099,800000099,800000099,800100099,801110199,811110199,80000,80000,80,81,8,1,1,10,8,8,0.233446,0.197258,0.174488E-01,0.373596E-02,0.155860E-02,1.02406,-0.200182E-02,0.143138E-02,0.319272E-01,16.0000,0.306667,249.000,56.2500,3.11713,98233.4,1.19335
CH-CHA_201201130200.csv,2012-01-13,03:00,13.125,0,36000,36000,-0.660746E-02,1,0.196183E-02,-0.753099,0,0.588529,0.824665,0,0.168131,1.16806,0,0.293664,0.183155E-01,0,0.373414E-02,0.208772,0.177851,0.487667E-01,0.395002E-02,-0.562008E-10,-0.604415E-12,18.4464,427.389,429.362,0.350000,1,198.383,4.59638,4.61760,0.350000,1,286.269,273.781,98243.0,1.24796,1007.64,0.231692E-01,0.118685E-02,0.357486E-02,451.683,637.929,0.286456E-02,70.8046,186.246,269.061,-0.281843E-01,0.788469,0.217885E-01,0.789273,-0.146514E-13,-0.304671E-14,0.789273,1.97919,89.5491,92.0472,1.58189,-9999,0.727640E-01,0.109993,44.0103,0.456711E-01,-0.913219,-0.823059E-02,0,-9999,-9999,-9999,-9999,-9999,-9999,-9999,-0.652833E-02,1.01212,-0.689799,1.02286,0.806415,1.04216,1.14818,1.04564,0.179102E-01,1.04216,800000099,800010099,800000099,800000099,800000099,800101099,811110199,811110199,80000,80000,80,80,14,0,1,0,5,1,0.114723,0.965221E-01,0.874017E-02,0.105892E-01,0.625319E-02,1.83066,-0.548550E-03,0.114818E-02,0.179102E-01,15.9949,0.372778,249.000,56.2500,3.44438,98243.2,1.19661
CH-CHA_201201130200.csv,2012-01-13,03:30,13.145,0,36000,36000,-0.123956E-01,1,0.277983E-02,-1.30920,1,1.48476,-54.4462,2,18.4170,15.5716,1,4.77058,-1.20929,2,0.409055,0.874906E-01,-3.41323,0.931070,-0.758103E-01,0.552638E-12,0.409931E-14,19.1303,443.441,444.905,0.350000,1,141.903,3.28931,3.30016,0.350000,1,286.245,273.833,98216.0,1.24800,1006.93,0.231800E-01,-0.783618E-01,0.255709E-02,323.149,640.330,0.204895E-02,50.4660,317.181,264.688,0.624565E-01,0.788110,0.283544E-01,0.791090,-0.115516E-12,0.288881E-16,0.791090,2.18829,96.5825,85.4689,2.05405,-9999,0.996615E-01,0.174598,65.0217,0.309127E-01,0.240458E-01,-0.104536E-01,0,-9999,-9999,-9999,-9999,-9999,-9999,-9999,-0.122232E-01,1.01411,-4.28712,1.02773,-51.1403,1.06067,15.1966,1.06476,-1.13586,1.06067,800000099,800010099,800000099,800000199,800000099,800101099,801110199,811110199,81000,81000,80,81,1,0,7,2,21,13,0.151294,0.186257,0.116467E-01,0.403066E-01,0.641061,4552.24,-0.341155E-02,0.151966E-01,-1.13586,16.0000,0.243333,249.646,60.2899,3.52382,98214.3,1.19655
CH-CHA_201201130200.csv,2012-01-13,04:00,13.166,0,36000,36000,-0.610837E-02,2,0.199916E-02,-8.23160,1,5.74006,-9999,-9999,-9999,-10.3093,1,11.6561,-9999,-9999,-9999,-0.555070E-01,-9999,4.08187,-9999,0.150951E-09,-9999,22.1707,513.803,513.803,0.350000,1,-9999,-9999,-9999,-9999,1,284.153,273.800,98226.0,1.24983,1005.17,0.231749E-01,-9999,-9999,-9999,-9999,-9999,-9999,-999900.,-9999,0.337178,0.979978,0.351494E-01,1.03696,-0.124649E-12,0.680860E-14,1.03696,2.31950,112.847,71.0133,1.94251,-9999,0.699096E-01,0.171949,3.56796,0.563347,-9999,-0.937254E-01,0,-9999,-9999,-9999,-9999,-9999,-9999,-9999,-0.593409E-02,1.02937,-7.76425,1.06019,-9999,-9999,-7.92636,1.23370,-9999,-9999,800000099,800000199,800000099,800001199,800001199,800101199,810110199,811110199,80100,80100,80,81,9,1,4,0,10,2,0.244469,0.840919E-01,0.153371E-01,0.809451,5.51212,-9999,-0.618031E-02,-0.792636E-02,-9999,16.0000,0.216667,253.766,86.0365,3.54025,98225.6,1.19394
CH-CHA_201201130200.csv,2012-01-13,04:30,13.187,0,36000,36000,-0.118020E-01,0,0.186588E-02,-1.29157,0,0.440709,-9999,-9999,-9999,-1.61405,2,3.08945,-9999,-9999,-9999,0.141230,-9999,-1.38708,-9999,0.379794E-10,-9999,21.1295,489.883,489.883,0.350000,1,-9999,-9999,-9999,-9999,1,282.754,273.884,98214.0,1.24929,1005.17,0.231848E-01,-9999,-9999,-9999,-9999,-9999,-9999,-999900.,-9999,0.715568,1.03707,0.561633E-01,1.26123,-0.518882E-13,0.179746E-14,1.26123,2.32985,130.683,55.3948,2.55225,-9999,0.971954E-01,0.108906,61.1049,0.328943E-01,-9999,-0.105820E-01,0,-9999,-9999,-9999,-9999,-9999,-9999,-9999,-0.116737E-01,1.01099,-1.26344,1.02226,-9999,-9999,-1.43902,1.06649,-9999,-9999,800000099,800010199,800000099,800000199,800000099,800000099,800010199,801110199,81100,81100,80,80,3,3,0,13,1,2,0.770229E-01,0.123500,0.172894E-01,0.831206E-02,0.582624,-9999,-0.100612E-02,-0.143902E-02,-9999,16.0000,0.233333,254.153,88.4557,3.19782,98214.3,1.19280
CH-CHA_201201130200.csv,2012-01-13,05:00,13.208,0,36000,36000,-0.507225E-02,1,0.125726E-02,-0.870787,1,1.70620,-18.9978,1,12.4868,17.3318,1,5.98308,-0.421997,1,0.277368,0.924703E-01,-9999,-0.834730,-9999,0.211853E-10,0.853866E-13,20.5020,475.483,476.396,0.200000,0,82.6325,1.91642,1.92010,0.350000,1,282.223,273.939,98203.0,1.24800,1006.19,0.231920E-01,-0.273454E-01,0.148904E-02,188.248,645.250,0.119314E-02,29.1745,457.002,257.962,0.574567,1.17694,0.467728E-01,1.31053,-0.202644E-12,0.103333E-14,1.31053,3.29194,121.068,63.9789,2.04531,-9999,0.637519E-01,0.165297,25.5810,0.785739E-01,0.458363E-01,-0.108773E-01,0,-9999,-9999,-9999,-9999,-9999,-9999,-9999,-0.499184E-02,1.01611,-1.80447,1.03352,-16.5744,1.14345,15.4606,1.13737,-0.368167,1.14345,800000099,800010099,800000099,800000199,800001099,800001099,800010199,811110199,81000,81000,80,81,1,4,0,19,3,15,0.118922,0.189950,0.217220E-01,0.481328E-01,0.773425,1578.77,-0.143699E-02,0.154606E-01,-0.368167,15.9977,0.207778,255.000,93.7500,3.19766,98200.5,1.19570
CH-CHA_201201130200.csv,2012-01-13,05:30,13.229,0,36000,36000,-0.993655E-02,0,0.160509E-02,-1.22242,1,0.924714,-9999,-9999,-9999,-11.0187,1,7.93606,-9999,-9999,-9999,0.139462,-9999,0.475138,-9999,0.919383E-10,-9999,20.8490,483.682,483.682,0.200000,0,-9999,-9999,-9999,-9999,1,281.385,274.022,98202.0,1.24851,1005.17,0.231993E-01,-9999,-9999,-9999,-9999,-9999,-9999,-999900.,-9999,0.133438,1.29271,0.280492E-01,1.29988,0.288503E-13,0.440972E-14,1.29988,2.77980,100.726,84.1066,1.23644,-9999,0.892117E-01,0.274169,49.9188,0.402654E-01,-9999,-0.109186E-01,0,-9999,-9999,-9999,-9999,-9999,-9999,-9999,-0.982603E-02,1.01125,-1.19498,1.02296,-9999,-9999,-10.2057,1.07240,-9999,-9999,800000099,800000199,800000099,800001199,800001199,800101199,800110199,810110199,80100,80100,80,81,5,1,2,13,2,6,0.131933,0.396460,0.199442E-01,0.551775E-01,2.09511,-9999,-0.952204E-03,-0.102057E-01,-9999,15.9953,10.1206,255.000,93.7500,3.21721,98201.0,1.19544
CH-CHA_201201130200.csv,2012-01-13,06:00,13.250,0,36000,36000,-0.141664E-01,1,0.368330E-02,-1.07309,1,0.880219,-9999,-9999,-9999,-1.74083,1,7.18346,-9999,-9999,-9999,0.322379,-9999,3.65372,-9999,0.169001E-09,-9999,23.5516,546.775,546.775,0.250000,0,-9999,-9999,-9999,-9999,1,281.316,274.214,98200.0,1.24761,1005.18,0.232160E-01,-9999,-9999,-9999,-9999,-9999,-9999,-999900.,-9999,0.100504,0.583051,0.362710E-01,0.592760,-0.348552E-12,0.717578E-14,0.592760,2.02015,95.1079,80.2197,3.50812,-9999,0.106560,0.210657,96.9070,0.207415E-01,-9999,-0.803013E-02,0,-9999,-9999,-9999,-9999,-9999,-9999,-9999,-0.139913E-01,1.01251,-1.05053,1.02148,-9999,-9999,-1.61909,1.02980,-9999,-9999,800000099,800010199,800000099,800000199,800000199,800011199,811110099,811110099,81000,81000,80,81,2,3,2,11,0,0,0.209997,0.199793,0.115251E-01,0.126608E-01,1.21088,-9999,-0.837696E-03,-0.161909E-02,-9999,15.9965,2.59389,255.000,93.7500,3.50294,98199.8,1.20035
CH-CHA_201201130200.csv,2012-01-13,06:30,13.270,0,36000,36000,-0.810826E-02,1,0.202174E-02,-0.374602,2,0.326763,-9999,-9999,-9999,13.9967,1,5.94143,-9999,-9999,-9999,0.117533E-01,-9999,1.28402,-9999,-0.204242E-09,-9999,24.5065,568.948,568.948,0.350000,1,-9999,-9999,-9999,-9999,1,281.319,274.221,98202.0,1.24761,1005.17,0.232162E-01,-9999,-9999,-9999,-9999,-9999,-9999,-999900.,-9999,-0.530430,-0.670395E-01,0.260546E-01,0.535285,0.278186E-12,-0.833418E-14,0.535285,1.71505,11.1439,187.203,2.78993,-9999,0.806167E-01,0.284083,120.206,0.167213E-01,-9999,-0.370533E-02,0,-9999,-9999,-9999,-9999,-9999,-9999,-9999,-0.800497E-02,1.01290,-0.366761,1.02138,-9999,-9999,13.6622,1.02644,-9999,-9999,800000099,800011199,800000099,800000199,800000199,800001199,801110199,811110199,80100,80100,80,81,1,0,1,4,0,0,0.126388,0.432781,0.899639E-02,0.735260E-02,1.47336,-9999,-0.292459E-03,0.136622E-01,-9999,15.9981,0.455556,255.000,93.7500,3.67403,98200.8,1.20211
CH-CHA_201201130200.csv,2012-01-13,07:00,13.291,0,36000,36000,0.349919E-02,1,0.154682E-02,3.25963,2,1.67931,-11.6606,2,7.94508,5.62344,1,3.04667,-0.259054,2,0.176511,-0.205085,-9999,-5.64721,-9999,-0.252977E-09,-0.265365E-11,20.3160,471.470,473.813,0.150000,0,213.109,4.94556,4.97014,0.350000,1,280.951,274.099,98198.0,1.24578,1007.83,0.232068E-01,-0.167867E-01,0.384022E-02,485.775,652.740,0.308259E-02,74.4208,166.966,270.033,-0.794703,-0.168790,0.317619E-01,0.813051,-0.918857E-15,-0.124521E-13,0.813051,1.85521,0.817045,191.991,2.23884,-9999,0.529984E-01,0.104143,-3.92794,-0.511718,-0.279543,0.489862E-01,0,-9999,-9999,-9999,-9999,-9999,-9999,-9999,0.345018E-02,1.01420,2.54111,1.02083,-11.3471,1.03055,5.37825,1.03252,-0.252091,1.03055,800000099,800010099,800000099,800000099,800010099,800010099,811110199,811110199,81000,81000,80,81,3,2,0,2,5,4,0.109970,0.890235E-01,0.929186E-02,0.606652E-01,0.306047,952.358,0.202392E-02,0.537825E-02,-0.252091,15.9961,0.353333,255.000,93.7500,3.65074,98198.0,1.20034
CH-CHA_201201130200.csv,2012-01-13,07:30,13.312,0,36000,36000,-0.941856E-02,1,0.171187E-02,9.67768,1,4.79126,10.5810,1,2.88288,0.457010,2,0.370102,0.235048,1,0.640408E-01,-0.173218,1.47578,-0.916186,0.327833E-01,0.137921E-09,0.166817E-11,19.6412,455.660,458.186,0.350000,1,237.562,5.51126,5.54180,0.350000,1,280.825,273.996,98193.0,1.24591,1008.15,0.231992E-01,0.152311E-01,0.428087E-02,541.312,647.910,0.343593E-02,83.5475,106.598,271.494,-0.111334,0.267979,0.195000E-01,0.290841,0.679001E-13,0.702202E-14,0.290841,1.27421,78.7849,112.561,3.84439,-9999,0.869458E-01,0.112969,-5.84172,-0.344077,0.914627,0.886160E-01,0,-9999,-9999,-9999,-9999,-9999,-9999,-9999,-0.916621E-02,1.02753,9.99760,1.02925,9.99028,1.02319,-0.197750,1.02364,0.221926,1.02319,800000099,800100099,800000099,800000099,800000099,800100099,811110199,811110199,81100,81100,80,81,0,1,1,0,1,0,0.109929,0.112826,0.318293E-02,1.04344,0.133846E-01,265.270,0.795949E-02,-0.197750E-03,0.221926,15.9938,0.493333,255.000,93.7500,3.70861,98194.6,1.20050
CH-CHA_201201130200.csv,2012-01-13,08:00,13.333,0,36000,36000,-0.286968E-02,1,0.374397E-03,-0.271997E-01,1,0.329331,12.2058,1,7.95487,-2.77657,2,1.88583,0.271142,1,0.176711,0.00000,-4.27984,0.851755,-0.950730E-01,-0.176107E-10,-0.144930E-12,20.2765,470.357,472.184,0.350000,1,166.868,3.87086,3.88591,0.400000,0,281.577,273.996,98202.0,1.24680,1007.25,0.231971E-01,0.175700E-01,0.300697E-02,380.228,647.910,0.241174E-02,58.6854,267.681,266.792,-0.479359,-0.120372,0.251864E-01,0.494883,-0.229516E-12,-0.868530E-15,0.494883,1.20739,356.188,194.096,2.91725,-9999,0.479753E-01,0.103933,349.116,0.575741E-02,-0.222842E-02,-0.451452E-03,0,-9999,-9999,-9999,-9999,-9999,-9999,-9999,-0.281595E-02,1.01908,0.661935,1.02373,11.8769,1.02376,-2.83148,1.02509,0.263836,1.02376,800000099,800110099,800000099,800000199,800000099,801000199,811110199,811110199,80100,80100,80,81,1,0,2,0,6,1,0.377397E-01,0.168465,0.166117E-02,0.179852E-01,0.943771,8959.55,0.527085E-03,-0.283148E-02,0.263836,15.9953,0.397778,255.000,93.7500,3.78364,98201.0,1.19989
CH-CHA_201201130800.csv,2012-01-13,08:30,13.354,0,36000,36000,-0.416953E-01,1,0.586724E-02,7.63092,1,1.49698,-9999,-9999,-9999,-221.746,1,33.2923,-9999,-9999,-9999,-0.319029E-01,-9999,9.20684,-9999,-0.125344E-08,-9999,27.1086,629.337,629.337,0.350000,1,-9999,-9999,-9999,-9999,1,281.044,273.977,98118.0,1.24765,1005.17,0.232154E-01,-9999,-9999,-9999,-9999,-9999,-9999,-999900.,-9999,-0.156282E-01,0.565060E-01,0.112287E-01,0.596930E-01,-0.999488E-13,-0.462379E-13,0.596930E-01,1.10675,154.351,105.460,10.8424,-9999,0.182809,0.129956,-68.7649,-0.292300E-01,-9999,0.332850E-01,0,-9999,-9999,-9999,-9999,-9999,-9999,-9999,-0.383134E-01,1.08827,7.12713,1.07069,-9999,-9999,-210.764,1.05496,-9999,-9999,800000099,800111199,800000099,800000199,800000199,800000199,811110099,811110099,81000,81000,80,81,0,0,2,1,2,0,0.169692,0.825051E-01,0.771502E-02,0.153847E-01,8.81823,-9999,0.568307E-02,-0.210764,-9999,16.0000,0.413333,255.000,93.7500,3.70269,98200.3,1.19765
CH-CHA_201201130800.csv,2012-01-13,09:00,13.374,0,36000,36000,-0.333868E-02,1,0.116724E-02,0.805984,1,0.212575,-9999,-9999,-9999,0.847854,1,1.75499,-9999,-9999,-9999,0.290603,-9999,0.334129,-9999,0.138129E-09,-9999,27.3682,635.104,635.104,0.350000,1,-9999,-9999,-9999,-9999,1,280.958,274.150,98220.0,1.24816,1005.17,0.232059E-01,-9999,-9999,-9999,-9999,-9999,-9999,-999900.,-9999,-0.558059,-0.915902E-01,0.350014E-01,0.566608,0.526551E-13,0.504707E-14,0.566608,1.42060,359.581,189.320,3.54162,-9999,0.517194E-01,0.475979E-01,-14.7540,-0.136235,-9999,0.124212E-01,0,-9999,-9999,-9999,-9999,-9999,-9999,-9999,-0.328125E-02,1.01750,0.788059,1.02275,-9999,-9999,0.763508,1.02647,-9999,-9999,800000099,800011199,800000099,800000199,800000199,800001199,811110099,811110099,81000,81000,80,81,0,2,0,1,0,0,0.760623E-01,0.156195E-01,0.351394E-02,0.532404E-02,0.595660,-9999,0.628129E-03,0.763508E-03,-9999,15.9961,0.401111,255.000,93.7500,3.98857,98218.7,1.20167
CH-CHA_201201130800.csv,2012-01-13,09:30,13.395,1,36000,36000,-0.538901E-02,1,0.823924E-03,5.17066,0,1.88469,-9999,-9999,-9999,-4.11870,1,9.07545,-9999,-9999,-9999,0.280426,-9999,-3.01197,-9999,0.624476E-10,-9999,25.1182,583.097,583.097,0.100000,0,-9999,-9999,-9999,-9999,1,281.435,274.317,98245.0,1.24771,1005.18,0.232141E-01,-9999,-9999,-9999,-9999,-9999,-9999,-999900.,-9999,-0.737023,0.532390E-01,0.484686E-01,0.740532,-0.867098E-13,0.248615E-14,0.740532,1.66364,8.98026,175.868,3.75275,-9999,0.657199E-01,0.653585E-01,-4.71955,-0.425888,-9999,0.627325E-01,0,-9999,-9999,-9999,-9999,-9999,-9999,-9999,-0.530968E-02,1.01494,5.06318,1.02123,-9999,-9999,-4.36270,1.03060,-9999,-9999,800000099,800010199,800000099,800000199,800000199,800000199,811110099,811110099,80000,80000,80,81,4,0,0,0,0,2,0.276640E-01,0.939294E-01,0.912363E-02,0.737128E-01,2.39565,-9999,0.403707E-02,-0.436270E-02,-9999,15.9977,0.316667,255.000,93.7500,4.18952,98244.7,1.20429
CH-CHA_201201130800.csv,2012-01-13,10:00,13.416,1,36000,36000,-0.697238E-02,0,0.141394E-02,6.56794,1,1.26577,-9999,-9999,-9999,2.67302,2,1.41940,-9999,-9999,-9999,0.379249,-9999,-3.45745,-9999,-0.186947E-09,-9999,22.5300,523.359,523.359,0.350000,1,-9999,-9999,-9999,-9999,1,281.988,274.543,98261.0,1.24689,1005.18,0.232295E-01,-9999,-9999,-9999,-9999,-9999,-9999,-999900.,-9999,-0.576731,0.125989,0.370481E-01,0.591493,-0.172876E-13,-0.829769E-14,0.591493,1.60315,17.8161,167.677,3.59106,-9999,0.747784E-01,0.572995E-01,-5.47405,-0.367187,-9999,0.700778E-01,0,-9999,-9999,-9999,-9999,-9999,-9999,-9999,-0.685554E-02,1.01704,6.42364,1.02246,-9999,-9999,2.18400,1.02701,-9999,-9999,800000099,800010199,800000099,800000199,800000199,800001199,811110199,811110199,80100,80100,80,81,0,0,0,7,0,0,0.496171E-01,0.577436E-01,0.723823E-02,0.345086E-01,0.617359E-01,-9999,0.512518E-02,0.218400E-02,-9999,16.0000,0.350000,255.000,93.7500,4.47881,98260.7,1.20809
CH-CHA_201201130800.csv,2012-01-13,10:30,13.437,1,36000,36000,-0.590776E-02,1,0.197145E-02,6.77274,0,1.39383,-9999,-9999,-9999,-2.40668,0,1.59873,-9999,-9999,-9999,0.365513,-9999,-0.284802,-9999,-0.110073E-09,-9999,22.2989,518.434,518.434,0.350000,1,-9999,-9999,-9999,-9999,1,281.803,274.761,98255.0,1.24583,1005.18,0.232493E-01,-9999,-9999,-9999,-9999,-9999,-9999,-999900.,-9999,0.322443,0.221253,0.175253E-01,0.391445,0.898880E-13,-0.493627E-14,0.391445,1.16919,145.855,34.4570,2.56603,-9999,0.688625E-01,0.863764E-01,-4.14547,-0.484866,-9999,0.785380E-01,0,-9999,-9999,-9999,-9999,-9999,-9999,-9999,-0.577874E-02,1.02233,6.60224,1.02582,-9999,-9999,-2.77972,1.02370,-9999,-9999,800000099,800000199,800000099,800000199,800000199,800010199,811110199,811110199,81100,81100,80,81,1,2,0,12,0,0,0.100840,0.646502E-01,0.726293E-02,0.636735E-01,0.187678,-9999,0.527217E-02,-0.277972E-02,-9999,15.9981,0.337778,255.000,93.7500,4.79177,98255.0,1.21491
CH-CHA_201201130800.csv,2012-01-13,11:00,13.458,1,36000,36000,-0.263575E-02,0,0.724214E-03,5.31343,0,1.33490,15.2496,1,10.0723,2.13248,2,10.1556,0.339078,1,0.223960,0.387100,-9999,-1.80988,-9999,-0.412300E-10,-0.141162E-12,20.9349,487.111,487.925,0.250000,0,71.6761,1.66776,1.67054,0.350000,1,281.817,274.992,98259.0,1.24404,1006.08,0.232679E-01,0.219722E-01,0.129160E-02,163.916,695.975,0.103823E-02,23.5520,532.059,256.301,0.425849,0.455263,0.324014E-01,0.624229,-0.107649E-12,-0.196944E-14,0.624229,1.23556,142.165,46.9120,2.97535,-9999,0.460293E-01,0.594564E-01,-1.57849,-1.27337,0.348430,0.922306E-01,0,-9999,-9999,-9999,-9999,-9999,-9999,-9999,-0.259298E-02,1.01649,6.05542,1.02213,14.7370,1.02968,1.59971,1.02774,0.327679,1.02968,800000099,800000099,800000099,800001199,800001099,800001199,811110199,811110199,80000,80000,80,81,5,0,0,17,4,24,0.361133E-01,0.758127E-01,0.698667E-02,0.600858E-01,4.82228,2284.27,0.483814E-02,0.159971E-02,0.327679,15.9942,0.324444,254.747,92.1669,4.92884,98258.8,1.21739
CH-CHA_201201130800.csv,2012-01-13,11:30,13.479,1,36000,36000,-0.401353E-02,0,0.978369E-03,15.7122,0,2.58698,-1.60500,1,4.13127,-2.23377,1,1.97702,-0.356990E-01,1,0.918890E-01,0.563744,-2.37178,0.241918,-0.527539E-01,0.807022E-10,0.123736E-12,21.0811,491.305,491.675,0.350000,1,32.3223,0.753286,0.753854,0.350000,1,282.625,275.329,98221.0,1.24247,1005.59,0.233055E-01,-0.231329E-02,0.582448E-03,74.0083,712.938,0.468782E-03,10.3808,638.930,247.215,0.573431,0.145276,-0.855417E-02,0.591609,0.156668E-13,0.382818E-14,0.591609,1.45086,170.359,14.2165,-0.828477,-9999,0.568356E-01,0.936222E-01,-1.00453,-2.00094,-9.78948,0.221262,0,-9999,-9999,-9999,-9999,-9999,-9999,-9999,-0.394628E-02,1.01704,15.2766,1.02246,-1.61854,1.03190,-3.09549,1.02701,-0.360001E-01,1.03190,800000099,800000099,800000099,800000099,800001099,800011099,801110199,811110199,80000,80000,80,81,0,5,0,20,51,23,0.675444E-01,0.106758,0.129422E-01,0.105198,0.168724,165.287,0.122270E-01,-0.309549E-02,-0.360001E-01,16.0000,0.281111,253.287,83.0460,5.53299,98219.4,1.22415
CH-CHA_201201130800.csv,2012-01-13,12:00,13.499,1,36000,36000,-0.277444E-02,2,0.270500E-02,31.7454,0,6.28004,11.6919,0,1.39341,2.20003,2,0.537251,0.260268,0,0.310181E-01,1.43893,0.194049E-01,-0.394786,0.431963E-03,0.144866E-10,0.227507E-13,20.7182,484.438,484.807,0.350000,1,32.5373,0.760799,0.761378,0.250000,0,283.596,276.192,98205.0,1.23838,1005.61,0.233823E-01,0.168654E-01,0.586323E-03,74.7343,758.058,0.473458E-03,9.85865,683.324,247.322,-0.299228,-0.104472,0.304489E-01,0.318401,0.482352E-14,0.699220E-15,0.318401,1.75320,342.139,199.246,5.48762,-9999,0.473327E-01,0.185273,-0.287140,-7.00007,2.71517,0.538562,0,-9999,-9999,-9999,-9999,-9999,-9999,-9999,-0.270466E-02,1.02580,31.5418,1.02810,11.2533,1.02620,0.157997,1.02347,0.250505,1.02620,800000099,800000099,800000099,800000099,800001099,800011099,811100199,811110199,80000,80000,81,81,0,21,4,16,60,38,0.255600,0.932252E-01,0.217203E-01,0.373347,0.100325,12.0151,0.253281E-01,0.157997E-03,0.250505,16.0000,0.392222,253.000,81.2500,7.20704,98202.5,1.24161
CH-CHA_201201130800.csv,2012-01-13,12:30,13.520,1,36000,36000,-0.201535E-01,1,0.546256E-02,10.4258,1,1.73200,9.59842,1,1.06280,-1.94395,1,1.40530,0.213696,1,0.236617E-01,0.239959,0.956647E-01,-0.197934,0.212984E-02,0.142338E-09,0.236106E-12,20.5587,480.994,481.378,0.100000,0,34.1023,0.797862,0.798499,0.200000,0,284.950,276.336,98198.0,1.23763,1005.63,0.233962E-01,0.138475E-01,0.614523E-03,78.3695,765.828,0.496531E-03,10.2333,687.458,247.844,-0.697809,0.382989E-01,0.787642E-01,0.703284,0.234483E-12,0.692347E-14,0.703284,2.40196,17.8822,176.858,6.43032,-9999,0.127608,0.305244,-17.1317,-0.117326,1.08620,0.656447E-01,0,-9999,-9999,-9999,-9999,-9999,-9999,-9999,-0.198482E-01,1.01538,10.7497,1.02148,9.21710,1.03550,-2.59308,1.02965,0.205206,1.03550,800000099,800000099,800000099,800001099,800001099,800001099,800100199,811100199,81100,81100,80,81,0,0,0,18,25,14,0.310037,0.281230,0.192210E-01,0.714782E-01,0.120810,11.4222,0.863708E-02,-0.259308E-02,0.205206,16.0000,0.228889,253.000,81.2531,7.28181,98200.0,1.23952
CH-CHA_201201130800.csv,2012-01-13,13:00,13.541,1,36000,36000,-0.156951E-01,0,0.562863E-02,28.0547,0,3.00180,9.71753,0,1.38030,-2.81093,0,1.18334,0.216469,0,0.307477E-01,0.983975,0.121736,-0.295839,0.271180E-02,0.421415E-11,0.748518E-14,20.2857,475.832,476.235,0.350000,1,36.0315,0.845175,0.845890,0.250000,0,285.282,276.928,98155.0,1.23442,1005.67,0.234566E-01,0.140272E-01,0.649288E-03,82.9804,798.515,0.525984E-03,10.3918,715.534,248.477,0.412456,0.758999E-01,0.245419E-01,0.420099,-0.849486E-14,0.207740E-15,0.420099,1.72957,181.223,10.4269,3.34909,-9999,0.112759,0.175298,-4.39127,-0.457726,2.88701,0.200418,0,-9999,-9999,-9999,-9999,-9999,-9999,-9999,-0.153681E-01,1.02128,27.9216,1.02514,9.32123,1.02747,-4.46231,1.02399,0.207641,1.02747,800000099,800000099,800000099,800000099,800001099,800001199,810100199,811110199,80000,80000,80,81,9,1,0,19,53,21,0.211491,0.115822,0.232828E-01,0.955323E-01,0.301925E-01,14.0116,0.224917E-01,-0.446231E-02,0.207641,15.9953,0.404444,253.000,81.2500,8.13834,98154.8,1.25358
CH-CHA_201201130800.csv,2012-01-13,13:30,13.562,1,36000,36000,0.138091E-01,0,0.481362E-02,33.1233,0,4.12355,17.6015,1,2.24366,-4.12368,0,1.85501,0.392331,1,0.500103E-01,1.04758,0.157437,-0.204309,0.350920E-02,0.129345E-09,0.248298E-12,20.0776,472.258,472.687,0.250000,0,38.5420,0.906570,0.907393,0.500000,0,286.030,277.560,98107.0,1.23098,1005.71,0.235216E-01,0.254230E-01,0.694527E-03,88.9647,834.766,0.564206E-03,10.6574,745.801,249.252,0.341994,-0.206548,-0.668306E-02,0.399584,-0.134499E-12,0.644226E-14,0.399584,1.82211,215.795,328.870,-0.958319,-9999,0.105915,0.178009,-3.08133,-0.652315,1.88184,0.252611,0,-9999,-9999,-9999,-9999,-9999,-9999,-9999,0.135117E-01,1.02201,33.3049,1.02562,16.9603,1.02704,-6.09934,1.02378,0.378036,1.02704,800000099,800000099,800000099,800000099,800001099,800001099,810000199,811110199,81100,81100,81,81,6,5,0,24,42,26,0.105026,0.223405,0.275866E-01,0.154767,0.429550E-01,19.2473,0.269020E-01,-0.609934E-02,0.378036,15.9981,0.377778,253.000,81.2500,9.79169,98104.4,1.26484
CH-CHA_201201130800.csv,2012-01-13,14:00,13.583,1,36000,36000,0.334805E-01,0,0.559722E-02,52.2438,0,5.13118,14.7849,1,1.92517,-9.30884,1,2.19932,0.329755,1,0.429379E-01,1.08469,0.514363E-02,-0.326862,0.114721E-03,0.547830E-09,0.106693E-11,19.7851,466.525,466.950,0.350000,1,38.5326,0.908582,0.909408,0.300000,0,285.393,278.216,98097.0,1.22795,1005.72,0.235796E-01,0.213681E-01,0.694357E-03,89.1531,873.925,0.565458E-03,10.2015,784.772,249.275,-0.863992,-0.630324,0.599964E-01,1.07116,-0.215531E-12,0.276890E-13,1.07116,3.39047,324.980,216.113,3.21085,-9999,0.165122,0.434887,-7.40210,-0.271545,3.53358,0.256195,0,-9999,-9999,-9999,-9999,-9999,-9999,-9999,0.330686E-01,1.01246,52.0454,1.02006,13.8341,1.04877,-11.9928,1.03988,0.308549,1.04877,800000099,800000099,800000099,800000099,800001099,800001099,800000199,811100199,81100,81100,80,81,1,0,0,24,38,14,0.445562,0.388709,0.355040E-01,0.248526,0.493373E-01,45.9878,0.421428E-01,-0.119928E-01,0.308549,15.9934,0.470000,253.000,81.2500,13.5886,98100.2,1.28092
CH-CHA_201201131400.csv,2012-01-13,14:30,13.604,1,36000,36000,-0.209254E-01,1,0.457746E-02,-10.9140,2,6.40175,5.37051,1,0.784426,-5.25161,1,0.495722,0.119730,1,0.174879E-01,-0.743162,-0.470537,-0.436905,-0.104901E-01,-0.196423E-09,-0.310252E-12,19.4806,458.871,459.203,0.400000,0,30.7698,0.724791,0.725316,0.350000,1,287.464,277.767,98040.0,1.22931,1005.61,0.235552E-01,0.775850E-02,0.554473E-03,71.0775,846.952,0.451044E-03,8.39216,775.874,246.772,-0.946199,-0.686684,0.497063E-01,1.17017,-0.167681E-12,-0.100830E-13,1.17017,2.69331,326.672,215.970,2.43453,-9999,0.130468,0.316334,17.4706,0.115050,-2.03221,-0.676686E-01,0,-9999,-9999,-9999,-9999,-9999,-9999,-9999,-0.206373E-01,1.01396,-10.3272,1.02869,4.80793,1.12533,-4.26744,1.09841,0.107188,1.12533,800000099,800000099,800000099,800000099,800000099,800010099,800110199,801110199,81100,81100,80,81,7,2,3,0,14,5,0.345006,0.269831,0.178321E-01,0.542152,0.103806E-01,18.0464,-0.835394E-02,-0.426744E-02,0.107188,15.9981,0.281111,253.000,81.2500,11.0058,98093.2,1.25967
CH-CHA_201201131400.csv,2012-01-13,15:00,13.624,1,36000,36000,-0.111859E-01,1,0.150283E-02,0.673894,1,0.245121,5.99226,1,0.591609,-3.66877,1,0.357754,0.133540,1,0.131843E-01,-0.663294,-0.173985,-0.120901,-0.387734E-02,-0.384462E-10,-0.553002E-13,19.4273,456.756,457.057,0.300000,0,27.9438,0.656986,0.657418,0.300000,0,288.134,277.367,98083.0,1.23165,1005.58,0.235110E-01,0.865341E-02,0.503547E-03,64.4564,823.544,0.408838E-03,7.82671,759.088,245.710,-1.07630,-0.667829,0.627285E-01,1.26820,-0.121604E-13,-0.197898E-14,1.26820,2.15513,334.475,211.819,2.83514,-9999,0.952996E-01,0.979629E-01,-110.304,-0.182224E-01,0.112461,0.570949E-02,0,-9999,-9999,-9999,-9999,-9999,-9999,-9999,-0.110567E-01,1.01168,0.996751,1.01990,5.65874,1.05781,-3.60282,1.04582,0.126108,1.05781,800000099,800010099,800000099,800000099,800000099,800000099,801110199,811110199,81100,81100,80,80,1,6,3,0,6,2,0.856165E-01,0.992363E-01,0.110725E-01,0.789869E-02,0.964884E-02,11.4640,0.804794E-03,-0.360282E-02,0.126108,16.0000,0.288889,253.000,81.2500,8.07725,98086.1,1.24953
CH-CHA_201201131400.csv,2012-01-13,15:30,13.645,1,36000,36000,-0.223956E-01,1,0.236688E-02,-6.41312,1,0.655037,0.245071,2,0.924248E-01,-1.32021,2,0.634024,0.545882E-02,2,0.205871E-02,-0.865477,-0.243358,-0.997536E-01,-0.542065E-02,-0.562920E-10,-0.695726E-13,19.3881,455.015,455.271,0.350000,1,23.9622,0.562362,0.562679,0.400000,0,288.428,276.846,98075.0,1.23392,1005.51,0.234687E-01,0.353731E-03,0.431798E-03,55.1685,793.915,0.349942E-03,6.94892,738.746,244.041,-0.459693,-1.17663,0.142112E-01,1.26332,0.540444E-13,-0.290343E-14,1.26332,2.35570,301.308,248.660,0.644541,-9999,0.134722,0.246094,32.7433,0.613866E-01,-26.1685,-0.383668E-01,0,-9999,-9999,-9999,-9999,-9999,-9999,-9999,-0.221290E-01,1.01205,-6.24546,1.02469,0.239825,1.10505,-0.888618,1.08112,0.534195E-02,1.10505,800000099,800000099,800000099,800000099,800001099,800001099,810100199,811100199,81100,81100,80,81,7,17,5,1,76,27,0.194044,0.288739,0.940594E-02,0.528977E-01,0.280030E-01,2.99352,-0.503375E-02,-0.888618E-03,0.534195E-02,15.9981,0.447778,253.000,81.2500,6.98040,98075.0,1.23815
CH-CHA_201201131400.csv,2012-01-13,16:00,13.666,1,36000,36000,-0.275758E-01,1,0.316219E-02,8.84322,2,3.41993,1.77266,1,0.610102,3.68219,2,0.945057,0.394444E-01,1,0.135757E-01,-1.79969,-0.229005,-0.151781,-0.509572E-02,0.145890E-09,0.152790E-12,19.3545,452.376,452.591,0.350000,1,20.2699,0.473773,0.473998,0.350000,1,288.136,275.767,98092.0,1.23900,1005.45,0.233732E-01,0.255600E-02,0.365264E-03,46.4858,735.532,0.294805E-03,6.32003,689.046,242.234,0.128195,0.360543,0.506414E-01,0.385992,-0.849831E-14,0.753777E-14,0.385992,1.51723,112.211,70.4266,7.53883,-9999,0.149187,0.215112,-32.2472,-0.623309E-01,4.98868,0.475828E-01,0,-9999,-9999,-9999,-9999,-9999,-9999,-9999,-0.269679E-01,1.02254,8.72152,1.02597,1.70131,1.02766,3.09295,1.02366,0.378567E-01,1.02766,800000099,800000099,800000099,800000099,800000099,801011199,811110199,811110199,80000,80000,80,81,0,4,3,0,9,0,0.131231,0.293714,0.527914E-02,0.197123,0.222302E-01,5.08336,0.700101E-02,0.309295E-02,0.378567E-01,15.9973,0.311111,253.000,81.2500,4.73057,98094.2,1.21607
CH-CHA_201201131400.csv,2012-01-13,16:30,13.687,1,36000,36000,-0.378351E-01,1,0.675963E-02,-14.5645,1,2.87380,-26.1710,1,5.87184,1.06554,1,0.817017,-0.582051,1,0.130592,-0.885784,0.173011,-0.807768E-01,0.384782E-02,0.459464E-09,0.550709E-12,19.3334,450.975,451.219,0.300000,0,23.1728,0.540533,0.540825,0.300000,0,287.995,275.237,98101.0,1.24147,1005.48,0.233262E-01,-0.377169E-01,0.417574E-03,53.0410,708.271,0.336355E-03,7.48880,655.230,243.623,-1.23504,-0.475971,0.663815E-01,1.32525,0.434882E-12,0.237653E-13,1.32525,3.78842,3.51307,201.076,2.87114,-9999,0.174574,0.647951,31.3755,0.640627E-01,0.556512,-0.668352E-01,0,-9999,-9999,-9999,-9999,-9999,-9999,-9999,-0.373722E-01,1.01239,-15.5892,1.02558,-23.4073,1.11558,1.97068,1.08980,-0.520588,1.11558,800000099,800000099,800000099,800000099,800000099,810100099,801100199,801100199,81100,81100,80,81,3,11,6,3,6,26,0.953957,0.322376,0.195698E-01,0.245024,0.247609E-01,562.401,-0.124887E-01,0.197068E-02,-0.520588,15.9946,0.362222,253.000,81.2500,3.22283,98100.7,1.20799
CH-CHA_201201131400.csv,2012-01-13,17:00,13.708,0,36000,36000,-0.506332E-02,2,0.181340E-02,-13.8523,0,3.21214,0.590167E-01,2,0.637848,1.48566,0,0.694942,0.131209E-02,2,0.141810E-01,-0.614267,1.72967,0.139138,0.384552E-01,0.133555E-09,0.355496E-12,19.4635,453.386,453.933,0.350000,1,51.8077,1.20682,1.20827,0.350000,1,287.860,274.870,98105.0,1.24286,1005.83,0.232941E-01,0.850237E-04,0.933575E-03,118.426,689.923,0.751149E-03,17.1652,571.496,252.495,-0.981716,-0.224182,0.444960E-01,1.00797,0.155103E-12,0.686183E-14,1.00797,2.87746,6.38648,192.863,2.53010,-9999,0.638273E-01,0.313177,1.61247,1.24654,-234.719,-0.173609,0,-9999,-9999,-9999,-9999,-9999,-9999,-9999,-0.482543E-02,1.04930,-12.5973,1.09949,0.107266,1.42530,1.66049,1.36689,0.238480E-02,1.42530,800000099,800000099,800000099,800000099,800000099,800000099,810100199,811100199,81100,81100,80,81,7,8,5,0,7,11,0.380208,0.235625,0.105216E-01,0.309700,0.185265E-01,7.12746,-0.100770E-01,0.166049E-02,0.238480E-02,15.9977,0.388889,253.000,81.2500,2.45678,98102.5,1.20250
CH-CHA_201201131400.csv,2012-01-13,17:30,13.729,0,36000,36000,-0.445047E-02,1,0.523023E-03,-1.57228,0,3.07439,0.445251,1,0.410364,-0.699886,1,0.317881,0.988897E-02,1,0.911415E-02,-1.80856,0.211990E-01,0.129630,0.470828E-03,-0.540618E-10,-0.144158E-12,19.6424,455.622,456.176,0.350000,1,52.3774,1.21494,1.21642,0.250000,0,287.401,273.794,98135.0,1.24812,1005.82,0.231958E-01,0.640805E-03,0.943841E-03,119.260,638.528,0.756208E-03,18.6773,519.268,252.576,-0.686169,0.528537,0.534646E-01,0.867777,-0.531902E-13,-0.275230E-14,0.867777,2.52391,43.4741,142.394,3.53228,-9999,0.597137E-01,0.131152,11.6352,0.172751,-3.53124,-0.209740E-01,0,-9999,-9999,-9999,-9999,-9999,-9999,-9999,-0.437941E-02,1.01622,-1.49862,1.03279,0.412204,1.10503,-0.562740,1.09205,0.915502E-02,1.10503,800000099,800000099,800000099,800000099,800000099,800100099,811100199,811100199,81100,81100,80,81,13,32,18,2,2,23,0.118467,0.135609,0.822743E-02,0.547402,0.683394E-01,4.21128,-0.119375E-02,-0.562740E-03,0.915502E-02,16.0000,0.278333,253.000,81.2500,1.26684,98135.0,1.18431
CH-CHA_201201131400.csv,2012-01-13,18:00,13.749,0,36000,36000,-0.796268E-01,1,0.111419E-01,-28.9900,2,12.1000,-9999,-9999,-9999,-75.7220,1,15.3850,-9999,-9999,-9999,-2.19409,-9999,-0.401133,-9999,-0.270422E-08,-9999,19.4443,448.736,448.736,0.350000,1,-9999,-9999,-9999,-9999,1,286.417,272.495,98168.0,1.25507,1005.16,0.230780E-01,-9999,-9999,-9999,-9999,-9999,-9999,-999900.,-9999,-0.555066E-01,-0.480897E-01,0.215399E-01,0.765348E-01,-0.170426E-12,-0.139075E-12,0.765348E-01,1.62114,353.929,220.905,16.3461,-9999,0.251881,0.279133,47.3631,0.424381E-01,-9999,-0.912330E-01,0,45.8330,-6.95534,15.7330,39.1774,59.7480,83.7974,125.544,-0.765678E-01,1.03995,-27.9668,1.03658,-9999,-9999,-72.7845,1.01783,-9999,-9999,800000099,800000099,800000099,800000199,800000099,800100099,811100199,811100199,80000,80000,80,81,1,0,2,15,9,3,0.219339,0.316037,0.228905E-01,0.470323,0.905149,-9999,-0.221689E-01,-0.727845E-01,-9999,15.9907,0.411111,253.331,83.3203,0.250392,98167.6,1.16559
CH-CHA_201201131400.csv,2012-01-13,18:30,13.770,0,36000,36000,0.202897E-02,1,0.628076E-03,0.815392,2,0.590556,-9999,-9999,-9999,-9999,-9999,-9999,-9999,-9999,-9999,-0.795426,-9999,-9999,-9999,-9999,-9999,-9999,-9999,-9999,-9999,1,-9999,-9999,-9999,-9999,1,286.098,272.025,98193.0,1.25756,1005.14,0.230324E-01,-9999,-9999,-9999,-9999,-9999,-9999,-999900.,-9999,0.737779,0.602414,0.668342E-01,0.954824,0.236750E-13,-0.385690E-14,0.954824,1.67254,147.775,39.2325,4.01378,-9999,0.401672E-01,0.560954E-01,-6.83011,-0.294285,-9999,0.160597E-01,0,-9999,-9999,-9999,-9999,-9999,-9999,-9999,0.200271E-02,1.01311,0.799164,1.02031,-9999,-9999,-9999,-9999,-9999,-9999,800000099,800100199,800000099,800001199,800000199,800011199,811110199,811110199,81000,81000,80,80,2,1,3,1,0,0,0.386272E-01,0.719575E-01,0.160637E-02,0.132126,-9999,-9999,0.632235E-03,-9999,-9999,15.9973,0.280000,254.892,93.0773,-0.820141,98194.7,1.15812
CH-CHA_201201131400.csv,2012-01-13,19:00,13.791,0,36000,36000,0.918657E-02,1,0.190643E-02,10.1340,1,3.21944,-9999,-9999,-9999,-9999,-9999,-9999,-9999,-9999,-9999,-0.723911,-9999,-9999,-9999,-9999,-9999,-9999,-9999,-9999,-9999,1,-9999,-9999,-9999,-9999,1,285.189,271.598,98210.0,1.25976,1005.14,0.229922E-01,-9999,-9999,-9999,-9999,-9999,-9999,-999900.,-9999,0.227996,0.460453,0.263694E-01,0.514484,0.898650E-14,-0.540959E-14,0.514484,1.51819,115.605,63.6574,2.93793,-9999,0.853952E-01,0.153551,-5.28137,-0.380583,-9999,0.937210E-01,0,-9999,-9999,-9999,-9999,-9999,-9999,-9999,0.901876E-02,1.01861,9.90199,1.02343,-9999,-9999,-9999,-9999,-9999,-9999,800000099,800001199,800000099,800001199,800001099,800011099,811100199,811110199,81000,81000,80,81,0,3,0,5,0,0,0.145758,0.158385,0.295851E-02,0.542964,-9999,-9999,0.782006E-02,-9999,-9999,16.0000,0.331111,255.000,93.7500,-1.24942,98209.1,1.15121
CH-CHA_201201131400.csv,2012-01-13,19:30,13.812,0,36000,36000,0.164612E-02,1,0.759017E-03,1.29133,1,0.769976,-9999,-9999,-9999,-9999,-9999,-9999,-9999,-9999,-9999,-0.733670,-9999,-9999,-9999,-9999,-9999,-9999,-9999,-9999,-9999,1,-9999,-9999,-9999,-9999,1,284.849,271.166,98226.0,1.26197,1005.13,0.229519E-01,-9999,-9999,-9999,-9999,-9999,-9999,-999900.,-9999,0.197854,0.192462,0.746194E-02,0.276123,0.731570E-13,-0.341889E-14,0.276123,0.815721,144.124,44.2086,1.54855,-9999,0.361165E-01,0.292042E-01,-3.13589,-0.640966,-9999,0.281875E-01,0,-9999,-9999,-9999,-9999,-9999,-9999,-9999,0.160038E-02,1.02858,1.25378,1.02995,-9999,-9999,-9999,-9999,-9999,-9999,800000099,800100199,800000099,800001199,800000199,800111199,811110099,811110099,81000,81000,80,81,0,0,0,0,0,0,0.375906E-01,0.191565E-01,0.166093E-02,0.691112E-01,-9999,-9999,0.988433E-03,-9999,-9999,15.9926,0.366667,255.000,93.7500,-1.67310,98226.2,1.14125
CH-CHA_201201131400.csv,2012-01-13,20:00,13.833,0,36000,36000,0.157346E-02,2,0.746377E-03,-0.629676,1,0.503696,-9999,-9999,-9999,-9999,-9999,-9999,-9999,-9999,-9999,-0.775729,-9999,-9999,-9999,-9999,-9999,-9999,-9999,-9999,-9999,1,-9999,-9999,-9999,-9999,1,284.401,270.710,98226.0,1.26410,1005.13,0.229133E-01,-9999,-9999,-9999,-9999,-9999,-9999,-999900.,-9999,0.652490,0.419247,0.308556E-01,0.776185,-0.776033E-13,0.315145E-14,0.776185,1.39921,149.414,32.7221,2.27827,-9999,0.352808E-01,0.579280E-01,5.99478,0.335292,-9999,-0.140468E-01,0,-9999,-9999,-9999,-9999,-9999,-9999,-9999,0.153970E-02,1.02193,-0.602789,1.04460,-9999,-9999,-9999,-9999,-9999,-9999,800000099,800100199,800000099,800001199,800000199,800001199,811110099,811110099,80000,80000,80,81,0,0,2,1,1,0,0.693137E-01,0.455891E-01,0.952932E-03,0.454325E-01,-9999,-9999,-0.474422E-03,-9999,-9999,16.0000,0.255556,255.000,93.7500,-2.12185,98226.0,1.13741
CH-CHA_201201132000.csv,2012-01-13,20:30,13.854,0,36000,36000,-0.331856E-02,1,0.120805E-02,-0.315945,2,0.235772,-9999,-9999,-9999,3.26850,2,3.38143,-9999,-9999,-9999,-0.374303,-9999,-9999,-9999,-0.146927E-09,-9999,31.5918,723.778,723.778,0.350000,1,-9999,-9999,-9999,-9999,1,283.952,270.490,98159.0,1.26426,1005.13,0.229103E-01,-9999,-9999,-9999,-9999,-9999,-9999,-999900.,-9999,-0.505711E-01,0.594336,0.395258E-01,0.597792,-0.115281E-12,-0.465079E-14,0.597792,1.43705,86.4497,94.8635,3.79115,-9999,0.512338E-01,0.185118,36.5696,0.549637E-01,-9999,-0.485287E-02,0,-9999,-9999,-9999,-9999,-9999,-9999,-9999,-0.327479E-02,1.01336,-0.308485,1.02418,-9999,-9999,3.17613,1.03823,-9999,-9999,800000099,800100199,800000099,800000199,800000199,800110199,811110099,811110099,80000,80000,80,81,0,0,1,26,3,0,0.851729E-01,0.283035,0.202878E-02,0.132471,0.995431,-9999,-0.242760E-03,0.317613E-02,-9999,15.9957,0.311667,255.000,93.7500,-2.36775,98224.4,1.13369
CH-CHA_201201132000.csv,2012-01-13,21:00,13.874,0,36000,36000,-0.629259E-01,1,0.854351E-02,-0.789930,2,5.21268,-9999,-9999,-9999,-5.95418,2,12.5361,-9999,-9999,-9999,-1.28201,-9999,5.38840,-9999,-0.100094E-08,-9999,35.7057,815.293,815.293,0.350000,1,-9999,-9999,-9999,-9999,1,283.515,269.739,98215.0,1.26850,1005.12,0.228337E-01,-9999,-9999,-9999,-9999,-9999,-9999,-999900.,-9999,-0.902261E-01,-0.131751,0.197781E-01,0.160904,-0.347021E-13,-0.280331E-13,0.160904,1.60888,2.02140,235.596,7.06054,-9999,0.222725,0.280403,1202.13,0.167204E-02,-9999,-0.278172E-02,0,67.0184,-10.1703,23.0052,57.2863,87.3652,122.531,183.574,-0.613752E-01,1.02527,-0.769736,1.02623,-9999,-9999,-5.79143,1.01394,-9999,-9999,800000099,800100199,800000099,800000199,800000199,810010199,811110099,811110099,80000,80000,80,81,0,0,1,6,25,0,0.335379,0.218406,0.702165E-02,0.259570,1.98537,-9999,-0.603718E-03,-0.579143E-02,-9999,16.0000,9.52444,255.000,93.7500,-2.60613,98217.9,1.12442
CH-CHA_201201132000.csv,2012-01-13,21:30,13.895,0,36000,36000,0.232587E-02,1,0.103265E-02,1.29518,1,0.800527,-9999,-9999,-9999,-4.48350,1,2.57932,-9999,-9999,-9999,0.479219,-9999,2.05062,-9999,-0.116781E-09,-9999,37.1960,850.154,850.154,0.350000,1,-9999,-9999,-9999,-9999,1,283.462,270.020,98221.0,1.26726,1005.12,0.228561E-01,-9999,-9999,-9999,-9999,-9999,-9999,-999900.,-9999,0.144983E-01,0.256988,0.598889E-02,0.257467,-0.115366E-12,-0.313962E-14,0.257467,0.781153,91.7231,86.7710,1.33287,-9999,0.428410E-01,0.691790E-01,-5.21803,-0.385203,-9999,0.237348E-01,0,-9999,-9999,-9999,-9999,-9999,-9999,-9999,0.225796E-02,1.03007,1.25631,1.03094,-9999,-9999,-4.51460,1.02414,-9999,-9999,800000099,800101199,800000099,800001199,800111199,800111199,811110099,811110099,81000,81000,80,81,0,0,4,4,7,0,0.531621E-01,0.833610E-01,0.183461E-02,0.928957E-01,0.652639,-9999,0.986308E-03,-0.451460E-02,-9999,15.9953,0.447222,255.000,93.7500,-2.78337,98220.5,1.12270
CH-CHA_201201132000.csv,2012-01-13,22:00,13.916,0,36000,36000,-0.529177E-02,1,0.900539E-03,-0.503068,1,0.853551,-9999,-9999,-9999,-9999,-9999,-9999,-9999,-9999,-9999,-0.963788,-9999,-9999,-9999,-9999,-9999,-9999,-9999,-9999,-9999,1,-9999,-9999,-9999,-9999,1,283.238,269.456,98214.0,1.26982,1005.11,0.228100E-01,-9999,-9999,-9999,-9999,-9999,-9999,-999900.,-9999,-0.209775,-0.365247E-01,0.469069E-02,0.212982,0.152242E-12,0.363039E-14,0.212982,0.765833,354.518,189.877,1.26198,-9999,0.645549E-01,0.985421E-01,45.9612,0.437326E-01,-9999,-0.610578E-02,0,-9999,-9999,-9999,-9999,-9999,-9999,-9999,-0.518663E-02,1.02027,-0.489832,1.02702,-9999,-9999,-9999,-9999,-9999,-9999,800000099,800101199,800000099,800001199,800000199,801001199,811110199,811110199,81100,81100,80,81,10,0,1,4,2,0,0.705970E-01,0.125560,0.927257E-03,0.691306E-01,-9999,-9999,-0.383786E-03,-9999,-9999,15.9961,0.406667,255.000,93.7500,-2.90259,98214.5,1.11814
CH-CHA_201201132000.csv,2012-01-13,22:30,13.937,0,36000,36000,0.456099E-02,1,0.107779E-02,3.53388,1,1.73089,-9999,-9999,-9999,-9999,-9999,-9999,-9999,-9999,-9999,-0.888697E-01,-9999,-9999,-9999,-9999,-9999,-9999,-9999,-9999,-9999,1,-9999,-9999,-9999,-9999,1,282.684,269.404,98206.0,1.26996,1005.12,0.228074E-01,-9999,-9999,-9999,-9999,-9999,-9999,-999900.,-9999,0.514386,-0.103322,-0.150278E-03,0.524660,0.119369E-13,0.832555E-15,0.524660,1.08425,198.291,348.642,-0.164112E-01,-9999,0.599286E-01,0.380418E-01,-5.23430,-0.384006,-9999,0.461966E-01,0,-9999,-9999,-9999,-9999,-9999,-9999,-9999,0.447870E-02,1.01837,3.45345,1.02329,-9999,-9999,-9999,-9999,-9999,-9999,800000099,800100199,800000099,800001199,800110199,800111199,811110199,811110199,80100,80100,80,81,4,12,1,5,0,0,0.546807E-01,0.197301E-01,0.167302E-02,0.184963,-9999,-9999,0.270550E-02,-9999,-9999,15.9879,2.06722,255.000,93.7500,-3.08312,98204.5,1.12233
CH-CHA_201201132000.csv,2012-01-13,23:00,13.958,0,36000,36000,-0.145343E-01,1,0.263360E-02,4.67102,1,1.30963,-9999,-9999,-9999,-9999,-9999,-9999,-9999,-9999,-9999,-0.929798,-9999,-9999,-9999,-9999,-9999,-9999,-9999,-9999,-9999,1,-9999,-9999,-9999,-9999,1,281.932,268.861,98198.0,1.27243,1005.10,0.227633E-01,-9999,-9999,-9999,-9999,-9999,-9999,-999900.,-9999,0.167287,0.309898,0.173837E-01,0.352596,0.131944E-12,-0.206265E-15,0.352596,1.23134,116.303,61.6393,2.82595,-9999,0.106876,0.160967,-22.4599,-0.894927E-01,-9999,0.341733E-01,0,-9999,-9999,-9999,-9999,-9999,-9999,-9999,-0.141936E-01,1.02401,4.54856,1.02692,-9999,-9999,-9999,-9999,-9999,-9999,800000099,800100199,800000099,800001199,800000199,801100199,811110099,811110099,80000,80000,80,81,1,0,3,7,0,0,0.265425,0.547083E-01,0.180100E-02,0.903838E-01,-9999,-9999,0.355656E-02,-9999,-9999,16.0000,0.447778,255.000,93.7500,-2.84106,98199.5,1.11358
CH-CHA_201201132000.csv,2012-01-13,23:30,13.979,0,36000,36000,0.110576E-01,1,0.118908E-02,3.66223,2,1.22194,-9999,-9999,-9999,-9999,-9999,-9999,-9999,-9999,-9999,0.684818E-01,-9999,-9999,-9999,-9999,-9999,-9999,-9999,-9999,-9999,1,-9999,-9999,-9999,-9999,1,281.927,268.901,98196.0,1.27221,1005.11,0.227671E-01,-9999,-9999,-9999,-9999,-9999,-9999,-999900.,-9999,-0.115394,-0.350687,0.218704E-01,0.369832,0.174295E-12,0.342545E-14,0.369832,1.07229,274.450,251.786,3.39023,-9999,0.932290E-01,0.936530E-01,-19.0143,-0.105710,-9999,0.307201E-01,0,-9999,-9999,-9999,-9999,-9999,-9999,-9999,0.108067E-01,1.02322,3.56801,1.02641,-9999,-9999,-9999,-9999,-9999,-9999,800000099,800100199,800000099,800001199,800000199,801010199,811110199,811110199,81000,81000,80,81,0,0,15,1,28,0,0.713456E-01,0.114506,0.145435E-02,0.983249E-01,-9999,-9999,0.279033E-02,-9999,-9999,15.9942,0.823333,255.000,93.7500,-3.07808,98198.6,1.10775
CH-CHA_201201132000.csv,2012-01-14,00:00,14.000,0,36000,36000,0.456031E-02,1,0.879722E-03,-0.924076,2,2.41761,-9999,-9999,-9999,-9999,-9999,-9999,-9999,-9999,-9999,-0.507291,-9999,-9999,-9999,-9999,-9999,-9999,-9999,-9999,-9999,1,-9999,-9999,-9999,-9999,1,281.620,268.605,98190.0,1.27353,1005.10,0.227435E-01,-9999,-9999,-9999,-9999,-9999,-9999,-999900.,-9999,-0.164615,-0.407238,0.248272E-01,0.439951,0.458098E-13,-0.333881E-14,0.439951,0.897886,300.884,247.990,3.23502,-9999,0.598400E-01,0.577552E-01,19.9259,0.100874,-9999,-0.120641E-01,0,-9999,-9999,-9999,-9999,-9999,-9999,-9999,0.448897E-02,1.01589,-0.898562,1.02839,-9999,-9999,-9999,-9999,-9999,-9999,800000099,800100199,800000099,800001199,800010199,801010199,811110199,811110199,81000,81000,80,81,1,0,2,0,0,0,0.642906E-01,0.503581E-01,0.861640E-03,0.522077,-9999,-9999,-0.701983E-03,-9999,-9999,16.0000,1.61278,255.000,93.7500,-3.37331,98189.8,1.10524
CH-CHA_201201132000.csv,2012-01-14,00:30,14.020,0,36000,36000,-0.337087E-02,1,0.830620E-03,-0.868614E-01,2,0.627620,-9999,-9999,-9999,-9999,-9999,-9999,-9999,-9999,-9999,-0.306912,-9999,-9999,-9999,-9999,-9999,-9999,-9999,-9999,-9999,1,-9999,-9999,-9999,-9999,1,275.264,268.426,98169.0,1.27411,1005.10,0.227332E-01,-9999,-9999,-9999,-9999,-9999,-9999,-999900.,-9999,-0.166043,-0.176204,0.202961E-01,0.242961,-0.460867E-13,-0.546892E-14,0.242961,0.987421,303.988,226.700,4.79188,-9999,0.514360E-01,0.843996E-01,134.605,0.149326E-01,-9999,-0.131869E-02,0,-9999,-9999,-9999,-9999,-9999,-9999,-9999,-0.330807E-02,1.01898,-0.848029E-01,1.02427,-9999,-9999,-9999,-9999,-9999,-9999,800000099,800100199,800000099,800001199,800000199,810000199,811110199,811110199,80000,80000,80,81,11,2,0,2,0,0,0.727532E-01,0.940937E-01,0.195246E-02,0.454459,-9999,-9999,-0.662207E-04,-9999,-9999,15.9969,5.78333,255.000,93.7500,-3.19835,98169.2,1.10341
CH-CHA_201201132000.csv,2012-01-14,01:00,14.041,0,36000,36000,-0.600712E-02,1,0.771957E-03,-1.00694,1,0.725524,-9999,-9999,-9999,-9999,-9999,-9999,-9999,-9999,-9999,0.205588,-9999,-9999,-9999,-9999,-9999,-9999,-9999,-9999,-9999,1,-9999,-9999,-9999,-9999,1,275.515,268.546,98135.0,1.27310,1005.11,0.227512E-01,-9999,-9999,-9999,-9999,-9999,-9999,-999900.,-9999,0.560239E-01,-0.190956,0.204511E-01,0.200053,0.645212E-13,0.182050E-14,0.200053,0.934238,275.639,286.351,5.86751,-9999,0.686913E-01,0.819822E-01,27.6491,0.726966E-01,-9999,-0.114558E-01,0,-9999,-9999,-9999,-9999,-9999,-9999,-9999,-0.588353E-02,1.02101,-0.978172,1.02940,-9999,-9999,-9999,-9999,-9999,-9999,800000099,800100199,800000099,800001199,800000199,810000199,811110199,811110199,81100,81100,80,81,0,0,0,4,0,0,0.309612E-01,0.131300,0.170277E-02,0.423816E-01,-9999,-9999,-0.764438E-03,-9999,-9999,15.9981,5.67389,255.000,93.7500,-2.66072,98134.7,1.10761
CH-CHA_201201132000.csv,2012-01-14,01:30,14.062,0,36000,36000,-0.246328E-02,1,0.544072E-03,-0.315216,1,0.106402,-9999,-9999,-9999,-9999,-9999,-9999,-9999,-9999,-9999,0.342400,-9999,-9999,-9999,-9999,-9999,-9999,-9999,-9999,-9999,1,-9999,-9999,-9999,-9999,1,275.623,268.746,98137.0,1.27218,1005.10,0.227677E-01,-9999,-9999,-9999,-9999,-9999,-9999,-999900.,-9999,0.283731,-0.263188,0.115237E-01,0.387175,-0.224037E-13,-0.222683E-14,0.387175,0.984327,229.249,317.151,1.70559,-9999,0.440029E-01,0.477766E-01,23.2178,0.865717E-01,-9999,-0.560232E-02,0,-9999,-9999,-9999,-9999,-9999,-9999,-9999,-0.242413E-02,1.01615,-0.306730,1.02767,-9999,-9999,-9999,-9999,-9999,-9999,800000099,800110199,800000099,800001199,800000199,800000199,811110199,811110199,81100,81100,80,81,0,12,4,5,18,0,0.604855E-01,0.342069E-01,0.861258E-03,0.337268E-02,-9999,-9999,-0.239881E-03,-9999,-9999,15.9926,5.77944,255.000,93.7500,-2.02338,98136.7,1.11074
CH-CHA_201201132000.csv,2012-01-14,02:00,14.083,0,36000,36000,-0.679723E-02,1,0.145139E-02,-1.29572,2,0.755999,-9999,-9999,-9999,-9999,-9999,-9999,-9999,-9999,-9999,0.405425,-9999,-9999,-9999,-9999,-9999,-9999,-9999,-9999,-9999,1,-9999,-9999,-9999,-9999,1,275.967,268.983,98146.0,1.27118,1005.11,0.227857E-01,-9999,-9999,-9999,-9999,-9999,-9999,-999900.,-9999,0.527167,0.186526E-02,0.299244E-01,0.528019,-0.462367E-13,-0.433694E-14,0.528019,1.75011,188.214,0.202727,3.24887,-9999,0.731245E-01,0.689122E-01,25.9234,0.775360E-01,-9999,-0.138685E-01,0,-9999,-9999,-9999,-9999,-9999,-9999,-9999,-0.670025E-02,1.01447,-1.26266,1.02618,-9999,-9999,-9999,-9999,-9999,-9999,800000099,800110199,800000099,800001199,800000199,800100199,811110199,811110199,80100,80100,80,81,0,0,0,7,3,0,0.931757E-01,0.413077E-01,0.334114E-02,0.242241E-01,-9999,-9999,-0.988251E-03,-9999,-9999,15.9977,5.65333,255.000,93.7500,-1.39905,98146.4,1.11621
CH-CHA_201201140200.csv,2012-01-14,02:30,14.104,0,36000,36000,-0.445506E-03,2,0.341204E-03,0.211099E-01,2,0.677261E-01,-9999,-9999,-9999,-9999,-9999,-9999,-9999,-9999,-9999,0.169232,-9999,-9999,-9999,-9999,-9999,-9999,-9999,-9999,-9999,1,-9999,-9999,-9999,-9999,1,276.104,269.082,98111.0,1.27025,1005.11,0.228022E-01,-9999,-9999,-9999,-9999,-9999,-9999,-999900.,-9999,0.436008,0.236577E-01,0.182733E-01,0.437032,0.214694E-13,-0.566642E-14,0.437032,1.14158,181.870,3.10581,2.39637,-9999,0.187276E-01,0.368772E-01,-26.7216,-0.752200E-01,-9999,0.882881E-03,0,-9999,-9999,-9999,-9999,-9999,-9999,-9999,-0.436465E-03,1.02072,0.205995E-01,1.02478,-9999,-9999,-9999,-9999,-9999,-9999,800000099,800110199,800000099,800001199,800000199,800110199,811110199,811110199,80100,80100,80,81,0,16,0,13,17,0,0.469667E-01,0.242431E-01,0.254450E-02,0.608881E-02,-9999,-9999,0.161344E-04,-9999,-9999,16.0000,5.59000,255.000,93.7500,-1.23888,98155.0,1.11593
CH-CHA_201201140200.csv,2012-01-14,03:00,14.125,0,36000,36000,-0.259776E-01,1,0.365503E-02,3.39247,1,0.750887,-9999,-9999,-9999,-9999,-9999,-9999,-9999,-9999,-9999,-0.506832,-9999,-9999,-9999,-9999,-9999,-9999,-9999,-9999,-9999,1,-9999,-9999,-9999,-9999,1,275.852,268.786,98167.0,1.27238,1005.10,0.227641E-01,-9999,-9999,-9999,-9999,-9999,-9999,-999900.,-9999,0.121225E-01,0.338503,0.334483E-01,0.340367,0.914964E-13,0.305812E-13,0.340367,1.53808,89.2825,87.9490,5.63964,-9999,0.142886,0.145679,-73.8815,-0.272057E-01,-9999,0.185651E-01,0,-9999,-9999,-9999,-9999,-9999,-9999,-9999,-0.253536E-01,1.02461,3.30225,1.02732,-9999,-9999,-9999,-9999,-9999,-9999,800000099,800110199,800000099,800001199,800000199,800000199,811110199,811110199,80000,80000,80,81,0,0,1,9,13,0,0.210234,0.768360E-01,0.428751E-02,0.104418E-01,-9999,-9999,0.258216E-02,-9999,-9999,16.0000,5.57500,255.000,93.7500,-1.44536,98166.8,1.11134
CH-CHA_201201140200.csv,2012-01-14,03:30,14.145,0,36000,36000,-0.492673E-02,1,0.132896E-02,-1.25162,2,0.757895,-9999,-9999,-9999,-9999,-9999,-9999,-9999,-9999,-9999,0.650684E-01,-9999,-9999,-9999,-9999,-9999,-9999,-9999,-9999,-9999,1,-9999,-9999,-9999,-9999,1,275.771,268.824,98184.0,1.27242,1005.11,0.227634E-01,-9999,-9999,-9999,-9999,-9999,-9999,-999900.,-9999,-0.393201,-0.292182,0.331681E-01,0.490996,0.472796E-14,0.343301E-14,0.490996,1.47180,324.997,216.615,3.87343,-9999,0.622249E-01,0.916129E-01,16.5408,0.121518,-9999,-0.157277E-01,0,-9999,-9999,-9999,-9999,-9999,-9999,-9999,-0.484899E-02,1.01603,-1.21552,1.02970,-9999,-9999,-9999,-9999,-9999,-9999,800000099,800010199,800000099,800001199,800000199,800000199,811110199,811110199,80000,80000,80,81,2,4,2,11,17,0,0.104988,0.728239E-01,0.541359E-02,0.176104E-01,-9999,-9999,-0.950430E-03,-9999,-9999,16.0000,5.56722,255.000,93.7500,-1.23374,98184.0,1.11266
CH-CHA_201201140200.csv,2012-01-14,04:00,14.166,0,36000,36000,-0.696207E-02,1,0.203338E-02,2.16038,1,0.554496,-9999,-9999,-9999,-9999,-9999,-9999,-9999,-9999,-9999,-0.250104,-9999,-9999,-9999,-9999,-9999,-9999,-9999,-9999,-9999,1,-9999,-9999,-9999,-9999,1,275.418,268.678,98172.0,1.27296,1005.10,0.227538E-01,-9999,-9999,-9999,-9999,-9999,-9999,-999900.,-9999,-0.142285,0.123497,0.274525E-01,0.190395,0.532432E-13,-0.908839E-14,0.190395,1.05835,48.5870,139.043,8.29022,-9999,0.739541E-01,0.689530E-01,-16.0861,-0.124953,-9999,0.228321E-01,0,-9999,-9999,-9999,-9999,-9999,-9999,-9999,-0.670993E-02,1.03758,2.08539,1.03596,-9999,-9999,-9999,-9999,-9999,-9999,800000099,800001199,800000099,800001199,800000199,800000199,811110199,811110199,80000,80000,80,81,0,7,0,10,11,0,0.755497E-01,0.565455E-01,0.581085E-02,0.131258E-01,-9999,-9999,0.162991E-02,-9999,-9999,15.9903,5.60667,255.000,93.7500,-1.03115,98171.9,1.11323
CH-CHA_201201140200.csv,2012-01-14,04:30,14.187,0,36000,36000,-0.125554E-01,1,0.344159E-02,4.63669,0,0.811521,-9999,-9999,-9999,-9999,-9999,-9999,-9999,-9999,-9999,-0.342589E-01,-9999,-9999,-9999,-9999,-9999,-9999,-9999,-9999,-9999,1,-9999,-9999,-9999,-9999,1,275.340,268.658,98159.0,1.27288,1005.11,0.227551E-01,-9999,-9999,-9999,-9999,-9999,-9999,-999900.,-9999,-0.837680,-0.900360E-01,0.682392E-01,0.845264,-0.385895E-13,0.398356E-14,0.845264,2.50434,0.374252,186.135,4.63060,-9999,0.993162E-01,0.174161,-18.1513,-0.110736,-9999,0.364912E-01,0,-9999,-9999,-9999,-9999,-9999,-9999,-9999,-0.123830E-01,1.01392,4.54272,1.02069,-9999,-9999,-9999,-9999,-9999,-9999,800000099,800000199,800000099,800001199,800000199,800100199,800110199,811110199,81100,81100,80,81,0,2,2,3,9,0,0.206718,0.123260,0.183456E-01,0.108866E-01,-9999,-9999,0.355073E-02,-9999,-9999,16.0000,5.45833,255.000,93.7500,-0.925027,98159.0,1.11181
CH-CHA_201201140200.csv,2012-01-14,05:00,14.208,0,36000,36000,-0.708170E-02,1,0.203640E-02,4.10501,0,0.718633,-9999,-9999,-9999,-9999,-9999,-9999,-9999,-9999,-9999,0.109577,-9999,-9999,-9999,-9999,-9999,-9999,-9999,-9999,-9999,1,-9999,-9999,-9999,-9999,1,275.308,268.722,98136.0,1.27228,1005.10,0.227659E-01,-9999,-9999,-9999,-9999,-9999,-9999,-999900.,-9999,-0.756708,0.465371E-02,0.695217E-01,0.759909,0.210646E-13,-0.865890E-14,0.759909,2.18511,10.7757,179.648,5.24915,-9999,0.746066E-01,0.158845,-8.68957,-0.231312,-9999,0.430273E-01,0,-9999,-9999,-9999,-9999,-9999,-9999,-9999,-0.697891E-02,1.01473,4.02014,1.02111,-9999,-9999,-9999,-9999,-9999,-9999,800000099,800000199,800000099,800001199,800000199,800000199,811110199,811110199,80100,80100,80,81,3,1,3,15,11,2,0.164990,0.133490,0.192111E-01,0.760386E-02,-9999,-9999,0.314374E-02,-9999,-9999,15.9829,9.62778,255.000,93.7500,-1.07800,98136.2,1.11234
CH-CHA_201201140200.csv,2012-01-14,05:30,14.229,0,36000,36000,-0.951883E-02,0,0.871200E-03,7.67366,1,1.34466,-9999,-9999,-9999,-9999,-9999,-9999,-9999,-9999,-9999,-0.260312,-9999,-9999,-9999,-9999,-9999,-9999,-9999,-9999,-9999,1,-9999,-9999,-9999,-9999,1,274.822,268.570,98106.0,1.27261,1005.10,0.227600E-01,-9999,-9999,-9999,-9999,-9999,-9999,-999900.,-9999,-0.262530,-0.313101,0.161014E-01,0.408918,0.105576E-12,-0.651853E-14,0.408918,1.53577,308.245,230.021,2.25664,-9999,0.864857E-01,0.116812,-7.23959,-0.277640,-9999,0.693671E-01,0,-9999,-9999,-9999,-9999,-9999,-9999,-9999,-0.931694E-02,1.02167,7.48360,1.02540,-9999,-9999,-9999,-9999,-9999,-9999,800000099,800001199,800000099,800001199,800010199,800010199,811110199,811110199,80100,80100,80,81,0,3,0,8,12,0,0.782114E-01,0.147454,0.795948E-02,0.387176E-01,-9999,-9999,0.585066E-02,-9999,-9999,15.9942,6.71222,255.000,93.7500,-1.01018,98104.7,1.11033
CH-CHA_201201140200.csv,2012-01-14,06:00,14.250,0,36000,36000,-0.102501E-01,1,0.214602E-02,-0.446708E-01,2,0.788732,-9999,-9999,-9999,-9999,-9999,-9999,-9999,-9999,-9999,-0.423373,-9999,-9999,-9999,-9999,-9999,-9999,-9999,-9999,-9999,1,-9999,-9999,-9999,-9999,1,274.342,268.323,98101.0,1.27372,1005.10,0.227402E-01,-9999,-9999,-9999,-9999,-9999,-9999,-999900.,-9999,-0.510929,-0.346104,0.442889E-01,0.618707,0.835695E-13,-0.981836E-14,0.618707,1.70452,336.171,214.114,4.10492,-9999,0.897074E-01,0.111630,1387.81,0.144833E-02,-9999,-0.388968E-03,0,-9999,-9999,-9999,-9999,-9999,-9999,-9999,-0.101295E-01,1.01191,-0.438020E-01,1.01983,-9999,-9999,-9999,-9999,-9999,-9999,800000099,800010199,800000099,800001199,800000199,800000199,811110199,811110199,80000,80000,80,81,0,5,0,4,11,4,0.125554,0.894530E-01,0.825160E-02,0.239606E-01,-9999,-9999,-0.342146E-04,-9999,-9999,15.9942,5.89222,255.000,93.7500,-1.22198,98100.2,1.10523
CH-CHA_201201140200.csv,2012-01-14,06:30,14.270,0,36000,36000,-0.137678E-01,1,0.292438E-02,-3.47749,2,1.85755,-9999,-9999,-9999,-9999,-9999,-9999,-9999,-9999,-9999,-0.325899,-9999,-9999,-9999,-9999,-9999,-9999,-9999,-9999,-9999,1,-9999,-9999,-9999,-9999,1,274.067,268.133,98100.0,1.27461,1005.09,0.227243E-01,-9999,-9999,-9999,-9999,-9999,-9999,-999900.,-9999,-0.263814,0.124270,0.349600E-01,0.293706,-0.124566E-12,0.134499E-13,0.293706,1.37684,38.9343,154.777,6.83616,-9999,0.103931,0.102670,27.7227,0.725036E-01,-9999,-0.261178E-01,0,-9999,-9999,-9999,-9999,-9999,-9999,-9999,-0.135298E-01,1.01759,-3.38418,1.02757,-9999,-9999,-9999,-9999,-9999,-9999,800000099,800000199,800000099,800001199,800000199,800000199,811110199,811110199,81100,81100,80,81,4,0,0,21,7,0,0.957389E-01,0.101251,0.835151E-02,0.351773E-01,-9999,-9999,-0.264161E-02,-9999,-9999,16.0000,5.75278,255.000,93.7500,-1.43786,98099.8,1.10223
CH-CHA_201201140200.csv,2012-01-14,07:00,14.291,0,36000,36000,0.256969E-02,1,0.124582E-02,5.87222,0,1.52838,-9999,-9999,-9999,-9999,-9999,-9999,-9999,-9999,-9999,-0.721542,-9999,-9999,-9999,-9999,-9999,-9999,-9999,-9999,-9999,1,-9999,-9999,-9999,-9999,1,273.745,267.713,98101.0,1.27662,1005.09,0.226885E-01,-9999,-9999,-9999,-9999,-9999,-9999,-999900.,-9999,-0.625319,-0.341662,0.515226E-01,0.714431,0.278844E-13,-0.692614E-14,0.714431,2.68513,338.867,208.651,4.13559,-9999,0.448653E-01,0.767632E-01,-1.32067,-1.52195,-9999,0.102006,0,-9999,-9999,-9999,-9999,-9999,-9999,-9999,0.253111E-02,1.01524,5.74919,1.02140,-9999,-9999,-9999,-9999,-9999,-9999,800000099,800000199,800000099,800001199,801110199,801110199,811110199,811110199,81000,81000,80,81,2,4,4,7,12,0,0.882375E-01,0.586574E-01,0.663106E-02,0.713702E-01,-9999,-9999,0.448063E-02,-9999,-9999,15.9860,5.92000,255.000,93.7500,-1.93285,98100.2,1.09304
CH-CHA_201201140200.csv,2012-01-14,07:30,14.312,0,36000,36000,-0.106645E-01,1,0.214677E-02,1.09249,1,1.99991,-9999,-9999,-9999,-9999,-9999,-9999,-9999,-9999,-9999,-0.486680,-9999,-9999,-9999,-9999,-9999,-9999,-9999,-9999,-9999,1,-9999,-9999,-9999,-9999,1,271.802,267.430,98098.0,1.27793,1005.09,0.226652E-01,-9999,-9999,-9999,-9999,-9999,-9999,-999900.,-9999,-0.245650,-0.364994,0.309011E-01,0.441044,-0.393686E-13,0.122222E-13,0.441044,1.30798,314.922,236.058,4.01764,-9999,0.913517E-01,0.632707E-01,-59.9223,-0.335434E-01,-9999,0.931081E-02,0,-9999,-9999,-9999,-9999,-9999,-9999,-9999,-0.104494E-01,1.02059,1.06616,1.02470,-9999,-9999,-9999,-9999,-9999,-9999,800000099,800000199,800000099,800001199,800000199,800000199,811110099,811110099,80100,80100,80,81,0,2,0,4,18,7,0.883023E-01,0.326825E-01,0.555679E-02,0.427039,-9999,-9999,0.830064E-03,-9999,-9999,15.9957,5.69833,255.000,93.7500,-2.33232,98098.7,1.08950
CH-CHA_201201140200.csv,2012-01-14,08:00,14.333,0,36000,36000,-0.766133E-02,0,0.886807E-03,5.98412,0,0.919588,-9999,-9999,-9999,-9999,-9999,-9999,-9999,-9999,-9999,-0.130736,-9999,-9999,-9999,-9999,-9999,-9999,-9999,-9999,-9999,1,-9999,-9999,-9999,-9999,1,272.589,267.354,98098.0,1.27829,1005.09,0.226588E-01,-9999,-9999,-9999,-9999,-9999,-9999,-999900.,-9999,-0.728581,-0.117667,0.851650E-01,0.742919,-0.728087E-14,0.406613E-14,0.742919,2.20120,358.882,189.174,6.58261,-9999,0.774170E-01,0.926115E-01,-6.65831,-0.301879,-9999,0.601628E-01,0,-9999,-9999,-9999,-9999,-9999,-9999,-9999,-0.754875E-02,1.01491,5.85981,1.02121,-9999,-9999,-9999,-9999,-9999,-9999,800000099,800000199,800000099,800001199,800000199,800000199,810110199,811110199,80000,80000,80,81,11,5,1,5,8,0,0.745001E-01,0.100452,0.102716E-01,0.153577E-01,-9999,-9999,0.456087E-02,-9999,-9999,15.9957,5.69111,255.000,93.7500,-2.10217,98099.4,1.09012
CH-CHA_201201140800.csv,2012-01-14,08:30,14.354,0,36000,36000,-0.766449E-02,0,0.173456E-02,2.17735,0,0.528990,-9999,-9999,-9999,-9999,-9999,-9999,-9999,-9999,-9999,-0.536584,-9999,-9999,-9999,-9999,-9999,-9999,-9999,-9999,-9999,1,-9999,-9999,-9999,-9999,1,272.238,267.042,97962.0,1.27801,1005.09,0.226638E-01,-9999,-9999,-9999,-9999,-9999,-9999,-999900.,-9999,-0.912800,-0.788641E-01,0.105527,0.922258,-0.881752E-13,-0.488340E-14,0.922258,1.90838,5.36251,184.938,6.57033,-9999,0.774415E-01,0.137397,-18.2984,-0.109846,-9999,0.218886E-01,0,-9999,-9999,-9999,-9999,-9999,-9999,-9999,-0.756368E-02,1.01333,2.13382,1.02040,-9999,-9999,-9999,-9999,-9999,-9999,800000099,800000199,800000099,800001199,800000199,800000199,801110099,811110099,81000,81000,80,81,0,4,0,0,6,0,0.873043E-01,0.176375,0.111151E-01,0.209523E-01,-9999,-9999,0.166119E-02,-9999,-9999,15.9852,5.76222,255.000,93.7500,-2.47646,98099.2,1.08365
CH-CHA_201201140800.csv,2012-01-14,09:00,14.374,1,36000,36000,-0.126470E-01,0,0.250729E-02,-33.8653,0,9.58700,-9999,-9999,-9999,-9999,-9999,-9999,-9999,-9999,-9999,0.860821E-01,-9999,-9999,-9999,-9999,-9999,-9999,-9999,-9999,-9999,1,-9999,-9999,-9999,-9999,1,271.523,267.092,98084.0,1.27937,1005.08,0.226398E-01,-9999,-9999,-9999,-9999,-9999,-9999,-999900.,-9999,-0.685839,-0.270103,0.778946E-01,0.741214,-0.863343E-13,0.296173E-14,0.741214,2.09859,340.789,201.496,6.03238,-9999,0.994252E-01,0.135958,2.49196,0.806593,-9999,-0.264888,0,-9999,-9999,-9999,-9999,-9999,-9999,-9999,-0.122008E-01,1.03657,-31.5242,1.07426,-9999,-9999,-9999,-9999,-9999,-9999,800000099,800000199,800000099,800001199,800110099,800110099,801110199,811110199,81100,81100,80,81,8,15,16,24,10,7,0.147102,0.107104,0.177103E-01,1.03447,-9999,-9999,-0.245158E-01,-9999,-9999,15.9981,5.61278,255.000,93.7500,-2.49318,98099.9,1.08506
CH-CHA_201201140800.csv,2012-01-14,09:30,14.395,1,36000,36000,-0.586006E-02,0,0.774077E-03,1.40023,0,1.24411,-9999,-9999,-9999,-9999,-9999,-9999,-9999,-9999,-9999,0.261570,-9999,-9999,-9999,-9999,-9999,-9999,-9999,-9999,-9999,1,-9999,-9999,-9999,-9999,1,271.463,267.244,98095.0,1.27878,1005.09,0.226502E-01,-9999,-9999,-9999,-9999,-9999,-9999,-999900.,-9999,-0.546462,-0.561329,0.489981E-01,0.784928,-0.938825E-14,0.491366E-16,0.784928,2.93493,321.918,225.769,3.57894,-9999,0.676944E-01,0.667382E-01,-19.0241,-0.105656,-9999,0.160934E-01,0,-9999,-9999,-9999,-9999,-9999,-9999,-9999,-0.577646E-02,1.01447,1.37147,1.02097,-9999,-9999,-9999,-9999,-9999,-9999,800000099,800000199,800000099,800001199,800110199,800110199,811110199,811110199,80100,80100,80,80,14,17,12,23,13,0,0.743642E-01,0.464329E-01,0.126792E-01,0.275400,-9999,-9999,0.106706E-02,-9999,-9999,15.9887,5.73444,255.000,93.7500,-1.73462,98098.5,1.08978
CH-CHA_201201140800.csv,2012-01-14,10:00,14.416,1,36000,36000,-0.356427E-02,1,0.747211E-03,-3.85204,2,7.31222,-9999,-9999,-9999,-9999,-9999,-9999,-9999,-9999,-9999,0.398886,-9999,-9999,-9999,-9999,-9999,-9999,-9999,-9999,-9999,1,-9999,-9999,-9999,-9999,1,271.289,267.476,98093.0,1.27765,1005.09,0.226703E-01,-9999,-9999,-9999,-9999,-9999,-9999,-999900.,-9999,-0.282172,-0.399917,0.262553E-01,0.490147,0.724515E-13,0.879512E-14,0.490147,3.11411,306.516,234.794,3.07058,-9999,0.528178E-01,0.942050E-01,3.28466,0.611936,-9999,-0.567929E-01,0,-9999,-9999,-9999,-9999,-9999,-9999,-9999,-0.345608E-02,1.03131,-3.62390,1.06295,-9999,-9999,-9999,-9999,-9999,-9999,800000099,800000199,800000099,800001199,800110199,800110199,811100199,811110199,81000,81000,80,80,29,26,14,19,6,0,0.862620E-01,0.846292E-01,0.175189E-01,0.828058,-9999,-9999,-0.282202E-02,-9999,-9999,15.9973,5.44333,255.000,93.7500,-0.645662,98095.9,1.09797
CH-CHA_201201140800.csv,2012-01-14,10:30,14.437,1,36000,36000,0.456944E-02,0,0.170767E-02,27.4122,0,5.50918,-9999,-9999,-9999,-9999,-9999,-9999,-9999,-9999,-9999,0.972549,-9999,-9999,-9999,-9999,-9999,-9999,-9999,-9999,-9999,1,-9999,-9999,-9999,-9999,1,272.722,268.043,98067.0,1.27461,1005.09,0.227244E-01,-9999,-9999,-9999,-9999,-9999,-9999,-999900.,-9999,-0.743869,-0.840167,0.788097E-01,1.12491,0.267995E-13,0.867908E-14,1.12491,2.23797,319.403,228.479,4.01734,-9999,0.598747E-01,0.947400E-01,-0.672272,-2.98986,-9999,0.357370,0,-9999,-9999,-9999,-9999,-9999,-9999,-9999,0.451432E-02,1.01221,26.8751,1.01999,-9999,-9999,-9999,-9999,-9999,-9999,800000099,800000199,800000099,800001199,800010099,800010199,800000199,811100199,80100,80100,80,80,8,1,1,13,7,0,0.931141E-01,0.785008E-01,0.178647E-01,0.580569,-9999,-9999,0.209781E-01,-9999,-9999,15.9965,0.286667,255.000,93.7500,1.23369,98066.7,1.10927
CH-CHA_201201140800.csv,2012-01-14,11:00,14.458,1,36000,36000,-0.749460E-02,0,0.208354E-02,28.2135,0,4.94003,-9999,-9999,-9999,-9999,-9999,-9999,-9999,-9999,-9999,1.14240,-9999,-9999,-9999,-9999,-9999,-9999,-9999,-9999,-9999,1,-9999,-9999,-9999,-9999,1,274.533,268.711,98020.0,1.27083,1005.10,0.227919E-01,-9999,-9999,-9999,-9999,-9999,-9999,-999900.,-9999,-0.151030,-0.676344,0.480867E-01,0.694668,-0.613772E-13,-0.492283E-14,0.694668,1.89190,281.987,257.412,3.96933,-9999,0.767947E-01,0.141359,-1.37768,-1.45897,-9999,0.287627,0,-9999,-9999,-9999,-9999,-9999,-9999,-9999,-0.738028E-02,1.01549,27.6186,1.02154,-9999,-9999,-9999,-9999,-9999,-9999,800000099,800000199,800000099,800001199,800000199,800000199,801000199,811100199,81000,81000,80,81,4,1,0,13,2,0,0.123580,0.142641,0.164963E-01,0.494582,-9999,-9999,0.216224E-01,-9999,-9999,15.9981,0.248889,255.000,93.7500,3.33832,98020.1,1.12352
CH-CHA_201201140800.csv,2012-01-14,11:30,14.479,1,36000,36000,-0.358920E-02,0,0.775837E-03,30.1513,0,3.52024,-9999,-9999,-9999,-9999,-9999,-9999,-9999,-9999,-9999,1.05093,-9999,-9999,-9999,-9999,-9999,-9999,-9999,-9999,-9999,1,-9999,-9999,-9999,-9999,1,275.225,269.327,98007.0,1.26775,1005.11,0.228472E-01,-9999,-9999,-9999,-9999,-9999,-9999,-999900.,-9999,-0.322407,-0.495224,0.399053E-01,0.592271,0.335294E-13,0.743964E-14,0.592271,1.65780,305.140,236.935,3.86333,-9999,0.532086E-01,0.100636,-0.428760,-4.68794,-9999,0.444710,0,-9999,-9999,-9999,-9999,-9999,-9999,-9999,-0.352910E-02,1.01703,29.4891,1.02246,-9999,-9999,-9999,-9999,-9999,-9999,800000099,800000199,800000099,800001199,800000099,800011199,800100199,811110199,80000,80000,80,81,9,0,0,25,2,0,0.108404,0.740346E-01,0.188340E-01,0.209375,-9999,-9999,0.231427E-01,-9999,-9999,15.9914,0.487222,255.000,93.7500,4.12415,98004.1,1.13615
CH-CHA_201201140800.csv,2012-01-14,12:00,14.499,1,36000,36000,-0.154580E-01,0,0.308220E-02,42.3300,0,5.45785,-9999,-9999,-9999,-9999,-9999,-9999,-9999,-9999,-9999,1.06363,-9999,-9999,-9999,-9999,-9999,-9999,-9999,-9999,-9999,1,-9999,-9999,-9999,-9999,1,275.740,269.952,97989.0,1.26459,1005.12,0.229044E-01,-9999,-9999,-9999,-9999,-9999,-9999,-999900.,-9999,-0.962922,-0.771284,0.109416,1.23858,-0.153033E-12,-0.334396E-14,1.23858,2.32646,328.249,218.694,5.06814,-9999,0.110561,0.164842,-2.73959,-0.733687,-9999,0.301217,0,-9999,-9999,-9999,-9999,-9999,-9999,-9999,-0.152780E-01,1.01178,41.5039,1.01991,-9999,-9999,-9999,-9999,-9999,-9999,800000099,800000199,800000099,800001199,800000099,800000199,800000199,801100199,81000,81000,80,81,4,4,3,9,0,0,0.151492,0.151421,0.267718E-01,0.406060,-9999,-9999,0.326531E-01,-9999,-9999,15.9953,0.318333,255.000,93.7500,5.68443,97990.2,1.14278
CH-CHA_201201140800.csv,2012-01-14,12:30,14.520,1,36000,36000,-0.272200E-02,1,0.108350E-02,39.9267,0,3.60353,-9999,-9999,-9999,-9999,-9999,-9999,-9999,-9999,-9999,1.46492,-9999,-9999,-9999,-9999,-9999,-9999,-9999,-9999,-9999,1,-9999,-9999,-9999,-9999,1,276.695,270.816,97938.0,1.25990,1005.13,0.229897E-01,-9999,-9999,-9999,-9999,-9999,-9999,-999900.,-9999,-0.917905,-0.303383,0.683822E-01,0.969158,0.233485E-13,0.234265E-14,0.969158,2.27767,350.048,198.290,4.04606,-9999,0.464812E-01,0.109863,-0.215742,-9.31669,-9999,0.678311,0,-9999,-9999,-9999,-9999,-9999,-9999,-9999,-0.268702E-02,1.01302,39.1335,1.02027,-9999,-9999,-9999,-9999,-9999,-9999,800000099,800000199,800000099,800001199,800000199,800000199,800000199,811100199,80100,80100,80,80,0,1,0,27,0,0,0.124855,0.728314E-01,0.220386E-01,0.180546,-9999,-9999,0.309024E-01,-9999,-9999,16.0000,0.237778,255.000,93.7500,6.97524,97936.9,1.15850
CH-CHA_201201140800.csv,2012-01-14,13:00,14.541,1,36000,36000,-0.185429E-01,0,0.319798E-02,38.2010,0,4.35163,-9999,-9999,-9999,34.1420,2,36.8456,-9999,-9999,-9999,1.66333,-9999,-9999,-9999,0.524264E-10,-9999,30.0553,693.772,693.772,0.350000,1,-9999,-9999,-9999,-9999,1,278.309,271.801,97896.0,1.25479,1005.14,0.230832E-01,-9999,-9999,-9999,-9999,-9999,-9999,-999900.,-9999,-1.49822,-0.391321,0.944914E-01,1.55136,0.401637E-14,0.174433E-14,1.55136,3.59951,351.994,194.638,3.49198,-9999,0.121564,0.176217,-4.03250,-0.498450,-9999,0.249157,0,-9999,-9999,-9999,-9999,-9999,-9999,-9999,-0.183404E-01,1.01104,37.4501,1.02005,-9999,-9999,29.1985,1.05460,-9999,-9999,800000099,800000099,800000099,800000199,800000199,800000199,800000199,801000199,81000,81000,80,81,4,4,0,23,0,0,0.236119,0.852693E-01,0.310457E-01,0.477726,18.3143,-9999,0.296930E-01,0.291985E-01,-9999,15.9949,0.375000,255.000,93.7500,9.70766,97896.1,1.17356
CH-CHA_201201140800.csv,2012-01-14,13:30,14.562,1,36000,36000,-0.274684E-01,0,0.374033E-02,47.4867,0,5.64667,-9999,-9999,-9999,-3.21427,1,2.87841,-9999,-9999,-9999,1.36178,-9999,-11.0247,-9999,-0.306298E-10,-9999,21.7592,503.879,503.879,0.300000,0,-9999,-9999,-9999,-9999,1,280.336,272.610,97874.0,1.25079,1005.15,0.231571E-01,-9999,-9999,-9999,-9999,-9999,-9999,-999900.,-9999,-1.79930,-0.418596,0.128557,1.85181,-0.370694E-14,-0.140767E-14,1.85181,3.55688,355.128,193.097,3.98080,-9999,0.148192,0.223046,-5.87593,-0.342073,-9999,0.254878,0,-9999,-9999,-9999,-9999,-9999,-9999,-9999,-0.271766E-01,1.01074,46.5313,1.02053,-9999,-9999,-5.85380,1.06411,-9999,-9999,800000099,800000199,800000099,800000199,800000199,800000199,800000199,800000199,81100,81100,80,80,0,2,1,9,11,0,0.199987,0.203554,0.425514E-01,0.433541,0.189525,-9999,0.370109E-01,-0.585380E-02,-9999,15.9977,0.175556,254.308,89.4281,9.92751,97874.3,1.18184
CH-CHA_201201140800.csv,2012-01-14,14:00,14.583,1,36000,36000,-0.272276E-01,0,0.457132E-02,41.3506,0,5.75293,-35.5498,1,7.06965,-7.17341,0,4.20675,-0.789088,1,0.156922,0.928557,-9999,-1.52881,-9999,-0.276821E-09,-0.437017E-12,20.5656,477.478,477.838,0.200000,0,32.4669,0.753797,0.754365,0.150000,0,282.566,273.163,97818.0,1.24718,1005.56,0.232174E-01,-0.511329E-01,0.585054E-03,73.7547,609.994,0.469100E-03,12.0911,536.239,247.177,-1.91384,-0.161624,0.125568,1.92475,0.291839E-13,-0.134604E-13,1.92475,4.18121,2.56952,184.827,3.74057,-9999,0.147754,0.328599,-6.68633,-0.300613,-1.16317,0.223153,0,-9999,-9999,-9999,-9999,-9999,-9999,-9999,-0.269393E-01,1.01070,38.6070,1.02069,-33.0355,1.08064,-8.70087,1.06643,-0.733278,1.08064,800000099,800000199,800000099,800000199,800000099,800001199,800000199,800010199,80100,80100,80,80,4,6,7,22,17,0,0.351675,0.245808,0.597152E-01,0.393825,0.212775,598.659,0.307842E-01,-0.870087E-02,-0.733278,15.9899,4.19889,253.000,81.2500,10.4228,97816.9,1.20818
CH-CHA_201201141400.csv,2012-01-14,14:30,14.604,1,36000,36000,-0.839200E-02,1,0.189591E-02,22.4335,1,3.05808,-9999,-9999,-9999,-13.5403,1,14.8239,-9999,-9999,-9999,2.77339,-9999,1.43391,-9999,-0.777747E-10,-9999,21.4941,502.408,502.408,0.300000,0,-9999,-9999,-9999,-9999,1,284.119,274.826,97753.0,1.23917,1005.18,0.233743E-01,-9999,-9999,-9999,-9999,-9999,-9999,-999900.,-9999,-1.14718,0.132887,0.790288E-01,1.15755,-0.249787E-12,-0.361842E-14,1.15755,3.86907,17.4726,173.392,3.91476,-9999,0.822939E-01,0.518286,-2.12818,-0.944468,-9999,0.218854,0,-9999,-9999,-9999,-9999,-9999,-9999,-9999,-0.829188E-02,1.01207,21.9946,1.01995,-9999,-9999,-14.3400,1.04246,-9999,-9999,800000099,800000199,800000099,800000199,800000199,800001199,800010199,800110199,81100,81100,80,81,2,0,2,26,1,1,0.355406,0.630641,0.505238E-01,0.100041,2.01376,-9999,0.176580E-01,-0.143400E-01,-9999,16.0000,12.7239,252.087,75.5410,11.6435,97794.7,1.23691
CH-CHA_201201141400.csv,2012-01-14,15:00,14.624,1,36000,36000,-0.331429E-01,1,0.456706E-02,10.2619,0,1.98617,-0.400789,2,20.0715,11.9578,2,35.0840,-0.891838E-02,2,0.446633,1.60463,-9999,-1.10614,-9999,0.382297E-10,0.199381E-12,20.5998,483.113,484.333,0.350000,1,107.435,2.51958,2.52595,0.350000,1,284.968,275.791,97770.0,1.23387,1006.55,0.234522E-01,-0.577911E-03,0.193597E-02,246.406,736.788,0.156902E-02,33.4432,490.382,261.264,-1.22452,0.766066,0.108598,1.44849,0.559910E-14,0.185583E-14,1.44849,4.18915,41.9218,147.970,4.29970,-9999,0.163893,0.521942,-36.7696,-0.546647E-01,-25.6042,0.504152E-01,0,-9999,-9999,-9999,-9999,-9999,-9999,-9999,-0.327750E-01,1.01123,10.0388,1.01995,-0.517493,1.05205,10.7905,1.05138,-0.115153E-01,1.05205,800000099,800000099,800000099,800000199,800000099,800001099,800010199,800010199,81000,81000,80,80,2,4,2,41,13,11,0.540603,0.436921,0.663603E-01,0.449966E-01,12.3965,3224.48,0.808316E-02,0.107905E-01,-0.115153E-01,16.0000,9.79500,249.522,59.5102,11.6927,97783.4,1.24583
CH-CHA_201201141400.csv,2012-01-14,15:30,14.645,1,36000,36000,-0.606062E-01,0,0.966742E-02,-12.4228,2,4.73179,35.4270,0,4.86077,-2.54630,1,0.486135,0.788851,0,0.108235,1.16811,2.55904,-4.48431,0.569821E-01,-0.643653E-09,-0.559169E-11,17.2166,404.707,406.135,0.100000,0,149.568,3.51588,3.52829,0.100000,0,285.429,276.495,97792.0,1.23054,1007.09,0.235068E-01,0.511175E-01,0.269522E-02,343.917,774.488,0.219028E-02,44.4057,430.571,265.489,-1.09009,0.835449,0.988269E-01,1.37697,-0.306046E-14,-0.373856E-13,1.37697,4.91135,46.8171,142.533,4.11573,-9999,0.221927,0.506583,75.4374,0.266446E-01,-0.350659,-0.451692E-01,0,25.6221,-3.88825,8.79524,21.9014,33.4010,46.8454,70.1829,-0.599736E-01,1.01055,-10.2063,1.02153,33.4218,1.06356,-2.10179,1.06644,0.744202,1.06356,800000099,800000099,800000099,800000099,800000099,800011099,800010199,800110199,81100,81100,80,81,6,16,1,19,36,7,0.517792,0.417112,0.782623E-01,0.791398E-01,0.325142E-02,74.7912,-0.823577E-02,-0.210179E-02,0.744202,16.0000,9.36056,249.000,56.2500,11.2126,97793.4,1.24595
CH-CHA_201201141400.csv,2012-01-14,16:00,14.666,1,36000,36000,-0.265317E-01,0,0.545134E-02,-9.08698,0,2.11834,15.3459,0,2.11906,-2.05816,0,0.255559,0.341855,0,0.472054E-01,0.753758,-0.383695,-0.719258E-01,-0.854743E-02,-0.116058E-09,-0.968339E-12,17.1360,403.447,404.810,0.100000,0,142.976,3.36620,3.37757,0.100000,0,286.014,276.950,97799.0,1.22868,1007.02,0.235438E-01,0.221522E-01,0.257642E-02,329.299,799.753,0.209691E-02,41.1751,470.454,264.930,-0.643522,0.853233,0.783981E-01,1.07157,-0.633652E-13,-0.677274E-14,1.07157,3.33468,63.6459,127.024,4.19560,-9999,0.146948,0.403845,29.9407,0.671327E-01,-0.592143,-0.499781E-01,0,-9999,-9999,-9999,-9999,-9999,-9999,-9999,-0.262134E-01,1.01214,-8.02467,1.02437,14.4957,1.06683,-1.62949,1.06886,0.322915,1.06683,800000099,800000099,800000099,800000099,800001099,800001199,800010199,800110199,81100,81100,80,80,3,17,1,42,99,75,0.326408,0.425598,0.556833E-01,0.289129E-01,0.732292E-03,24.9717,-0.648562E-02,-0.162949E-02,0.322915,15.9883,2.66556,249.000,56.2500,9.62805,97799.8,1.24098
CH-CHA_201201141400.csv,2012-01-14,16:30,14.687,1,36000,36000,0.131697E-01,1,0.461912E-02,-17.1482,0,3.70929,11.6363,0,2.45813,-0.878578,2,0.141939,0.259115,0,0.547375E-01,-0.680207,0.379579E-01,0.811682E-02,0.845245E-03,-0.586783E-10,-0.491564E-12,17.1673,403.589,404.959,0.350000,1,143.815,3.38098,3.39245,0.150000,0,286.475,276.540,97798.0,1.23048,1007.02,0.235092E-01,0.167907E-01,0.259155E-02,330.742,776.955,0.210613E-02,42.5689,446.214,264.986,-0.838593,0.547471,0.248735E-01,1.00179,0.645219E-13,-0.341803E-14,1.00179,4.48703,39.9354,146.862,1.42275,-9999,0.103455,0.264289,5.53634,0.363056,-1.47369,-0.133768,0,-9999,-9999,-9999,-9999,-9999,-9999,-9999,0.128818E-01,1.02235,-15.8050,1.04595,10.2773,1.15985,-0.106416,1.16584,0.228854,1.15985,800000099,800000099,800000099,800000099,800001099,811101199,801100199,811110199,81100,81100,80,81,1,14,6,19,66,40,0.283754,0.207131,0.376934E-01,0.104356,0.134151E-02,33.7410,-0.127551E-01,-0.106416E-03,0.228854,15.9961,3.95111,249.000,56.2500,7.92355,97799.6,1.22945
CH-CHA_201201141400.csv,2012-01-14,17:00,14.708,0,36000,36000,-0.282877E-02,1,0.707363E-03,-2.72977,0,2.93679,3.11616,1,1.34758,1.16951,1,0.470721,0.692556E-01,1,0.299494E-01,-3.42333,0.570649,0.571266E-01,0.126825E-01,-0.339366E-10,-0.302063E-12,17.3391,404.581,406.043,0.350000,1,154.332,3.60109,3.61410,0.350000,1,287.406,274.492,97805.0,1.23964,1007.11,0.233334E-01,0.448776E-02,0.278106E-02,352.299,671.465,0.224343E-02,52.4672,319.166,265.800,-0.644874,0.310830,0.445344E-01,0.717259,0.255884E-13,-0.195723E-14,0.717259,2.05973,32.1719,154.266,3.55977,-9999,0.477695E-01,0.720926E-01,3.42400,0.587033,-0.876005,-0.457721E-01,0,-9999,-9999,-9999,-9999,-9999,-9999,-9999,-0.274937E-02,1.02888,-2.41843,1.05874,2.75132,1.14863,1.10343,1.15966,0.611472E-01,1.14863,800000099,800000099,800000099,800000099,800001099,800101099,811100199,811100199,80100,80100,80,81,3,1,3,6,47,11,0.695324E-01,0.663701E-01,0.828237E-02,0.416555,0.160673E-01,65.7238,-0.193714E-02,0.110343E-02,0.611472E-01,15.9973,11.3678,249.000,56.2500,3.64536,97803.0,1.19467
CH-CHA_201201141400.csv,2012-01-14,17:30,14.729,0,36000,36000,-0.241859E-02,1,0.532453E-03,-1.08895,0,0.785901,-1.94262,0,0.634708,2.29276,0,1.01268,-0.430686E-01,0,0.140717E-01,-4.35328,0.404210,0.544473,0.896148E-02,-0.644447E-10,-0.584620E-12,17.9146,413.938,415.499,0.350000,1,162.515,3.75510,3.76926,0.350000,1,286.448,271.913,97839.0,1.25176,1007.16,0.231062E-01,-0.279084E-02,0.292852E-02,367.494,556.783,0.233952E-02,66.0032,189.289,266.348,-0.426532,0.777692E-01,0.348042E-01,0.434959,0.450373E-13,-0.359733E-14,0.434959,1.35107,19.9673,169.667,4.58955,-9999,0.439561E-01,0.803254E-01,6.68895,0.300495,0.560558,-0.196504E-01,0,-9999,-9999,-9999,-9999,-9999,-9999,-9999,-0.236431E-02,1.02296,-1.14898,1.04500,-1.79555,1.06488,2.21137,1.07060,-0.398080E-01,1.06488,800000099,800001199,800000099,800000099,800000099,801000099,810100199,811100199,80000,80000,80,81,0,0,0,0,1,5,0.508381E-01,0.105968,0.384461E-02,0.373833,0.110575,22.9293,-0.911363E-03,0.221137E-02,-0.398080E-01,15.9953,0.813056,249.000,56.2500,0.398473,97838.8,1.15425
CH-CHA_201201141400.csv,2012-01-14,18:00,14.749,0,36000,36000,0.569681E-02,1,0.231739E-02,0.738275,2,0.775215,-2.12047,1,1.01147,-0.703722,2,0.457810,-0.469900E-01,1,0.224145E-01,-0.813364,-0.343737,-0.140734,-0.761730E-02,-0.252065E-10,-0.222002E-12,17.8424,411.524,413.021,0.350000,1,157.144,3.62443,3.63761,0.350000,1,286.191,271.432,97843.0,1.25410,1007.08,0.230644E-01,-0.304495E-02,0.283174E-02,354.720,537.431,0.225799E-02,66.0029,182.711,265.889,-0.660716,0.893840E-01,0.359307E-01,0.667702,-0.409865E-13,-0.141273E-14,0.667702,2.12137,26.9033,172.296,3.08472,-9999,0.673985E-01,0.166281,-35.5670,-0.565131E-01,-0.348166,0.867303E-02,0,-9999,-9999,-9999,-9999,-9999,-9999,-9999,0.560793E-02,1.01585,0.601617,1.02175,-2.07225,1.02693,-0.702590,1.02877,-0.459217E-01,1.02693,800000099,800000099,800000099,800000099,800000099,800100099,811100199,811110199,81000,81000,80,81,0,0,1,3,6,6,0.155406,0.173108,0.404684E-02,0.703081,0.125868,29.6597,0.476349E-03,-0.702590E-03,-0.459217E-01,16.0000,0.346667,249.000,56.2500,-1.19004,97843.0,1.14646
CH-CHA_201201141400.csv,2012-01-14,18:30,14.770,0,36000,36000,0.589485E-02,1,0.153038E-02,1.97722,2,1.05331,-0.974978,2,0.676650,-2.64306,2,1.05927,-0.215819E-01,2,0.149782E-01,-1.98690,-0.251747,0.581163,-0.557262E-02,-0.131905E-09,-0.110457E-11,18.3514,421.451,422.944,0.350000,1,153.675,3.52924,3.54174,0.350000,1,285.404,270.262,97840.0,1.25953,1007.02,0.229656E-01,-0.139851E-02,0.276922E-02,345.393,492.828,0.219861E-02,70.0838,147.435,265.544,-0.355012,0.190651,0.139128E-01,0.403206,0.505687E-13,-0.718773E-14,0.403206,1.60683,45.0962,151.763,1.97741,-9999,0.684119E-01,0.868736E-01,-13.8877,-0.144732,-2.02796,0.227865E-01,0,-9999,-9999,-9999,-9999,-9999,-9999,-9999,0.576864E-02,1.02188,1.87226,1.02553,-0.989095,1.02273,-2.67609,1.02381,-0.218944E-01,1.02273,800000099,800000099,800000099,800000099,800100099,800111099,811100199,811110199,80000,80000,80,81,0,1,1,1,6,2,0.975557E-01,0.723712E-01,0.382015E-02,0.361720,0.172218,15.4297,0.147611E-02,-0.267609E-02,-0.218944E-01,16.0000,0.323333,249.000,56.2500,-2.15652,97840.0,1.12529
CH-CHA_201201141400.csv,2012-01-14,19:00,14.791,0,36000,36000,-0.403924E-03,2,0.216668E-03,-0.205942,2,2.38854,0.125087,2,0.410077,0.811102,1,0.527078,0.277024E-02,2,0.908179E-02,0.872806,-0.247718,-0.508486,-0.548610E-02,-0.286812E-10,-0.238717E-12,17.9362,412.748,414.171,0.350000,1,149.285,3.43533,3.44718,0.350000,1,285.669,270.777,97829.0,1.25704,1006.97,0.230120E-01,0.179511E-03,0.269011E-02,336.165,512.039,0.214003E-02,65.6523,175.874,265.195,-0.923319,0.155699,0.632100E-01,0.938486,0.865494E-14,-0.159907E-14,0.938486,1.80017,18.5826,170.428,3.86197,-9999,0.179257E-01,0.873970E-01,2.39846,0.838038,-1.64639,-0.907620E-02,0,-9999,-9999,-9999,-9999,-9999,-9999,-9999,-0.389566E-03,1.03686,-0.185716,1.07503,0.103431,1.24438,0.648108,1.26636,0.229065E-02,1.24438,800000099,800000099,800000099,800000099,800000099,800101099,811100199,811110199,80000,80000,80,80,3,1,8,7,20,6,0.523229E-01,0.118071,0.439981E-02,0.639007,0.500175E-01,14.8648,-0.146718E-03,0.648108E-03,0.229065E-02,15.9981,0.411111,249.000,56.2500,-2.52736,97829.0,1.13559
CH-CHA_201201141400.csv,2012-01-14,19:30,14.812,0,36000,36000,-0.395593E-01,1,0.422074E-02,-28.0008,1,6.52772,3.75813,1,0.967744,8.77995,1,1.87857,0.831983E-01,1,0.214241E-01,-0.677172,-0.123234E-01,0.271982,-0.272817E-03,-0.350789E-09,-0.288320E-11,18.1641,417.397,418.834,0.450000,0,149.294,3.43067,3.44248,0.350000,1,285.202,270.378,97824.0,1.25883,1006.97,0.229793E-01,0.539125E-02,0.269028E-02,335.692,497.099,0.213713E-02,67.5302,161.407,265.177,-0.293271,0.296234,0.550071E-01,0.420462,0.354973E-12,-0.193122E-13,0.420462,1.68950,75.8779,134.712,7.51729,-9999,0.177272,0.353411,17.0602,0.117818,-7.45074,-0.124609,0,-9999,-9999,-9999,-9999,-9999,-9999,-9999,-0.389156E-01,1.01654,-26.9795,1.02972,4.15094,1.03499,9.85535,1.03793,0.918943E-01,1.03499,800000099,800000099,800000099,800000099,800000099,800100099,811100099,811110199,80000,80000,80,81,17,4,1,6,15,13,0.219175,0.479367,0.828034E-02,0.677663,0.752004E-01,10.0446,-0.212839E-01,0.985535E-02,0.918943E-01,15.9981,0.401111,249.000,56.2500,-2.80023,97823.7,1.13170
CH-CHA_201201141400.csv,2012-01-14,20:00,14.833,0,36000,36000,0.837083E-02,1,0.133559E-02,-2.46946,1,1.68749,0.826132,2,0.297096,0.428497,1,1.03596,0.182725E-01,2,0.657120E-02,-1.63864,-0.145877,0.293558,-0.322651E-02,0.575700E-10,0.460093E-12,18.4491,422.396,423.827,0.350000,1,147.443,3.37573,3.38716,0.350000,1,284.767,269.416,97834.0,1.26348,1006.93,0.228952E-01,0.118406E-02,0.265692E-02,330.349,462.657,0.210285E-02,71.4027,132.307,264.971,0.114425,0.854075E-01,-0.425556E-02,0.142848,0.177989E-12,0.312048E-14,0.142848,0.897329,152.302,36.7379,-1.70714,-9999,0.813953E-01,0.110123,18.7263,0.107336,-2.98919,-0.238472E-01,0,-9999,-9999,-9999,-9999,-9999,-9999,-9999,0.816566E-02,1.02513,-2.34143,1.03374,0.857090,1.01666,0.544137,1.01757,0.189572E-01,1.01666,800000099,800100099,800000099,800000099,800000099,801111199,811110199,811110199,80000,80000,80,81,15,0,2,38,15,20,0.672998E-01,0.151197,0.174798E-02,0.127160,0.803201E-01,3.65769,-0.184041E-02,0.544137E-03,0.189572E-01,16.0000,0.354444,249.000,56.2500,-3.28229,97834.1,1.11328
CH-CHA_201201142000.csv,2012-01-14,20:30,14.854,0,36000,36000,0.315673E-02,1,0.986447E-03,-1.98810,1,1.03199,-6.36101,1,2.43701,-0.984271,2,0.528847,-0.140662,1,0.538901E-01,-0.398731,-2.22801,-0.161448,-0.492684E-01,0.705428E-10,0.426490E-12,18.3381,419.648,420.715,0.350000,1,110.869,2.53712,2.54358,0.300000,0,284.504,269.182,97797.0,1.26450,1006.47,0.228839E-01,-0.911490E-02,0.199786E-02,248.190,454.606,0.157996E-02,54.5944,206.417,261.353,0.309767,0.310156,0.171257E-01,0.438686,0.770548E-13,0.384679E-14,0.438686,1.12619,142.106,45.0360,2.23732,-9999,0.499641E-01,0.758365E-01,5.37793,0.373750,0.312545,-0.312652E-01,0,-9999,-9999,-9999,-9999,-9999,-9999,-9999,0.307565E-02,1.02636,-2.23158,1.05234,-5.85238,1.07918,-0.754381,1.08541,-0.129415,1.07918,800000099,800100099,800000099,800000099,800000099,800010099,811110199,811110199,80000,80000,80,81,0,0,8,4,2,0,0.939049E-01,0.567640E-01,0.100434E-02,0.938099E-01,0.107979,460.888,-0.175345E-02,-0.754381E-03,-0.129415,15.9981,0.335556,249.223,57.6412,-3.84720,97840.8,1.10648
CH-CHA_201201142000.csv,2012-01-14,21:00,14.874,0,36000,36000,0.436839E-02,1,0.101014E-02,-8.85518,1,2.35931,-2.54332,1,3.43310,5.42814,1,2.08823,-0.562109E-01,1,0.758764E-01,-0.963736,0.236727E-01,0.399864,0.523200E-03,-0.199345E-11,-0.119018E-13,18.6870,426.435,427.523,0.350000,1,111.570,2.54600,2.55250,0.350000,1,283.935,268.618,97866.0,1.26805,1006.47,0.228199E-01,-0.364247E-02,0.201048E-02,249.234,435.713,0.158549E-02,57.2015,186.479,261.406,0.181073,0.713842E-01,0.551958E-02,0.194714,0.278514E-13,-0.106676E-15,0.194714,1.30897,172.837,21.5158,1.62439,-9999,0.586938E-01,0.759977E-01,1.95829,1.02641,3.48174,-0.118214,0,-9999,-9999,-9999,-9999,-9999,-9999,-9999,0.417408E-02,1.04655,-8.25268,1.09131,-2.26895,1.06060,5.56937,1.06561,-0.501470E-01,1.06060,800000099,800100099,800000099,800000099,800000099,800111099,811110199,811110199,81000,81000,80,81,0,0,10,1,10,6,0.558831E-01,0.943264E-01,0.178593E-02,0.292352,0.393233,635.574,-0.646637E-02,0.556937E-02,-0.501470E-01,16.0000,0.240000,249.096,56.8523,-4.23893,97865.9,1.09825
CH-CHA_201201142000.csv,2012-01-14,21:30,14.895,0,36000,36000,0.329599E-02,1,0.668249E-03,0.194716,2,0.171452,-9999,-9999,-9999,0.388004,1,0.664431,-9999,-9999,-9999,-0.649031E-01,-9999,-0.986009,-9999,0.903323E-10,-9999,17.9524,409.698,409.698,0.350000,1,-9999,-9999,-9999,-9999,1,283.868,268.580,97846.0,1.26919,1005.11,0.228213E-01,-9999,-9999,-9999,-9999,-9999,-9999,-999900.,-9999,0.164155,0.284840,0.260292E-02,0.328767,-0.204013E-13,0.503177E-14,0.328767,0.804674,126.955,60.0449,0.453627,-9999,0.509600E-01,0.413617E-01,-58.2573,-0.345021E-01,-9999,0.299526E-02,0,-9999,-9999,-9999,-9999,-9999,-9999,-9999,0.321491E-02,1.02522,0.189464,1.02772,-9999,-9999,0.369147,1.02344,-9999,-9999,800000099,800100099,800000099,800000199,800000099,800100199,811110199,811110199,81100,81100,80,81,0,0,5,2,0,0,0.635181E-01,0.186454E-01,0.559966E-03,0.333789E-01,0.124355,-9999,0.148521E-03,0.369147E-03,-9999,15.9981,0.348889,250.335,64.5944,-4.57877,97845.7,1.09695
CH-CHA_201201142000.csv,2012-01-14,22:00,14.916,0,36000,36000,0.324154E-02,1,0.443650E-03,-0.556297,2,0.723517,-1.82415,1,1.32979,11.4859,2,2.70991,-0.402999E-01,1,0.293783E-01,-0.667098,-9999,4.85203,-9999,-0.144351E-09,-0.222756E-12,21.5860,491.946,492.320,0.350000,1,33.3105,0.759148,0.759725,0.200000,0,283.553,268.190,97838.0,1.27057,1005.50,0.227900E-01,-0.261144E-02,0.600256E-03,74.2934,421.844,0.472431E-03,17.6116,347.550,247.257,0.933126E-01,0.324014,0.112951E-01,0.337372,-0.179851E-12,-0.668727E-14,0.337372,1.16319,99.8651,73.9342,1.91861,-9999,0.505099E-01,0.954249E-01,19.8568,0.101225,0.304963,-0.862083E-02,0,-9999,-9999,-9999,-9999,-9999,-9999,-9999,0.318504E-02,1.01774,-0.641607,1.03063,-1.75660,1.03627,11.1857,1.03175,-0.388076E-01,1.03627,800000099,800100099,800000099,800000099,800000099,800011099,811110199,811110199,81100,81100,80,81,0,0,3,0,0,0,0.333734E-01,0.156845,0.631271E-03,0.837940E-01,1.75714,256.724,-0.502213E-03,0.111857E-01,-0.388076E-01,16.0000,0.208889,251.162,69.7609,-4.68429,97837.8,1.09385
CH-CHA_201201142000.csv,2012-01-14,22:30,14.937,0,36000,36000,-0.208505E-02,1,0.809405E-03,-0.153638,2,0.275853,-1.74688,2,1.67814,1.92284,2,0.906789,-0.385962E-01,2,0.370776E-01,0.160717,0.116316E-01,0.248129,0.256994E-03,0.173755E-09,0.267382E-12,21.7610,496.154,496.533,0.350000,1,33.4869,0.763506,0.764090,0.350000,1,283.540,268.284,97829.0,1.27000,1005.51,0.228001E-01,-0.250104E-02,0.603435E-03,74.7131,424.856,0.475144E-03,17.5855,350.143,247.319,-0.200810,0.246825,0.128044E-01,0.318451,0.743573E-13,0.798468E-14,0.318451,0.894539,58.2813,129.131,2.30440,-9999,0.405187E-01,0.751967E-01,37.1132,0.541586E-01,0.879499E-01,-0.296928E-02,0,-9999,-9999,-9999,-9999,-9999,-9999,-9999,-0.204946E-02,1.01737,-0.247463,1.02855,-1.69335,1.03042,1.90096,1.02672,-0.374137E-01,1.03042,800000099,800100099,800000099,800000099,800111099,800111199,811110199,811110199,81100,81100,80,81,0,0,2,6,14,1,0.768171E-01,0.726540E-01,0.922610E-03,0.134460,0.574170,294.140,-0.193785E-03,0.190096E-02,-0.374137E-01,15.9981,0.313333,252.000,75.0000,-4.62776,97828.6,1.09624
CH-CHA_201201142000.csv,2012-01-14,23:00,14.958,0,36000,36000,-0.854702E-02,1,0.269784E-02,-17.8231,1,4.19603,-8.24546,1,2.58045,6.24255,1,2.10634,-0.182161,1,0.570081E-01,-0.179549,-0.926873E-01,-2.08005,-0.204767E-02,-0.280589E-10,-0.443689E-13,20.2171,460.884,461.220,0.350000,1,31.9688,0.728785,0.729317,0.350000,1,283.425,268.179,97805.0,1.27021,1005.48,0.227968E-01,-0.118040E-01,0.576077E-03,71.2980,421.493,0.453531E-03,16.9156,350.195,246.806,-0.618232E-01,0.165265,0.980792E-02,0.176723,0.126727E-12,-0.138788E-14,0.176723,1.79081,74.7390,110.510,3.18149,-9999,0.820295E-01,0.207434,2.65402,0.757341,2.16157,-0.170124,0,-9999,-9999,-9999,-9999,-9999,-9999,-9999,-0.822109E-02,1.03965,-17.0103,1.07626,-7.71141,1.05871,7.02201,1.05078,-0.170362,1.05871,800000099,800000099,800000099,800000099,800110099,800110099,801100199,811110199,81100,81100,80,81,9,0,2,1,7,10,0.232452,0.175369,0.704717E-02,0.405014,0.171318,96.5416,-0.133187E-01,0.702201E-02,-0.170362,16.0000,0.230000,252.000,75.0000,-4.50016,97803.6,1.09592
CH-CHA_201201142000.csv,2012-01-14,23:30,14.979,0,36000,36000,0.597105E-02,1,0.167503E-02,2.51016,1,1.45187,-9999,-9999,-9999,0.339497,2,0.945162,-9999,-9999,-9999,-0.645436,-9999,-0.573080,-9999,-0.201095E-09,-9999,19.8172,451.179,451.179,0.350000,1,-9999,-9999,-9999,-9999,1,283.094,267.802,97795.0,1.27221,1005.10,0.227671E-01,-9999,-9999,-9999,-9999,-9999,-9999,-999900.,-9999,-0.517984,-0.134927,0.235869E-01,0.535789,0.113688E-12,-0.101475E-13,0.535789,1.72476,348.094,194.600,2.52314,-9999,0.685086E-01,0.107380,-10.9757,-0.183131,-9999,0.286542E-01,0,-9999,-9999,-9999,-9999,-9999,-9999,-9999,0.586472E-02,1.01813,2.45340,1.02314,-9999,-9999,0.189338,1.02585,-9999,-9999,800000099,800100099,800000099,800000199,800000199,800000199,811110199,811110199,81100,81100,80,81,0,0,2,7,0,0,0.136202,0.766254E-01,0.193216E-02,0.182218,0.162302,-9999,0.191868E-02,0.189338E-03,-9999,15.9953,0.258889,252.371,77.3188,-4.37399,97798.3,1.09219
CH-CHA_201201142000.csv,2012-01-15,00:00,15.000,0,36000,36000,-0.482190E-02,1,0.825481E-03,-20.3406,1,3.80529,-9999,-9999,-9999,-1.77473,2,2.50322,-9999,-9999,-9999,0.480578,-9999,1.30211,-9999,0.807576E-10,-9999,20.7649,473.253,473.253,0.350000,1,-9999,-9999,-9999,-9999,1,283.115,268.083,97795.0,1.27088,1005.10,0.227910E-01,-9999,-9999,-9999,-9999,-9999,-9999,-999900.,-9999,-0.631599,-0.171027,0.295744E-01,0.655013,0.103642E-12,0.388914E-14,0.655013,1.75627,355.512,195.151,2.58784,-9999,0.615966E-01,0.147535,0.984477,2.04169,-9999,-0.258520,0,-9999,-9999,-9999,-9999,-9999,-9999,-9999,-0.451051E-02,1.06904,-17.8743,1.13798,-9999,-9999,-0.414560,1.30574,-9999,-9999,800000099,800000099,800000099,800000199,800000199,800100199,811110199,811110199,81000,81000,80,81,0,8,2,6,3,4,0.904127E-01,0.196891,0.776607E-02,0.367763,0.227639,-9999,-0.139931E-01,-0.414560E-03,-9999,16.0000,0.223333,253.031,81.4411,-4.35103,97798.6,1.09318
CH-CHA_201201142000.csv,2012-01-15,00:30,15.020,0,36000,36000,-0.742135E-02,1,0.906439E-03,-26.2336,1,16.2283,-0.574842,2,0.611671,-0.306026,1,0.853997,-0.127034E-01,2,0.135173E-01,0.708444,-9999,0.987806,-9999,0.105811E-10,0.395710E-14,21.4608,490.029,490.119,0.350000,1,8.02591,0.183261,0.183295,0.350000,1,279.688,268.498,97763.0,1.26841,1005.20,0.228337E-01,-0.823180E-03,0.144627E-03,17.9210,431.784,0.114022E-03,4.15045,413.863,232.714,-0.732353,0.461975,0.478240E-01,0.867208,0.101480E-12,0.493041E-15,0.867208,2.78952,39.1193,147.756,3.16130,-9999,0.764912E-01,0.139190,1.46146,1.37534,45.6363,-0.268989,0,-9999,-9999,-9999,-9999,-9999,-9999,-9999,-0.705133E-02,1.05248,-23.7487,1.10570,-0.377811,1.44757,1.00870,1.33316,-0.834922E-02,1.44757,800000099,800000099,800000099,800000199,800000099,800100199,801100199,811100199,81100,81100,80,81,2,20,6,0,22,34,0.112617,0.157047,0.871743E-02,7.53579,0.377653E-01,10.6851,-0.186263E-01,0.100870E-02,-0.834922E-02,15.9977,0.268889,253.910,86.9388,-4.16079,97763.4,1.09984
CH-CHA_201201142000.csv,2012-01-15,01:00,15.041,0,36000,36000,-0.383319E-02,1,0.112035E-02,-11.7425,0,2.44288,-9999,-9999,-9999,2.52281,1,0.644768,-9999,-9999,-9999,-0.148511,-9999,-0.747818E-01,-9999,-0.373560E-10,-9999,21.4049,488.759,488.759,0.350000,1,-9999,-9999,-9999,-9999,1,283.062,268.411,97730.0,1.26848,1005.10,0.228340E-01,-9999,-9999,-9999,-9999,-9999,-9999,-999900.,-9999,-0.936968,-0.122364,0.414428E-01,0.945833,-0.440077E-13,-0.174521E-14,0.945833,1.92193,1.87372,187.440,2.51129,-9999,0.549715E-01,0.829265E-01,1.21156,1.65902,-9999,-0.167545,0,-9999,-9999,-9999,-9999,-9999,-9999,-9999,-0.361629E-02,1.05998,-10.4822,1.12024,-9999,-9999,2.32690,1.39984,-9999,-9999,800000099,800000199,800000099,800000199,800000099,800100099,811110199,811110199,80100,80100,80,80,4,2,3,5,1,0,0.670644E-01,0.935246E-01,0.526391E-02,0.257376,0.292793E-01,-9999,-0.822164E-02,0.232690E-02,-9999,16.0000,0.366667,254.000,87.5000,-4.20365,97730.4,1.09871
CH-CHA_201201142000.csv,2012-01-15,01:30,15.062,0,36000,36000,-0.141221E-01,1,0.229400E-02,-0.533058,1,0.638136,-9999,-9999,-9999,-0.369326,1,1.37148,-9999,-9999,-9999,-1.07263,-9999,0.551381,-9999,-0.359293E-10,-9999,21.8616,498.103,498.103,0.350000,1,-9999,-9999,-9999,-9999,1,282.530,267.784,97714.0,1.27125,1005.09,0.227844E-01,-9999,-9999,-9999,-9999,-9999,-9999,-999900.,-9999,-0.321422,-0.259981,0.297247E-01,0.414471,0.770321E-13,-0.164349E-14,0.414471,1.62278,338.103,218.967,4.11263,-9999,0.105399,0.196919,188.091,0.106863E-01,-9999,-0.395826E-02,0,-9999,-9999,-9999,-9999,-9999,-9999,-9999,-0.139230E-01,1.01430,-0.521768,1.02164,-9999,-9999,-0.328497,1.02061,-9999,-9999,800000099,800000199,800000099,800000199,800000199,800110199,811110099,811110099,81000,81000,80,81,15,0,7,21,12,0,0.160333,0.228920,0.458473E-02,0.300440,0.157519,-9999,-0.408358E-03,-0.328497E-03,-9999,16.0000,2.81556,254.354,89.7106,-4.54316,97714.5,1.08960
CH-CHA_201201142000.csv,2012-01-15,02:00,15.083,0,36000,36000,0.487380E-02,1,0.127856E-02,-2.15595,1,2.41625,-9999,-9999,-9999,0.162782,2,1.90119,-9999,-9999,-9999,-1.09575,-9999,0.578785,-9999,-0.519192E-10,-9999,22.3442,507.889,507.889,0.350000,1,-9999,-9999,-9999,-9999,1,282.123,267.145,97713.0,1.27427,1005.09,0.227303E-01,-9999,-9999,-9999,-9999,-9999,-9999,-999900.,-9999,-0.506500E-01,0.203614E-01,-0.258361E-02,0.546506E-01,-0.952218E-13,-0.232361E-14,0.546506E-01,1.12739,27.9258,158.100,-2.70967,-9999,0.618447E-01,0.688800E-01,9.39516,0.213940,-9999,-0.272188E-01,0,-9999,-9999,-9999,-9999,-9999,-9999,-9999,0.467481E-02,1.04257,-2.05344,1.04992,-9999,-9999,0.298048,1.01855,-9999,-9999,800000099,800100199,800000099,800000199,800000199,800111199,811110099,811110099,81000,81000,80,81,1,0,5,4,7,0,0.552518E-01,0.800256E-01,0.248300E-02,0.183029,0.158349,-9999,-0.160331E-02,0.298048E-03,-9999,15.9981,6.13278,255.000,93.7500,-5.12874,97713.2,1.07728
CH-CHA_201201150200.csv,2012-01-15,02:30,15.104,0,36000,36000,-0.114977E-01,1,0.196159E-02,-4.94905,1,1.56151,-9999,-9999,-9999,2.57314,1,1.44131,-9999,-9999,-9999,-0.720974,-9999,0.891180,-9999,-0.604925E-10,-9999,23.0308,522.940,522.940,0.350000,1,-9999,-9999,-9999,-9999,1,281.744,266.725,97663.0,1.27563,1005.08,0.227062E-01,-9999,-9999,-9999,-9999,-9999,-9999,-999900.,-9999,-0.108133,0.694300E-02,0.156647E-01,0.109482,-0.895868E-14,-0.262659E-14,0.109482,0.901388,356.602,176.326,8.22615,-9999,0.949385E-01,0.125410,14.8006,0.135805,-9999,-0.406587E-01,0,-9999,-9999,-9999,-9999,-9999,-9999,-9999,-0.111738E-01,1.02899,-4.76895,1.03776,-9999,-9999,2.85693,1.01733,-9999,-9999,800000099,800100199,800000099,800000199,800000199,810001199,811110099,811110099,81000,81000,80,81,0,0,0,7,12,0,0.118071,0.130888,0.186160E-02,0.100857,0.145373,-9999,-0.371961E-02,0.285693E-02,-9999,16.0000,0.346667,255.000,93.7500,-5.69023,97722.3,1.07457
CH-CHA_201201150200.csv,2012-01-15,03:00,15.125,0,36000,36000,-0.133626E-01,1,0.221326E-02,0.998199,2,0.519967,-9999,-9999,-9999,-0.519150,2,0.399826,-9999,-9999,-9999,0.403283,-9999,0.349503,-9999,0.275614E-09,-9999,23.2839,528.844,528.844,0.350000,1,-9999,-9999,-9999,-9999,1,281.728,266.960,97720.0,1.27525,1005.08,0.227129E-01,-9999,-9999,-9999,-9999,-9999,-9999,-999900.,-9999,-0.156988,0.172962E-01,0.165744E-01,0.158805,0.107744E-12,0.118371E-13,0.158805,1.12365,16.6399,173.713,5.99086,-9999,0.102364,0.156097,-92.0206,-0.218429E-01,-9999,0.760801E-02,0,-9999,-9999,-9999,-9999,-9999,-9999,-9999,-0.128114E-01,1.04302,0.960146,1.03963,-9999,-9999,-0.570486,1.02908,-9999,-9999,800000099,800101199,800000099,800000199,800000199,800011199,811110099,811110099,81000,81000,80,81,0,0,1,26,45,0,0.168986,0.141663,0.154445E-02,0.559720E-01,0.547602E-01,-9999,0.749099E-03,-0.570486E-03,-9999,15.9981,0.430000,255.000,93.7500,-5.95786,97723.1,1.07451
CH-CHA_201201150200.csv,2012-01-15,03:30,15.145,0,36000,36000,-0.671696E-02,1,0.205287E-02,-1.66013,1,1.99226,-9999,-9999,-9999,1.87014,1,2.13086,-9999,-9999,-9999,-0.200855,-9999,0.721615,-9999,0.185043E-09,-9999,23.8289,541.031,541.031,0.350000,1,-9999,-9999,-9999,-9999,1,281.489,266.843,97712.0,1.27570,1005.09,0.227048E-01,-9999,-9999,-9999,-9999,-9999,-9999,-999900.,-9999,-0.201485,0.235232,0.275269E-01,0.310947,0.673854E-13,0.776547E-14,0.310947,1.38917,57.6558,130.581,5.07882,-9999,0.725624E-01,0.205596,19.7071,0.101994,-9999,-0.178434E-01,0,-9999,-9999,-9999,-9999,-9999,-9999,-9999,-0.659958E-02,1.01779,-1.61249,1.02954,-9999,-9999,1.93240,1.02761,-9999,-9999,800000099,800100199,800000099,800000199,800011199,800011199,811110099,811110099,81000,81000,80,81,7,0,7,17,10,0,0.230191,0.178610,0.239118E-02,0.302633,0.307377,-9999,-0.125761E-02,0.193240E-02,-9999,16.0000,0.310000,255.000,93.7500,-5.85457,97711.9,1.07337
CH-CHA_201201150200.csv,2012-01-15,04:00,15.166,0,36000,36000,0.216459E-01,1,0.311663E-02,-9.05907,1,3.25996,-9999,-9999,-9999,-1.26046,2,1.96534,-9999,-9999,-9999,-0.352173,-9999,0.335619,-9999,0.358176E-09,-9999,24.0954,546.695,546.695,0.350000,1,-9999,-9999,-9999,-9999,1,281.334,266.638,97706.0,1.27661,1005.08,0.226888E-01,-9999,-9999,-9999,-9999,-9999,-9999,-999900.,-9999,-0.874796,-0.354773,0.543726E-01,0.945562,-0.513793E-13,0.148649E-13,0.945562,2.79889,349.171,202.075,3.29650,-9999,0.130214,0.388520,20.8690,0.963150E-01,-9999,-0.542210E-01,0,-9999,-9999,-9999,-9999,-9999,-9999,-9999,0.213565E-01,1.01355,-8.81970,1.02714,-9999,-9999,-0.579445,1.07419,-9999,-9999,800000099,800000199,800000099,800000199,800000199,800000199,811110099,811110099,80000,80000,80,81,1,0,10,0,0,0,0.428082,0.342871,0.608511E-02,0.268931,0.174021,-9999,-0.687378E-02,-0.579445E-03,-9999,15.9981,0.393333,255.000,93.7500,-5.76331,97703.3,1.07448
CH-CHA_201201150200.csv,2012-01-15,04:30,15.187,0,36000,36000,-0.128133E-01,1,0.263364E-02,-11.7668,1,2.45621,-9999,-9999,-9999,3.92736,1,1.17471,-9999,-9999,-9999,0.317589,-9999,0.429842,-9999,-0.144741E-09,-9999,24.3979,553.954,553.954,0.400000,0,-9999,-9999,-9999,-9999,1,281.429,266.823,97704.0,1.27569,1005.09,0.227050E-01,-9999,-9999,-9999,-9999,-9999,-9999,-999900.,-9999,-0.659848,-0.262759E-01,0.532215E-01,0.662512,0.252870E-12,-0.593250E-14,0.662512,2.21499,16.8146,182.280,4.60770,-9999,0.100221,0.218676,7.32520,0.274395,-9999,-0.915696E-01,0,-9999,-9999,-9999,-9999,-9999,-9999,-9999,-0.125605E-01,1.02013,-11.3098,1.04041,-9999,-9999,4.35543,1.09438,-9999,-9999,800000099,800000199,800000099,800000199,800000199,810111199,811110099,811110099,80000,80000,80,81,0,0,1,4,11,0,0.210800,0.222760,0.379151E-02,0.176558,0.632266E-01,-9999,-0.882074E-02,0.435543E-02,-9999,15.9977,0.287778,255.000,93.7500,-5.63185,97701.0,1.07441
CH-CHA_201201150200.csv,2012-01-15,05:00,15.208,0,36000,36000,0.195623E-02,2,0.945885E-03,0.576407,2,0.429570,-9999,-9999,-9999,-0.289096,1,0.263838,-9999,-9999,-9999,-0.670482,-9999,0.428149,-9999,-0.221440E-09,-9999,24.7518,561.174,561.174,0.350000,1,-9999,-9999,-9999,-9999,1,281.221,266.433,97703.0,1.27755,1005.08,0.226720E-01,-9999,-9999,-9999,-9999,-9999,-9999,-999900.,-9999,-0.648383,-0.768313E-01,0.348511E-01,0.653849,-0.999207E-13,-0.894644E-14,0.653849,1.35033,4.33726,186.758,3.05540,-9999,0.391310E-01,0.848555E-01,-8.90091,-0.225820,-9999,0.114717E-01,0,-9999,-9999,-9999,-9999,-9999,-9999,-9999,0.192534E-02,1.01605,0.564074,1.02186,-9999,-9999,-0.321652,1.02844,-9999,-9999,800000099,800100199,800000099,800000199,800000199,800010199,811110099,811110099,81000,81000,80,81,11,0,1,17,15,0,0.977625E-01,0.704903E-01,0.145827E-02,0.442757E-01,0.295833E-01,-9999,0.439297E-03,-0.321652E-03,-9999,16.0000,0.314444,255.000,93.7500,-5.96898,97700.3,1.06892
CH-CHA_201201150200.csv,2012-01-15,05:30,15.229,0,36000,36000,-0.551896E-02,1,0.127787E-02,3.48804,1,0.769488,-9999,-9999,-9999,-2.94678,1,0.889593,-9999,-9999,-9999,-0.326874,-9999,0.839663,-9999,0.245906E-10,-9999,25.3938,575.324,575.324,0.350000,1,-9999,-9999,-9999,-9999,1,280.937,266.243,97702.0,1.27845,1005.08,0.226561E-01,-9999,-9999,-9999,-9999,-9999,-9999,-999900.,-9999,0.732989E-01,0.185975,0.976639E-02,0.200137,0.150176E-12,0.968371E-15,0.200137,1.13270,120.589,68.4889,2.79706,-9999,0.657033E-01,0.890677E-01,-6.96268,-0.288682,-9999,0.413153E-01,0,-9999,-9999,-9999,-9999,-9999,-9999,-9999,-0.532611E-02,1.03621,3.36995,1.03504,-9999,-9999,-3.12410,1.02612,-9999,-9999,800000099,800100199,800000099,800000199,800111199,800111199,811110099,811110099,80000,80000,80,81,0,0,0,16,31,0,0.574575E-01,0.118157,0.252109E-02,0.104174,0.113440,-9999,0.262265E-02,-0.312410E-02,-9999,16.0000,0.278889,255.000,93.7500,-6.26219,97700.1,1.06593
CH-CHA_201201150200.csv,2012-01-15,06:00,15.250,0,36000,36000,-0.402680E-01,1,0.374206E-02,20.6535,1,4.94245,-9999,-9999,-9999,-7.73270,1,2.38770,-9999,-9999,-9999,-0.632285,-9999,0.768670,-9999,0.152120E-09,-9999,26.0019,588.259,588.259,0.350000,1,-9999,-9999,-9999,-9999,1,280.469,265.876,97707.0,1.28028,1005.07,0.226237E-01,-9999,-9999,-9999,-9999,-9999,-9999,-999900.,-9999,-0.530006E-01,0.190425,0.356600E-01,0.200854,-0.581006E-12,0.585036E-14,0.200854,1.65100,66.2681,105.553,10.2266,-9999,0.177349,0.362802,-23.1260,-0.869151E-01,-9999,0.905032E-01,0,-9999,-9999,-9999,-9999,-9999,-9999,-9999,-0.388645E-01,1.03611,19.9555,1.03498,-9999,-9999,-9.06597,1.02608,-9999,-9999,800000099,800100199,800000099,800000199,800000199,800000199,811110099,811110099,81000,81000,80,81,0,2,0,1,9,0,0.106815,0.612621,0.616792E-02,0.259234,0.110439,-9999,0.155082E-01,-0.906597E-02,-9999,15.9953,0.336667,255.000,93.7500,-6.45273,97706.1,1.06092
CH-CHA_201201150200.csv,2012-01-15,06:30,15.270,0,36000,36000,0.277070E-02,2,0.228920E-02,-12.2282,0,1.98785,-9999,-9999,-9999,4.31605,0,0.840674,-9999,-9999,-9999,0.935311,-9999,0.132239E-03,-9999,0.127241E-09,-9999,25.9486,588.261,588.261,0.350000,1,-9999,-9999,-9999,-9999,1,280.769,266.420,97706.0,1.27765,1005.08,0.226702E-01,-9999,-9999,-9999,-9999,-9999,-9999,-999900.,-9999,-1.08242,0.865986E-01,0.105557,1.09100,-0.290982E-12,0.490356E-14,1.09100,2.09545,14.0104,175.426,5.55221,-9999,0.465681E-01,0.166172,0.707149,2.84240,-9999,-0.204486,0,-9999,-9999,-9999,-9999,-9999,-9999,-9999,0.254478E-02,1.08878,-10.4087,1.17481,-9999,-9999,3.30864,1.58479,-9999,-9999,800000099,800000199,800000099,800000199,800000199,800110199,811110099,811110099,80000,80000,80,81,0,1,8,5,16,0,0.153812,0.173627,0.490326E-02,0.197525,0.555936E-01,-9999,-0.810560E-02,0.330864E-02,-9999,16.0000,0.284444,255.000,93.7500,-6.24570,97701.3,1.07077
CH-CHA_201201150200.csv,2012-01-15,07:00,15.291,0,36000,36000,-0.183279E-01,1,0.460693E-02,-6.53694,1,3.03989,-9999,-9999,-9999,1.95565,1,0.660242,-9999,-9999,-9999,-0.700860,-9999,0.997669,-9999,-0.183692E-09,-9999,26.7315,605.057,605.057,0.250000,0,-9999,-9999,-9999,-9999,1,280.029,266.013,97710.0,1.27966,1005.07,0.226347E-01,-9999,-9999,-9999,-9999,-9999,-9999,-999900.,-9999,0.774951,0.242094,0.299362E-01,0.812438,-0.117446E-12,-0.687173E-14,0.812438,2.84826,148.226,17.3488,2.11168,-9999,0.119677,0.413443,22.4530,0.895204E-01,-9999,-0.424691E-01,0,-9999,-9999,-9999,-9999,-9999,-9999,-9999,-0.180825E-01,1.01357,-6.36767,1.02658,-9999,-9999,2.32259,1.06192,-9999,-9999,800000099,800000199,800000099,800000199,800010199,810110199,811110199,811110199,81000,81000,80,81,2,0,1,3,2,0,0.512855,0.307369,0.666086E-02,0.252432,0.178845E-01,-9999,-0.495094E-02,0.232259E-02,-9999,15.9973,0.385556,255.000,93.7500,-6.10481,97708.3,1.06229
CH-CHA_201201150200.csv,2012-01-15,07:30,15.312,0,36000,36000,0.275719E-02,1,0.896399E-03,15.6340,1,8.16713,7.55285,2,1.63574,5.72341,2,1.56176,0.166452,2,0.360490E-01,-0.738289,-9999,0.497278,-9999,-0.479740E-09,-0.410348E-12,27.1452,613.416,613.738,0.450000,0,23.2188,0.524687,0.524963,0.400000,0,274.661,265.585,97713.0,1.28150,1005.35,0.225975E-01,0.107861E-01,0.418402E-03,51.2825,345.578,0.326493E-03,14.8396,294.296,243.267,-0.293566,0.114491,0.319128E-01,0.316713,-0.783226E-13,-0.176731E-13,0.316713,1.05608,36.2038,158.694,5.78307,-9999,0.463844E-01,0.105832,-0.546650,-3.67694,2.06994,0.261613,0,-9999,-9999,-9999,-9999,-9999,-9999,-9999,0.268758E-02,1.02590,15.6173,1.02817,7.31443,1.02547,4.28053,1.02347,0.161198,1.02547,800000099,800100099,800000099,800000099,800000099,810001099,811100199,811110199,80100,80100,80,80,2,2,1,1,14,2,0.854375E-01,0.125089,0.113845E-02,4.49368,0.252030,115.358,0.121218E-01,0.428053E-02,0.161198,15.9977,0.361111,255.000,93.7500,-6.53131,97712.8,1.05573
CH-CHA_201201150200.csv,2012-01-15,08:00,15.333,0,36000,36000,-0.444506E-01,1,0.711453E-02,-3.05918,2,2.92845,16.6682,1,6.06430,-7.72169,2,2.27227,0.367297,1,0.133632,-0.212289,0.669227,0.449105,0.147469E-01,0.140406E-09,0.174654E-12,27.4932,620.960,621.440,0.350000,1,34.1995,0.772428,0.773025,0.350000,1,276.707,265.462,97718.0,1.28204,1005.48,0.225859E-01,0.238008E-01,0.616275E-03,75.5003,342.302,0.480698E-03,22.0566,266.802,247.434,0.511340,0.323400,0.472562E-01,0.606869,-0.272666E-13,0.510692E-14,0.606869,2.25437,138.764,32.3116,4.46609,-9999,0.186204,0.339533,180.739,0.111210E-01,-0.183534,-0.127450E-01,0,-9999,-9999,-9999,-9999,-9999,-9999,-9999,-0.439182E-01,1.01212,-2.08663,1.02038,16.1855,1.02989,-7.50011,1.02719,0.356661,1.02989,800000099,800000099,800000099,800000099,800000099,800111099,811110199,811110199,80000,80000,80,81,0,0,10,25,20,13,0.472908,0.199409,0.674946E-02,0.164634,0.121991,410.476,-0.161870E-02,-0.750011E-02,0.356661,15.9977,0.325556,255.000,93.7500,-6.83523,97718.4,1.05496
CH-CHA_201201150800.csv,2012-01-15,08:30,15.354,0,36000,36000,0.509188E-02,1,0.117146E-02,2.82012,2,1.03806,2.02005,2,1.56923,-0.977624,1,0.487282,0.445077E-01,2,0.345749E-01,-0.231375,0.445091,0.115816,0.980668E-02,0.945125E-10,0.142186E-12,27.5907,622.905,623.489,0.350000,1,41.5079,0.937107,0.937985,0.350000,1,276.840,265.328,97709.0,1.28249,1005.57,0.225766E-01,0.288410E-02,0.747972E-03,91.5883,338.765,0.583217E-03,27.0360,247.176,249.577,-0.347234,0.155139,0.243497E-01,0.381094,-0.686626E-13,0.342552E-14,0.381094,1.51799,52.1021,155.926,3.66336,-9999,0.630103E-01,0.162814,-7.59700,-0.264578,1.39606,0.347048E-01,0,-9999,-9999,-9999,-9999,-9999,-9999,-9999,0.497865E-02,1.02274,2.85944,1.02610,1.95490,1.02441,-1.20430,1.02362,0.430722E-01,1.02441,800000099,800100099,800000099,800000099,800000099,800011199,811110199,811110199,81100,81100,80,81,0,0,5,7,25,1,0.121868,0.202103,0.165532E-02,0.159735,0.130616,85.1132,0.221725E-02,-0.120430E-02,0.430722E-01,16.0000,0.160000,255.000,93.7500,-6.83591,97719.4,1.05272
CH-CHA_201201150800.csv,2012-01-15,09:00,15.374,1,36000,36000,-0.446447E-01,1,0.621405E-02,-48.5215,1,9.76484,28.8868,1,6.03176,13.7356,1,3.32234,0.637069,1,0.133024,1.73953,2.73105,0.596503,0.602305E-01,0.939704E-09,0.289838E-11,27.9328,632.959,634.197,0.350000,1,86.1545,1.95227,1.95609,0.350000,1,277.036,266.339,97720.0,1.27728,1006.12,0.226601E-01,0.412821E-01,0.155250E-02,190.827,366.277,0.121548E-02,52.0990,175.450,258.126,-0.378482,0.288449,0.662772E-01,0.480463,-0.315158E-12,0.336416E-13,0.480463,1.71237,64.5936,142.688,7.92893,-9999,0.186957,0.382452,11.5365,0.174229,-1.67971,-0.201955,0,-9999,-9999,-9999,-9999,-9999,-9999,-9999,-0.438752E-01,1.01754,-45.4051,1.03324,28.0288,1.04836,16.4404,1.05180,0.618146,1.04836,800000099,800000099,800000099,800000099,800000099,800100099,811100199,811110199,81000,81000,80,81,5,1,11,9,26,24,0.383124,0.373705,0.807577E-02,1.14124,0.210021,336.767,-0.353320E-01,0.164404E-01,0.618146,16.0000,0.295556,255.000,93.7500,-5.34716,97719.7,1.07446
CH-CHA_201201150800.csv,2012-01-15,09:30,15.395,1,36000,36000,-0.262120E-02,1,0.479685E-03,0.953396,1,1.35880,-1.34581,1,2.24472,0.828590,1,0.482053,-0.297052E-01,1,0.495460E-01,1.50735,-0.567857,0.654196,-0.125339E-01,0.408325E-10,0.110340E-12,28.3266,644.022,645.145,0.200000,0,76.5458,1.74031,1.74334,0.100000,0,276.053,267.218,97717.0,1.27314,1006.02,0.227356E-01,-0.192490E-02,0.137935E-02,170.104,391.795,0.108343E-02,43.4164,221.692,256.743,0.816617,0.275104,0.358333E-01,0.862456,-0.305130E-13,0.144149E-14,0.862456,1.66976,169.276,18.6178,2.38121,-9999,0.453746E-01,0.678134E-01,-8.39320,-0.239480,-0.708416,0.164051E-01,0,-9999,-9999,-9999,-9999,-9999,-9999,-9999,-0.258558E-02,1.01378,0.860803,1.02061,-1.31025,1.03273,0.743624,1.03388,-0.289201E-01,1.03273,800000099,800000099,800000099,800000099,800000099,801000099,811110199,811110199,80000,80000,80,80,2,15,0,0,9,0,0.850854E-01,0.441046E-01,0.643693E-02,0.695419E-01,0.228899E-01,140.171,0.672082E-03,0.743624E-03,-0.289201E-01,16.0000,0.313333,255.000,93.7500,-1.25513,97716.7,1.09286
CH-CHA_201201150800.csv,2012-01-15,10:00,15.416,1,36000,36000,-0.975501E-02,1,0.179147E-02,-6.23163,2,3.90167,4.44382,2,3.45335,5.75367,1,2.39724,0.982213E-01,2,0.763287E-01,2.50304,-2.82721,-1.14119,-0.624894E-01,-0.286119E-09,-0.310420E-12,27.3205,624.616,625.039,0.200000,0,29.6409,0.677666,0.678125,0.350000,1,277.257,268.686,97708.0,1.26658,1005.46,0.228626E-01,0.636474E-02,0.534128E-03,66.2311,437.953,0.421710E-03,15.1229,371.722,246.004,0.765129,0.928961E-01,0.267900E-01,0.771213,-0.845131E-13,-0.104727E-13,0.771213,1.96799,182.158,6.92254,1.99071,-9999,0.877603E-01,0.108415,9.28889,0.216387,-1.40231,-0.557577E-01,0,-9999,-9999,-9999,-9999,-9999,-9999,-9999,-0.958552E-02,1.01768,-5.79070,1.03560,4.02557,1.10922,5.66628,1.09240,0.889765E-01,1.10922,800000099,800000099,800000099,800000099,800000099,800010099,811110199,811110199,80000,80000,80,81,1,0,0,2,2,0,0.133408,0.731448E-01,0.102765E-01,0.265560,0.206386,193.288,-0.454709E-02,0.566628E-02,0.889765E-01,15.9930,0.305556,255.000,93.7500,1.08194,97705.6,1.11581
CH-CHA_201201150800.csv,2012-01-15,10:30,15.437,1,36000,36000,-0.443875E-01,1,0.650032E-02,2.21447,2,1.82210,-9999,-9999,-9999,24.4574,1,7.98032,-9999,-9999,-9999,3.35413,-9999,-1.71255,-9999,0.147228E-08,-9999,25.8441,595.276,595.276,0.350000,1,-9999,-9999,-9999,-9999,1,276.624,270.668,97699.0,1.25751,1005.12,0.230333E-01,-9999,-9999,-9999,-9999,-9999,-9999,-999900.,-9999,-0.712423E-01,0.966333E-02,0.306050E-01,0.781378E-01,0.381710E-13,0.569679E-13,0.781378E-01,1.44558,60.9874,172.276,23.0591,-9999,0.187878,0.999237E-01,-256.426,-0.783851E-02,-9999,0.932533E-02,0,-9999,-9999,-9999,-9999,-9999,-9999,-9999,-0.413762E-01,1.07278,2.08922,1.05995,-9999,-9999,23.2326,1.04552,-9999,-9999,800000099,800000099,800000099,800000199,800000099,800010199,811100199,811110199,80000,80000,81,81,0,3,0,27,1,0,0.839215E-01,0.879656E-01,0.279605E-01,0.215309,0.257118,-9999,0.165292E-02,0.232326E-01,-9999,16.0000,0.223333,255.000,93.7500,5.30667,97700.0,1.15031
CH-CHA_201201150800.csv,2012-01-15,11:00,15.458,1,36000,36000,-0.111771E-01,1,0.357740E-02,36.7279,1,12.6836,-9999,-9999,-9999,-7.99237,1,6.70415,-9999,-9999,-9999,1.97636,-9999,-2.92374,-9999,0.202961E-09,-9999,23.5558,544.964,544.964,0.350000,1,-9999,-9999,-9999,-9999,1,279.570,271.841,97691.0,1.25198,1005.14,0.231350E-01,-9999,-9999,-9999,-9999,-9999,-9999,-999900.,-9999,-0.929641,-0.244884,0.732086E-01,0.964137,-0.896068E-13,0.861620E-14,0.964137,3.34091,342.833,194.757,4.35476,-9999,0.944858E-01,0.398429,-1.96650,-1.02212,-9999,0.308890,0,-9999,-9999,-9999,-9999,-9999,-9999,-9999,-0.110331E-01,1.01305,35.9978,1.02028,-9999,-9999,-10.1484,1.03675,-9999,-9999,800000099,800000199,800000099,800000199,800000199,800000199,800000099,811100099,80000,80000,80,81,1,6,0,25,0,0,0.508007,0.254327,0.345250E-01,1.41441,0.568406,-9999,0.286057E-01,-0.101484E-01,-9999,15.9977,9.09111,255.000,93.7500,8.45770,97694.9,1.16084
CH-CHA_201201150800.csv,2012-01-15,11:30,15.479,1,36000,36000,-0.654135E-01,1,0.670104E-02,22.3888,1,1.86902,-9999,-9999,-9999,51.9642,2,18.8633,-9999,-9999,-9999,1.11404,-9999,-5.62802,-9999,-0.214012E-09,-9999,19.3054,447.853,447.853,0.350000,1,-9999,-9999,-9999,-9999,1,281.553,272.504,97662.0,1.24856,1005.15,0.231984E-01,-9999,-9999,-9999,-9999,-9999,-9999,-999900.,-9999,-1.64396,-0.968601,0.123427,1.91207,-0.203522E-12,-0.110856E-13,1.91207,3.93737,337.970,210.506,3.70109,-9999,0.228891,0.425735,-45.8515,-0.438372E-01,-9999,0.779403E-01,0,32.6565,-4.95576,11.2099,27.9143,42.5711,59.7066,89.4513,-0.647205E-01,1.01071,21.9356,1.02066,-9999,-9999,47.5600,1.06603,-9999,-9999,800000099,800000099,800000099,800000199,800000199,800001199,800000199,800000199,81000,81000,80,81,5,0,0,4,4,1,0.313274,0.492808,0.453869E-01,0.624500E-01,2.47924,-9999,0.174786E-01,0.475600E-01,-9999,15.9934,13.7639,250.966,68.5400,8.11237,97661.6,1.16420
CH-CHA_201201150800.csv,2012-01-15,12:00,15.499,1,36000,36000,0.170647E-01,1,0.481481E-02,42.8411,0,4.21594,31.1035,0,2.44786,-3.58982,0,0.529105,0.690372,0,0.543325E-01,1.04777,-9999,-1.77642,-9999,-0.121189E-09,-0.990024E-12,17.9294,417.114,418.540,0.400000,0,146.470,3.40751,3.41916,0.400000,0,281.306,273.129,97609.0,1.24343,1006.98,0.232642E-01,0.447361E-01,0.263939E-02,332.693,608.489,0.212268E-02,54.6753,275.795,265.062,-0.862561,-0.772908,0.487383E-01,1.15921,-0.946569E-13,-0.675923E-14,1.15921,3.50323,318.311,221.862,2.40967,-9999,0.117150,0.357264,-3.21311,-0.625563,1.37737,0.292063,0,-9999,-9999,-9999,-9999,-9999,-9999,-9999,0.168612E-01,1.01207,43.7272,1.01995,29.0202,1.03965,-5.87416,1.04251,0.644130,1.03965,800000099,800000099,800000099,800000099,800000099,800011199,800100199,801100199,81100,81100,80,81,0,0,1,27,45,43,0.428482,0.255473,0.305729E-01,0.182789,0.554618E-02,58.0905,0.349228E-01,-0.587416E-02,0.644130,16.0000,2.77000,249.000,56.2500,8.82533,97608.2,1.18842
CH-CHA_201201150800.csv,2012-01-15,12:30,15.520,1,36000,36000,-0.339449E-01,0,0.915366E-02,46.3900,0,5.65953,37.7634,0,3.17413,-3.86105,0,0.655982,0.838880,0,0.705102E-01,1.43848,0.108226,-0.561818E-01,0.240415E-02,0.216459E-09,0.179417E-11,17.8260,416.138,417.579,0.250000,0,147.755,3.44926,3.46120,0.250000,0,281.854,273.990,97580.0,1.23913,1007.02,0.233445E-01,0.543594E-01,0.266254E-02,336.669,647.629,0.214872E-02,51.9848,310.961,265.214,-1.21670,-0.266955,0.944514E-01,1.24922,-0.801694E-13,0.121429E-13,1.24922,3.66580,359.704,192.375,4.33618,-9999,0.165511,0.409578,-8.36641,-0.240246,1.22844,0.224616,0,-9999,-9999,-9999,-9999,-9999,-9999,-9999,-0.335509E-01,1.01174,47.5787,1.01990,35.2367,1.04240,-6.34205,1.04524,0.782750,1.04240,800000099,800000099,800000099,800000099,800000099,800000099,800000199,800100199,81100,81100,80,81,0,0,0,18,37,33,0.494767,0.276709,0.476802E-01,0.271862,0.582674E-02,59.5141,0.381291E-01,-0.634205E-02,0.782750,15.9953,0.445556,249.000,56.2500,10.0880,97580.9,1.20553
CH-CHA_201201150800.csv,2012-01-15,13:00,15.541,1,36000,36000,-0.371236E-01,0,0.778152E-02,52.3801,0,5.04128,43.5010,0,3.96032,-5.13439,0,0.862733,0.966648,0,0.880033E-01,0.570257,-0.161338,-0.152653,-0.358514E-02,-0.962817E-10,-0.788652E-12,17.6775,413.483,414.888,0.450000,0,144.798,3.38688,3.39839,0.450000,0,282.775,274.332,97510.0,1.23673,1006.99,0.233904E-01,0.626388E-01,0.260926E-02,330.344,663.785,0.210981E-02,49.7667,333.441,264.970,-0.822717,-1.14877,0.907542E-01,1.41590,-0.270569E-12,-0.544657E-14,1.41590,3.48076,309.564,234.391,3.67498,-9999,0.173256,0.390569,-8.49482,-0.236615,1.20411,0.242761,0,-9999,-9999,-9999,-9999,-9999,-9999,-9999,-0.367090E-01,1.01130,53.7658,1.01993,40.4366,1.04743,-7.84907,1.05037,0.898553,1.04743,800000099,800000099,800000099,800000099,800000099,800001199,800000199,800100199,80100,80100,80,81,1,0,2,11,11,11,0.459832,0.279895,0.414114E-01,0.169150,0.794018E-02,77.9253,0.431724E-01,-0.784907E-02,0.898553,16.0000,0.275556,249.000,56.2500,10.9641,97507.6,1.21328
CH-CHA_201201150800.csv,2012-01-15,13:30,15.562,1,36000,36000,-0.262914E-01,0,0.437084E-02,64.8139,0,7.63588,34.1021,0,2.80754,-5.93217,0,0.923670,0.758263,0,0.624260E-01,1.09266,-0.167185,-0.135376,-0.371737E-02,-0.235222E-09,-0.190070E-11,17.5311,411.121,412.492,0.500000,0,141.659,3.32204,3.33312,0.450000,0,282.792,274.989,97491.0,1.23356,1006.97,0.234510E-01,0.491354E-01,0.255270E-02,323.956,695.826,0.206937E-02,46.5571,371.869,264.720,-0.309902,-1.17817,0.173754E-01,1.21837,0.142911E-12,-0.134174E-13,1.21837,2.90828,288.607,255.263,0.817137,-9999,0.145991,0.307591,-4.10684,-0.489427,1.90059,0.357408,0,-9999,-9999,-9999,-9999,-9999,-9999,-9999,-0.259836E-01,1.01185,65.4478,1.01991,31.4531,1.04218,-9.16448,1.04430,0.699364,1.04218,800000099,800001199,800000099,800000099,800000099,800000099,800000199,800000199,80100,80100,80,81,3,5,3,27,16,21,0.307725,0.269879,0.375778E-01,0.382676,0.867756E-02,55.7745,0.526889E-01,-0.916448E-02,0.699364,15.9973,0.472222,249.000,56.2500,12.2708,97492.3,1.22585
CH-CHA_201201150800.csv,2012-01-15,14:00,15.583,1,36000,36000,-0.455334E-01,1,0.589926E-02,42.7655,1,4.01395,39.4421,1,3.32575,-5.78789,1,0.820400,0.877428,1,0.739846E-01,0.854518,-0.208370,-0.133336,-0.463541E-02,0.218897E-09,0.173548E-11,17.3914,408.790,410.119,0.350000,1,137.884,3.24100,3.25154,0.350000,1,283.720,275.504,97448.0,1.23075,1006.93,0.235053E-01,0.568574E-01,0.248467E-02,315.914,721.890,0.201883E-02,43.7620,405.977,264.398,-1.24622,-0.904701,0.101323,1.54331,-0.368873E-13,0.125865E-13,1.54331,4.14538,331.369,215.978,3.76434,-9999,0.192345,0.395487,-14.2299,-0.141252,1.08426,0.179409,0,-9999,-9999,-9999,-9999,-9999,-9999,-9999,-0.450355E-01,1.01106,44.1099,1.02004,36.6251,1.05223,-7.89588,1.05435,0.814763,1.05223,800000099,800000099,800000099,800000099,800000099,800000099,800000199,800100199,80100,80100,80,80,22,13,2,13,22,16,0.350908,0.400128,0.399376E-01,0.147519,0.785460E-02,71.4924,0.355932E-01,-0.789588E-02,0.814763,15.9977,0.521667,249.000,56.2500,12.5364,97447.5,1.23093
CH-CHA_201201151400.csv,2012-01-15,14:30,15.604,1,36000,36000,-0.714110E-01,1,0.139634E-01,7.01778,2,1.62533,19.0834,1,2.21774,-5.53300,1,0.627956,0.424713,1,0.493572E-01,0.752886,-0.362737,-0.980523E-01,-0.807293E-02,0.385927E-09,0.293848E-11,17.2709,407.071,408.337,0.450000,0,131.502,3.09947,3.10911,0.400000,0,283.911,275.959,97342.0,1.22745,1006.86,0.235697E-01,0.275214E-01,0.236967E-02,301.790,745.634,0.193056E-02,40.4743,443.844,263.815,-0.626265,-0.733105,0.697128E-01,0.966701,0.117287E-12,0.223455E-13,0.966701,3.00117,323.843,229.494,4.13542,-9999,0.241202,0.566470,-170.865,-0.117637E-01,0.367742,0.235422E-01,0,37.6414,-5.71223,12.9211,32.1753,49.0694,68.8205,103.106,-0.704921E-01,1.01304,7.95297,1.02027,18.2463,1.03597,-5.84601,1.03683,0.406083,1.03597,800000099,800001199,800000099,800000099,800000099,800000099,800100199,810100199,80100,80100,80,81,1,4,0,16,3,16,0.802526,0.295161,0.352531E-01,0.158969,0.535629E-02,68.3646,0.643511E-02,-0.584601E-02,0.406083,16.0000,0.365556,249.000,56.2500,12.5170,97404.3,1.23856
CH-CHA_201201151400.csv,2012-01-15,15:00,15.624,1,36000,36000,-0.220238E-01,1,0.391683E-02,20.3839,0,3.67821,22.1299,0,2.20986,-2.79217,0,0.419589,0.492890,0,0.492192E-01,1.32390,-0.419413,0.348462E-01,-0.934143E-02,-0.431882E-09,-0.310955E-11,17.2558,407.683,408.884,0.350000,1,124.242,2.93532,2.94396,0.100000,0,283.603,276.761,97393.0,1.22461,1006.79,0.236258E-01,0.319393E-01,0.223884E-02,285.956,789.171,0.182820E-02,36.2350,503.215,263.131,-0.390239,0.531892,0.571694E-01,0.662166,-0.121451E-12,-0.250282E-13,0.662166,3.13008,69.4389,126.267,4.95291,-9999,0.134105,0.395273,-10.1139,-0.198736,0.921100,0.123284,0,-9999,-9999,-9999,-9999,-9999,-9999,-9999,-0.216785E-01,1.01593,21.2037,1.02179,21.1283,1.02856,-3.91193,1.02864,0.470583,1.02856,800000099,800001199,800000099,800000099,800010099,800011099,800010199,801110199,80100,80100,80,81,3,3,0,27,35,30,0.390054,0.360211,0.402809E-01,0.132911,0.222843E-02,29.9936,0.171979E-01,-0.391193E-02,0.470583,15.9961,4.32000,249.000,56.2500,12.7305,97400.3,1.24655
CH-CHA_201201151400.csv,2012-01-15,15:30,15.645,1,36000,36000,-0.259520E-01,1,0.583030E-02,5.42810,1,2.63689,14.8883,0,1.89680,-2.00954,0,0.333690,0.331534,0,0.422381E-01,-0.358514,-0.298605,-0.793838E-01,-0.664935E-02,-0.782780E-10,-0.543043E-12,17.2117,406.290,407.438,0.150000,0,119.404,2.81857,2.82654,0.150000,0,284.548,276.544,97401.0,1.22573,1006.71,0.236054E-01,0.214834E-01,0.215165E-02,274.605,777.175,0.175541E-02,35.3338,502.570,262.620,-1.01754,0.441965,0.804378E-01,1.11229,0.958447E-13,-0.454795E-14,1.11229,3.37248,29.3474,156.522,4.14710,-9999,0.145508,0.571200,-48.5175,-0.414283E-01,0.364587,0.302314E-01,0,-9999,-9999,-9999,-9999,-9999,-9999,-9999,-0.256375E-01,1.01227,6.15829,1.02000,14.1774,1.04117,-2.32258,1.04110,0.315704,1.04117,800000099,800000099,800000099,800000099,800000099,800001199,800010199,800110199,80000,80000,80,81,3,10,0,13,69,57,0.376447,0.717651,0.483015E-01,0.696179E-01,0.142134E-02,25.1532,0.499066E-02,-0.232258E-02,0.315704,16.0000,13.8167,249.000,56.2500,11.4244,97400.2,1.23872
CH-CHA_201201151400.csv,2012-01-15,16:00,15.666,1,36000,36000,-0.277987E-01,1,0.442923E-02,-0.251339,2,0.366848,3.99605,2,1.12366,-1.36080,1,0.227993,0.889459E-01,2,0.250110E-01,-0.746334,0.180790,-0.158901,0.402410E-02,-0.292026E-09,-0.209092E-11,17.1217,403.504,404.673,0.300000,0,122.592,2.88911,2.89748,0.250000,0,285.211,276.093,97401.0,1.22770,1006.74,0.235669E-01,0.576369E-02,0.220911E-02,281.477,752.757,0.179939E-02,37.3929,471.279,262.932,-1.24982,-0.387132,0.806038E-01,1.31088,0.278948E-12,-0.170559E-13,1.31088,4.17575,348.398,197.210,3.52524,-9999,0.150475,0.378292,1158.84,0.173450E-02,-0.628968E-01,-0.135139E-02,0,-9999,-9999,-9999,-9999,-9999,-9999,-9999,-0.275298E-01,1.00977,-0.235760E-01,1.01945,3.79646,1.05060,-1.31678,1.05112,0.845034E-01,1.05060,800000099,800000099,800000099,800000099,800100099,800101099,800110199,801110199,80000,80000,80,81,0,7,2,5,39,0,0.383751,0.347945,0.248885E-01,0.442539E-01,0.131455E-02,59.5151,-0.190747E-04,-0.131678E-02,0.845034E-01,15.9957,8.71278,249.000,56.2500,10.1316,97400.3,1.23067
CH-CHA_201201151400.csv,2012-01-15,16:30,15.687,1,36000,36000,-0.218641E-01,1,0.352451E-02,-17.5843,0,2.16021,12.1670,0,1.26287,-0.949933E-01,0,0.104115,0.270786,0,0.281062E-01,-0.200318,-0.734342,-0.179190E-01,-0.163434E-01,-0.731914E-12,-0.472480E-14,17.1162,403.190,404.242,0.150000,0,110.492,2.60275,2.60955,0.150000,0,285.846,275.972,97403.0,1.22839,1006.59,0.235561E-01,0.175470E-01,0.199106E-02,253.584,746.322,0.162087E-02,33.9778,492.738,261.621,-1.54843,0.793578,0.835758E-01,1.74195,0.383729E-13,-0.427615E-16,1.74195,4.16401,34.3627,152.865,2.75001,-9999,0.133413,0.383378,11.5435,0.174124,-1.44525,-0.106595,0,-9999,-9999,-9999,-9999,-9999,-9999,-9999,-0.215058E-01,1.01666,-16.3844,1.03517,10.4670,1.18383,0.573480,1.18195,0.232952,1.18383,800000099,800000099,800000099,800000099,800001099,800111199,800000199,800110199,80000,80000,80,80,17,19,15,47,35,35,0.360415,0.351137,0.552039E-01,0.733749E-01,0.222932E-03,18.5317,-0.132507E-01,0.573480E-03,0.232952,15.9981,7.50667,249.000,56.2500,7.65103,97401.4,1.22185
CH-CHA_201201151400.csv,2012-01-15,17:00,15.708,0,36000,36000,-0.167443E-01,0,0.301465E-02,-11.2219,0,3.99857,4.16096,0,2.17428,0.267043,0,0.752664,0.924878E-01,0,0.483290E-01,-2.23270,0.241249,0.435650E-01,0.536237E-02,-0.636874E-10,-0.425094E-12,17.2333,403.950,405.042,0.350000,1,115.027,2.69625,2.70353,0.200000,0,287.065,274.630,97409.0,1.23443,1006.62,0.234401E-01,0.599321E-02,0.207279E-02,262.709,678.152,0.167915E-02,38.7389,415.443,262.064,-0.882030,0.453958,0.550203E-01,0.993520,-0.127500E-13,-0.369560E-14,0.993520,3.19914,38.0546,152.766,3.17461,-9999,0.116466,0.199195,12.0343,0.167022,-2.69694,-0.775414E-01,0,-9999,-9999,-9999,-9999,-9999,-9999,-9999,-0.164825E-01,1.01588,-10.6469,1.03243,3.92354,1.10102,0.722125,1.10282,0.872106E-01,1.10102,800000099,800000099,800000099,800000099,800000099,800101099,800100199,801110199,80000,80000,80,81,12,6,5,20,21,12,0.228567,0.142042,0.277812E-01,0.240122,0.104688E-01,46.8087,-0.856825E-02,0.722125E-03,0.872106E-01,15.9957,8.95333,249.000,56.2500,3.37349,97407.5,1.19390
CH-CHA_201201151400.csv,2012-01-15,17:30,15.729,0,36000,36000,0.972146E-02,1,0.206671E-02,8.25950,2,2.78308,-7.75264,2,2.94686,-2.51687,2,1.00834,-0.171962,2,0.653646E-01,-3.70323,1.05635,0.315929,0.234309E-01,0.407663E-09,0.308807E-11,17.6152,409.411,410.685,0.350000,1,133.436,3.10130,3.11095,0.350000,1,286.709,272.423,97450.0,1.24476,1006.81,0.232419E-01,-0.111431E-01,0.240451E-02,302.303,577.974,0.193171E-02,52.3039,275.671,263.836,-0.170021,0.197641E-01,-0.457556E-02,0.171227,0.125530E-12,0.231427E-13,0.171227,1.54162,354.526,173.369,-1.53125,-9999,0.883736E-01,0.935262E-01,-7.14576,-0.281286,-1.06538,0.745756E-01,0,-9999,-9999,-9999,-9999,-9999,-9999,-9999,0.934154E-02,1.04067,7.51329,1.03804,-7.66272,1.02759,-2.79438,1.02799,-0.169967,1.02759,800000099,800000099,800000099,800000099,800001099,800101099,811110199,811110199,81000,81000,80,81,2,2,2,1,14,0,0.663742E-01,0.113755,0.692321E-02,0.565217,0.584740E-01,146.577,0.599510E-02,-0.279438E-02,-0.169967,15.9973,0.393333,249.000,56.2500,0.408331,97449.7,1.15766
CH-CHA_201201151400.csv,2012-01-15,18:00,15.749,0,36000,36000,0.939800E-02,1,0.106935E-02,-12.9799,1,2.55187,-0.653114,2,0.402529,3.80572,1,1.06171,-0.144700E-01,2,0.891819E-02,-2.06373,0.423607,0.372481,0.938518E-02,-0.712172E-10,-0.558813E-12,17.9772,415.820,417.181,0.350000,1,141.060,3.26277,3.27345,0.350000,1,286.172,271.199,97480.0,1.25069,1006.88,0.231304E-01,-0.937655E-03,0.254190E-02,318.140,528.273,0.203240E-02,60.2226,210.133,264.488,-0.607583E-01,0.375570E-01,-0.204819E-02,0.714583E-01,-0.117964E-13,-0.396153E-14,0.714583E-01,1.29669,19.9196,148.278,-1.64248,-9999,0.866849E-01,0.847200E-01,4.29235,0.468275,19.8738,-0.118904,0,-9999,-9999,-9999,-9999,-9999,-9999,-9999,0.904108E-02,1.03948,-12.2535,1.06242,-0.401208,1.01943,4.40422,1.02061,-0.888891E-02,1.01943,800000099,800100099,800000099,800000099,800011099,800111099,811110199,811110199,81100,81100,80,81,0,0,1,23,33,1,0.388713E-01,0.127608,0.296025E-02,0.209155,0.651970E-01,20.0726,-0.973044E-02,0.440422E-02,-0.888891E-02,16.0000,0.258889,249.000,56.2500,-1.33533,97480.4,1.13345
CH-CHA_201201151400.csv,2012-01-15,18:30,15.770,0,36000,36000,0.244246E-02,1,0.124829E-02,-8.62447,0,3.65751,-0.398761,2,0.312188,4.54800,0,1.72506,-0.882919E-02,2,0.691234E-02,-1.11556,-0.328619,0.855906E-01,-0.727614E-02,-0.831403E-10,-0.625193E-12,18.0860,417.289,418.602,0.350000,1,136.002,3.13790,3.14778,0.350000,1,285.662,270.539,97487.0,1.25389,1006.80,0.230724E-01,-0.572132E-03,0.245076E-02,305.987,503.080,0.195453E-02,60.8227,197.093,263.990,-0.129833,0.211716,0.121029E-01,0.248649,0.695695E-14,-0.459694E-14,0.248649,1.68656,72.2746,121.518,2.78995,-9999,0.441350E-01,0.104996,0.852629,2.35742,21.6282,-0.154791,0,-9999,-9999,-9999,-9999,-9999,-9999,-9999,0.226365E-02,1.07899,-7.47393,1.15707,-0.217554,1.11421,4.45462,1.12431,-0.481700E-02,1.11421,800000099,800000099,800000099,800000099,800101099,800111099,811100199,811110199,81100,81100,80,81,0,0,2,0,3,0,0.538964E-01,0.152157,0.393923E-02,0.392460,0.139106,17.3491,-0.592030E-02,0.445462E-02,-0.481700E-02,16.0000,0.472222,249.000,56.2500,-2.50431,97487.4,1.12676
CH-CHA_201201151400.csv,2012-01-15,19:00,15.791,0,36000,36000,-0.161616E-02,2,0.232055E-02,-5.66628,1,3.01172,0.207267,1,0.730619,1.46841,1,1.72349,0.458523E-02,1,0.161630E-01,-1.55700,0.325163,0.298079,0.719336E-02,0.429754E-10,0.331779E-12,18.3701,422.386,423.768,0.350000,1,141.821,3.26093,3.27159,0.350000,1,284.864,269.621,97491.0,1.25815,1006.86,0.229932E-01,0.297123E-03,0.255562E-02,317.996,469.813,0.203125E-02,67.6857,151.817,264.482,0.801732E-01,0.317573,0.114042E-01,0.327735,0.158924E-12,0.233942E-14,0.327735,1.34852,111.010,75.8314,1.99412,-9999,0.358406E-01,0.129522,0.695001,2.89208,-27.3381,-0.124802,0,-9999,-9999,-9999,-9999,-9999,-9999,-9999,-0.148273E-02,1.08999,-4.79608,1.17880,0.269176,1.16260,1.50484,1.17702,0.595481E-02,1.16260,800000099,800100099,800000099,800000099,800000099,800110099,811110199,811110199,80000,80000,80,81,2,0,1,8,19,0,0.155004,0.100825,0.321508E-02,0.286250,0.130078,13.0687,-0.378602E-02,0.150484E-02,0.595481E-02,16.0000,0.363333,249.000,56.2500,-3.27251,97493.5,1.11575
CH-CHA_201201151400.csv,2012-01-15,19:30,15.812,0,36000,36000,-0.123225E-02,2,0.108033E-02,1.10000,0,0.787696,-1.57477,1,0.505210,-0.743216,0,0.546446,-0.348352E-01,1,0.111757E-01,-0.120457,-0.157673,-0.215617,-0.348787E-02,0.102867E-09,0.786499E-12,18.2153,418.700,420.045,0.350000,1,139.270,3.20129,3.21157,0.200000,0,284.860,269.550,97495.0,1.25856,1006.83,0.229862E-01,-0.225732E-02,0.250965E-02,312.194,467.323,0.199406E-02,66.8046,155.130,264.247,0.305928,0.360186,0.229497E-01,0.473131,0.894804E-13,0.564730E-14,0.473131,1.20354,135.368,49.6568,2.78029,-9999,0.312905E-01,0.798333E-01,-2.38239,-0.843692,-0.698517,0.277428E-01,0,-9999,-9999,-9999,-9999,-9999,-9999,-9999,-0.120850E-02,1.01965,0.984535,1.02410,-1.55361,1.02342,-0.768290,1.02473,-0.343673E-01,1.02342,800000099,800100099,800000099,800000099,800110099,800111099,811110199,811110199,81100,81100,80,80,0,0,0,18,15,0,0.784118E-01,0.781644E-01,0.309047E-02,0.173581,0.328516E-01,6.60464,0.776963E-03,-0.768290E-03,-0.343673E-01,15.9953,0.363333,249.000,56.2500,-3.64538,97497.7,1.11248
CH-CHA_201201151400.csv,2012-01-15,20:00,15.833,0,36000,36000,0.864307E-02,1,0.272075E-02,-6.52710,1,4.45999,-0.213215,2,0.422527,0.662951,1,2.11442,-0.471465E-02,2,0.934303E-02,-0.701801,0.104793,0.332756,0.231721E-02,0.262329E-10,0.200332E-12,18.4917,424.380,425.760,0.350000,1,141.215,3.24085,3.25139,0.400000,0,284.596,269.137,97500.0,1.26054,1006.85,0.229498E-01,-0.305510E-03,0.254469E-02,316.067,453.073,0.201873E-02,69.7609,137.005,264.404,0.117569,0.277649,0.119444E-02,0.301518,0.506967E-14,0.141863E-14,0.301518,1.70044,129.538,67.0500,0.226974,-9999,0.828049E-01,0.100509,7.44101,0.270125,30.6128,-0.621076E-01,0,-9999,-9999,-9999,-9999,-9999,-9999,-9999,0.845292E-02,1.02250,-6.27678,1.04179,-0.869400E-01,1.04085,0.975175,1.04422,-0.192244E-02,1.04085,800000099,800000099,800000099,800000099,800001099,810111099,811110199,811110199,80000,80000,80,81,5,0,8,13,7,2,0.149344,0.465489E-01,0.512514E-02,0.440319,0.150848,6.53712,-0.494559E-02,0.975175E-03,-0.192244E-02,16.0000,0.400000,249.000,56.2500,-4.17697,97499.9,1.10629
CH-CHA_201201152000.csv,2012-01-15,20:30,15.854,0,36000,36000,0.837297E-02,1,0.229866E-02,-1.80967,1,2.60083,-0.263575,1,0.309369,0.104236,2,0.988939,-0.582641E-02,1,0.683872E-02,-0.559718,-0.958822E-01,-0.418742E-01,-0.211951E-02,-0.343981E-10,-0.260195E-12,18.4824,423.666,425.028,0.350000,1,139.805,3.20471,3.21501,0.350000,1,284.258,268.808,97496.0,1.26205,1006.82,0.229227E-01,-0.377551E-03,0.251929E-02,312.530,441.998,0.199619E-02,70.7085,129.468,264.260,0.308821,0.365991,0.173739E-01,0.479189,-0.576418E-14,-0.186113E-14,0.479189,1.43321,138.405,49.8425,2.07782,-9999,0.814520E-01,0.132605,25.5432,0.786902E-01,6.86587,-0.174851E-01,0,-9999,-9999,-9999,-9999,-9999,-9999,-9999,0.824982E-02,1.01493,-1.77759,1.02654,-0.221847,1.03324,0.197533,1.03592,-0.490401E-02,1.03324,800000099,800000099,800000099,800000099,800000099,800000099,811100199,811100199,80000,80000,80,81,4,0,4,10,17,68,0.128415,0.131855,0.493994E-02,0.304168,0.698333E-01,2.37607,-0.139896E-02,0.197533E-03,-0.490401E-02,16.0000,0.221111,249.000,56.2500,-4.34775,97500.1,1.10238
CH-CHA_201201152000.csv,2012-01-15,21:00,15.874,0,36000,36000,0.275794E-02,2,0.240556E-02,0.109915,2,1.07870,0.391052,1,0.266123,-0.911486,1,0.723718,0.864417E-02,1,0.588262E-02,-0.391358E-01,0.181967E-01,-0.165179,0.402236E-03,-0.203818E-09,-0.155536E-11,18.3626,420.850,422.206,0.350000,1,140.128,3.21157,3.22191,0.350000,1,284.421,268.785,97504.0,1.26226,1006.82,0.229188E-01,0.560142E-03,0.252510E-02,313.225,441.233,0.200047E-02,70.9885,128.008,264.289,-0.361721,0.177522,0.136953E-01,0.403167,0.237045E-13,-0.110996E-13,0.403167,2.01837,31.2401,153.860,1.94667,-9999,0.467432E-01,0.156219,-79.4861,-0.252874E-01,0.281075,0.185028E-02,0,-9999,-9999,-9999,-9999,-9999,-9999,-9999,0.269889E-02,1.02188,0.129366,1.02553,0.379132,1.02275,-0.899612,1.02381,0.838067E-02,1.02275,800000099,800000099,800000099,800000099,800100099,800100099,811100199,811100199,80000,80000,80,81,4,20,3,14,19,13,0.126925,0.175325,0.101883E-01,0.867385,0.114923,4.29269,0.101793E-03,-0.899612E-03,0.838067E-02,16.0000,0.257778,249.000,56.2500,-4.43170,97500.2,1.10262
CH-CHA_201201152000.csv,2012-01-15,21:30,15.895,0,36000,36000,-0.638622E-02,1,0.122344E-02,-4.97148,0,5.94313,-0.699022,1,0.320010,0.316558,1,1.12322,-0.154709E-01,1,0.708252E-02,2.21170,0.294325,-0.446384,0.651406E-02,0.612901E-11,0.492916E-13,17.9430,413.204,414.582,0.350000,1,144.304,3.32315,3.33423,0.350000,1,285.268,270.091,97510.0,1.25618,1006.90,0.230288E-01,-0.100251E-02,0.260036E-02,324.127,486.593,0.207006E-02,66.6115,162.466,264.727,-0.906949,0.267903,0.473592E-01,0.946875,-0.560174E-13,0.341582E-15,0.946875,2.34721,24.1665,163.543,2.86692,-9999,0.713012E-01,0.198202,6.23781,0.322228,7.11206,-0.551252E-01,0,-9999,-9999,-9999,-9999,-9999,-9999,-9999,-0.625191E-02,1.02148,-4.79760,1.04407,-0.529231,1.13715,0.508153,1.14939,-0.117130E-01,1.13715,800000099,800001199,800000099,800000099,800000099,800100099,811100099,811100099,81100,81100,80,81,3,4,6,0,13,15,0.114135,0.267603,0.146664E-01,1.00338,0.543016E-01,2.39680,-0.379303E-02,0.508153E-03,-0.117130E-01,16.0000,0.434444,249.000,56.2500,-3.79530,97509.9,1.12312
CH-CHA_201201152000.csv,2012-01-15,22:00,15.916,0,36000,36000,0.187371E-02,2,0.187681E-02,-7.40265,0,2.91432,-1.94057,0,0.490082,3.92813,0,1.57575,-0.429040E-01,0,0.108352E-01,-1.88753,-0.105463,0.846369,-0.233169E-02,-0.193046E-10,-0.148218E-12,18.6469,427.642,429.051,0.350000,1,143.168,3.28337,3.29419,0.350000,1,284.115,268.981,97512.0,1.26140,1006.87,0.229337E-01,-0.278018E-02,0.257989E-02,320.254,447.791,0.204525E-02,71.5186,127.537,264.573,0.301664,0.346990,0.202299E-01,0.460231,-0.563348E-13,-0.103527E-14,0.460231,1.84957,137.929,48.9972,2.51930,-9999,0.385410E-01,0.147345,0.661620,3.03800,3.81467,-0.151229,0,-9999,-9999,-9999,-9999,-9999,-9999,-9999,0.171380E-02,1.09331,-6.33735,1.18513,-1.45282,1.23476,3.46798,1.25449,-0.321204E-01,1.23476,800000099,800000099,800000099,800000099,800011199,800111199,811110199,811110199,81100,81100,80,81,24,0,4,26,34,53,0.910893E-01,0.200209,0.339161E-02,0.293440,0.111459,5.84406,-0.498977E-02,0.346798E-02,-0.321204E-01,15.9938,0.381111,249.000,56.2500,-3.94493,97511.9,1.10846
CH-CHA_201201152000.csv,2012-01-15,22:30,15.937,0,36000,36000,0.698615E-02,1,0.238519E-02,1.92646,2,0.768405,0.450565,2,0.199262,0.446368,2,1.48170,0.995510E-02,2,0.440263E-02,-1.16617,-0.293115,0.163686,-0.647630E-02,-0.141977E-09,-0.104668E-11,18.8179,430.427,431.797,0.350000,1,138.729,3.17319,3.18329,0.350000,1,283.599,268.297,97521.0,1.26479,1006.80,0.228732E-01,0.645090E-03,0.249990E-02,309.536,425.274,0.197654E-02,72.7850,115.738,264.138,-0.425290E-01,0.683176E-01,0.129222E-02,0.804840E-01,-0.253412E-13,-0.754479E-14,0.804840E-01,1.61137,54.2582,121.903,0.919960,-9999,0.743207E-01,0.114903,-18.2311,-0.110251,4.27565,0.203558E-01,0,-9999,-9999,-9999,-9999,-9999,-9999,-9999,0.652162E-02,1.07123,1.84416,1.05888,0.396148,1.04438,0.321630,1.04460,0.875277E-02,1.04438,800000099,800100099,800000099,800000099,800011199,800111199,811110099,811110199,80000,80000,80,81,0,19,6,16,25,28,0.145685,0.809311E-01,0.319002E-02,0.261674,0.128614,9.74070,0.144823E-02,0.321630E-03,0.875277E-02,16.0000,0.327778,249.000,56.2500,-4.80824,97520.9,1.09346
CH-CHA_201201152000.csv,2012-01-15,23:00,15.958,0,36000,36000,-0.124262E-01,1,0.316200E-02,-10.2696,1,5.89744,-3.16093,1,0.678654,1.91057,1,2.61840,-0.698272E-01,1,0.149919E-01,-0.329281,-0.156633,-0.225165,-0.346013E-02,0.614998E-10,0.448976E-12,18.6638,426.599,427.931,0.350000,1,136.254,3.11436,3.12409,0.350000,1,283.735,268.104,97520.0,1.26572,1006.76,0.228570E-01,-0.452480E-02,0.245530E-02,303.794,419.105,0.193985E-02,72.4864,115.311,263.899,-0.710726E-01,0.505901E-01,0.761111E-02,0.875705E-01,0.242557E-13,0.329514E-14,0.875705E-01,2.47846,118.347,144.556,4.98610,-9999,0.990832E-01,0.211705,8.10367,0.248036,3.24892,-0.813370E-01,0,-9999,-9999,-9999,-9999,-9999,-9999,-9999,-0.120281E-01,1.03310,-9.98647,1.04710,-2.91367,1.01785,2.45535,1.01875,-0.643650E-01,1.01785,800000099,800000099,800000099,800000099,800100099,800100199,811100199,811110199,81100,81100,80,81,4,0,9,24,27,71,0.278284,0.138353,0.677400E-02,0.895745,0.258075,9.68610,-0.783695E-02,0.245535E-02,-0.643650E-01,16.0000,0.212222,249.000,56.2500,-4.94153,97519.6,1.09146
CH-CHA_201201152000.csv,2012-01-15,23:30,15.979,0,36000,36000,0.606243E-02,1,0.248652E-02,-11.6959,1,5.82915,-0.871051,2,0.756853,2.44828,1,1.25296,-0.192412E-01,2,0.167186E-01,-0.853237E-01,0.181249E-01,-0.511539E-01,0.400373E-03,-0.152764E-09,-0.111997E-11,18.6296,425.729,427.062,0.350000,1,136.580,3.12117,3.13094,0.350000,1,283.395,268.054,97522.0,1.26597,1006.77,0.228523E-01,-0.124683E-02,0.246117E-02,304.464,417.520,0.194409E-02,72.9221,113.056,263.927,-0.441287,-0.286247E-01,0.171617E-01,0.442547,-0.631729E-13,-0.820009E-14,0.442547,1.90108,20.9468,183.711,2.22245,-9999,0.692008E-01,0.191129,2.42403,0.829197,13.4273,-0.132608,0,-9999,-9999,-9999,-9999,-9999,-9999,-9999,0.584043E-02,1.03801,-10.9105,1.07641,-0.587076,1.11853,2.74277,1.12814,-0.129683E-01,1.11853,800000099,800000099,800000099,800000099,800000099,800100199,811100199,811100199,81100,81100,80,81,0,6,1,2,9,29,0.138644,0.238642,0.497121E-02,0.772601,0.115571,20.1508,-0.856033E-02,0.274277E-02,-0.129683E-01,16.0000,0.260000,249.000,56.2500,-4.83653,97521.8,1.09297
CH-CHA_201201152000.csv,2012-01-16,00:00,16.000,0,36000,36000,0.222638E-02,2,0.179260E-02,-8.35285,0,2.86114,4.67562,2,2.25984,1.21038,0,0.963442,0.103249,2,0.499025E-01,-0.597964,-1.22012,-0.258982,-0.269431E-01,0.148764E-09,0.940522E-12,18.4602,421.333,422.458,0.350000,1,116.710,2.66377,2.67089,0.350000,1,283.279,267.704,97516.0,1.26777,1006.52,0.228239E-01,0.669053E-02,0.210311E-02,259.830,406.573,0.165891E-02,63.9074,146.743,261.926,-0.411670,-0.217824,0.161182E-01,0.466025,0.609416E-13,0.805862E-14,0.466025,1.57791,351.711,207.884,1.98206,-9999,0.419062E-01,0.129205,0.753690,2.66688,-1.78647,-0.156204,0,-9999,-9999,-9999,-9999,-9999,-9999,-9999,0.205727E-02,1.08220,-6.95697,1.16364,3.92533,1.22089,1.30420,1.24081,0.866806E-01,1.22089,800000099,800000099,800000099,800000099,800100099,800110099,810100199,811110199,81100,81100,80,81,0,1,5,21,10,9,0.145565,0.108104,0.473983E-02,0.333149,0.733787E-01,132.614,-0.545202E-02,0.130420E-02,0.866806E-01,15.9969,0.284444,249.000,56.2500,-5.16135,97516.1,1.08671
CH-CHA_201201152000.csv,2012-01-16,00:30,16.020,0,36000,36000,-0.686913E-02,1,0.287123E-02,-9.29068,1,21.1179,-1.74228,1,1.71075,4.31123,1,2.46024,-0.384756E-01,1,0.377793E-01,0.905327E-01,0.836267,0.307799,0.184677E-01,-0.229910E-09,-0.160477E-11,18.6849,426.559,427.833,0.350000,1,130.420,2.97736,2.98625,0.350000,1,278.997,267.757,97513.0,1.26733,1006.69,0.228291E-01,-0.249322E-02,0.235016E-02,290.409,408.214,0.185442E-02,71.1414,117.805,263.327,-0.347570,-0.924609E-01,0.306522E-01,0.360962,0.493791E-13,-0.123046E-13,0.360962,1.39578,353.824,194.897,4.87132,-9999,0.736217E-01,0.116908,3.67427,0.547047,5.33247,-0.989136E-01,0,-9999,-9999,-9999,-9999,-9999,-9999,-9999,-0.666704E-02,1.03031,-8.85689,1.05998,-1.46622,1.07520,4.47149,1.08148,-0.323793E-01,1.07520,800000099,800000099,800000099,800000099,800000099,800100099,811100199,811110199,80000,80000,80,81,0,0,1,0,3,8,0.188106,0.407285E-01,0.498042E-02,7.05604,0.187336,45.9742,-0.694219E-02,0.447149E-02,-0.323793E-01,15.9930,0.373333,249.000,56.2500,-5.37592,97512.6,1.08733
CH-CHA_201201152000.csv,2012-01-16,01:00,16.041,0,36000,36000,0.642175E-02,1,0.143479E-02,7.99343,1,2.24645,1.90418,2,1.89145,3.03594,1,1.43957,0.420377E-01,2,0.417569E-01,-0.564329,-3.71817,-0.220118,-0.820844E-01,0.948905E-10,0.355799E-12,18.5463,422.826,423.498,0.350000,1,69.5407,1.58541,1.58793,0.350000,1,282.833,267.427,97524.0,1.26971,1005.93,0.227984E-01,0.272404E-02,0.125312E-02,154.657,398.091,0.986939E-03,38.8498,243.433,255.611,-0.356708,0.127452,0.131496E-01,0.379022,-0.805893E-13,0.511641E-14,0.379022,1.60253,23.5488,160.338,1.98819,-9999,0.711172E-01,0.996701E-01,-3.84884,-0.522235,4.19784,0.880007E-01,0,-9999,-9999,-9999,-9999,-9999,-9999,-9999,0.627842E-02,1.02283,7.89677,1.02615,1.78570,1.02337,2.52454,1.02361,0.394221E-01,1.02337,800000099,800100099,800000099,800000099,800100099,800100099,811100199,811110199,81100,81100,80,81,3,0,2,1,14,0,0.110300,0.874355E-01,0.160462E-02,0.371215,0.203488,201.623,0.618267E-02,0.252454E-02,0.394221E-01,16.0000,0.201111,249.819,61.3679,-5.62865,97524.5,1.08125
CH-CHA_201201152000.csv,2012-01-16,01:30,16.062,0,36000,36000,-0.641056E-02,0,0.904019E-03,-9.17368,0,7.36618,-2.42465,0,0.630245,2.76787,0,2.75465,-0.535618E-01,0,0.139225E-01,1.14295,0.302895,0.818684,0.669112E-02,-0.187499E-10,-0.729469E-13,19.1093,436.744,437.487,0.350000,1,74.3452,1.69916,1.70205,0.350000,1,283.736,268.097,97526.0,1.26651,1006.00,0.228550E-01,-0.347080E-02,0.133970E-02,165.757,418.883,0.105779E-02,39.5712,253.126,256.434,-0.799206,0.345593,0.452143E-01,0.871900,-0.550234E-13,-0.981192E-15,0.871900,1.79293,31.5317,156.615,2.97253,-9999,0.711450E-01,0.132461,3.35774,0.598616,3.78351,-0.101203,0,-9999,-9999,-9999,-9999,-9999,-9999,-9999,-0.622037E-02,1.03058,-8.75170,1.06243,-1.93901,1.20172,2.73949,1.20624,-0.428337E-01,1.20172,800000099,800000099,800000099,800000099,800001199,800101199,811100199,811100199,80000,80000,80,81,2,0,3,0,3,21,0.553181E-01,0.192918,0.166875E-01,0.986113,0.204033,5.31819,-0.686888E-02,0.273949E-02,-0.428337E-01,15.9848,2.68278,250.000,62.5000,-5.33088,97526.1,1.09565
CH-CHA_201201152000.csv,2012-01-16,02:00,16.083,0,36000,36000,-0.466743E-02,1,0.708258E-03,-5.84419,1,4.07684,1.31359,2,4.56348,0.101589,2,1.16341,0.290157E-01,2,0.100802,-0.138220,3.17748,-0.968768,0.701870E-01,-0.147949E-10,-0.101812E-12,18.3912,420.277,421.496,0.350000,1,126.560,2.89216,2.90055,0.350000,1,283.432,268.016,97509.0,1.26610,1006.64,0.228521E-01,0.188022E-02,0.228061E-02,282.087,416.319,0.180129E-02,67.7575,134.232,262.959,-0.731117,0.210443,0.445572E-01,0.762105,-0.970385E-13,-0.804457E-15,0.762105,1.89476,20.8870,163.942,3.35177,-9999,0.607164E-01,0.122834,3.27625,0.613506,-4.44903,-0.755224E-01,0,-9999,-9999,-9999,-9999,-9999,-9999,-9999,-0.452901E-02,1.03056,-5.43682,1.06224,1.20775,1.16565,0.342316,1.18032,0.266778E-01,1.16565,800000099,800001199,800000099,800000099,800000099,800100099,811100199,811110199,80000,80000,80,81,1,0,3,0,0,2,0.641558E-01,0.172783,0.872866E-02,0.768464,0.992760E-01,386.095,-0.426582E-02,0.342316E-03,0.266778E-01,15.9957,2.59944,249.034,56.4633,-4.83397,97505.7,1.09413
CH-CHA_201201160200.csv,2012-01-16,02:30,16.104,0,36000,36000,-0.321365E-01,1,0.502290E-02,-43.8679,1,10.1771,-9.13697,2,2.93852,19.6899,1,4.87190,-0.201721,2,0.648751E-01,-0.934837,-1.24410,0.881069,-0.274666E-01,-0.480427E-09,-0.267799E-11,19.0760,435.229,436.288,0.350000,1,106.333,2.42604,2.43194,0.350000,1,282.581,267.469,97466.0,1.26835,1006.39,0.228155E-01,-0.130715E-01,0.191612E-02,236.520,399.366,0.151072E-02,59.2239,162.846,260.755,-0.249970,-0.126700E-01,0.285224E-01,0.251911,-0.775217E-13,-0.251849E-13,0.251911,1.25296,29.6861,182.902,6.50120,-9999,0.159177,0.176005,7.86145,0.255678,4.80114,-0.215906,0,-9999,-9999,-9999,-9999,-9999,-9999,-9999,-0.314116E-01,1.02308,-42.6237,1.04158,-8.21679,1.03397,21.4411,1.03674,-0.181406,1.03397,800000099,800000099,800000099,800000099,800000099,800101099,811100199,811110199,80000,80000,80,81,6,1,2,7,0,34,0.246807,0.985571E-01,0.664569E-02,1.13401,0.403463,84.4006,-0.333924E-01,0.214411E-01,-0.181406,15.9981,0.366667,249.000,56.2500,-5.18087,97522.5,1.08353
CH-CHA_201201160200.csv,2012-01-16,03:00,16.125,0,36000,36000,0.723308E-02,0,0.193235E-02,-6.12727,0,4.17589,2.05731,2,2.15372,-1.87989,1,0.828492,0.453624E-01,2,0.474881E-01,-2.32177,-1.08504,0.722962,-0.239244E-01,0.154667E-09,0.699075E-12,19.7216,447.429,448.336,0.350000,1,89.1393,2.02232,2.02642,0.350000,1,281.488,266.118,97522.0,1.27572,1006.15,0.226872E-01,0.293949E-02,0.160629E-02,197.274,360.099,0.125913E-02,54.7833,162.825,258.529,0.127059,0.149291,0.164028E-02,0.196047,0.135634E-13,0.784250E-14,0.196047,1.00055,144.472,49.5996,0.479385,-9999,0.752982E-01,0.663253E-01,5.95998,0.337250,-2.97829,-0.633961E-01,0,-9999,-9999,-9999,-9999,-9999,-9999,-9999,0.704603E-02,1.02655,-5.73491,1.04749,2.06032,1.03172,-1.49552,1.03404,0.454287E-01,1.03172,800000099,800001199,800000099,800000099,800000099,800000099,811110199,811110199,81100,81100,81,81,0,0,0,8,6,5,0.804885E-01,0.434718E-01,0.869040E-02,0.262108,0.112971,210.209,-0.446794E-02,-0.149552E-02,0.454287E-01,15.9981,0.405556,249.485,59.2785,-5.85573,97529.7,1.06544
CH-CHA_201201160200.csv,2012-01-16,03:30,16.145,0,36000,36000,-0.654750E-02,1,0.241254E-02,-7.39404,1,4.91996,-2.41143,1,1.23464,5.14956,1,2.45058,-0.531641E-01,1,0.272196E-01,-0.225293,-1.92405,0.713107,-0.424189E-01,0.147529E-09,0.419709E-12,20.2684,459.452,460.054,0.350000,1,57.6621,1.30711,1.30882,0.350000,1,280.953,265.987,97555.0,1.27712,1005.77,0.226684E-01,-0.344503E-02,0.103907E-02,127.549,356.480,0.813604E-03,35.7801,228.931,253.353,0.566954,0.314648,0.340964E-01,0.649310,-0.674354E-13,0.727877E-14,0.649310,1.57016,157.904,29.0294,3.01009,-9999,0.716015E-01,0.121032,4.24714,0.473259,3.06624,-0.803951E-01,0,-9999,-9999,-9999,-9999,-9999,-9999,-9999,-0.637647E-02,1.02682,-7.13470,1.05436,-2.07637,1.13259,4.95505,1.13271,-0.457769E-01,1.13259,800000099,800000099,800000099,800000099,800000099,800011099,811100199,811100199,81000,81000,80,81,11,2,1,13,18,18,0.104593,0.132081,0.538913E-02,0.415041,0.167036,23.1186,-0.555449E-02,0.495505E-02,-0.457769E-01,15.9973,0.336667,250.000,62.5000,-6.18625,97555.5,1.06268
CH-CHA_201201160200.csv,2012-01-16,04:00,16.166,0,36000,36000,0.412073E-02,1,0.682025E-03,-2.11577,1,1.08281,-2.87763,1,0.781039,-1.55479,1,0.596461,-0.634247E-01,1,0.172146E-01,-0.501094,-1.25240,0.185832,-0.276037E-01,0.234370E-11,0.426761E-14,20.4338,462.582,462.972,0.350000,1,37.2077,0.842310,0.843020,0.450000,0,280.843,265.696,97579.0,1.27906,1005.52,0.226380E-01,-0.410992E-02,0.670484E-03,82.2138,348.558,0.524201E-03,23.5868,266.345,248.374,0.525568,0.330219,0.256361E-01,0.621227,0.663706E-13,0.114697E-15,0.621227,1.09151,153.487,32.1415,2.36509,-9999,0.567599E-01,0.405100E-01,7.39458,0.271821,0.735248,-0.289831E-01,0,-9999,-9999,-9999,-9999,-9999,-9999,-9999,0.403670E-02,1.02082,-2.18059,1.04168,-2.60304,1.10054,-1.28092,1.09213,-0.573726E-01,1.10054,800000099,800100099,800000099,800000099,800000099,800000099,811100199,811110199,80000,80000,80,81,0,1,6,0,8,28,0.379747E-01,0.412127E-01,0.183290E-02,0.113188,0.523645E-01,37.3776,-0.169548E-02,-0.128092E-02,-0.573726E-01,15.9981,0.420000,250.000,62.5000,-6.61685,97578.6,1.05836
CH-CHA_201201160200.csv,2012-01-16,04:30,16.187,0,36000,36000,0.144379E-02,2,0.729120E-03,-0.155689,2,0.501068,-0.891209,2,0.710297,-1.05844,2,0.633991,-0.196472E-01,2,0.156589E-01,0.406029,-1.32767,-0.113889,-0.292691E-01,-0.109743E-09,-0.831596E-13,20.3327,460.662,460.823,0.350000,1,15.4074,0.349073,0.349195,0.350000,1,281.264,265.932,97587.0,1.27827,1005.26,0.226563E-01,-0.127314E-02,0.277641E-03,34.0742,354.971,0.217201E-03,9.59914,320.897,239.034,0.331030,0.399516,0.266811E-01,0.519524,0.991167E-13,-0.539738E-14,0.519524,1.07494,128.152,50.3556,2.94382,-9999,0.336079E-01,0.670978E-01,20.8602,0.963558E-01,0.174694,-0.360509E-02,0,-9999,-9999,-9999,-9999,-9999,-9999,-9999,0.142106E-02,1.01599,-0.199308,1.03000,-0.840224,1.05993,-0.992513,1.04797,-0.185232E-01,1.05993,800000099,800100099,800000099,800000099,800000099,800010199,811110199,811110199,80000,80000,80,81,2,0,1,8,1,52,0.718379E-01,0.614063E-01,0.951186E-03,0.755832E-01,0.116328,51.0132,-0.155105E-03,-0.992513E-03,-0.185232E-01,15.9981,0.340000,250.999,68.7463,-6.81815,97587.2,1.06223
CH-CHA_201201160200.csv,2012-01-16,05:00,16.208,0,36000,36000,0.319913E-02,1,0.125579E-02,-2.16137,1,2.64107,5.98687,2,3.40561,-0.277254,2,0.399147,0.131944,2,0.750561E-01,-0.546124,1.78381,0.942200,0.393132E-01,0.737981E-10,0.156532E-12,21.0590,476.520,477.002,0.350000,1,44.6679,1.01074,1.01176,0.350000,1,280.804,265.615,97593.0,1.27955,1005.61,0.226279E-01,0.855000E-02,0.804916E-03,98.6677,346.381,0.629061E-03,28.4853,247.714,250.415,0.416839,0.291108,0.177922E-01,0.508739,0.463569E-13,0.350435E-14,0.508739,1.14743,149.239,34.9293,2.00423,-9999,0.500020E-01,0.535871E-01,4.94935,0.406114,-0.361018,-0.335933E-01,0,-9999,-9999,-9999,-9999,-9999,-9999,-9999,0.312739E-02,1.02294,-1.75275,1.04557,5.50712,1.08834,-0.190891,1.08420,0.121371,1.08834,800000099,800100099,800000099,800000099,800001099,800011199,811100199,811110199,80100,80100,80,80,3,0,2,1,12,11,0.777172E-01,0.272507E-01,0.220601E-02,0.284816,0.126628,454.854,-0.136217E-02,-0.190891E-03,0.121371,16.0000,0.298889,251.893,74.3288,-6.89498,97594.0,1.05777
CH-CHA_201201160200.csv,2012-01-16,05:30,16.229,0,36000,36000,0.254104E-02,1,0.597836E-03,-0.509413,1,0.371149,-0.680371,1,0.895231,1.02371,1,0.777657,-0.149957E-01,1,0.197314E-01,0.136067,-0.825905,0.453307,-0.182034E-01,-0.156602E-10,-0.227812E-13,21.3920,484.151,484.492,0.350000,1,31.1195,0.704306,0.704802,0.350000,1,280.932,265.694,97603.0,1.27945,1005.45,0.226323E-01,-0.971724E-03,0.560773E-03,68.7608,348.504,0.438292E-03,19.7302,279.744,246.411,0.370097,0.492134,0.263953E-01,0.616331,0.510357E-13,-0.732057E-15,0.616331,1.27773,130.972,53.0559,2.45452,-9999,0.445650E-01,0.371950E-01,14.8675,0.135195,0.748728,-0.888573E-02,0,-9999,-9999,-9999,-9999,-9999,-9999,-9999,0.250092E-02,1.01604,-0.530477,1.03108,-0.634506,1.06821,1.00226,1.06046,-0.139849E-01,1.06821,800000099,800100099,800000099,800000099,800000099,810010199,811110199,811110199,81000,81000,80,81,0,0,0,0,0,0,0.499219E-01,0.236692E-01,0.798741E-03,0.535784E-01,0.143486,94.4508,-0.412367E-03,0.100226E-02,-0.139849E-01,16.0000,0.266667,252.790,79.9373,-7.05544,97602.9,1.05853
CH-CHA_201201160200.csv,2012-01-16,06:00,16.250,0,36000,36000,0.168876E-02,1,0.746905E-03,-0.689308,2,0.837812,-9999,-9999,-9999,-1.16171,1,0.516510,-9999,-9999,-9999,-0.311967,-9999,0.916578,-9999,0.223190E-10,-9999,22.0910,499.568,499.568,0.350000,1,-9999,-9999,-9999,-9999,1,280.758,265.513,97615.0,1.28082,1005.07,0.226141E-01,-9999,-9999,-9999,-9999,-9999,-9999,-999900.,-9999,0.354105,0.428262,0.278012E-01,0.556392,-0.201055E-13,0.101032E-14,0.556392,1.14774,134.009,50.4146,2.86409,-9999,0.363111E-01,0.334549E-01,5.94324,0.338200,-9999,-0.147464E-01,0,-9999,-9999,-9999,-9999,-9999,-9999,-9999,0.165154E-02,1.02254,-0.659617,1.04501,-9999,-9999,-1.02413,1.09083,-9999,-9999,800000099,800100199,800000099,800000199,800011099,800111099,811110199,811110199,80100,80100,80,80,0,0,3,4,2,0,0.448808E-01,0.203870E-01,0.164204E-02,0.104159,0.139932,-9999,-0.512397E-03,-0.102413E-02,-9999,15.9977,0.375556,253.930,87.0636,-7.06463,97614.8,1.05586
CH-CHA_201201160200.csv,2012-01-16,06:30,16.270,0,36000,36000,0.374832E-02,1,0.932109E-03,-1.63913,1,0.981538,-9999,-9999,-9999,-0.457502,1,0.385532,-9999,-9999,-9999,-0.341560,-9999,1.28347,-9999,0.640977E-10,-9999,23.0646,521.138,521.138,0.350000,1,-9999,-9999,-9999,-9999,1,280.417,265.315,97626.0,1.28192,1005.07,0.225947E-01,-9999,-9999,-9999,-9999,-9999,-9999,-999900.,-9999,0.487921,0.541534,0.344058E-01,0.729732,0.386304E-13,0.277905E-14,0.729732,1.24274,138.751,47.9812,2.70242,-9999,0.540739E-01,0.423492E-01,8.25472,0.243497,-9999,-0.235270E-01,0,-9999,-9999,-9999,-9999,-9999,-9999,-9999,0.367862E-02,1.01895,-1.57887,1.03816,-9999,-9999,-0.316431,1.09631,-9999,-9999,800000099,800100199,800000099,800000199,800011199,800011199,811110099,811110099,80000,80000,80,80,0,5,0,30,23,0,0.395409E-01,0.430708E-01,0.208658E-02,0.133916,0.132655,-9999,-0.122543E-02,-0.316431E-03,-9999,15.9977,0.345556,254.990,93.6852,-7.19712,97626.2,1.05301
CH-CHA_201201160200.csv,2012-01-16,07:00,16.291,0,36000,36000,0.139986E-02,2,0.828193E-03,-2.74240,1,1.87097,-9999,-9999,-9999,-0.810289,1,0.389019,-9999,-9999,-9999,0.338003,-9999,1.10401,-9999,0.226526E-11,-9999,23.8785,539.698,539.698,0.350000,1,-9999,-9999,-9999,-9999,1,280.411,265.511,97667.0,1.28151,1005.07,0.226019E-01,-9999,-9999,-9999,-9999,-9999,-9999,-999900.,-9999,0.337920,0.483330,0.261864E-01,0.590325,-0.212598E-13,0.948661E-16,0.590325,1.30733,127.270,55.0407,2.54243,-9999,0.330507E-01,0.472831E-01,1.12692,1.78362,-9999,-0.644213E-01,0,-9999,-9999,-9999,-9999,-9999,-9999,-9999,0.131712E-02,1.06282,-2.43573,1.12590,-9999,-9999,-0.491597,1.25876,-9999,-9999,800000099,800100199,800000099,800000199,800011199,800011199,811110099,811110099,80000,80000,80,80,0,1,3,0,18,0,0.675350E-01,0.254272E-01,0.160411E-02,0.298120,0.620548E-01,-9999,-0.189107E-02,-0.491597E-03,-9999,16.0000,0.266667,255.000,93.7500,-7.12162,97667.0,1.05345
CH-CHA_201201160200.csv,2012-01-16,07:30,16.312,0,36000,36000,0.259751E-02,1,0.651029E-03,-4.63514,1,6.23499,-9999,-9999,-9999,0.406670,1,0.390492,-9999,-9999,-9999,-0.716904,-9999,0.525173,-9999,-0.199023E-10,-9999,24.3104,548.512,548.512,0.350000,1,-9999,-9999,-9999,-9999,1,275.809,265.096,97683.0,1.28373,1005.06,0.225629E-01,-9999,-9999,-9999,-9999,-9999,-9999,-999900.,-9999,0.116579,0.399472,0.825361E-02,0.416217,0.459158E-13,-0.818674E-15,0.416217,1.13455,112.134,73.7310,1.13625,-9999,0.449823E-01,0.343033E-01,1.68109,1.19565,-9999,-0.798645E-01,0,-9999,-9999,-9999,-9999,-9999,-9999,-9999,0.247796E-02,1.04825,-4.22573,1.09688,-9999,-9999,0.640856,1.14864,-9999,-9999,800000099,800100199,800000099,800000199,800000199,810001199,811110099,811110099,80000,80000,80,81,0,3,0,0,10,0,0.458846E-01,0.217206E-01,0.100159E-02,4.01045,0.275348E-01,-9999,-0.327517E-02,0.640856E-03,-9999,16.0000,0.251111,255.000,93.7500,-7.14503,97683.4,1.04773
CH-CHA_201201160200.csv,2012-01-16,08:00,16.333,0,36000,36000,0.333866E-03,2,0.237486E-03,-0.224114,2,0.246507,-9999,-9999,-9999,-0.431118,1,0.209318,-9999,-9999,-9999,-0.312919,-9999,0.835260,-9999,-0.646545E-10,-9999,24.9507,562.518,562.518,0.350000,1,-9999,-9999,-9999,-9999,1,278.525,264.915,97693.0,1.28474,1005.07,0.225451E-01,-9999,-9999,-9999,-9999,-9999,-9999,-999900.,-9999,0.256975,0.286743,0.118747E-01,0.385226,0.107267E-12,-0.259129E-14,0.385226,0.732257,132.134,48.1338,1.76644,-9999,0.161205E-01,0.411195E-01,1.60040,1.25594,-9999,-0.107667E-01,0,-9999,-9999,-9999,-9999,-9999,-9999,-9999,0.317952E-03,1.05005,-0.203672,1.10037,-9999,-9999,-0.363380,1.14143,-9999,-9999,800000099,800100199,800000099,800000199,800001199,800011199,811110099,811110099,80000,80000,80,81,0,0,1,2,10,0,0.211641E-01,0.607287E-01,0.345953E-03,0.339179E-01,0.628931E-01,-9999,-0.157733E-03,-0.363380E-03,-9999,15.9949,0.286667,255.000,93.7500,-7.37526,97695.0,1.04453
CH-CHA_201201160800.csv,2012-01-16,08:30,16.354,0,36000,36000,0.782564E-03,1,0.240987E-03,-0.614019,2,0.358483,-9999,-9999,-9999,0.408572,2,0.489448,-9999,-9999,-9999,-0.122771,-9999,0.635131,-9999,0.188684E-10,-9999,25.4281,573.167,573.167,0.350000,1,-9999,-9999,-9999,-9999,1,278.513,264.844,97686.0,1.28499,1005.07,0.225407E-01,-9999,-9999,-9999,-9999,-9999,-9999,-999900.,-9999,0.229368,0.252764,0.116936E-01,0.341520,-0.352163E-13,0.742029E-15,0.341520,0.704628,133.064,47.7782,1.96218,-9999,0.246780E-01,0.249709E-01,2.09551,0.959195,-9999,-0.192653E-01,0,-9999,-9999,-9999,-9999,-9999,-9999,-9999,0.750837E-03,1.04226,-0.566210,1.08444,-9999,-9999,0.409971,1.10793,-9999,-9999,800000099,800100199,800000099,800000199,800000199,800000199,811110099,811110099,80000,80000,80,81,0,0,0,2,1,0,0.183172E-01,0.312696E-01,0.355130E-03,0.361430E-01,0.110953,-9999,-0.438413E-03,0.409971E-03,-9999,16.0000,0.146667,255.000,93.7500,-7.36209,97699.9,1.04292
CH-CHA_201201160800.csv,2012-01-16,09:00,16.374,1,36000,36000,0.569065E-02,1,0.889793E-03,-5.77445,2,0.996584,-9999,-9999,-9999,-1.06019,2,0.459071,-9999,-9999,-9999,0.262738,-9999,-0.158160,-9999,-0.376297E-09,-9999,25.3010,570.514,570.514,0.100000,0,-9999,-9999,-9999,-9999,1,278.153,264.996,97706.0,1.28452,1005.06,0.225490E-01,-9999,-9999,-9999,-9999,-9999,-9999,-999900.,-9999,-0.199238,0.794791E-01,0.679500E-02,0.214613,-0.357120E-13,-0.148728E-13,0.214613,0.669701,39.2506,158.252,1.81438,-9999,0.665597E-01,0.262960E-01,4.37245,0.459697,-9999,-0.671996E-01,0,-9999,-9999,-9999,-9999,-9999,-9999,-9999,0.552679E-02,1.02965,-5.46982,1.05569,-9999,-9999,-0.606138,1.04455,-9999,-9999,800000099,800100199,800000099,800000199,800000199,800000199,811110099,811110099,81000,81000,80,81,0,0,0,3,1,0,0.482514E-01,0.373798E-02,0.602477E-03,0.663665E-01,0.421436E-01,-9999,-0.423680E-02,-0.606138E-03,-9999,16.0000,0.275556,255.000,93.7500,-6.21841,97704.3,1.04830
CH-CHA_201201160800.csv,2012-01-16,09:30,16.395,1,36000,36000,-0.520203E-02,1,0.988538E-03,6.20022,1,1.07288,-9999,-9999,-9999,-0.939019,2,0.845497,-9999,-9999,-9999,2.42090,-9999,0.529087,-9999,0.355817E-09,-9999,25.5603,579.435,579.435,0.350000,1,-9999,-9999,-9999,-9999,1,277.380,266.404,97704.0,1.27770,1005.08,0.226693E-01,-9999,-9999,-9999,-9999,-9999,-9999,-999900.,-9999,0.144598,0.182568,0.152617E-01,0.233394,-0.348307E-13,0.139207E-13,0.233394,0.838689,129.252,51.6200,3.74925,-9999,0.638075E-01,0.448343E-01,-3.58765,-0.560255,-9999,0.756670E-01,0,-9999,-9999,-9999,-9999,-9999,-9999,-9999,-0.503918E-02,1.03232,6.00543,1.03244,-9999,-9999,-1.36838,1.02476,-9999,-9999,800000099,800100199,800000099,800000199,800000199,810001199,811110099,811110099,80000,80000,80,81,0,1,0,5,0,0,0.558008E-01,0.316473E-01,0.222068E-02,0.801473E-01,0.783351E-01,-9999,0.467643E-02,-0.136838E-02,-9999,15.9977,0.276667,255.000,93.7500,-1.99861,97700.9,1.07848
CH-CHA_201201160800.csv,2012-01-16,10:00,16.416,1,36000,36000,0.529780E-02,0,0.116479E-02,7.47341,0,2.02198,-9999,-9999,-9999,2.06368,1,1.36012,-9999,-9999,-9999,2.68534,-9999,0.604229E-01,-9999,-0.101266E-09,-9999,25.4552,580.460,580.460,0.350000,1,-9999,-9999,-9999,-9999,1,277.270,267.975,97703.0,1.27020,1005.09,0.228032E-01,-9999,-9999,-9999,-9999,-9999,-9999,-999900.,-9999,0.327153,0.343949,0.161542E-01,0.474965,-0.488139E-13,-0.397820E-14,0.474965,1.05589,141.783,46.4337,1.94908,-9999,0.645821E-01,0.400308E-01,-3.08620,-0.651287,-9999,0.906417E-01,0,-9999,-9999,-9999,-9999,-9999,-9999,-9999,0.519596E-02,1.01960,7.29779,1.02406,-9999,-9999,1.47119,1.02476,-9999,-9999,800000099,800000199,800000099,800000199,800000199,800000199,811110099,811110099,80000,80000,80,81,2,2,0,25,7,0,0.310306E-01,0.421801E-01,0.685079E-02,0.161972,0.840304E-01,-9999,0.571627E-02,0.147119E-02,-9999,15.9934,1.52333,255.000,93.7500,0.769361,97700.9,1.10524
CH-CHA_201201160800.csv,2012-01-16,10:30,16.437,1,36000,36000,-0.195312E-01,1,0.394902E-02,14.2224,1,3.17317,-9999,-9999,-9999,37.0630,2,11.0937,-9999,-9999,-9999,2.92480,-9999,-2.95882,-9999,-0.274765E-09,-9999,23.0926,529.954,529.954,0.350000,1,-9999,-9999,-9999,-9999,1,276.723,269.697,97706.0,1.26213,1005.11,0.229491E-01,-9999,-9999,-9999,-9999,-9999,-9999,-999900.,-9999,-0.178789,-0.156543,0.314378E-01,0.239707,-0.608046E-13,-0.118984E-13,0.239707,1.53209,298.190,221.205,7.53609,-9999,0.124398,0.949377E-01,-11.5903,-0.173421,-9999,0.901242E-01,0,-9999,-9999,-9999,-9999,-9999,-9999,-9999,-0.189313E-01,1.03169,13.7812,1.03202,-9999,-9999,35.2373,1.02457,-9999,-9999,800000099,800000199,800000099,800000199,800000199,800000199,811100099,811110099,80100,80100,81,81,16,0,0,20,0,0,0.901537E-01,0.810455E-01,0.186760E-01,0.276336,0.922278,-9999,0.108635E-01,0.352373E-01,-9999,16.0000,8.99778,254.563,91.0205,4.69639,97701.1,1.13850
CH-CHA_201201160800.csv,2012-01-16,11:00,16.458,1,36000,36000,-0.414082E-02,0,0.819503E-03,24.9375,0,4.28667,10.0424,1,15.2678,0.179862,2,5.25519,0.222391,1,0.338109,1.72324,-9999,-4.58589,-9999,0.759529E-10,0.355741E-12,19.5962,451.385,452.341,0.500000,0,91.7827,2.11415,2.11863,0.350000,1,279.003,270.715,97712.0,1.25645,1006.26,0.230343E-01,0.144109E-01,0.165392E-02,206.633,509.692,0.131635E-02,40.5408,303.059,259.094,-0.787923,-0.365421,0.324497E-01,0.869142,-0.256585E-13,0.387590E-14,0.869142,1.84927,342.822,204.881,2.13966,-9999,0.574077E-01,0.117797,-0.649898,-3.09279,2.48323,0.343582,0,-9999,-9999,-9999,-9999,-9999,-9999,-9999,-0.408476E-02,1.01372,24.9887,1.02059,9.40611,1.03329,-1.30390,1.03406,0.208301,1.03329,800000099,800000199,800000099,800000099,800000099,800000099,800000199,811010199,80000,80000,80,81,2,18,0,21,0,3,0.800177E-01,0.132637,0.229377E-01,0.235422,0.992355,2931.26,0.197646E-01,-0.130390E-02,0.208301,15.9059,11.4950,250.184,63.6525,7.46510,97712.2,1.14866
CH-CHA_201201160800.csv,2012-01-16,11:30,16.479,1,36000,36000,0.173697E-01,0,0.297146E-02,27.6921,0,2.61767,24.1969,0,1.85636,-2.74216,0,0.412033,0.536225,0,0.411387E-01,1.26793,3.24973,-1.81448,0.720172E-01,0.785244E-10,0.626300E-12,18.1910,420.209,421.622,0.400000,0,145.089,3.35152,3.36279,0.350000,1,280.046,271.466,97705.0,1.25230,1006.93,0.230998E-01,0.347474E-01,0.261450E-02,327.549,538.779,0.208776E-02,60.7946,211.231,264.861,-0.970061,-0.735667,0.547600E-01,1.21870,0.329741E-13,0.431666E-14,1.21870,2.84086,328.014,217.176,2.57535,-9999,0.117771,0.206005,-5.05380,-0.397720,1.14445,0.186470,0,-9999,-9999,-9999,-9999,-9999,-9999,-9999,0.171663E-01,1.01185,28.4830,1.01991,22.6574,1.04099,-4.25078,1.04431,0.502110,1.04099,800000099,800001199,800000099,800000099,800000099,800000199,800000199,800000199,80000,80000,80,80,0,3,1,18,16,18,0.213465,0.173701,0.248431E-01,0.118317,0.403878E-02,39.2329,0.225880E-01,-0.425078E-02,0.502110,15.8705,10.4767,249.000,56.2500,8.23655,97705.3,1.16109
CH-CHA_201201160800.csv,2012-01-16,12:00,16.499,1,36000,36000,-0.210922E-01,0,0.245168E-02,33.4110,0,3.50072,26.7185,0,1.95519,-3.36334,0,0.489537,0.592369,0,0.433481E-01,0.785368,-0.615199E-01,0.420115E-02,-0.136394E-02,0.572297E-10,0.453181E-12,18.1620,420.281,421.685,0.450000,0,143.818,3.32805,3.33916,0.400000,0,280.678,271.932,97700.0,1.25010,1006.93,0.231407E-01,0.383855E-01,0.259160E-02,325.238,557.560,0.207312E-02,58.3323,232.322,264.771,-0.883781,-1.07216,0.456035E-01,1.39021,-0.727470E-13,0.315107E-14,1.39021,3.16244,315.677,230.501,1.87983,-9999,0.129894,0.246914,-5.61979,-0.357665,1.25048,0.204342,0,-9999,-9999,-9999,-9999,-9999,-9999,-9999,-0.208554E-01,1.01135,34.2260,1.01992,24.8556,1.04590,-5.13076,1.04957,0.551067,1.04590,800000099,800001199,800000099,800000099,800000099,800011199,800000199,800010199,80100,80100,80,80,0,0,3,26,27,17,0.246305,0.218857,0.286655E-01,0.211323,0.542764E-02,47.1859,0.271902E-01,-0.513076E-02,0.551067,15.8639,5.52778,249.000,56.2500,8.18599,97699.6,1.16937
CH-CHA_201201160800.csv,2012-01-16,12:30,16.520,1,36000,36000,-0.199234E-01,0,0.287709E-02,34.4935,0,3.91334,25.3688,0,2.38795,-4.01868,0,0.554463,0.562643,0,0.529613E-01,0.622709,-0.895574E-01,-0.165848,-0.198625E-02,0.178102E-10,0.140538E-12,18.0134,417.423,418.802,0.500000,0,142.141,3.29381,3.30470,0.500000,0,281.307,272.302,97697.0,1.24838,1006.91,0.231729E-01,0.364593E-01,0.256138E-02,321.882,572.883,0.205176E-02,56.1864,251.001,264.638,-0.617556,-0.998893,0.476731E-01,1.17534,-0.405994E-13,0.988720E-15,1.17534,2.53267,307.252,238.274,2.32461,-9999,0.126331,0.194737,-5.00747,-0.401400,1.35968,0.217215,0,-9999,-9999,-9999,-9999,-9999,-9999,-9999,-0.196871E-01,1.01200,35.2238,1.01994,23.6918,1.04000,-5.81869,1.04299,0.525449,1.04000,800000099,800000099,800000099,800000099,800000099,800000199,800000199,801100199,81100,81100,80,80,1,10,0,13,11,11,0.182603,0.176329,0.305407E-01,0.172674,0.434948E-02,46.9385,0.280219E-01,-0.581869E-02,0.525449,15.9926,0.575556,249.000,56.2500,7.78080,97698.0,1.17640
CH-CHA_201201160800.csv,2012-01-16,13:00,16.541,1,36000,36000,-0.271022E-01,0,0.788871E-02,45.0705,0,8.66859,23.6320,0,2.62733,-2.56711,0,0.708047,0.524380,0,0.582987E-01,0.865001,0.611337E-01,-0.688666E-01,0.135652E-02,0.177885E-09,0.141769E-11,17.9258,416.233,417.619,0.500000,0,142.863,3.31724,3.32828,0.450000,0,281.717,272.817,97684.0,1.24585,1006.93,0.232198E-01,0.339798E-01,0.257439E-02,324.128,594.832,0.206638E-02,54.4908,270.703,264.727,-0.224213,-0.601855,0.248014E-01,0.642741,0.592715E-13,0.992343E-14,0.642741,2.68343,296.231,249.568,2.21142,-9999,0.147493,0.386505,-6.09839,-0.329595,1.90718,0.243589,0,-9999,-9999,-9999,-9999,-9999,-9999,-9999,-0.266699E-01,1.01621,45.4293,1.02196,22.1176,1.02659,-5.00506,1.02818,0.490775,1.02659,800000099,800000099,800000099,800000099,800000099,800011199,800010199,810110199,81100,81100,80,81,0,0,0,12,24,16,0.392436,0.345244,0.353297E-01,0.507000,0.612322E-02,39.3226,0.362136E-01,-0.500506E-02,0.490775,15.9911,0.530000,249.000,56.2500,8.41957,97685.2,1.18564
CH-CHA_201201160800.csv,2012-01-16,13:30,16.562,1,36000,36000,-0.336166E-01,1,0.762998E-02,47.8050,0,6.67985,27.6933,0,2.20571,-3.33906,0,0.478215,0.614922,0,0.489772E-01,1.22728,-0.157901,-0.619771E-01,-0.350616E-02,0.559682E-10,0.439011E-12,17.8233,415.160,416.516,0.400000,0,139.805,3.25650,3.26713,0.350000,1,281.521,273.550,97638.0,1.24195,1006.91,0.232931E-01,0.398469E-01,0.251929E-02,318.043,627.357,0.202849E-02,50.6957,309.314,264.484,-1.14161,-0.929195,0.858454E-01,1.47446,-0.145037E-12,0.314017E-14,1.47446,3.84060,321.983,219.143,3.33773,-9999,0.164523,0.665097,-7.97721,-0.251968,1.72623,0.232356,0,-9999,-9999,-9999,-9999,-9999,-9999,-9999,-0.332451E-01,1.01118,48.3925,1.01997,25.4747,1.04901,-5.78330,1.05219,0.565660,1.04901,800000099,800001199,800000099,800000099,800000099,800001099,800000199,800100199,80000,80000,80,81,0,1,6,30,45,24,0.752081,0.529006,0.491070E-01,0.415150,0.332491E-02,38.3135,0.386974E-01,-0.578330E-02,0.565660,15.8612,5.05722,249.000,56.2500,10.0921,97637.6,1.19981
CH-CHA_201201160800.csv,2012-01-16,14:00,16.583,1,36000,36000,-0.358072E-01,0,0.270480E-02,29.0839,0,2.84298,23.5454,0,1.75155,-2.82166,0,0.355867,0.522962,0,0.389033E-01,0.474863,0.360840E-01,-0.642835E-01,0.801453E-03,0.464589E-10,0.366963E-12,17.7511,414.044,415.403,0.400000,0,140.210,3.27040,3.28113,0.400000,0,282.216,273.834,97606.0,1.24025,1006.92,0.233250E-01,0.338879E-01,0.252659E-02,319.296,640.376,0.203716E-02,49.8607,321.080,264.534,-1.04882,-1.09567,0.834960E-01,1.51905,0.211032E-13,0.261724E-14,1.51905,3.30559,318.839,226.252,3.15091,-9999,0.169915,0.409138,-14.4407,-0.139190,1.23523,0.137062,0,-9999,-9999,-9999,-9999,-9999,-9999,-9999,-0.354143E-01,1.01110,29.8105,1.02002,21.8307,1.05042,-4.31660,1.05359,0.484876,1.05042,800000099,800001199,800000099,800000099,800000099,800000099,800000199,800000199,80000,80000,80,81,7,2,2,7,24,15,0.317961,0.463252,0.370647E-01,0.183891,0.373099E-02,39.5554,0.238707E-01,-0.431660E-02,0.484876,15.8359,5.54000,249.000,56.2500,10.3282,97605.8,1.20296
CH-CHA_201201161400.csv,2012-01-16,14:30,16.604,1,36000,36000,-0.184745E-01,0,0.195796E-02,34.6592,0,2.77814,25.1915,0,2.12148,-4.39594,0,0.501512,0.559661,0,0.471314E-01,0.433719,-0.104232,-0.304556E-01,-0.231564E-02,0.212258E-09,0.165803E-11,17.6871,413.515,414.855,0.450000,0,138.161,3.23013,3.24060,0.450000,0,282.630,274.094,97471.0,1.23738,1006.90,0.233794E-01,0.362660E-01,0.248966E-02,314.929,652.505,0.201205E-02,48.2646,337.576,264.358,-0.607526,-1.38382,0.419932E-01,1.51189,0.665119E-14,0.120007E-13,1.51189,3.00649,300.423,246.298,1.59161,-9999,0.122190,0.208416,-4.50202,-0.446466,1.37583,0.227663,0,-9999,-9999,-9999,-9999,-9999,-9999,-9999,-0.182715E-01,1.01111,35.3696,1.02001,23.3032,1.05046,-6.09713,1.05336,0.517709,1.05046,800000099,800001199,800000099,800000099,800000099,800000099,800000199,811110199,81100,81100,80,80,2,1,1,16,21,10,0.169542,0.216140,0.311505E-01,0.982923E-01,0.383556E-02,43.2773,0.283883E-01,-0.609713E-02,0.517709,15.8810,4.74222,249.000,56.2500,10.7041,97601.9,1.20707
CH-CHA_201201161400.csv,2012-01-16,15:00,16.624,1,36000,36000,-0.492509E-01,1,0.706997E-02,13.0513,1,2.46682,13.0231,1,1.45517,-2.05517,1,0.303126,0.289461,1,0.323435E-01,0.820974,-0.245393,-0.781233E-02,-0.545427E-02,0.301735E-09,0.228840E-11,17.6508,413.379,414.679,0.450000,0,133.866,3.13512,3.14498,0.400000,0,282.534,274.587,97478.0,1.23529,1006.86,0.234198E-01,0.187571E-01,0.241227E-02,305.687,676.062,0.195279E-02,45.2158,370.375,263.978,-0.448032,-0.642597,0.342710E-01,0.784116,0.389023E-12,0.170947E-13,0.784116,2.52872,316.450,235.115,2.50500,-9999,0.199674,0.411939,-52.1732,-0.385255E-01,1.00216,0.525528E-01,0,-9999,-9999,-9999,-9999,-9999,-9999,-9999,-0.485479E-01,1.01448,13.5157,1.02098,12.3746,1.03051,-2.76171,1.03175,0.275045,1.03051,800000099,800001099,800000099,800000099,800000099,800001099,800100199,801110199,81100,81100,80,81,2,0,2,26,34,39,0.295001,0.500229,0.286473E-01,0.141962,0.262904E-02,23.3544,0.108668E-01,-0.276171E-02,0.275045,15.9922,0.671111,249.000,56.2500,10.8112,97606.2,1.21356
CH-CHA_201201161439.csv,2012-01-16,15:30,16.645,1,36000,36000,0.113743E-01,1,0.438235E-02,15.4397,0,3.15262,12.4440,0,1.88698,-1.86140,0,0.364929,0.276629,0,0.419473E-01,0.253309,-0.233490,-0.802967E-01,-0.519046E-02,-0.186354E-09,-0.137726E-11,17.6045,411.981,413.239,0.500000,0,130.107,3.04477,3.05407,0.400000,0,283.202,274.739,97606.0,1.23627,1006.81,0.234020E-01,0.179255E-01,0.234453E-02,297.268,683.476,0.189645E-02,43.4935,386.208,263.623,-0.347634,-0.595355,0.132019E-01,0.689544,0.932281E-13,-0.105856E-13,0.689544,2.85983,306.700,239.719,1.09705,-9999,0.959195E-01,0.427155,-4.89352,-0.410747,1.24073,0.129321,0,-9999,-9999,-9999,-9999,-9999,-9999,-9999,0.112001E-01,1.01556,15.8166,1.02158,11.8068,1.02838,-2.69135,1.02931,0.262464,1.02838,800000099,800000099,800000099,800000099,800000099,800001099,800110199,800110199,81100,81100,80,81,5,2,1,28,34,46,0.241182,0.584801,0.283283E-01,0.685455E-01,0.203830E-02,26.3043,0.127072E-01,-0.269135E-02,0.262464,15.9981,0.350000,249.000,56.2500,10.2634,97621.9,1.21427
CH-CHA_201201161439.csv,2012-01-16,16:00,16.666,1,36000,36000,0.234680E-01,1,0.854327E-02,8.74950,2,3.20347,13.1080,1,2.12148,-0.691900,1,0.230275,0.291411,1,0.471637E-01,0.135019,-0.235449,0.169141E-01,-0.523441E-02,-0.331147E-09,-0.237245E-11,17.6214,412.275,413.497,0.500000,0,126.246,2.95368,2.96243,0.200000,0,283.972,274.820,97659.0,1.23662,1006.77,0.233962E-01,0.188835E-01,0.227495E-02,288.531,687.456,0.183965E-02,41.9709,398.925,263.244,-0.608760,-0.305725,0.397639E-01,0.682376,0.345311E-12,-0.187923E-13,0.682376,2.62977,344.555,206.666,3.34067,-9999,0.137759,0.371951,-25.5909,-0.785436E-01,0.667491,0.510147E-01,0,-9999,-9999,-9999,-9999,-9999,-9999,-9999,0.231064E-01,1.01565,9.30706,1.02163,12.5676,1.02837,-1.22694,1.02913,0.279398,1.02837,800000099,800001199,800000099,800000099,800000099,800000099,801110199,811110199,81100,81100,80,81,2,0,0,17,29,11,0.423551,0.298272,0.220793E-01,0.549429E-01,0.122403E-02,28.1611,0.747564E-02,-0.122694E-02,0.279398,15.9864,0.805556,249.000,56.2500,9.29164,97658.7,1.20973
CH-CHA_201201161439.csv,2012-01-16,16:30,16.687,1,36000,36000,-0.797676E-02,1,0.203605E-02,-11.8373,1,2.88406,5.44145,0,1.54738,0.166547,1,0.411948,0.120984,0,0.344043E-01,0.179995,-0.189363,0.247566E-01,-0.421026E-02,-0.231605E-09,-0.161645E-11,17.6371,412.706,413.898,0.350000,1,123.095,2.88040,2.88872,0.100000,0,284.337,274.928,97682.0,1.23646,1006.73,0.233999E-01,0.783979E-02,0.221816E-02,281.439,692.794,0.179396E-02,40.6238,411.355,262.930,-0.599142,0.339273,0.268117E-01,0.689055,0.291247E-13,-0.131317E-13,0.689055,2.29351,37.9039,150.479,2.22999,-9999,0.803200E-01,0.176643,3.74963,0.536053,-2.17540,-0.118396,0,-9999,-9999,-9999,-9999,-9999,-9999,-9999,-0.775913E-02,1.02805,-10.9221,1.05698,4.90853,1.14439,0.632754,1.14841,0.109135,1.14439,800000099,800001199,800000099,800000099,800000099,800100099,801110199,811110199,80000,80000,80,80,5,7,1,19,28,28,0.167322,0.167978,0.179850E-01,0.926064E-01,0.327949E-02,24.1421,-0.877438E-02,0.632754E-03,0.109135,15.9981,0.422222,249.000,56.2500,7.16115,97681.8,1.20175
CH-CHA_201201161439.csv,2012-01-16,17:00,16.708,1,36000,36000,-0.119466E-01,0,0.236761E-02,-7.22739,0,6.24399,4.37092,0,2.18666,1.51602,0,0.914179,0.970432E-01,0,0.485484E-01,-2.52923,0.107864,0.592535E-01,0.239481E-02,0.530750E-10,0.374826E-12,17.7817,413.732,414.944,0.350000,1,125.578,2.92185,2.93041,0.350000,1,285.831,273.419,97700.0,1.24349,1006.73,0.232672E-01,0.628840E-02,0.226292E-02,285.541,621.431,0.181981E-02,45.9490,335.890,263.113,-0.354278,0.409908,0.320025E-01,0.542735,0.461686E-13,0.298481E-14,0.542735,2.88196,58.9616,130.836,3.38042,-9999,0.980165E-01,0.183940,11.1619,0.180077,-1.65351,-0.589015E-01,0,-9999,-9999,-9999,-9999,-9999,-9999,-9999,-0.117432E-01,1.01732,-6.75112,1.03341,4.23900,1.05628,1.74791,1.05917,0.941144E-01,1.05628,800000099,800000099,800000099,800000099,800100099,800100099,810100199,811100199,81100,81100,80,81,5,1,24,6,16,9,0.122439,0.228599,0.168431E-01,0.526384,0.203114E-01,53.2178,-0.539288E-02,0.174791E-02,0.941144E-01,15.9981,0.346667,249.000,56.2500,2.77155,97701.7,1.17437
CH-CHA_201201161439.csv,2012-01-16,17:30,16.729,0,36000,36000,-0.212594E-02,1,0.421975E-03,-5.92858,0,1.89385,2.05951,0,0.894882,0.948263,0,0.426436,0.456697E-01,0,0.198440E-01,-2.16279,-0.600044,-0.204219,-0.133060E-01,0.632572E-11,0.415230E-13,17.7191,410.215,411.323,0.350000,1,116.311,2.69272,2.69999,0.350000,1,286.521,272.135,97729.0,1.24984,1006.58,0.231511E-01,0.295940E-02,0.209592E-02,263.228,565.921,0.167695E-02,46.5131,302.693,262.088,-0.648610,0.303997,0.353047E-01,0.717185,-0.264908E-13,0.357000E-15,0.717185,1.66694,31.2580,154.888,2.82163,-9999,0.412428E-01,0.362150E-01,1.01387,1.98249,-2.87864,-0.114261,0,-9999,-9999,-9999,-9999,-9999,-9999,-9999,-0.199290E-02,1.06676,-5.13845,1.13352,1.63654,1.31056,0.931304,1.32756,0.362904E-01,1.31056,800000099,800000099,800000099,800000099,800001099,800101199,811100199,811100199,80000,80000,80,81,11,11,12,7,47,39,0.404839E-01,0.263881E-01,0.555819E-02,0.246293,0.127211E-01,28.1989,-0.408438E-02,0.931304E-03,0.362904E-01,15.9981,0.317778,249.000,56.2500,-0.523397,97729.0,1.15188
CH-CHA_201201161439.csv,2012-01-16,18:00,16.749,0,36000,36000,-0.423736E-01,1,0.660266E-02,-43.1114,1,8.25948,15.0567,1,3.01049,15.2511,1,3.27408,0.333485,1,0.666781E-01,-2.13329,0.474023,0.511620,0.104990E-01,0.544670E-09,0.373433E-11,18.1906,418.980,420.187,0.350000,1,124.717,2.87259,2.88086,0.350000,1,285.352,270.875,97776.0,1.25617,1006.67,0.230328E-01,0.216098E-01,0.224741E-02,280.946,515.769,0.178909E-02,54.4712,234.824,262.908,-0.276791,0.182828,0.330193E-01,0.333361,-0.126691E-12,0.299424E-13,0.333361,2.09597,46.9751,146.554,5.68444,-9999,0.183663,0.285121,12.3175,0.163183,-2.86326,-0.185624,0,-9999,-9999,-9999,-9999,-9999,-9999,-9999,-0.415899E-01,1.01884,-40.8589,1.03357,15.2109,1.03361,16.7944,1.03611,0.336900,1.03361,800000099,800000099,800000099,800000099,800100099,800100099,811100199,811100199,81000,81000,80,81,4,3,9,5,2,0,0.424319,0.135765,0.101576E-01,0.742746,0.166141,71.5796,-0.323111E-01,0.167944E-01,0.336900,15.9965,0.318889,249.000,56.2500,-2.16209,97777.3,1.13681
CH-CHA_201201161439.csv,2012-01-16,18:30,16.770,0,36000,36000,-0.493235E-02,1,0.895640E-03,-0.682741,2,0.322006,-0.122303,1,0.776992E-01,-1.84091,1,0.547383,-0.270607E-02,1,0.171917E-02,-1.83661,0.765826,0.739510,0.169447E-01,-0.865896E-10,-0.634304E-12,18.8204,431.594,432.963,0.350000,1,137.867,3.16161,3.17164,0.150000,0,284.850,269.795,97813.0,1.26154,1006.81,0.229323E-01,-0.175353E-03,0.248437E-02,309.330,475.964,0.196932E-02,64.9902,166.634,264.129,0.829558,0.481755,0.456885E-01,0.960386,0.353304E-13,-0.460084E-14,0.960386,1.72699,155.466,30.1453,2.72676,-9999,0.625283E-01,0.511472E-01,30.7008,0.654706E-01,5.58237,-0.859669E-02,0,-9999,-9999,-9999,-9999,-9999,-9999,-9999,-0.487156E-02,1.01248,-0.672976,1.02472,-0.103423,1.05877,-1.69386,1.06399,-0.228834E-02,1.05877,800000099,800000099,800000099,800000099,800000099,800111099,811110199,811110199,81100,81100,80,80,13,16,5,13,28,2,0.540377E-01,0.450611E-01,0.319584E-02,0.157205,0.212084E-01,1.32538,-0.529847E-03,-0.169386E-02,-0.228834E-02,15.9977,0.310000,249.000,56.2500,-3.21212,97812.1,1.11791
CH-CHA_201201161439.csv,2012-01-16,19:00,16.791,0,36000,36000,0.173727E-02,1,0.465483E-03,0.401541,2,0.534177,0.639432E-02,2,0.322284E-01,-0.449380,2,0.374057,0.141405E-03,2,0.712704E-03,-0.966686,0.122569,0.391503,0.271052E-02,0.391879E-10,0.286829E-12,19.1597,438.255,439.665,0.350000,1,140.236,3.20773,3.21805,0.350000,1,284.422,269.228,97857.0,1.26474,1006.83,0.228738E-01,0.916304E-05,0.252705E-02,313.983,456.179,0.199808E-02,68.8289,142.196,264.320,0.370368,0.366279,0.224557E-01,0.521380,-0.366468E-13,0.204533E-14,0.521380,1.05594,144.137,44.6820,2.46848,-9999,0.370623E-01,0.256325E-01,-10.8739,-0.184847,62.7965,0.850823E-02,0,-9999,-9999,-9999,-9999,-9999,-9999,-9999,0.170580E-02,1.01845,0.392725,1.02333,-0.102880E-02,1.02416,-0.460117,1.02557,-0.227510E-04,1.02416,800000099,800100099,800000099,800000099,800000099,800110099,811110199,811110199,81100,81100,80,80,1,0,10,0,5,6,0.239250E-01,0.261149E-01,0.122508E-02,0.115528,0.589373E-01,3.27874,0.308412E-03,-0.460117E-03,-0.227510E-04,16.0000,0.273333,249.000,56.2500,-4.08759,97856.9,1.10898
CH-CHA_201201161439.csv,2012-01-16,19:30,16.812,0,36000,36000,0.862025E-03,1,0.342164E-03,1.55917,1,0.803027,0.154863,1,0.100544,-0.924205,1,0.406183,0.342277E-02,1,0.222222E-02,-1.00166,-0.987498E-01,0.242745,-0.218256E-02,0.618259E-10,0.443133E-12,19.3899,442.374,443.781,0.350000,1,138.976,3.17069,3.18078,0.350000,1,284.021,268.642,97897.0,1.26804,1006.80,0.228147E-01,0.221796E-03,0.250435E-02,310.485,436.502,0.197498E-02,71.1301,126.018,264.177,0.370306,0.439564,0.269321E-01,0.575385,0.921739E-13,0.318856E-14,0.575385,0.952943,134.418,49.8879,2.68283,-9999,0.260732E-01,0.396721E-01,-0.975273,-2.06096,10.0681,0.468408E-01,0,-9999,-9999,-9999,-9999,-9999,-9999,-9999,0.847335E-03,1.01734,1.53332,1.02264,0.122700,1.02515,-0.987541,1.02666,0.271190E-02,1.02515,800000099,800100099,800000099,800000099,800010099,800110099,811110199,811110199,81100,81100,80,81,8,0,9,1,2,9,0.244122E-01,0.541623E-01,0.769607E-03,0.171611,0.927202E-01,1.96950,0.120104E-02,-0.987541E-03,0.271190E-02,16.0000,0.268889,249.000,56.2500,-4.68604,97897.7,1.10109
CH-CHA_201201161439.csv,2012-01-16,20:00,16.833,0,36000,36000,0.256953E-02,1,0.103824E-02,2.56676,2,0.860332,0.147925,2,0.954543E-01,-1.37752,1,0.508152,0.326709E-02,2,0.210821E-02,-1.30477,-0.192621,0.467643,-0.425423E-02,-0.303430E-10,-0.208811E-12,19.7976,450.285,451.685,0.350000,1,136.241,3.09872,3.10835,0.350000,1,283.328,267.881,97921.0,1.27199,1006.75,0.227445E-01,0.211708E-03,0.245506E-02,303.511,412.077,0.193010E-02,73.6541,108.565,263.887,0.204460,0.936096E-01,-0.440319E-02,0.224913,-0.611251E-13,-0.153266E-14,0.224913,0.710282,155.808,24.6001,-1.12177,-9999,0.449454E-01,0.494366E-01,-3.03513,-0.662245,17.3517,0.445957E-01,0,-9999,-9999,-9999,-9999,-9999,-9999,-9999,0.248694E-02,1.03321,2.49286,1.03303,0.988910E-01,1.02447,-1.48982,1.02504,0.218411E-02,1.02447,800000099,800100099,800000099,800000099,800000099,810100099,811110199,811110199,80000,80000,80,81,0,1,4,4,20,34,0.777612E-01,0.198607E-01,0.125148E-02,0.117815,0.959835E-01,3.71877,0.194667E-02,-0.148982E-02,0.218411E-02,16.0000,0.241111,249.000,56.2500,-4.96964,97920.3,1.08811
CH-CHA_201201161439.csv,2012-01-16,20:30,16.854,0,36000,36000,0.315253E-02,1,0.816589E-03,5.51802,1,1.37539,0.612080,1,0.140397,-4.16665,1,0.832560,0.135133E-01,1,0.309965E-02,-0.686641,-0.152610,-0.185544E-01,-0.336929E-02,-0.989668E-10,-0.669010E-12,19.8077,449.972,451.345,0.350000,1,133.899,3.04179,3.05107,0.350000,1,283.123,267.481,97893.0,1.27355,1006.72,0.227170E-01,0.875665E-03,0.241286E-02,297.850,399.732,0.189460E-02,74.5125,101.882,263.648,0.244406,0.924960E-01,-0.194944E-02,0.261331,-0.188336E-13,-0.499638E-14,0.261331,0.703278,161.851,20.7292,-0.427412,-9999,0.497532E-01,0.278926E-01,-1.91466,-1.04980,9.01519,0.865042E-01,0,-9999,-9999,-9999,-9999,-9999,-9999,-9999,0.306146E-02,1.02975,5.38772,1.03072,0.500901,1.02342,-4.38591,1.02406,0.110587E-01,1.02342,800000099,800100099,800000099,800000099,800011199,800011199,811110199,811110199,81100,81100,80,81,3,27,9,5,21,102,0.292485E-01,0.246342E-01,0.190221E-02,0.270228,0.171907,3.37960,0.420223E-02,-0.438591E-02,0.110587E-01,15.9946,0.377222,249.000,56.2500,-5.42385,97966.2,1.08358
CH-CHA_201201162000.csv,2012-01-16,21:00,16.874,0,36000,36000,-0.139245E-01,1,0.158466E-02,-8.28263,1,1.72650,-1.14299,2,0.281255,2.59057,1,0.779541,-0.252334E-01,2,0.620920E-02,-0.824959E-01,-0.167658,-0.299406,-0.370134E-02,-0.193687E-09,-0.129699E-11,19.6090,444.919,446.248,0.350000,1,131.308,2.97933,2.98823,0.350000,1,282.809,267.433,97994.0,1.27512,1006.69,0.226895E-01,-0.163513E-02,0.236618E-02,292.034,398.273,0.185564E-02,73.3252,106.238,263.397,0.191299,0.341354,0.298528E-01,0.392440,0.333498E-12,-0.987747E-14,0.392440,0.936696,121.505,60.7331,4.36269,-9999,0.104499,0.125457,11.8277,0.169940,7.24648,-0.617458E-01,0,-9999,-9999,-9999,-9999,-9999,-9999,-9999,-0.136729E-01,1.01840,-8.07375,1.03393,-0.957547,1.04024,2.94718,1.04334,-0.211395E-01,1.04024,800000099,800100099,800000099,800000099,800000099,800000099,811110199,811110199,80000,80000,80,81,1,0,1,1,0,0,0.946282E-01,0.154942,0.134341E-02,0.127414,0.476636E-01,3.10281,-0.628969E-02,0.294718E-02,-0.211395E-01,16.0000,0.272222,249.000,56.2500,-5.78956,97996.6,1.08180
CH-CHA_201201162000.csv,2012-01-16,21:30,16.895,0,36000,36000,-0.112534E-01,1,0.141789E-02,-3.52451,1,1.36580,5.85863,2,1.21126,3.03706,2,1.21992,0.129289,2,0.267302E-01,-0.709214,-0.552113,0.156962,-0.121841E-01,0.146596E-09,0.908614E-12,19.7576,447.563,448.808,0.350000,1,122.459,2.77403,2.78175,0.350000,1,282.258,267.021,98002.0,1.27730,1006.57,0.226527E-01,0.837793E-02,0.220671E-02,271.934,385.943,0.172765E-02,70.4597,114.009,262.497,0.536326E-01,0.157161,0.177289E-01,0.167004,-0.286998E-13,0.741974E-14,0.167004,1.14547,136.535,71.1574,6.09390,-9999,0.938634E-01,0.990504E-01,20.1430,0.997863E-01,-0.601593,-0.292056E-01,0,-9999,-9999,-9999,-9999,-9999,-9999,-9999,-0.109991E-01,1.02312,-3.08473,1.03168,5.80120,1.01692,3.12601,1.01792,0.128022,1.01692,800000099,800100099,800000099,800000099,800011099,800111099,811110199,811110199,80000,80000,80,81,2,0,2,4,10,18,0.623146E-01,0.133875,0.191176E-02,0.834522E-01,0.999521E-01,36.4187,-0.239928E-02,0.312601E-02,0.128022,15.9977,0.276667,249.000,56.2500,-5.89190,98000.2,1.07535
CH-CHA_201201162000.csv,2012-01-16,22:00,16.916,0,36000,36000,0.700937E-02,1,0.933784E-03,-0.665720,1,1.10303,-2.46731,1,2.04911,4.91312,1,1.31296,-0.544316E-01,1,0.452055E-01,-0.584332,-1.27838,-0.109772,-0.282026E-01,-0.671489E-10,-0.346430E-12,19.7039,445.717,446.744,0.350000,1,101.655,2.29952,2.30482,0.350000,1,281.888,266.682,98016.0,1.27933,1006.32,0.226207E-01,-0.352717E-02,0.183183E-02,225.450,376.053,0.143186E-02,59.9516,150.603,260.163,0.673222E-02,0.536171E-01,-0.592444E-02,0.543619E-01,-0.646180E-13,-0.340790E-14,0.543619E-01,0.572189,161.068,82.8433,-6.25661,-9999,0.740198E-01,0.225305E-01,52.2997,0.384324E-01,0.269816,-0.698597E-02,0,-9999,-9999,-9999,-9999,-9999,-9999,-9999,0.666476E-02,1.05171,-0.777150,1.04263,-2.40095,1.02155,4.86936,1.02182,-0.529676E-01,1.02155,800000099,800100099,800000099,800000099,800000099,800001099,811110199,811110199,81100,81100,80,81,1,0,0,1,0,0,0.243809E-01,0.192843E-01,0.139572E-02,0.420152E-01,0.116367,171.833,-0.603656E-03,0.486936E-02,-0.529676E-01,15.9969,0.327778,249.041,56.5049,-6.10657,98014.0,1.06833
CH-CHA_201201162000.csv,2012-01-16,22:30,16.937,0,36000,36000,0.138222E-02,2,0.606352E-03,-1.28765,1,0.502121,-0.855204,1,0.367778,0.699672,1,0.432626,-0.188619E-01,1,0.811152E-02,-0.467774,-1.15092,1.45605,-0.253842E-01,-0.508205E-10,-0.202453E-12,20.8158,470.179,471.062,0.350000,1,82.9235,1.87304,1.87656,0.350000,1,281.568,266.411,98060.0,1.28141,1006.08,0.225876E-01,-0.122225E-02,0.149428E-02,183.720,368.310,0.116612E-02,49.8819,184.590,257.668,0.389926,0.366415,0.238187E-01,0.535601,-0.898243E-13,-0.244144E-14,0.535601,1.48641,133.770,43.2195,2.54884,-9999,0.328431E-01,0.804887E-01,2.36258,0.850766,1.50566,-0.304112E-01,0,-9999,-9999,-9999,-9999,-9999,-9999,-9999,0.133029E-02,1.03904,-1.23623,1.07881,-0.729917,1.15014,0.678005,1.16014,-0.160987E-01,1.15014,800000099,800100099,800000099,800000099,800000099,801100099,811110199,811110199,81100,81100,80,81,0,13,8,6,7,11,0.715413E-01,0.886759E-01,0.760110E-03,0.584972E-01,0.680975E-01,22.3984,-0.958909E-03,0.678005E-03,-0.160987E-01,15.9922,0.542778,250.000,62.5000,-6.43459,98059.9,1.06755
CH-CHA_201201162000.csv,2012-01-16,23:00,16.958,0,36000,36000,-0.148580E-02,1,0.669168E-03,-2.28889,1,1.02517,-1.72227,1,0.803372,0.487077,2,0.858376,-0.379788E-01,1,0.177157E-01,-0.314434,-1.13407,0.184833,-0.250081E-01,-0.139946E-10,-0.429728E-13,20.9735,473.282,473.970,0.350000,1,64.4028,1.45330,1.45541,0.350000,1,281.382,266.229,98088.0,1.28286,1005.85,0.225657E-01,-0.246103E-02,0.116054E-02,142.589,363.190,0.904649E-03,39.2602,220.601,254.653,-0.649061E-01,0.317250,0.131681E-01,0.324089,-0.107412E-12,-0.667250E-15,0.324089,0.850059,98.8587,101.563,2.32863,-9999,0.340323E-01,0.675022E-01,1.47898,1.35905,1.32900,-0.521219E-01,0,-9999,-9999,-9999,-9999,-9999,-9999,-9999,-0.140866E-02,1.05476,-2.15074,1.10949,-1.51205,1.12450,0.572098,1.12708,-0.333432E-01,1.12450,800000099,800100099,800000099,800000099,800000099,801100099,811110199,811110199,80000,80000,80,81,0,1,0,0,0,0,0.420127E-01,0.918502E-01,0.114121E-02,0.953500E-01,0.103926,44.2221,-0.166677E-02,0.572098E-03,-0.333432E-01,16.0000,0.187778,250.000,62.5000,-6.51124,98089.0,1.06522
CH-CHA_201201162000.csv,2012-01-16,23:30,16.979,0,36000,36000,-0.536150E-02,1,0.512053E-03,-1.60101,1,0.690275,-2.33336,1,0.619612,-0.196253E-01,2,0.590757,-0.514398E-01,1,0.136595E-01,-0.531014,-1.22025,0.346923,-0.269007E-01,0.713985E-10,0.149377E-12,21.2576,479.097,479.578,0.350000,1,44.4743,1.00235,1.00335,0.350000,1,281.169,265.922,98097.0,1.28468,1005.60,0.225376E-01,-0.333330E-02,0.801427E-03,98.3535,354.697,0.623835E-03,27.7289,256.344,250.379,0.186031,0.317321,0.205158E-01,0.368404,0.750671E-13,0.335873E-14,0.368404,1.37572,123.349,59.6188,3.19236,-9999,0.646020E-01,0.143120,14.4629,0.138976,0.686139,-0.191834E-01,0,-9999,-9999,-9999,-9999,-9999,-9999,-9999,-0.526623E-02,1.01809,-1.67887,1.03258,-2.23179,1.04025,0.100259,1.03823,-0.492006E-01,1.04025,800000099,800100099,800000099,800000099,800000099,811101099,811110199,811110199,81000,81000,80,81,0,0,4,0,2,0,0.279147E-01,0.257410,0.914343E-03,0.501505E-01,0.136885,27.2764,-0.129955E-02,0.100259E-03,-0.492006E-01,16.0000,8.53444,250.576,66.0974,-6.53896,98099.1,1.06142
CH-CHA_201201162000.csv,2012-01-17,00:00,17.000,0,36000,36000,0.252171E-02,1,0.766566E-03,-0.149150,2,0.665667,-0.605931,1,0.605136,-1.14229,1,0.454105,-0.133538E-01,1,0.133362E-01,-0.576685,-1.20676,0.333135,-0.265951E-01,-0.674406E-10,-0.775172E-13,21.5327,484.675,484.945,0.350000,1,24.7500,0.557090,0.557401,0.350000,1,280.725,265.589,98100.0,1.28655,1005.36,0.225087E-01,-0.865324E-03,0.445994E-03,54.6652,345.685,0.346661E-03,15.8136,291.020,243.944,0.364315,0.299593,0.180662E-01,0.472025,-0.221222E-13,-0.313201E-14,0.472025,1.77606,144.598,39.4320,2.19347,-9999,0.442725E-01,0.716069E-01,49.9654,0.402278E-01,0.246150,-0.260459E-02,0,-9999,-9999,-9999,-9999,-9999,-9999,-9999,0.248630E-02,1.01424,-0.179072,1.02427,-0.584721,1.03486,-1.09368,1.02998,-0.128863E-01,1.03486,800000099,800100099,800000099,800000099,800010099,811110099,811110199,811110199,81100,81100,80,80,0,0,6,5,15,7,0.618104E-01,0.802640E-01,0.113927E-02,0.100134,0.460060E-01,32.2552,-0.138445E-03,-0.109368E-02,-0.128863E-01,16.0000,1.03611,251.000,68.7500,-6.83354,98100.0,1.05717
CH-CHA_201201162000.csv,2012-01-17,00:30,17.020,0,36000,36000,0.130682E-02,1,0.445694E-03,16.5694,1,6.42812,0.951806,1,0.629884,1.62032,2,0.398563,0.209804E-01,1,0.138843E-01,0.358190,-0.923183,0.143272,-0.203494E-01,-0.344710E-11,-0.152966E-14,21.6230,487.075,487.180,0.350000,1,9.59525,0.216141,0.216188,0.100000,0,277.393,265.796,98102.0,1.28574,1005.19,0.225258E-01,0.135953E-02,0.172906E-03,21.2095,351.263,0.134481E-03,6.03808,330.053,234.333,0.452725,0.641485,0.348229E-01,0.785923,-0.466127E-13,-0.159418E-15,0.785923,1.31183,132.252,54.7877,2.53951,-9999,0.318811E-01,0.384468E-01,-0.167945,-11.9682,17.4084,0.402137,0,-9999,-9999,-9999,-9999,-9999,-9999,-9999,0.128819E-02,1.01446,16.2808,1.02097,0.894812,1.04000,0.549649,1.03179,0.197241E-01,1.04000,800000099,800100099,800000099,800000099,800000199,800000199,811110199,811110199,81100,81100,80,80,1,5,4,0,0,8,0.253583E-01,0.501863E-01,0.134876E-02,5.26468,0.314037E-01,71.8951,0.125973E-01,0.549649E-03,0.197241E-01,15.9981,0.321111,251.758,73.4873,-6.92426,98100.2,1.05933
CH-CHA_201201162000.csv,2012-01-17,01:00,17.041,0,36000,36000,0.369004E-02,1,0.594555E-03,0.654615,1,0.361566,-2.04596,2,1.06997,1.00060,2,0.464391,-0.450908E-01,2,0.235810E-01,-0.322122,2.69070,0.325548,0.593000E-01,0.205591E-09,0.504668E-12,21.8800,492.526,493.122,0.350000,1,53.7093,1.20901,1.21048,0.350000,1,280.139,265.610,98101.0,1.28614,1005.71,0.225103E-01,-0.292188E-02,0.967842E-03,118.637,346.247,0.752517E-03,34.2637,227.610,252.516,0.188006,0.571302,0.248446E-01,0.601954,-0.366815E-13,0.939628E-14,0.601954,0.985190,114.303,71.7845,2.36545,-9999,0.535639E-01,0.244545E-01,-20.1635,-0.996851E-01,-0.319954,0.944824E-02,0,-9999,-9999,-9999,-9999,-9999,-9999,-9999,0.362885E-02,1.01686,0.526748,1.02235,-1.99349,1.02741,0.955109,1.02724,-0.439341E-01,1.02741,800000099,800100099,800000099,800000099,800000199,800000199,811110199,811110199,81000,81000,80,80,0,0,2,16,8,0,0.265807E-01,0.213701E-01,0.958156E-03,0.550006E-01,0.328302E-01,153.993,0.407230E-03,0.955109E-03,-0.439341E-01,16.0000,0.344444,252.046,75.2861,-6.81027,98100.1,1.05543
CH-CHA_201201162000.csv,2012-01-17,01:30,17.062,0,36000,36000,0.242166E-02,1,0.439491E-03,-2.19851,1,0.676817,-2.17866,1,0.729227,1.58437,1,0.811471,-0.480016E-01,1,0.160668E-01,-0.523621,-0.900553,0.848484,-0.198415E-01,0.633802E-10,0.109721E-12,22.5376,506.715,507.160,0.350000,1,39.0161,0.877203,0.877974,0.350000,1,279.897,265.308,98108.0,1.28786,1005.54,0.224831E-01,-0.311050E-02,0.703071E-03,86.0838,338.240,0.545923E-03,25.4505,252.156,248.885,-0.128207,0.584948E-01,0.651458E-02,0.141072,0.132757E-12,0.281220E-14,0.141072,1.03121,67.7291,155.475,2.64682,-9999,0.433634E-01,0.103261,3.18549,0.630985,1.00911,-0.391507E-01,0,-9999,-9999,-9999,-9999,-9999,-9999,-9999,0.233334E-02,1.03785,-2.17280,1.07055,-2.08060,1.04077,1.68859,1.03809,-0.458409E-01,1.04077,800000099,800100099,800000099,800000099,800000099,800000099,811110199,811110199,80000,80000,80,81,12,0,2,11,7,25,0.478231E-01,0.157897,0.801564E-03,0.696226E-01,0.180188,68.6245,-0.167786E-02,0.168859E-02,-0.458409E-01,16.0000,0.344444,253.000,81.2500,-6.86610,98106.6,1.05115
CH-CHA_201201162000.csv,2012-01-17,02:00,17.083,0,36000,36000,0.533017E-03,1,0.284202E-03,-3.49417,0,1.82049,-0.370671E-01,2,0.651723,2.28164,0,1.43212,-0.816497E-03,2,0.143558E-01,-0.426986,-1.45620,0.963793,-0.320764E-01,-0.682837E-10,-0.445913E-13,23.2807,522.814,522.992,0.350000,1,15.2030,0.341414,0.341531,0.350000,1,279.651,265.062,98131.0,1.28962,1005.24,0.224570E-01,-0.529090E-04,0.273958E-03,33.5123,331.839,0.212434E-03,10.0990,298.327,238.866,0.233213,0.129464,-0.499583E-02,0.266785,0.290978E-13,-0.293306E-14,0.266785,0.675352,157.343,29.0360,-1.07299,-9999,0.203302E-01,0.315115E-01,0.206561,9.73077,94.2659,-0.132578,0,-9999,-9999,-9999,-9999,-9999,-9999,-9999,0.437328E-03,1.21880,-2.45302,1.42538,-0.240565E-01,1.24857,2.10105,1.19883,-0.529903E-03,1.24857,800000099,800100099,800000099,800000099,800000099,811111199,811110199,811110199,81100,81100,80,81,0,3,2,0,0,1,0.105734E-01,0.513063E-01,0.114316E-02,0.284450,0.295347,45.0266,-0.189220E-02,0.210105E-02,-0.529903E-03,15.9977,0.356667,253.688,85.5512,-7.11985,98131.5,1.04696
CH-CHA_201201170200.csv,2012-01-17,02:30,17.104,0,36000,36000,-0.134500E-01,1,0.134555E-02,-4.94086,2,1.87317,-9999,-9999,-9999,0.804993,2,1.22012,-9999,-9999,-9999,-0.868020E-01,-9999,0.191064,-9999,0.533950E-09,-9999,23.4284,526.004,526.004,0.350000,1,-9999,-9999,-9999,-9999,1,279.557,265.012,98136.0,1.29009,1005.07,0.224516E-01,-9999,-9999,-9999,-9999,-9999,-9999,-999900.,-9999,0.382050E-02,0.398311,0.457125E-01,0.400944,0.180849E-12,0.227907E-13,0.400944,1.19854,91.0130,89.4504,6.54666,-9999,0.102106,0.156945,18.5061,0.108613,-9999,-0.373195E-01,0,-9999,-9999,-9999,-9999,-9999,-9999,-9999,-0.132312E-01,1.01654,-4.80055,1.02923,-9999,-9999,1.10310,1.03514,-9999,-9999,800000099,800100199,800000099,800000199,800000099,800000099,811110199,811110199,81000,81000,80,81,0,0,0,0,4,0,0.575453E-01,0.254420,0.192380E-02,0.122676,0.883148E-01,-9999,-0.370234E-02,0.110310E-02,-9999,15.9981,0.292222,254.346,89.6638,-7.28672,98174.2,1.04883
CH-CHA_201201170200.csv,2012-01-17,03:00,17.125,0,36000,36000,0.427087E-02,1,0.763860E-03,0.328096,2,0.544833,-9999,-9999,-9999,2.51121,1,0.664604,-9999,-9999,-9999,-0.514698,-9999,0.722476,-9999,0.361928E-10,-9999,24.0037,538.050,538.050,0.350000,1,-9999,-9999,-9999,-9999,1,279.122,264.716,98185.0,1.29218,1005.06,0.224153E-01,-9999,-9999,-9999,-9999,-9999,-9999,-999900.,-9999,0.184433,0.616931E-01,-0.744889E-02,0.194621,-0.880325E-13,0.150780E-14,0.194621,0.686731,169.797,18.4951,-2.19347,-9999,0.574906E-01,0.406178E-01,-49.7630,-0.403915E-01,-9999,0.439429E-02,0,-9999,-9999,-9999,-9999,-9999,-9999,-9999,0.411861E-02,1.03697,0.316832,1.03555,-9999,-9999,2.42426,1.02642,-9999,-9999,800000099,800100199,800000099,800000199,800000199,810000199,811110099,811110099,81000,81000,80,81,0,2,0,0,2,0,0.359884E-01,0.443166E-01,0.930561E-03,0.785602E-01,0.550550E-01,-9999,0.243956E-03,0.242426E-02,-9999,15.9969,0.334444,255.000,93.7500,-7.23208,98198.3,1.04220
CH-CHA_201201170200.csv,2012-01-17,03:30,17.145,0,36000,36000,0.204685E-02,1,0.452497E-03,1.83507,1,0.530744,-9999,-9999,-9999,-0.262670,1,0.363955,-9999,-9999,-9999,-0.556565E-01,-9999,0.803030,-9999,0.177661E-09,-9999,24.6068,551.435,551.435,0.350000,1,-9999,-9999,-9999,-9999,1,279.259,264.684,98197.0,1.29249,1005.07,0.224099E-01,-9999,-9999,-9999,-9999,-9999,-9999,-999900.,-9999,0.537839,0.496172,0.415217E-01,0.732927,-0.300055E-13,0.722001E-14,0.732927,1.32476,142.244,42.6925,3.24765,-9999,0.397951E-01,0.357271E-01,-2.95116,-0.681089,-9999,0.354978E-01,0,-9999,-9999,-9999,-9999,-9999,-9999,-9999,0.201655E-02,1.01503,1.79684,1.02128,-9999,-9999,-0.382372,1.03041,-9999,-9999,800000099,800100199,800000099,800000199,800000199,800001199,811110099,811110099,80000,80000,80,81,0,3,0,9,34,0,0.392507E-01,0.314544E-01,0.748882E-03,0.570082E-01,0.498924E-01,-9999,0.138321E-02,-0.382372E-03,-9999,15.9949,0.347778,255.000,93.7500,-7.56939,98198.0,1.04457
CH-CHA_201201170200.csv,2012-01-17,04:00,17.166,0,36000,36000,-0.143801E-01,1,0.108358E-02,-3.46912,2,1.26875,-9999,-9999,-9999,0.370132E-01,1,0.629984,-9999,-9999,-9999,-0.922062E-01,-9999,0.381599,-9999,-0.332932E-09,-9999,24.8973,557.794,557.794,0.250000,0,-9999,-9999,-9999,-9999,1,279.110,264.631,98204.0,1.29284,1005.07,0.224038E-01,-9999,-9999,-9999,-9999,-9999,-9999,-999900.,-9999,0.912622E-01,0.259872,0.246924E-01,0.276536,-0.209818E-12,-0.133722E-13,0.276536,1.02323,111.869,70.6497,5.12286,-9999,0.105465,0.126238,29.0596,0.691682E-01,-9999,-0.253145E-01,0,-9999,-9999,-9999,-9999,-9999,-9999,-9999,-0.141259E-01,1.01800,-3.37603,1.02757,-9999,-9999,0.282002,1.02197,-9999,-9999,800000099,800100199,800000099,800000199,800001199,800001199,811110099,811110099,80000,80000,80,81,0,9,12,11,3,0,0.355960E-01,0.215286,0.159517E-02,0.771506E-01,0.436789E-01,-9999,-0.259817E-02,0.282002E-03,-9999,16.0000,0.191111,255.000,93.7500,-7.60227,98202.7,1.04174
CH-CHA_201201170200.csv,2012-01-17,04:30,17.187,0,36000,36000,-0.699571E-01,1,0.874392E-02,-18.8062,1,6.44381,-9999,-9999,-9999,40.6185,1,7.81671,-9999,-9999,-9999,-0.200191,-9999,0.475295,-9999,0.161035E-08,-9999,25.2660,565.710,565.710,0.450000,0,-9999,-9999,-9999,-9999,1,278.804,264.516,98221.0,1.29363,1005.06,0.223902E-01,-9999,-9999,-9999,-9999,-9999,-9999,-999900.,-9999,-0.107683E-01,0.224197E-01,0.154225E-01,0.292652E-01,0.305727E-12,0.637357E-13,0.292652E-01,1.29097,19.0279,115.655,31.8023,-9999,0.232547,0.183236,57.4728,0.349731E-01,-9999,-0.621996E-01,0,39.2318,-5.95358,13.4670,33.5348,51.1426,71.7282,107.462,-0.641506E-01,1.09051,-17.7376,1.06025,-9999,-9999,40.4831,1.03747,-9999,-9999,800000099,800100199,800000099,800000199,800000199,800000199,811110099,811110099,80000,80000,80,81,3,0,0,0,1,0,0.783390E-01,0.260684,0.274485E-01,0.850131E-01,0.154233,-9999,-0.136424E-01,0.404831E-01,-9999,15.9977,0.301111,255.000,93.7500,-7.32757,98220.6,1.03881
CH-CHA_201201170200.csv,2012-01-17,05:00,17.208,0,36000,36000,0.104908E-02,1,0.452190E-03,-0.315228,2,0.199318,-9999,-9999,-9999,-0.653716,1,0.467806,-9999,-9999,-9999,-0.388674,-9999,0.817306,-9999,-0.124659E-09,-9999,25.9050,579.304,579.304,0.350000,1,-9999,-9999,-9999,-9999,1,278.607,264.293,98259.0,1.29522,1005.06,0.223627E-01,-9999,-9999,-9999,-9999,-9999,-9999,-999900.,-9999,0.490776,0.513393,0.410089E-01,0.711418,-0.514663E-13,-0.481217E-14,0.711418,1.35857,136.265,46.2903,3.30458,-9999,0.284597E-01,0.789653E-01,6.28667,0.319724,-9999,-0.850855E-02,0,-9999,-9999,-9999,-9999,-9999,-9999,-9999,0.102699E-02,1.02151,-0.302078,1.04353,-9999,-9999,-0.566771,1.11153,-9999,-9999,800000099,800100199,800000099,800000199,800000199,800001199,811110099,811110099,80000,80000,80,81,6,0,1,2,1,0,0.303934E-01,0.126515,0.102213E-02,0.777345E-01,0.993365E-01,-9999,-0.232050E-03,-0.566771E-03,-9999,15.9934,0.322222,255.000,93.7500,-7.72865,98259.0,1.03857
CH-CHA_201201170200.csv,2012-01-17,05:30,17.229,0,36000,36000,0.743283E-03,1,0.312348E-03,-0.146533,2,0.396742,-9999,-9999,-9999,0.490856,1,0.292278,-9999,-9999,-9999,0.819275E-01,-9999,0.557041E-02,-9999,0.344770E-10,-9999,25.9122,579.397,579.397,0.250000,0,-9999,-9999,-9999,-9999,1,278.661,264.340,98288.0,1.29537,1005.06,0.223600E-01,-9999,-9999,-9999,-9999,-9999,-9999,-999900.,-9999,0.252482,0.252373,0.122785E-01,0.357197,-0.276723E-13,0.133053E-14,0.357197,0.838272,135.064,44.9877,1.96990,-9999,0.239541E-01,0.546394E-01,8.06579,0.249201,-9999,-0.469859E-02,0,-9999,-9999,-9999,-9999,-9999,-9999,-9999,0.727911E-03,1.02112,-0.140926,1.03979,-9999,-9999,0.478348,1.04921,-9999,-9999,800000099,800100199,800000099,800000199,800000199,801011199,811110099,811110099,80000,80000,80,81,0,25,6,0,1,0,0.269068E-01,0.819356E-01,0.436430E-03,0.562686E-01,0.382621E-01,-9999,-0.108244E-03,0.478348E-03,-9999,16.0000,0.200000,255.000,93.7500,-7.70932,98288.8,1.03679
CH-CHA_201201170200.csv,2012-01-17,06:00,17.250,0,36000,36000,0.521921E-03,1,0.258505E-03,-0.469723,1,0.236558,-9999,-9999,-9999,-0.127525,2,0.405136,-9999,-9999,-9999,-0.453311E-01,-9999,0.494761,-9999,0.907886E-11,-9999,26.2856,587.624,587.624,0.350000,1,-9999,-9999,-9999,-9999,1,278.639,264.314,98299.0,1.29565,1005.06,0.223553E-01,-9999,-9999,-9999,-9999,-9999,-9999,-999900.,-9999,-0.101493,0.393736,0.221042E-01,0.407207,0.906342E-13,0.345393E-15,0.407207,0.821584,77.4407,104.454,3.11168,-9999,0.200705E-01,0.438781E-01,1.48016,1.35796,-9999,-0.179724E-01,0,-9999,-9999,-9999,-9999,-9999,-9999,-9999,0.495830E-03,1.05262,-0.424870,1.10557,-9999,-9999,-0.792979E-01,1.15581,-9999,-9999,800000099,800100199,800000099,800000199,800000199,800011199,811110099,811110099,81000,81000,80,81,0,1,1,26,27,0,0.116595E-01,0.754678E-01,0.628856E-03,0.184927E-01,0.516357E-01,-9999,-0.326270E-03,-0.792979E-04,-9999,16.0000,0.235556,255.000,93.7500,-7.53843,98299.9,1.03650
CH-CHA_201201170200.csv,2012-01-17,06:30,17.270,0,36000,36000,-0.115037E-01,1,0.183725E-02,-1.60645,1,0.687440,-9999,-9999,-9999,-5.09662,1,1.18850,-9999,-9999,-9999,-0.123827,-9999,1.14523,-9999,0.375858E-09,-9999,27.1456,606.661,606.661,0.350000,1,-9999,-9999,-9999,-9999,1,278.466,264.243,98303.0,1.29605,1005.06,0.223484E-01,-9999,-9999,-9999,-9999,-9999,-9999,-999900.,-9999,0.261174,0.108177,0.241825E-01,0.283723,0.150334E-13,0.138460E-13,0.283723,1.00140,157.314,22.4990,4.88941,-9999,0.942123E-01,0.131693,44.7657,0.449005E-01,-9999,-0.130902E-01,0,-9999,-9999,-9999,-9999,-9999,-9999,-9999,-0.113059E-01,1.01749,-1.56624,1.02567,-9999,-9999,-4.87314,1.01986,-9999,-9999,800000099,800100199,800000099,800000199,800000199,810001199,811110099,811110099,81000,81000,80,81,0,41,3,2,6,0,0.178038,0.840698E-01,0.127653E-02,0.435594E-01,0.171318,-9999,-0.120239E-02,-0.487314E-02,-9999,16.0000,0.246667,255.000,93.7500,-7.54552,98300.4,1.03544
CH-CHA_201201170200.csv,2012-01-17,07:00,17.291,0,36000,36000,0.922280E-03,1,0.623282E-03,1.18079,1,0.987690,-9999,-9999,-9999,-0.113940,1,0.645158,-9999,-9999,-9999,-0.420697,-9999,0.478653,-9999,0.102662E-09,-9999,27.5264,614.610,614.610,0.350000,1,-9999,-9999,-9999,-9999,1,278.318,264.002,98303.0,1.29723,1005.06,0.223280E-01,-9999,-9999,-9999,-9999,-9999,-9999,-999900.,-9999,0.374845,0.478905,0.375114E-01,0.609316,-0.277338E-13,0.372957E-14,0.609316,0.993227,134.287,51.9493,3.52954,-9999,0.266639E-01,0.724652E-01,-1.38065,-1.45583,-9999,0.339658E-01,0,-9999,-9999,-9999,-9999,-9999,-9999,-9999,0.907097E-03,1.01674,1.15506,1.02228,-9999,-9999,-0.202812,1.02740,-9999,-9999,800000099,800100199,800000099,800000199,800010199,800110199,811110099,811110099,80000,80000,80,81,5,0,6,1,0,0,0.390999E-01,0.104605,0.122578E-02,0.954754E-01,0.696142E-01,-9999,0.885926E-03,-0.202812E-03,-9999,16.0000,0.215556,255.000,93.7500,-7.79650,98301.4,1.03418
CH-CHA_201201170200.csv,2012-01-17,07:30,17.312,0,36000,36000,0.509030E-02,1,0.847620E-03,-3.45966,2,5.98602,-9999,-9999,-9999,-3.45678,1,0.852598,-9999,-9999,-9999,0.296769E-01,-9999,0.461400,-9999,0.582181E-10,-9999,27.8706,622.272,622.272,0.450000,0,-9999,-9999,-9999,-9999,1,273.840,264.019,98313.0,1.29728,1005.06,0.223272E-01,-9999,-9999,-9999,-9999,-9999,-9999,-999900.,-9999,-0.312100,-0.616351E-01,0.136906E-01,0.318422,0.116531E-12,0.208887E-14,0.318422,1.19958,342.601,191.171,2.46419,-9999,0.626404E-01,0.690298E-01,6.11012,0.328962,-9999,-0.423599E-01,0,-9999,-9999,-9999,-9999,-9999,-9999,-9999,0.497104E-02,1.02399,-3.30862,1.04565,-9999,-9999,-3.01885,1.05228,-9999,-9999,800000099,800100199,800000099,800000199,800000199,801001199,811110099,811110099,80000,80000,80,81,3,0,0,0,13,0,0.637648E-01,0.732330E-01,0.106178E-02,3.16402,0.112129,-9999,-0.253759E-02,-0.301885E-02,-9999,16.0000,2.93667,255.000,93.7500,-7.58943,98313.3,1.03139
CH-CHA_201201170200.csv,2012-01-17,08:00,17.333,0,36000,36000,-0.219203E-02,1,0.443114E-03,-1.19665,1,0.447803,-9999,-9999,-9999,2.62899,1,0.512679,-9999,-9999,-9999,0.139664E-01,-9999,-0.285268E-01,-9999,0.109129E-09,-9999,27.8511,621.799,621.799,0.350000,1,-9999,-9999,-9999,-9999,1,276.128,264.027,98322.0,1.29736,1005.06,0.223258E-01,-9999,-9999,-9999,-9999,-9999,-9999,-999900.,-9999,-0.825566E-01,0.293138,0.132082E-01,0.304828,0.101195E-12,0.391831E-14,0.304828,0.694190,85.5757,105.729,2.48340,-9999,0.411049E-01,0.426979E-01,4.99184,0.402657,-9999,-0.223267E-01,0,-9999,-9999,-9999,-9999,-9999,-9999,-9999,-0.213569E-02,1.02638,-1.13886,1.05075,-9999,-9999,2.57921,1.05684,-9999,-9999,800000099,800101199,800000099,800000199,800000199,800000199,811110099,811110099,81000,81000,80,81,0,0,1,4,1,0,0.335941E-01,0.513489E-01,0.452638E-03,0.333187E-01,0.640454E-01,-9999,-0.873413E-03,0.257921E-02,-9999,15.9981,6.25833,255.000,93.7500,-7.51985,98322.1,1.03204
CH-CHA_201201170800.csv,2012-01-17,08:30,17.354,0,36000,36000,0.620502E-02,1,0.871247E-03,0.756957,1,0.360850,-9999,-9999,-9999,-3.57837,1,0.723708,-9999,-9999,-9999,0.251213,-9999,0.760322,-9999,-0.842530E-10,-9999,28.3963,634.434,634.434,0.350000,1,-9999,-9999,-9999,-9999,1,276.385,264.171,98304.0,1.29641,1005.06,0.223421E-01,-9999,-9999,-9999,-9999,-9999,-9999,-999900.,-9999,-0.574990E-01,0.110508,0.560417E-03,0.124573,-0.107113E-12,-0.296704E-14,0.124573,0.806288,131.833,117.489,0.257758,-9999,0.691831E-01,0.460270E-01,-37.6201,-0.534289E-01,-9999,0.839724E-02,0,-9999,-9999,-9999,-9999,-9999,-9999,-9999,0.590064E-02,1.05158,0.724060,1.04543,-9999,-9999,-3.52311,1.03341,-9999,-9999,800000099,800101199,800000099,800000199,800000199,810000199,811110099,811110099,81000,81000,80,81,3,0,3,10,0,0,0.611860E-01,0.302172E-01,0.651122E-03,0.200659E-01,0.859850E-01,-9999,0.555698E-03,-0.352311E-02,-9999,15.9981,0.416667,255.000,93.7500,-7.25805,98377.6,1.03489
CH-CHA_201201170800.csv,2012-01-17,09:00,17.374,1,36000,36000,0.498024E-03,1,0.562746E-03,1.91237,0,0.392971,-9999,-9999,-9999,2.62621,0,0.747448,-9999,-9999,-9999,1.17731,-9999,0.272600,-9999,0.253936E-10,-9999,28.5508,638.972,638.972,0.350000,1,-9999,-9999,-9999,-9999,1,276.681,264.847,98388.0,1.29421,1005.07,0.223801E-01,-9999,-9999,-9999,-9999,-9999,-9999,-999900.,-9999,-0.154459E-01,0.143954,0.417528E-02,0.144840,-0.132744E-13,0.889417E-15,0.144840,0.478121,89.5442,96.1243,1.65188,-9999,0.196166E-01,0.119323E-01,-0.339673,-5.91746,-9999,0.749460E-01,0,-9999,-9999,-9999,-9999,-9999,-9999,-9999,0.476082E-03,1.04609,1.83581,1.04171,-9999,-9999,2.39452,1.03057,-9999,-9999,800000099,800101199,800000099,800000199,800000199,800100199,811110099,811110099,80000,80000,80,81,3,11,0,14,1,0,0.132036E-01,0.883679E-02,0.182426E-02,0.238758E-01,0.654884E-01,-9999,0.141133E-02,0.239452E-02,-9999,15.9977,0.437778,255.000,93.7500,-5.66501,98391.8,1.04966
CH-CHA_201201170800.csv,2012-01-17,09:30,17.395,1,36000,36000,-0.189163E-02,0,0.114115E-02,37.1955,0,4.43196,-9999,-9999,-9999,4.51704,2,1.45482,-9999,-9999,-9999,2.59769,-9999,-0.118871,-9999,-0.124199E-09,-9999,28.3016,636.982,636.982,0.350000,1,-9999,-9999,-9999,-9999,1,277.321,266.347,98388.0,1.28692,1005.08,0.225069E-01,-9999,-9999,-9999,-9999,-9999,-9999,-999900.,-9999,0.112785,0.392028,0.119308E-01,0.408104,0.814322E-13,-0.438840E-14,0.408104,1.13829,105.431,73.9497,1.67527,-9999,0.383392E-01,0.447827E-01,-0.130378,-15.4167,-9999,0.750057,0,-9999,-9999,-9999,-9999,-9999,-9999,-9999,-0.185146E-02,1.02170,36.2736,1.02542,-9999,-9999,1.42735,1.02386,-9999,-9999,800000099,800001199,800000099,800000199,800011199,800011199,811100099,811110099,80000,80000,80,80,10,19,0,4,8,0,0.441912E-01,0.314030E-01,0.139712E-01,0.320282,0.182734,-9999,0.280439E-01,0.142735E-02,-9999,15.9981,0.440556,255.000,93.7500,-2.61616,98388.4,1.07707
CH-CHA_201201170800.csv,2012-01-17,10:00,17.416,1,36000,36000,-0.208770E-01,1,0.565342E-02,76.8912,0,7.73162,-9999,-9999,-9999,14.2694,2,4.27844,-9999,-9999,-9999,2.28184,-9999,-1.48672,-9999,0.470719E-09,-9999,27.0589,611.972,611.972,0.400000,0,-9999,-9999,-9999,-9999,1,278.094,267.671,98399.0,1.28070,1005.09,0.226163E-01,-9999,-9999,-9999,-9999,-9999,-9999,-999900.,-9999,-1.00993,-0.241195,0.882656E-01,1.04208,0.589268E-13,0.173961E-13,1.04208,2.60317,354.460,193.432,4.85886,-9999,0.127676,0.166484,-2.32948,-0.862855,-9999,0.467858,0,-9999,-9999,-9999,-9999,-9999,-9999,-9999,-0.206171E-01,1.01260,75.3755,1.02011,-9999,-9999,7.92169,1.03902,-9999,-9999,800000099,800000199,800000099,800000199,800011199,800111199,801100099,811100099,80000,80000,80,81,24,12,4,69,93,0,0.247009,0.558018E-01,0.301574E-01,0.756086,0.220559,-9999,0.585568E-01,0.792169E-02,-9999,15.9973,0.362222,255.000,93.7500,0.611062,98399.4,1.10101
CH-CHA_201201170800.csv,2012-01-17,10:30,17.437,1,36000,36000,-0.216711E-01,0,0.381829E-02,52.4049,0,3.36294,-9999,-9999,-9999,20.5547,1,5.99424,-9999,-9999,-9999,1.47587,-9999,-1.97593,-9999,-0.661386E-09,-9999,25.5054,578.630,578.630,0.350000,1,-9999,-9999,-9999,-9999,1,279.153,268.530,98409.0,1.27673,1005.11,0.226865E-01,-9999,-9999,-9999,-9999,-9999,-9999,-999900.,-9999,-1.11737,-0.508704,0.869233E-01,1.23080,0.113269E-13,-0.259312E-13,1.23080,2.70867,343.667,204.478,4.04981,-9999,0.130284,0.154614,-3.63201,-0.553413,-9999,0.313450,0,-9999,-9999,-9999,-9999,-9999,-9999,-9999,-0.214183E-01,1.01180,51.3820,1.01991,-9999,-9999,15.9627,1.04468,-9999,-9999,800000099,800000199,800000099,800000199,800010199,800011199,800000099,811100099,81000,81000,80,80,9,7,0,27,30,0,0.170511,0.106258,0.324594E-01,0.179869,0.429139,-9999,0.400406E-01,0.159627E-01,-9999,16.0000,0.342222,255.000,93.7500,2.60992,98407.8,1.11341
CH-CHA_201201170800.csv,2012-01-17,11:00,17.458,1,36000,36000,-0.724995E-02,0,0.163552E-02,63.2485,0,5.23365,-9999,-9999,-9999,19.5953,1,7.57821,-9999,-9999,-9999,1.71523,-9999,-2.94450,-9999,-0.163764E-09,-9999,23.2213,528.760,528.760,0.300000,0,-9999,-9999,-9999,-9999,1,279.045,269.532,98412.0,1.27202,1005.12,0.227705E-01,-9999,-9999,-9999,-9999,-9999,-9999,-999900.,-9999,-0.759402,-0.184525,0.445231E-01,0.782767,0.450707E-13,-0.705233E-14,0.782767,1.65680,354.043,193.657,3.26069,-9999,0.754952E-01,0.106368,-0.585551,-3.43266,-9999,0.655270,0,-9999,-9999,-9999,-9999,-9999,-9999,-9999,-0.714637E-02,1.01449,61.9486,1.02098,-9999,-9999,14.8620,1.03171,-9999,-9999,800000099,800000199,800000099,800000199,800001199,800001199,800000099,811000099,80100,80100,80,80,12,0,0,10,3,0,0.857664E-01,0.941588E-01,0.328106E-01,0.199277,0.501917,-9999,0.484531E-01,0.148620E-01,-9999,15.9961,0.393333,254.852,92.8251,4.76160,98411.2,1.13052
CH-CHA_201201170800.csv,2012-01-17,11:30,17.479,1,36000,36000,-0.258304E-01,1,0.441676E-02,78.3218,0,6.98727,-31.0339,2,13.2951,28.2278,2,8.54313,-0.687598,2,0.294570,2.91082,-9999,-2.97068,-9999,0.293358E-10,0.553261E-13,20.8647,478.126,478.557,0.350000,1,39.3500,0.901724,0.902538,0.350000,1,278.548,271.243,98410.0,1.26354,1005.62,0.229155E-01,-0.445563E-01,0.709086E-03,88.7625,529.992,0.561189E-03,16.7479,441.230,249.226,0.184011,0.394327,0.420358E-01,0.437174,0.197584E-12,0.140600E-14,0.437174,1.85486,115.797,64.9840,5.51772,-9999,0.142978,0.201250,-3.21250,-0.625680,-2.52375,0.431113,0,-9999,-9999,-9999,-9999,-9999,-9999,-9999,-0.253063E-01,1.02071,74.7045,1.02478,-30.5951,1.02662,23.2523,1.02420,-0.677875,1.02662,800000099,800000199,800000099,800000199,800000099,800000199,800000199,801100199,81100,81100,80,81,0,2,0,15,0,1,0.114074,0.257032,0.313935E-01,0.316832,0.444445,556.748,0.587930E-01,0.232523E-01,-0.677875,15.9981,0.357222,252.049,75.3091,6.97114,98409.1,1.15652
CH-CHA_201201170800.csv,2012-01-17,12:00,17.499,1,36000,36000,-0.100127E-01,0,0.248969E-02,79.6854,0,9.63254,48.4507,1,10.6109,7.26640,0,1.05604,1.07444,1,0.235307,1.58234,6.97123,-1.71276,0.154593,0.141207E-09,0.111562E-11,19.5173,448.829,450.426,0.250000,0,154.198,3.54601,3.55863,0.300000,0,279.795,272.176,98401.0,1.25784,1007.04,0.229964E-01,0.696236E-01,0.277865E-02,349.024,567.623,0.220907E-02,61.4888,218.599,265.679,0.685798,-0.869642E-01,0.145231E-01,0.691442,0.682933E-13,0.723496E-14,0.691442,1.96013,190.613,352.773,1.20353,-9999,0.892201E-01,0.172835,-0.767506,-2.61887,1.64467,0.705086,0,-9999,-9999,-9999,-9999,-9999,-9999,-9999,-0.985954E-02,1.01553,80.7028,1.02156,45.4246,1.02745,2.20823,1.02936,1.00733,1.02745,800000099,800000099,800000099,800000099,800001099,800001099,800000199,801000199,81100,81100,80,80,5,4,0,8,52,17,0.141081,0.174940,0.296497E-01,0.696272,0.248576E-01,533.153,0.637108E-01,0.220823E-02,1.00733,15.9977,0.304444,249.150,57.1882,7.39561,98400.2,1.16673
CH-CHA_201201170800.csv,2012-01-17,12:30,17.520,1,36000,36000,-0.201302E-01,0,0.688804E-02,83.6037,0,9.71690,35.2663,0,4.52827,6.87458,2,3.47045,0.782797,0,0.100513,1.67628,0.647502,-0.524498,0.143724E-01,-0.571547E-10,-0.492863E-12,19.0552,439.824,441.499,0.400000,0,164.319,3.79276,3.80720,0.150000,0,280.085,273.168,98395.0,1.25308,1007.19,0.230816E-01,0.507252E-01,0.296103E-02,373.288,610.215,0.236301E-02,61.1732,236.927,266.552,0.422159,0.839575E-01,0.431358E-01,0.432583,0.129059E-12,-0.299943E-14,0.432583,1.68991,182.631,11.2480,5.72287,-9999,0.126747,0.172083,-2.09730,-0.958377,2.37064,0.522636,0,-9999,-9999,-9999,-9999,-9999,-9999,-9999,-0.197189E-01,1.02086,83.5509,1.02487,32.5893,1.02295,1.86439,1.02415,0.723376,1.02295,800000099,800000099,800000099,800000099,800001099,800011099,800000199,801100199,80000,80000,81,81,0,0,0,26,17,20,0.186411,0.117593,0.401618E-01,0.413074,0.543109E-01,61.4248,0.662003E-01,0.186439E-02,0.723376,15.9953,0.328333,249.000,56.2500,8.61046,98397.8,1.19061
CH-CHA_201201170800.csv,2012-01-17,13:00,17.541,1,36000,36000,-0.556377E-02,1,0.348920E-02,66.7234,0,5.72164,29.2362,0,2.85435,3.36806,1,1.36479,0.649508,0,0.634118E-01,1.53064,-0.342103,-0.324245,-0.760012E-02,-0.437967E-10,-0.369326E-12,18.7473,434.238,435.834,0.350000,1,158.091,3.66182,3.67528,0.300000,0,280.844,274.077,98377.0,1.24875,1007.14,0.231627E-01,0.420881E-01,0.284880E-02,360.335,651.706,0.228132E-02,55.2911,291.370,266.093,0.307207,-0.179756,-0.861722E-02,0.356037,-0.248636E-14,-0.233616E-14,0.356037,2.36932,226.025,329.667,-1.38687,-9999,0.667492E-01,0.321176,-0.383776,-5.23743,2.28222,0.794815,0,-9999,-9999,-9999,-9999,-9999,-9999,-9999,-0.543419E-02,1.02384,66.6256,1.02682,27.1388,1.02258,-0.530500,1.02348,0.602913,1.02258,800000099,800000099,800000099,800000099,800001099,800011099,800100199,811100199,80100,80100,80,81,0,0,0,16,28,10,0.218875,0.393175,0.303011E-01,0.373838,0.340713E-01,55.6552,0.529756E-01,-0.530500E-03,0.602913,15.9981,0.325556,249.000,56.2500,10.9985,98376.7,1.21356
CH-CHA_201201170800.csv,2012-01-17,13:30,17.562,1,36000,36000,0.194622E-01,0,0.449462E-02,68.7324,0,5.14838,43.7075,0,4.16384,6.56468,2,1.60299,0.971700,0,0.925701E-01,1.27539,-0.519266,-0.579724,-0.115443E-01,-0.522785E-09,-0.426672E-11,18.2527,424.217,425.690,0.350000,1,148.970,3.46225,3.47428,0.350000,1,281.454,274.837,98316.0,1.24462,1007.04,0.232413E-01,0.629662E-01,0.268443E-02,340.486,688.294,0.215683E-02,49.4682,347.807,265.360,0.534660,0.518796,0.409933E-01,0.746117,0.171524E-13,-0.286415E-13,0.746117,2.11769,137.272,44.1372,3.14954,-9999,0.125048,0.201078,-2.44841,-0.820942,1.57255,0.438533,0,-9999,-9999,-9999,-9999,-9999,-9999,-9999,0.191769E-01,1.01488,69.7582,1.02119,41.0209,1.02921,2.43558,1.03075,0.911974,1.02921,800000099,800000099,800000099,800000099,800001099,800011099,800000199,811000199,80100,80100,80,81,1,4,0,32,11,64,0.192536,0.172979,0.366412E-01,0.229467,0.154637E-01,71.0180,0.556558E-01,0.243558E-02,0.911974,15.9961,0.367778,249.000,56.2500,11.0953,98315.6,1.22110
CH-CHA_201201170800.csv,2012-01-17,14:00,17.583,1,36000,36000,-0.308803E-01,0,0.672429E-02,82.1440,0,8.62551,34.7471,0,3.63025,4.92295,2,0.688928,0.773036,0,0.807639E-01,1.23503,0.242648,0.351239E-01,0.539832E-02,0.298212E-09,0.249607E-11,18.2277,424.825,426.341,0.350000,1,152.568,3.55584,3.56852,0.450000,0,282.090,275.575,98304.0,1.24109,1007.11,0.233066E-01,0.500928E-01,0.274927E-02,349.647,725.551,0.221520E-02,48.1905,375.904,265.702,0.481909,-0.181561,0.439867E-01,0.516852,0.285407E-12,0.163604E-13,0.516852,2.17959,202.926,339.356,4.88206,-9999,0.157739,0.295332,-4.11181,-0.488836,2.36405,0.416637,0,-9999,-9999,-9999,-9999,-9999,-9999,-9999,-0.303178E-01,1.01855,82.2290,1.02340,32.1996,1.02449,0.241333,1.02549,0.716361,1.02449,800000099,800000099,800000099,800000099,800001099,800001099,800000199,811000199,80100,80100,81,81,0,2,0,27,55,10,0.189744,0.362351,0.385694E-01,0.392544,0.197043E-01,50.3781,0.657881E-01,0.241333E-03,0.716361,15.9903,0.577778,249.000,56.2500,11.7197,98301.7,1.23297
CH-CHA_201201171400.csv,2012-01-17,14:30,17.604,1,36000,36000,-0.118413E-01,0,0.369724E-02,60.7479,0,4.86020,25.5578,0,2.17788,5.13841,0,0.930590,0.568693,0,0.484607E-01,0.297307,-0.602907E-01,-0.737591E-02,-0.134154E-02,0.494911E-10,0.411655E-12,18.1871,424.697,426.203,0.350000,1,151.276,3.53253,3.54506,0.350000,1,282.657,275.753,98178.0,1.23871,1007.10,0.233516E-01,0.368513E-01,0.272600E-02,346.910,734.800,0.220067E-02,47.2115,387.890,265.601,0.295755,-0.534173,0.583472E-02,0.610611,0.775495E-13,0.272122E-14,0.610611,2.43668,240.441,298.972,0.547500,-9999,0.977718E-01,0.215015,-1.32282,-1.51948,2.37688,0.498055,0,-9999,-9999,-9999,-9999,-9999,-9999,-9999,-0.116466E-01,1.01672,60.8695,1.02226,23.6446,1.02632,1.64016,1.02743,0.526122,1.02632,800000099,800001199,800000099,800000099,800001099,800011199,810000199,811000199,81100,81100,80,81,0,0,0,24,60,30,0.150941,0.250659,0.284297E-01,0.253200,0.347397E-01,30.9562,0.487932E-01,0.164016E-02,0.526122,15.9938,0.471667,249.000,56.2500,12.3450,98299.9,1.23632
CH-CHA_201201171400.csv,2012-01-17,15:00,17.624,1,36000,36000,-0.914408E-01,1,0.146226E-01,35.5845,1,4.08019,15.7173,1,1.91113,1.87032,2,0.653795,0.349818,1,0.425358E-01,0.441067,-0.245453E-01,-0.949896E-01,-0.546300E-03,-0.814049E-09,-0.677921E-11,18.1213,423.048,424.544,0.350000,1,150.910,3.52305,3.53550,0.450000,0,283.076,276.017,98298.0,1.23905,1007.09,0.233454E-01,0.226682E-01,0.271939E-02,346.402,748.710,0.219475E-02,46.2665,402.308,265.582,-0.294068E-01,-0.187819,0.406472E-01,0.194404,-0.632453E-13,-0.449222E-13,0.194404,1.73159,284.633,261.101,12.0688,-9999,0.271660,0.288077,-48.4829,-0.414579E-01,2.26403,0.104973,0,38.7938,-5.88711,13.3167,33.1604,50.5717,70.9275,106.262,-0.881783E-01,1.03700,35.2518,1.03557,14.5810,1.02609,-0.146060,1.02643,0.324527,1.02609,800000099,800001199,800000099,800000099,800001099,800011199,810100199,810100199,80000,80000,80,81,2,0,0,28,77,46,0.314187,0.221454,0.405128E-01,0.141127,0.527040E-02,24.6413,0.282504E-01,-0.146060E-03,0.324527,15.9856,0.577222,249.000,56.2500,12.4501,98298.6,1.23902
CH-CHA_201201171400.csv,2012-01-17,15:30,17.645,1,36000,36000,-0.167478E-01,1,0.426831E-02,4.99208,2,1.87192,13.3050,1,1.51677,0.801753,1,0.316998,0.296209,1,0.337679E-01,0.482336,-0.165072E-01,-0.294621E-01,-0.367499E-03,-0.293859E-09,-0.244571E-11,18.0806,422.536,424.027,0.350000,1,150.480,3.51666,3.52907,0.450000,0,283.620,276.306,98299.0,1.23777,1007.09,0.233696E-01,0.191943E-01,0.271165E-02,345.777,764.203,0.219076E-02,45.2467,418.426,265.559,-0.318569E-01,-0.246610,0.263206E-01,0.250048,0.245792E-13,-0.162527E-13,0.250048,1.08042,267.833,262.639,6.04226,-9999,0.116322,0.130904,-27.1316,-0.740833E-01,0.375204,0.344282E-01,0,-9999,-9999,-9999,-9999,-9999,-9999,-9999,-0.162486E-01,1.03072,5.59762,1.03137,12.8530,1.02390,0.404677,1.02430,0.286147,1.02390,800000099,800000099,800000099,800000099,800001099,800011199,811110199,811110199,80100,80100,81,81,6,0,0,19,23,21,0.123890,0.122371,0.155483E-01,0.298940,0.563890E-02,20.0728,0.449051E-02,0.404677E-03,0.286147,15.9965,0.289444,249.000,56.2500,9.96561,98299.5,1.24082
CH-CHA_201201171400.csv,2012-01-17,16:00,17.666,1,36000,36000,-0.744985E-03,0,0.199508E-03,1.67354,0,0.815209,5.59314,0,0.743511,0.459544E-01,2,0.165611,0.124445,0,0.165429E-01,-1.05222,0.223508,-0.174823,0.497297E-02,-0.904080E-11,-0.776466E-13,17.9924,419.504,421.021,0.350000,1,154.527,3.60290,3.61593,0.350000,1,284.855,275.677,98302.0,1.24059,1007.13,0.233157E-01,0.806405E-02,0.278458E-02,354.268,730.838,0.224456E-02,48.4741,376.571,265.872,-0.484144,-0.735885,0.327753E-01,0.881474,0.868627E-14,-0.502479E-15,0.881474,1.31141,310.319,236.659,2.13088,-9999,0.245053E-01,0.200555E-01,-0.756711,-2.65623,0.299213,0.546593E-01,0,-9999,-9999,-9999,-9999,-9999,-9999,-9999,-0.734969E-03,1.01363,1.95675,1.02054,5.36392,1.03268,-0.905650E-01,1.03441,0.119345,1.03268,800000099,800001199,800000099,800000099,800001099,800101099,811110199,811110199,81100,81100,80,80,6,4,1,13,6,5,0.214787E-01,0.154774E-01,0.315499E-02,0.100646,0.437450E-02,37.0093,0.156611E-02,-0.905650E-04,0.119345,15.9907,0.528333,249.000,56.2500,9.07113,98301.1,1.22467
CH-CHA_201201171400.csv,2012-01-17,16:30,17.687,1,36000,36000,-0.486208E-02,1,0.403570E-03,-0.893087,1,0.772992,2.28470,1,0.942874,1.45146,2,0.600862,0.507917E-01,1,0.209612E-01,-1.46527,0.431339,0.124453E-01,0.958920E-02,0.472068E-10,0.423869E-12,18.0613,419.719,421.307,0.350000,1,162.172,3.76865,3.78291,0.350000,1,285.034,274.804,98316.0,1.24463,1007.21,0.232385E-01,0.329130E-02,0.292235E-02,370.618,686.668,0.234797E-02,53.9734,316.050,266.458,-0.484640,-0.163178,0.365067E-01,0.512675,0.122314E-12,0.261370E-14,0.512675,1.00324,346.997,198.608,4.08338,-9999,0.625017E-01,0.496258E-01,23.5299,0.854233E-01,-0.390900,-0.113984E-01,0,-9999,-9999,-9999,-9999,-9999,-9999,-9999,-0.479277E-02,1.01446,-0.741301,1.02588,2.21886,1.03431,1.42446,1.03686,0.493281E-01,1.03431,800000099,800101199,800000099,800000099,800000099,800100099,811110199,811110199,81100,81100,80,81,8,12,5,3,17,18,0.207870E-01,0.767118E-01,0.175295E-02,0.110243,0.580685E-01,69.7850,-0.591340E-03,0.142446E-02,0.493281E-01,15.9922,0.665556,249.000,56.2500,6.48424,98315.2,1.20554
CH-CHA_201201171400.csv,2012-01-17,17:00,17.708,1,36000,36000,0.258044E-02,1,0.924424E-03,1.56297,1,1.10170,-0.490572,1,0.244108,1.44317,2,0.692322,-0.108873E-01,1,0.541748E-02,-3.06606,0.288100,0.787165,0.639381E-02,0.102399E-09,0.916700E-12,18.7739,433.230,434.917,0.350000,1,168.069,3.87840,3.89350,0.350000,1,285.450,272.990,98354.0,1.25333,1007.24,0.230762E-01,-0.705495E-03,0.302860E-02,381.558,602.370,0.241644E-02,63.3428,220.812,266.837,0.111191,0.282941,0.811417E-02,0.304113,0.783076E-13,0.545431E-14,0.304113,0.835823,112.526,68.5460,1.52891,-9999,0.453747E-01,0.652298E-01,-5.14570,-0.390617,-3.18601,0.272859E-01,0,-9999,-9999,-9999,-9999,-9999,-9999,-9999,0.251343E-02,1.02666,1.49125,1.02867,-0.511414,1.02268,1.33141,1.02353,-0.113498E-01,1.02268,800000099,800101199,800000099,800000099,800000099,800010099,811110199,811110199,81100,81100,80,81,20,11,2,17,18,4,0.577936E-01,0.711833E-01,0.148260E-02,0.107724,0.417005E-01,5.87966,0.118128E-02,0.133141E-02,-0.113498E-01,15.9965,0.475000,249.000,56.2500,2.70315,98354.2,1.17284
CH-CHA_201201171400.csv,2012-01-17,17:30,17.729,0,36000,36000,0.108122E-02,1,0.291892E-03,2.06111,1,0.881203,-0.363807,1,0.237042,-0.429104,2,0.591820,-0.806678E-02,1,0.525598E-02,-1.59641,-0.351007,-0.118229,-0.778295E-02,-0.519483E-11,-0.451203E-13,18.7564,431.208,432.829,0.350000,1,162.911,3.74531,3.75939,0.350000,1,285.558,272.049,98383.0,1.25810,1007.15,0.229899E-01,-0.522727E-03,0.293566E-02,368.573,562.365,0.233341E-02,65.5399,193.792,266.386,0.460053,0.464953,0.298861E-01,0.654769,-0.304175E-13,-0.276963E-15,0.654769,0.953205,141.319,45.3035,2.61610,-9999,0.293157E-01,0.130077E-01,-1.05252,-1.90970,-5.66539,0.554867E-01,0,-9999,-9999,-9999,-9999,-9999,-9999,-9999,0.106416E-02,1.01603,1.99620,1.02186,-0.395826,1.02665,-0.522891,1.02846,-0.877674E-02,1.02665,800000099,800101199,800000099,800000099,800000099,801001199,811110199,811110199,80000,80000,80,81,4,2,12,1,0,3,0.155506E-01,0.984141E-02,0.623376E-03,0.121705,0.962693E-01,7.80493,0.157541E-02,-0.522891E-03,-0.877674E-02,15.9907,0.607778,249.000,56.2500,0.109394,98382.8,1.15325
CH-CHA_201201171400.csv,2012-01-17,18:00,17.749,0,36000,36000,0.166508E-02,1,0.340243E-03,2.18826,1,0.666279,-0.422442,1,0.171954,-1.66702,1,0.622397,-0.936097E-02,1,0.381035E-02,-1.13788,-0.210324,0.241305,-0.466060E-02,-0.128501E-09,-0.108210E-11,18.9844,435.324,436.926,0.400000,0,159.866,3.66582,3.67930,0.350000,1,285.116,271.380,98395.0,1.26139,1007.10,0.229306E-01,-0.606591E-03,0.288078E-02,360.795,535.375,0.228381E-02,67.3910,174.580,266.109,0.571931,0.359424,0.373802E-01,0.676527,0.974789E-13,-0.676879E-14,0.676527,1.35904,152.675,32.1469,3.16738,-9999,0.363323E-01,0.332497E-01,-1.88728,-1.06502,-5.18003,0.474114E-01,0,-9999,-9999,-9999,-9999,-9999,-9999,-9999,0.163930E-02,1.01573,2.11773,1.02168,-0.454358,1.02713,-1.73320,1.02899,-0.100682E-01,1.02713,800000099,800100099,800000099,800000099,800001099,800101099,811110099,811110099,80000,80000,80,81,3,3,26,2,2,8,0.251489E-01,0.407648E-01,0.585998E-03,0.101697,0.150042,5.99652,0.166704E-02,-0.173320E-02,-0.100682E-01,15.9934,0.418889,249.000,56.2500,-1.44914,98396.6,1.14195
CH-CHA_201201171400.csv,2012-01-17,18:30,17.770,0,36000,36000,0.885554E-02,1,0.147032E-02,-0.984216,2,1.75485,1.55267,1,0.323327,-0.470475E-01,2,0.152952,0.343693E-01,1,0.715704E-02,-1.92325,-0.538044E-01,0.738099,-0.119099E-02,-0.376138E-09,-0.306178E-11,19.6139,447.860,449.498,0.350000,1,159.658,3.64559,3.65893,0.350000,1,284.677,270.254,98402.0,1.26675,1007.07,0.228338E-01,0.222713E-02,0.287703E-02,358.830,492.535,0.227119E-02,72.8536,133.706,266.038,0.109407E-01,0.186115,-0.100692E-01,0.186708,-0.666208E-14,-0.191771E-13,0.186708,0.686222,113.550,86.6358,-3.09146,-9999,0.836109E-01,0.321303E-01,51.1411,0.393031E-01,-0.633886,-0.922732E-02,0,-9999,-9999,-9999,-9999,-9999,-9999,-9999,0.866555E-02,1.02192,-0.869017,1.02727,1.54453,1.01494,-0.635076E-02,1.01569,0.341891E-01,1.01494,800000099,800101199,800000099,800000099,800011099,800011199,811110099,811110099,81100,81100,81,81,5,0,2,1,3,26,0.548777E-01,0.745655E-02,0.192658E-02,0.121682,0.148673,3.06807,-0.681200E-03,-0.635076E-05,0.341891E-01,15.9977,0.461111,249.000,56.2500,-2.29089,98401.4,1.12552
CH-CHA_201201171400.csv,2012-01-17,19:00,17.791,0,36000,36000,0.383074E-01,1,0.525140E-02,-10.9156,1,4.20813,-0.431312,2,0.606314,2.60077,1,2.83045,-0.954236E-02,2,0.134141E-01,-0.948331,-0.260670,0.296579E-01,-0.576707E-02,-0.616815E-10,-0.488083E-12,19.6794,448.362,449.959,0.350000,1,155.722,3.54786,3.56049,0.350000,1,284.605,269.700,98418.0,1.26960,1007.02,0.227833E-01,-0.618345E-03,0.280611E-02,349.267,472.597,0.221023E-02,73.9037,123.330,265.688,0.224240E-01,0.124777E-02,-0.840389E-02,0.239795E-01,0.523867E-13,-0.313432E-14,0.239795E-01,0.792528,111.600,3.18490,-20.5155,-9999,0.173703,0.712728E-01,41.3508,0.486084E-01,25.3078,-0.491515E-01,0,-9999,-9999,-9999,-9999,-9999,-9999,-9999,0.347371E-01,1.10278,-10.2466,1.06770,-0.198496,1.04267,3.09561,1.04278,-0.439153E-02,1.04267,800000099,800100099,800000099,800000099,800000099,800101199,811110199,811110199,80000,80000,80,81,0,0,4,9,0,49,0.729216E-01,0.586812E-01,0.109428E-01,0.886312E-01,0.674721E-01,1.29880,-0.801443E-02,0.309561E-02,-0.439153E-02,16.0000,0.271111,249.000,56.2500,-2.76669,98418.0,1.11703
CH-CHA_201201171400.csv,2012-01-17,19:30,17.812,0,36000,36000,0.534942E-02,1,0.115828E-02,-4.29573,1,1.30842,-0.338722,1,0.242274,1.13734,1,1.76402,-0.749166E-02,1,0.535846E-02,-0.545051,-0.162665,0.291549,-0.359773E-02,-0.225584E-09,-0.173530E-11,19.9219,453.297,454.883,0.350000,1,153.249,3.48697,3.49917,0.350000,1,284.277,269.382,98430.0,1.27129,1006.98,0.227537E-01,-0.485459E-03,0.276154E-02,343.315,461.479,0.217224E-02,74.3944,118.165,265.466,-0.194035,0.130281,-0.129861E-02,0.233718,-0.993778E-13,-0.113234E-13,0.233718,0.795487,32.3666,146.121,-0.318355,-9999,0.648682E-01,0.698178E-01,5.47273,0.367276,12.6821,-0.517298E-01,0,-9999,-9999,-9999,-9999,-9999,-9999,-9999,0.521080E-02,1.02660,-4.11219,1.04938,-0.241729,1.03930,1.33264,1.04222,-0.534641E-02,1.03930,800000099,800100099,800000099,800000099,800011099,800011099,811110199,811110199,81100,81100,80,81,0,0,2,0,0,26,0.940851E-01,0.446819E-01,0.868546E-03,0.118964,0.315717,3.41943,-0.321224E-02,0.133264E-02,-0.534641E-02,16.0000,0.303333,249.000,56.2500,-3.31058,98430.1,1.11485
CH-CHA_201201171400.csv,2012-01-17,20:00,17.833,0,36000,36000,0.236362E-02,1,0.390105E-03,-0.246058,1,0.481771,-1.94698,1,0.534069,-1.14137,2,0.532653,-0.430468E-01,1,0.118080E-01,-0.647180,-0.630206,0.508373,-0.139335E-01,0.110936E-09,0.780949E-12,20.3318,461.887,463.393,0.350000,1,143.129,3.25153,3.26214,0.350000,1,283.830,269.005,98449.0,1.27343,1006.85,0.227174E-01,-0.278943E-02,0.257919E-02,320.196,448.600,0.202539E-02,71.3767,128.404,264.570,0.286320,0.330406,0.943903E-02,0.437306,0.305986E-15,0.545626E-14,0.437306,0.823043,134.409,49.0888,1.23680,-9999,0.430826E-01,0.234568E-01,27.9934,0.718026E-01,0.126379,-0.445448E-02,0,-9999,-9999,-9999,-9999,-9999,-9999,-9999,0.232635E-02,1.01602,-0.348222,1.02869,-1.87140,1.03454,-1.06719,1.03729,-0.413758E-01,1.03454,800000099,800100099,800000099,800000099,800000099,800001199,811110199,811110199,80000,80000,80,81,0,3,14,0,6,14,0.204136E-01,0.257509E-01,0.749215E-03,0.358288E-01,0.957506E-01,33.5805,-0.271592E-03,-0.106719E-02,-0.413758E-01,16.0000,0.233333,249.000,56.2500,-3.62516,98448.5,1.10928
CH-CHA_201201172000.csv,2012-01-17,20:30,17.854,0,36000,36000,-0.123819E-03,2,0.390345E-03,-0.553051,1,0.849524,-0.446265,2,0.457627,-0.753971,1,0.524346,-0.986420E-02,2,0.101153E-01,-0.460296,-0.502848E-01,0.337129,-0.111149E-02,0.705025E-10,0.487443E-12,20.5929,467.580,469.097,0.350000,1,142.376,3.23276,3.24324,0.350000,1,283.448,268.737,98401.0,1.27409,1006.84,0.227059E-01,-0.639200E-03,0.256561E-02,318.192,439.640,0.201369E-02,72.3756,121.448,264.490,0.562962,0.330577,0.348697E-01,0.653777,0.142804E-12,0.342363E-14,0.653777,1.24378,152.572,30.4219,3.05737,-9999,0.985814E-02,0.947001E-01,0.149161,13.4754,1.23929,-0.437332E-01,0,-9999,-9999,-9999,-9999,-9999,-9999,-9999,-0.968080E-04,1.27902,-0.380361,1.52401,-0.294579,1.47495,-0.473074,1.51419,-0.651134E-02,1.47495,800000099,800100099,800000099,800000099,800000099,810000199,811110199,811110199,80000,80000,80,81,1,0,0,0,0,0,0.498245E-01,0.139015,0.560624E-03,0.168649,0.163161,44.6573,-0.296509E-03,-0.473074E-03,-0.651134E-02,16.0000,0.243333,249.000,56.2500,-4.03448,98430.8,1.10582
CH-CHA_201201172000.csv,2012-01-17,21:00,17.874,0,36000,36000,0.558587E-02,1,0.954073E-03,-0.227429,2,1.18617,-4.32102,1,0.961322,-3.61925,1,1.16827,-0.954674E-01,1,0.212391E-01,-0.843696,-0.784473,0.786573E-02,-0.173319E-01,-0.150029E-09,-0.943327E-12,20.6515,467.713,469.092,0.350000,1,129.849,2.94080,2.94947,0.350000,1,283.113,268.247,98473.0,1.27749,1006.67,0.226479E-01,-0.618629E-02,0.233987E-02,289.667,423.668,0.183162E-02,68.3711,134.001,263.294,-0.404854,0.128494,0.172767E-01,0.425107,0.160302E-13,-0.726480E-14,0.425107,1.28429,38.5184,162.391,2.32918,-9999,0.661252E-01,0.758623E-01,109.520,0.183528E-01,0.526332E-01,-0.267445E-02,0,-9999,-9999,-9999,-9999,-9999,-9999,-9999,0.550567E-02,1.01457,-0.465906,1.02371,-4.20452,1.02376,-3.47194,1.02564,-0.928933E-01,1.02376,800000099,800100099,800000099,800000099,800000099,811000099,811110199,811110199,81000,81000,80,81,0,1,5,0,0,4,0.783323E-01,0.724121E-01,0.980448E-03,0.200981,0.254697,70.3641,-0.362287E-03,-0.347194E-02,-0.928933E-01,15.9965,0.176667,249.000,56.2500,-4.20614,98476.0,1.09919
