file_info,,,,,,,corrected_fluxes_and_quality_flags,,,,,,,,,,,,,,,storage_fluxes,,,,vertical_advection_fluxes,,gas_densities_concentrations_and_timelags,,,,,,,,,,air_properties,,,,,,,,,,,,,,unrotated_wind,,,rotated_wind,,,,,,rotation_angles_for_tilt_correction,,,turbulence,,,,,,footprint,,,,,,,,uncorrected_fluxes,,,,,,,,,,statistical_flags,,,,,,,,,,,,spikes,,,,,,variances,,,,,,covariances,,,custom_variables
filename,date,time,DOY,daytime,file_records,used_records,Tau,qc_Tau,rand_err_Tau,H,qc_H,rand_err_H,LE,qc_LE,rand_err_LE,co2_flux,qc_co2_flux,rand_err_co2_flux,h2o_flux,qc_h2o_flux,rand_err_h2o_flux,H_strg,LE_strg,co2_strg,h2o_strg,co2_v-adv,h2o_v-adv,co2_molar_density,co2_mole_fraction,co2_mixing_ratio,co2_time_lag,co2_def_timelag,h2o_molar_density,h2o_mole_fraction,h2o_mixing_ratio,h2o_time_lag,h2o_def_timelag,sonic_temperature,air_temperature,air_pressure,air_density,air_heat_capacity,air_molar_volume,ET,water_vapor_density,e,es,specific_humidity,RH,VPD,Tdew,u_unrot,v_unrot,w_unrot,u_rot,v_rot,w_rot,wind_speed,max_wind_speed,wind_dir,yaw,pitch,roll,u*,TKE,L,(z-d)/L,bowen_ratio,T*,model,x_peak,x_offset,x_10%,x_30%,x_50%,x_70%,x_90%,un_Tau,Tau_scf,un_H,H_scf,un_LE,LE_scf,un_co2_flux,co2_scf,un_h2o_flux,h2o_scf,spikes_hf,amplitude_resolution_hf,drop_out_hf,absolute_limits_hf,skewness_kurtosis_hf,skewness_kurtosis_sf,discontinuities_hf,discontinuities_sf,timelag_hf,timelag_sf,attack_angle_hf,non_steady_wind_hf,u_spikes,v_spikes,w_spikes,ts_spikes,co2_spikes,h2o_spikes,u_var,v_var,w_var,ts_var,co2_var,h2o_var,w/ts_cov,w/co2_cov,w/h2o_cov,data_size_irga75_mean,status_code_irga75_mean,ga_diag_code_irga75_mean,agc_mean,fast_t_mean,air_p_mean,cooler_v_mean
,[yyyy-mm-dd],[HH:MM],[ddd.ddd],[1=daytime],[#],[#],[kg+1m-1s-2],[#],[kg+1m-1s-2],[W+1m-2],[#],[W+1m-2],[W+1m-2],[#],[W+1m-2],[µmol+1s-1m-2],[#],[µmol+1s-1m-2],[mmol+1s-1m-2],[#],[mmol+1s-1m-2],[W+1m-2],[W+1m-2],[µmol+1s-1m-2],[mmol+1s-1m-2],[µmol+1s-1m-2],[mmol+1s-1m-2],[mmol+1m-3],[µmol+1mol_a-1],[µmol+1mol_d-1],[s],[1=default],[mmol+1m-3],[mmol+1mol_a-1],[mmol+1mol_d-1],[s],[1=default],[K],[K],[Pa],[kg+1m-3],[J+1kg-1K-1],[m+3mol-1],[mm+1hour-1],[kg+1m-3],[Pa],[Pa],[kg+1kg-1],[%],[Pa],[K],[m+1s-1],[m+1s-1],[m+1s-1],[m+1s-1],[m+1s-1],[m+1s-1],[m+1s-1],[m+1s-1],[deg_from_north],[deg],[deg],[deg],[m+1s-1],[m+2s-2],[m],[#],[#],[K],[0=KJ/1=KM/2=HS],[m],[m],[m],[m],[m],[m],[m],[kg+1m-1s-2],[#],[W+1m-2],[#],[W+1m-2],[#],[µmol+1s-1m-2],[#],[mmol+1s-1m-2],[#],8u/v/w/ts/co2/h2o/ch4/none,8u/v/w/ts/co2/h2o/ch4/none,8u/v/w/ts/co2/h2o/ch4/none,8u/v/w/ts/co2/h2o/ch4/none,8u/v/w/ts/co2/h2o/ch4/none,8u/v/w/ts/co2/h2o/ch4/none,8u/v/w/ts/co2/h2o/ch4/none,8u/v/w/ts/co2/h2o/ch4/none,8co2/h2o/ch4/none,8co2/h2o/ch4/none,8aa,8U,[#],[#],[#],[#],[#],[#],[m+2s-2],[m+2s-2],[m+2s-2],[K+2],--,--,[m+1K+1s-1],--,--,--,--,--,--,--,--,--
CH-CHA_201811261457.csv,2018-11-26,15:30,330.646,1,36000,36000,-0.181754E-01,1,0.297682E-02,-19.1526,1,2.13881,152.388,1,31.7643,-1.37949,1,1.13648,3.39531,1,0.707729,-9999,-9999,-9999,-9999,0.493139E-09,0.966386E-11,17.9243,430.130,433.636,0.250000,1,351.256,8.42912,8.50078,0.250000,1,284.652,277.141,96018.0,1.20316,1009.79,0.239971E-01,0.220016,0.632964E-02,809.564,810.574,0.526085E-02,99.8755,1.00916,277.088,-0.685725,0.717842E-01,-0.537736E-02,0.689493,-0.270507E-13,0.275123E-13,0.689493,1.73000,14.1378,174.024,-0.446855,-9999,0.122908,0.742883E-01,8.21031,0.244814,-0.125683,-0.128261,0,-9999,-9999,-9999,-9999,-9999,-9999,-9999,-0.178997E-01,1.01540,-10.1853,1.03013,143.305,1.06068,-1.71630,1.06078,3.19293,1.06068,800000099,800010099,800000099,800000099,800000099,800010099,811110199,811110199,80100,80100,80,81,11,3,2,11,0,0,0.709668E-01,0.601741E-01,0.174356E-01,0.230782E-01,0.126488E-01,4317.44,-0.838338E-02,-0.171630E-02,3.19293,16.0000,0.00000,248.405,52.5328,6.32785,96038.7,1.24969
CH-CHA_201811261457.csv,2018-11-26,16:00,330.667,0,36000,36000,-0.392565E-02,0,0.127975E-02,-1.80408,1,1.82330,2.87453,1,1.88143,0.470779,0,0.458062,0.640498E-01,1,0.419217E-01,0.911082E-01,0.764139E-01,-0.447170E-01,0.170264E-02,-0.589073E-13,-0.116070E-14,17.8937,429.332,434.120,0.250000,1,352.576,8.45951,8.53168,0.250000,1,284.900,277.197,96052.0,1.20333,1009.81,0.239934E-01,0.415043E-02,0.635342E-02,812.771,813.771,0.527988E-02,99.8771,1.00012,277.144,-0.423458,0.526166E-01,0.103617E-01,0.426840,-0.114505E-13,-0.329207E-17,0.426840,1.37775,18.2605,172.917,1.39101,-9999,0.571168E-01,0.737220E-01,8.74982,0.229719,-0.627610,-0.259936E-01,0,-9999,-9999,-9999,-9999,-9999,-9999,-9999,-0.385172E-02,1.01919,-1.58014,1.03643,2.79721,1.04924,0.513771,1.04933,0.623271E-01,1.04924,800000099,800010099,800000099,800000099,800000099,800000099,811110199,811110199,81100,81100,80,80,2,0,1,8,12,1,0.513562E-01,0.856961E-01,0.103918E-01,0.568732E-01,0.607441E-02,52.8877,-0.130038E-02,0.513771E-03,0.623271E-01,16.0000,0.00000,248.000,50.0000,6.45518,96093.4,1.25275
CH-CHA_201811261457.csv,2018-11-26,16:30,330.687,0,36000,36000,-0.154316E-01,1,0.276106E-02,-6.16331,1,3.37109,3.78279,1,0.651601,2.00631,1,0.496331,0.842785E-01,1,0.145173E-01,-0.182360,-0.176767,0.119413,-0.393826E-02,0.484549E-10,0.942149E-12,17.9969,431.461,436.272,0.150000,0,349.929,8.38928,8.46026,0.150000,0,286.102,277.085,96090.0,1.20432,1009.77,0.239742E-01,0.546125E-02,0.630572E-02,806.342,807.388,0.523590E-02,99.8705,1.04557,277.031,-0.835150,-0.287657E-01,0.550664E-01,0.837457,-0.420593E-15,0.269240E-14,0.837457,2.14681,5.79432,181.973,3.77016,-9999,0.113197,0.936033E-01,19.9419,0.100793,-1.62930,-0.447729E-01,0,-9999,-9999,-9999,-9999,-9999,-9999,-9999,-0.152220E-01,1.01377,-5.79077,1.02719,3.80155,1.06229,2.16410,1.06239,0.846966E-01,1.06229,800000099,800010099,800000099,800000099,800000099,800011099,800110199,811110199,81100,81100,80,80,2,0,1,0,9,1,0.106494,0.648222E-01,0.158904E-01,0.141519,0.604017E-02,5.68298,-0.476179E-02,0.216410E-02,0.846966E-01,16.0000,0.00000,248.000,50.0000,6.25758,96102.1,1.25053
CH-CHA_201811261457.csv,2018-11-26,17:00,330.708,0,36000,36000,-0.913106E-02,0,0.199756E-02,-1.39892,0,1.53406,2.48266,0,0.413091,2.51906,0,0.473601,0.553066E-01,0,0.920247E-02,-0.180835,-0.164085,0.676685E-01,-0.365535E-02,0.566457E-10,0.108981E-11,18.0578,432.667,437.499,0.200000,0,347.416,8.32414,8.39401,0.100000,0,286.914,276.974,96108.0,1.20506,1009.73,0.239601E-01,0.358387E-02,0.626043E-02,800.231,801.105,0.519512E-02,99.8908,0.874807,276.923,-0.677617,0.194132,0.226571E-01,0.705241,-0.193277E-13,0.313691E-14,0.705241,1.98091,26.1752,164.013,1.84104,-9999,0.870474E-01,0.109675,39.9584,0.503023E-01,-0.563474,-0.132075E-01,0,-9999,-9999,-9999,-9999,-9999,-9999,-9999,-0.901818E-02,1.01252,-1.22631,1.02315,2.43119,1.03930,2.47275,1.03936,0.541600E-01,1.03930,800000099,800010099,800000099,800000099,800000099,800001099,811110199,811110199,81100,81100,80,81,2,10,1,4,36,17,0.105029,0.941729E-01,0.201475E-01,0.305886E-01,0.464140E-02,1.95846,-0.100782E-02,0.247275E-02,0.541600E-01,16.0000,0.00000,248.000,50.0000,6.04613,96123.1,1.24850
CH-CHA_201811261457.csv,2018-11-26,17:30,330.729,0,36000,36000,-0.377505E-02,0,0.125424E-02,0.544265,1,0.733650,1.22899,1,3.98821,1.56816,0,0.558619,0.273793E-01,1,0.888491E-01,0.635446E-01,0.530822E-01,0.184977,0.118256E-02,-0.346697E-11,-0.663648E-13,18.1975,435.963,440.726,0.250000,1,348.337,8.34521,8.41544,0.250000,1,287.505,277.013,96133.0,1.20519,1009.75,0.239573E-01,0.177418E-02,0.627703E-02,802.465,803.308,0.520831E-02,99.8951,0.842670,276.962,-0.211895,0.118429,0.451833E-02,0.242786,-0.150441E-13,-0.190519E-15,0.242786,1.07791,30.8361,150.799,1.06635,-9999,0.559671E-01,0.345343E-01,-27.3025,-0.736197E-01,0.442857,0.799114E-02,0,-9999,-9999,-9999,-9999,-9999,-9999,-9999,-0.366014E-02,1.03139,0.598346,1.03182,1.16553,1.02398,1.49106,1.02400,0.259656E-01,1.02398,800000099,800010099,800000099,800000099,800010099,800110099,811110199,811110199,81100,81100,80,81,8,6,0,23,17,0,0.411424E-01,0.212783E-01,0.664783E-02,0.121174E-01,0.997322E-02,175.531,0.491680E-03,0.149106E-02,0.259656E-01,16.0000,0.00000,248.000,50.0000,6.28408,96177.9,1.25149
CH-CHA_201811261457.csv,2018-11-26,18:00,330.750,0,36000,36000,-0.190962E-02,0,0.699386E-03,0.401302,2,3.09054,-12.1748,2,24.8060,3.45924,1,2.06019,-0.271247,2,0.552659,0.102665,0.876537E-01,0.725814,0.195286E-02,0.258263E-10,0.482126E-12,18.7401,448.895,450.916,0.400000,0,349.841,8.38000,8.45082,0.250000,1,287.354,277.076,96169.0,1.20536,1009.76,0.239538E-01,-0.175768E-01,0.630413E-02,806.113,806.877,0.523010E-02,99.9053,0.764112,277.027,-0.133316,-0.293730,0.469694E-02,0.322603,0.308354E-13,0.137813E-14,0.322603,1.19147,304.317,245.588,0.834229,-9999,0.398030E-01,0.442967E-01,-13.3232,-0.150864,-0.329616E-01,0.828360E-02,0,-9999,-9999,-9999,-9999,-9999,-9999,-9999,-0.187588E-02,1.01799,-0.309726,1.03075,-11.7526,1.02883,3.45883,1.02888,-0.261838,1.02883,800000099,800000099,800000099,800000199,800000099,800110099,811110199,811110199,81000,81000,80,81,7,5,5,15,10,0,0.246540E-01,0.587645E-01,0.517510E-02,0.451174,0.295960,18081.9,-0.254473E-03,0.345883E-02,-0.261838,16.0000,0.00000,251.658,72.8609,6.44402,96202.0,1.25109
CH-CHA_201811261457.csv,2018-11-26,18:30,330.771,0,36000,36000,-0.463183E-02,0,0.911868E-03,9.29378,1,7.15999,-9999,-9999,-9999,1.81828,2,3.35710,-9999,-9999,-9999,0.586789E-01,-201.131,0.223753,-4.48120,0.634539E-10,-9999,18.9107,452.881,452.881,0.250000,1,-9999,-9999,-9999,-9999,1,284.932,277.112,96203.0,1.20562,1009.78,0.239484E-01,-9999,0.632008E-02,808.257,808.922,0.524219E-02,99.9177,0.665743,277.065,0.296734,-0.613546,0.511611E-02,0.681554,0.383262E-13,0.335545E-14,0.681554,1.49910,251.471,295.810,0.430097,-9999,0.619829E-01,0.817318E-01,-2.17306,-0.924964,-9999,0.123164,0,-9999,-9999,-9999,-9999,-9999,-9999,-9999,-0.456041E-02,1.01566,9.09694,1.02164,-9999,-9999,1.26228,1.02776,-9999,-9999,800000099,800000199,800000099,800000199,800000199,800000199,811110199,811110199,81000,81000,80,81,1,8,2,4,17,2,0.608954E-01,0.938056E-01,0.876272E-02,1.36250,0.817249,-9999,0.747240E-02,0.126228E-02,-9999,16.0000,0.00000,255.000,93.7500,6.28224,96224.5,1.24735
CH-CHA_201811261457.csv,2018-11-26,19:00,330.792,0,36000,35993,-0.356680E-02,2,0.160523E-02,-8.62420,1,4.60994,59.8600,0,24.2962,-11.1603,1,5.68270,1.33357,0,0.541275,-0.143535,-0.136740,-0.363028,-0.304632E-02,0.113620E-09,0.212395E-11,18.6537,446.419,447.789,0.250000,1,348.702,8.34509,8.41532,0.250000,1,281.634,277.024,96239.0,1.20648,1009.75,0.239319E-01,0.864156E-01,0.628362E-02,803.339,803.930,0.520824E-02,99.9265,0.590888,276.978,-0.359661,-0.694368,0.186842E-01,0.782210,0.632844E-13,0.609102E-14,0.782210,2.55364,306.375,242.617,1.36872,-9999,0.543726E-01,0.188390,1.58117,1.27121,-0.144073,-0.130199,0,-9999,-9999,-9999,-9999,-9999,-9999,-9999,-0.343992E-02,1.03689,-5.15972,1.07495,49.4107,1.20946,-9.32290,1.20983,1.10078,1.20946,800000099,800010099,800000099,800000199,800000099,800101099,811110199,811110199,80100,80100,80,81,3,0,0,7,28,0,0.319405,0.476863E-01,0.968943E-02,0.633146,1.41579,13066.8,-0.423541E-02,-0.932290E-02,1.10078,16.0000,0.00000,254.680,91.7527,6.16884,96281.9,1.24727
CH-CHA_201811261900.csv,2018-11-26,19:30,330.812,0,36000,36000,-0.895644E-02,0,0.151653E-02,-2.53733,1,0.621314,20.2265,1,9.27705,-0.375132,2,1.06147,0.450481,1,0.206617,-0.487079,-0.457158,-1.48225,-0.101818E-01,0.269772E-10,0.524290E-12,17.5909,420.090,420.841,0.250000,1,341.871,8.16424,8.23144,0.450000,0,280.442,276.726,96340.0,1.20913,1009.64,0.238810E-01,0.291912E-01,0.616052E-02,786.754,787.225,0.509502E-02,99.9401,0.471548,276.682,-0.511856,-0.971903,0.247064E-01,1.09873,-0.859521E-13,0.153359E-14,1.09873,2.24664,303.803,242.226,1.28848,-9999,0.860661E-01,0.844494E-01,21.3297,0.942346E-01,-0.125446,-0.241495E-01,0,-9999,-9999,-9999,-9999,-9999,-9999,-9999,-0.885177E-02,1.01183,-1.38204,1.02371,18.9821,1.06293,-0.406653,1.06304,0.422767,1.06293,800000099,800010099,800000099,800000099,800000099,800010099,800110199,811110199,80100,80100,80,81,6,0,4,2,13,0,0.103388,0.528379E-01,0.126729E-01,0.121081E-01,0.943497E-01,1943.54,-0.113209E-02,-0.406653E-03,0.422767,16.0000,0.00000,255.000,93.7500,5.52403,96310.4,1.23971
CH-CHA_201811261900.csv,2018-11-26,20:00,330.833,0,36000,36000,-0.105986E-01,1,0.175238E-02,3.17663,1,0.446477,-5.68809,1,4.64936,5.50521,1,1.60187,-0.126694,1,0.103558,0.129109,0.104698,0.837476,0.233199E-02,0.587552E-10,0.110841E-11,18.2116,434.968,435.299,0.250000,1,343.561,8.20567,8.27356,0.250000,1,280.401,276.805,96355.0,1.20895,1009.67,0.238841E-01,-0.820977E-02,0.619097E-02,790.869,791.624,0.512095E-02,99.9047,0.754417,276.756,0.708362E-01,-0.547474,0.210951E-01,0.552441,-0.264838E-13,0.322625E-14,0.552441,1.57820,264.476,277.372,2.18839,-9999,0.936310E-01,0.733644E-01,-21.9388,-0.916186E-01,-0.558471,0.277946E-01,0,-9999,-9999,-9999,-9999,-9999,-9999,-9999,-0.104134E-01,1.01778,2.78559,1.02292,-5.64500,1.02505,5.25724,1.02508,-0.125734,1.02505,800000099,800000099,800000099,800000099,800010099,800010199,810110199,811110199,81000,81000,80,81,16,6,1,73,4,21,0.783093E-01,0.592455E-01,0.917389E-02,0.113608E-01,0.924233E-01,516.657,0.228208E-02,0.525724E-02,-0.125734,16.0000,0.00000,255.000,93.7500,5.54683,96327.2,1.23993
CH-CHA_201811261900.csv,2018-11-26,20:30,330.854,0,36000,36000,-0.229607E-02,1,0.479630E-03,-1.71622,2,0.173383,31.5882,1,23.8118,-1.16527,2,1.95675,0.703488,1,0.530304,-0.224050,-0.199693,0.222378,-0.444728E-02,0.248830E-10,0.460718E-12,18.3896,438.915,440.350,0.250000,1,340.491,8.12671,8.19330,0.250000,1,280.157,276.668,96374.0,1.20982,1009.62,0.238676E-01,0.455860E-01,0.613565E-02,783.414,784.010,0.507153E-02,99.9240,0.595848,276.622,0.353858,0.281715,0.205528E-01,0.452771,-0.684468E-13,0.135310E-14,0.452771,0.885438,150.736,38.5241,2.60174,-9999,0.435644E-01,0.298252E-01,4.09067,0.491362,-0.543311E-01,-0.322524E-01,0,-9999,-9999,-9999,-9999,-9999,-9999,-9999,-0.225054E-02,1.02023,0.101619,1.02447,30.6881,1.02349,-1.34898,1.02352,0.683444,1.02349,800000099,800010099,800000099,800001199,800001099,800011099,811110199,811110199,80100,80100,80,81,1,3,0,13,5,14,0.151869E-01,0.415291E-01,0.293441E-02,0.372196E-02,0.371477,21794.6,0.831942E-04,-0.134898E-02,0.683444,16.0000,0.00000,254.706,91.9135,5.58373,96376.7,1.24123
CH-CHA_201811261900.csv,2018-11-26,21:00,330.875,0,36000,36000,-0.989853E-03,1,0.593604E-03,0.780015E-01,2,0.129720,0.409895,2,2.43531,0.621807,2,0.615230,0.912751E-02,2,0.542292E-01,-0.212719,-0.187934,1.20589,-0.418488E-02,0.117713E-09,0.205921E-11,19.2969,460.311,461.427,0.250000,1,337.570,8.05246,8.11783,0.250000,1,280.179,276.538,96383.0,1.21054,1009.57,0.238542E-01,0.591463E-03,0.608302E-02,776.329,776.845,0.502505E-02,99.9335,0.516602,276.493,0.154878,0.307772,0.134467E-01,0.344806,-0.506712E-13,0.610009E-14,0.344806,0.874986,115.302,63.2874,2.23497,-9999,0.285954E-01,0.335102E-01,-25.4555,-0.789613E-01,0.190296,0.223197E-02,0,-9999,-9999,-9999,-9999,-9999,-9999,-9999,-0.966288E-03,1.02439,0.990067E-01,1.02717,0.394131,1.02274,0.599505,1.02276,0.877646E-02,1.02274,800000099,800110099,800000099,800000199,800000099,801011199,811110199,811110199,81100,81100,80,81,6,6,0,17,7,1,0.445894E-01,0.204318E-01,0.199891E-02,0.477021E-02,0.163556,2168.17,0.810113E-04,0.599505E-03,0.877646E-02,16.0000,0.00000,254.999,93.7440,5.51353,96399.9,1.23831
CH-CHA_201811261900.csv,2018-11-26,21:30,330.896,0,36000,36000,-0.358730E-03,2,0.193034E-03,0.121573,1,0.210571,-9999,-9999,-9999,1.03637,1,0.703296,-9999,-9999,-9999,0.114589E-01,-1.05436,0.455538E-01,-0.234785E-01,-0.634320E-10,-9999,19.3389,461.119,461.119,0.250000,1,-9999,-9999,-9999,-9999,1,279.914,276.545,96426.0,1.21105,1009.58,0.238441E-01,-9999,0.608565E-02,776.685,777.230,0.502511E-02,99.9299,0.544838,276.499,0.217175,0.340373,0.127487E-01,0.403957,0.964045E-13,-0.328002E-14,0.403957,1.12308,116.863,57.4601,1.80854,-9999,0.172109E-01,0.566560E-01,-3.56214,-0.564268,-9999,0.577737E-02,0,-9999,-9999,-9999,-9999,-9999,-9999,-9999,-0.351059E-03,1.02185,0.118548,1.02551,-9999,-9999,1.00626,1.02301,-9999,-9999,800000099,800110199,800000099,800000199,800000199,810000199,801110199,811110199,81000,81000,80,81,8,19,5,15,9,0,0.764440E-01,0.343557E-01,0.251213E-02,0.425210E-02,0.110081,-9999,0.969602E-04,0.100626E-02,-9999,16.0000,0.00000,255.000,93.7500,5.61932,96430.3,1.24006
CH-CHA_201811261900.csv,2018-11-26,22:00,330.917,0,36000,36000,-0.294304E-02,0,0.704290E-03,0.792568,0,0.218034,-9999,-9999,-9999,3.09429,1,2.38805,-9999,-9999,-9999,0.152302,-499.796,-0.566063E-03,-11.1304,0.611673E-10,-9999,19.3462,461.109,461.109,0.250000,1,-9999,-9999,-9999,-9999,1,279.803,276.638,96497.0,1.21151,1009.61,0.238346E-01,-9999,0.612419E-02,781.866,782.351,0.505501E-02,99.9380,0.485058,276.594,0.329372,0.276298,0.240917E-01,0.430589,-0.195467E-13,0.316172E-14,0.430589,0.937763,142.723,39.9920,3.20740,-9999,0.492872E-01,0.278853E-01,-12.8391,-0.156554,-9999,0.131469E-01,0,-9999,-9999,-9999,-9999,-9999,-9999,-9999,-0.288272E-02,1.02092,0.773302,1.02491,-9999,-9999,2.97966,1.02326,-9999,-9999,800000099,800010199,800000099,800000199,800000199,800000199,811110099,811110199,81000,81000,80,80,0,19,0,50,10,0,0.279398E-01,0.234295E-01,0.440115E-02,0.387072E-02,0.483284,-9999,0.632222E-03,0.297966E-02,-9999,16.0000,0.00000,255.000,93.7500,5.60326,96496.8,1.24053
CH-CHA_201811261900.csv,2018-11-26,22:30,330.937,0,36000,36000,-0.315263E-02,1,0.430854E-03,-0.428552E-01,2,1.04591,-8.00032,2,27.6521,6.66601,1,6.77756,-0.178173,2,0.615832,0.540561E-01,0.420883E-01,-2.13610,0.937335E-03,-0.942681E-11,-0.180784E-12,17.7621,423.249,424.931,0.400000,0,340.635,8.11693,8.18336,0.250000,1,279.406,276.671,96532.0,1.21180,1009.61,0.238288E-01,-0.115456E-01,0.613825E-02,783.754,784.176,0.506541E-02,99.9462,0.421887,276.628,0.563940,0.217551,0.181811E-01,0.604721,0.673736E-13,-0.530726E-15,0.604721,1.12379,166.188,21.0951,1.72287,-9999,0.510060E-01,0.336791E-01,263.234,0.763580E-02,0.535668E-02,-0.686746E-03,0,-9999,-9999,-9999,-9999,-9999,-9999,-9999,-0.310819E-02,1.01430,-0.481846,1.02676,-7.60114,1.04372,6.46077,1.04379,-0.169283,1.04372,800000099,800010099,800000099,800000199,800000099,800001199,811110199,811110199,81000,81000,80,81,1,1,0,4,4,0,0.202886E-01,0.431867E-01,0.388282E-02,0.518928E-01,3.65464,29880.2,-0.393842E-03,0.646077E-02,-0.169283,16.0000,0.00000,254.932,93.3247,5.57033,96507.8,1.24079
CH-CHA_201811261900.csv,2018-11-26,23:00,330.958,0,36000,36000,-0.183632E-02,0,0.383778E-03,-0.909373,2,0.656643,-9999,-9999,-9999,-6.73624,2,12.8092,-9999,-9999,-9999,-0.737542E-01,313.188,1.70781,6.97462,-0.995466E-10,-9999,19.0424,453.501,453.501,0.250000,1,-9999,-9999,-9999,-9999,1,279.191,276.626,96571.0,1.21250,1009.60,0.238153E-01,-9999,0.611910E-02,781.182,781.689,0.504669E-02,99.9352,0.506534,276.581,0.445578,0.477674,0.171475E-01,0.653457,-0.271059E-13,-0.522763E-14,0.653457,1.17329,139.932,46.9910,1.50368,-9999,0.389165E-01,0.242485E-01,5.51141,0.364698,-9999,-0.190888E-01,0,-9999,-9999,-9999,-9999,-9999,-9999,-9999,-0.179487E-02,1.02310,-0.868849,1.04664,-9999,-9999,-6.04958,1.10505,-9999,-9999,800000099,800010099,800000099,800000199,800000099,800000099,811110199,811110199,80100,80100,80,80,1,6,0,2,5,0,0.181789E-01,0.233616E-01,0.695679E-02,0.143818E-01,8.31671,-9999,-0.709765E-03,-0.604958E-02,-9999,16.0000,0.00000,254.653,91.5811,5.47196,96567.3,1.23974
CH-CHA_201811261900.csv,2018-11-26,23:30,330.979,0,36000,36000,-0.135520E-01,0,0.184613E-02,-0.876397,1,0.458124,-9999,-9999,-9999,14.0049,1,7.14117,-9999,-9999,-9999,-0.163933E-02,20.7258,0.717087,0.461558,0.350625E-11,-9999,19.5798,466.201,466.201,0.250000,1,-9999,-9999,-9999,-9999,1,279.504,276.625,96591.0,1.21275,1009.60,0.238103E-01,-9999,0.611889E-02,781.153,781.634,0.504545E-02,99.9385,0.480705,276.581,0.858232,0.541074,0.360051E-01,1.01519,0.551295E-13,0.179075E-15,1.01519,2.14800,152.421,32.2295,2.03249,-9999,0.105710,0.109478,114.635,0.175340E-01,-9999,-0.677118E-02,0,-9999,-9999,-9999,-9999,-9999,-9999,-9999,-0.134080E-01,1.01074,-0.858617,1.02071,-9999,-9999,13.4538,1.04473,-9999,-9999,800000099,800010099,800000099,800000199,800000199,800000199,800110199,801110199,81000,81000,80,81,0,12,2,18,1,2,0.823145E-01,0.121287,0.153539E-01,0.442876E-02,1.63953,-9999,-0.701259E-03,0.134538E-01,-9999,16.0000,0.00000,252.875,80.4712,5.32080,96598.3,1.23957
CH-CHA_201811261900.csv,2018-11-27,00:00,331.000,0,36000,36000,-0.974553E-02,0,0.141216E-02,-0.597732,2,1.49139,-2.57740,0,23.7675,2.66442,0,1.81322,-0.574055E-01,0,0.529365,0.227810,0.196539,-0.404064,0.437744E-02,0.105919E-09,0.188344E-11,19.2741,459.043,460.949,0.150000,0,342.728,8.16260,8.22978,0.250000,1,279.989,276.764,96614.0,1.21240,1009.64,0.238166E-01,-0.371988E-02,0.617595E-02,788.833,789.338,0.509399E-02,99.9360,0.505176,276.719,0.970133,0.416236,0.401211E-01,1.05642,0.323666E-13,0.549543E-14,1.05642,1.89286,163.579,23.2218,2.17653,-9999,0.896561E-01,0.652901E-01,102.561,0.195981E-01,0.231913,-0.544644E-02,0,-9999,-9999,-9999,-9999,-9999,-9999,-9999,-0.964050E-02,1.01090,-0.726641,1.02130,-2.41067,1.04917,2.59687,1.04926,-0.536920E-01,1.04917,800000099,800010099,800000099,800000099,800000099,800001099,801010199,801110199,81100,81100,80,80,1,3,0,11,0,0,0.669433E-01,0.490016E-01,0.146354E-01,0.479571E-01,0.122662,17467.3,-0.593618E-03,0.259687E-02,-0.536920E-01,16.0000,0.00000,249.738,60.8613,5.31647,96600.2,1.24166
CH-CHA_201811261900.csv,2018-11-27,00:30,331.021,0,36000,36000,-0.821931E-02,0,0.159366E-02,-0.683488,2,0.230693,6.76716,2,4.79449,1.23134,0,0.263024,0.150723,2,0.106787,0.655620E-02,0.699494E-02,-1.25906,0.155797E-03,0.131369E-10,0.245609E-12,18.3391,436.741,441.298,0.250000,1,342.870,8.16536,8.23258,0.250000,1,280.482,276.768,96623.0,1.21249,1009.65,0.238147E-01,0.976687E-02,0.617852E-02,789.173,789.561,0.509572E-02,99.9509,0.387674,276.725,0.386806,0.580831,0.291928E-01,0.698453,-0.283840E-12,0.716334E-15,0.698453,1.98499,124.177,56.3382,2.39545,-9999,0.823338E-01,0.112746,69.4676,0.289344E-01,-0.101001,-0.678116E-02,0,-9999,-9999,-9999,-9999,-9999,-9999,-9999,-0.812463E-02,1.01165,-0.291116,1.02053,6.54483,1.03027,1.16711,1.03032,0.145771,1.03027,800000099,800010099,800000099,800000099,800000099,800000199,811110199,811110199,81000,81000,80,81,0,4,1,28,15,0,0.103124,0.111590,0.107782E-01,0.860152E-02,0.469018E-02,422.755,-0.237804E-03,0.116711E-02,0.145771,16.0000,0.00000,248.000,50.0000,5.32508,96606.4,1.24252
CH-CHA_201811261900.csv,2018-11-27,01:00,331.042,0,36000,35989,0.480649E-02,1,0.677186E-03,3.88922,2,0.830128,-29.9392,2,11.8535,4.57364,1,1.10312,-0.666827,2,0.264010,0.163962E-02,-0.959200E-02,0.318820,-0.213640E-03,-0.147518E-09,-0.272157E-11,18.5826,442.386,446.782,0.250000,1,342.831,8.16158,8.22874,0.250000,1,280.786,276.769,96657.0,1.21292,1009.64,0.238064E-01,-0.432104E-01,0.617781E-02,789.085,789.617,0.509335E-02,99.9327,0.531412,276.724,-0.248828,0.307915,0.148994E-01,0.396168,0.113146E-12,-0.793851E-14,0.396168,1.26499,61.9607,128.942,2.15534,-9999,0.629504E-01,0.826357E-01,-5.45781,-0.368279,-0.129904,0.504506E-01,0,-9999,-9999,-9999,-9999,-9999,-9999,-9999,0.470236E-02,1.02214,2.10269,1.02570,-29.2017,1.02293,4.55099,1.02295,-0.650404,1.02293,800000099,800010099,800000099,800000099,800100099,800100199,811110199,811110199,81000,81000,80,81,13,8,2,10,0,0,0.225913E-01,0.136990,0.568973E-02,0.174420E-01,0.568923E-01,2742.44,0.171703E-02,0.455099E-02,-0.650404,16.0000,0.00000,248.247,51.5463,5.67260,96632.2,1.24515
CH-CHA_201811270100.csv,2018-11-27,01:30,331.062,0,36000,36000,-0.585678E-02,1,0.719782E-03,0.777396,1,0.661902,38.3121,1,11.9707,4.82309,1,1.06857,0.853312,1,0.266619,-0.820069E-02,-0.168587E-01,0.726365,-0.375489E-03,-0.141060E-09,-0.252685E-11,19.1288,455.244,456.440,0.250000,1,342.661,8.15493,8.22198,0.150000,0,280.503,276.764,96686.0,1.21331,1009.63,0.237989E-01,0.552946E-01,0.617474E-02,788.679,789.338,0.508919E-02,99.9165,0.659097,276.717,-0.154432,0.349762,0.338611E-03,0.382339,-0.416068E-13,-0.737421E-14,0.382339,1.48604,74.6934,113.823,0.507429E-01,-9999,0.694775E-01,0.946248E-01,-36.7172,-0.547428E-01,0.202912E-01,0.913403E-02,0,-9999,-9999,-9999,-9999,-9999,-9999,-9999,-0.572683E-02,1.02269,2.91683,1.02606,37.1163,1.02285,4.29253,1.02287,0.826679,1.02285,800000099,800010099,800000099,800000099,800000099,800000099,811110199,811110199,81100,81100,80,81,0,13,0,0,8,0,0.293094E-01,0.156896,0.304442E-02,0.199180E-01,0.979740E-01,5559.03,0.238109E-02,0.429253E-02,0.826679,16.0000,0.00000,253.706,85.6651,5.71461,96679.5,1.24357
CH-CHA_201811270100.csv,2018-11-27,02:00,331.083,0,36000,36000,-0.143755E-02,1,0.125183E-03,0.796065,1,0.188043,-2.59212,2,8.33845,-2.22699,1,1.26899,-0.577321E-01,2,0.185715,-0.426594E-01,-0.398343E-01,0.208238,-0.887194E-03,0.283831E-10,0.503385E-12,19.2908,458.929,460.452,0.250000,1,342.129,8.13923,8.20602,0.250000,1,280.267,276.738,96713.0,1.21377,1009.62,0.237900E-01,-0.374104E-02,0.616516E-02,787.381,787.892,0.507936E-02,99.9351,0.511342,276.693,0.145867,0.209096,-0.161611E-02,0.254953,0.440076E-13,0.147133E-14,0.254953,0.582237,131.519,55.1001,-0.363193,-9999,0.344148E-01,0.143667E-01,-4.35862,-0.461155,-0.307109,0.188759E-01,0,-9999,-9999,-9999,-9999,-9999,-9999,-9999,-0.139529E-02,1.03029,0.626181,1.03108,-2.54681,1.02367,-2.19382,1.02368,-0.567229E-01,1.02367,800000099,800110099,800000099,800000199,800001099,800011099,811110199,811110199,80000,80000,80,81,12,0,0,22,18,7,0.813804E-02,0.196577E-01,0.937548E-03,0.577477E-02,0.352195,7799.68,0.510979E-03,-0.219382E-02,-0.567229E-01,16.0000,0.00000,252.606,78.7894,5.74296,96698.5,1.24385
CH-CHA_201811270100.csv,2018-11-27,02:30,331.104,0,36000,36000,-0.583170E-03,1,0.425422E-04,0.354744,1,0.254896,-3.77583,2,7.48517,0.803013,1,0.829379,-0.840919E-01,2,0.166704,-0.722196E-01,-0.684079E-01,-1.32585,-0.152353E-02,0.163915E-10,0.305349E-12,18.3119,435.476,437.539,0.250000,1,341.124,8.11228,8.17863,0.250000,1,280.034,276.694,96734.0,1.21423,1009.62,0.237810E-01,-0.544916E-02,0.614706E-02,784.944,785.450,0.506249E-02,99.9356,0.505830,276.649,-0.361310,0.145746,0.108767E-01,0.389750,0.216806E-13,0.895126E-15,0.389750,0.786257,33.0747,158.032,1.59915,-9999,0.219152E-01,0.302523E-01,-2.52611,-0.795689,-0.939514E-01,0.132042E-01,0,-9999,-9999,-9999,-9999,-9999,-9999,-9999,-0.570397E-03,1.02239,0.133362,1.02587,-3.67704,1.02289,0.802111,1.02291,-0.818921E-01,1.02289,800000099,800110099,800000099,800000199,800000099,800000099,811110199,811110199,81000,81000,80,80,0,0,1,0,18,2,0.171752E-01,0.424290E-01,0.900630E-03,0.172657E-01,0.986883,11316.9,0.108787E-03,0.802111E-03,-0.818921E-01,16.0000,0.00000,252.210,76.3125,5.83040,96700.4,1.24331
CH-CHA_201811270100.csv,2018-11-27,03:00,331.125,0,36000,36000,-0.401385E-03,2,0.184225E-03,-0.117343,1,0.331365,8.74585,1,14.4126,-0.366352,2,1.25513,0.194786,1,0.320995,0.525272E-01,0.425643E-01,1.10386,0.947986E-03,-0.547365E-10,-0.977922E-12,19.1343,455.001,458.122,0.250000,1,341.853,8.12905,8.19567,0.250000,1,279.900,276.726,96752.0,1.21431,1009.63,0.237794E-01,0.126222E-01,0.616020E-02,786.713,787.225,0.507299E-02,99.9349,0.512484,276.681,-0.453766,-0.276478E-01,0.174508E-01,0.454943,-0.119473E-13,-0.286065E-14,0.454943,1.29248,8.70021,183.487,2.19831,-9999,0.181809E-01,0.493161E-01,4.36093,0.460911,-0.134169E-01,-0.526441E-02,0,-9999,-9999,-9999,-9999,-9999,-9999,-9999,-0.393450E-03,1.02017,0.376968,1.02443,8.48059,1.02352,-0.438065,1.02355,0.188878,1.02352,800000099,800110099,800000099,800000199,800001099,800001099,811110199,811110199,80100,80100,80,80,0,0,0,0,15,13,0.666962E-01,0.293201E-01,0.261621E-02,0.978924E-02,0.367594,13625.0,0.307478E-03,-0.438065E-03,0.188878,16.0000,0.00000,251.073,69.2047,5.78448,96719.0,1.24334
CH-CHA_201811270100.csv,2018-11-27,03:30,331.146,0,36000,36000,-0.114341E-01,1,0.136674E-02,-2.06051,1,0.330720,25.3282,1,15.6884,1.25217,2,3.47540,0.564128,1,0.349424,0.689204E-01,0.652668E-01,-1.78046,0.145367E-02,0.157225E-09,0.302748E-11,17.8039,423.499,427.037,0.250000,1,342.826,8.15477,8.22182,0.250000,1,280.130,276.768,96736.0,1.21392,1009.64,0.237869E-01,0.365555E-01,0.617773E-02,789.071,789.561,0.508909E-02,99.9380,0.489528,276.724,-0.317065,0.295157,0.249601E-01,0.433902,-0.332047E-13,0.883094E-14,0.433902,1.17682,49.0898,137.049,3.29775,-9999,0.970529E-01,0.126626,37.7739,0.532113E-01,-0.813523E-01,-0.173225E-01,0,-9999,-9999,-9999,-9999,-9999,-9999,-9999,-0.112756E-01,1.01406,-0.588138,1.02186,24.6975,1.02096,1.09831,1.02099,0.550082,1.02096,800000099,800110099,800000099,800001199,800001099,810001099,811110199,811110199,80100,80100,80,81,0,0,1,0,33,14,0.976675E-01,0.152722,0.286291E-02,0.100771E-01,1.03022,12570.2,-0.479871E-03,0.109831E-02,0.550082,16.0000,0.00000,250.737,67.1038,5.68388,96736.2,1.24299
CH-CHA_201811270100.csv,2018-11-27,04:00,331.167,0,36000,36000,0.293237E-02,1,0.127496E-02,-0.781268,1,0.372802,4.98716,2,9.37032,-6.50283,1,2.12669,0.111068,2,0.208685,-0.146079,-0.128012,0.970143,-0.285093E-02,0.953411E-10,0.175346E-11,18.5297,440.660,443.957,0.250000,1,340.788,8.10434,8.17056,0.250000,1,280.319,276.679,96728.0,1.21423,1009.61,0.237812E-01,0.719724E-02,0.614099E-02,784.127,784.619,0.505752E-02,99.9373,0.491956,276.634,0.339095,0.233874,0.140000E-01,0.412164,-0.781842E-13,0.514531E-14,0.412164,1.15252,153.048,34.5940,1.94655,-9999,0.491427E-01,0.640497E-01,12.9326,0.155421,-0.156656,-0.129684E-01,0,-9999,-9999,-9999,-9999,-9999,-9999,-9999,0.288581E-02,1.01613,-0.481439,1.02839,4.82524,1.03248,-6.30399,1.03254,0.107462,1.03248,800000099,800110099,800000099,800000199,800000099,810000099,811110199,811110199,80100,80100,80,80,3,6,1,3,10,5,0.743817E-01,0.507970E-01,0.292061E-02,0.889432E-02,0.336074,4079.43,-0.392724E-03,-0.630399E-02,0.107462,16.0000,0.00000,250.002,62.5094,5.52279,96773.0,1.24151
CH-CHA_201811270100.csv,2018-11-27,04:30,331.187,0,36000,36000,0.694123E-02,1,0.156668E-02,-1.01841,2,0.432180E-01,16.9237,1,12.4834,0.588963,2,1.26727,0.376900,1,0.278012,-0.246226E-01,-0.242935E-01,0.591181,-0.541029E-03,-0.700915E-10,-0.125772E-11,18.9714,451.116,453.953,0.250000,1,340.421,8.09477,8.16083,0.250000,1,280.220,276.664,96733.0,1.21436,1009.60,0.237787E-01,0.244231E-01,0.613439E-02,783.242,783.789,0.505153E-02,99.9302,0.547084,276.618,0.439717,0.280711,0.926472E-02,0.521762,0.316548E-14,-0.369459E-14,0.521762,1.34800,151.204,32.5537,1.01743,-9999,0.756039E-01,0.703107E-01,36.1271,0.556369E-01,-0.601764E-01,-0.109870E-01,0,-9999,-9999,-9999,-9999,-9999,-9999,-9999,0.685359E-02,1.01279,-0.442047E-01,1.02031,16.4765,1.02161,0.465784,1.02165,0.366940,1.02161,800000099,800110099,800000099,800001199,800001099,800001099,811110199,811110199,81100,81100,80,81,16,0,0,4,27,9,0.109539,0.287703E-01,0.231196E-02,0.413412E-02,1.16847,7216.79,-0.360553E-04,0.465784E-03,0.366940,16.0000,0.00000,251.661,72.8840,5.55160,96799.0,1.24178
CH-CHA_201811270100.csv,2018-11-27,05:00,331.208,0,36000,36000,-0.180230E-01,1,0.263151E-02,1.70737,1,0.626836,-60.4264,1,17.8010,-0.958608,2,2.13124,-1.34576,1,0.396446,0.328309E-01,0.284117E-01,-0.620751,0.632757E-03,0.116413E-09,0.214396E-11,18.5101,440.137,443.307,0.250000,1,340.899,8.10596,8.17221,0.400000,0,280.180,276.684,96742.0,1.21438,1009.61,0.237782E-01,-0.872049E-01,0.614300E-02,784.397,784.896,0.505854E-02,99.9365,0.498409,276.639,0.740463E-01,0.276376,0.275144E-01,0.287443,-0.511656E-13,0.628914E-14,0.287443,1.46677,102.662,75.0016,5.49284,-9999,0.121824,0.152396,-90.1630,-0.222930E-01,-0.282554E-01,0.114311E-01,0,-9999,-9999,-9999,-9999,-9999,-9999,-9999,-0.177173E-01,1.01725,-1.75398,1.02404,-59.0145,1.01693,-0.451688,1.01695,-1.31431,1.01693,800000099,800010099,800000099,800000199,800001099,801001099,811110199,811110199,80100,80100,80,81,0,3,0,0,21,8,0.133586,0.166753,0.445371E-02,0.122884E-01,0.734351,6152.55,-0.143059E-02,-0.451688E-03,-1.31431,16.0000,0.00000,251.092,69.3267,5.54453,96804.6,1.24157
CH-CHA_201811270100.csv,2018-11-27,05:30,331.229,0,36000,36000,-0.843451E-02,1,0.131840E-02,4.49308,2,0.566814,-81.5191,1,24.2221,24.2679,1,6.49345,-1.81539,1,0.539411,-0.119896,-0.113026,-0.732233,-0.251702E-02,0.202237E-09,0.381636E-11,17.9753,427.193,430.439,0.250000,1,339.208,8.06147,8.12698,0.250000,1,280.002,276.611,96768.0,1.21505,1009.58,0.237655E-01,-0.117637,0.611253E-02,780.302,780.861,0.503069E-02,99.9283,0.559878,276.565,0.513443E-01,0.317015,0.225137E-01,0.321934,0.302904E-12,0.112508E-13,0.321934,1.07336,96.2295,80.8002,4.01013,-9999,0.833169E-01,0.126379,-10.9619,-0.183362,-0.551168E-01,0.439619E-01,0,-9999,-9999,-9999,-9999,-9999,-9999,-9999,-0.829981E-02,1.01623,-0.220213,1.02249,-79.7505,1.01646,24.4032,1.01649,-1.77600,1.01646,800000099,800110099,800000099,800000199,800000099,800000199,811110199,811110199,81000,81000,80,81,0,0,2,1,8,7,0.738171E-01,0.176324,0.261856E-02,0.139455E-01,2.31734,16456.3,-0.179518E-03,0.244032E-01,-1.77600,16.0000,0.00000,253.104,81.9021,5.52237,96823.4,1.24017
CH-CHA_201811270100.csv,2018-11-27,06:00,331.250,0,36000,36000,-0.869597E-03,0,0.234637E-03,0.895932,1,0.510611,-7.19193,1,15.0434,2.30783,1,3.01152,-0.160138,1,0.334962,-0.239937,-0.208965,0.586281E-01,-0.465289E-02,0.212593E-10,0.396128E-12,18.0301,428.229,431.193,0.250000,1,335.958,7.97927,8.04345,0.400000,0,280.030,276.465,96777.0,1.21584,1009.54,0.237508E-01,-0.103769E-01,0.605397E-02,772.417,772.848,0.497924E-02,99.9443,0.430476,276.421,0.166714,0.537197,0.899972E-02,0.562543,0.171435E-13,0.117910E-14,0.562543,0.956504,114.338,72.7587,0.916673,-9999,0.267436E-01,0.168988E-01,-1.81821,-1.10548,-0.124575,0.272932E-01,0,-9999,-9999,-9999,-9999,-9999,-9999,-9999,-0.854572E-03,1.01758,0.472347,1.02279,-6.99774,1.02524,2.27141,1.02527,-0.155814,1.02524,800000099,800110099,800000099,800001199,800001099,800001199,811110199,811110199,81000,81000,80,80,2,0,0,0,16,6,0.136070E-01,0.178281E-01,0.236231E-02,0.217141E-01,1.42451,15412.0,0.384824E-03,0.227141E-02,-0.155814,16.0000,0.00000,251.149,69.6823,5.34902,96853.8,1.23749
CH-CHA_201811270100.csv,2018-11-27,06:30,331.271,0,36000,36000,-0.394198E-02,1,0.587326E-03,0.311620,1,0.611885,-43.7969,1,9.70594,9.56557,1,3.42105,-0.975117,1,0.216098,-0.138125,-0.126423,-0.952421,-0.281476E-02,0.196920E-10,0.379542E-12,17.3322,411.413,414.742,0.250000,1,334.060,7.92958,7.99296,0.250000,1,280.152,276.381,96804.0,1.21657,1009.51,0.237369E-01,-0.631876E-01,0.601977E-02,767.821,768.270,0.494813E-02,99.9415,0.449438,276.337,-0.157471,0.536180,0.164274E-01,0.559067,0.334660E-13,0.113615E-14,0.559067,0.960937,82.7299,106.367,1.68379,-9999,0.569230E-01,0.472482E-01,-50.4168,-0.398677E-01,-0.711512E-02,0.445749E-02,0,-9999,-9999,-9999,-9999,-9999,-9999,-9999,-0.386314E-02,1.02041,-2.04575,1.04044,-40.4380,1.07481,9.25716,1.07494,-0.900335,1.07481,800000099,800110099,800000099,800000199,800000099,810100099,811110199,811110199,81000,81000,80,81,9,8,3,33,7,28,0.358269E-01,0.563440E-01,0.232560E-02,0.356870E-01,1.72620,5942.27,-0.166573E-02,0.925716E-02,-0.900335,16.0000,0.00000,250.794,67.4618,5.38835,96890.4,1.23657
CH-CHA_201811270100.csv,2018-11-27,07:00,331.292,0,36000,35989,0.125565E-02,1,0.578836E-03,3.17195,1,0.368345,-40.1822,2,11.5089,19.0290,1,5.18247,-0.894612,2,0.256233,-0.477085E-01,-0.492801E-01,0.495706,-0.109717E-02,-0.677820E-10,-0.127610E-11,17.7092,420.161,422.973,0.250000,1,333.404,7.91021,7.97328,0.200000,0,280.104,276.352,96840.0,1.21716,1009.50,0.237256E-01,-0.579709E-01,0.600793E-02,766.231,766.695,0.493601E-02,99.9394,0.464617,276.308,-0.488828,0.347040,0.117258E-02,0.599492,0.154649E-13,-0.382750E-14,0.599492,0.946626,43.1493,144.627,0.112068,-9999,0.321190E-01,0.178664E-01,-0.890041,-2.25832,-0.789392E-01,0.803733E-01,0,-9999,-9999,-9999,-9999,-9999,-9999,-9999,0.123478E-02,1.01690,0.848724,1.02238,-38.9919,1.02596,18.7521,1.02599,-0.868114,1.02596,800000099,800110099,800000099,800000199,800000099,800001099,811110199,811110199,81000,81000,80,80,7,2,1,7,15,6,0.171521E-01,0.168423E-01,0.173866E-02,0.106971E-01,2.85127,6822.71,0.690738E-03,0.187521E-01,-0.868114,16.0000,0.00000,251.190,69.9379,5.39467,96904.6,1.23660
CH-CHA_201811270700.csv,2018-11-27,07:30,331.312,0,36000,36000,-0.218862E-02,0,0.325315E-03,-0.773799,0,0.191228,9.10600,0,4.33104,1.56810,1,0.661649,0.202721,0,0.964194E-01,-0.118502,-0.106372,1.68811,-0.236809E-02,-0.148086E-10,-0.258971E-12,18.9729,449.938,451.610,0.250000,1,331.795,7.86844,7.93085,0.250000,1,280.345,276.280,96859.0,1.21774,1009.47,0.237148E-01,0.131363E-01,0.597894E-02,762.334,762.798,0.490987E-02,99.9392,0.463781,276.236,-0.366075,0.362379,0.878653E-02,0.515176,0.579992E-13,-0.780514E-15,0.515176,1.07396,50.1807,135.291,0.977249,-9999,0.423943E-01,0.472813E-01,8.39081,0.239548,-0.849768E-01,-0.148482E-01,0,-9999,-9999,-9999,-9999,-9999,-9999,-9999,-0.215711E-02,1.01461,-0.247749,1.02633,8.75329,1.03599,1.46721,1.03605,0.194869,1.03599,800000099,800010099,800000099,800000199,800000099,800000099,811110199,811110199,81100,81100,80,81,13,0,2,9,9,8,0.190644E-01,0.711561E-01,0.434214E-02,0.822469E-02,0.368287E-01,629.593,-0.201541E-03,0.146721E-02,0.194869,16.0000,0.00000,250.072,62.9481,5.32967,96930.3,1.23507
CH-CHA_201811270700.csv,2018-11-27,08:00,331.333,0,36000,36000,-0.218240E-02,1,0.284353E-03,-0.747287,1,0.301804,-14.4521,1,4.64903,2.99587,1,0.757799,-0.321711,1,0.103490,-0.148214,-0.134216,0.971287E-01,-0.298771E-02,0.115136E-10,0.199242E-12,19.0564,451.650,452.840,0.250000,1,329.770,7.81577,7.87734,0.250000,1,280.091,276.190,96885.0,1.21849,1009.44,0.237007E-01,-0.208469E-01,0.594245E-02,757.434,757.951,0.487691E-02,99.9319,0.516164,276.145,-0.347043,0.290806,0.631472E-02,0.452822,0.648585E-14,0.604186E-15,0.452822,1.67792,47.2066,140.039,0.799031,-9999,0.423211E-01,0.118460E-01,8.64509,0.232502,0.517079E-01,-0.143559E-01,0,-9999,-9999,-9999,-9999,-9999,-9999,-9999,-0.212384E-02,1.02757,-1.47277,1.05500,-13.1528,1.08772,2.92602,1.08787,-0.292788,1.08772,800000099,800110099,800000099,800000199,801100099,801100099,811110199,811110199,81000,81000,80,80,41,6,4,10,3,3,0.650949E-02,0.148557E-01,0.232682E-02,0.508382E-02,0.512592E-01,794.022,-0.119739E-02,0.292602E-02,-0.292788,16.0000,0.00000,250.623,66.3931,5.31237,96990.1,1.23425
CH-CHA_201811270700.csv,2018-11-27,08:30,331.354,0,36000,36000,-0.662852E-02,1,0.120250E-02,-1.26063,1,1.23820,82.3409,1,33.1429,-3.90953,2,2.64530,1.83289,1,0.737754,-0.576661E-01,-0.542300E-01,-1.11118,-0.120715E-02,-0.522111E-10,-0.941882E-12,18.2390,432.071,436.762,0.250000,1,329.029,7.79450,7.85573,0.250000,1,280.525,276.155,96919.0,1.21908,1009.43,0.236894E-01,0.118771,0.592911E-02,755.638,756.073,0.486360E-02,99.9425,0.434742,276.111,-0.404455,0.219515,-0.604292E-01,0.464136,-0.162171E-12,-0.286261E-14,0.464136,0.929624,32.9123,151.509,-7.48098,-9999,0.737382E-01,0.422994E-01,27.1133,0.741334E-01,-0.153099E-01,-0.138928E-01,0,-9999,-9999,-9999,-9999,-9999,-9999,-9999,-0.649918E-02,1.01990,3.40418,1.02426,79.8659,1.02364,-4.52683,1.02366,1.77780,1.02364,800000099,800010099,800000099,800000099,800001099,810001199,811110199,811110199,80100,80100,80,81,12,2,0,0,7,2,0.470782E-01,0.328099E-01,0.471093E-02,0.410545E-01,0.283998,22291.1,0.276634E-02,-0.452683E-02,1.77780,16.0000,0.00000,250.558,65.9884,5.32522,97012.3,1.23454
CH-CHA_201811270700.csv,2018-11-27,09:00,331.375,1,36000,36000,-0.801138E-02,0,0.224563E-02,-7.71947,2,1.03924,131.214,1,47.3061,-5.72003,1,5.45408,2.92148,1,1.05327,0.405240,0.333853,0.445100E-02,0.743324E-02,-0.565122E-10,-0.103642E-11,18.2387,432.149,435.009,0.250000,1,334.492,7.92550,7.98882,0.250000,1,281.227,276.401,96986.0,1.21878,1009.50,0.236941E-01,0.189312,0.602755E-02,768.869,769.358,0.494558E-02,99.9365,0.488542,276.356,-0.367352,-0.142095,0.260375E-01,0.394736,0.230623E-13,-0.309848E-14,0.394736,2.46733,348.712,201.147,3.78208,-9999,0.810759E-01,0.655836E-01,5.88854,0.341341,-0.588311E-01,-0.773862E-01,0,-9999,-9999,-9999,-9999,-9999,-9999,-9999,-0.789617E-02,1.01459,-0.110909,1.02137,128.200,1.01806,-6.45210,1.01808,2.85438,1.01806,800000099,800010099,800000099,800000199,800100099,800100199,811110199,811110199,80100,80100,80,81,4,12,2,1,17,9,0.595482E-01,0.593210E-01,0.122979E-01,0.549593E-01,0.550518,19906.7,-0.901433E-04,-0.645210E-02,2.85438,16.0000,0.00000,252.105,75.6556,5.29988,97089.2,1.23676
CH-CHA_201811270700.csv,2018-11-27,09:30,331.396,1,36000,36000,-0.240369E-02,1,0.738414E-03,2.22999,1,2.15955,-6.71675,2,16.6505,-2.74172,1,4.72705,-0.149554,2,0.370735,0.593209E-01,0.404740E-01,-0.702474,0.901184E-03,0.450387E-10,0.852056E-12,17.7215,419.773,423.022,0.250000,1,335.261,7.94138,8.00495,0.250000,1,279.886,276.437,97027.0,1.21912,1009.52,0.236872E-01,-0.969108E-02,0.604140E-02,770.735,771.319,0.495552E-02,99.9243,0.583889,276.391,-0.482579,0.210777,0.774083E-02,0.526658,0.489099E-13,0.254147E-14,0.526658,1.70326,33.2369,156.406,0.842165,-9999,0.444033E-01,0.703472E-01,-3.34962,-0.600067,-0.332004,0.408063E-01,0,-9999,-9999,-9999,-9999,-9999,-9999,-9999,-0.236042E-02,1.01833,1.80227,1.02326,-6.59977,1.02460,-2.72791,1.02462,-0.146949,1.02460,800000099,800010099,800000099,800001199,800001099,800001099,811110199,811110199,80000,80000,80,81,8,1,1,7,8,13,0.475310E-01,0.809573E-01,0.122063E-01,0.911889E-01,0.602341,3706.85,0.146440E-02,-0.272791E-02,-0.146949,16.0000,0.00000,251.567,72.2931,5.53341,97099.9,1.23786
CH-CHA_201811270700.csv,2018-11-27,10:00,331.417,1,36000,36000,-0.137807E-01,1,0.376646E-02,-36.3567,1,2.02876,512.371,1,97.2671,-89.6795,1,17.8467,11.4085,1,2.16576,0.296699E-01,0.174927E-01,-0.379850,0.389494E-03,0.382243E-09,0.735483E-11,17.4446,413.083,415.748,0.250000,1,335.656,7.94824,8.01192,0.250000,1,280.066,276.455,97064.0,1.21951,1009.52,0.236797E-01,0.739273,0.604853E-02,771.695,772.301,0.495982E-02,99.9215,0.606257,276.408,-0.418243,0.150741,-0.276864E-01,0.445440,0.744340E-13,0.219118E-13,0.445440,1.64064,33.3491,160.180,-3.56353,-9999,0.106302,0.101747,2.81980,0.712816,-0.709578E-01,-0.277806,0,-9999,-9999,-9999,-9999,-9999,-9999,-9999,-0.135508E-01,1.01697,-6.93646,1.03132,489.729,1.04121,-88.8619,1.04127,10.9044,1.04121,800000099,800010099,800000099,800000199,800000099,800010099,811110199,811110199,80100,80100,80,81,5,21,0,17,23,17,0.811942E-01,0.998927E-01,0.224071E-01,0.159191E-01,1.61781,23561.6,-0.563429E-02,-0.888619E-01,10.9044,16.0000,0.00000,252.976,81.1021,5.52873,97138.3,1.23647
CH-CHA_201811270700.csv,2018-11-27,10:30,331.437,1,36000,36000,-0.354671E-01,1,0.496160E-02,-7.50735,2,0.933699,119.220,2,45.9605,-6.63321,1,5.96099,2.65445,2,1.02332,-0.659640E-01,-0.653564E-01,0.300044,-0.145518E-02,0.131098E-08,0.248262E-10,17.6760,418.365,422.121,0.250000,1,334.733,7.92262,7.98589,0.250000,1,280.040,276.415,97096.0,1.22010,1009.50,0.236685E-01,0.172009,0.603189E-02,769.462,770.120,0.494378E-02,99.9145,0.658453,276.367,-0.810089E-01,0.374431,0.318753E-01,0.384418,-0.152665E-13,0.741671E-13,0.384418,1.48933,77.0102,102.208,4.75633,-9999,0.170497,0.102710,56.3551,0.356667E-01,-0.629707E-01,-0.357494E-01,0,-9999,-9999,-9999,-9999,-9999,-9999,-9999,-0.349507E-01,1.01478,-0.608990,1.02131,116.571,1.01746,-7.22780,1.01749,2.59548,1.01746,800000099,800010099,800000099,800001199,800001099,800001199,811110199,811110199,80100,80100,81,81,9,11,0,13,28,15,0.876207E-01,0.919812E-01,0.258177E-01,0.432757E-02,0.310710,6960.80,-0.494433E-03,-0.722780E-02,2.59548,16.0000,0.00000,252.450,77.8155,5.62009,97197.6,1.23594
CH-CHA_201811270700.csv,2018-11-27,11:00,331.458,1,36000,36000,-0.927329E-02,0,0.272261E-02,4.18116,2,2.37894,-151.252,1,48.0387,-2.83111,2,7.94692,-3.36824,1,1.06978,0.295189,0.240989,-0.477710,0.536660E-02,-0.119103E-09,-0.232919E-11,17.3204,409.955,413.942,0.250000,1,338.718,8.01710,8.08190,0.250000,1,279.892,276.594,97157.0,1.22003,1009.56,0.236689E-01,-0.218262,0.610371E-02,779.127,779.925,0.500292E-02,99.8977,0.797863,276.544,0.144282,0.600291,-0.383712E-01,0.618579,-0.911856E-13,-0.687648E-14,0.618579,1.71433,108.416,76.4851,-3.55642,-9999,0.871829E-01,0.809735E-01,-13.5354,-0.148499,-0.276437E-01,0.389371E-01,0,-9999,-9999,-9999,-9999,-9999,-9999,-9999,-0.912482E-02,1.01627,-4.16407,1.03164,-141.907,1.05862,-1.57039,1.05872,-3.16013,1.05862,800000099,800000099,800000099,800001199,800001099,800011099,801010199,811110199,80000,80000,80,81,0,1,2,9,10,5,0.634848E-01,0.760678E-01,0.223945E-01,0.673683E-01,0.927015,7946.90,-0.338077E-02,-0.157039E-02,-3.16013,16.0000,0.00000,251.004,68.7750,5.99155,97200.0,1.23935
CH-CHA_201811270700.csv,2018-11-27,11:30,331.479,1,36000,36000,-0.383757E-02,0,0.176234E-02,10.0386,0,1.40024,88.8730,1,64.8253,-33.1813,1,15.8551,1.97969,1,1.44401,0.494403,0.418192,-2.03806,0.931541E-02,-0.123422E-09,-0.269949E-11,15.7925,374.050,377.711,0.250000,1,345.413,8.18121,8.24870,0.250000,1,279.994,276.894,97195.0,1.21911,1009.65,0.236853E-01,0.128284,0.622433E-02,795.386,796.604,0.510564E-02,99.8471,1.21801,276.837,0.394034,0.528066,0.840000E-02,0.658929,0.164413E-14,-0.781526E-14,0.658929,1.71584,128.993,53.2703,0.730424,-9999,0.561057E-01,0.114474,-1.50299,-1.33733,0.112954,0.145362,0,-9999,-9999,-9999,-9999,-9999,-9999,-9999,-0.377724E-02,1.01597,14.8031,1.02182,85.3657,1.02722,-33.4748,1.02725,1.90156,1.02722,800000099,800000099,800000099,800000199,800000099,800000099,811100199,811110199,80100,80100,80,80,0,3,0,12,9,4,0.106443,0.102391,0.201129E-01,0.347953E-01,2.50507,21383.2,0.120264E-01,-0.334748E-01,1.90156,16.0000,0.00000,253.137,82.1045,6.49078,97199.6,1.24421
CH-CHA_201811270700.csv,2018-11-27,12:00,331.500,1,36000,36000,-0.111933E-01,0,0.202026E-02,8.00582,0,0.857661,31.0930,1,39.4382,-11.4424,1,13.1971,0.692544,1,0.878420,-0.163221,-0.145425,-0.690515,-0.323909E-02,0.187785E-10,0.421566E-12,15.2856,361.890,366.048,0.100000,0,343.152,8.12418,8.19072,0.250000,1,279.993,276.795,97202.0,1.21966,1009.62,0.236752E-01,0.448768E-01,0.618360E-02,789.898,791.066,0.506994E-02,99.8524,1.16761,276.738,0.597830,0.784528,0.286364E-01,0.986765,-0.328670E-13,0.122851E-14,0.986765,2.20420,133.793,52.6917,1.66298,-9999,0.957988E-01,0.858269E-01,-9.38210,-0.214238,0.257480,0.678657E-01,0,-9999,-9999,-9999,-9999,-9999,-9999,-9999,-0.110506E-01,1.01291,9.57520,1.02022,29.4364,1.03540,-11.6394,1.03546,0.655646,1.03540,800000099,800000099,800000099,800001199,800000099,800010099,800010199,811010199,80100,80100,80,81,4,0,0,3,7,5,0.904602E-01,0.660346E-01,0.151588E-01,0.168904E-01,4.30504,17835.9,0.777590E-02,-0.116394E-01,0.655646,16.0000,0.00000,253.085,81.7814,6.02732,97199.7,1.24189
CH-CHA_201811270700.csv,2018-11-27,12:30,331.521,1,36000,36000,-0.723108E-02,0,0.150285E-02,16.4568,0,3.35977,35.7400,0,12.3604,-6.99347,0,1.49657,0.796335,0,0.275406,0.623830,0.558335,3.92480,0.124405E-01,-0.189377E-10,-0.366509E-12,18.1791,431.121,433.951,0.250000,1,351.827,8.34362,8.41382,0.250000,1,280.406,277.174,97171.0,1.21750,1009.75,0.237151E-01,0.516025E-01,0.633991E-02,810.975,812.456,0.520732E-02,99.8177,1.48111,277.112,0.182449,0.724729,0.777417E-02,0.747382,0.121235E-12,-0.104173E-14,0.747382,2.13528,110.237,75.8695,0.595994,-9999,0.770667E-01,0.147546,-2.37575,-0.846049,0.460459,0.173699,0,-9999,-9999,-9999,-9999,-9999,-9999,-9999,-0.712517E-02,1.01486,18.1170,1.02119,33.6934,1.02926,-7.98101,1.02930,0.750735,1.02926,800000099,800000099,800000099,800000099,800000099,800000099,800000199,811000199,80100,80100,80,81,0,3,0,14,11,0,0.100301,0.172110,0.226813E-01,0.179342,0.403114E-01,1278.60,0.147369E-01,-0.798101E-02,0.750735,16.0000,0.00000,248.676,54.2241,6.64626,97199.5,1.25012
CH-CHA_201811270700.csv,2018-11-27,13:00,331.542,1,36000,35990,-0.183061E-02,1,0.136998E-02,10.9891,0,3.96206,49.4875,0,24.2833,-6.21168,0,1.67031,1.10295,0,0.541215,0.480104,0.425071,0.934197E-01,0.947378E-02,0.204344E-10,0.401865E-12,18.2282,432.771,436.173,0.250000,1,358.478,8.51092,8.58397,0.250000,1,281.077,277.466,97164.0,1.21606,1009.84,0.237418E-01,0.714714E-01,0.645977E-02,827.177,829.284,0.531207E-02,99.7459,2.10721,277.394,0.377374E-01,0.326065,0.123072E-01,0.328472,-0.426311E-13,0.112103E-14,0.328472,1.48142,112.154,83.3982,2.14725,-9999,0.387991E-01,0.122939,-0.453985,-4.42746,0.222059,0.230639,0,-9999,-9999,-9999,-9999,-9999,-9999,-9999,-0.178555E-02,1.02524,13.4888,1.02773,47.4667,1.02277,-7.11484,1.02279,1.05792,1.02277,800000099,800000099,800000099,800000099,800000099,800000199,801110199,811110199,80100,80100,81,81,8,0,1,11,13,1,0.907257E-01,0.138171,0.169812E-01,0.288631,0.369070E-01,3380.02,0.109841E-01,-0.711484E-02,1.05792,16.0000,0.00000,248.005,50.0315,7.25366,97204.5,1.26124
CH-CHA_201811271300.csv,2018-11-27,13:30,331.562,1,36000,36000,0.129046E-01,1,0.476312E-02,28.3565,1,6.70020,-98.5508,1,57.9730,-7.43921,1,4.96959,-2.19639,1,1.29204,-0.492752E-01,-0.178765E-01,-0.833858,-0.398413E-03,0.571614E-10,0.116282E-11,17.5893,418.030,420.736,0.250000,1,357.814,8.50387,8.57681,0.250000,1,281.347,277.436,97054.0,1.21481,1009.85,0.237662E-01,-0.142326,0.644781E-02,825.556,827.541,0.530766E-02,99.7602,1.98444,277.366,-0.883172E-01,0.514366,-0.167486E-02,0.521896,0.298853E-12,0.324978E-14,0.521896,1.68683,92.3878,99.7427,-0.183873,-9999,0.103066,0.181217,-3.29521,-0.609976,-0.287735,0.224271,0,-9999,-9999,-9999,-9999,-9999,-9999,-9999,0.126710E-01,1.01844,22.1439,1.02333,-96.6801,1.02451,-7.79503,1.02454,-2.15470,1.02451,800000099,800000099,800000099,800000199,800001099,801001199,801110199,811110199,80000,80000,80,81,0,1,1,3,19,10,0.162780,0.184332,0.153222E-01,0.416025,0.426434,19287.4,0.180506E-01,-0.779503E-02,-2.15470,16.0000,0.209429E-04,250.958,68.4863,6.82134,97224.5,1.25776
CH-CHA_201811271300.csv,2018-11-27,14:00,331.583,1,36000,36000,-0.391796E-02,0,0.834034E-03,16.7224,1,2.62452,-41.8511,1,30.9798,11.0925,1,10.8165,-0.932817,1,0.690508,0.159074,0.182114,-0.639742,0.405913E-02,-0.187920E-09,-0.396250E-11,17.0857,406.704,410.122,0.250000,1,360.270,8.57574,8.64992,0.250000,1,281.131,277.533,96935.0,1.21287,1009.88,0.238037E-01,-0.604465E-01,0.649206E-02,831.513,833.188,0.535266E-02,99.7989,1.67554,277.469,0.679892E-01,0.646323,0.158931E-01,0.650083,-0.107150E-12,-0.109987E-13,0.650083,1.56045,104.205,83.9949,1.40089,-9999,0.568360E-01,0.728817E-01,-0.936231,-2.14691,-0.399569,0.240211,0,-9999,-9999,-9999,-9999,-9999,-9999,-9999,-0.385588E-02,1.01610,14.0078,1.02190,-41.1746,1.02702,10.3514,1.02706,-0.917740,1.02702,800000099,800000099,800000099,800001199,800001099,800001199,811110199,811110199,81000,81000,80,81,1,7,0,3,14,13,0.377257E-01,0.936054E-01,0.144327E-01,0.926947E-01,1.82707,8432.34,0.114363E-01,0.103514E-01,-0.917740,16.0000,0.00000,250.755,67.2188,6.98303,97258.6,1.25314
CH-CHA_201811271300.csv,2018-11-27,14:30,331.604,1,36000,36000,-0.911308E-02,0,0.232202E-02,8.46501,0,1.18750,63.7694,1,18.1840,-8.26240,0,1.65610,1.42147,1,0.405335,0.141023,0.120769,1.05018,0.269203E-02,-0.150276E-09,-0.304701E-11,17.8653,425.299,428.900,0.250000,1,362.238,8.62341,8.69842,0.250000,1,280.737,277.619,96956.0,1.21273,1009.91,0.238059E-01,0.921113E-01,0.652754E-02,836.316,838.223,0.538251E-02,99.7724,1.90780,277.551,-0.252233,0.549021,0.337669E-01,0.605133,-0.503241E-14,-0.841163E-14,0.605133,1.52411,73.8915,114.675,3.19881,-9999,0.866863E-01,0.943893E-01,-6.56307,-0.306259,0.132744,0.797314E-01,0,-9999,-9999,-9999,-9999,-9999,-9999,-9999,-0.896244E-02,1.01681,11.8684,1.02232,61.2185,1.02607,-9.07491,1.02611,1.36461,1.02607,800000099,800000099,800000099,800000099,800001099,800001099,811110199,811110199,80100,80100,80,81,0,0,2,15,11,4,0.727052E-01,0.102151,0.139221E-01,0.227075E-01,0.509667E-01,2828.92,0.969045E-02,-0.907491E-02,1.36461,16.0000,0.00000,249.686,60.5356,7.18706,97292.8,1.25336
CH-CHA_201811271300.csv,2018-11-27,15:00,331.625,1,36000,36000,0.916753E-02,1,0.179759E-02,12.2097,1,4.31282,-39.9975,1,61.0821,19.4107,1,14.1373,-0.891463,1,1.36140,-0.217991,-0.179738,-0.954151,-0.400601E-02,-0.677413E-09,-0.141860E-10,17.1474,408.396,411.800,0.250000,1,359.092,8.55244,8.62622,0.250000,1,280.655,277.486,96865.0,1.21221,1009.87,0.238168E-01,-0.577668E-01,0.647084E-02,828.655,830.448,0.533807E-02,99.7841,1.79294,277.420,-0.866354E-01,0.422519,-0.429475E-01,0.433443,0.764072E-13,-0.395053E-13,0.433443,1.44596,79.9797,101.588,-5.68646,-9999,0.869636E-01,0.118035,-4.59086,-0.437826,-0.305262,0.114690,0,-9999,-9999,-9999,-9999,-9999,-9999,-9999,0.898046E-02,1.02083,9.65724,1.02485,-39.3196,1.02327,18.7224,1.02329,-0.876354,1.02327,800000099,800000099,800000099,800001199,800001099,801011099,811110199,811110199,81000,81000,80,81,1,4,3,19,20,19,0.634138E-01,0.160226,0.124307E-01,0.257453,3.43431,36874.4,0.788881E-02,0.187224E-01,-0.876354,16.0000,0.00000,251.851,74.0673,6.88413,97300.1,1.25140
CH-CHA_201811271300.csv,2018-11-27,15:30,331.646,1,36000,36000,-0.883106E-02,1,0.119985E-02,5.40567,1,1.41732,62.0126,1,13.3766,-2.88645,1,0.801485,1.38207,1,0.298123,-0.854497E-01,-0.127929,0.566947,-0.285114E-02,-0.518786E-09,-0.105416E-10,17.6135,418.414,422.215,0.250000,1,357.903,8.50207,8.57497,0.250000,1,280.114,277.434,97098.0,1.21537,1009.84,0.237552E-01,0.895580E-01,0.644941E-02,825.755,827.425,0.530652E-02,99.7982,1.66974,277.370,-0.379441,0.532013,-0.408317E-01,0.654737,0.761226E-13,-0.294539E-13,0.654737,1.33364,63.0560,125.497,-3.57548,-9999,0.852416E-01,0.492050E-01,-9.78208,-0.205478,0.871706E-01,0.516698E-01,0,-9999,-9999,-9999,-9999,-9999,-9999,-9999,-0.869171E-02,1.01603,8.76765,1.02186,59.6133,1.02712,-3.64545,1.02716,1.32859,1.02712,800000099,800000099,800000099,800000099,800000099,800000099,801010199,811110199,80100,80100,80,81,1,7,0,31,56,4,0.284448E-01,0.569114E-01,0.130540E-01,0.235543E-01,0.122611E-01,1257.33,0.714366E-02,-0.364545E-02,1.32859,16.0000,0.00000,250.000,62.5000,6.77786,97300.3,1.25042
CH-CHA_201811271300.csv,2018-11-27,16:00,331.667,1,36000,36000,-0.155851E-02,0,0.143056E-03,2.26058,0,0.555981,4.42553,1,3.99447,2.87614,1,1.18631,0.986235E-01,1,0.890173E-01,-0.135072,-0.164504,-0.937611,-0.366598E-02,0.427013E-10,0.896497E-12,16.9587,401.887,405.495,0.250000,1,356.041,8.43745,8.50924,0.250000,1,280.573,277.352,97304.0,1.21834,1009.81,0.236979E-01,0.639080E-02,0.641587E-02,821.218,822.678,0.526606E-02,99.8225,1.46025,277.291,-0.310330,0.329269,0.724667E-02,0.452521,-0.297356E-13,0.251796E-14,0.452521,0.823893,55.4633,133.304,0.917573,-9999,0.357660E-01,0.374189E-01,-1.73050,-1.16151,0.510804,0.513738E-01,0,-9999,-9999,-9999,-9999,-9999,-9999,-9999,-0.152759E-02,1.02024,2.45596,1.02447,4.18406,1.02349,2.66156,1.02351,0.932424E-01,1.02349,800000099,800010099,800000099,800000099,800000099,800001099,811110199,811110199,81100,81100,80,81,12,8,0,10,15,3,0.119506E-01,0.579317E-01,0.495515E-02,0.128725E-01,0.543193E-01,703.836,0.199625E-02,0.266156E-02,0.932424E-01,16.0000,0.00000,251.517,71.9807,6.64361,97314.7,1.25102
CH-CHA_201811271300.csv,2018-11-27,16:30,331.687,0,36000,36000,0.180660E-02,0,0.365627E-03,-1.90506,1,1.07199,-3.52236,2,3.46690,1.36661,0,0.355501,-0.784857E-01,2,0.772499E-01,-0.232444,-0.211546,0.201355,-0.471369E-02,0.870614E-11,0.179401E-12,17.1223,405.433,409.929,0.250000,1,352.826,8.35443,8.42481,0.250000,1,281.338,277.211,97334.0,1.21938,1009.75,0.236786E-01,-0.508588E-02,0.635793E-02,813.388,814.572,0.521408E-02,99.8547,1.18357,277.155,-0.212884,0.110927,-0.353983E-01,0.242647,-0.552812E-13,0.508468E-15,0.242647,2.39131,32.0981,152.477,-8.38848,-9999,0.384913E-01,0.190790E-01,2.56004,0.785145,0.540848,-0.401969E-01,0,-9999,-9999,-9999,-9999,-9999,-9999,-9999,0.173567E-02,1.04087,-1.95367,1.08048,-3.18564,1.06872,1.39779,1.06883,-0.709828E-01,1.06872,800000099,800110099,800000099,800000099,810100099,810100099,811110199,811110199,81000,81000,80,81,1,7,0,8,11,5,0.100236E-01,0.249887E-01,0.314547E-02,0.645775E-01,0.120122E-01,427.753,-0.158671E-02,0.139779E-02,-0.709828E-01,16.0000,0.00000,250.096,63.0977,6.38174,97377.8,1.25176
CH-CHA_201811271300.csv,2018-11-27,17:00,331.708,0,36000,36000,0.184579E-02,1,0.370893E-03,2.09026,0,0.339906,-20.4032,2,4.97236,3.72653,1,0.684730,-0.454527,2,0.110771,-0.377879,-0.339400,0.709413E-01,-0.756092E-02,-0.148502E-10,-0.300208E-12,17.1921,406.681,411.284,0.250000,1,347.552,8.22140,8.28955,0.250000,1,281.569,276.982,97350.0,1.22065,1009.68,0.236551E-01,-0.294534E-01,0.626289E-02,800.568,801.557,0.513080E-02,99.8766,0.989121,276.929,-0.371468E-01,0.322090,-0.109653E-01,0.324410,-0.215913E-13,-0.863779E-15,0.324410,1.28300,87.9319,96.5789,-1.93700,-9999,0.388863E-01,0.106420E-01,-2.40601,-0.835409,-0.102448,0.436145E-01,0,-9999,-9999,-9999,-9999,-9999,-9999,-9999,0.179996E-02,1.02546,0.878879,1.02788,-19.8780,1.02278,3.72129,1.02280,-0.442827,1.02278,800000099,800110099,800000099,800000099,801000099,811100099,811110199,811110199,81000,81000,80,81,8,3,6,43,2,6,0.109299E-01,0.847020E-02,0.188403E-02,0.114492E-01,0.425741E-01,1055.39,0.713109E-03,0.372129E-02,-0.442827,16.0000,0.00000,249.508,59.4276,6.31617,97397.6,1.25038
CH-CHA_201811271300.csv,2018-11-27,17:30,331.729,0,36000,36000,-0.281112E-02,1,0.930934E-04,0.126260,1,0.379741,17.6458,1,8.44238,0.508907,2,0.267427,0.393034,1,0.188041,-0.298970,-0.269471,0.658049,-0.600205E-02,-0.434742E-10,-0.843595E-12,17.6990,418.248,422.008,0.250000,1,343.440,8.11590,8.18231,0.250000,1,281.725,276.801,97385.0,1.22193,1009.62,0.236312E-01,0.254686E-01,0.618879E-02,790.579,791.400,0.506476E-02,99.8962,0.821473,276.751,-0.246536,0.243063,0.894722E-02,0.346323,-0.331948E-13,-0.245631E-14,0.346323,0.704415,53.7571,135.406,1.48039,-9999,0.479641E-01,0.262361E-01,-74.7640,-0.268846E-01,0.715522E-02,0.213376E-02,0,-9999,-9999,-9999,-9999,-9999,-9999,-9999,-0.274440E-02,1.02431,1.12189,1.02712,17.1078,1.02274,0.330424,1.02276,0.381050,1.02274,800000099,800110099,800000099,800000099,800000099,800000199,811110199,811110199,81100,81100,80,81,1,1,0,20,5,2,0.116176E-01,0.386964E-01,0.215826E-02,0.108385E-01,0.382457E-01,3271.07,0.909385E-03,0.330424E-03,0.381050,16.0000,0.00000,249.119,56.9939,6.10834,97416.3,1.24705
CH-CHA_201811271300.csv,2018-11-27,18:00,331.750,0,36000,36000,0.255792E-02,1,0.844038E-03,-2.18195,1,1.04512,11.8871,1,3.09286,3.55500,1,0.812300,0.264756,1,0.688859E-01,-0.693972E-01,-0.644052E-01,1.09891,-0.143447E-02,-0.255726E-10,-0.472854E-12,18.5223,437.557,441.127,0.250000,1,342.489,8.09069,8.15669,0.250000,1,281.117,276.759,97403.0,1.22236,1009.60,0.236232E-01,0.171562E-01,0.617165E-02,788.269,789.060,0.504898E-02,99.8998,0.790638,276.709,0.796557E-01,0.283361,-0.745111E-02,0.294438,0.372414E-13,-0.138064E-14,0.294438,0.907524,114.843,74.2988,-1.45009,-9999,0.457451E-01,0.303193E-01,3.75364,0.535481,-0.183556,-0.386503E-01,0,-9999,-9999,-9999,-9999,-9999,-9999,-9999,0.249442E-02,1.02546,-1.42627,1.04847,11.3348,1.04891,3.39133,1.04899,0.252456,1.04891,800000099,800110099,800000099,800000099,800000099,800000099,811110199,811110199,81100,81100,80,81,6,2,0,22,12,1,0.435974E-01,0.152681E-01,0.177324E-02,0.641908E-01,0.651005E-01,422.784,-0.115572E-02,0.339133E-02,0.252456,16.0000,0.00000,248.718,54.4863,5.99336,97427.0,1.24735
CH-CHA_201811271300.csv,2018-11-27,18:30,331.771,0,36000,36000,0.729660E-03,1,0.445193E-03,-0.143865,1,0.163857,-9.05483,1,2.98814,1.09232,1,0.240719,-0.201658,1,0.665483E-01,-0.138835,-0.120189,0.235778,-0.267670E-02,-0.124704E-10,-0.227095E-12,18.7033,441.698,446.272,0.250000,1,340.602,8.04368,8.10890,0.250000,1,281.028,276.675,97403.0,1.22275,1009.58,0.236161E-01,-0.130675E-01,0.613764E-02,783.688,784.397,0.501955E-02,99.9096,0.709095,276.627,0.265401,0.379707,-0.770167E-02,0.463330,0.532479E-13,-0.666746E-15,0.463330,0.883742,133.548,55.0479,-0.952438,-9999,0.244282E-01,0.233487E-01,8.66926,0.231854,0.158882E-01,-0.477076E-02,0,-9999,-9999,-9999,-9999,-9999,-9999,-9999,0.699182E-03,1.04359,-0.589738,1.08773,-7.85206,1.14308,1.04020,1.14333,-0.174871,1.14308,800000099,800010099,800000099,800000099,800000099,800000099,811110199,811110199,81000,81000,80,81,11,1,1,11,4,0,0.297145E-01,0.142626E-01,0.272044E-02,0.355514E-02,0.252387E-01,787.874,-0.477731E-03,0.104020E-02,-0.174871,16.0000,0.00000,248.000,50.0000,5.68395,97426.2,1.24284
CH-CHA_201811271300.csv,2018-11-27,19:00,331.792,0,36000,35989,-0.646948E-02,1,0.756801E-03,-1.90965,2,1.01215,0.675585,2,0.520048,4.12993,1,1.23820,0.150433E-01,2,0.115799E-01,-0.291132,-0.257114,0.313824,-0.572517E-02,-0.819066E-10,-0.145481E-11,18.9525,447.206,452.017,0.250000,1,336.630,7.94319,8.00679,0.250000,1,280.897,276.499,97423.0,1.22382,1009.52,0.235962E-01,0.974804E-03,0.606608E-02,774.057,774.707,0.495666E-02,99.9161,0.649979,276.451,0.548485E-01,0.848400E-02,0.451958E-02,0.556844E-01,-0.198368E-12,-0.432168E-14,0.556844E-01,0.725052,169.096,8.79287,4.65548,-9999,0.727068E-01,0.753167E-01,17.2222,0.116710,-2.82666,-0.212592E-01,0,-9999,-9999,-9999,-9999,-9999,-9999,-9999,-0.619067E-02,1.04504,-1.78971,1.04457,0.740541,1.01916,4.14961,1.01917,0.164897E-01,1.01916,800000099,800100099,800000099,800000099,800100099,800100199,811110199,811110199,81100,81100,80,81,15,0,2,26,16,0,0.312240E-01,0.117539,0.187020E-02,0.555649E-01,0.154040,12.0183,-0.144861E-02,0.414961E-02,0.164897E-01,16.0000,0.00000,248.000,50.0000,5.41856,97458.6,1.24064
CH-CHA_201811271900.csv,2018-11-27,19:30,331.812,0,36000,36000,0.457298E-02,1,0.397712E-03,-2.59616,1,0.508671,-0.610427,1,0.196456,1.30430,1,0.655743,-0.135902E-01,1,0.437379E-02,-0.283127,-0.251422,0.201436,-0.559751E-02,0.101661E-09,0.176940E-11,19.1204,450.738,455.507,0.250000,1,332.789,7.84505,7.90708,0.250000,1,280.400,276.328,97456.0,1.22504,1009.46,0.235736E-01,-0.880646E-03,0.599686E-02,764.752,765.394,0.489523E-02,99.9161,0.642166,276.280,-0.312861,0.298918,0.137076E-01,0.432922,-0.739260E-13,0.531689E-14,0.432922,0.872353,52.9507,136.306,1.81446,-9999,0.610975E-01,0.623286E-01,7.51886,0.267328,4.25302,-0.343612E-01,0,-9999,-9999,-9999,-9999,-9999,-9999,-9999,0.447857E-02,1.02108,-2.52757,1.04082,-0.464954,1.05833,1.37534,1.05842,-0.103515E-01,1.05833,800000099,800110099,800000099,800000099,800000099,800000099,811110199,811110199,81000,81000,80,81,2,0,1,0,0,6,0.280335E-01,0.958974E-01,0.726044E-03,0.395891E-01,0.141494,6.43906,-0.204392E-02,0.137534E-02,-0.103515E-01,16.0000,0.00000,248.000,50.0000,5.34294,97497.9,1.23838
CH-CHA_201811271900.csv,2018-11-27,20:00,331.833,0,36000,36000,0.391359E-03,0,0.140685E-03,0.543710,1,0.510652,0.289132,1,0.287478,0.272914,2,0.312569,0.643674E-02,1,0.639993E-02,-0.861428E-01,-0.812944E-01,0.561138,-0.180980E-02,-0.359263E-11,-0.609468E-13,19.5481,460.572,465.474,0.250000,1,331.622,7.81333,7.87486,0.250000,1,280.609,276.276,97490.0,1.22571,1009.45,0.235610E-01,0.417101E-03,0.597582E-02,761.926,762.582,0.487538E-02,99.9140,0.655820,276.228,-0.273088,0.157243,0.997861E-02,0.315281,-0.139917E-13,-0.183784E-15,0.315281,0.551453,39.5555,150.067,1.81371,-9999,0.178687E-01,0.105264E-01,-0.898322,-2.23751,1.88049,0.245925E-01,0,-9999,-9999,-9999,-9999,-9999,-9999,-9999,0.381448E-03,1.02598,0.545052,1.02822,0.257305,1.02283,0.233521,1.02285,0.572821E-02,1.02283,800000099,800110099,800000099,800000099,800000099,800000099,811110199,811110199,80100,80100,80,81,12,7,0,5,8,7,0.643578E-02,0.138048E-01,0.812176E-03,0.471129E-01,0.280711,12.9114,0.440521E-03,0.233521E-03,0.572821E-02,16.0000,0.00000,248.000,50.0000,5.36745,97512.4,1.23779
CH-CHA_201811271900.csv,2018-11-27,20:30,331.854,0,36000,36000,-0.905491E-03,1,0.133450E-03,0.186279,2,0.480982,0.724610,2,0.379685,2.11754,0,0.555509,0.161332E-01,2,0.845352E-02,0.175553,0.148906,0.116567,0.331533E-02,-0.343583E-10,-0.584610E-12,19.6295,462.615,467.621,0.250000,1,333.998,7.87145,7.93390,0.250000,1,281.242,276.382,97501.0,1.22536,1009.47,0.235673E-01,0.104543E-02,0.601864E-02,767.680,768.324,0.491175E-02,99.9161,0.644624,276.334,-0.170434,0.111496,0.965153E-02,0.203893,-0.455736E-13,-0.175034E-14,0.203893,0.504480,39.0673,146.808,2.71318,-9999,0.271839E-01,0.338285E-01,-9.23273,-0.217704,0.257074,0.553978E-02,0,-9999,-9999,-9999,-9999,-9999,-9999,-9999,-0.874269E-03,1.03571,0.220844,1.03471,0.693055,1.02550,2.04714,1.02552,0.154306E-01,1.02550,800000099,800110099,800000099,800000099,800000099,800110199,811110199,811110199,81100,81100,80,81,0,10,1,3,5,13,0.198869E-01,0.468463E-01,0.923935E-03,0.298322E-01,0.113918,16.3956,0.178537E-03,0.204714E-02,0.154306E-01,16.0000,0.00000,248.000,50.0000,5.55982,97528.2,1.24076
CH-CHA_201811271900.csv,2018-11-27,21:00,331.875,0,36000,36000,0.554472E-03,2,0.409561E-03,-0.809814,1,0.334594,0.101108,1,0.132480,3.19256,1,0.664856,0.225127E-02,1,0.294979E-02,0.107644,0.885630E-01,0.130581,0.197194E-02,-0.184481E-11,-0.313724E-13,19.7252,464.904,469.953,0.250000,1,335.441,7.90602,7.96902,0.350000,0,281.609,276.447,97517.0,1.22525,1009.50,0.235690E-01,0.145882E-03,0.604465E-02,771.178,771.865,0.493339E-02,99.9110,0.686960,276.399,0.105342,0.249103,0.496472E-02,0.270507,-0.229371E-13,-0.935257E-16,0.270507,0.644826,113.538,67.0773,1.05163,-9999,0.212729E-01,0.273222E-01,1.01790,1.97465,-8.00940,-0.307771E-01,0,-9999,-9999,-9999,-9999,-9999,-9999,-9999,0.518669E-03,1.06903,-0.706603,1.13753,0.121747,1.11697,2.89859,1.11717,0.271081E-02,1.11697,800000099,800110099,800000099,800000099,800000099,800010099,811110199,811110199,81100,81100,80,81,0,0,0,5,2,7,0.295610E-01,0.240768E-01,0.100668E-02,0.140819E-01,0.952136E-01,1.87348,-0.571275E-03,0.289859E-02,0.271081E-02,16.0000,0.00000,248.000,50.0000,5.62654,97530.8,1.24124
CH-CHA_201811271900.csv,2018-11-27,21:30,331.896,0,36000,36000,0.246685E-02,1,0.352895E-03,0.436531,1,0.347959,0.710359,2,0.465975,-1.55499,1,0.984333,0.158140E-01,2,0.103735E-01,-0.314848,-0.268039,0.192285,-0.596707E-02,-0.110866E-09,-0.184704E-11,19.8810,468.273,473.259,0.250000,1,331.220,7.80148,7.86282,0.250000,1,281.457,276.257,97513.0,1.22609,1009.44,0.235538E-01,0.102474E-02,0.596858E-02,760.949,761.556,0.486796E-02,99.9203,0.606960,276.210,0.171617,0.366493,0.134025E-01,0.404906,-0.374344E-13,-0.557647E-14,0.404906,0.850235,121.866,64.9078,1.89685,-9999,0.448548E-01,0.244463E-01,-17.7011,-0.113552,0.614522,0.786330E-02,0,-9999,-9999,-9999,-9999,-9999,-9999,-9999,0.241418E-02,1.02182,0.465805,1.02549,0.670402,1.02300,-1.55205,1.02302,0.149245E-01,1.02300,800000099,800110099,800000099,800000099,800000099,801000099,811110199,811110199,80100,80100,80,80,0,4,0,6,5,9,0.144267E-01,0.333976E-01,0.106855E-02,0.134583E-01,0.173168,20.6798,0.376358E-03,-0.155205E-02,0.149245E-01,16.0000,0.00000,248.000,50.0000,5.43104,97526.5,1.23757
CH-CHA_201811271900.csv,2018-11-27,22:00,331.917,0,36000,36000,-0.623310E-02,1,0.751162E-03,-3.22915,1,0.661271,-2.10694,2,1.52489,12.5624,1,2.34565,-0.468928E-01,2,0.339383E-01,-0.442868,-0.378190,-0.333687E-01,-0.841711E-02,-0.984244E-10,-0.161081E-11,19.8758,467.689,472.374,0.250000,1,325.286,7.65416,7.71320,0.250000,1,281.135,275.990,97515.0,1.22737,1009.35,0.235305E-01,-0.303866E-02,0.586166E-02,746.596,747.276,0.477577E-02,99.9089,0.680769,275.941,0.884023E-01,-0.602304E-03,0.275625E-02,0.884473E-01,-0.125263E-13,-0.495197E-14,0.884473E-01,0.974628,158.473,359.610,1.78578,-9999,0.712630E-01,0.771961E-01,9.59595,0.209463,1.53262,-0.365768E-01,0,-9999,-9999,-9999,-9999,-9999,-9999,-9999,-0.603609E-02,1.03264,-3.20991,1.04479,-1.91911,1.01754,12.5516,1.01756,-0.427123E-01,1.01754,800000099,800100099,800000099,800000099,800000099,811101099,811110199,811110199,81000,81000,80,81,15,0,1,5,11,0,0.443115E-01,0.108481,0.159938E-02,0.253876E-01,0.575489,157.892,-0.259104E-02,0.125516E-01,-0.427123E-01,16.0000,0.00000,248.000,50.0000,4.97979,97527.5,1.23109
CH-CHA_201811271900.csv,2018-11-27,22:30,331.937,0,36000,36000,-0.502043E-03,2,0.373644E-03,0.212875,1,0.952985E-01,-2.86016,1,1.15174,0.705119,1,0.428705,-0.636500E-01,1,0.256309E-01,-0.180892,-0.151578,-0.646504,-0.337322E-02,0.239542E-10,0.398649E-12,19.4057,456.380,460.705,0.250000,1,322.952,7.59515,7.65328,0.250000,1,280.986,275.881,97529.0,1.22806,1009.32,0.235179E-01,-0.412452E-02,0.581960E-02,740.946,741.515,0.473885E-02,99.9233,0.568742,275.835,-0.259822,0.234562,0.198006E-01,0.350597,0.224926E-13,0.123439E-14,0.350597,0.678086,46.1651,137.925,3.23760,-9999,0.202191E-01,0.242645E-01,-3.32491,-0.604527,-0.744277E-01,0.849411E-02,0,-9999,-9999,-9999,-9999,-9999,-9999,-9999,-0.490227E-03,1.02410,0.459059E-01,1.02699,-2.78414,1.02275,0.706020,1.02277,-0.619581E-01,1.02275,800000099,800110099,800000099,800000099,800000099,800001099,811110199,811110199,81100,81100,80,81,6,2,0,19,12,6,0.378840E-01,0.102109E-01,0.434072E-03,0.838677E-02,0.674441E-01,232.319,0.370357E-04,0.706020E-03,-0.619581E-01,16.0000,0.00000,248.000,50.0000,4.73579,97555.5,1.23181
CH-CHA_201811271900.csv,2018-11-27,23:00,331.958,0,36000,36000,0.501704E-02,1,0.517792E-03,-0.870613E-01,2,0.145990,0.203360,2,0.633804,0.235587,2,0.396642,0.452578E-02,2,0.141053E-01,0.779959E-01,0.629600E-01,0.662139,0.140117E-02,0.565599E-10,0.920939E-12,19.8973,467.963,472.763,0.250000,1,323.979,7.61966,7.67817,0.250000,1,281.065,275.928,97541.0,1.22799,1009.33,0.235190E-01,0.293270E-03,0.583811E-02,743.429,743.994,0.475419E-02,99.9240,0.565436,275.882,-0.173527,0.258307,0.760361E-02,0.311274,0.581715E-13,0.284259E-14,0.311274,0.894092,56.0459,123.893,1.39972,-9999,0.639183E-01,0.500811E-01,256.871,0.782493E-02,-0.428114,-0.109893E-02,0,-9999,-9999,-9999,-9999,-9999,-9999,-9999,0.493544E-02,1.01653,-0.735898E-01,1.02246,0.202298,1.01591,0.234794,1.01593,0.450213E-02,1.01591,800000099,800100099,800000099,800000099,800000099,800001099,811110199,811110199,80100,80100,80,81,3,0,0,5,0,2,0.204250E-01,0.780817E-01,0.165599E-02,0.172255E-01,0.234541,25.7765,-0.593729E-04,0.234794E-03,0.450213E-02,16.0000,0.00000,248.000,50.0000,4.95745,97572.4,1.23161
CH-CHA_201811271900.csv,2018-11-27,23:30,331.979,0,36000,36000,-0.124473E-01,1,0.118046E-02,-0.122781,2,0.654230,3.10873,1,0.990630,0.115207,2,0.407544,0.691775E-01,1,0.220441E-01,-0.182648,-0.156136,0.389932,-0.347445E-02,-0.143361E-09,-0.228243E-11,20.1989,474.781,479.604,0.250000,1,321.584,7.55892,7.61649,0.250000,1,281.036,275.818,97559.0,1.22874,1009.29,0.235053E-01,0.448270E-02,0.579494E-02,737.638,738.203,0.471618E-02,99.9235,0.564725,275.772,-0.226940,-0.217128,0.647556E-02,0.314147,0.528323E-13,-0.709747E-14,0.314147,1.60630,341.681,223.734,1.18113,-9999,0.100649,0.177536,711.231,0.282609E-02,-0.394955E-01,-0.983660E-03,0,-9999,-9999,-9999,-9999,-9999,-9999,-9999,-0.121313E-01,1.02605,0.559950E-01,1.02827,3.02142,1.02284,0.876053E-01,1.02285,0.672346E-01,1.02284,800000099,800100099,800000099,800000099,800000099,800000199,811110199,811110199,81100,81100,80,81,1,6,5,15,29,0,0.905246E-01,0.262082,0.246714E-02,0.345150E-01,0.905041E-01,34.3150,0.451515E-04,0.876053E-04,0.672346E-01,16.0000,0.00000,248.000,50.0000,4.92689,97597.8,1.22945
CH-CHA_201811271900.csv,2018-11-28,00:00,332.000,0,36000,36000,-0.358910E-01,1,0.434646E-02,-7.12595,1,2.69591,45.5481,2,17.4414,37.2366,1,9.90708,1.01337,2,0.388040,-0.342312,-0.281353,-0.723350,-0.625962E-02,-0.339734E-09,-0.547637E-11,19.6768,462.144,466.329,0.250000,1,317.182,7.44957,7.50548,0.250000,1,281.004,275.612,97563.0,1.22976,1009.23,0.234868E-01,0.656662E-01,0.571561E-02,726.997,727.465,0.464776E-02,99.9357,0.467760,275.567,0.110696,-0.510417E-01,0.193008E-01,0.123415,0.264390E-13,-0.172657E-13,0.123415,0.987978,158.223,335.246,8.99737,-9999,0.170837,0.148083,59.9271,0.335407E-01,-0.156449,-0.336086E-01,0,-9999,-9999,-9999,-9999,-9999,-9999,-9999,-0.348681E-01,1.02934,-4.32976,1.02974,44.8491,1.01464,36.6413,1.01465,0.997817,1.01464,800000099,800100099,800000099,800000099,800000099,800100099,811110199,811110199,81000,81000,80,81,0,0,0,1,0,0,0.141329,0.149687,0.515070E-02,0.844896E-01,1.63832,2734.08,-0.348862E-02,0.366413E-01,0.997817,16.0000,0.00000,248.128,50.8026,4.52440,97600.2,1.22541
CH-CHA_201811271900.csv,2018-11-28,00:30,332.021,0,36000,36000,-0.678160E-02,1,0.123898E-02,-2.08850,1,1.50279,-38.9935,1,12.9441,-18.5744,1,6.10744,-0.866790,1,0.287736,-1.51206,-1.20648,-3.04608,-0.268191E-01,-0.190991E-09,-0.325981E-11,17.4767,409.107,411.368,0.250000,1,298.291,6.98261,7.03171,0.250000,1,280.483,274.705,97566.0,1.23407,1008.96,0.234087E-01,-0.561680E-01,0.537520E-02,681.448,681.811,0.435565E-02,99.9467,0.363405,274.662,0.822199E-01,0.367401,0.347342E-01,0.378087,-0.103298E-12,-0.109283E-13,0.378087,1.08573,118.631,77.3857,5.27109,-9999,0.741302E-01,0.110177,16.7048,0.120325,0.535602E-01,-0.226269E-01,0,-9999,-9999,-9999,-9999,-9999,-9999,-9999,-0.664297E-02,1.02087,-4.14825,1.03958,-36.8435,1.04874,-17.2699,1.04882,-0.818998,1.04874,800000099,800100099,800000099,800000099,800000099,800010099,811110199,811110199,81100,81100,80,81,0,0,1,2,0,0,0.937921E-01,0.125113,0.144866E-02,0.151689,4.02460,8570.93,-0.333157E-02,-0.172699E-01,-0.818998,16.0000,0.00000,249.007,56.2967,3.17034,97600.2,1.20949
CH-CHA_201811271900.csv,2018-11-28,01:00,332.042,0,36000,35989,0.446285E-02,1,0.114082E-02,1.64575,2,1.27528,-11.0072,1,3.09787,-9.14011,1,4.46587,-0.244534,1,0.688219E-01,-1.04910,-0.795400,-3.93506,-0.176705E-01,-0.166190E-11,-0.325594E-13,14.5869,340.737,341.118,0.250000,1,285.782,6.67559,6.72045,0.250000,1,279.647,274.077,97550.0,1.23684,1008.79,0.233591E-01,-0.158458E-01,0.514979E-02,651.379,651.706,0.416365E-02,99.9498,0.327156,274.034,0.240009E-02,0.238419,0.330657E-02,0.238454,0.473113E-13,-0.113931E-15,0.238454,0.912469,91.2669,89.4232,0.794529,-9999,0.600688E-01,0.620128E-01,-11.2771,-0.178237,-0.149517,0.219585E-01,0,-9999,-9999,-9999,-9999,-9999,-9999,-9999,0.432526E-02,1.03181,0.978250,1.03210,-10.7367,1.02411,-8.91197,1.02413,-0.238526,1.02411,800000099,800100099,800000099,800000099,800000099,800000099,811110199,811110199,80000,80000,80,81,0,0,0,0,0,0,0.926941E-01,0.299844E-01,0.134723E-02,0.154629,2.36818,482.004,0.784038E-03,-0.891197E-02,-0.238526,16.0000,0.00000,250.956,68.4744,2.42326,97600.0,1.19924
CH-CHA_201811280100.csv,2018-11-28,01:30,332.062,0,36000,36000,-0.180413E-01,1,0.272901E-02,6.03213,1,1.23560,2.41248,2,9.60639,-29.0167,1,5.77669,0.535724E-01,2,0.213323,-0.757953,-0.556828,7.22470,-0.123651E-01,-0.242175E-09,-0.335734E-11,19.9844,466.059,467.965,0.250000,1,277.049,6.46110,6.50312,0.250000,1,279.038,273.624,97547.0,1.23895,1008.66,0.233212E-01,0.347149E-02,0.499242E-02,630.430,630.727,0.402955E-02,99.9530,0.296442,273.582,0.103828,-0.144395,0.212869E-01,0.179118,-0.241683E-13,-0.121182E-13,0.179118,0.899111,226.663,305.718,6.82533,-9999,0.120672,0.120226,-24.9421,-0.805866E-01,2.50038,0.400005E-01,0,-9999,-9999,-9999,-9999,-9999,-9999,-9999,-0.173587E-01,1.03932,5.95010,1.03714,2.11952,1.02703,-28.6204,1.02704,0.470668E-01,1.02703,800000099,800100099,800000099,800000099,800000099,810101199,811110199,811110199,80100,80100,80,81,0,0,5,16,11,0,0.125198,0.112698,0.255551E-02,0.374914E-01,1.12070,3831.68,0.476129E-02,-0.286204E-01,0.470668E-01,16.0000,0.00000,248.712,54.4488,2.70555,97599.8,1.19378
CH-CHA_201811280100.csv,2018-11-28,02:00,332.083,0,36000,36000,-0.215059E-02,1,0.819375E-03,-0.242854,2,0.566922,3.93886,2,2.24889,-2.21497,2,1.55658,0.874620E-01,2,0.499366E-01,-0.108788,-0.771954E-01,-0.103127,-0.171412E-02,0.708160E-10,0.980986E-12,19.9135,464.271,466.905,0.250000,1,275.854,6.43138,6.47301,0.250000,1,279.285,273.559,97552.0,1.23933,1008.64,0.233144E-01,0.566754E-02,0.497089E-02,627.562,627.766,0.401096E-02,99.9675,0.204024,273.519,-0.152987,0.123148,0.300028E-02,0.196416,0.443206E-13,0.355618E-14,0.196416,0.881079,63.1344,141.167,0.875234,-9999,0.416569E-01,0.713357E-01,25.4869,0.788640E-01,-0.616560E-01,-0.466374E-02,0,-9999,-9999,-9999,-9999,-9999,-9999,-9999,-0.210449E-02,1.02191,-0.145374E-01,1.02491,3.86958,1.01364,-2.21126,1.01365,0.859239E-01,1.01364,800000099,800110099,800000099,800000099,800000099,800010099,811110199,811110199,80100,80100,80,81,0,0,0,2,1,0,0.435536E-01,0.970653E-01,0.205251E-02,0.196900E-01,0.506392,233.011,-0.116296E-04,-0.221126E-02,0.859239E-01,16.0000,0.00000,248.000,50.0000,2.89943,97600.2,1.19118
CH-CHA_201811280100.csv,2018-11-28,02:30,332.104,0,36000,36000,-0.213383E-02,1,0.677747E-03,0.881758,1,0.281690,2.81745,2,4.23650,0.829659,0,0.299804,0.625574E-01,2,0.940649E-01,-0.118878,-0.871489E-01,0.492251,-0.193501E-02,0.461787E-10,0.624877E-12,20.2878,472.804,476.631,0.400000,0,274.529,6.39784,6.43903,0.250000,1,279.006,273.488,97567.0,1.23985,1008.62,0.233048E-01,0.405372E-02,0.494701E-02,624.385,624.546,0.398999E-02,99.9742,0.161133,273.449,0.269839,-0.533145E-01,0.693639E-02,0.275143,-0.101486E-12,0.227618E-14,0.275143,0.837974,198.398,348.824,1.44459,-9999,0.414854E-01,0.543823E-01,-6.93393,-0.289879,0.312963,0.169964E-01,0,-9999,-9999,-9999,-9999,-9999,-9999,-9999,-0.207439E-02,1.02866,1.01345,1.03000,2.70463,1.02326,0.730760,1.02328,0.600521E-01,1.02326,800000099,800110099,800000099,800000099,800000099,800001099,811110199,811110199,81000,81000,80,81,0,0,0,17,6,0,0.317196E-01,0.748247E-01,0.222056E-02,0.157718E-01,0.177462E-01,919.775,0.810406E-03,0.730760E-03,0.600521E-01,16.0000,0.00000,248.000,50.0000,2.87215,97600.5,1.19069
CH-CHA_201811280100.csv,2018-11-28,03:00,332.125,0,36000,36000,-0.182932E-01,1,0.231288E-02,-4.51726,2,1.89786,4.16068,1,1.56392,-2.85006,2,1.49275,0.923892E-01,1,0.347274E-01,0.145631,0.104855,-0.174692,0.232834E-02,-0.421087E-09,-0.577093E-11,20.1527,469.775,474.020,0.250000,1,276.190,6.43821,6.47992,0.250000,1,278.542,273.575,97573.0,1.23952,1008.64,0.233108E-01,0.598682E-02,0.497695E-02,628.364,628.494,0.401523E-02,99.9793,0.130098,273.536,-0.980379E-01,-0.580704E-01,0.280425E-01,0.117346,0.288446E-12,-0.208948E-13,0.117346,1.02225,338.933,210.639,13.8260,-9999,0.121483,0.136214,33.9892,0.591364E-01,-1.08570,-0.297418E-01,0,-9999,-9999,-9999,-9999,-9999,-9999,-9999,-0.177802E-01,1.02885,-4.14207,1.03220,4.23364,1.01524,-2.58784,1.01525,0.940092E-01,1.01524,800000099,800000099,800000099,800000099,800010099,800010199,811110199,811110199,81100,81100,80,81,0,6,2,26,3,16,0.517631E-01,0.214233,0.643251E-02,0.404384E-01,0.422763E-01,28.9393,-0.331304E-02,-0.258784E-02,0.940092E-01,16.0000,0.00000,248.000,50.0000,3.13536,97600.3,1.19277
CH-CHA_201811280100.csv,2018-11-28,03:30,332.146,0,36000,36000,0.430382E-02,1,0.226530E-02,2.20848,0,0.383717,2.13929,0,0.762554,0.382089,2,0.242046,0.475098E-01,0,0.169350E-01,0.232563,0.168376,0.369269E-02,0.373933E-02,0.178905E-10,0.247623E-12,20.1454,469.839,474.192,0.250000,1,278.834,6.50307,6.54564,0.250000,1,278.300,273.714,97574.0,1.23887,1008.69,0.233224E-01,0.307864E-02,0.502459E-02,634.701,634.846,0.405579E-02,99.9771,0.145380,273.675,-0.256189,-0.152701,0.131625E-02,0.298249,-0.360564E-13,0.888067E-15,0.298249,1.28604,313.726,210.797,0.252862,-9999,0.589406E-01,0.111326,-7.94008,-0.253146,1.03234,0.299846E-01,0,-9999,-9999,-9999,-9999,-9999,-9999,-9999,0.419052E-02,1.02704,2.26559,1.02892,1.99842,1.02296,0.224529,1.02298,0.443814E-01,1.02296,800000099,800000099,800000099,800000099,800010099,800010099,811110199,811110199,80100,80100,80,81,9,2,2,15,20,0,0.141214,0.772095E-01,0.422864E-02,0.826739E-02,0.237043E-01,18.8400,0.181301E-02,0.224529E-03,0.443814E-01,16.0000,0.00000,248.000,50.0000,3.32252,97603.3,1.19698
CH-CHA_201811280100.csv,2018-11-28,04:00,332.167,0,36000,36000,-0.247760E-02,2,0.124840E-02,3.60028,1,1.20533,0.266344E-01,0,2.98050,3.43757,0,0.682292,0.591434E-03,0,0.661839E-01,-0.205843,-0.146026,-0.676932,-0.324260E-02,-0.152288E-09,-0.214315E-11,19.6470,458.099,462.085,0.100000,0,276.493,6.44684,6.48867,0.250000,1,278.515,273.591,97555.0,1.23921,1008.65,0.233164E-01,0.383249E-04,0.498241E-02,629.090,629.222,0.402063E-02,99.9790,0.132137,273.552,-0.475235,-0.295179E-01,0.226556E-01,0.476690,-0.885177E-13,-0.775119E-14,0.476690,1.60016,12.8959,183.554,2.72411,-9999,0.447139E-01,0.116651,-2.12618,-0.945358,135.174,0.644181E-01,0,-9999,-9999,-9999,-9999,-9999,-9999,-9999,-0.243008E-02,1.01955,3.51713,1.02403,-0.102194,1.02381,3.15524,1.02384,-0.226928E-02,1.02381,800000099,800010099,800000099,800000099,800000099,800000199,811110199,811110199,81100,81100,80,81,0,2,0,7,2,0,0.153443,0.726459E-01,0.721428E-02,0.349907E-01,0.181640E-01,255.786,0.281386E-02,0.315524E-02,-0.226928E-02,16.0000,0.00000,248.000,50.0000,3.01610,97600.0,1.19148
CH-CHA_201811280100.csv,2018-11-28,04:30,332.187,0,36000,36000,-0.134316E-01,1,0.233168E-02,5.14822,1,1.06259,6.72418,1,2.02382,5.23067,1,0.951686,0.149330,1,0.449447E-01,0.177299,0.131664,-0.169231,0.292397E-02,-0.792591E-10,-0.113145E-11,19.5105,455.163,459.241,0.200000,0,278.518,6.49757,6.54007,0.250000,1,278.263,273.697,97540.0,1.23852,1008.68,0.233291E-01,0.967656E-02,0.501890E-02,633.943,634.066,0.405235E-02,99.9806,0.123009,273.659,-0.780284,-0.331006,0.362953E-01,0.848366,0.353617E-14,-0.406238E-14,0.848366,1.74167,349.880,202.987,2.45201,-9999,0.104139,0.106296,-18.7824,-0.107015,0.765628,0.395720E-01,0,-9999,-9999,-9999,-9999,-9999,-9999,-9999,-0.132475E-01,1.01389,5.41557,1.02067,6.29181,1.03176,4.71883,1.03181,0.139728,1.03176,800000099,800010099,800000099,800000099,800000099,800000099,811110199,811110199,81100,81100,80,81,1,3,0,4,9,1,0.127259,0.768726E-01,0.845924E-02,0.298132E-01,0.329197E-01,81.8945,0.433499E-02,0.471883E-02,0.139728,16.0000,0.00000,248.000,50.0000,3.06954,97588.6,1.19344
CH-CHA_201811280100.csv,2018-11-28,05:00,332.208,0,36000,36000,-0.572887E-02,0,0.109457E-02,0.534995,2,0.745745,0.720949,2,4.04025,1.51565,1,1.55950,0.160087E-01,2,0.897141E-01,-0.220880,-0.157665,-0.525126,-0.350097E-02,-0.271076E-10,-0.391180E-12,19.1284,446.054,449.650,0.250000,1,276.035,6.43685,6.47855,0.250000,1,277.362,273.565,97535.0,1.23908,1008.64,0.233190E-01,0.103737E-02,0.497414E-02,627.987,628.039,0.401438E-02,99.9917,0.521272E-01,273.528,-0.806150,-0.333066,0.278160E-01,0.872688,-0.133510E-13,-0.141714E-14,0.872688,1.58821,345.448,202.448,1.82655,-9999,0.679962E-01,0.541825E-01,-50.3094,-0.399528E-01,0.742071,0.629547E-02,0,-9999,-9999,-9999,-9999,-9999,-9999,-9999,-0.565147E-02,1.01370,0.563900,1.02057,0.674995,1.03239,1.43213,1.03243,0.149883E-01,1.03239,800000099,800010099,800000099,800000099,800000099,800000099,810110199,811110199,81100,81100,80,80,2,7,4,4,10,5,0.594282E-01,0.408711E-01,0.806541E-02,0.206969E-01,0.200023,923.917,0.451195E-03,0.143213E-02,0.149883E-01,16.0000,0.00000,248.000,50.0000,2.66344,97593.7,1.18921
CH-CHA_201811280100.csv,2018-11-28,05:30,332.229,0,36000,36000,-0.467227E-02,0,0.176862E-02,-1.07277,0,0.276158,1.24462,2,2.26834,4.24103,1,2.44646,0.276303E-01,2,0.503566E-01,-0.422124,-0.305253,-1.15677,-0.677655E-02,0.786795E-11,0.116713E-12,18.2885,426.012,428.581,0.250000,1,271.291,6.31944,6.35963,0.250000,1,277.260,273.313,97550.0,1.24047,1008.58,0.232939E-01,0.179044E-02,0.488867E-02,616.627,616.672,0.394099E-02,99.9926,0.456338E-01,273.276,-0.140786,0.336659,0.133433E-01,0.365155,0.172848E-13,0.430213E-15,0.365155,1.06963,75.9887,112.694,2.09414,-9999,0.613722E-01,0.607541E-01,18.4498,0.108944,-0.861922,-0.139714E-01,0,-9999,-9999,-9999,-9999,-9999,-9999,-9999,-0.459490E-02,1.01684,-0.973854,1.02899,1.23830,1.02971,4.16275,1.02976,0.274900E-01,1.02971,800000099,800010099,800000099,800000099,800000099,800100199,811110199,811110199,81100,81100,80,81,4,0,1,32,6,0,0.593848E-01,0.540921E-01,0.803088E-02,0.248527E-02,0.147579,59.8310,-0.778393E-03,0.416275E-02,0.274900E-01,16.0000,0.00000,248.327,52.0460,2.24662,97600.3,1.18411
CH-CHA_201811280100.csv,2018-11-28,06:00,332.250,0,36000,36000,-0.892423E-02,0,0.182482E-02,0.741864,0,0.203308,-3.78568,2,1.72123,0.791585,2,0.287596,-0.840349E-01,2,0.382080E-01,-0.139076,-0.986993E-01,1.31049,-0.219093E-02,0.283802E-10,0.397294E-12,19.2690,448.711,451.812,0.100000,0,269.747,6.28149,6.32120,0.250000,1,277.328,273.230,97551.0,1.24088,1008.55,0.232866E-01,-0.544546E-02,0.486084E-02,612.930,612.969,0.391726E-02,99.9937,0.386170E-01,273.193,-0.842163,-0.176942,0.401386E-01,0.861486,0.489863E-13,0.147284E-14,0.861486,1.76392,357.705,191.866,2.67051,-9999,0.848050E-01,0.835830E-01,-70.3918,-0.285545E-01,-0.195966,0.698998E-02,0,-9999,-9999,-9999,-9999,-9999,-9999,-9999,-0.880288E-02,1.01379,0.518477,1.02062,-3.67045,1.03210,0.762969,1.03214,-0.814767E-01,1.03210,800000099,800010099,800000099,800000099,800000099,800000099,801110199,811110199,81000,81000,80,81,0,1,1,0,5,2,0.963326E-01,0.607139E-01,0.101190E-01,0.139422E-02,0.997769E-02,57.4021,0.414287E-03,0.762969E-03,-0.814767E-01,16.0000,0.00000,248.000,50.0000,2.33459,97600.0,1.18421
CH-CHA_201811280100.csv,2018-11-28,06:30,332.271,0,36000,36000,-0.656757E-02,1,0.203153E-02,-0.222983,2,0.543566E-01,3.75542,1,5.16888,1.03074,0,0.221993,0.833494E-01,1,0.114720,-0.285056,-0.202311,-0.156599,-0.449017E-02,-0.940655E-10,-0.130843E-11,19.1665,446.000,448.898,0.250000,1,266.602,6.20378,6.24250,0.250000,1,277.320,273.060,97561.0,1.24181,1008.51,0.232698E-01,0.540104E-02,0.480418E-02,605.409,605.445,0.386868E-02,99.9941,0.357212E-01,273.023,-0.584736,0.196567,0.314942E-01,0.617695,0.104353E-12,-0.490781E-14,0.617695,1.66535,36.1294,161.419,2.92259,-9999,0.727235E-01,0.163081,147.693,0.136093E-01,-0.593763E-01,-0.244828E-02,0,-9999,-9999,-9999,-9999,-9999,-9999,-9999,-0.649034E-02,1.01190,-0.103981E-01,1.01977,3.65106,1.02435,0.982108,1.02438,0.810334E-01,1.02435,800000099,800010099,800000099,800000099,800000099,800100199,811110199,811110199,81100,81100,80,81,0,8,1,31,43,0,0.128517,0.186502,0.111416E-01,0.208630E-02,0.307512E-02,362.948,-0.830267E-05,0.982108E-03,0.810334E-01,16.0000,0.00000,248.000,50.0000,2.09811,97600.5,1.17959
CH-CHA_201811280100.csv,2018-11-28,07:00,332.292,0,36000,35989,0.496332E-02,1,0.915268E-03,4.31689,1,0.372811,-32.5796,2,10.9236,-3.46224,2,1.46365,-0.723038,2,0.242428,-0.119116,-0.877999E-01,0.323252,-0.194854E-02,0.218667E-09,0.298763E-11,19.4172,451.592,454.880,0.250000,1,265.296,6.17007,6.20837,0.250000,1,277.204,272.989,97588.0,1.24249,1008.49,0.232573E-01,-0.468529E-01,0.478064E-02,602.286,602.326,0.384761E-02,99.9933,0.403559E-01,272.952,0.251500,0.152556,0.792437E-02,0.294259,0.993851E-14,0.112615E-13,0.294259,0.758288,154.566,31.2403,1.54316,-9999,0.632032E-01,0.316943E-01,-5.00884,-0.401291,-0.132503,0.545088E-01,0,-9999,-9999,-9999,-9999,-9999,-9999,-9999,0.483143E-02,1.02730,2.38646,1.02910,-31.7980,1.02300,-3.30464,1.02302,-0.705693,1.02300,800000099,800010099,800000099,800000099,800000099,800010099,811110199,811110199,80000,80000,80,81,0,2,0,48,7,4,0.143211E-01,0.436208E-01,0.544668E-02,0.271643E-02,0.500945E-01,1446.49,0.190453E-02,-0.330464E-02,-0.705693,16.0000,0.00000,248.000,50.0000,2.09509,97617.3,1.17959
CH-CHA_201811280700.csv,2018-11-28,07:30,332.312,0,36000,36000,0.698182E-02,1,0.163781E-02,2.71374,1,0.453558,1.60093,1,1.18598,2.33050,1,0.411869,0.355384E-01,1,0.263270E-01,0.449277,0.313274,0.380396,0.695424E-02,0.179238E-09,0.246082E-11,19.6849,458.178,462.336,0.250000,1,270.260,6.29046,6.33028,0.250000,1,277.221,273.257,97607.0,1.24146,1008.56,0.232756E-01,0.230289E-02,0.487009E-02,614.158,614.171,0.392287E-02,99.9978,0.135118E-01,273.221,0.132860,0.137231E-01,-0.735556E-02,0.133769,-0.231285E-13,0.910538E-14,0.133769,0.993277,179.112,5.89718,-3.15210,-9999,0.749925E-01,0.527974E-01,-13.3121,-0.150990,1.69510,0.289012E-01,0,-9999,-9999,-9999,-9999,-9999,-9999,-9999,0.665625E-02,1.04891,2.68831,1.04362,1.44834,1.03173,2.09170,1.03173,0.321512E-01,1.03173,800000099,800010099,800000099,800000099,800000099,800010099,811110199,811110199,81000,81000,80,81,0,7,0,42,18,11,0.553995E-01,0.456591E-01,0.453621E-02,0.705063E-02,0.621442E-02,32.6483,0.214706E-02,0.209170E-02,0.321512E-01,16.0000,0.00000,248.000,50.0000,2.54927,97651.3,1.18757
CH-CHA_201811280700.csv,2018-11-28,08:00,332.333,0,36000,36000,-0.261260E-02,1,0.159726E-02,-5.22869,1,3.10558,3.62099,1,1.34877,1.93005,1,0.350683,0.803844E-01,1,0.299421E-01,0.771140E-01,0.523871E-01,0.199539E-01,0.116297E-02,-0.743337E-12,-0.102304E-13,19.6995,458.523,462.649,0.250000,1,271.121,6.31060,6.35067,0.250000,1,277.377,273.303,97622.0,1.24143,1008.58,0.232759E-01,0.520891E-02,0.488561E-02,616.218,616.225,0.393546E-02,99.9989,0.677848E-02,273.267,0.348268,0.450840,0.328069E-02,0.569700,-0.490158E-13,-0.377338E-16,0.569700,1.34900,133.370,52.3144,0.329947,-9999,0.458749E-01,0.595557E-01,1.58178,1.27072,-1.44400,-0.910303E-01,0,-9999,-9999,-9999,-9999,-9999,-9999,-9999,-0.249184E-02,1.04846,-4.59162,1.09767,3.17179,1.19325,1.83832,1.19359,0.704123E-01,1.19325,800000099,800010099,800000099,800000099,800000099,800000099,811110199,811110199,81100,81100,80,81,2,4,8,15,38,12,0.691064E-01,0.419160E-01,0.808872E-02,0.174345,0.422689E-02,29.3928,-0.366721E-02,0.183832E-02,0.704123E-01,16.0000,0.00000,248.000,50.0000,2.77889,97691.9,1.18972
CH-CHA_201811280700.csv,2018-11-28,08:30,332.354,1,36000,36000,-0.560310E-02,0,0.139101E-02,3.19858,0,0.660003,1.82730,0,1.05012,1.33238,1,0.424620,0.405809E-01,0,0.233212E-01,0.678055,0.484611,0.565733E-03,0.107623E-01,0.666713E-10,0.944695E-12,19.6736,458.533,462.803,0.250000,1,278.764,6.49717,6.53966,0.250000,1,276.233,273.708,97636.0,1.23969,1008.68,0.233071E-01,0.262964E-02,0.502333E-02,634.528,634.571,0.405210E-02,99.9932,0.431508E-01,273.671,0.187015,0.286269,0.100128E-01,0.342089,-0.553079E-13,0.338887E-14,0.342089,1.14096,123.839,56.8440,1.67726,-9999,0.672293E-01,0.914074E-01,-8.13935,-0.246948,1.75044,0.380481E-01,0,-9999,-9999,-9999,-9999,-9999,-9999,-9999,-0.546899E-02,1.02452,3.21476,1.02726,1.66035,1.02275,1.10476,1.02276,0.368733E-01,1.02275,800000099,800000099,800000099,800000099,800000099,800001099,811110199,811110199,81100,81100,80,81,3,6,0,22,2,2,0.460201E-01,0.128597,0.819811E-02,0.142184E-01,0.604341E-02,33.9008,0.257089E-02,0.110476E-02,0.368733E-01,16.0000,0.00000,248.000,50.0000,3.26949,97699.6,1.19764
CH-CHA_201811280700.csv,2018-11-28,09:00,332.375,1,36000,36000,-0.581256E-02,1,0.105192E-02,5.23692,0,0.901162,3.70881,0,0.608848,0.425942,2,0.103476,0.823927E-01,0,0.135258E-01,0.582095,0.423427,-0.133976,0.940662E-02,0.812591E-10,0.118634E-11,19.5554,456.208,460.593,0.250000,1,285.498,6.66040,6.70505,0.250000,1,276.748,274.056,97668.0,1.23844,1008.78,0.233290E-01,0.533905E-02,0.514467E-02,650.682,650.720,0.415415E-02,99.9942,0.377417E-01,274.019,-0.791470E-01,0.559250,0.393417E-02,0.564837,0.193819E-12,0.415533E-14,0.564837,1.19608,87.2656,98.0552,0.399076,-9999,0.685087E-01,0.495504E-01,-5.26198,-0.381985,1.41202,0.611871E-01,0,-9999,-9999,-9999,-9999,-9999,-9999,-9999,-0.571238E-02,1.01754,5.32551,1.02277,3.40153,1.02528,0.870323E-01,1.02531,0.755665E-01,1.02528,800000099,800000099,800000099,800000099,800000099,800000099,811110199,811110199,81100,81100,80,81,7,4,0,30,4,8,0.281904E-01,0.621231E-01,0.878743E-02,0.204256E-01,0.178332E-02,8.54750,0.426277E-02,0.870323E-04,0.755665E-01,16.0000,0.00000,248.000,50.0000,3.78421,97700.2,1.20220
CH-CHA_201811280700.csv,2018-11-28,09:30,332.396,1,36000,36000,-0.266480E-02,0,0.333132E-03,7.41092,0,1.46018,5.14068,0,0.509353,-0.430571,0,0.188540,0.114232,0,0.113184E-01,0.447931,0.333686,-0.375172E-02,0.741486E-02,0.207470E-10,0.308795E-12,19.5369,456.143,460.619,0.250000,1,290.784,6.78916,6.83557,0.250000,1,277.357,274.324,97685.0,1.23739,1008.85,0.233478E-01,0.740222E-02,0.523993E-02,663.377,663.403,0.423467E-02,99.9961,0.258727E-01,274.288,-0.524655,0.326633,0.148414E-01,0.618201,0.173956E-13,0.106194E-14,0.618201,1.20843,39.3424,148.095,1.37565,-9999,0.464066E-01,0.396505E-01,-1.15590,-1.73891,1.44162,0.127926,0,-9999,-9999,-9999,-9999,-9999,-9999,-9999,-0.262131E-02,1.01659,7.53482,1.02219,4.69880,1.02634,-0.882212,1.02638,0.104413,1.02634,800000099,800000099,800000099,800000099,800000099,800000099,811110199,811110199,80100,80100,80,81,3,1,0,18,10,18,0.314619E-01,0.379248E-01,0.991436E-02,0.681335E-01,0.234844E-02,8.45594,0.603589E-02,-0.882212E-03,0.104413,16.0000,0.00000,248.000,50.0000,4.19653,97707.0,1.20796
CH-CHA_201811280700.csv,2018-11-28,10:00,332.417,1,36000,36000,-0.533845E-02,0,0.168185E-02,5.71325,1,2.37181,8.58038,0,1.33641,-1.31346,1,0.676426,0.190746,0,0.297091E-01,0.744290,0.569945,-0.214386,0.126702E-01,-0.637750E-10,-0.988107E-12,19.3465,452.414,456.952,0.250000,1,299.748,7.00954,7.05902,0.250000,1,278.155,274.770,97689.0,1.23533,1008.98,0.233848E-01,0.123603E-01,0.540146E-02,684.939,684.997,0.437250E-02,99.9916,0.575397E-01,274.733,-0.274789,0.343967,0.226131E-01,0.440833,0.655460E-13,-0.329646E-14,0.440833,1.48600,59.7630,128.621,2.94035,-9999,0.657381E-01,0.675409E-01,-4.26239,-0.471567,0.665850,0.697271E-01,0,-9999,-9999,-9999,-9999,-9999,-9999,-9999,-0.523072E-02,1.02060,6.05380,1.02470,8.10601,1.02335,-1.68317,1.02337,0.180201,1.02335,800000099,800000099,800000099,800000099,800000099,800000099,811110199,811110199,80100,80100,80,81,2,4,0,0,14,22,0.620399E-01,0.619383E-01,0.111035E-01,0.198978,0.224928E-01,25.5905,0.485697E-02,-0.168317E-02,0.180201,16.0000,0.00000,248.000,50.0000,4.85890,97717.6,1.21908
CH-CHA_201811280700.csv,2018-11-28,10:30,332.437,1,36000,36000,-0.727485E-02,0,0.213242E-02,23.4690,0,3.62173,20.0656,0,2.52802,-4.41302,1,1.63843,0.446401,0,0.562410E-01,1.30518,1.03467,-0.866985,0.230183E-01,-0.116852E-09,-0.198031E-11,18.6533,437.296,441.790,0.250000,1,316.120,7.41092,7.46625,0.250000,1,279.060,275.554,97723.0,1.23205,1009.21,0.234434E-01,0.289268E-01,0.569648E-02,724.411,724.467,0.462358E-02,99.9924,0.550595E-01,275.517,-0.479187,0.248224,0.290961E-01,0.540446,0.389974E-13,-0.626442E-14,0.540446,1.46485,33.0028,152.615,3.08613,-9999,0.768418E-01,0.829895E-01,-1.65777,-1.21247,1.16961,0.245633,0,-9999,-9999,-9999,-9999,-9999,-9999,-9999,-0.714600E-02,1.01803,24.0608,1.02307,18.4845,1.02484,-5.74317,1.02487,0.411227,1.02484,800000099,800000099,800000099,800000099,800000099,800000099,811010199,811110199,80100,80100,80,81,0,3,0,14,3,3,0.668202E-01,0.789250E-01,0.202334E-01,0.101577,0.356930E-01,48.4086,0.193508E-01,-0.574317E-02,0.411227,16.0000,0.00000,248.000,50.0000,6.20558,97771.8,1.23687
CH-CHA_201811280700.csv,2018-11-28,11:00,332.458,1,36000,36000,-0.466861E-01,1,0.734461E-02,-15.9025,2,7.61473,33.1869,1,5.70246,3.51542,2,2.50212,0.738485,1,0.126893,0.409271,0.330297,-0.657174,0.734986E-02,-0.130684E-08,-0.231371E-10,18.1521,425.829,430.168,0.250000,1,321.376,7.53917,7.59644,0.250000,1,278.696,275.800,97745.0,1.23117,1009.28,0.234590E-01,0.478539E-01,0.579120E-02,737.113,737.259,0.470382E-02,99.9802,0.145977,275.762,-0.222517,0.765622,-0.125801,0.807166,0.899946E-13,-0.719938E-13,0.807166,2.82280,78.2763,106.206,-8.96639,-9999,0.194731,0.193478,39.8243,0.504718E-01,-0.479179,-0.657201E-01,0,-9999,-9999,-9999,-9999,-9999,-9999,-9999,-0.461271E-01,1.01212,-13.7271,1.02299,32.1781,1.04440,3.87102,1.04448,0.716036,1.04440,800000099,800000099,800000099,800000099,800000099,800000099,800010199,810110199,81100,81100,80,81,12,9,13,7,23,9,0.180679,0.166507,0.397699E-01,0.115096,0.201521E-01,98.2000,-0.110471E-01,0.387102E-02,0.716036,16.0000,0.00000,248.000,50.0000,7.12921,97799.6,1.24631
CH-CHA_201811280700.csv,2018-11-28,11:30,332.479,1,36000,36000,-0.771185E-02,1,0.192664E-02,9.67243,1,3.45744,32.1325,1,4.31211,-7.03171,1,0.946676,0.715138,1,0.959699E-01,0.285972,0.240924,-0.164171,0.536199E-02,-0.139072E-09,-0.250968E-11,18.0179,422.963,427.246,0.250000,1,325.151,7.63279,7.69150,0.250000,1,279.678,275.972,97741.0,1.23031,1009.34,0.234746E-01,0.463409E-01,0.585922E-02,746.236,746.322,0.476240E-02,99.9885,0.858271E-01,275.935,-0.213147,0.866702,0.681750E-02,0.892553,-0.937291E-13,-0.771852E-14,0.892553,2.40927,80.0956,103.816,0.437641,-9999,0.791721E-01,0.214787,-4.40031,-0.456786,0.301017,0.983811E-01,0,-9999,-9999,-9999,-9999,-9999,-9999,-9999,-0.760880E-02,1.01354,11.2649,1.02050,30.4723,1.03290,-7.59260,1.03295,0.678188,1.03290,800000099,800000099,800000099,800000099,800000099,800001099,800100199,810110199,80100,80100,80,80,0,0,0,14,20,3,0.165324,0.233470,0.307785E-01,0.288276,0.121496E-01,115.002,0.907147E-02,-0.759260E-02,0.678188,16.0000,0.00000,248.000,50.0000,7.35198,97788.9,1.24742
CH-CHA_201811280700.csv,2018-11-28,12:00,332.500,1,36000,36000,-0.108210E-01,0,0.297305E-02,32.5358,0,4.38801,35.7169,0,4.10790,-7.38906,0,0.960061,0.795326,0,0.914727E-01,0.910922,0.778961,0.259765E-01,0.173455E-01,0.517798E-10,0.970529E-12,17.9994,423.417,427.713,0.250000,1,337.370,7.93629,7.99977,0.250000,1,281.071,276.521,97730.0,1.22759,1009.51,0.235239E-01,0.515371E-01,0.607942E-02,775.821,775.913,0.495233E-02,99.9882,0.915577E-01,276.484,-0.393973,0.576313,0.215433E-01,0.698438,-0.132195E-12,0.287675E-14,0.698438,2.42959,54.9096,124.357,1.76757,-9999,0.938874E-01,0.270897,-2.18150,-0.921386,0.910934,0.279632,0,-9999,-9999,-9999,-9999,-9999,-9999,-9999,-0.106564E-01,1.01544,33.8561,1.02151,33.0656,1.02811,-9.17654,1.02814,0.736288,1.02811,800000099,800000099,800000099,800000099,800000099,800001099,800000199,800000199,80100,80100,80,81,0,0,0,26,43,28,0.223583,0.281363,0.368471E-01,0.169623,0.122324E-01,110.906,0.273195E-01,-0.917654E-02,0.736288,16.0000,0.00000,248.000,50.0000,8.19629,97749.0,1.25686
CH-CHA_201811280700.csv,2018-11-28,12:30,332.521,1,36000,36000,-0.156984E-01,0,0.279312E-02,29.4181,0,6.50537,36.1454,0,4.38136,-7.92813,0,1.14735,0.805279,0,0.976118E-01,0.887538,0.763297,0.572247E-01,0.170054E-01,-0.116621E-09,-0.226263E-11,18.0042,424.421,428.710,0.250000,1,349.311,8.23446,8.30283,0.250000,1,282.592,277.057,97714.0,1.22487,1009.69,0.235734E-01,0.521821E-01,0.629459E-02,804.838,805.799,0.513898E-02,99.8807,0.961318,277.004,-0.438928,0.720782,0.301361E-01,0.844448,-0.490194E-13,-0.647741E-14,0.844448,2.29813,64.2107,121.340,2.04517,-9999,0.113209,0.204228,-4.22958,-0.475224,0.813882,0.210114,0,-9999,-9999,-9999,-9999,-9999,-9999,-9999,-0.154828E-01,1.01393,30.8564,1.02069,33.4427,1.03166,-9.51406,1.03171,0.745066,1.03166,800000099,800000099,800000099,800000099,800000099,800001099,800000199,800110199,80100,80100,80,81,1,2,0,6,14,13,0.210006,0.163506,0.349432E-01,0.325824,0.146645E-01,110.198,0.249498E-01,-0.951406E-02,0.745066,16.0000,0.00000,248.000,50.0000,8.66177,97724.5,1.25959
CH-CHA_201811280700.csv,2018-11-28,13:00,332.542,1,36000,35990,-0.107311E-01,0,0.281596E-02,20.2155,1,3.04591,38.3100,0,3.79452,-9.22366,0,1.07167,0.853753,0,0.845621E-01,0.504507,0.410852,-0.270881E-01,0.915598E-02,0.115056E-09,0.227841E-11,17.9646,423.945,428.244,0.250000,1,355.745,8.39517,8.46625,0.250000,1,284.185,277.362,97716.0,1.22348,1009.78,0.235989E-01,0.553232E-01,0.641052E-02,820.563,823.255,0.523959E-02,99.6729,2.69287,277.280,0.226148,0.764893,0.477755E-01,0.799054,0.264147E-13,0.640461E-14,0.799054,1.94589,112.026,73.5292,3.42776,-9999,0.936534E-01,0.169005,-3.48475,-0.576799,0.527681,0.174719,0,-9999,-9999,-9999,-9999,-9999,-9999,-9999,-0.105794E-01,1.01433,21.9732,1.02090,35.9495,1.03052,-10.3298,1.03056,0.801147,1.03052,800000099,800000099,800000099,800000099,800000099,800000099,800000199,811100199,80100,80100,80,81,2,1,0,6,35,13,0.133936,0.179537,0.245377E-01,0.165184,0.161102E-01,103.301,0.177857E-01,-0.103298E-01,0.801147,16.0000,0.00000,248.000,50.0000,8.46901,97720.8,1.26208
CH-CHA_201811281300.csv,2018-11-28,13:30,332.562,1,36000,36000,-0.139770E-01,0,0.295032E-02,17.2473,1,2.72164,35.0221,0,3.47645,-8.33037,0,0.905245,0.780543,0,0.774802E-01,0.138893,0.125880,-0.224726E-01,0.280550E-02,0.220593E-09,0.439803E-11,17.9408,423.550,427.887,0.250000,1,357.691,8.44443,8.51635,0.250000,1,285.363,277.446,97707.0,1.22297,1009.81,0.236082E-01,0.505792E-01,0.644559E-02,825.302,828.121,0.527044E-02,99.6595,2.81975,277.362,-0.732471,0.564630,0.369219E-01,0.925572,0.196545E-12,0.122956E-13,0.925572,2.45004,44.3202,142.373,2.28619,-9999,0.106905,0.294586,-6.07488,-0.330871,0.492470,0.130637,0,-9999,-9999,-9999,-9999,-9999,-9999,-9999,-0.137935E-01,1.01331,18.8900,1.02039,32.8105,1.03377,-9.25126,1.03382,0.731252,1.03377,800000099,800000099,800000099,800000099,800000099,800011099,800010199,801110199,80100,80100,80,81,0,0,0,13,25,26,0.202208,0.354471,0.324933E-01,0.118133,0.113131E-01,79.3751,0.152960E-01,-0.925126E-02,0.731252,16.0000,0.00000,248.000,50.0000,8.47209,97706.8,1.26316
CH-CHA_201811281300.csv,2018-11-28,14:00,332.583,1,36000,36000,0.558187E-02,1,0.430573E-02,22.9148,0,2.29354,34.3323,0,3.66762,-8.15357,0,1.05775,0.765323,0,0.817573E-01,0.353549,0.322009,-0.339048E-01,0.717812E-02,-0.201041E-10,-0.407383E-12,17.9001,422.955,427.306,0.250000,1,362.721,8.57059,8.64468,0.250000,1,286.001,277.660,97698.0,1.22186,1009.88,0.236286E-01,0.495929E-01,0.653624E-02,837.554,840.633,0.534943E-02,99.6337,3.07924,277.572,-0.654135,0.149864,0.360089E-01,0.672048,0.163156E-13,-0.112313E-14,0.672048,2.44438,17.5824,167.096,3.07143,-9999,0.675896E-01,0.211725,-1.15549,-1.73952,0.667441,0.274755,0,-9999,-9999,-9999,-9999,-9999,-9999,-9999,0.549511E-02,1.01579,24.3918,1.02171,32.0676,1.02751,-9.41519,1.02754,0.714840,1.02751,800000099,800000099,800000099,800000099,800000099,800001199,801110199,811110199,80100,80100,80,81,11,7,0,28,43,39,0.223605,0.170930,0.289153E-01,0.507123E-01,0.143180E-01,85.0975,0.197676E-01,-0.941519E-02,0.714840,16.0000,0.00000,248.000,50.0000,8.40482,97700.1,1.26578
CH-CHA_201811281300.csv,2018-11-28,14:30,332.604,1,36000,36000,-0.115732E-01,0,0.405175E-02,39.9476,1,6.05242,37.0805,0,4.41079,-7.91750,0,1.26509,0.826883,0,0.983593E-01,0.623573,0.527505,-0.608798E-01,0.117632E-01,0.201007E-09,0.418211E-11,17.8278,421.883,426.260,0.250000,1,370.922,8.77764,8.85537,0.250000,1,286.417,278.038,97683.0,1.21991,1010.00,0.236644E-01,0.535820E-01,0.668402E-02,857.656,863.142,0.547910E-02,99.3644,5.48613,277.911,-0.422009,0.284889,0.413893E-01,0.510849,0.153042E-13,0.112749E-13,0.510849,1.96761,44.3688,145.978,4.64724,-9999,0.974006E-01,0.152431,-1.98339,-1.01342,1.07732,0.332873,0,-9999,-9999,-9999,-9999,-9999,-9999,-9999,-0.113608E-01,1.01869,41.1608,1.02349,33.9883,1.02433,-10.0993,1.02436,0.757929,1.02433,800000099,800000099,800000099,800000099,800000099,800001199,811110199,811110199,80100,80100,81,81,1,10,1,10,38,42,0.165270,0.114750,0.248431E-01,0.188285,0.139942E-01,84.8915,0.334066E-01,-0.100993E-01,0.757929,16.0000,0.00000,248.000,50.0000,9.06584,97700.1,1.27374
CH-CHA_201811281300.csv,2018-11-28,15:00,332.625,1,36000,36000,-0.739156E-02,0,0.202348E-02,8.82443,1,3.23085,22.0602,0,3.03711,-5.96370,0,0.865386,0.491971,0,0.677315E-01,0.125339,0.138795,-0.264630E-01,0.309532E-02,0.915610E-10,0.191896E-11,17.8028,421.417,425.805,0.250000,1,373.115,8.83214,8.91084,0.250000,1,287.496,278.114,97681.0,1.21953,1010.04,0.236713E-01,0.318797E-01,0.672354E-02,862.964,867.732,0.551323E-02,99.4505,4.76819,277.999,-0.463694,0.222617,0.249364E-01,0.514968,-0.818241E-14,0.514307E-14,0.514968,2.07945,39.0815,154.355,2.77553,-9999,0.778524E-01,0.151910,-4.58504,-0.438382,0.400016,0.920206E-01,0,-9999,-9999,-9999,-9999,-9999,-9999,-9999,-0.725662E-02,1.01860,9.89553,1.02343,20.9238,1.02440,-6.47157,1.02443,0.466629,1.02440,800000099,800000099,800000099,800000099,800000099,800001199,811110199,811110199,80100,80100,80,80,0,5,0,21,41,36,0.107726,0.173021,0.230727E-01,0.156715,0.962304E-02,60.3605,0.803362E-02,-0.647157E-02,0.466629,16.0000,0.00000,248.000,50.0000,9.02676,97699.9,1.27419
CH-CHA_201811281300.csv,2018-11-28,15:30,332.646,1,36000,36000,0.654498E-02,0,0.203043E-02,3.20450,1,1.06849,14.1364,0,1.86376,-4.12191,0,0.567122,0.315245,0,0.415622E-01,-0.841318E-01,-0.562423E-01,0.510544E-01,-0.125422E-02,-0.119186E-09,-0.248638E-11,17.8457,422.316,426.708,0.200000,0,372.285,8.81006,8.88837,0.200000,0,288.284,278.063,97690.0,1.21987,1010.03,0.236648E-01,0.204279E-01,0.670858E-02,860.886,864.650,0.549940E-02,99.5647,3.76382,277.965,-0.425943,-0.193946,-0.790611E-02,0.468087,0.203495E-13,-0.667870E-14,0.468087,1.46472,343.000,204.481,-0.967787,-9999,0.732481E-01,0.788183E-01,-10.5164,-0.191130,0.226684,0.355073E-01,0,-9999,-9999,-9999,-9999,-9999,-9999,-9999,0.641797E-02,1.01979,3.94759,1.02419,13.5350,1.02369,-4.31954,1.02372,0.301834,1.02369,800000099,800000099,800000099,800000099,800000099,800011199,811110199,811110199,80100,80100,80,81,3,0,0,28,23,33,0.669635E-01,0.772223E-01,0.134509E-01,0.271449E-01,0.587259E-02,31.5663,0.320395E-02,-0.431954E-02,0.301834,16.0000,0.00000,248.000,50.0000,8.47708,97700.5,1.27041
CH-CHA_201811281300.csv,2018-11-28,16:00,332.667,1,36000,36000,-0.606896E-02,1,0.840098E-03,12.7148,1,2.63758,13.6800,0,1.62716,-2.57158,0,0.426349,0.305126,0,0.362931E-01,0.342858,0.219697,-0.148884E-02,0.490027E-02,0.876887E-10,0.184734E-11,17.8304,422.290,426.695,0.250000,1,375.633,8.89639,8.97624,0.250000,1,288.853,278.271,97685.0,1.21886,1010.07,0.236837E-01,0.197722E-01,0.676890E-02,869.277,877.281,0.555347E-02,99.0876,8.00431,278.104,-0.388090E-01,-0.357138,0.708181E-02,0.359311,0.206262E-13,0.491793E-14,0.359311,2.00012,282.948,263.798,1.12934,-9999,0.705635E-01,0.801579E-01,-2.36954,-0.848264,0.929444,0.146359,0,-9999,-9999,-9999,-9999,-9999,-9999,-9999,-0.592850E-02,1.02369,13.1775,1.02672,12.6454,1.02276,-3.28732,1.02278,0.282052,1.02276,800000099,800000099,800000099,800000099,800101099,801111199,811110199,811110199,80100,80100,81,81,4,4,2,27,27,26,0.987681E-01,0.509793E-01,0.105685E-01,0.122604,0.481016E-02,31.2402,0.107036E-01,-0.328732E-02,0.282052,16.0000,0.00000,248.000,50.0000,8.38580,97700.3,1.27443
CH-CHA_201811281300.csv,2018-11-28,16:30,332.687,1,36000,36000,-0.381701E-02,1,0.922203E-03,-0.666875,2,0.540145,6.32505,1,1.69462,0.807555,1,0.384372,0.141027,1,0.377842E-01,-0.630611,-0.471499,0.941025E-01,-0.105128E-01,-0.591552E-11,-0.121556E-12,17.9276,423.945,428.492,0.250000,1,368.388,8.71148,8.78803,0.300000,0,289.104,277.889,97700.0,1.22081,1009.96,0.236476E-01,0.913854E-02,0.663834E-02,851.339,854.207,0.543766E-02,99.6643,2.86757,277.805,-0.319022,-0.129587,0.458667E-02,0.344367,0.622377E-13,-0.329967E-15,0.344367,1.14197,352.059,202.107,0.763151,-9999,0.559162E-01,0.160183,22.4818,0.894058E-01,-0.105434,-0.967284E-02,0,-9999,-9999,-9999,-9999,-9999,-9999,-9999,-0.375718E-02,1.01592,-0.282353,1.02444,6.17410,1.02073,0.766731,1.02076,0.137661,1.02073,800000099,800010099,800000099,800000099,800000099,800010099,811110199,811110199,81100,81100,80,81,2,1,0,11,18,2,0.780001E-01,0.239093,0.327310E-02,0.126574E-01,0.132657E-01,131.784,-0.229002E-03,0.766731E-03,0.137661,16.0000,0.00000,248.000,50.0000,7.66696,97711.5,1.26760
CH-CHA_201811281300.csv,2018-11-28,17:00,332.708,0,36000,36000,0.551499E-02,1,0.142898E-02,-0.450753,1,0.342549,0.914010,1,0.278559,0.477590,1,0.160958,0.203655E-01,1,0.620672E-02,-1.16809,-1.03943,0.281113,-0.231600E-01,-0.199530E-09,-0.386383E-11,18.1783,428.878,433.655,0.250000,1,352.016,8.30505,8.37461,0.250000,1,288.780,277.183,97678.0,1.22383,1009.73,0.235928E-01,0.131969E-02,0.634333E-02,811.439,812.970,0.518317E-02,99.8116,1.53164,277.121,0.143833,0.277822,0.455375E-02,0.312880,-0.999375E-13,-0.109763E-13,0.312880,1.16293,117.148,62.6286,0.833930,-9999,0.671292E-01,0.710639E-01,57.5380,0.349334E-01,-0.493159,-0.543375E-02,0,-9999,-9999,-9999,-9999,-9999,-9999,-9999,0.542514E-02,1.01656,-0.386767,1.02421,0.910321,1.01855,0.483789,1.01858,0.202834E-01,1.01855,800000099,800110099,800000099,800000099,800000199,800100199,811110199,811110199,81100,81100,81,81,0,0,1,20,15,40,0.108031,0.309855E-01,0.311127E-02,0.812023E-02,0.657800E-02,6.51658,-0.312985E-03,0.483789E-03,0.202834E-01,16.0000,0.00000,248.000,50.0000,6.77354,97699.9,1.25341
CH-CHA_201811281300.csv,2018-11-28,17:30,332.729,0,36000,36000,-0.251654E-02,1,0.697846E-03,0.211381E-01,2,0.286085,4.77087,1,2.44730,5.46203,1,2.09814,0.106254,1,0.545048E-01,-0.793834,-0.695260,0.709783,-0.154844E-01,-0.325073E-10,-0.591776E-12,18.7375,441.312,445.929,0.250000,1,341.105,8.03379,8.09886,0.450000,0,288.589,276.704,97677.0,1.22606,1009.58,0.235523E-01,0.688526E-02,0.614671E-02,784.927,786.004,0.501336E-02,99.8630,1.07683,276.649,-0.167519,0.739805E-02,0.399889E-02,0.167730,0.120397E-12,-0.173488E-14,0.167730,0.708378,29.8991,177.471,1.36613,-9999,0.453050E-01,0.471032E-01,-377.142,-0.532956E-02,0.443065E-02,0.376937E-03,0,-9999,-9999,-9999,-9999,-9999,-9999,-9999,-0.241673E-02,1.04130,0.295606,1.03847,4.60303,1.02793,5.26683,1.02794,0.102516,1.02793,800000099,800100099,800000099,800000099,800000099,800001099,811110199,811110199,81100,81100,80,81,0,0,4,4,1,1,0.438764E-01,0.493826E-01,0.947347E-03,0.462616E-01,0.556228,434.785,0.238816E-03,0.526683E-02,0.102516,16.0000,0.00000,248.000,50.0000,5.98837,97699.9,1.24629
CH-CHA_201811281300.csv,2018-11-28,18:00,332.750,0,36000,36000,-0.577301E-02,1,0.589444E-03,-0.371456,1,0.608078,-1.00093,1,0.770516,2.08894,1,1.08668,-0.222779E-01,1,0.171496E-01,-1.10629,-0.946343,-0.677024E-01,-0.210630E-01,0.454117E-10,0.790931E-12,18.7318,440.129,444.766,0.250000,1,326.250,7.66568,7.72490,0.250000,1,288.125,276.038,97674.0,1.22916,1009.36,0.234963E-01,-0.144361E-02,0.587903E-02,748.939,749.826,0.478298E-02,99.8817,0.887044,275.986,-0.200640,0.263386,0.719278E-02,0.331180,-0.485091E-13,0.242431E-14,0.331180,0.984175,67.8376,127.299,1.24448,-9999,0.685326E-01,0.103334,74.2810,0.270594E-01,0.371112,-0.436874E-02,0,-9999,-9999,-9999,-9999,-9999,-9999,-9999,-0.568141E-02,1.01612,-0.420804,1.02403,-0.958830,1.01932,2.07885,1.01935,-0.213410E-01,1.01932,800000099,800100099,800000099,800000099,800100099,810101099,811110199,811110199,81000,81000,80,81,0,0,1,10,37,1,0.430969E-01,0.162391,0.118018E-02,0.445788E-01,0.217531,57.0653,-0.339178E-03,0.207885E-02,-0.213410E-01,16.0000,0.00000,248.000,50.0000,5.11531,97699.6,1.23381
CH-CHA_201811281300.csv,2018-11-28,18:30,332.771,0,36000,36000,-0.227241E-02,1,0.796978E-03,-0.579407,1,0.997827,-3.05647,2,4.06589,-0.501235,2,0.833518,-0.679931E-01,2,0.904480E-01,-0.922209,-0.762280,-0.164003,-0.169574E-01,0.875485E-10,0.147559E-11,18.6508,437.269,441.395,0.250000,1,314.350,7.36997,7.42469,0.350000,0,287.625,275.484,97691.0,1.23198,1009.19,0.234451E-01,-0.440595E-02,0.566460E-02,720.173,720.862,0.459796E-02,99.9044,0.689144,275.435,-0.137222,0.157641,0.123961E-01,0.209366,0.402395E-13,0.469409E-14,0.209366,0.848705,76.5500,131.039,3.39434,-9999,0.429479E-01,0.661553E-01,11.7209,0.171488,0.189567,-0.108509E-01,0,-9999,-9999,-9999,-9999,-9999,-9999,-9999,-0.222053E-02,1.02336,-0.732661,1.03999,-2.92898,1.02767,-0.428082,1.02772,-0.651570E-01,1.02767,800000099,800100099,800000099,800000099,800000099,800100099,811110199,811110199,81100,81100,80,81,32,1,0,17,20,0,0.361920E-01,0.939429E-01,0.217557E-02,0.519776E-01,0.191391,623.211,-0.589288E-03,-0.428082E-03,-0.651570E-01,16.0000,0.00000,248.000,50.0000,4.23421,97704.5,1.22199
CH-CHA_201811281300.csv,2018-11-28,19:00,332.792,0,36000,35989,-0.140214E-02,1,0.101580E-02,2.52522,1,0.753092,9.15300,1,12.8182,1.26500,2,8.10638,0.203470,1,0.284945,-1.24684,-0.988920,-4.76024,-0.219835E-01,0.337769E-10,0.665811E-12,15.1618,354.487,356.312,0.250000,1,298.870,6.98767,7.03684,0.250000,1,287.089,274.737,97696.0,1.23557,1008.97,0.233803E-01,0.131848E-01,0.538564E-02,682.851,683.378,0.435882E-02,99.9229,0.526884,274.691,-0.291073,-0.103820,0.166722E-01,0.309484,0.197675E-14,0.222776E-14,0.309484,0.929139,343.686,199.630,3.08807,-9999,0.336869E-01,0.960911E-01,-1.29774,-1.54884,0.275890,0.601303E-01,0,-9999,-9999,-9999,-9999,-9999,-9999,-9999,-0.136617E-02,1.02633,2.98209,1.02845,8.78893,1.02287,1.05689,1.02288,0.195376,1.02287,800000099,800100099,800000099,800000099,800000099,810011199,811110199,811110199,80000,80000,80,81,4,0,4,19,0,0,0.818280E-01,0.108390,0.196368E-02,0.848283E-01,9.69457,10258.2,0.239208E-02,0.105689E-02,0.195376,16.0000,0.00000,249.228,57.6768,3.28804,97717.2,1.21071
CH-CHA_201811281900.csv,2018-11-28,19:30,332.812,0,36000,36000,-0.263998E-02,1,0.153742E-02,-2.43056,1,2.82876,-10.1780,2,6.24556,-17.0377,1,5.36464,-0.226224,2,0.138819,-0.237145,-0.182648,-4.37196,-0.405968E-02,-0.391575E-10,-0.972561E-12,11.9183,278.499,278.759,0.250000,1,296.017,6.91711,6.96529,0.250000,1,286.696,274.595,97700.0,1.23629,1008.93,0.233673E-01,-0.146593E-01,0.533423E-02,675.983,676.451,0.431469E-02,99.9309,0.467427,274.550,-0.154975,0.214030,0.118614E-01,0.264512,0.105583E-12,-0.328549E-14,0.264512,1.14577,66.5393,125.908,2.57015,-9999,0.462103E-01,0.720435E-01,3.48034,0.577529,0.238806,-0.421683E-01,0,-9999,-9999,-9999,-9999,-9999,-9999,-9999,-0.254754E-02,1.03629,-2.82964,1.07129,-9.38627,1.06678,-15.8311,1.06689,-0.208627,1.06678,800000099,800000099,800000099,800000099,800000099,800100199,811110199,811110199,80000,80000,80,81,0,0,0,0,0,0,0.553007E-01,0.834996E-01,0.528656E-02,0.166389,0.942645,608.796,-0.226856E-02,-0.158311E-01,-0.208627,16.0000,0.00000,251.234,70.2144,2.86873,97745.1,1.20741
CH-CHA_201811281900.csv,2018-11-28,20:00,332.833,0,36000,36000,-0.882341E-02,1,0.180885E-02,-3.17109,2,2.07662,-9999,-9999,-9999,-9999,-9999,-9999,-9999,-9999,-9999,-0.873482,2731.49,-9999,60.6822,-9999,-9999,-9999,-9999,-9999,-9999,1,-9999,-9999,-9999,-9999,1,286.010,274.073,97712.0,1.23892,1008.78,0.233200E-01,-9999,0.514820E-02,651.168,651.518,0.415539E-02,99.9463,0.349865,274.030,0.293597,0.125868,0.269340E-01,0.320573,-0.104857E-12,0.134176E-13,0.320573,1.21561,180.963,23.2053,4.81957,-9999,0.843910E-01,0.151972,16.2483,0.123705,-9999,-0.300658E-01,0,-9999,-9999,-9999,-9999,-9999,-9999,-9999,-0.866644E-02,1.01811,-3.07561,1.03105,-9999,-9999,-9999,-9999,-9999,-9999,800000099,800100199,800000099,800001199,800000099,800000199,811110199,811110199,80100,80100,80,81,0,0,2,0,0,0,0.163328,0.138577,0.203842E-02,0.220337,-9999,-9999,-0.246090E-02,-9999,-9999,16.0000,0.00000,254.321,89.5035,2.24469,97782.4,1.19953
CH-CHA_201811281900.csv,2018-11-28,20:30,332.854,0,36000,36000,-0.354746E-02,1,0.545510E-03,0.393098,1,0.199027,-9999,-9999,-9999,-9999,-9999,-9999,-9999,-9999,-9999,-0.539520,1652.30,-9999,36.6960,-9999,-9999,-9999,-9999,-9999,-9999,1,-9999,-9999,-9999,-9999,1,285.403,273.751,97728.0,1.24065,1008.69,0.232888E-01,-9999,0.503606E-02,636.236,636.547,0.405919E-02,99.9511,0.311271,273.709,0.131362,0.282142,0.948403E-02,0.311368,-0.606957E-13,-0.365524E-14,0.311368,0.704699,122.588,65.0339,1.74546,-9999,0.534728E-01,0.366096E-01,-33.3475,-0.602744E-01,-9999,0.587436E-02,0,-9999,-9999,-9999,-9999,-9999,-9999,-9999,-0.345684E-02,1.02622,0.382250,1.02838,-9999,-9999,-9999,-9999,-9999,-9999,800000099,800100199,800000099,800001199,800010199,801110199,811110099,811110099,80000,80000,80,81,0,39,3,11,5,0,0.202598E-01,0.521360E-01,0.823323E-03,0.330127E-01,-9999,-9999,0.305450E-03,-9999,-9999,16.0000,0.00000,254.749,92.1811,2.06900,97799.5,1.19511
CH-CHA_201811281900.csv,2018-11-28,21:00,332.875,0,36000,36000,0.199453E-02,1,0.426931E-03,-0.143942,1,0.192697,-9999,-9999,-9999,-9999,-9999,-9999,-9999,-9999,-9999,0.949868,-2917.60,-9999,-64.8319,-9999,-9999,-9999,-9999,-9999,-9999,1,-9999,-9999,-9999,-9999,1,285.528,274.319,97737.0,1.23807,1008.84,0.233350E-01,-9999,0.523640E-02,662.919,663.165,0.422948E-02,99.9630,0.245371,274.278,0.314319E-01,0.380498,0.793222E-02,0.381876,-0.162102E-13,0.468701E-14,0.381876,0.766551,98.7222,85.2777,1.19022,-9999,0.401372E-01,0.260406E-01,38.5186,0.521825E-01,-9999,-0.287124E-02,0,-9999,-9999,-9999,-9999,-9999,-9999,-9999,0.196415E-02,1.01547,-0.140418,1.02509,-9999,-9999,-9999,-9999,-9999,-9999,800000099,800100199,800000099,800001199,800000199,800001199,811110099,811110099,81000,81000,80,81,1,0,0,35,1,0,0.383447E-01,0.131781E-01,0.558273E-03,0.157945E-01,-9999,-9999,-0.112422E-03,-9999,-9999,16.0000,0.00000,254.392,89.9493,2.87562,97799.5,1.20679
CH-CHA_201811281900.csv,2018-11-28,21:30,332.896,0,36000,36000,0.160299E-02,1,0.478648E-03,-0.384969,1,0.364391,-9999,-9999,-9999,-1.24964,2,1.94511,-9999,-9999,-9999,0.708049,-2239.98,-9999,-49.7945,0.731865E-10,-9999,16.8598,393.998,393.998,0.250000,1,-9999,-9999,-9999,-9999,1,285.778,274.743,97745.0,1.23616,1008.97,0.233691E-01,-9999,0.539028E-02,683.454,683.672,0.436049E-02,99.9682,0.217408,274.703,0.346188,0.362632,0.279539E-01,0.502125,-0.448013E-13,0.434089E-14,0.502125,0.957497,145.897,46.3290,3.19137,-9999,0.360104E-01,0.465404E-01,10.4020,0.193231,-9999,-0.857125E-02,0,-9999,-9999,-9999,-9999,-9999,-9999,-9999,0.157439E-02,1.01817,-0.371962,1.03497,-9999,-9999,-1.16654,1.05500,-9999,-9999,800000099,800110099,800000099,800000199,800010199,800010199,811110199,811110199,80000,80000,80,81,4,0,0,10,0,0,0.542587E-01,0.369943E-01,0.182766E-02,0.190076E-01,1.34999,-9999,-0.298226E-03,-0.116654E-02,-9999,16.0000,0.00000,250.290,64.3132,3.72281,97799.3,1.21067
CH-CHA_201811281900.csv,2018-11-28,22:00,332.917,0,36000,36000,-0.276962E-02,1,0.682997E-03,1.30789,2,0.316591,-16.3963,1,3.58420,-0.962358,2,0.938286,-0.364492,1,0.796775E-01,0.200415E-01,0.143123E-01,2.83485,0.318166E-03,0.100036E-09,0.157882E-11,18.9704,443.267,445.216,0.250000,1,299.400,6.99587,7.04516,0.250000,1,286.027,274.755,97761.0,1.23631,1008.97,0.233663E-01,-0.236191E-01,0.539519E-02,684.107,684.260,0.436395E-02,99.9776,0.153274,274.716,-0.152091,0.791010E-01,0.980597E-02,0.171711,-0.109708E-14,0.527328E-14,0.171711,0.769805,16.8128,152.521,3.27379,-9999,0.473311E-01,0.753811E-01,-6.95310,-0.289080,-0.797676E-01,0.221523E-01,0,-9999,-9999,-9999,-9999,-9999,-9999,-9999,-0.266160E-02,1.04058,0.323629,1.03799,-15.8943,1.02760,-0.849695,1.02761,-0.353334,1.02760,800000099,800100099,800000099,800000099,800000099,800000199,811110199,811110199,81100,81100,80,81,0,2,1,3,6,0,0.606819E-01,0.891709E-01,0.909203E-03,0.144043E-01,0.184261,1117.87,0.259443E-03,-0.849695E-03,-0.353334,16.0000,0.00000,248.762,54.7648,3.74821,97800.1,1.21114
CH-CHA_201811281900.csv,2018-11-28,22:30,332.937,0,36000,36000,0.335746E-02,1,0.287987E-03,-2.98375,1,0.318989,34.7642,1,8.03618,29.2303,1,6.52365,0.772602,1,0.178596,-0.488023,-0.368214,-5.45274,-0.818319E-02,-0.759318E-11,-0.149301E-12,14.9286,348.569,349.389,0.250000,1,293.534,6.85375,6.90105,0.450000,0,285.935,274.463,97729.0,1.23729,1008.88,0.233491E-01,0.500646E-01,0.528948E-02,669.990,670.067,0.427507E-02,99.9885,0.770577E-01,274.426,0.507123,0.395080,0.426510E-01,0.644268,-0.128995E-12,-0.508633E-15,0.644268,1.14350,150.488,37.9208,3.79579,-9999,0.520919E-01,0.761668E-01,4.06203,0.494827,-0.858283E-01,-0.458861E-01,0,-9999,-9999,-9999,-9999,-9999,-9999,-9999,0.330253E-02,1.01663,-0.973370,1.03264,32.5563,1.06403,27.3375,1.06414,0.723532,1.06403,800000099,800100099,800000099,800000199,800000099,800110099,811110199,811110199,81100,81100,80,81,1,1,1,4,0,0,0.234503E-01,0.127353,0.153060E-02,0.208716E-01,6.85104,5169.84,-0.779768E-03,0.273375E-01,0.723532,16.0000,0.00000,250.130,63.3111,2.91796,97793.3,1.20325
CH-CHA_201811281900.csv,2018-11-28,23:00,332.958,0,36000,36000,-0.121782E-01,1,0.211450E-02,-5.54528,1,1.14076,-9999,-9999,-9999,-9999,-9999,-9999,-9999,-9999,-9999,-0.665973,2056.70,-9999,45.6910,-9999,-9999,-9999,-9999,-9999,-9999,1,-9999,-9999,-9999,-9999,1,285.459,274.065,97707.0,1.23889,1008.78,0.233205E-01,-9999,0.514775E-02,651.093,651.142,0.415512E-02,99.9924,0.494868E-01,274.028,-0.124386,0.452456,0.181011E-01,0.469591,0.156657E-12,0.732021E-14,0.469591,1.74098,82.3087,105.372,2.20910,-9999,0.991460E-01,0.196550,15.0666,0.133408,-9999,-0.447526E-01,0,-9999,-9999,-9999,-9999,-9999,-9999,-9999,-0.119799E-01,1.01656,-5.38016,1.03069,-9999,-9999,-9999,-9999,-9999,-9999,800000099,800100199,800000099,800001199,800000199,800100199,811110199,811110199,80100,80100,80,81,0,0,3,0,1,0,0.224402,0.166112,0.258552E-02,0.773975E-01,-9999,-9999,-0.430493E-02,-9999,-9999,16.0000,0.00000,253.683,85.5158,2.35130,97775.9,1.19768
CH-CHA_201811281900.csv,2018-11-28,23:30,332.979,0,36000,36000,-0.364486E-02,1,0.276132E-03,-0.853834,1,0.248746,-9999,-9999,-9999,-9999,-9999,-9999,-9999,-9999,-9999,-0.797817,2417.34,-9999,53.6786,-9999,-9999,-9999,-9999,-9999,-9999,1,-9999,-9999,-9999,-9999,1,284.715,273.589,97704.0,1.24112,1008.65,0.232807E-01,-9999,0.498242E-02,629.087,629.131,0.401446E-02,99.9930,0.440392E-01,273.552,-0.624431,-0.314538,0.297361E-01,0.699809,-0.159786E-12,0.300301E-14,0.699809,1.55235,340.676,206.735,2.43533,-9999,0.541918E-01,0.876745E-01,15.9776,0.125801,-9999,-0.125860E-01,0,-9999,-9999,-9999,-9999,-9999,-9999,-9999,-0.359066E-02,1.01509,-0.829382,1.02948,-9999,-9999,-9999,-9999,-9999,-9999,800000099,800100199,800000099,800001199,800000199,800101199,811110099,811110099,80000,80000,80,81,13,10,9,8,0,0,0.646212E-01,0.108359,0.236795E-02,0.474072E-01,-9999,-9999,-0.662526E-03,-9999,-9999,16.0000,0.00000,254.928,93.2984,1.93685,97771.1,1.18881
CH-CHA_201811281900.csv,2018-11-29,00:00,333.000,0,36000,36000,-0.270824E-02,1,0.571402E-03,-12.6336,1,2.01021,-9999,-9999,-9999,-9999,-9999,-9999,-9999,-9999,-9999,0.420309,-1267.26,-9999,-28.1471,-9999,-9999,-9999,-9999,-9999,-9999,1,-9999,-9999,-9999,-9999,1,284.864,273.840,97701.0,1.23989,1008.71,0.233028E-01,-9999,0.506901E-02,640.607,640.654,0.408828E-02,99.9926,0.474084E-01,273.803,-0.834410,0.185042,0.478203E-01,0.856018,-0.432678E-13,0.465114E-14,0.856018,1.94167,17.5974,167.496,3.20242,-9999,0.467362E-01,0.108026,0.692653,2.90189,-9999,-0.216134,0,-9999,-9999,-9999,-9999,-9999,-9999,-9999,-0.248683E-02,1.08903,-10.7430,1.17598,-9999,-9999,-9999,-9999,-9999,-9999,800000099,800000099,800000099,800001199,800000199,800101199,800100199,811110199,80000,80000,80,81,5,6,3,0,3,0,0.613716E-01,0.141664,0.130165E-01,0.125140,-9999,-9999,-0.858962E-02,-9999,-9999,16.0000,0.00000,255.000,93.7500,1.82068,97766.2,1.19162
CH-CHA_201811281900.csv,2018-11-29,00:30,333.021,0,36000,36000,-0.108943E-01,1,0.233107E-02,0.696894,2,1.80937,7.28858,1,17.3538,4.25590,1,4.79684,0.161908,1,0.385497,0.249351,0.185244,-9999,0.411501E-02,-0.829073E-10,-0.176068E-11,13.3816,312.027,317.433,0.250000,1,284.181,6.62642,6.67062,0.250000,1,284.625,273.989,97692.0,1.23906,1008.76,0.233176E-01,0.104917E-01,0.512094E-02,647.522,647.583,0.413291E-02,99.9906,0.608728E-01,273.952,0.163999E-01,0.100123,0.119914E-01,0.102163,-0.159537E-13,-0.619562E-14,0.102163,0.914057,70.9714,80.6977,6.74062,-9999,0.937678E-01,0.767160E-01,-101.404,-0.198218E-01,0.956145E-01,0.594613E-02,0,-9999,-9999,-9999,-9999,-9999,-9999,-9999,-0.102798E-01,1.05978,1.07282,1.05102,6.95205,1.03771,4.02627,1.03772,0.154433,1.03771,800000099,800000099,800000099,800000099,800000099,800100099,811110199,811110199,81000,81000,80,81,16,3,1,1,15,0,0.835696E-01,0.646171E-01,0.524553E-02,0.970809E-01,0.682445,4188.47,0.858319E-03,0.402627E-02,0.154433,16.0000,0.00000,255.000,93.7500,2.49316,97743.2,1.19813
CH-CHA_201811281900.csv,2018-11-29,01:00,333.042,0,36000,35989,-0.783681E-02,1,0.979927E-03,-0.673572,2,0.561351,29.5767,1,14.1375,-3.31900,1,1.93474,0.656951,1,0.314020,-0.179108,-0.129228,-3.16378,-0.287038E-02,-0.535705E-10,-0.136997E-11,11.0318,257.169,259.512,0.250000,1,282.119,6.57665,6.62019,0.100000,0,284.503,273.882,97679.0,1.23941,1008.72,0.233116E-01,0.425704E-01,0.508378E-02,642.573,642.600,0.410179E-02,99.9957,0.276318E-01,273.846,0.584201,0.313203,0.275110E-01,0.663433,-0.203510E-12,-0.485601E-14,0.663433,1.79304,163.503,28.1967,2.37660,-9999,0.795175E-01,0.179042,63.9760,0.314180E-01,-0.227737E-01,-0.677540E-02,0,-9999,-9999,-9999,-9999,-9999,-9999,-9999,-0.771409E-02,1.01591,1.01985,1.02178,28.6252,1.02732,-3.37399,1.02735,0.635818,1.02732,800000099,800000099,800000099,800000099,800000099,800100199,811110199,811110199,80000,80000,80,81,8,0,3,7,0,0,0.932172E-01,0.260680,0.418698E-02,0.499894E-01,0.518059,14700.1,0.815733E-03,-0.337399E-02,0.635818,16.0000,0.00000,255.000,93.7500,2.74157,97700.3,1.19631
CH-CHA_201811290100.csv,2018-11-29,01:30,333.062,0,36000,36000,-0.716738E-03,2,0.286754E-03,0.542540,1,0.525296,-5.17733,1,10.2375,0.379043,1,1.36292,-0.115006,1,0.227411,0.133857,0.100914,-1.21295,0.224165E-02,0.144591E-10,0.405095E-12,10.1249,236.129,236.971,0.250000,1,283.666,6.61553,6.65959,0.450000,0,284.514,273.962,97666.0,1.23886,1008.75,0.233215E-01,-0.745241E-02,0.511167E-02,646.286,646.322,0.412610E-02,99.9944,0.361940E-01,273.926,0.320096,0.559909,0.117197E-01,0.645056,0.296206E-13,0.142807E-14,0.645056,1.61425,128.809,60.2437,1.04104,-9999,0.240530E-01,0.438026E-01,-2.19812,-0.914416,-0.104792,0.180492E-01,0,-9999,-9999,-9999,-9999,-9999,-9999,-9999,-0.705330E-03,1.01617,0.236798,1.02194,-5.02798,1.02691,0.379921,1.02695,-0.111689,1.02691,800000099,800000099,800000099,800000099,800000099,800100099,811110199,811110199,80000,80000,80,80,3,2,2,0,2,0,0.441391E-01,0.398985E-01,0.356770E-02,0.225216E-01,0.270429,6034.56,0.189483E-03,0.379921E-03,-0.111689,16.0000,0.00000,255.000,93.7500,2.74594,97700.9,1.19558
CH-CHA_201811290100.csv,2018-11-29,02:00,333.083,0,36000,36000,-0.161119E-02,1,0.443848E-03,-0.645131,1,0.323542,-9999,-9999,-9999,2.36672,2,1.89730,-9999,-9999,-9999,0.970183E-01,-303.407,1.82344,-6.74008,0.208735E-10,-9999,11.4782,267.769,267.769,0.250000,1,-9999,-9999,-9999,-9999,1,284.740,274.020,97658.0,1.23848,1008.77,0.233284E-01,-9999,0.513203E-02,648.998,649.032,0.414380E-02,99.9947,0.343987E-01,273.984,-0.646902E-01,0.380691,0.475278E-02,0.386178,-0.645624E-13,0.181853E-14,0.386178,0.886115,91.1833,99.6441,0.705170,-9999,0.360686E-01,0.377523E-01,6.23294,0.322480,-9999,-0.143165E-01,0,-9999,-9999,-9999,-9999,-9999,-9999,-9999,-0.157487E-02,1.02306,-0.617543,1.04467,-9999,-9999,2.25666,1.05836,-9999,-9999,800000099,800100099,800000099,800000199,800000099,800100099,811110199,811110199,81000,81000,80,81,29,0,0,1,3,0,0.286466E-01,0.454867E-01,0.137111E-02,0.155496E-01,0.726702,-9999,-0.494295E-03,0.225666E-02,-9999,16.0000,0.00000,254.859,92.8696,3.01209,97699.6,1.19840
CH-CHA_201811290100.csv,2018-11-29,02:30,333.104,0,36000,36000,0.401929E-02,1,0.991195E-03,-0.409779,2,0.225420,-9999,-9999,-9999,-5.51083,1,4.86535,-9999,-9999,-9999,0.155481,-493.449,5.56493,-10.9628,0.101560E-10,-9999,15.6112,364.382,364.382,0.250000,1,-9999,-9999,-9999,-9999,1,284.759,274.113,97638.0,1.23779,1008.79,0.233411E-01,-9999,0.516480E-02,653.364,653.399,0.417260E-02,99.9946,0.352836E-01,274.077,-0.264632,-0.301447E-01,0.143472E-02,0.266348,0.138831E-12,0.650558E-15,0.266348,1.04566,9.64352,186.499,0.308634,-9999,0.569838E-01,0.817237E-01,38.6899,0.519516E-01,-9999,-0.575905E-02,0,-9999,-9999,-9999,-9999,-9999,-9999,-9999,0.394784E-02,1.01810,-0.399210,1.02647,-9999,-9999,-5.39064,1.01883,-9999,-9999,800000099,800110199,800000099,800000199,800000199,800000199,811110099,811110099,80000,80000,80,81,2,2,0,4,2,0,0.736932E-01,0.884271E-01,0.132680E-02,0.774785E-02,3.19909,-9999,-0.319707E-03,-0.539064E-02,-9999,16.0000,0.00000,252.130,75.8135,3.29211,97699.7,1.20128
CH-CHA_201811290100.csv,2018-11-29,03:00,333.125,0,36000,36000,0.558573E-02,1,0.121806E-02,-1.73611,1,0.339733,4.75666,1,2.58109,0.786056,1,0.659213,0.105672,1,0.573403E-01,-0.869577E-01,-0.667621E-01,3.01082,-0.148316E-02,-0.111626E-09,-0.178546E-11,17.8547,416.639,416.939,0.250000,1,285.587,6.66416,6.70887,0.250000,1,284.877,274.061,97645.0,1.23813,1008.77,0.233350E-01,0.684752E-02,0.514627E-02,650.896,650.954,0.415651E-02,99.9911,0.579349E-01,274.024,-0.392275,0.184935,0.133014E-01,0.433887,0.338461E-12,-0.625191E-14,0.433887,1.18996,40.5150,154.759,1.75676,-9999,0.671672E-01,0.190267,14.9558,0.134396,-0.364985,-0.206948E-01,0,-9999,-9999,-9999,-9999,-9999,-9999,-9999,0.549619E-02,1.01629,-1.41838,1.02935,4.62292,1.03618,0.803465,1.03623,0.102701,1.03618,800000099,800100099,800000099,800000099,800000099,800100199,811110199,811110199,81100,81100,80,81,0,0,0,0,0,0,0.840159E-01,0.293932,0.258474E-02,0.113781E-01,0.229066,439.037,-0.113562E-02,0.803465E-03,0.102701,16.0000,0.00000,250.000,62.5000,3.05658,97698.5,1.19813
CH-CHA_201811290100.csv,2018-11-29,03:30,333.146,0,36000,36000,-0.214857E-02,1,0.616144E-03,0.669135,1,0.410439,5.81335,2,10.0347,6.32786,2,4.44940,0.129142,2,0.222918,-0.618705E-01,-0.422562E-01,2.68243,-0.938712E-03,0.777432E-10,0.111578E-11,19.8490,463.200,464.271,0.250000,1,284.875,6.64787,6.69236,0.250000,1,284.886,274.024,97627.0,1.23807,1008.77,0.233361E-01,0.836843E-02,0.513344E-02,649.185,649.220,0.414632E-02,99.9947,0.344086E-01,273.988,0.114386,0.319670E-01,0.130325E-01,0.119482,0.136151E-12,0.391673E-14,0.119482,0.641405,161.557,15.6139,6.26201,-9999,0.416582E-01,0.368118E-01,-9.25647,-0.217145,0.115103,0.128610E-01,0,-9999,-9999,-9999,-9999,-9999,-9999,-9999,-0.204001E-02,1.05321,0.967662,1.04654,5.56037,1.03404,6.02414,1.03404,0.123522,1.03404,800000099,800100099,800000099,800000099,800010099,800110099,811110199,811110199,80000,80000,80,81,0,6,0,15,7,0,0.235997E-01,0.481702E-01,0.185374E-02,0.248217E-01,1.84993,4715.01,0.774794E-03,0.602414E-02,0.123522,16.0000,0.00000,249.358,58.4885,3.10296,97692.0,1.19935
CH-CHA_201811290100.csv,2018-11-29,04:00,333.167,0,36000,36000,0.365207E-02,1,0.666405E-03,-1.59735,2,0.106984,24.1809,1,6.52518,12.0866,2,3.61455,0.537039,1,0.144919,-0.441679,-0.318591,-1.21218,-0.707566E-02,0.316714E-10,0.467377E-12,18.9580,442.170,443.546,0.250000,1,279.764,6.52512,6.56797,0.250000,1,284.896,273.760,97585.0,1.23879,1008.69,0.233237E-01,0.348002E-01,0.504134E-02,636.924,636.961,0.406957E-02,99.9942,0.369438E-01,273.723,0.630275E-01,0.497543,0.100654E-01,0.501620,0.295881E-13,0.167061E-14,0.501620,1.05575,106.135,82.7804,1.14976,-9999,0.542964E-01,0.687042E-01,8.58268,0.234193,-0.660582E-01,-0.235436E-01,0,-9999,-9999,-9999,-9999,-9999,-9999,-9999,0.360358E-02,1.01346,-0.185669,1.02242,23.4771,1.02576,11.6373,1.02580,0.521408,1.02576,800000099,800100099,800000099,800000099,800000099,801000199,811110199,811110199,81100,81100,80,81,7,0,2,1,0,0,0.579957E-01,0.783765E-01,0.103566E-02,0.224586E-01,2.93540,4571.53,-0.148587E-03,0.116373E-01,0.521408,16.0000,0.00000,249.179,57.3700,2.66321,97626.9,1.19325
CH-CHA_201811290100.csv,2018-11-29,04:30,333.187,0,36000,36000,-0.856336E-02,1,0.550812E-03,-0.372790,1,0.224025,-9999,-9999,-9999,-3.76455,2,1.76394,-9999,-9999,-9999,-1.08784,3193.66,-3.64949,70.8849,-0.217767E-10,-9999,16.2804,378.981,378.981,0.250000,1,-9999,-9999,-9999,-9999,1,284.254,273.111,97543.0,1.24134,1008.52,0.232784E-01,-9999,0.482120E-02,607.668,607.693,0.388387E-02,99.9958,0.255231E-01,273.075,-0.568756E-01,0.338746,0.123919E-01,0.343711,0.968971E-13,-0.133760E-14,0.343711,0.858487,85.7227,99.5311,2.06615,-9999,0.830572E-01,0.673364E-01,131.589,0.152748E-01,-9999,-0.358518E-02,0,-9999,-9999,-9999,-9999,-9999,-9999,-9999,-0.843097E-02,1.01570,-0.364526,1.02267,-9999,-9999,-3.68105,1.01786,-9999,-9999,800000099,800100099,800000099,800000199,800000099,810000099,811110199,811110199,80000,80000,80,81,2,2,2,2,6,0,0.218348E-01,0.111627,0.121079E-02,0.476265E-01,0.401525,-9999,-0.291173E-03,-0.368105E-02,-9999,16.0000,0.00000,250.801,67.5038,1.73226,97597.4,1.18101
CH-CHA_201811290100.csv,2018-11-29,05:00,333.208,0,36000,36000,-0.799167E-02,1,0.104188E-02,0.843995,1,0.393715,-9999,-9999,-9999,-7.09480,1,2.76846,-9999,-9999,-9999,-0.629232,1788.18,0.805488,39.6756,0.298819E-10,-9999,16.8972,392.913,392.913,0.250000,1,-9999,-9999,-9999,-9999,1,283.653,272.736,97515.0,1.24277,1008.42,0.232531E-01,-9999,0.469774E-02,591.294,591.331,0.378006E-02,99.9937,0.372538E-01,272.699,-0.466708E-01,0.127695,0.864972E-02,0.136231,-0.242272E-12,0.176845E-14,0.136231,0.783390,69.0480,110.077,3.64032,-9999,0.801907E-01,0.865123E-01,-52.2976,-0.384339E-01,-9999,0.839811E-02,0,-9999,-9999,-9999,-9999,-9999,-9999,-9999,-0.762382E-02,1.04825,0.809068,1.04317,-9999,-9999,-6.91934,1.03139,-9999,-9999,800000099,800100099,800000099,800000199,800000199,800100199,811110199,811110199,80000,80000,80,81,0,3,0,28,9,0,0.680740E-01,0.103703,0.124728E-02,0.303220E-01,1.01982,-9999,0.645580E-03,-0.691934E-02,-9999,16.0000,0.00000,251.429,71.4319,1.58764,97571.9,1.17858
CH-CHA_201811290100.csv,2018-11-29,05:30,333.229,0,36000,36000,-0.346645E-02,1,0.427119E-03,-0.344774,1,0.305538,-0.246476E-01,2,0.590282,-3.70514,1,1.92115,-0.546950E-03,2,0.130989E-01,0.254816,0.181651,2.32342,0.403099E-02,-0.451250E-10,-0.638823E-12,18.6097,433.135,433.640,0.250000,1,263.453,6.13177,6.16960,0.100000,0,283.506,272.888,97479.0,1.24158,1008.47,0.232747E-01,-0.354423E-04,0.474742E-02,597.879,597.915,0.382368E-02,99.9940,0.358749E-01,272.851,0.189677,0.239463,0.939083E-02,0.305628,-0.715466E-13,-0.242481E-14,0.305628,0.981326,130.142,51.6175,1.76077,-9999,0.528389E-01,0.670418E-01,36.6159,0.548942E-01,13.9881,-0.521124E-02,0,-9999,-9999,-9999,-9999,-9999,-9999,-9999,-0.340842E-02,1.01702,-0.337370,1.02612,-0.122611E-01,1.02086,-3.61070,1.02089,-0.272084E-03,1.02086,800000099,800110099,800000099,800000099,800000099,801000199,811110199,811110199,80000,80000,80,81,0,0,1,9,10,0,0.274310E-01,0.105803,0.849612E-03,0.162430E-01,0.877905,508.669,-0.269444E-03,-0.361070E-02,-0.272084E-03,16.0000,0.00000,249.794,61.2151,1.89393,97517.5,1.18040
CH-CHA_201811290100.csv,2018-11-29,06:00,333.250,0,36000,36000,-0.677662E-02,1,0.161690E-02,-0.958589,1,0.217732,-1.36727,1,1.22009,-0.370599,2,0.909646,-0.303401E-01,1,0.270741E-01,-0.469267E-01,-0.257694E-01,1.46416,-0.571830E-03,0.169130E-09,0.225827E-11,19.6936,458.489,459.616,0.250000,1,262.954,6.12187,6.15958,0.100000,0,283.386,272.860,97442.0,1.24124,1008.47,0.232811E-01,-0.196604E-02,0.473844E-02,596.687,596.698,0.381749E-02,99.9983,0.101439E-01,272.824,-0.702251,0.607103E-01,0.501581E-01,0.706652,0.278959E-13,0.858808E-14,0.706652,2.05105,24.8190,175.059,4.07027,-9999,0.738887E-01,0.175996,36.0018,0.558305E-01,0.701098,-0.103642E-01,0,-9999,-9999,-9999,-9999,-9999,-9999,-9999,-0.668985E-02,1.01297,-1.01180,1.02437,-1.27050,1.04340,-0.288857,1.04347,-0.281927E-01,1.04340,800000099,800000099,800000099,800000099,800000099,810100099,811110199,811110199,80000,80000,80,80,3,9,2,13,24,0,0.155833,0.190445,0.571281E-02,0.666476E-02,0.107952,66.8934,-0.808306E-03,-0.288857E-03,-0.281927E-01,16.0000,0.00000,249.000,56.2500,1.90850,97496.4,1.17859
CH-CHA_201811290100.csv,2018-11-29,06:30,333.271,0,36000,36000,-0.211597E-01,1,0.384290E-02,-2.15423,1,0.692868,9.00495,2,4.68219,7.92048,1,2.32190,0.199880,2,0.103929,0.508764,0.360551,0.987777E-01,0.800304E-02,-0.332454E-09,-0.452276E-11,19.7385,460.202,461.771,0.200000,0,268.526,6.26066,6.30010,0.250000,1,283.559,273.164,97409.0,1.23938,1008.54,0.233149E-01,0.129522E-01,0.483883E-02,610.008,610.038,0.390424E-02,99.9951,0.298919E-01,273.128,-1.01421,-0.404327,0.626199E-01,1.09363,0.274182E-13,-0.168429E-13,1.09363,3.21591,349.740,201.735,3.28249,-9999,0.130663,0.263651,88.5725,0.226933E-01,-0.239227,-0.131898E-01,0,-9999,-9999,-9999,-9999,-9999,-9999,-9999,-0.209377E-01,1.01060,-1.61123,1.02073,8.61283,1.04784,7.58930,1.04792,0.191176,1.04784,800000099,800010099,800000099,800000099,800000099,800101199,801110199,811110199,80000,80000,80,81,0,1,1,2,0,0,0.410005,0.102052,0.152443E-01,0.132936E-01,0.216345,444.463,-0.128902E-02,0.758930E-02,0.191176,16.0000,0.00000,249.000,56.2500,2.11790,97451.1,1.18155
CH-CHA_201811290100.csv,2018-11-29,07:00,333.292,0,36000,35990,-0.259783E-01,1,0.474977E-02,-6.13079,1,1.88669,-1.71447,2,3.68766,4.75267,1,2.33296,-0.380593E-01,2,0.818621E-01,0.178996,0.128163,-2.47292,0.284509E-02,0.240722E-09,0.363998E-11,17.8906,417.299,418.007,0.200000,0,270.526,6.31002,6.35009,0.250000,1,283.467,273.271,97405.0,1.23882,1008.57,0.233250E-01,-0.246625E-02,0.487487E-02,614.792,614.796,0.393509E-02,99.9994,0.368877E-02,273.235,-0.433354,0.225439,0.310370E-01,0.489471,-0.340189E-12,0.134552E-13,0.489471,2.99685,65.5691,152.516,3.63552,-9999,0.144811,0.407567,42.3650,0.474449E-01,3.57591,-0.338845E-01,0,-9999,-9999,-9999,-9999,-9999,-9999,-9999,-0.256187E-01,1.01403,-6.08303,1.02408,-1.44306,1.02895,4.94639,1.02899,-0.320343E-01,1.02895,800000099,800010099,800000099,800000099,800000099,800100199,811110199,811110199,81100,81100,80,81,7,0,1,6,0,0,0.325586,0.474571,0.149766E-01,0.485057E-01,0.120763,165.359,-0.486861E-02,0.494639E-02,-0.320343E-01,16.0000,0.00000,249.000,56.2500,2.09141,97440.2,1.18303
CH-CHA_201811290700.csv,2018-11-29,07:30,333.312,0,36000,36000,-0.752666E-02,1,0.127327E-02,1.74371,1,0.401076,-0.612936E-01,2,8.38372,-0.803330,2,2.27159,-0.136064E-02,2,0.186108,-0.167295E-01,-0.124697E-01,2.47197,-0.276812E-03,0.290181E-10,0.397592E-12,19.7303,460.183,462.271,0.250000,1,270.335,6.30522,6.34522,0.250000,1,282.918,273.261,97407.0,1.23889,1008.57,0.233237E-01,-0.881694E-04,0.487144E-02,614.337,614.350,0.393209E-02,99.9979,0.129013E-01,273.225,-0.980289E-01,-0.656945,0.154664E-01,0.664399,-0.400530E-13,0.147074E-14,0.664399,1.63012,281.323,261.513,1.33390,-9999,0.779443E-01,0.569651E-01,-23.2277,-0.865346E-01,-28.4485,0.179040E-01,0,-9999,-9999,-9999,-9999,-9999,-9999,-9999,-0.740889E-02,1.01590,1.70299,1.02178,-0.119823,1.02734,-0.879392,1.02737,-0.265990E-02,1.02734,800000099,800000099,800000099,800000099,800010099,800010099,811110199,811110199,81100,81100,80,80,2,28,0,58,0,0,0.737709E-01,0.344333E-01,0.572575E-02,0.286046E-01,0.249725,3906.39,0.136293E-02,-0.879392E-03,-0.265990E-02,16.0000,0.00000,248.340,52.1248,2.42965,97432.4,1.18452
CH-CHA_201811290700.csv,2018-11-29,08:00,333.333,0,36000,36000,-0.114838E-01,1,0.219855E-02,3.25006,1,0.599628,8.69812,1,6.49383,0.176124,2,0.245016,0.193086,1,0.144154,-0.334583E-02,-0.161043E-02,0.633389,-0.357493E-04,0.170003E-10,0.227475E-12,20.2009,471.172,474.736,0.250000,1,270.302,6.30459,6.34460,0.250000,1,282.942,273.259,97404.0,1.23886,1008.57,0.233243E-01,0.125120E-01,0.487084E-02,614.257,614.261,0.393171E-02,99.9995,0.307130E-02,273.223,0.116370,-0.288832,0.222011E-01,0.312184,-0.101375E-13,0.841560E-15,0.312184,1.25320,248.765,291.944,4.07806,-9999,0.962788E-01,0.584145E-01,-23.4866,-0.855808E-01,0.373651,0.270166E-01,0,-9999,-9999,-9999,-9999,-9999,-9999,-9999,-0.111910E-01,1.02617,3.65315,1.02835,8.33688,1.02285,-0.104765,1.02287,0.185067,1.02285,800000099,800000099,800000099,800000099,800010099,800010099,811110199,811110199,81000,81000,80,81,0,15,3,31,7,0,0.816611E-01,0.290726E-01,0.609557E-02,0.220410E-01,0.318704E-02,757.978,0.292374E-02,-0.104765E-03,0.185067,16.0000,0.00000,248.000,50.0000,2.74607,97433.3,1.18586
CH-CHA_201811290700.csv,2018-11-29,08:30,333.354,1,36000,36000,-0.400015E-02,0,0.132538E-02,9.09402,0,0.965704,5.38717,0,1.67497,-0.282609,0,0.280421,0.119586,0,0.371814E-01,-0.284372E-01,-0.183936E-01,0.101657,-0.408306E-03,-0.155893E-09,-0.207584E-11,20.2749,472.936,477.191,0.250000,1,269.976,6.29751,6.33742,0.250000,1,282.963,273.242,97390.0,1.23877,1008.56,0.233262E-01,0.774917E-02,0.486497E-02,613.479,613.503,0.392728E-02,99.9961,0.239266E-01,273.206,0.123868,-0.383226,0.111318E-01,0.402901,-0.383879E-13,-0.768898E-14,0.402901,1.18334,256.838,287.912,1.58323,-9999,0.568256E-01,0.488301E-01,-1.72564,-1.16479,1.68809,0.128091,0,-9999,-9999,-9999,-9999,-9999,-9999,-9999,-0.391447E-02,1.02189,9.17215,1.02554,4.91627,1.02298,-0.859501,1.02300,0.109133,1.02298,800000099,800000099,800000099,800000099,800000099,800010099,811110199,811110199,80100,80100,80,81,13,6,1,23,7,0,0.657287E-01,0.246462E-01,0.728520E-02,0.261036E-01,0.358436E-02,57.0010,0.734139E-02,-0.859501E-03,0.109133,16.0000,0.00000,248.000,50.0000,2.93917,97428.8,1.18891
not_enough_data,2018-11-29,09:00,333.374,-9999,-9999,-9999,-9999,-9999,-9999,-9999,-9999,-9999,-9999,-9999,-9999,-9999,-9999,-9999,-9999,-9999,-9999,-9999,-9999,-9999,-9999,-9999,-9999,-9999,-9999,-9999,-9999,-9999,-9999,-9999,-9999,-9999,-9999,-9999,-9999,-9999,-9999,-9999,-9999,-9999,-9999,-9999,-9999,-9999,-9999,-9999,-9999,-9999,-9999,-9999,-9999,-9999,-9999,-9999,-9999,-9999,-9999,-9999,-9999,-9999,-9999,-9999,-9999,-9999,-9999,-9999,-9999,-9999,-9999,-9999,-9999,-9999,-9999,-9999,-9999,-9999,-9999,-9999,-9999,-9999,-9999,-9999,-9999,-9999,-9999,-9999,-9999,-9999,-9999,-9999,-9999,-9999,-9999,-9999,-9999,-9999,-9999,-9999,-9999,-9999,-9999,-9999,-9999,-9999,-9999,-9999,-9999,-9999,-9999,-9999,-9999,-9999,-9999,-9999,-9999,-9999,-9999
CH-CHA_201811290858.csv,2018-11-29,09:30,333.396,1,36000,36000,-0.177348E-01,1,0.293432E-02,4.30281,2,1.68667,9.63686,1,1.37166,-3.73772,1,0.729940,0.213930,1,0.304495E-01,-9999,-9999,-9999,-9999,0.487338E-10,0.665188E-12,19.8334,462.683,466.833,0.250000,1,270.714,6.31535,6.35549,0.100000,0,283.237,273.281,97394.0,1.23863,1008.57,0.233285E-01,0.138627E-01,0.487826E-02,615.242,615.242,0.393843E-02,100.000,0.00000,273.245,-1.11315,-0.253428,0.511628E-01,1.14278,-0.672359E-13,0.245716E-14,1.14278,2.42541,355.140,192.826,2.56602,-9999,0.119658,0.119602,-34.0537,-0.590244E-01,0.446494,0.287845E-01,0,-9999,-9999,-9999,-9999,-9999,-9999,-9999,-0.175222E-01,1.01213,4.75629,1.01997,9.06256,1.03969,-3.93043,1.03976,0.201181,1.03969,800000099,800000099,800000099,800000099,800000099,800000099,801110199,811110199,80100,80100,80,81,0,3,0,11,6,0,0.150871,0.714835E-01,0.168501E-01,0.191272,0.120828E-01,36.8317,0.380731E-02,-0.393043E-02,0.201181,16.0000,0.00000,248.000,50.0000,3.12075,97429.3,1.18838
CH-CHA_201811290858.csv,2018-11-29,10:00,333.417,1,36000,36000,-0.125373E-01,1,0.378056E-02,17.7253,0,4.07330,0.146808E-01,2,1.45526,-5.10079,0,0.809235,0.326020E-03,2,0.323172E-01,0.637871,0.464181,0.642239E-01,0.103081E-01,-0.231208E-09,-0.323757E-11,19.8474,463.800,468.155,0.300000,0,277.920,6.49452,6.53697,0.250000,1,281.197,273.663,97364.0,1.23644,1008.68,0.233683E-01,0.211261E-04,0.500811E-02,632.502,632.509,0.405044E-02,99.9989,0.695760E-02,273.627,-0.837685,-0.380587,0.387611E-01,0.920904,0.231021E-12,-0.116493E-13,0.920904,2.53052,347.118,204.434,2.41231,-9999,0.100697,0.275691,-4.92563,-0.408069,1207.38,0.141140,0,-9999,-9999,-9999,-9999,-9999,-9999,-9999,-0.123723E-01,1.01334,17.3711,1.02041,-0.614680,1.03364,-5.93182,1.03370,-0.136503E-01,1.03364,800000099,800000099,800000099,800000099,800000099,800011099,800010199,811110199,80100,80100,80,81,3,6,0,6,50,21,0.273198,0.258030,0.201549E-01,0.197157,0.946636E-02,37.8055,0.139284E-01,-0.593182E-02,-0.136503E-01,16.0000,0.00000,248.000,50.0000,3.70346,97406.1,1.19718
CH-CHA_201811290858.csv,2018-11-29,10:30,333.437,1,36000,36000,-0.277110E-01,0,0.325593E-02,23.5831,0,2.30229,16.8080,0,1.88544,-7.23136,0,1.29391,0.373489,0,0.418961E-01,1.08787,0.809257,-0.207561,0.179824E-01,-0.645203E-10,-0.954495E-12,19.6459,460.183,464.608,0.250000,1,290.636,6.80782,6.85449,0.200000,0,281.243,274.316,97365.0,1.23336,1008.86,0.234239E-01,0.242021E-01,0.523727E-02,663.021,663.021,0.424634E-02,100.000,0.00000,274.280,-1.26456,-0.439251,0.790036E-01,1.34100,0.676578E-13,-0.328416E-14,1.34100,2.58351,349.677,199.155,3.37747,-9999,0.149893,0.180366,-12.2117,-0.164596,1.40309,0.126444,0,-9999,-9999,-9999,-9999,-9999,-9999,-9999,-0.273966E-01,1.01148,24.0503,1.01990,15.1051,1.04533,-8.38014,1.04541,0.335649,1.04533,800000099,800000099,800000099,800000099,800000099,800000099,800000199,800000199,80100,80100,80,80,1,0,0,5,6,2,0.116987,0.216566,0.271788E-01,0.717013E-01,0.229962E-01,54.6520,0.193286E-01,-0.838014E-02,0.335649,16.0000,0.00000,248.000,50.0000,4.10454,97405.8,1.20482
CH-CHA_201811290858.csv,2018-11-29,11:00,333.458,1,36000,36000,-0.105092E-01,1,0.140526E-02,19.9891,0,1.84065,13.3219,0,1.19485,-6.35102,0,0.958838,0.296199,0,0.265664E-01,1.03403,0.798890,-0.255086,0.177626E-01,0.167433E-10,0.261511E-12,19.4134,455.729,460.330,0.100000,0,303.214,7.11797,7.16900,0.250000,1,281.737,274.938,97373.0,1.23053,1009.04,0.234750E-01,0.191937E-01,0.546392E-02,693.284,693.290,0.444032E-02,99.9991,0.623961E-02,274.902,-1.08336,0.243267,0.386619E-01,1.11101,0.152194E-12,0.862463E-15,1.11101,2.82627,18.3721,167.344,1.99423,-9999,0.924141E-01,0.237372,-3.37684,-0.595231,1.50047,0.174203,0,-9999,-9999,-9999,-9999,-9999,-9999,-9999,-0.103818E-01,1.01227,20.3381,1.02000,11.9642,1.03881,-7.33757,1.03887,0.266012,1.03881,800000099,800000099,800000099,800000099,800000099,800011099,800010199,811110199,80100,80100,80,81,0,1,1,42,41,17,0.147609,0.301665,0.254709E-01,0.633408E-01,0.155299E-01,34.4078,0.163799E-01,-0.733757E-02,0.266012,16.0000,0.00000,248.000,50.0000,5.10202,97418.1,1.21722
CH-CHA_201811290858.csv,2018-11-29,11:30,333.479,1,36000,36000,-0.128469E-01,1,0.677046E-02,34.3560,0,4.63614,20.4679,0,2.34671,-5.41670,1,1.61860,0.455256,0,0.521965E-01,0.654234,0.518357,-0.549347,0.115295E-01,0.101488E-09,0.166510E-11,18.9814,446.126,450.750,0.350000,0,311.425,7.31953,7.37350,0.250000,1,282.376,275.332,97395.0,1.22895,1009.15,0.235034E-01,0.295006E-01,0.561187E-02,713.077,713.091,0.456640E-02,99.9980,0.142618E-01,275.296,-0.412093,-0.405920E-01,0.278844E-01,0.415025,0.168774E-13,0.534670E-14,0.415025,2.04980,15.7373,185.626,3.85245,-9999,0.102242,0.250743,-2.66112,-0.755322,1.67853,0.270944,0,-9999,-9999,-9999,-9999,-9999,-9999,-9999,-0.125771E-01,1.02145,34.6670,1.02526,18.4827,1.02309,-7.35955,1.02311,0.411099,1.02309,800000099,800000099,800000099,800000099,800001099,800001099,801100199,811110199,80100,80100,81,81,2,3,0,11,42,1,0.303167,0.173881,0.244372E-01,0.133216,0.324782E-01,30.0974,0.279527E-01,-0.735955E-02,0.411099,16.0000,0.00000,248.000,50.0000,5.83281,97428.6,1.22766
CH-CHA_201811290858.csv,2018-11-29,12:00,333.500,1,36000,36000,-0.746772E-02,1,0.215660E-02,20.9797,0,2.65115,17.0681,0,1.79437,-3.47948,0,0.694009,0.379739,0,0.399218E-01,0.476020,0.390900,-0.133081,0.869691E-02,-0.833889E-10,-0.140393E-11,18.8603,443.797,448.493,0.250000,1,317.531,7.47174,7.52799,0.250000,1,282.809,275.619,97383.0,1.22745,1009.24,0.235308E-01,0.246071E-01,0.572191E-02,727.816,727.827,0.466163E-02,99.9984,0.116452E-01,275.583,-0.192298E-01,0.295203,0.257789E-01,0.296950,-0.195594E-12,-0.442140E-14,0.296950,2.33927,110.705,93.7270,4.98025,-9999,0.779996E-01,0.257105,-1.93475,-1.03889,1.22918,0.217125,0,-9999,-9999,-9999,-9999,-9999,-9999,-9999,-0.727053E-02,1.02712,21.3561,1.02898,15.7028,1.02297,-4.69889,1.02299,0.349363,1.02297,800000099,800000099,800000099,800000099,800001099,800001099,800000199,801110199,80100,80100,81,81,0,1,0,6,20,10,0.193658,0.295929,0.246236E-01,0.809846E-01,0.692425E-02,22.0977,0.172395E-01,-0.469889E-02,0.349363,16.0000,0.00000,248.000,50.0000,6.47245,97414.4,1.23812
CH-CHA_201811290858.csv,2018-11-29,12:30,333.521,1,36000,36000,-0.365532E-02,1,0.159809E-02,17.7599,0,2.62666,11.9882,0,1.69746,-4.61329,0,0.786232,0.266780,0,0.377744E-01,0.390894,0.335091,0.794331E-01,0.745692E-02,0.180844E-09,0.308825E-11,18.8930,445.189,449.951,0.250000,1,322.633,7.60244,7.66068,0.250000,1,282.562,275.855,97330.0,1.22567,1009.32,0.235637E-01,0.172873E-01,0.581385E-02,740.144,740.147,0.474341E-02,99.9996,0.296059E-02,275.819,0.473568E-01,0.524445,0.228901E-01,0.527076,-0.136945E-13,0.957201E-14,0.527076,2.28731,112.888,84.8402,2.48906,-9999,0.546105E-01,0.202881,-0.784113,-2.56341,1.48144,0.262883,0,-9999,-9999,-9999,-9999,-9999,-9999,-9999,-0.358956E-02,1.01832,18.0342,1.02325,10.8750,1.02460,-5.57792,1.02463,0.242006,1.02460,800000099,800000099,800000099,800000099,800000099,800101199,811110199,811110199,80100,80100,80,81,30,1,6,34,36,50,0.144145,0.233739,0.278786E-01,0.455673E-01,0.536675E-02,17.2989,0.145779E-01,-0.557792E-02,0.242006,16.0000,0.00000,248.000,50.0000,6.53059,97360.7,1.23801
CH-CHA_201811290858.csv,2018-11-29,13:00,333.542,1,36000,35992,-0.130423E-01,0,0.393050E-02,19.5127,0,2.72473,14.5317,0,1.52102,-4.89071,0,0.798961,0.323528,0,0.338634E-01,0.798313,0.685217,0.252647E-01,0.152554E-01,0.658485E-10,0.116296E-11,18.8708,445.632,450.487,0.250000,1,333.280,7.87040,7.93283,0.250000,1,283.109,276.338,97289.0,1.22289,1009.47,0.236149E-01,0.209646E-01,0.600571E-02,765.908,765.936,0.491109E-02,99.9964,0.275737E-01,276.302,-0.709320E-01,-0.438996,0.916454E-02,0.444784,0.451144E-13,0.348944E-14,0.444784,1.69056,290.156,260.822,1.18063,-9999,0.103272,0.132891,-4.82519,-0.416564,1.34277,0.153057,0,-9999,-9999,-9999,-9999,-9999,-9999,-9999,-0.127806E-01,1.02047,19.8684,1.02462,13.2510,1.02340,-5.97440,1.02342,0.295016,1.02340,800000099,800000099,800000099,800000099,800000099,800010199,810010199,811110199,80100,80100,80,80,3,2,0,23,0,15,0.141168,0.105808,0.188063E-01,0.136420,0.908758E-02,18.8017,0.160946E-01,-0.597440E-02,0.295016,16.0000,0.00000,248.000,50.0000,7.29029,97303.1,1.25206
CH-CHA_201811291300.csv,2018-11-29,13:30,333.562,1,36000,36000,-0.216993E-01,0,0.478576E-02,35.4347,0,3.91685,25.0837,0,2.60120,-8.33730,0,1.19333,0.558631,0,0.579304E-01,0.548014,0.477710,-0.289385,0.106389E-01,-0.186456E-10,-0.341028E-12,18.6300,440.543,445.367,0.250000,1,340.742,8.05752,8.12297,0.250000,1,284.054,276.670,97274.0,1.22114,1009.59,0.236470E-01,0.361993E-01,0.614018E-02,783.998,784.121,0.502822E-02,99.9843,0.123107,276.632,0.984925E-03,-0.551798,0.210953E-01,0.552202,0.746435E-13,-0.100084E-14,0.552202,2.00681,277.965,270.102,2.18935,-9999,0.133303,0.201889,-5.71404,-0.351765,1.41266,0.215615,0,-9999,-9999,-9999,-9999,-9999,-9999,-9999,-0.213201E-01,1.01779,36.0669,1.02292,22.7229,1.02505,-10.2615,1.02508,0.506054,1.02505,800000099,800000099,800000099,800000099,800000099,800000099,800000199,811110199,80100,80100,80,81,5,11,1,23,6,14,0.190643,0.190181,0.229541E-01,0.124074,0.154871E-01,42.0624,0.292550E-01,-0.102615E-01,0.506054,16.0000,0.00000,248.000,50.0000,8.26531,97300.1,1.25806
CH-CHA_201811291300.csv,2018-11-29,14:00,333.583,1,36000,36000,0.333317E-02,0,0.266933E-02,22.2619,0,3.61584,22.5062,1,3.01655,-7.37582,0,1.09751,0.501472,1,0.672134E-01,0.843185,0.765238,-0.197436,0.170507E-01,0.514789E-11,0.984452E-13,18.4392,437.062,441.926,0.250000,1,352.620,8.35813,8.42858,0.250000,1,285.106,277.182,97224.0,1.21812,1009.76,0.237029E-01,0.324954E-01,0.635422E-02,812.829,812.913,0.521640E-02,99.9896,0.845430E-01,277.145,0.774951E-01,0.460876,0.158282E-01,0.467614,-0.169693E-14,0.279182E-15,0.467614,1.69741,100.989,80.4552,1.93977,-9999,0.523099E-01,0.882686E-01,-0.549422,-3.65839,0.989146,0.345995,0,-9999,-9999,-9999,-9999,-9999,-9999,-9999,0.326845E-02,1.01980,23.0230,1.02419,20.7922,1.02369,-8.59524,1.02371,0.463281,1.02369,800000099,800000099,800000099,800000099,800000099,800001199,811110199,811110199,80100,80100,81,81,0,0,2,7,24,30,0.100237,0.597436E-01,0.165560E-01,0.129611,0.171605E-01,56.9829,0.187178E-01,-0.859524E-02,0.463281,16.0000,0.00000,248.000,50.0000,9.18895,97244.3,1.26649
CH-CHA_201811291300.csv,2018-11-29,14:30,333.604,1,36000,36000,0.431549E-02,0,0.375004E-02,16.3088,0,2.75200,14.4101,0,1.65762,-7.19281,0,1.02938,0.321132,0,0.369405E-01,0.284592,0.272078,-0.925096E-01,0.606330E-02,-0.876520E-10,-0.170403E-11,18.3498,435.429,440.365,0.250000,1,356.736,8.46515,8.53742,0.250000,1,286.020,277.355,97176.0,1.21671,1009.82,0.237294E-01,0.208093E-01,0.642839E-02,822.830,822.851,0.528341E-02,99.9974,0.213941E-01,277.319,0.208223,0.126477,0.117739E-01,0.243910,-0.748606E-13,-0.477673E-14,0.243910,1.31624,178.101,31.2749,2.76683,-9999,0.595553E-01,0.139513,-1.10640,-1.81670,1.13176,0.222879,0,-9999,-9999,-9999,-9999,-9999,-9999,-9999,0.418456E-02,1.03129,16.6329,1.03175,13.2057,1.02395,-8.01868,1.02396,0.294292,1.02395,800000099,800000099,800000099,800000099,800000099,800011099,811110199,811110199,80100,80100,80,81,3,4,0,14,24,25,0.118029,0.145444,0.155533E-01,0.110070,0.139575E-01,18.8005,0.135374E-01,-0.801868E-02,0.294292,16.0000,0.00000,248.000,50.0000,8.37311,97200.0,1.26293
CH-CHA_201811291300.csv,2018-11-29,15:00,333.625,1,36000,36000,-0.880740E-02,0,0.212119E-02,12.7219,1,2.31330,9.08074,0,1.09048,-4.28603,0,0.611978,0.202407,0,0.243065E-01,0.353367,0.329606,-0.101115,0.734684E-02,-0.195653E-09,-0.387790E-11,18.2577,433.643,438.569,0.200000,0,361.873,8.59494,8.66945,0.100000,0,286.982,277.570,97162.0,1.21554,1009.89,0.237512E-01,0.131160E-01,0.652096E-02,835.325,835.351,0.536468E-02,99.9969,0.258959E-01,277.534,-0.610614,-0.144239,0.483818E-01,0.629281,0.956226E-13,-0.107162E-13,0.629281,1.72293,353.211,193.291,4.40949,-9999,0.851217E-01,0.114898,-4.14101,-0.485389,1.40098,0.121750,0,-9999,-9999,-9999,-9999,-9999,-9999,-9999,-0.866516E-02,1.01642,12.9681,1.02208,8.17914,1.02658,-4.92446,1.02661,0.182311,1.02658,800000099,800000099,800000099,800000099,800000099,800010099,801110199,811110199,80100,80100,80,81,1,5,1,12,4,18,0.110105,0.108729,0.109617E-01,0.877866E-01,0.101403E-01,20.1046,0.105641E-01,-0.492446E-02,0.182311,16.0000,0.00000,248.000,50.0000,7.98218,97199.4,1.26447
CH-CHA_201811291300.csv,2018-11-29,15:30,333.646,1,36000,36000,-0.119838E-01,0,0.237837E-02,2.52344,0,0.403805,6.22482,0,0.634761,-1.18907,0,0.220823,0.138749,0,0.141486E-01,-0.492939E-02,0.134708E-02,-0.401512E-02,0.300259E-04,-0.807588E-10,-0.160103E-11,18.2498,433.572,438.504,0.200000,0,361.799,8.59547,8.66999,0.250000,1,287.409,277.567,97135.0,1.21521,1009.89,0.237576E-01,0.899094E-02,0.651962E-02,835.145,835.176,0.536501E-02,99.9963,0.309015E-01,277.531,-0.920340,-0.373268,0.526211E-01,0.994547,-0.898714E-13,-0.442519E-14,0.994547,2.46392,352.684,202.076,3.03292,-9999,0.993050E-01,0.279578,-33.1414,-0.606492E-01,0.405384,0.207060E-01,0,-9999,-9999,-9999,-9999,-9999,-9999,-9999,-0.118316E-01,1.01287,2.82861,1.02021,5.84298,1.03561,-1.33676,1.03567,0.130238,1.03561,800000099,800010099,800000099,800000099,800000099,800000099,801110199,811110199,80100,80100,80,81,10,1,0,3,1,5,0.175089,0.369870,0.141984E-01,0.482697E-02,0.227956E-02,11.4922,0.230487E-02,-0.133676E-02,0.130238,16.0000,0.00000,248.000,50.0000,7.32772,97179.6,1.26114
CH-CHA_201811291300.csv,2018-11-29,16:00,333.667,1,36000,36000,-0.157890E-01,1,0.252435E-02,-0.549205,2,0.292924,4.46155,1,0.428837,-0.863569E-02,2,0.920409E-01,0.994337E-01,1,0.955741E-02,-0.221929,-0.207465,0.114119,-0.462373E-02,-0.704107E-10,-0.137622E-11,18.3438,435.587,440.522,0.250000,1,358.540,8.51380,8.58691,0.150000,0,287.314,277.432,97136.0,1.21585,1009.84,0.237458E-01,0.644330E-02,0.646088E-02,827.219,827.309,0.531387E-02,99.9891,0.901766E-01,277.395,-1.14310,-0.167924,0.634965E-01,1.15711,-0.147745E-13,-0.383839E-14,1.15711,2.63873,0.402488,188.357,3.14569,-9999,0.113956,0.126397,230.106,0.873510E-02,-0.123097,-0.392520E-02,0,-9999,-9999,-9999,-9999,-9999,-9999,-9999,-0.156314E-01,1.01009,-0.286280,1.01968,4.25903,1.04472,-0.214208E-01,1.04480,0.949203E-01,1.04472,800000099,800010099,800000099,800000099,800000099,800000099,811110199,811110199,80100,80100,80,80,2,5,4,11,5,23,0.142372,0.940900E-01,0.163323E-01,0.166546E-02,0.987989E-03,4.98115,-0.233161E-03,-0.214208E-04,0.949203E-01,16.0000,0.00000,248.000,50.0000,6.65321,97189.9,1.25671
CH-CHA_201811291300.csv,2018-11-29,16:30,333.687,0,36000,36000,-0.582448E-02,0,0.189441E-02,-0.811199,0,0.247291,1.39912,0,0.322252,1.61597,0,0.502559,0.311797E-01,0,0.718148E-02,-0.118387,-0.112826,0.120682,-0.251436E-02,-0.939024E-10,-0.181692E-11,18.4375,437.718,442.667,0.450000,0,356.748,8.46940,8.54175,0.250000,1,287.438,277.360,97132.0,1.21614,1009.82,0.237406E-01,0.202044E-02,0.642860E-02,822.871,823.140,0.528607E-02,99.9673,0.269167,277.320,-0.451226,0.103764,0.332471E-01,0.464196,-0.697899E-13,-0.509301E-14,0.464196,2.25184,21.6224,167.049,4.10721,-9999,0.692049E-01,0.988338E-01,34.8912,0.576077E-01,-0.579793,-0.954473E-02,0,-9999,-9999,-9999,-9999,-9999,-9999,-9999,-0.574192E-02,1.01438,-0.711322,1.02449,1.38619,1.02828,1.60089,1.02832,0.308916E-01,1.02828,800000099,800010099,800000099,800000099,800001099,810101099,811110199,811110199,81100,81100,80,81,4,4,5,6,40,28,0.839568E-01,0.103629,0.100820E-01,0.403812E-02,0.823600E-02,1.99380,-0.579214E-03,0.160089E-02,0.308916E-01,16.0000,0.00000,248.000,50.0000,6.49078,97183.9,1.25495
CH-CHA_201811291300.csv,2018-11-29,17:00,333.708,0,36000,36000,-0.271867E-02,2,0.167065E-02,-0.846829,2,0.420003,-0.275182,2,0.371578,1.61295,0,0.483149,-0.613100E-02,2,0.827868E-02,-0.426290,-0.388219,0.153180,-0.864945E-02,-0.496060E-10,-0.936753E-12,18.5704,440.420,445.365,0.250000,1,350.681,8.31683,8.38657,0.200000,0,287.595,277.101,97141.0,1.21746,1009.73,0.237162E-01,-0.397289E-03,0.631927E-02,808.121,808.297,0.519054E-02,99.9783,0.175400,277.062,-0.581063,0.469774E-01,0.253565E-01,0.583510,0.489475E-13,-0.267124E-14,0.583510,1.66184,18.0912,175.378,2.49058,-9999,0.472554E-01,0.148114,10.6416,0.188881,3.07734,-0.145775E-01,0,-9999,-9999,-9999,-9999,-9999,-9999,-9999,-0.267135E-02,1.01771,-0.833742,1.03466,-0.219866,1.06321,1.56286,1.06332,-0.489858E-02,1.06321,800000099,800000099,800000099,800000099,800100099,801100099,811110199,811110199,81100,81100,80,81,3,0,12,1,14,35,0.131071,0.157494,0.766274E-02,0.161193E-01,0.133636E-01,2.37289,-0.678221E-03,0.156286E-02,-0.489858E-02,16.0000,0.00000,248.000,50.0000,6.17522,97191.7,1.25093
CH-CHA_201811291300.csv,2018-11-29,17:30,333.729,0,36000,36000,0.236190E-02,1,0.754417E-03,1.03507,2,0.683664,0.678494,2,0.325844,-3.39568,2,1.74802,0.151120E-01,2,0.725747E-02,-0.543810,-0.489048,0.562890,-0.108925E-01,0.590753E-10,0.106583E-11,19.0124,450.337,455.366,0.250000,1,343.019,8.12492,8.19148,0.350000,0,287.523,276.771,97147.0,1.21907,1009.62,0.236865E-01,0.979257E-03,0.618120E-02,789.523,789.728,0.507041E-02,99.9741,0.204540,276.732,-0.193649E-02,0.212485,-0.162222E-02,0.212500,0.262617E-13,0.310720E-14,0.212500,0.666033,94.9186,90.5222,-0.437400,-9999,0.440165E-01,0.348372E-01,-7.03605,-0.285672,1.52553,0.191058E-01,0,-9999,-9999,-9999,-9999,-9999,-9999,-9999,0.228284E-02,1.03463,1.04003,1.03399,0.610859,1.02509,-3.37552,1.02510,0.136055E-01,1.02509,800000099,800100099,800000099,800000099,800000099,800001099,811110199,811110199,80100,80100,80,81,16,1,4,8,15,16,0.240380E-01,0.432029E-01,0.243387E-02,0.252896E-01,0.235920,4.02207,0.845005E-03,-0.337552E-02,0.136055E-01,16.0000,0.00000,248.000,50.0000,5.93287,97199.6,1.24780
CH-CHA_201811291300.csv,2018-11-29,18:00,333.750,0,36000,36000,0.941650E-03,2,0.499037E-03,-0.453387,1,0.137330,1.13084,2,0.365990,1.91762,1,0.665847,0.251803E-01,2,0.814945E-02,-0.465151,-0.404142,0.291893,-0.899897E-02,-0.167513E-10,-0.292991E-12,19.2481,455.475,460.457,0.250000,1,336.661,7.96653,8.03051,0.250000,1,287.481,276.489,97143.0,1.22034,1009.53,0.236634E-01,0.163168E-02,0.606663E-02,774.100,774.160,0.497126E-02,99.9923,0.596103E-01,276.452,0.408817,0.427803,0.235253E-01,0.592200,-0.133194E-13,-0.870285E-15,0.592200,1.14232,139.593,46.3001,2.27669,-9999,0.277782E-01,0.549619E-01,4.03710,0.497882,-0.400929,-0.132484E-01,0,-9999,-9999,-9999,-9999,-9999,-9999,-9999,0.918431E-03,1.02528,-0.370998,1.05096,1.03292,1.10556,1.74703,1.10574,0.230000E-01,1.10556,800000099,800100099,800000099,800000099,800000099,800100099,811110199,811110199,81100,81100,80,81,0,0,3,2,4,8,0.493844E-01,0.594784E-01,0.106118E-02,0.558359E-02,0.144021,20.6354,-0.301142E-03,0.174703E-02,0.230000E-01,16.0000,0.00000,248.000,50.0000,5.60957,97198.1,1.24172
CH-CHA_201811291300.csv,2018-11-29,18:30,333.771,0,36000,36000,0.145852E-02,1,0.409476E-03,-0.128855E-01,1,0.637405E-01,-1.34543,1,0.464284,-0.407100E-01,2,0.184954,-0.299561E-01,1,0.103373E-01,-0.136922,-0.115069,-0.380207,-0.256202E-02,-0.885737E-10,-0.156341E-11,18.9677,448.784,453.563,0.250000,1,334.798,7.92144,7.98469,0.100000,0,287.515,276.406,97126.0,1.22051,1009.50,0.236604E-01,-0.194115E-02,0.603305E-02,769.584,769.630,0.494304E-02,99.9941,0.454082E-01,276.369,0.409843,0.381070,0.186357E-01,0.559940,0.926132E-13,-0.466971E-14,0.559940,1.01035,140.763,42.9165,1.90725,-9999,0.345688E-01,0.449296E-01,273.728,0.734307E-02,0.957725E-02,-0.302529E-03,0,-9999,-9999,-9999,-9999,-9999,-9999,-9999,0.143903E-02,1.01354,-0.894877E-01,1.02409,-1.29111,1.03338,-0.256873E-01,1.03343,-0.287468E-01,1.03338,800000099,800110099,800000099,800000099,800000099,800111099,811110199,811110199,80000,80000,80,81,0,0,2,19,39,20,0.400484E-01,0.489171E-01,0.893520E-03,0.449542E-02,0.806742E-01,49.1276,-0.726294E-04,-0.256873E-04,-0.287468E-01,16.0000,0.00000,248.000,50.0000,5.37708,97186.3,1.23925
CH-CHA_201811291300.csv,2018-11-29,19:00,333.792,0,36000,35989,-0.389595E-02,1,0.743579E-03,-0.412816,2,0.793383E-01,5.95158,1,3.03673,0.412729,1,0.340029,0.132472,1,0.675926E-01,-0.526784,-0.450150,-0.219808,-0.100196E-01,0.909947E-10,0.158406E-11,18.8244,444.920,448.953,0.250000,1,327.701,7.74530,7.80576,0.250000,1,287.421,276.087,97117.0,1.22189,1009.40,0.236353E-01,0.858421E-02,0.590517E-02,752.402,752.437,0.483280E-02,99.9954,0.346121E-01,276.051,0.175543,0.490632,0.194729E-01,0.521454,-0.927708E-13,0.483387E-14,0.521454,1.22902,109.868,70.3134,2.14012,-9999,0.564664E-01,0.863146E-01,37.2337,0.539833E-01,-0.693625E-01,-0.592748E-02,0,-9999,-9999,-9999,-9999,-9999,-9999,-9999,-0.384641E-02,1.01288,-0.608478E-01,1.02076,5.79170,1.02273,0.368218,1.02276,0.128914,1.02273,800000099,800110099,800000099,800000099,800000099,800100099,811110199,811110199,80000,80000,80,81,0,0,1,5,0,2,0.114786,0.565222E-01,0.132116E-02,0.249100E-01,0.154570,1367.99,-0.493342E-04,0.368218E-03,0.128914,16.0000,0.00000,248.000,50.0000,4.68168,97177.4,1.23155
CH-CHA_201811291900.csv,2018-11-29,19:30,333.812,0,36000,36000,0.268538E-02,1,0.812276E-03,5.82288,1,1.39471,-7.29145,1,4.27972,-16.5255,1,4.14387,-0.162132,1,0.951636E-01,-1.75707,-1.44660,-1.45536,-0.321665E-01,0.729181E-10,0.124859E-11,17.8152,419.434,421.623,0.250000,1,305.052,7.18201,7.23396,0.250000,1,286.671,275.027,97121.0,1.22691,1009.08,0.235436E-01,-0.105061E-01,0.549703E-02,697.711,697.720,0.448037E-02,99.9987,0.907036E-02,274.991,0.224725,0.985740E-01,0.296681E-02,0.245412,-0.466166E-13,0.409303E-14,0.245412,1.03078,169.321,23.6843,0.692671,-9999,0.467838E-01,0.424748E-01,-1.50120,-1.33893,-0.798591,0.100532,0,-9999,-9999,-9999,-9999,-9999,-9999,-9999,0.260426E-02,1.03115,5.22467,1.03166,-7.29916,1.02391,-16.3705,1.02392,-0.162304,1.02391,800000099,800100099,800000099,800000099,800000099,800111099,811110199,811110199,80000,80000,80,81,3,0,2,4,4,0,0.562819E-01,0.272636E-01,0.140426E-02,0.174845,2.16970,1189.68,0.422008E-02,-0.163705E-01,-0.162304,16.0000,0.00000,249.101,56.8827,3.44878,97186.0,1.21790
CH-CHA_201811291900.csv,2018-11-29,20:00,333.833,0,36000,36000,0.215309E-02,2,0.756110E-03,-0.712060,1,0.338937,-2.08313,1,1.32923,2.07584,1,2.16249,-0.463170E-01,1,0.295546E-01,-0.124353,-0.983637E-01,0.392547,-0.218705E-02,-0.637809E-10,-0.106879E-11,18.1119,426.306,428.595,0.250000,1,303.505,7.14372,7.19512,0.450000,0,286.173,274.952,97120.0,1.22725,1009.06,0.235374E-01,-0.300134E-02,0.546916E-02,693.984,693.985,0.445642E-02,99.9998,0.138797E-02,274.916,0.202753,0.336563,0.125081E-01,0.393115,-0.173318E-14,-0.352149E-14,0.393115,1.15542,138.402,58.9343,1.82333,-9999,0.418855E-01,0.693444E-01,8.80967,0.228158,0.341823,-0.137278E-01,0,-9999,-9999,-9999,-9999,-9999,-9999,-9999,0.210821E-02,1.02129,-0.800304,1.04078,-1.93747,1.05276,2.02637,1.05285,-0.430785E-01,1.05276,800000099,800100099,800000099,800000099,800000099,800011199,811110199,811110199,80000,80000,80,81,0,0,1,5,0,1,0.948714E-01,0.431003E-01,0.717345E-03,0.195723E-01,1.13625,236.068,-0.646259E-03,0.202637E-02,-0.430785E-01,16.0000,0.00000,249.000,56.2500,3.38796,97181.0,1.21662
CH-CHA_201811291900.csv,2018-11-29,20:30,333.854,0,36000,36000,-0.224175E-02,1,0.534972E-03,0.988861,2,0.559105,-3.10493,1,2.93341,4.34652,1,2.24468,-0.690224E-01,1,0.652093E-01,-0.350092,-0.274804,2.08379,-0.610886E-02,-0.970355E-11,-0.147554E-12,19.6750,462.761,465.479,0.250000,1,299.182,7.03685,7.08672,0.250000,1,285.804,274.741,97116.0,1.22820,1008.99,0.235203E-01,-0.447265E-02,0.539126E-02,683.574,683.574,0.438957E-02,100.000,0.00000,274.705,-0.933107E-01,-0.635984E-01,0.122708E-01,0.113588,-0.140208E-14,-0.493192E-15,0.113588,0.690072,333.205,214.277,6.20173,-9999,0.427228E-01,0.411890E-01,-6.73138,-0.298601,-0.318481,0.186776E-01,0,-9999,-9999,-9999,-9999,-9999,-9999,-9999,-0.212436E-02,1.05526,0.767657,1.04793,-3.01611,1.03516,4.17451,1.03517,-0.670478E-01,1.03516,800000099,800100099,800000099,800000099,800100099,800110199,811110199,811110199,81100,81100,80,81,0,0,4,6,0,0,0.274356E-01,0.538843E-01,0.105838E-02,0.442648E-01,0.810004,723.917,0.619458E-03,0.417451E-02,-0.670478E-01,16.0000,0.00000,248.530,53.3097,3.26346,97182.7,1.21151
CH-CHA_201811291900.csv,2018-11-29,21:00,333.875,0,36000,36000,-0.112893,1,0.159115E-01,-118.607,1,19.6716,-9999,-9999,-9999,162.541,2,39.6035,-9999,-9999,-9999,-0.904341,2873.41,-8.75339,63.8427,0.678919E-09,-9999,13.2030,309.927,309.927,0.250000,1,-9999,-9999,-9999,-9999,1,284.728,274.197,97115.0,1.23075,1008.83,0.234740E-01,-9999,0.519480E-02,657.360,657.366,0.422085E-02,99.9991,0.591629E-02,274.161,0.100568,0.502507E-01,0.317590E-01,0.116824,0.250332E-12,0.514216E-13,0.116824,1.26345,173.281,26.5498,15.7746,-9999,0.302864,0.236211,19.9925,0.100538,-9999,-0.315409,0,50.2063,-7.61899,17.2342,42.9156,65.4489,91.7931,137.523,-0.109806,1.02811,-114.599,1.03498,-9999,-9999,164.492,1.01610,-9999,-9999,800000099,800100099,800000099,800001199,800000199,810000199,811110199,811110199,81000,81000,80,81,0,2,2,1,4,5,0.294122,0.151645,0.266555E-01,0.552171,4.37395,-9999,-0.922978E-01,0.164492,-9999,16.0000,0.00000,251.633,72.7080,2.35816,97188.0,1.20206
CH-CHA_201811291900.csv,2018-11-29,21:30,333.896,0,36000,36000,-0.181767E-01,1,0.294020E-02,-9.88872,1,2.31000,-9999,-9999,-9999,22.1409,1,5.13978,-9999,-9999,-9999,-0.989581,3035.74,0.313923,67.4114,0.222158E-11,-9999,13.4656,315.396,315.396,0.250000,1,-9999,-9999,-9999,-9999,1,283.376,273.603,97118.0,1.23359,1008.67,0.234224E-01,-9999,0.498756E-02,629.768,629.769,0.404313E-02,99.9999,0.629769E-03,273.567,-0.320659,0.166884E-01,0.301053E-01,0.322501,-0.186592E-13,0.164982E-15,0.322501,1.37455,19.5639,177.021,5.35633,-9999,0.121387,0.169011,15.4383,0.130195,-9999,-0.654705E-01,0,-9999,-9999,-9999,-9999,-9999,-9999,-9999,-0.178511E-01,1.01824,-9.58670,1.03150,-9999,-9999,21.8763,1.02997,-9999,-9999,800000099,800100199,800000099,800000199,800000199,800000199,811100099,811110099,80000,80000,80,81,0,0,2,0,1,0,0.226095,0.109660,0.226545E-02,0.182203,1.29347,-9999,-0.770458E-02,0.218763E-01,-9999,16.0000,0.00000,252.161,76.0038,2.12457,97191.3,1.19376
CH-CHA_201811291900.csv,2018-11-29,22:00,333.917,0,36000,36000,-0.304320E-02,1,0.536309E-03,-0.490592,2,0.602883,-0.274256,2,1.67166,6.72896,1,2.73391,-0.609122E-02,2,0.371276E-01,0.326274,0.240404,5.38322,0.533938E-02,-0.102992E-10,-0.165488E-12,17.4589,409.255,409.574,0.250000,1,280.530,6.57592,6.61945,0.100000,0,282.871,273.799,97110.0,1.23256,1008.73,0.234411E-01,-0.394711E-03,0.505514E-02,638.759,638.759,0.410133E-02,100.000,0.00000,273.763,0.202306,-0.379189E-01,0.125325E-01,0.206210,-0.347459E-13,-0.589912E-15,0.206210,0.890898,193.616,349.384,3.48432,-9999,0.496891E-01,0.517445E-01,21.3436,0.941732E-01,1.78881,-0.794101E-02,0,-9999,-9999,-9999,-9999,-9999,-9999,-9999,-0.298084E-02,1.02092,-0.491405,1.03098,-0.249421,1.01936,6.62813,1.01939,-0.553965E-02,1.01936,800000099,800100099,800000099,800000199,800000099,800110199,811110199,811110199,81100,81100,80,81,0,0,0,4,0,0,0.313630E-01,0.709492E-01,0.117656E-02,0.394213E-01,1.11623,570.245,-0.395238E-03,0.662813E-02,-0.553965E-02,16.0000,0.00000,250.348,64.6767,2.60342,97178.1,1.19658
CH-CHA_201811291900.csv,2018-11-29,22:30,333.937,0,36000,36000,-0.542978E-02,1,0.735657E-03,-1.32186,1,0.315396,-13.7220,1,3.21966,-8.26156,1,5.31045,-0.304777,1,0.715113E-01,0.615755E-01,0.478965E-01,1.93223,0.106382E-02,-0.282333E-10,-0.420323E-12,18.8912,442.954,444.030,0.250000,1,281.243,6.59448,6.63825,0.250000,1,282.209,273.836,97096.0,1.23221,1008.73,0.234476E-01,-0.197496E-01,0.506799E-02,640.469,640.469,0.411293E-02,100.000,0.00000,273.800,0.374422,0.676906,0.266476E-01,0.774018,0.274794E-14,-0.149452E-14,0.774018,1.49927,126.589,61.0514,1.97295,-9999,0.663818E-01,0.637551E-01,18.8852,0.106433,0.963310E-01,-0.160205E-01,0,-9999,-9999,-9999,-9999,-9999,-9999,-9999,-0.534268E-02,1.01630,-2.01734,1.03260,-12.6142,1.07675,-7.47822,1.07688,-0.280172,1.07675,800000099,800000099,800000099,800000099,800000099,800000199,811110199,811110199,80000,80000,80,80,0,1,1,16,1,0,0.638634E-01,0.594697E-01,0.417754E-02,0.219398E-01,2.85032,505.058,-0.162300E-02,-0.747822E-02,-0.280172,16.0000,0.00000,249.347,58.4196,2.82708,97145.1,1.19551
CH-CHA_201811291900.csv,2018-11-29,23:00,333.958,0,36000,36000,0.172463E-02,1,0.421576E-03,-1.12657,2,1.42073,5.99891,2,2.05889,3.10112,2,1.92999,0.133246,2,0.457315E-01,0.765164E-01,0.620763E-01,-4.08622,0.137882E-02,-0.477436E-10,-0.850230E-12,15.8427,371.654,371.901,0.250000,1,282.131,6.61854,6.66263,0.250000,1,281.694,273.882,97065.0,1.23160,1008.74,0.234591E-01,0.863436E-02,0.508400E-02,642.600,642.600,0.412798E-02,100.000,0.00000,273.846,0.209122,0.176106,0.308556E-02,0.273414,-0.577199E-13,-0.301360E-14,0.273414,0.740405,157.589,40.1015,0.646614,-9999,0.374208E-01,0.494219E-01,3.96864,0.506471,-0.187796,-0.242323E-01,0,-9999,-9999,-9999,-9999,-9999,-9999,-9999,0.168209E-02,1.02529,-0.743668,1.04758,5.74605,1.04441,2.97184,1.04449,0.127630,1.04441,800000099,800100099,800000099,800000099,800000099,800000199,811110199,811110199,81100,81100,80,81,5,0,2,8,0,0,0.138215E-01,0.834967E-01,0.152578E-02,0.157942,0.498298,258.827,-0.598587E-03,0.297184E-02,0.127630,16.0000,0.00000,250.423,65.1411,2.69389,97099.9,1.19417
CH-CHA_201811291900.csv,2018-11-29,23:30,333.979,0,36000,36000,0.667697E-02,1,0.729856E-03,-0.895606,1,0.292236,0.338908,1,1.14791,-2.80621,1,1.93355,0.752551E-02,1,0.254896E-01,-0.519536,-0.380772,2.06931,-0.845512E-02,-0.356851E-10,-0.566377E-12,17.3992,407.722,408.251,0.250000,1,276.152,6.47116,6.51331,0.250000,1,280.937,273.570,97061.0,1.23302,1008.66,0.234333E-01,0.487653E-03,0.497627E-02,628.266,628.266,0.403584E-02,100.000,0.00000,273.534,-0.377480,-0.746674E-01,0.187096E-01,0.385249,-0.234701E-12,-0.205096E-14,0.385249,1.36609,355.779,191.189,2.78366,-9999,0.735876E-01,0.143689,37.9607,0.529495E-01,-2.64262,-0.978580E-02,0,-9999,-9999,-9999,-9999,-9999,-9999,-9999,0.657567E-02,1.01540,-0.854633,1.02504,0.360686,1.02430,-2.69782,1.02434,0.800911E-02,1.02430,800000099,800100099,800000099,800000099,800000099,800100199,811110199,811110199,81100,81100,80,81,0,0,1,3,14,0,0.591769E-01,0.226819,0.138189E-02,0.261058E-01,0.652488,112.070,-0.687168E-03,-0.269782E-02,0.800911E-02,16.0000,0.00000,250.000,62.5000,2.55142,97099.9,1.19187
CH-CHA_201811291900.csv,2018-11-30,00:00,334.000,0,36000,36000,-0.145394E-01,1,0.250054E-02,-2.16227,2,0.271835,32.8114,1,9.20853,20.7704,1,5.25994,0.728753,1,0.204525,0.405997,0.295457,2.33781,0.656220E-02,-0.203490E-09,-0.298796E-11,19.1246,448.501,449.791,0.100000,0,280.818,6.58563,6.62929,0.250000,1,280.844,273.814,97072.0,1.23201,1008.73,0.234516E-01,0.472232E-01,0.506035E-02,639.452,639.452,0.410740E-02,100.000,0.00000,273.778,-0.550124E-01,0.199654,0.235360E-01,0.208427,0.213334E-12,-0.106402E-13,0.208427,1.17733,80.3989,105.405,6.48377,-9999,0.108634,0.154195,50.5905,0.397308E-01,-0.659000E-01,-0.160161E-01,0,-9999,-9999,-9999,-9999,-9999,-9999,-9999,-0.142393E-01,1.02108,-0.247190,1.02449,32.2333,1.01372,20.2863,1.01374,0.715913,1.01372,800000099,800100099,800000099,800000099,800000099,800100199,811110199,811110199,80100,80100,80,81,0,0,2,0,0,0,0.135606,0.169211,0.357342E-02,0.115769E-01,1.09050,1624.26,-0.198904E-03,0.202863E-01,0.715913,16.0000,0.00000,249.340,58.3734,2.93665,97100.2,1.19626
CH-CHA_201811291900.csv,2018-11-30,00:30,334.021,0,36000,36000,-0.124069E-01,1,0.216819E-02,1.82607,1,0.479740,-16.6420,2,5.42937,-1.30257,2,1.75430,-0.369736,2,0.120624,0.525290,0.388865,2.10999,0.863942E-02,0.348620E-09,0.483879E-11,20.6749,485.343,488.251,0.250000,1,286.964,6.73648,6.78217,0.250000,1,280.577,274.130,97087.0,1.23071,1008.82,0.234750E-01,-0.239589E-01,0.517109E-02,654.200,654.200,0.420173E-02,100.000,0.00000,274.094,-0.375266,0.136678,0.358332E-01,0.400985,-0.391427E-13,0.168620E-13,0.400985,1.82047,29.9130,159.988,5.12696,-9999,0.100405,0.107122,-47.3030,-0.424920E-01,-0.109727,0.146486E-01,0,-9999,-9999,-9999,-9999,-9999,-9999,-9999,-0.121403E-01,1.02196,0.844550,1.02559,-16.2265,1.02297,-1.20628,1.02299,-0.360504,1.02297,800000099,800010099,800000099,800000099,800000099,800111199,811110199,811110199,80100,80100,80,81,9,0,2,10,4,0,0.145936,0.638548E-01,0.445385E-02,0.870819E-02,0.130110,724.094,0.680234E-03,-0.120628E-02,-0.360504,16.0000,0.00000,248.335,52.0957,3.45277,97116.2,1.20152
CH-CHA_201811291900.csv,2018-11-30,01:00,334.042,0,36000,35990,-0.646701E-02,1,0.162663E-02,0.542721E-01,1,0.455783,4.94413,1,5.65434,3.92124,1,1.31481,0.109888,1,0.125674,0.708789,0.539213,-0.344734,0.119845E-01,0.160192E-09,0.232144E-11,20.3880,479.315,482.645,0.250000,1,295.456,6.94605,6.99463,0.250000,1,280.703,274.557,97095.0,1.22880,1008.94,0.235096E-01,0.712077E-02,0.532411E-02,674.608,674.608,0.433279E-02,100.000,0.00000,274.521,-0.173551,0.370588,0.275194E-01,0.410138,0.164765E-12,0.785715E-14,0.410138,1.45537,81.1416,115.094,3.84733,-9999,0.725457E-01,0.100759,-600.405,-0.334774E-02,0.109771E-01,0.603421E-03,0,-9999,-9999,-9999,-9999,-9999,-9999,-9999,-0.633012E-02,1.02162,0.331171,1.02537,4.79713,1.02304,3.77817,1.02306,0.106621,1.02304,800000099,800010099,800000099,800000099,800000099,800100099,811110199,811110199,80000,80000,80,81,3,0,2,10,0,0,0.943258E-01,0.102083,0.510866E-02,0.789034E-02,0.948702E-01,796.086,0.267121E-03,0.377817E-02,0.106621,16.0000,0.00000,248.000,50.0000,3.90525,97126.2,1.20798
CH-CHA_201811300100.csv,2018-11-30,01:30,334.062,0,36000,36000,-0.281859E-02,1,0.126072E-02,1.59611,0,0.232465,3.33343,1,2.98226,0.997677,0,0.274914,0.740870E-01,1,0.662822E-01,-0.431590E-01,-0.320569E-01,0.670734,-0.712479E-03,0.830608E-11,0.117283E-12,20.8874,491.043,495.525,0.250000,1,294.932,6.93359,6.98200,0.250000,1,280.469,274.531,97088.0,1.22883,1008.94,0.235091E-01,0.480084E-02,0.531468E-02,673.349,673.349,0.432499E-02,100.000,0.00000,274.495,0.152128,0.354660,0.214083E-01,0.386504,0.393433E-13,0.397660E-15,0.386504,1.17716,119.658,66.7835,3.17522,-9999,0.478928E-01,0.782421E-01,-5.87371,-0.342203,0.478819,0.268805E-01,0,-9999,-9999,-9999,-9999,-9999,-9999,-9999,-0.275651E-02,1.02252,1.74312,1.02595,3.17546,1.02287,0.844020,1.02289,0.705761E-01,1.02287,800000099,800010099,800000099,800000099,800010099,800011199,811110199,811110199,81100,81100,80,81,0,0,0,49,5,0,0.891160E-01,0.638816E-01,0.348671E-02,0.384856E-02,0.163196E-01,329.651,0.140597E-02,0.844020E-03,0.705761E-01,16.0000,0.00000,248.000,50.0000,4.08999,97114.2,1.20873
CH-CHA_201811300100.csv,2018-11-30,02:00,334.083,0,36000,36000,0.137208E-02,2,0.155256E-02,-0.210478,0,0.923501,32.5773,0,10.8982,4.13704,0,0.988379,0.724002,0,0.242203,-0.104602,-0.807775E-01,-0.495259,-0.179521E-02,0.545516E-10,0.780552E-12,20.5240,482.385,486.758,0.250000,1,293.668,6.90221,6.95018,0.250000,1,280.263,274.468,97089.0,1.22914,1008.92,0.235035E-01,0.469153E-01,0.529189E-02,670.308,670.308,0.430537E-02,100.000,0.00000,274.432,0.406203,0.424099,0.314622E-01,0.588091,0.545782E-13,0.265794E-14,0.588091,1.75117,141.066,46.2348,3.06672,-9999,0.334110E-01,0.950414E-01,15.1226,0.132914,-0.646090E-02,-0.507997E-02,0,-9999,-9999,-9999,-9999,-9999,-9999,-9999,0.134901E-02,1.01710,1.61973,1.02250,31.5487,1.02573,3.70496,1.02576,0.701142,1.02573,800000099,800010099,800000099,800000099,800000099,800010199,811110199,811110199,81100,81100,80,80,0,2,0,7,0,28,0.118526,0.648492E-01,0.670746E-02,0.374283E-01,0.440819E-01,2363.69,0.130614E-02,0.370496E-02,0.701142,16.0000,0.00000,248.071,50.4436,3.96595,97106.8,1.20682
CH-CHA_201811300100.csv,2018-11-30,02:30,334.104,0,36000,36000,-0.447920E-02,0,0.746211E-03,1.62984,0,0.378686,-0.418966,2,1.82707,1.75233,0,0.269812,-0.930882E-02,2,0.405948E-01,-0.441988,-0.333856,0.781162E-01,-0.741780E-02,0.701799E-10,0.982540E-12,20.5982,483.750,488.280,0.250000,1,288.381,6.77263,6.81881,0.250000,1,279.728,274.202,97071.0,1.23016,1008.84,0.234850E-01,-0.603212E-03,0.519662E-02,657.602,657.602,0.422433E-02,100.000,0.00000,274.166,0.463378E-01,0.557521,0.278328E-01,0.560135,-0.102261E-12,0.340709E-14,0.560135,1.41517,102.730,85.2488,2.84817,-9999,0.603419E-01,0.772547E-01,-11.5029,-0.174739,-3.89015,0.217641E-01,0,-9999,-9999,-9999,-9999,-9999,-9999,-9999,-0.440160E-02,1.01763,1.56997,1.02282,-0.466538,1.02520,1.61738,1.02523,-0.103658E-01,1.02520,800000099,800010099,800000099,800000099,800000099,800000099,801110199,811110199,81100,81100,80,81,3,2,0,19,6,1,0.342291E-01,0.114278,0.600261E-02,0.704310E-02,0.524356E-02,147.392,0.126504E-02,0.161738E-02,-0.103658E-01,16.0000,0.00000,248.000,50.0000,3.80306,97100.3,1.20231
CH-CHA_201811300100.csv,2018-11-30,03:00,334.125,0,36000,36000,-0.849027E-02,0,0.216984E-02,2.66900,0,1.08315,0.813176,1,0.363354,1.75146,0,0.283133,0.180645E-01,1,0.807184E-02,-0.290942,-0.217630,-0.101133,-0.483461E-02,0.528838E-10,0.733838E-12,20.5347,481.984,486.454,0.250000,1,284.948,6.68823,6.73326,0.250000,1,279.437,274.027,97064.0,1.23090,1008.79,0.234717E-01,0.117058E-02,0.513477E-02,649.360,649.360,0.417155E-02,100.000,0.00000,273.991,0.344211,0.610296,0.469853E-01,0.702247,-0.908407E-13,0.257534E-14,0.702247,1.64669,123.807,60.5767,3.83636,-9999,0.830519E-01,0.915319E-01,-18.3132,-0.109757,3.28219,0.258807E-01,0,-9999,-9999,-9999,-9999,-9999,-9999,-9999,-0.836155E-02,1.01539,2.65810,1.02148,0.687733,1.02819,1.53825,1.02823,0.152779E-01,1.02819,800000099,800010099,800000099,800000099,800000099,800000099,810110199,811110199,81100,81100,80,81,1,4,0,15,6,10,0.817411E-01,0.899010E-01,0.114216E-01,0.271834E-01,0.464166E-02,4.99509,0.214066E-02,0.153825E-02,0.152779E-01,16.0000,0.00000,248.000,50.0000,3.50621,97100.5,1.19878
CH-CHA_201811300100.csv,2018-11-30,03:30,334.146,0,36000,36000,-0.481564E-02,0,0.134417E-02,3.26841,0,0.899980,1.74242,1,0.984790,1.18717,0,0.242772,0.387035E-01,1,0.218746E-01,-0.187941,-0.140118,0.898520E-01,-0.311237E-02,-0.282299E-10,-0.387290E-12,20.6100,483.552,488.032,0.250000,1,282.751,6.63391,6.67822,0.100000,0,279.099,273.914,97064.0,1.23143,1008.76,0.234621E-01,0.250799E-02,0.509517E-02,644.087,644.087,0.413759E-02,100.000,0.00000,273.878,0.335355,0.410167,0.211764E-01,0.530235,0.516371E-13,-0.136972E-14,0.530235,1.49104,137.284,50.7304,2.28887,-9999,0.625348E-01,0.727477E-01,-6.38395,-0.314852,1.87578,0.420742E-01,0,-9999,-9999,-9999,-9999,-9999,-9999,-9999,-0.472932E-02,1.01825,3.29144,1.02321,1.56988,1.02466,0.947104,1.02469,0.348709E-01,1.02466,800000099,800010099,800000099,800000099,800000099,800000099,811110199,811110199,81100,81100,80,81,0,0,0,10,41,0,0.762174E-01,0.625700E-01,0.670787E-02,0.244206E-01,0.569225E-02,31.2692,0.264965E-02,0.947104E-03,0.348709E-01,16.0000,0.00000,248.000,50.0000,3.33264,97100.0,1.19715
CH-CHA_201811300100.csv,2018-11-30,04:00,334.167,0,36000,36000,-0.856181E-02,1,0.178118E-02,3.09293,1,0.800696,-0.677888,2,1.11042,1.96153,1,0.666756,-0.150552E-01,2,0.246614E-01,-0.271188,-0.196081,0.304398,-0.435476E-02,0.234589E-10,0.314695E-12,20.8433,488.862,493.414,0.250000,1,279.607,6.55794,6.60123,0.250000,1,278.788,273.751,97039.0,1.23188,1008.72,0.234541E-01,-0.975579E-03,0.503852E-02,636.547,636.547,0.409009E-02,100.000,0.00000,273.715,0.181611,0.192490,0.213047E-01,0.265497,-0.273415E-13,0.112549E-14,0.265497,1.09845,138.672,46.6657,4.60263,-9999,0.833677E-01,0.697603E-01,-15.9808,-0.125776,-4.56260,0.298562E-01,0,-9999,-9999,-9999,-9999,-9999,-9999,-9999,-0.831721E-02,1.02941,2.96339,1.03050,-0.769869,1.02344,1.73860,1.02345,-0.170980E-01,1.02344,800000099,800000099,800000099,800000099,800000099,800000099,811110199,811110199,81100,81100,80,80,1,0,0,12,31,5,0.785154E-01,0.565969E-01,0.440832E-02,0.246729E-01,0.232593E-01,21.5377,0.238480E-02,0.173860E-02,-0.170980E-01,16.0000,0.00000,248.000,50.0000,3.23722,97099.2,1.19547
CH-CHA_201811300100.csv,2018-11-30,04:30,334.187,0,36000,36000,-0.855075E-02,1,0.126801E-02,2.52285,1,0.447139,0.110840,2,0.112938,0.732697,2,0.204896,0.246154E-02,2,0.250812E-02,-0.798538E-01,-0.546430E-01,0.338155,-0.121351E-02,-0.629201E-10,-0.831295E-12,21.0936,494.762,499.446,0.250000,1,278.687,6.53677,6.57978,0.250000,1,278.439,273.703,97016.0,1.23182,1008.70,0.234556E-01,0.159508E-03,0.502194E-02,634.342,634.342,0.407686E-02,100.000,0.00000,273.667,-0.812453E-01,0.194051,0.196117E-01,0.211284,-0.190808E-13,-0.298290E-14,0.211284,0.984073,84.9728,112.718,5.32593,-9999,0.833161E-01,0.794154E-01,-19.5522,-0.102802,22.7612,0.243698E-01,0,-9999,-9999,-9999,-9999,-9999,-9999,-9999,-0.826334E-02,1.03478,2.44573,1.03409,0.166066E-01,1.02515,0.560891,1.02516,0.368800E-03,1.02515,800000099,800110099,800000099,800000099,800000099,800000099,811110199,811110199,81000,81000,80,81,0,1,1,42,32,4,0.516453E-01,0.103932,0.325346E-02,0.785303E-02,0.721042E-02,8.28237,0.196833E-02,0.560891E-03,0.368800E-03,16.0000,0.00000,248.000,50.0000,3.23001,97097.6,1.19550
CH-CHA_201811300100.csv,2018-11-30,05:00,334.208,0,36000,36000,-0.477794E-02,1,0.714170E-03,0.998738,1,0.180078,0.948368,1,0.119397,1.40783,1,0.245584,0.210619E-01,1,0.265165E-02,0.465873E-01,0.303642E-01,-0.287983E-01,0.674346E-03,0.362059E-10,0.479698E-12,21.0748,494.259,498.994,0.250000,1,279.224,6.54854,6.59170,0.250000,1,278.367,273.731,97038.0,1.23197,1008.71,0.234527E-01,0.136481E-02,0.503161E-02,635.627,635.627,0.408421E-02,100.000,0.00000,273.695,-0.146498,0.353505,0.107986E-01,0.382811,-0.300545E-13,0.171797E-14,0.382811,0.934826,75.4768,112.510,1.61645,-9999,0.622761E-01,0.316306E-01,-20.6293,-0.974343E-01,1.05311,0.129052E-01,0,-9999,-9999,-9999,-9999,-9999,-9999,-9999,-0.467202E-02,1.02267,1.02624,1.02605,0.885020,1.02285,1.30568,1.02287,0.196551E-01,1.02285,800000099,800010099,800000099,800000099,800000099,800000099,811110199,811110199,81100,81100,80,80,0,0,0,35,18,6,0.286706E-01,0.313804E-01,0.321029E-02,0.437901E-02,0.694724E-02,1.30051,0.825819E-03,0.130568E-02,0.196551E-01,16.0000,0.00000,248.000,50.0000,3.36599,97099.8,1.19689
CH-CHA_201811300100.csv,2018-11-30,05:30,334.229,0,36000,36000,-0.962043E-02,1,0.182401E-02,3.32110,1,0.460914,0.941356,1,0.167145,0.975755,1,0.194364,0.209092E-01,1,0.371259E-02,0.251070,0.187574,0.271048E-01,0.416635E-02,-0.315683E-09,-0.422494E-11,21.0805,494.733,499.508,0.250000,1,282.131,6.62126,6.66540,0.250000,1,278.400,273.882,97025.0,1.23109,1008.75,0.234687E-01,0.135491E-02,0.508400E-02,642.600,642.600,0.412968E-02,100.000,0.00000,273.846,-0.166596,-0.700384E-01,0.214047E-01,0.181983,0.389235E-13,-0.149751E-13,0.181983,1.11180,334.788,202.802,6.75473,-9999,0.884000E-01,0.117382,-17.7423,-0.113289,3.52800,0.302522E-01,0,-9999,-9999,-9999,-9999,-9999,-9999,-9999,-0.926054E-02,1.03886,3.25528,1.03683,0.789908,1.02682,0.739721,1.02683,0.175453E-01,1.02682,800000099,800000099,800000099,800000099,800010099,800010099,811110199,811110199,81100,81100,80,81,4,0,0,23,18,6,0.876296E-01,0.142533,0.460125E-02,0.182593E-01,0.516797E-02,2.47811,0.262129E-02,0.739721E-03,0.175453E-01,16.0000,0.00000,248.000,50.0000,3.41440,97099.7,1.19946
CH-CHA_201811300100.csv,2018-11-30,06:00,334.250,0,36000,36000,-0.334483E-02,1,0.114747E-02,2.60676,0,0.598583,-0.305660,2,1.19128,1.43913,0,0.354920,-0.679061E-02,2,0.264657E-01,0.350537,0.263289,-0.185767,0.584929E-02,-0.120056E-09,-0.164236E-11,20.9241,491.487,496.177,0.250000,1,286.239,6.72346,6.76897,0.250000,1,278.585,274.093,97016.0,1.22998,1008.81,0.234890E-01,-0.440032E-03,0.515802E-02,652.458,652.458,0.419358E-02,100.000,0.00000,274.057,-0.407721,0.188844,0.323344E-01,0.450493,0.619095E-14,-0.573771E-14,0.450493,1.83202,39.6100,155.148,4.11599,-9999,0.521481E-01,0.960674E-01,-4.64009,-0.433181,-8.52830,0.402863E-01,0,-9999,-9999,-9999,-9999,-9999,-9999,-9999,-0.327828E-02,1.02030,2.52724,1.02451,-0.393134,1.02346,1.25267,1.02349,-0.873394E-02,1.02346,800000099,800010099,800000099,800000099,800000099,800000099,811110199,811110199,81000,81000,80,81,0,6,0,21,6,1,0.992981E-01,0.840896E-01,0.874704E-02,0.911160E-02,0.552059E-02,30.1959,0.203676E-02,0.125267E-02,-0.873394E-02,16.0000,0.00000,248.000,50.0000,3.54607,97099.5,1.20177
CH-CHA_201811300100.csv,2018-11-30,06:30,334.271,0,36000,36000,-0.953258E-02,1,0.149297E-02,3.11680,1,0.528608,2.03954,1,0.454145,1.56935,1,0.407489,0.453160E-01,1,0.100905E-01,0.195953,0.147770,0.170764E-01,0.328325E-02,0.159450E-10,0.219853E-12,20.9278,491.785,496.622,0.250000,1,288.557,6.78084,6.82714,0.250000,1,278.742,274.211,97016.0,1.22942,1008.84,0.234991E-01,0.293648E-02,0.519981E-02,658.027,658.029,0.422947E-02,99.9997,0.197409E-02,274.175,-0.198439,0.261097,0.314586E-01,0.329454,-0.540733E-13,0.761904E-15,0.329454,0.940532,60.9438,127.236,5.47936,-9999,0.880552E-01,0.624690E-01,-18.6842,-0.107578,1.52818,0.285384E-01,0,-9999,-9999,-9999,-9999,-9999,-9999,-9999,-0.929841E-02,1.02518,3.14663,1.02770,1.86425,1.02277,1.32508,1.02279,0.414211E-01,1.02277,800000099,800000099,800000099,800000099,800000099,800000099,801110199,811110199,81100,81100,80,81,0,0,0,27,5,1,0.382625E-01,0.800562E-01,0.661927E-02,0.673245E-02,0.639397E-02,4.42926,0.253701E-02,0.132508E-02,0.414211E-01,16.0000,0.00000,248.000,50.0000,3.87330,97090.0,1.20607
CH-CHA_201811300100.csv,2018-11-30,07:00,334.292,0,36000,35989,-0.280966E-02,1,0.805734E-03,3.39727,0,0.832976,1.52563,0,0.497393,1.57416,0,0.356027,0.339009E-01,0,0.110525E-01,0.172667,0.128501,-0.245802,0.285541E-02,0.765182E-10,0.107218E-11,20.7403,487.488,492.249,0.250000,1,290.616,6.83076,6.87774,0.100000,0,278.943,274.315,97031.0,1.22912,1008.88,0.235044E-01,0.219678E-02,0.523691E-02,662.974,662.974,0.426069E-02,100.000,0.00000,274.279,-0.468509,0.731040E-02,0.354788E-01,0.469908,0.126302E-13,0.368935E-14,0.469908,1.15278,9.63076,179.106,4.33004,-9999,0.478111E-01,0.509077E-01,-2.74428,-0.732432,2.22680,0.573019E-01,0,-9999,-9999,-9999,-9999,-9999,-9999,-9999,-0.275527E-02,1.01974,3.40227,1.02415,1.35251,1.02372,1.31917,1.02374,0.300541E-01,1.02372,800000099,800010099,800000099,800000099,800000099,800000099,811110199,811110199,81100,81100,80,81,0,0,4,14,32,0,0.451027E-01,0.499487E-01,0.676404E-02,0.142072E-01,0.521434E-02,6.56241,0.274370E-02,0.131917E-02,0.300541E-01,16.0000,0.00000,248.000,50.0000,3.85681,97099.5,1.20601
CH-CHA_201811300700.csv,2018-11-30,07:30,334.312,0,36000,36000,-0.416928E-02,0,0.121216E-02,3.44996,0,0.664795,1.86885,1,0.413978,1.97021,0,0.248879,0.415313E-01,1,0.919977E-02,0.154352,0.118145,0.448872E-03,0.262551E-02,0.310323E-10,0.437746E-12,20.7334,487.496,492.315,0.250000,1,292.468,6.87668,6.92430,0.250000,1,279.181,274.408,97030.0,1.22867,1008.90,0.235126E-01,0.269123E-02,0.527027E-02,667.423,667.423,0.428940E-02,100.000,0.00000,274.372,-0.366962,0.276710,0.300676E-01,0.460580,0.693797E-14,0.149673E-14,0.460580,1.14219,45.6865,142.982,3.74306,-9999,0.582522E-01,0.477371E-01,-4.88761,-0.411244,1.84603,0.477768E-01,0,-9999,-9999,-9999,-9999,-9999,-9999,-9999,-0.408752E-02,1.02000,3.47245,1.02432,1.68282,1.02359,1.69954,1.02362,0.373972E-01,1.02359,800000099,800010099,800000099,800000099,800000099,800000099,811110199,811110199,81100,81100,80,81,0,0,2,14,16,1,0.348319E-01,0.532239E-01,0.741864E-02,0.913131E-02,0.270761E-02,4.79549,0.280126E-02,0.169954E-02,0.373972E-01,16.0000,0.00000,248.000,50.0000,4.02243,97099.6,1.20825
CH-CHA_201811300700.csv,2018-11-30,08:00,334.333,0,36000,36000,-0.179308E-02,1,0.141969E-02,0.738945,2,0.458596,2.19629,1,0.530460,1.10799,1,0.286293,0.488125E-01,1,0.117895E-01,0.172530,0.134141,0.388273E-01,0.298129E-02,-0.395459E-10,-0.561289E-12,20.7527,488.175,493.054,0.250000,1,294.550,6.92884,6.97719,0.250000,1,279.509,274.512,97022.0,1.22808,1008.93,0.235235E-01,0.316305E-02,0.530780E-02,672.431,672.431,0.432203E-02,100.000,0.00000,274.476,-0.214044,0.871000E-01,0.528861E-02,0.231148,0.100007E-12,-0.190558E-14,0.231148,1.15970,47.5175,157.857,1.31103,-9999,0.382109E-01,0.877456E-01,-6.44023,-0.312101,0.336452,0.156076E-01,0,-9999,-9999,-9999,-9999,-9999,-9999,-9999,-0.173656E-02,1.03255,0.838495,1.03259,2.10111,1.02435,1.01436,1.02436,0.466972E-01,1.02435,800000099,800010099,800000099,800000099,800000099,800000099,811110199,811110199,81100,81100,80,81,21,0,4,32,27,8,0.741212E-01,0.953673E-01,0.600282E-02,0.121941E-01,0.354345E-02,5.19161,0.676726E-03,0.101436E-02,0.466972E-01,16.0000,0.00000,248.000,50.0000,4.13797,97096.9,1.21118
CH-CHA_201811300700.csv,2018-11-30,08:30,334.354,0,36000,36000,-0.108159E-01,1,0.178199E-02,1.40843,1,0.309853,1.77056,1,0.484200,1.05947,1,0.201914,0.393554E-01,1,0.107626E-01,0.197350,0.151165,0.120179,0.336003E-02,-0.185353E-09,-0.264172E-11,20.8350,490.279,495.243,0.250000,1,296.949,6.98765,7.03683,0.250000,1,279.660,274.631,97031.0,1.22764,1008.96,0.235315E-01,0.255023E-02,0.535103E-02,678.201,678.201,0.435881E-02,100.000,0.00000,274.595,-0.738187E-01,0.261979,0.157208E-02,0.272185,0.285205E-13,-0.889622E-14,0.272185,2.44427,81.7966,105.736,0.330930,-9999,0.938635E-01,0.414175E-01,-50.0888,-0.401287E-01,0.795470,0.121142E-01,0,-9999,-9999,-9999,-9999,-9999,-9999,-9999,-0.105123E-01,1.02888,1.46639,1.03015,1.66408,1.02331,0.932157,1.02333,0.369885E-01,1.02331,800000099,800000099,800000099,800000099,810000099,810100099,811110199,811110199,81100,81100,80,81,1,2,1,40,16,5,0.393943E-01,0.355002E-01,0.794041E-02,0.391275E-02,0.145696E-02,5.15708,0.118387E-02,0.932157E-03,0.369885E-01,16.0000,0.00000,248.000,50.0000,4.34226,97098.1,1.21499
CH-CHA_201811300700.csv,2018-11-30,09:00,334.375,1,36000,36000,0.351750E-02,0,0.197683E-02,2.86275,0,0.619048,2.57513,0,0.385656,-0.705356,0,0.185344,0.572492E-01,0,0.857375E-02,0.314848,0.248221,-0.275939E-01,0.551835E-02,-0.117369E-09,-0.169761E-11,20.7977,489.796,494.822,0.200000,0,300.815,7.08432,7.13486,0.250000,1,279.599,274.821,97020.0,1.22660,1009.02,0.235504E-01,0.370975E-02,0.542069E-02,687.505,687.505,0.441927E-02,100.000,0.00000,274.785,-0.240492,0.690004E-01,0.102564E-01,0.250405,-0.101890E-12,-0.564337E-14,0.250405,1.32461,32.8523,163.991,2.34745,-9999,0.535507E-01,0.987666E-01,-4.57585,-0.439263,1.11169,0.431930E-01,0,-9999,-9999,-9999,-9999,-9999,-9999,-9999,0.341276E-02,1.03069,2.91986,1.03135,2.38626,1.02378,-0.887334,1.02379,0.530503E-01,1.02378,800000099,800000099,800000099,800000099,800001099,800001099,811110199,811110199,80100,80100,80,81,4,9,3,13,36,15,0.536515E-01,0.136221,0.766140E-02,0.154092E-01,0.113165E-02,4.83833,0.235917E-02,-0.887334E-03,0.530503E-01,16.0000,0.00000,248.000,50.0000,4.66651,97090.8,1.21871
CH-CHA_201811300700.csv,2018-11-30,09:30,334.396,1,36000,36000,-0.185774E-01,1,0.582412E-02,8.05845,0,2.08023,4.69776,0,0.722972,-1.68044,1,0.935222,0.104471,0,0.160778E-01,0.539519,0.431170,-0.202752,0.958856E-02,0.172611E-09,0.257457E-11,20.6195,486.239,491.302,0.150000,0,307.550,7.25250,7.30548,0.250000,1,279.791,275.147,97007.0,1.22491,1009.11,0.235815E-01,0.676972E-02,0.554206E-02,703.732,703.732,0.452447E-02,100.000,0.00000,275.111,-0.678012,0.205791E-01,0.324393E-01,0.679100,-0.125930E-13,0.837123E-14,0.679100,2.91673,17.4366,178.261,2.73795,-9999,0.123152,0.239154,-19.7699,-0.101670,1.71538,0.529379E-01,0,-9999,-9999,-9999,-9999,-9999,-9999,-9999,-0.182904E-01,1.01569,8.14990,1.02166,4.21927,1.02767,-2.15997,1.02770,0.938301E-01,1.02767,800000099,800000099,800000099,800000099,800000099,800000099,811110199,811110199,80100,80100,80,81,8,2,4,5,21,21,0.284872,0.174099,0.193360E-01,0.480329E-01,0.174612E-01,10.8942,0.659338E-02,-0.215997E-02,0.938301E-01,16.0000,0.00000,248.000,50.0000,5.01612,97065.8,1.22315
CH-CHA_201811300700.csv,2018-11-30,10:00,334.417,1,36000,36000,-0.154808E-01,0,0.259031E-02,13.2094,0,1.54268,8.81235,0,0.956920,-4.87169,0,0.548868,0.196040,0,0.212877E-01,0.591662,0.482435,-0.255868,0.107323E-01,-0.590254E-10,-0.911701E-12,20.4001,481.745,486.828,0.200000,0,315.098,7.44101,7.49680,0.100000,0,280.091,275.505,96996.0,1.22309,1009.22,0.236149E-01,0.127034E-01,0.567807E-02,721.942,721.942,0.464240E-02,100.000,0.00000,275.469,-1.27984,-0.290230,0.612092E-01,1.31376,-0.305540E-13,-0.289339E-14,1.31376,2.56583,355.584,192.777,2.67042,-9999,0.112504,0.182004,-9.19459,-0.218607,1.49896,0.951194E-01,0,-9999,-9999,-9999,-9999,-9999,-9999,-9999,-0.153041E-01,1.01155,13.4370,1.01990,7.84701,1.04455,-5.51257,1.04462,0.174565,1.04455,800000099,800000099,800000099,800000099,800000099,800000099,800010199,801010199,80100,80100,80,81,0,0,1,2,19,0,0.189357,0.149944,0.247059E-01,0.516348E-01,0.786301E-02,20.9932,0.108857E-01,-0.551257E-02,0.174565,16.0000,0.00000,248.000,50.0000,5.25084,97037.4,1.22754
CH-CHA_201811300700.csv,2018-11-30,10:30,334.437,1,36000,36000,-0.143502E-01,0,0.285655E-02,12.6711,1,2.86844,12.9642,0,1.51218,-5.57384,0,0.792928,0.288544,0,0.336565E-01,0.854682,0.709453,-0.204796,0.157903E-01,-0.191249E-09,-0.308742E-11,20.2130,478.142,483.313,0.250000,1,326.307,7.71884,7.77888,0.250000,1,281.092,276.023,97013.0,1.22088,1009.39,0.236551E-01,0.186977E-01,0.588005E-02,749.028,749.028,0.481624E-02,100.000,0.00000,275.987,-0.794600,-0.153533,0.446439E-01,0.810527,-0.196665E-12,-0.946170E-14,0.810527,1.86338,359.030,190.936,3.15745,-9999,0.108416,0.137448,-8.57938,-0.234283,0.977390,0.948398E-01,0,-9999,-9999,-9999,-9999,-9999,-9999,-9999,-0.141489E-01,1.01423,13.1382,1.02084,11.9499,1.03080,-6.27133,1.03085,0.265969,1.03080,800000099,800000099,800000099,800000099,800000099,800011099,800110199,810110199,80100,80100,80,81,8,2,4,11,30,31,0.983305E-01,0.156264,0.203008E-01,0.206004,0.155324E-01,35.9933,0.106612E-01,-0.627133E-02,0.265969,16.0000,0.00000,248.000,50.0000,6.26231,97067.5,1.24077
CH-CHA_201811300700.csv,2018-11-30,11:00,334.458,1,36000,36000,0.422668E-02,1,0.363592E-02,19.1733,1,5.16290,9.40541,0,1.05620,-3.77324,0,0.867889,0.209424,0,0.235177E-01,0.729836,0.625898,-0.191651,0.139365E-01,-0.124267E-10,-0.208464E-12,20.0391,474.764,480.001,0.100000,0,336.167,7.96443,8.02837,0.250000,1,283.008,276.466,97018.0,1.21887,1009.53,0.236919E-01,0.135707E-01,0.605773E-02,772.900,772.902,0.496994E-02,99.9997,0.231871E-02,276.430,-0.418677,-0.127821,0.920444E-02,0.437851,0.184584E-12,-0.620121E-15,0.437851,1.81962,345.840,196.977,1.20455,-9999,0.588872E-01,0.144358,-0.908642,-2.21209,2.03854,0.264605,0,-9999,-9999,-9999,-9999,-9999,-9999,-9999,0.414101E-02,1.02069,19.2432,1.02476,8.28637,1.02332,-4.88801,1.02334,0.184507,1.02332,800000099,800000099,800000099,800000099,800000099,800010099,810110199,811110199,80100,80100,80,81,9,1,4,11,18,9,0.114761,0.159973,0.139826E-01,0.299077,0.130979E-01,15.5513,0.156387E-01,-0.488801E-02,0.184507,16.0000,0.00000,248.000,50.0000,7.04784,97053.7,1.25055
CH-CHA_201811300700.csv,2018-11-30,11:30,334.479,1,36000,36000,-0.867508E-02,1,0.390232E-02,8.89501,0,1.49326,5.10019,2,23.0748,-2.04936,0,2.52993,0.113579,2,0.513864,0.246955,0.219127,-0.231049,0.487987E-02,-0.669273E-10,-0.114469E-11,19.8533,470.690,475.151,0.250000,1,339.562,8.05048,8.11582,0.250000,1,284.218,276.616,97003.0,1.21798,1009.58,0.237084E-01,0.735991E-02,0.611891E-02,781.130,781.137,0.502381E-02,99.9991,0.703023E-02,276.580,-0.340221,0.417176E-01,0.219019E-01,0.343468,-0.387522E-12,-0.337109E-14,0.343468,1.77339,353.395,173.009,3.65606,-9999,0.843949E-01,0.235696,-5.76485,-0.348665,1.74405,0.857134E-01,0,-9999,-9999,-9999,-9999,-9999,-9999,-9999,-0.846801E-02,1.02445,8.94986,1.02722,4.55674,1.02274,-2.56366,1.02276,0.101476,1.02274,800000099,800000099,800000099,800001199,800011099,800011099,801110199,811110199,80000,80000,80,81,2,2,1,15,15,9,0.245584,0.211183,0.146248E-01,0.476824E-01,0.147174,6862.80,0.727839E-02,-0.256366E-02,0.101476,16.0000,0.00000,249.725,60.7781,6.76933,97022.8,1.25157
CH-CHA_201811300700.csv,2018-11-30,12:00,334.500,1,36000,36000,-0.407870E-01,1,0.565313E-02,4.61776,1,1.42541,24.5118,1,15.8763,-12.1424,1,2.29058,0.546007,1,0.353649,0.442396,0.395118,0.704249E-01,0.880134E-02,-0.228983E-09,-0.398150E-11,19.8837,471.933,475.305,0.250000,1,345.733,8.20586,8.27375,0.100000,0,283.461,276.885,96990.0,1.21657,1009.67,0.237346E-01,0.353813E-01,0.623012E-02,796.100,796.100,0.512107E-02,100.000,0.00000,276.849,-0.105122E-01,0.694027E-01,0.189078E-01,0.726962E-01,0.112403E-12,-0.115161E-13,0.726962E-01,1.13969,87.3485,98.6129,15.0756,-9999,0.183102,0.144533,-113.398,-0.177252E-01,0.188389,0.205316E-01,0,-9999,-9999,-9999,-9999,-9999,-9999,-9999,-0.378820E-01,1.07668,5.70813,1.06265,23.0024,1.04771,-12.0930,1.04772,0.512383,1.04771,800000099,800000099,800000099,800000099,800000099,800000099,811110199,811110199,80100,80100,80,81,0,0,0,24,25,12,0.113329,0.158752,0.169849E-01,0.333037E-01,0.372780E-01,1298.49,0.464708E-02,-0.120930E-01,0.512383,16.0000,0.00000,250.696,66.8517,6.97408,97003.2,1.25300
CH-CHA_201811300700.csv,2018-11-30,12:30,334.521,1,36000,36000,-0.194132E-01,1,0.327853E-02,3.20777,1,3.43826,28.4086,1,35.8552,1.77548,2,7.54745,0.632966,1,0.798883,0.432033,0.394066,-0.997180,0.878012E-02,0.155364E-09,0.285929E-11,19.1187,454.309,458.263,0.400000,0,351.858,8.36104,8.43154,0.100000,0,282.708,277.148,96968.0,1.21506,1009.76,0.237626E-01,0.410162E-01,0.634048E-02,810.971,810.973,0.521823E-02,99.9998,0.162195E-02,277.112,-0.159432,0.111973E-01,0.289636E-01,0.162428,0.887718E-13,0.812627E-14,0.162428,2.06177,16.6391,175.983,10.2717,-9999,0.126401,0.222797,-53.6964,-0.374327E-01,0.112916,0.206841E-01,0,-9999,-9999,-9999,-9999,-9999,-9999,-9999,-0.186253E-01,1.04230,4.69217,1.03915,27.2481,1.02840,1.27138,1.02841,0.607110,1.02840,800000099,800000099,800000099,800001199,800001099,800011099,811110199,811110199,80100,80100,80,81,0,0,0,14,35,13,0.111410,0.322948,0.112366E-01,0.285475,0.813085,13856.6,0.382435E-02,0.127138E-02,0.607110,16.0000,0.00000,251.720,73.2519,7.01666,96996.9,1.25410
CH-CHA_201811300700.csv,2018-11-30,13:00,334.542,1,36000,35989,-0.443330E-02,1,0.118962E-02,5.07733,0,0.674501,17.7679,1,21.8643,-5.76170,0,6.23522,0.395984,1,0.487279,0.436461,0.404112,-0.723061E-01,0.900622E-02,-0.649630E-10,-0.122180E-11,19.0424,453.029,454.587,0.250000,1,358.143,8.52041,8.59363,0.100000,0,282.301,277.414,96947.0,1.21356,1009.86,0.237905E-01,0.256597E-01,0.645374E-02,826.250,826.265,0.531801E-02,99.9982,0.148728E-01,277.378,0.797972,0.448451,0.188305E-01,0.915544,0.401898E-13,-0.341149E-14,0.915544,1.91964,157.184,29.3355,1.17852,-9999,0.604411E-01,0.102777,-3.70859,-0.541985,0.285758,0.685461E-01,0,-9999,-9999,-9999,-9999,-9999,-9999,-9999,-0.437479E-02,1.01338,5.97363,1.02042,16.8132,1.03350,-6.02340,1.03355,0.374707,1.03350,800000099,800000099,800000099,800001199,800001099,800001099,801110199,811110199,80100,80100,80,80,0,5,0,10,24,0,0.104451,0.890444E-01,0.120576E-01,0.160742E-01,1.34370,7919.56,0.487438E-02,-0.602340E-02,0.374707,16.0000,0.00000,253.613,85.0838,6.80500,96975.7,1.25538
CH-CHA_201811301300.csv,2018-11-30,13:30,334.562,1,36000,36000,-0.404799E-02,1,0.159171E-02,6.82973,0,0.766861,-9999,-9999,-9999,-24.3790,1,12.3317,-9999,-9999,-9999,0.645553,-2500.73,0.241167,-55.7533,-0.400777E-10,-9999,19.1934,457.303,457.303,0.250000,1,-9999,-9999,-9999,-9999,1,282.514,277.808,96940.0,1.21164,1009.99,0.238260E-01,-9999,0.662498E-02,849.378,849.384,0.546776E-02,99.9993,0.594569E-02,277.772,0.418771,0.199514,0.157442E-01,0.464137,-0.248665E-13,-0.208810E-14,0.464137,1.72247,158.823,25.4744,1.94393,-9999,0.578005E-01,0.204417,-2.41121,-0.833605,-9999,0.965560E-01,0,-9999,-9999,-9999,-9999,-9999,-9999,-9999,-0.396900E-02,1.01990,6.66799,1.02426,-9999,-9999,-24.1921,1.02366,-9999,-9999,800000099,800000099,800000099,800001199,800010099,800011199,811110199,811110199,80100,80100,80,81,0,2,1,26,11,1,0.992074E-01,0.299928,0.969996E-02,0.215115E-01,4.91500,-9999,0.544883E-02,-0.241921E-01,-9999,16.0000,0.00000,252.320,77.0014,7.00743,96951.4,1.26124
CH-CHA_201811301300.csv,2018-11-30,14:00,334.583,1,36000,36000,-0.547514E-02,1,0.242385E-02,7.19091,0,1.48149,8.93402,2,16.9038,-1.86854,1,1.61296,0.199262,2,0.377018,0.688740,0.661322,1.10705,0.147500E-01,0.637113E-10,0.120507E-11,19.9866,476.953,479.009,0.200000,0,378.038,9.02135,9.10348,0.200000,0,283.073,278.229,96934.0,1.20962,1010.14,0.238636E-01,0.129122E-01,0.681224E-02,874.710,874.717,0.563174E-02,99.9992,0.699774E-02,278.193,0.847310,-0.301320E-01,0.232333E-01,0.848164,0.245966E-13,0.318770E-14,0.848164,2.11719,190.377,357.963,1.56967,-9999,0.672781E-01,0.130716,-3.61146,-0.556561,0.804891,0.874745E-01,0,-9999,-9999,-9999,-9999,-9999,-9999,-9999,-0.540010E-02,1.01390,7.54952,1.02067,8.23343,1.03176,-2.31280,1.03180,0.183636,1.03176,800000099,800000099,800000099,800000199,800000099,800001199,810110199,811110199,80000,80000,80,81,0,0,0,3,15,4,0.185248,0.645704E-01,0.116135E-01,0.546933E-01,0.210041,10267.2,0.617861E-02,-0.231280E-02,0.183636,16.0000,0.00000,251.936,74.5990,7.44220,96938.1,1.26949
CH-CHA_201811301300.csv,2018-11-30,14:30,334.604,1,36000,36000,-0.218484E-01,0,0.282347E-02,3.91847,0,0.704612,21.0914,1,25.4471,-10.6736,0,7.64511,0.470489,1,0.567654,0.269774,0.263569,-3.30037,0.587950E-02,-0.442504E-10,-0.965300E-12,17.5195,418.336,421.251,0.450000,0,382.179,9.12578,9.20982,0.450000,0,283.581,278.394,96932.0,1.20883,1010.20,0.238783E-01,0.304877E-01,0.688687E-02,884.817,884.827,0.569716E-02,99.9989,0.973309E-02,278.358,1.41229,0.219370,0.472194E-01,1.43000,-0.723618E-13,-0.252578E-14,1.43000,2.64681,177.294,8.82914,1.89228,-9999,0.134440,0.149672,-52.8832,-0.380083E-01,0.185786,0.238680E-01,0,-9999,-9999,-9999,-9999,-9999,-9999,-9999,-0.216050E-01,1.01126,5.01663,1.01994,19.7549,1.04791,-10.5654,1.04799,0.440679,1.04791,800000099,800010099,800000099,800000199,800001099,800001099,800010199,800110199,80100,80100,80,80,0,3,1,10,14,9,0.135853,0.140867,0.226223E-01,0.101544E-01,1.14407,7459.92,0.410810E-02,-0.105654E-01,0.440679,16.0000,0.00000,253.799,86.2444,7.28928,96934.1,1.27024
CH-CHA_201811301300.csv,2018-11-30,15:00,334.625,1,36000,36000,-0.110157E-01,0,0.147846E-02,0.508328,2,1.40114,-50.0214,1,21.7924,5.81191,1,4.24795,-1.11612,1,0.486249,0.423109,0.416644,3.06208,0.929648E-02,-0.247123E-09,-0.485657E-11,19.7819,472.768,476.071,0.250000,1,388.762,9.29103,9.37816,0.250000,1,283.880,278.653,96938.0,1.20770,1010.30,0.238990E-01,-0.723243E-01,0.700550E-02,900.896,900.904,0.580069E-02,99.9991,0.810813E-02,278.617,1.28085,0.117950,0.509514E-01,1.28728,-0.478089E-13,-0.124924E-13,1.28728,2.11981,181.072,5.26134,2.26839,-9999,0.955050E-01,0.793912E-01,-146.156,-0.137524E-01,-0.101622E-01,0.436223E-02,0,-9999,-9999,-9999,-9999,-9999,-9999,-9999,-0.108845E-01,1.01205,-2.21622,1.02475,-46.0064,1.07773,5.85425,1.07787,-1.02653,1.07773,800000099,800010099,800000099,800001199,800001099,800001199,800110199,810110199,81000,81000,80,80,3,11,1,6,20,14,0.734681E-01,0.691280E-01,0.161862E-01,0.349813E-01,0.520164,6579.90,-0.181637E-02,0.585425E-02,-1.02653,16.0000,0.00000,251.698,73.1125,7.31349,96947.1,1.27414
CH-CHA_201811301300.csv,2018-11-30,15:30,334.646,1,36000,36000,-0.558926E-02,0,0.743041E-03,-0.316108,1,0.380716,-1.83033,2,22.4529,7.61175,2,6.51427,-0.408466E-01,2,0.501070,0.290639,0.288321,0.260900,0.643434E-02,0.551785E-10,0.108708E-11,19.9656,477.408,480.737,0.250000,1,393.344,9.40547,9.49477,0.250000,1,283.880,278.831,96949.0,1.20701,1010.36,0.239116E-01,-0.264686E-02,0.708806E-02,912.095,912.102,0.587239E-02,99.9993,0.638471E-02,278.795,0.692000,0.485579,0.340547E-01,0.846056,-0.146828E-12,0.276368E-14,0.846056,1.72986,152.976,35.0575,2.30684,-9999,0.680489E-01,0.101774,85.0263,0.236397E-01,0.172705,-0.380913E-02,0,-9999,-9999,-9999,-9999,-9999,-9999,-9999,-0.552522E-02,1.01159,-0.411984,1.02189,-1.72398,1.04220,7.33959,1.04227,-0.384733E-01,1.04220,800000099,800010099,800000099,800001199,800001099,800001099,811110199,811110199,80000,80000,80,81,3,1,0,1,9,5,0.555290E-01,0.139939,0.808143E-02,0.677938E-02,3.07929,22902.0,-0.337824E-03,0.733959E-02,-0.384733E-01,16.0000,0.00000,251.273,70.4549,7.50264,96986.0,1.27700
CH-CHA_201811301300.csv,2018-11-30,16:00,334.667,1,36000,36000,-0.896848E-03,1,0.469694E-03,1.80259,1,0.439849,-25.6225,1,32.8632,7.92582,1,6.28176,-0.571843,1,0.733438,0.107759,0.104281,-1.01640,0.232734E-02,0.103353E-09,0.212563E-11,19.2084,459.330,462.713,0.250000,1,395.051,9.44686,9.53696,0.100000,0,283.772,278.897,96966.0,1.20692,1010.39,0.239130E-01,-0.370554E-01,0.711882E-02,916.270,916.285,0.589833E-02,99.9984,0.146606E-01,278.861,0.345549,0.388202,0.299229E-01,0.520577,-0.888910E-14,0.538064E-14,0.520577,1.12716,137.894,48.3268,3.29519,-9999,0.272596E-01,0.418974E-01,-0.958616,-2.09677,-0.703519E-01,0.542264E-01,0,-9999,-9999,-9999,-9999,-9999,-9999,-9999,-0.880586E-03,1.01847,0.300090,1.02335,-24.8652,1.02449,7.89318,1.02452,-0.554939,1.02449,800000099,800010099,800000099,800000199,800000099,800000199,811110199,811110199,81000,81000,80,81,1,0,1,0,19,14,0.307560E-01,0.469940E-01,0.604514E-02,0.711993E-02,2.01850,25934.5,0.246085E-03,0.789318E-02,-0.554939,16.0000,0.00000,253.192,82.4483,7.73164,96999.8,1.27909
CH-CHA_201811301300.csv,2018-11-30,16:30,334.687,0,36000,36000,-0.443460E-02,1,0.117015E-02,-3.05017,1,0.808260,6.26864,0,19.8960,2.79618,0,3.69353,0.139901,0,0.444033,-0.228648E-01,-0.288090E-01,0.186890,-0.642949E-03,-0.166583E-09,-0.339732E-11,19.3531,462.653,466.422,0.250000,1,394.691,9.43543,9.52531,0.250000,1,283.823,278.883,96990.0,1.20729,1010.38,0.239059E-01,0.906560E-02,0.711232E-02,915.388,915.396,0.589117E-02,99.9991,0.823857E-02,278.847,0.459757,0.569192,0.305028E-01,0.732316,-0.137949E-12,-0.860754E-14,0.732316,1.97811,141.577,51.0709,2.38720,-9999,0.606069E-01,0.940556E-01,6.22735,0.322770,-0.486576,-0.412578E-01,0,-9999,-9999,-9999,-9999,-9999,-9999,-9999,-0.434610E-02,1.02036,-2.59696,1.04119,5.78673,1.10046,2.63936,1.10063,0.129146,1.10046,800000099,800000099,800000099,800001199,800001099,800101099,811110199,811110199,81000,81000,80,81,2,1,1,9,15,3,0.125870,0.539085E-01,0.833193E-02,0.376624E-01,1.43290,15822.9,-0.212897E-02,0.263936E-02,0.129146,16.0000,0.00000,250.926,68.2896,7.67989,97000.6,1.27909
CH-CHA_201811301300.csv,2018-11-30,17:00,334.708,0,36000,36000,-0.132174E-01,0,0.160981E-02,-4.90790,0,0.652996,6.78527,1,14.6727,2.89720,0,1.92795,0.151438,1,0.327475,0.751779E-01,0.560564E-01,-0.348661E-02,0.125110E-02,-0.104425E-09,-0.213497E-11,19.3635,462.591,465.143,0.250000,1,395.886,9.45766,9.54796,0.250000,1,283.958,278.929,97071.0,1.20809,1010.39,0.238899E-01,0.981318E-02,0.713386E-02,918.311,918.319,0.590510E-02,99.9991,0.826487E-02,278.893,0.816195,0.817744,0.573239E-01,1.15679,0.564306E-13,-0.539289E-14,1.15679,2.70233,141.632,45.0543,2.84041,-9999,0.104598,0.819120E-01,19.9066,0.100971,-0.723316,-0.384400E-01,0,-9999,-9999,-9999,-9999,-9999,-9999,-9999,-0.130443E-01,1.01327,-4.41256,1.02715,6.43847,1.08361,2.86621,1.08375,0.143698,1.08361,800000099,800000099,800000099,800000199,800001099,800001099,800010199,800110199,81100,81100,80,80,1,3,0,4,15,4,0.881336E-01,0.574973E-01,0.181932E-01,0.181665E-01,0.250158,4237.53,-0.361495E-02,0.286621E-02,0.143698,16.0000,0.00000,250.474,65.4618,7.39468,97010.7,1.27883
CH-CHA_201811301300.csv,2018-11-30,17:30,334.729,0,36000,36000,-0.318768E-02,1,0.661977E-03,-3.55662,1,0.348536,33.2156,1,8.21714,-2.28148,2,1.03673,0.741297,1,0.183388,-0.686486E-01,-0.683788E-01,0.831291,-0.152606E-02,-0.104898E-09,-0.207232E-11,19.9841,477.361,478.586,0.250000,1,394.798,9.43055,9.52033,0.250000,1,283.924,278.887,97068.0,1.20824,1010.38,0.238870E-01,0.480361E-01,0.711426E-02,915.650,915.650,0.588811E-02,100.000,0.00000,278.852,0.560204,0.301331,0.305499E-01,0.636838,0.419885E-13,-0.524906E-14,0.636838,1.59016,159.993,28.2756,2.74960,-9999,0.513642E-01,0.541841E-01,3.25277,0.617935,-0.107077,-0.567204E-01,0,-9999,-9999,-9999,-9999,-9999,-9999,-9999,-0.312247E-02,1.02088,-1.63139,1.04190,30.3728,1.08937,-2.22726,1.08952,0.677852,1.08937,800000099,800000099,800000099,800000099,800000099,800100099,811110199,811110199,80100,80100,80,81,9,1,4,2,11,6,0.348965E-01,0.692816E-01,0.419022E-02,0.104981E-01,0.988266E-01,2819.05,-0.133635E-02,-0.222726E-02,0.677852,16.0000,0.00000,253.122,82.0104,7.35143,97042.2,1.27886
CH-CHA_201811301300.csv,2018-11-30,18:00,334.750,0,36000,36000,0.675175E-03,1,0.282590E-03,-0.150315,1,0.289520,-10.4849,2,3.36552,3.87446,2,1.86281,-0.233934,2,0.750900E-01,-0.477818,-0.481099,0.217182,-0.107340E-01,-0.108093E-09,-0.207556E-11,20.1693,481.215,482.060,0.250000,1,387.281,9.24006,9.32624,0.250000,1,283.734,278.595,97081.0,1.20976,1010.27,0.238588E-01,-0.151589E-01,0.697880E-02,897.275,897.281,0.576875E-02,99.9993,0.628097E-02,278.559,0.430726,0.406442,0.468611E-01,0.594067,-0.524833E-13,-0.535930E-14,0.594067,1.10277,142.845,43.3385,4.52430,-9999,0.236243E-01,0.175465E-01,7.48876,0.268402,0.143364E-01,-0.520605E-02,0,-9999,-9999,-9999,-9999,-9999,-9999,-9999,0.643316E-03,1.04952,-0.644821,1.09980,-8.61315,1.20517,3.31470,1.20553,-0.192173,1.20517,800000099,800100099,800000099,800000099,800000099,800000099,811110199,811110199,81000,81000,80,81,2,0,0,0,12,0,0.145526E-01,0.195639E-01,0.976444E-03,0.173517E-01,0.916542,1521.85,-0.527599E-03,0.331470E-02,-0.192173,16.0000,0.00000,253.925,87.0309,7.22333,97075.1,1.27642
CH-CHA_201811301300.csv,2018-11-30,18:30,334.771,0,36000,36000,-0.532142E-02,1,0.630393E-03,2.56870,1,0.693770,0.620676,2,2.25404,-0.178697E-01,2,0.692134,0.138461E-01,2,0.502835E-01,-0.261971,-0.259403,1.22007,-0.578679E-02,-0.181094E-09,-0.329068E-11,21.0890,502.854,503.183,0.250000,1,383.211,9.13743,9.22169,0.200000,0,283.491,278.435,97084.0,1.21054,1010.20,0.238444E-01,0.897228E-03,0.690546E-02,887.336,887.355,0.570446E-02,99.9979,0.186344E-01,278.399,-0.127600,0.302329,0.207471E-01,0.328809,0.148605E-12,-0.858712E-14,0.328809,1.04695,78.6846,112.883,3.61764,-9999,0.663017E-01,0.767929E-01,-9.68715,-0.207491,4.13854,0.316811E-01,0,-9999,-9999,-9999,-9999,-9999,-9999,-9999,-0.519052E-02,1.02522,2.53465,1.02772,0.474606,1.02277,-0.179831,1.02279,0.105876E-01,1.02277,800000099,800100099,800000099,800000199,800001099,800001099,811110199,811110199,81100,81100,80,81,12,6,1,18,22,2,0.351754E-01,0.117111,0.129934E-02,0.380098E-01,0.124817,443.254,0.207266E-02,-0.179831E-03,0.105876E-01,16.0000,0.00000,253.345,83.4056,7.14809,97094.0,1.27566
CH-CHA_201811301300.csv,2018-11-30,19:00,334.792,0,36000,35989,-0.123862E-02,1,0.125792E-03,-0.144106,1,0.198666,-13.0578,1,3.27766,7.93751,1,1.57689,-0.291256,1,0.731088E-01,-0.229372,-0.227286,-0.639625,-0.506966E-02,0.295013E-10,0.543043E-12,20.6271,491.517,492.673,0.250000,1,379.692,9.04758,9.13018,0.250000,1,283.267,278.295,97099.0,1.21137,1010.16,0.238287E-01,-0.188734E-01,0.684205E-02,878.746,878.749,0.564817E-02,99.9997,0.263625E-02,278.259,0.242319E-01,0.220084,0.163117E-01,0.222014,0.494548E-13,0.143022E-14,0.222014,0.559553,100.523,83.7169,4.21340,-9999,0.319764E-01,0.224560E-01,19.3724,0.103756,0.110360E-01,-0.368285E-02,0,-9999,-9999,-9999,-9999,-9999,-9999,-9999,-0.119646E-02,1.03523,-0.857322,1.06820,-12.2739,1.05365,7.67685,1.05374,-0.273772,1.05365,800000099,800110099,800000099,800000099,800000099,800000199,811110199,811110199,81000,81000,80,81,0,0,2,0,6,2,0.653920E-02,0.380812E-01,0.291873E-03,0.138403E-01,1.29614,3029.92,-0.700611E-03,0.767685E-02,-0.273772,16.0000,0.00000,252.793,79.9552,7.11202,97099.5,1.27365
CH-CHA_201811301900.csv,2018-11-30,19:30,334.812,0,36000,36000,-0.729153E-03,2,0.349686E-03,-0.874297,0,0.165527,-2.30630,0,1.84353,5.24667,0,0.997477,-0.514449E-01,0,0.411221E-01,0.851920E-01,0.793148E-01,-0.476960,0.176922E-02,0.682954E-10,0.128358E-11,20.2714,483.063,484.441,0.250000,1,380.992,9.07893,9.16212,0.250000,1,283.367,278.347,97113.0,1.21131,1010.17,0.238297E-01,-0.333363E-02,0.686547E-02,881.919,881.937,0.566781E-02,99.9980,0.176387E-01,278.311,0.295438,0.319725,0.297583E-01,0.436341,-0.267455E-13,0.336905E-14,0.436341,1.00623,133.740,47.2609,3.91059,-9999,0.245348E-01,0.622778E-01,1.44248,1.39343,0.379091,-0.291223E-01,0,-9999,-9999,-9999,-9999,-9999,-9999,-9999,-0.688740E-03,1.05868,-0.897245,1.11764,-1.91509,1.17045,4.54716,1.17074,-0.427185E-01,1.17045,800000099,800100099,800000099,800000099,800000099,801100199,811110199,811110199,81000,81000,80,81,2,2,0,6,2,1,0.369197E-01,0.863472E-01,0.128846E-02,0.956707E-02,0.508162,794.524,-0.733263E-03,0.454716E-02,-0.427185E-01,16.0000,0.00000,252.814,80.0859,7.12037,97099.4,1.27376
CH-CHA_201811301900.csv,2018-11-30,20:00,334.833,0,36000,36000,-0.998398E-03,1,0.179704E-03,3.12399,2,0.304748,-48.3006,2,13.6616,9.86699,1,2.52084,-1.07735,2,0.304724,-0.835677E-01,-0.807566E-01,-1.08202,-0.180129E-02,-0.651053E-10,-0.126972E-11,19.4701,463.888,466.929,0.250000,1,379.718,9.04701,9.12961,0.250000,1,282.949,278.296,97112.0,1.21153,1010.16,0.238256E-01,-0.698125E-01,0.684252E-02,878.809,878.810,0.564782E-02,99.9999,0.878810E-03,278.260,0.197268,0.475668,0.322765E-01,0.515962,-0.133956E-13,-0.334386E-14,0.515962,0.868907,119.444,67.4754,3.58654,-9999,0.287067E-01,0.116057E-01,-0.646637,-3.10839,-0.646780E-01,0.889203E-01,0,-9999,-9999,-9999,-9999,-9999,-9999,-9999,-0.980193E-03,1.01857,0.306948,1.02341,-46.8752,1.02442,9.94517,1.02444,-1.04556,1.02442,800000099,800110099,800000099,800000199,800000099,800100199,811110199,811110199,81000,81000,80,80,12,0,1,12,4,2,0.918389E-02,0.131128E-01,0.914839E-03,0.165490E-01,2.06951,28900.3,0.250808E-03,0.994517E-02,-1.04556,16.0000,0.00000,254.820,92.6260,7.13963,97100.3,1.27189
CH-CHA_201811301900.csv,2018-11-30,20:30,334.854,0,36000,36000,-0.196477E-02,0,0.638113E-03,-1.00529,0,0.437076,4.26385,2,57.4193,0.215358,2,7.73488,0.951090E-01,2,1.28079,0.573469E-01,0.544557E-01,-1.94010,0.121468E-02,-0.300815E-10,-0.635140E-12,18.0258,429.504,434.680,0.250000,1,380.597,9.06854,9.15153,0.250000,1,282.991,278.331,97118.0,1.21145,1010.16,0.238271E-01,0.616306E-02,0.685836E-02,880.955,880.955,0.566130E-02,100.000,0.00000,278.295,0.118743,0.457670,0.224103E-01,0.473354,-0.502571E-13,-0.166880E-14,0.473354,0.968762,112.050,75.4553,2.71360,-9999,0.402720E-01,0.299018E-01,5.54824,0.362277,-0.235771,-0.203982E-01,0,-9999,-9999,-9999,-9999,-9999,-9999,-9999,-0.192450E-02,1.02092,-0.732438,1.04090,4.01810,1.06407,0.213971,1.06418,0.896274E-01,1.06407,800000099,800000099,800000099,800000199,800000099,800100099,811110199,811110199,80100,80100,80,81,2,2,0,25,3,3,0.309577E-01,0.261828E-01,0.266317E-02,0.165879E-01,9.52858,134646.,-0.598512E-03,0.213971E-03,0.896274E-01,16.0000,0.00000,253.509,84.4333,7.12989,97102.2,1.27204
CH-CHA_201811301900.csv,2018-11-30,21:00,334.875,0,36000,36000,0.212185E-02,1,0.120736E-02,1.18947,2,0.196492,-16.1179,1,9.06850,0.157802E-01,2,1.59558,-0.359529,1,0.202284,0.213020E-01,0.179152E-01,4.92670,0.399620E-03,-0.547737E-10,-0.961871E-12,21.6917,516.812,518.052,0.250000,1,380.924,9.07562,9.15874,0.300000,0,282.965,278.344,97130.0,1.21154,1010.17,0.238253E-01,-0.232975E-01,0.686424E-02,881.752,881.752,0.566574E-02,99.9999,0.881752E-03,278.308,0.478015,0.831338E-01,0.161967E-01,0.485461,-0.191643E-13,-0.252510E-14,0.485461,1.15438,179.844,9.86589,1.91194,-9999,0.418494E-01,0.694374E-01,-5.26249,-0.381948,-0.737984E-01,0.232238E-01,0,-9999,-9999,-9999,-9999,-9999,-9999,-9999,0.208163E-02,1.01932,0.245009,1.02389,-15.6564,1.02394,0.122936,1.02396,-0.349236,1.02394,800000099,800100099,800000099,800001199,800001099,800011199,811110199,811110199,80000,80000,80,81,0,0,0,10,7,4,0.596713E-01,0.765911E-01,0.261256E-02,0.136598E-01,0.753433,2731.01,0.200194E-03,0.122936E-03,-0.349236,16.0000,0.00000,252.260,76.6240,7.12755,97137.8,1.27269
CH-CHA_201811301900.csv,2018-11-30,21:30,334.896,0,36000,36000,-0.170723E-02,1,0.524821E-03,-2.18427,2,0.576490,20.0443,1,15.4517,3.66662,2,2.67180,0.447115,1,0.344670,0.983157E-02,0.926438E-02,-0.978735,0.206654E-03,0.289013E-10,0.525366E-12,20.9635,499.467,501.850,0.300000,0,381.073,9.07928,9.16247,0.200000,0,282.827,278.350,97131.0,1.21152,1010.18,0.238256E-01,0.289731E-01,0.686694E-02,882.116,882.121,0.566803E-02,99.9995,0.441060E-02,278.314,0.854295E-01,0.278462,0.195347E-01,0.291926,0.259003E-13,0.137865E-14,0.291926,0.766877,125.435,72.9445,3.83691,-9999,0.375388E-01,0.377369E-01,2.06832,0.971802,-0.108972,-0.475442E-01,0,-9999,-9999,-9999,-9999,-9999,-9999,-9999,-0.166062E-02,1.02807,-0.966228,1.05421,18.9265,1.05523,3.39012,1.05532,0.422180,1.05523,800000099,800110199,800000099,800000199,800001099,800001099,811110199,811110199,81000,81000,80,81,0,0,5,0,24,20,0.357150E-01,0.388267E-01,0.932240E-03,0.487310E-01,1.47484,24269.3,-0.789501E-03,0.339012E-02,0.422180,16.0000,0.00000,250.706,66.9141,7.16791,97150.3,1.27249
CH-CHA_201811301900.csv,2018-11-30,22:00,334.917,0,36000,36000,-0.237541E-02,1,0.277349E-03,2.07700,1,0.568267,10.9833,2,5.96564,1.40199,1,1.13628,0.244970,2,0.133056,-0.195095,-0.192344,0.633379,-0.429000E-02,0.693959E-10,0.122344E-11,21.4459,510.685,515.573,0.250000,1,378.088,9.00330,9.08510,0.250000,1,282.635,278.231,97142.0,1.21221,1010.13,0.238127E-01,0.158741E-01,0.681315E-02,874.833,874.839,0.562044E-02,99.9993,0.612387E-02,278.195,0.236553,0.291709,0.178258E-01,0.375991,-0.272433E-13,0.323586E-14,0.375991,0.659924,132.947,50.9607,2.71742,-9999,0.442670E-01,0.214381E-01,-3.56709,-0.563484,0.189104,0.383178E-01,0,-9999,-9999,-9999,-9999,-9999,-9999,-9999,-0.232210E-02,1.02296,2.64833,1.02623,10.5406,1.02282,1.12053,1.02284,0.235095,1.02282,800000099,800110099,800000099,800000099,800000099,800000099,811110199,811110199,81100,81100,80,81,0,1,1,0,2,1,0.145767E-01,0.277176E-01,0.581673E-03,0.446359E-01,0.351112,4695.52,0.216280E-02,0.112053E-02,0.235095,16.0000,0.00000,248.600,53.7476,7.14953,97148.8,1.27175
CH-CHA_201811301900.csv,2018-11-30,22:30,334.937,0,36000,36000,-0.105436E-02,2,0.504448E-03,-2.14639,1,0.253606,13.0042,1,3.74612,7.28726,1,1.94192,0.290062,1,0.835582E-01,0.113108,0.107208,-1.01982,0.239130E-02,-0.117182E-09,-0.215174E-11,20.6845,492.620,498.120,0.250000,1,379.816,9.04566,9.12823,0.250000,1,283.007,278.300,97153.0,1.21203,1010.16,0.238159E-01,0.187960E-01,0.684428E-02,879.049,879.055,0.564697E-02,99.9993,0.615338E-02,278.264,-0.319429E-01,0.343286,0.138664E-01,0.345048,-0.153444E-12,-0.566521E-14,0.345048,1.31217,78.9951,95.3161,2.30316,-9999,0.294943E-01,0.829674E-01,1.02107,1.96853,-0.165054,-0.594387E-01,0,-9999,-9999,-9999,-9999,-9999,-9999,-9999,-0.100308E-02,1.05112,-1.27132,1.10232,11.5950,1.12064,6.49031,1.12085,0.258630,1.12064,800000099,800100099,800000099,800000099,800000099,801100199,811110199,811110199,81100,81100,80,81,1,0,0,1,15,1,0.978507E-01,0.668093E-01,0.127473E-02,0.135876E-01,1.08973,1428.86,-0.103838E-02,0.649031E-02,0.258630,16.0000,0.00000,249.141,57.1340,7.21870,97180.1,1.27442
CH-CHA_201811301900.csv,2018-11-30,23:00,334.958,0,36000,36000,0.701121E-02,1,0.769199E-03,0.639210E-01,1,0.439243,-38.2259,1,16.3008,-2.50929,2,2.47434,-0.852701,1,0.363621,0.124580,0.115891,1.66649,0.258517E-02,-0.109098E-09,-0.189959E-11,21.9233,522.142,525.914,0.250000,1,381.725,9.09146,9.17487,0.250000,1,282.898,278.376,97176.0,1.21196,1010.18,0.238168E-01,-0.552550E-01,0.687869E-02,883.708,883.719,0.567566E-02,99.9988,0.106046E-01,278.340,0.523162,0.112763,0.227167E-01,0.535659,-0.517168E-13,-0.497633E-14,0.535659,1.73534,171.574,12.1635,2.43058,-9999,0.760592E-01,0.205331,-588.081,-0.341790E-02,-0.167219E-02,0.686442E-03,0,-9999,-9999,-9999,-9999,-9999,-9999,-9999,0.690428E-02,1.01549,-2.06970,1.02894,-36.2857,1.04398,-1.98082,1.04405,-0.809420,1.04398,800000099,800000099,800000099,800001199,800001099,800101099,811110199,811110199,80000,80000,80,81,10,0,6,4,0,0,0.749478E-01,0.331709,0.400419E-02,0.158977E-01,1.16390,14570.7,-0.169051E-02,-0.198082E-02,-0.809420,16.0000,0.00000,249.733,60.8295,7.13906,97199.7,1.27257
CH-CHA_201811301900.csv,2018-11-30,23:30,334.979,0,36000,36000,-0.882792E-02,1,0.106450E-02,-0.897966,1,0.517802,-21.6846,1,14.6473,9.56393,1,1.90764,-0.483753,1,0.326763,0.139329,0.130317,-1.98593,0.290720E-02,-0.281301E-10,-0.528159E-12,20.4453,486.960,492.065,0.100000,0,383.873,9.14296,9.22732,0.250000,1,282.931,278.461,97202.0,1.21189,1010.22,0.238177E-01,-0.313472E-01,0.691739E-02,888.952,888.961,0.570792E-02,99.9990,0.888961E-02,278.425,0.210754,0.311215,0.267781E-01,0.376814,0.242185E-13,-0.137587E-14,0.376814,1.07861,132.948,55.8942,4.07512,-9999,0.853487E-01,0.100482,59.1622,0.339744E-01,0.414104E-01,-0.859381E-02,0,-9999,-9999,-9999,-9999,-9999,-9999,-9999,-0.868736E-02,1.01618,-2.10250,1.02738,-20.8594,1.02788,9.58573,1.02792,-0.465345,1.02788,800000099,800110099,800000099,800001199,800001099,800001099,811110199,811110199,81000,81000,80,81,0,0,2,1,16,17,0.648064E-01,0.133493,0.266516E-02,0.176574E-01,0.357413,10725.5,-0.171735E-02,0.958573E-02,-0.465345,16.0000,0.00000,249.224,57.6521,7.21087,97203.4,1.27379
CH-CHA_201811301900.csv,2018-12-01,00:00,335.000,0,36000,36000,-0.756930E-02,0,0.109288E-02,0.869116E-01,1,0.873696,-21.3554,1,37.8385,5.13936,1,5.80235,-0.476454,1,0.844203,0.155699,0.148827,-0.906491,0.332042E-02,-0.853223E-10,-0.166728E-11,19.7681,470.898,475.652,0.100000,0,386.287,9.20179,9.28725,0.250000,1,282.951,278.556,97221.0,1.21169,1010.24,0.238211E-01,-0.308742E-01,0.696089E-02,894.847,894.853,0.574478E-02,99.9994,0.536912E-02,278.520,0.946916,0.460633,0.476306E-01,1.05409,-0.542514E-13,-0.431616E-14,1.05409,1.88247,162.805,25.9409,2.58988,-9999,0.790374E-01,0.928621E-01,-485.509,-0.413999E-02,-0.406978E-02,0.898315E-03,0,-9999,-9999,-9999,-9999,-9999,-9999,-9999,-0.748035E-02,1.01189,-1.08775,1.02371,-19.9531,1.06065,5.05181,1.06075,-0.445167,1.06065,800000099,800010099,800000099,800000099,800000099,800000199,800110199,811110199,81000,81000,80,81,1,4,5,3,7,3,0.990594E-01,0.763920E-01,0.102728E-01,0.546947E-01,2.20413,43697.7,-0.888606E-03,0.505181E-02,-0.445167,16.0000,0.00000,254.089,88.0564,7.20790,97219.1,1.27458
CH-CHA_201811301900.csv,2018-12-01,00:30,335.021,0,36000,36000,-0.375146E-02,1,0.166549E-02,-5.84246,1,2.86935,-3.80654,1,7.91094,10.1146,1,4.28355,-0.849474E-01,1,0.176542,0.424061,0.424210,0.691729E-01,0.946676E-02,0.881086E-10,0.174859E-11,19.7991,472.125,472.730,0.250000,1,392.930,9.36970,9.45832,0.100000,0,283.287,278.815,97211.0,1.21036,1010.34,0.238457E-01,-0.550459E-02,0.708059E-02,911.082,911.090,0.584998E-02,99.9991,0.819981E-02,278.779,0.499168,0.672844,0.424183E-01,0.838861,-0.721141E-13,0.445013E-14,0.838861,2.38021,136.061,53.4291,2.89849,-9999,0.556728E-01,0.215924,2.52403,0.796347,1.53485,-0.858161E-01,0,-9999,-9999,-9999,-9999,-9999,-9999,-9999,-0.361736E-02,1.03707,-5.61588,1.07537,-2.83081,1.22550,8.56030,1.22589,-0.631730E-01,1.22550,800000099,800000099,800000099,800000099,800000099,800100099,801110199,811110199,81100,81100,80,81,17,6,3,2,0,0,0.151266,0.262296,0.182853E-01,0.200177,0.687700,1422.18,-0.459234E-02,0.856030E-02,-0.631730E-01,16.0000,0.00000,253.549,84.6786,7.21952,97214.4,1.27717
CH-CHA_201811301900.csv,2018-12-01,01:00,335.042,0,36000,35990,-0.344750E-01,1,0.512444E-02,-11.8738,1,1.18443,26.1055,1,17.9720,8.95579,1,1.80607,0.582682,1,0.401139,0.312508,0.314482,-0.427284E-01,0.701932E-02,0.378898E-10,0.763178E-12,19.7532,471.367,473.057,0.250000,1,397.870,9.49429,9.58529,0.250000,1,283.961,279.006,97208.0,1.20944,1010.42,0.238628E-01,0.377578E-01,0.716961E-02,923.168,923.231,0.592804E-02,99.9932,0.627797E-01,278.970,1.08814,0.884548E-01,0.438804E-01,1.09261,0.377089E-13,0.191816E-14,1.09261,2.77584,176.422,4.64736,2.30168,-9999,0.168834,0.366320,34.6380,0.580288E-01,-0.454839,-0.575500E-01,0,-9999,-9999,-9999,-9999,-9999,-9999,-9999,-0.340739E-01,1.01177,-10.1636,1.02357,24.9353,1.06188,8.82210,1.06199,0.556562,1.06188,800000099,800000099,800000099,800000099,800000099,801100099,810110199,811110199,81100,81100,80,81,0,3,7,5,1,0,0.462952,0.253477,0.162099E-01,0.331688E-01,0.102198,4657.19,-0.831697E-02,0.882210E-02,0.556562,16.0000,0.00000,250.083,63.0191,7.24387,97213.1,1.28048
CH-CHA_201812010100.csv,2018-12-01,01:30,335.062,0,36000,36000,-0.391334E-02,1,0.130657E-02,-4.09532,1,1.61350,-20.7680,1,6.32934,-11.0042,2,5.11600,-0.463296,1,0.141196,-0.929321,-0.922320,-3.17748,-0.205753E-01,0.621620E-10,0.136730E-11,17.4255,415.071,417.670,0.250000,1,383.286,9.12975,9.21387,0.250000,1,283.530,278.439,97186.0,1.21180,1010.20,0.238197E-01,-0.300216E-01,0.690681E-02,887.522,887.602,0.569965E-02,99.9910,0.798842E-01,278.402,-0.130364,0.567297,0.279140E-01,0.582752,0.152330E-12,0.356730E-14,0.582752,1.93189,91.3075,102.942,2.74554,-9999,0.568275E-01,0.132851,3.82868,0.524985,0.197194,-0.588696E-01,0,-9999,-9999,-9999,-9999,-9999,-9999,-9999,-0.378921E-02,1.03276,-4.90593,1.06627,-17.8961,1.13834,-9.31198,1.13858,-0.399231,1.13834,800000099,800000099,800000099,800000099,800000099,810100199,811110199,811110199,80000,80000,80,81,5,0,2,1,0,0,0.842857E-01,0.177544,0.387325E-02,0.126703,1.93388,1312.11,-0.400759E-02,-0.931198E-02,-0.399231,16.0000,0.00000,248.850,55.3120,6.46629,97218.6,1.27102
CH-CHA_201812010100.csv,2018-12-01,02:00,335.083,0,36000,36000,-0.548384E-02,1,0.141257E-02,1.81443,1,0.952901,-40.5789,1,9.82205,-20.1869,1,5.28143,-0.905042,1,0.219064,-0.378967,-0.371014,0.206478,-0.827484E-02,-0.538040E-10,-0.115430E-11,17.5959,418.726,421.994,0.250000,1,377.500,8.98328,9.06472,0.250000,1,283.190,278.208,97199.0,1.21303,1010.12,0.237968E-01,-0.586467E-01,0.680256E-02,873.400,873.438,0.560790E-02,99.9957,0.375578E-01,278.172,0.200242,0.471722,0.334960E-01,0.513557,-0.151683E-12,-0.305776E-14,0.513557,1.43311,124.412,66.9992,3.73968,-9999,0.672367E-01,0.149657,-14.3143,-0.140419,-0.447136E-01,0.220235E-01,0,-9999,-9999,-9999,-9999,-9999,-9999,-9999,-0.540999E-02,1.01365,-0.525418,1.02344,-39.1718,1.02891,-19.3414,1.02896,-0.873660,1.02891,800000099,800000099,800000099,800000099,800000099,800100199,811110199,811110199,80000,80000,80,81,0,1,2,6,1,3,0.103715,0.192818,0.278116E-02,0.986261E-01,2.45276,3440.13,-0.428805E-03,-0.193414E-01,-0.873660,16.0000,0.00000,248.546,53.4111,6.28398,97234.5,1.27289
CH-CHA_201812010100.csv,2018-12-01,02:30,335.104,0,36000,36000,-0.538846E-02,1,0.123065E-02,-3.26842,0,1.99391,-7.67955,0,4.56019,-0.666560,2,2.46307,-0.171252,0,0.101691,-0.275793,-0.266192,0.399890,-0.593601E-02,-0.460454E-10,-0.960089E-12,17.9052,425.799,429.554,0.250000,1,373.340,8.87829,8.95782,0.250000,1,283.115,278.040,97206.0,1.21390,1010.06,0.237807E-01,-0.110971E-01,0.672759E-02,863.254,863.263,0.554213E-02,99.9990,0.863263E-02,278.004,0.359461E-01,1.04520,0.362739E-01,1.04645,-0.424301E-13,-0.257162E-14,1.04645,2.09024,100.595,88.0303,1.98649,-9999,0.666256E-01,0.123977,7.73194,0.259961,0.425600,-0.400099E-01,0,-9999,-9999,-9999,-9999,-9999,-9999,-9999,-0.528071E-02,1.02040,-3.52798,1.04202,-6.50798,1.14488,-0.368485,1.14513,-0.145126,1.14488,800000099,800000099,800000099,800000099,800000099,800100099,810100199,811100199,80000,80000,80,81,0,0,11,0,6,0,0.126053,0.113215,0.868700E-02,0.194999,0.695154,633.388,-0.287737E-02,-0.368485E-03,-0.145126,16.0000,0.00000,248.124,50.7724,6.16755,97270.9,1.26804
CH-CHA_201812010100.csv,2018-12-01,03:00,335.125,0,36000,36000,-0.258725E-02,1,0.102773E-02,-0.457977,2,1.17665,-1.83170,2,3.41842,-1.26204,1,2.66799,-0.408343E-01,2,0.762075E-01,-0.507802,-0.481820,1.13403,-0.107413E-01,0.874475E-11,0.170419E-12,18.7685,445.836,449.849,0.250000,1,365.763,8.68850,8.76466,0.250000,1,282.468,277.731,97205.0,1.21533,1009.95,0.237545E-01,-0.264606E-02,0.659104E-02,844.793,844.821,0.542327E-02,99.9966,0.287239E-01,277.695,0.248165,0.455845,0.220186E-01,0.519486,0.534338E-13,0.465927E-15,0.519486,1.20379,126.493,61.4359,2.42923,-9999,0.461395E-01,0.841436E-01,18.3257,0.109682,0.250029,-0.808682E-02,0,-9999,-9999,-9999,-9999,-9999,-9999,-9999,-0.254593E-02,1.01623,-0.546076,1.03058,-1.71400,1.04652,-1.16436,1.04660,-0.382104E-01,1.04652,800000099,800000099,800000099,800000099,800000099,800000099,811110199,811110199,80000,80000,80,81,7,2,0,22,3,0,0.538778E-01,0.110143,0.426647E-02,0.722180E-01,0.622037,433.406,-0.444899E-03,-0.116436E-02,-0.382104E-01,16.0000,0.00000,248.000,50.0000,6.04493,97269.1,1.26141
CH-CHA_201812010100.csv,2018-12-01,03:30,335.146,0,36000,36000,-0.147682E-02,1,0.578259E-03,-1.12715,1,0.337597,0.699982,1,1.92307,2.07287,1,0.810470,0.156031E-01,1,0.428664E-01,-0.197328,-0.188537,1.03484,-0.420260E-02,0.128200E-10,0.237951E-12,19.5502,464.108,469.093,0.250000,1,362.870,8.61430,8.68915,0.250000,1,282.391,277.611,97225.0,1.21614,1009.90,0.237393E-01,0.101108E-02,0.653892E-02,837.750,837.754,0.537680E-02,99.9995,0.418877E-02,277.575,0.387462,0.168674,0.166272E-01,0.422912,-0.722577E-14,0.655748E-15,0.422912,0.993630,167.775,23.5250,2.25323,-9999,0.348477E-01,0.597078E-01,3.20835,0.626490,-1.61025,-0.263357E-01,0,-9999,-9999,-9999,-9999,-9999,-9999,-9999,-0.143183E-02,1.03142,-1.02342,1.06282,0.683187,1.09453,1.94599,1.09469,0.152287E-01,1.09453,800000099,800100099,800000099,800000099,800100099,800111099,811110199,811110199,81100,81100,80,80,0,0,0,5,6,9,0.475087E-01,0.704212E-01,0.148571E-02,0.157799E-01,0.132792,298.626,-0.833279E-03,0.194599E-02,0.152287E-01,16.0000,0.00000,248.000,50.0000,6.20388,97253.4,1.26123
CH-CHA_201812010100.csv,2018-12-01,04:00,335.167,0,36000,36000,-0.299093E-02,1,0.563805E-03,-0.804506,1,0.371233,-5.19363,1,2.94171,0.748300,2,0.719899,-0.115775,1,0.655759E-01,0.871442E-01,0.795365E-01,-0.117333,0.177301E-02,0.301510E-12,0.564183E-14,19.4608,462.036,466.978,0.100000,0,364.149,8.64561,8.72100,0.250000,1,282.538,277.664,97233.0,1.21599,1009.93,0.237419E-01,-0.750221E-02,0.656197E-02,840.864,840.869,0.539641E-02,99.9994,0.504521E-02,277.628,0.195333,0.580076,0.303286E-01,0.612832,-0.125111E-12,0.154932E-16,0.612832,1.13688,111.830,71.3897,2.83669,-9999,0.495950E-01,0.546611E-01,12.9585,0.155110,0.154903,-0.132091E-01,0,-9999,-9999,-9999,-9999,-9999,-9999,-9999,-0.293742E-02,1.01822,-1.05864,1.03598,-4.77556,1.07007,0.792120,1.07019,-0.106456,1.07007,800000099,800100099,800000099,800000099,800000099,800100199,811110199,811110199,80000,80000,80,81,7,0,2,1,2,0,0.416989E-01,0.659421E-01,0.168079E-02,0.267074E-01,0.400222,975.581,-0.862043E-03,0.792120E-03,-0.106456,16.0000,0.00000,248.000,50.0000,6.40282,97239.9,1.26217
CH-CHA_201812010100.csv,2018-12-01,04:30,335.187,0,36000,36000,-0.872318E-02,1,0.168204E-02,-0.291136E-01,2,0.511238,7.80044,2,1.96363,7.53220,2,2.12409,0.173891,2,0.437741E-01,0.509740E-01,0.440908E-01,0.560318,0.982891E-03,0.213858E-09,0.392567E-11,19.8786,471.930,477.059,0.250000,1,364.900,8.66296,8.73867,0.250000,1,282.724,277.695,97249.0,1.21605,1009.93,0.237407E-01,0.112681E-01,0.657549E-02,842.690,842.696,0.540728E-02,99.9994,0.505617E-02,277.659,0.109659,0.198036,0.148869E-01,0.226859,-0.504092E-13,0.107582E-13,0.226859,1.15070,108.058,61.0253,3.76256,-9999,0.846959E-01,0.119870,1783.66,0.112690E-02,-0.373230E-02,-0.279893E-03,0,-9999,-9999,-9999,-9999,-9999,-9999,-9999,-0.844451E-02,1.03300,0.414568,1.03289,7.54927,1.02450,7.27350,1.02452,0.168291,1.02450,800000099,800100099,800000099,800000099,800000099,811000199,811110199,811110199,80000,80000,80,81,0,4,0,0,0,0,0.166210,0.719414E-01,0.158880E-02,0.196168E-01,0.493173,170.365,0.337562E-03,0.727350E-02,0.168291,16.0000,0.00000,248.000,50.0000,6.29826,97268.9,1.26303
CH-CHA_201812010100.csv,2018-12-01,05:00,335.208,0,36000,36000,-0.289997E-02,1,0.814338E-03,0.358260,1,0.322512,0.194862,2,1.89043,0.342791,2,0.402607,0.434366E-02,2,0.421395E-01,-0.110202,-0.104246,0.387945,-0.232375E-02,-0.249444E-10,-0.449205E-12,20.1731,478.779,484.025,0.250000,1,363.282,8.62194,8.69693,0.250000,1,282.816,277.628,97255.0,1.21643,1009.91,0.237335E-01,0.281469E-03,0.654634E-02,838.752,838.752,0.538159E-02,100.000,0.00000,277.592,0.270097,0.308745,0.197612E-01,0.410690,0.929590E-13,-0.123652E-14,0.410690,1.20171,146.031,48.8198,2.75798,-9999,0.488262E-01,0.857619E-01,-27.7716,-0.723761E-01,1.83854,0.597274E-02,0,-9999,-9999,-9999,-9999,-9999,-9999,-9999,-0.283864E-02,1.02160,0.360460,1.02536,0.172096,1.02305,0.312316,1.02307,0.383618E-02,1.02305,800000099,800100099,800000099,800000099,800000099,800100099,811110199,811110199,80100,80100,80,81,15,0,1,0,1,0,0.989417E-01,0.704563E-01,0.212602E-02,0.217388E-01,0.256947,521.236,0.293418E-03,0.312316E-03,0.383618E-02,16.0000,0.00000,248.000,50.0000,6.28798,97294.6,1.26223
CH-CHA_201812010100.csv,2018-12-01,05:30,335.229,0,36000,36000,-0.485664E-02,1,0.106110E-02,-3.63920,1,1.19599,1.74661,1,2.06438,1.93160,1,1.19940,0.389260E-01,1,0.460080E-01,-0.340686,-0.314572,-0.115592,-0.701073E-02,-0.119686E-09,-0.213351E-11,20.1001,476.740,481.665,0.250000,1,358.301,8.49826,8.57110,0.250000,1,282.453,277.421,97245.0,1.21727,1009.84,0.237182E-01,0.252240E-02,0.645658E-02,826.635,826.671,0.530414E-02,99.9957,0.355468E-01,277.385,0.357753,0.227517,0.164656E-01,0.424290,0.507369E-13,-0.595452E-14,0.424290,1.13688,156.254,32.4548,2.22405,-9999,0.631646E-01,0.996322E-01,5.91851,0.339613,-2.08358,-0.468697E-01,0,-9999,-9999,-9999,-9999,-9999,-9999,-9999,-0.474745E-02,1.02300,-3.38727,1.04498,1.78768,1.06469,1.99806,1.06480,0.398413E-01,1.06469,800000099,800100099,800000099,800000099,800000099,800110199,811110199,811110199,81100,81100,80,81,0,2,1,0,2,0,0.885110E-01,0.108289,0.246458E-02,0.122006,0.228595,231.028,-0.275557E-02,0.199806E-02,0.398413E-01,16.0000,0.00000,248.000,50.0000,6.00167,97295.7,1.25800
CH-CHA_201812010100.csv,2018-12-01,06:00,335.250,0,36000,36000,-0.112657E-01,1,0.241977E-02,-11.7141,1,2.52927,-28.3485,1,14.0735,11.2907,1,7.34562,-0.631429,1,0.313469,-0.995638,-0.888699,-3.52730,-0.197947E-01,0.179976E-09,0.353759E-11,17.5094,414.614,417.501,0.400000,0,344.164,8.14962,8.21658,0.200000,0,281.492,276.817,97192.0,1.21942,1009.64,0.236795E-01,-0.409166E-01,0.620183E-02,792.290,792.293,0.508587E-02,99.9996,0.316917E-02,276.781,0.483789,0.311684,0.294842E-01,0.576253,-0.150650E-12,0.102788E-13,0.576253,1.78298,140.258,32.7919,2.93284,-9999,0.961174E-01,0.194471,6.47584,0.310385,0.413217,-0.989886E-01,0,-9999,-9999,-9999,-9999,-9999,-9999,-9999,-0.110134E-01,1.02291,-12.7044,1.04591,-25.2939,1.09063,11.1427,1.09079,-0.563392,1.09063,800000099,800000099,800000099,800000099,800000099,810101199,810100199,811110199,80000,80000,80,81,0,0,6,1,0,0,0.306943,0.784106E-01,0.358874E-02,0.326546,4.52285,8908.91,-0.103189E-01,0.111427E-01,-0.563392,16.0000,0.00000,248.842,55.2599,5.21722,97255.1,1.24792
CH-CHA_201812010100.csv,2018-12-01,06:30,335.271,0,36000,36000,-0.191845E-02,1,0.685622E-03,-6.83073,1,1.63920,4.09754,1,4.73414,14.7311,1,3.41610,0.911991E-01,1,0.105368,-1.30704,-1.12672,-0.299978,-0.250775E-01,0.852806E-10,0.160607E-11,17.3301,409.343,411.502,0.250000,1,326.373,7.70904,7.76893,0.250000,1,280.191,276.026,97157.0,1.22268,1009.38,0.236203E-01,0.590970E-02,0.588124E-02,749.188,749.188,0.481011E-02,100.000,0.00000,275.990,0.104588,0.133668,0.483500E-02,0.169791,0.571434E-13,0.492095E-14,0.169791,0.890056,137.920,51.9586,1.63178,-9999,0.396112E-01,0.595237E-01,0.777025,2.58679,-1.66703,-0.139727,0,-9999,-9999,-9999,-9999,-9999,-9999,-9999,-0.177080E-02,1.08338,-5.64396,1.16501,4.02964,1.08198,13.8998,1.08212,0.896878E-01,1.08198,800000099,800100099,800000099,800000099,800000099,800000099,811110199,811110199,81100,81100,80,81,1,0,2,1,0,0,0.615933E-01,0.563825E-01,0.107162E-02,0.289116,1.77430,1913.12,-0.457314E-02,0.138998E-01,0.896878E-01,16.0000,0.00000,249.114,56.9612,4.40152,97243.7,1.23329
CH-CHA_201812010100.csv,2018-12-01,07:00,335.292,0,36000,35988,0.223405E-02,2,0.108713E-02,-0.341488,2,0.886566,-6.09983,1,9.26977,-2.47824,2,2.38726,-0.135668,1,0.206171,-1.23743,-1.02158,2.78717,-0.227212E-01,0.538872E-10,0.859836E-12,19.4479,458.185,461.292,0.250000,1,310.315,7.31088,7.36472,0.250000,1,279.295,275.279,97144.0,1.22602,1009.15,0.235596E-01,-0.879127E-02,0.559187E-02,710.398,710.398,0.456099E-02,100.000,0.00000,275.243,0.434266,0.313523E-02,0.107105E-01,0.434409,-0.114851E-12,0.277085E-14,0.434409,1.23300,201.244,0.413647,1.41279,-9999,0.426872E-01,0.108190,19.4486,0.103349,0.559833E-01,-0.646584E-02,0,-9999,-9999,-9999,-9999,-9999,-9999,-9999,0.219216E-02,1.01911,-0.662538,1.03633,-5.75379,1.04996,-2.28236,1.05004,-0.127971,1.04996,800000099,800100099,800000099,800000099,800000099,800010199,811110199,811110199,80100,80100,80,81,0,1,4,0,0,0,0.109093,0.105637,0.165129E-02,0.872960E-01,1.57487,7286.77,-0.535496E-03,-0.228236E-02,-0.127971,16.0000,0.00000,248.358,52.2384,4.01806,97265.1,1.22571
CH-CHA_201812010700.csv,2018-12-01,07:30,335.312,0,36000,36000,-0.158355E-01,1,0.219784E-02,-2.01898,1,0.936209,-18.0173,1,4.03712,10.1684,1,4.05835,-0.400752,1,0.897964E-01,0.114189,0.106218,-2.86824,0.236258E-02,-0.178220E-09,-0.321258E-11,17.2955,407.873,409.783,0.250000,1,311.768,7.35232,7.40678,0.250000,1,279.414,275.348,97073.0,1.22480,1009.18,0.235827E-01,-0.259687E-01,0.561805E-02,713.903,713.905,0.458691E-02,99.9997,0.214172E-02,275.312,0.276063,0.133435,0.261686E-01,0.307734,-0.720270E-13,-0.103044E-13,0.307734,1.12312,153.612,25.7969,4.87812,-9999,0.113706,0.126353,62.1399,0.323464E-01,0.112058,-0.143654E-01,0,-9999,-9999,-9999,-9999,-9999,-9999,-9999,-0.155725E-01,1.01689,-2.98116,1.02564,-17.4473,1.02031,10.2265,1.02034,-0.388075,1.02031,800000099,800100099,800000099,800000099,800000099,801011099,811110199,811110199,80000,80000,80,81,0,1,1,7,3,7,0.148083,0.102877,0.174617E-02,0.455720E-01,1.15810,508.737,-0.241187E-02,0.102265E-01,-0.388075,16.0000,0.00000,249.250,57.8108,3.86642,97283.9,1.22346
CH-CHA_201812010700.csv,2018-12-01,08:00,335.333,0,36000,36000,-0.190406E-01,1,0.303165E-02,-1.97169,1,1.09207,-27.9688,1,6.28383,9.57397,1,4.20749,-0.621940,1,0.139733,-0.450305,-0.351899,4.56962,-0.782515E-02,-0.238266E-09,-0.352280E-11,20.7013,487.996,491.550,0.250000,1,306.072,7.21512,7.26755,0.250000,1,279.261,275.076,97016.0,1.22535,1009.10,0.235732E-01,-0.403017E-01,0.551542E-02,700.169,700.169,0.450108E-02,100.000,0.00000,275.040,0.167363,-0.168780,0.145243E-01,0.238134,0.113349E-12,-0.115097E-13,0.238134,1.43896,218.563,314.758,3.49676,-9999,0.124655,0.138397,83.8011,0.239854E-01,0.704961E-01,-0.127919E-01,0,-9999,-9999,-9999,-9999,-9999,-9999,-9999,-0.186839E-01,1.01909,-3.49677,1.02642,-27.2235,1.01703,9.82990,1.01705,-0.605369,1.01703,800000099,800100099,800000099,800000099,800000099,810000199,811110199,811110199,81000,81000,80,81,1,0,7,0,0,0,0.191958,0.825574E-01,0.227883E-02,0.392115E-01,0.869400,816.593,-0.282796E-02,0.982990E-02,-0.605369,16.0000,0.00000,248.110,50.6847,3.99016,97300.4,1.22062
CH-CHA_201812010700.csv,2018-12-01,08:30,335.354,1,36000,36000,-0.417278E-02,1,0.106080E-02,-1.10680,1,0.397750,-3.04684,1,2.30291,-0.716504,2,1.64547,-0.677637E-01,1,0.512182E-01,0.286076,0.240096,-0.884962,0.533989E-02,0.103758E-09,0.160511E-11,20.0187,472.461,476.037,0.250000,1,309.685,7.30885,7.36267,0.250000,1,279.389,275.249,96963.0,1.22387,1009.15,0.236010E-01,-0.439109E-02,0.558052E-02,708.879,708.879,0.455972E-02,100.000,0.00000,275.213,0.262181,0.473260,0.290714E-01,0.541811,0.224374E-12,0.518304E-14,0.541811,1.78533,109.257,61.0140,3.07574,-9999,0.583909E-01,0.140974,15.3378,0.131049,0.363260,-0.153473E-01,0,-9999,-9999,-9999,-9999,-9999,-9999,-9999,-0.410460E-02,1.01661,-1.23891,1.03174,-2.83343,1.05146,-0.588949,1.05155,-0.630172E-01,1.05146,800000099,800100099,800000099,800000099,800100099,800101099,811110199,811110199,80000,80000,80,81,1,7,0,4,3,0,0.137876,0.140650,0.342238E-02,0.427762E-01,0.892267,762.975,-0.100311E-02,-0.588949E-03,-0.630172E-01,16.0000,0.00000,248.091,50.5708,3.97804,97314.9,1.21964
CH-CHA_201812010700.csv,2018-12-01,09:00,335.375,1,36000,36000,-0.109399E-01,0,0.116477E-02,0.225199,2,0.731670,-0.969574,1,6.16791,-1.25885,0,3.38912,-0.215813E-01,1,0.137289,1.40113,1.14263,-4.55259,0.254334E-01,-0.278822E-10,-0.551158E-12,16.5909,392.377,394.123,0.250000,1,327.959,7.75625,7.81688,0.250000,1,279.954,276.098,97060.0,1.22112,1009.41,0.236501E-01,-0.139847E-02,0.590981E-02,753.024,753.024,0.483966E-02,100.000,0.00000,276.062,0.831662,0.477274,0.484990E-01,0.960106,0.131259E-13,-0.168057E-14,0.960106,2.07379,157.948,29.8507,2.89548,-9999,0.946517E-01,0.622373E-01,-321.337,-0.625512E-02,-0.232266,0.193025E-02,0,-9999,-9999,-9999,-9999,-9999,-9999,-9999,-0.107987E-01,1.01308,0.166839,1.02029,-0.939224,1.03469,-1.21901,1.03474,-0.209058E-01,1.03469,800000099,800010099,800000099,800000099,800000099,800001199,800110199,811110199,80000,80000,80,80,10,4,1,12,0,0,0.541349E-01,0.556634E-01,0.146764E-01,0.694618E-01,0.454033,638.927,0.135354E-03,-0.121901E-02,-0.209058E-01,16.0000,0.00000,249.549,59.6816,4.59123,97332.2,1.23111
CH-CHA_201812010700.csv,2018-12-01,09:30,335.396,1,36000,36000,-0.130240E-01,1,0.275963E-02,11.6967,1,2.39908,71.1516,1,18.5671,10.0086,2,3.44405,1.58475,1,0.413541,1.11214,0.920286,2.90970,0.204974E-01,0.507467E-10,0.928611E-12,18.7512,443.573,446.851,0.250000,1,343.127,8.11691,8.18333,0.250000,1,280.616,276.772,97274.0,1.22067,1009.62,0.236557E-01,0.102692,0.618315E-02,789.776,789.784,0.506539E-02,99.9990,0.789784E-02,276.736,0.370330,0.872640E-01,0.285600E-01,0.381543,0.635040E-13,0.270632E-14,0.381543,1.64806,170.497,13.2592,4.29284,-9999,0.103294,0.132710,-8.05412,-0.249562,0.164392,0.918828E-01,0,-9999,-9999,-9999,-9999,-9999,-9999,-9999,-0.127346E-01,1.02272,15.4106,1.02608,68.4814,1.02284,8.46890,1.02286,1.52528,1.02284,800000099,800000099,800000099,800000099,800000099,801011199,811110199,811110199,80100,80100,80,81,1,0,0,4,1,0,0.108951,0.147006,0.946173E-02,0.824373E-01,0.233969,3386.61,0.125045E-01,0.846890E-02,1.52528,16.0000,0.00000,248.446,52.7865,5.82122,97337.2,1.24493
CH-CHA_201812010700.csv,2018-12-01,10:00,335.417,1,36000,36000,-0.306405E-02,1,0.189002E-02,11.8267,1,6.48743,15.0755,1,7.08410,-3.30137,0,0.689726,0.336017,1,0.157897,1.25357,1.11411,0.715488,0.248323E-01,-0.621971E-10,-0.116635E-11,19.2501,456.185,461.431,0.250000,1,360.987,8.55461,8.62843,0.250000,1,282.195,277.533,97368.0,1.21829,1009.87,0.236978E-01,0.217739E-01,0.650499E-02,833.169,833.188,0.533943E-02,99.9977,0.191633E-01,277.497,0.174540,0.311339,-0.568278E-02,0.356972,0.385932E-13,-0.323100E-14,0.356972,1.57318,114.662,60.7246,-0.912154,-9999,0.501502E-01,0.974464E-01,-0.912320,-2.20318,0.784496,0.191678,0,-9999,-9999,-9999,-9999,-9999,-9999,-9999,-0.299282E-02,1.02380,12.3729,1.02679,14.0655,1.02275,-4.02966,1.02277,0.313505,1.02275,800000099,800000099,800000099,800000099,800000099,800011099,801010199,811110199,80100,80100,81,81,0,0,0,2,19,16,0.134424,0.468484E-01,0.136198E-01,0.430818,0.835784E-02,337.626,0.100566E-01,-0.402966E-02,0.313505,16.0000,0.00000,248.000,50.0000,7.21681,97330.4,1.26464
CH-CHA_201812010700.csv,2018-12-01,10:30,335.437,1,36000,36000,0.214105E-01,1,0.356194E-02,-16.9500,2,6.90862,22.8646,1,3.08233,-14.0317,1,2.09820,0.510015,1,0.687541E-01,1.30990,1.19993,-0.118548,0.267654E-01,0.581620E-09,0.115620E-10,19.1408,454.093,459.592,0.250000,1,380.499,9.02691,9.10914,0.250000,1,282.529,278.329,97540.0,1.21674,1010.14,0.237239E-01,0.330490E-01,0.685659E-02,880.721,880.832,0.563522E-02,99.9874,0.110985,278.292,0.296612,-0.281264,-0.187661E-01,0.409194,0.327419E-12,0.303864E-13,0.409194,1.66391,216.103,316.521,-2.62857,-9999,0.132653,0.175706,11.7966,0.170388,-0.741321,-0.103962,0,-9999,-9999,-9999,-9999,-9999,-9999,-9999,0.210358E-01,1.01781,-15.1339,1.03278,22.5891,1.04047,-12.7962,1.04054,0.503871,1.04047,800000099,800000099,800000099,800000099,800000099,800000099,810110199,811110199,80100,80100,80,81,3,11,3,12,7,12,0.740863E-01,0.259540,0.177841E-01,0.189713,0.409965E-01,40.9018,-0.123132E-01,-0.127962E-01,0.503871,16.0000,0.00000,248.000,50.0000,8.22551,97300.4,1.27871
CH-CHA_201812010700.csv,2018-12-01,11:00,335.458,1,36000,36000,0.642214E-02,1,0.696406E-02,40.1796,1,6.02611,14.5018,1,2.27523,-4.23241,0,3.32736,0.323654,1,0.507790E-01,0.956424,0.804148,-0.944100,0.179471E-01,0.179587E-09,0.383497E-11,18.5100,437.496,442.888,0.350000,0,395.269,9.34242,9.43053,0.150000,0,282.324,278.908,98108.0,1.22114,1010.33,0.236356E-01,0.209728E-01,0.712275E-02,916.812,916.984,0.583289E-02,99.9813,0.171476,278.870,0.933818E-01,-0.203691,-0.709972E-02,0.224189,0.195500E-13,0.970218E-14,0.224189,1.60814,241.672,294.629,-1.81477,-9999,0.725201E-01,0.143273,-0.816539,-2.46161,2.77066,0.449076,0,-9999,-9999,-9999,-9999,-9999,-9999,-9999,0.621524E-02,1.03329,39.7131,1.03309,12.0030,1.02460,-6.37837,1.02462,0.267885,1.02460,800000099,800000099,800000099,800000099,800000199,800000199,800100199,811100199,80100,80100,81,81,3,0,0,14,7,24,0.163682,0.101471,0.213935E-01,0.194813,0.116905,58.4598,0.321889E-01,-0.637837E-02,0.267885,16.0000,0.00000,248.000,50.0000,10.0810,97300.0,1.29628
CH-CHA_201812010700.csv,2018-12-01,11:30,335.479,1,36000,36000,-0.908945E-02,0,0.216541E-02,31.6904,1,9.30903,19.2373,0,2.47235,-7.65596,0,1.73015,0.429591,0,0.552106E-01,1.00629,1.12484,-1.00018,0.251191E-01,0.731186E-10,0.170462E-11,17.6494,419.801,425.063,0.250000,1,411.462,9.78682,9.88355,0.250000,1,284.734,279.521,97704.0,1.21324,1010.58,0.237855E-01,0.278375E-01,0.741454E-02,956.468,956.681,0.611138E-02,99.9778,0.212383,279.482,-0.337309,-0.239822,0.206919E-01,0.414391,0.179964E-13,0.414284E-14,0.414391,1.40164,335.185,215.412,2.86216,-9999,0.865557E-01,0.114528,-1.75519,-1.14517,1.64734,0.298616,0,-9999,-9999,-9999,-9999,-9999,-9999,-9999,-0.889837E-02,1.02147,32.0103,1.02527,16.9539,1.02308,-9.25455,1.02310,0.378601,1.02308,800000099,800000099,800000099,800000099,800000099,800000099,800110199,811110199,80100,80100,80,81,0,0,0,3,4,3,0.701069E-01,0.141379,0.175703E-01,0.812915,0.414289E-01,54.0731,0.261078E-01,-0.925455E-02,0.378601,16.0000,0.00000,248.000,50.0000,11.6931,97293.7,1.31684
CH-CHA_201812010700.csv,2018-12-01,12:00,335.500,1,36000,36000,-0.197702E-01,1,0.392964E-02,-1.34257,2,8.46866,14.4024,0,4.24184,-2.88665,1,1.00850,0.321901,0,0.948072E-01,1.48235,1.52878,-0.420653,0.341690E-01,-0.348355E-09,-0.877926E-11,17.3150,412.349,417.642,0.250000,1,436.373,10.3921,10.5012,0.250000,1,286.998,280.425,97900.0,1.21147,1010.94,0.238146E-01,0.208592E-01,0.786345E-02,1017.66,1017.99,0.649082E-02,99.9672,0.333901,280.385,0.213876,-0.242057E-01,0.843206E-01,0.231168,-0.267748E-13,-0.201187E-13,0.231168,2.11201,191.760,353.543,21.3927,-9999,0.127747,0.100705,133.399,0.150676E-01,-0.932184E-01,-0.858121E-02,0,-9999,-9999,-9999,-9999,-9999,-9999,-9999,-0.193880E-01,1.01971,-0.470678,1.02390,14.1303,1.01406,-2.91075,1.01408,0.315819,1.01406,800000099,800000099,800000099,800000099,800000099,811000099,811100199,811110199,80100,80100,81,81,13,5,1,2,7,25,0.599863E-01,0.112786,0.286371E-01,0.321064,0.214713E-01,127.092,-0.384314E-03,-0.291075E-02,0.315819,16.0000,0.00000,248.000,50.0000,12.5976,97248.7,1.33331
CH-CHA_201812010700.csv,2018-12-01,12:30,335.521,1,36000,36000,-0.319628E-01,1,0.822272E-02,47.9912,1,9.06061,28.1320,0,4.02754,-6.91124,0,1.29976,0.629175,0,0.900762E-01,1.11694,1.28699,0.685972E-01,0.287836E-01,0.334314E-10,0.881444E-12,17.2923,413.570,418.915,0.400000,0,455.925,10.9041,11.0243,0.400000,0,288.344,281.109,97721.0,1.20608,1011.23,0.239165E-01,0.407705E-01,0.821576E-02,1065.85,1066.66,0.681195E-02,99.9239,0.811727,281.063,-0.131718,-0.127947,0.132617E-01,0.184108,0.836876E-13,0.193331E-14,0.184108,1.85143,300.554,224.168,4.13070,-9999,0.162792,0.207941,-7.71352,-0.260582,1.70593,0.241713,0,-9999,-9999,-9999,-9999,-9999,-9999,-9999,-0.307770E-01,1.03853,47.9209,1.03660,24.3228,1.02668,-9.34272,1.02669,0.543981,1.02668,800000099,800000099,800000099,800000099,800000099,800000199,800100199,811110199,80100,80100,81,81,0,1,0,15,20,28,0.269640,0.116531,0.297111E-01,0.373551,0.136563E-01,63.3981,0.392913E-01,-0.934272E-02,0.543981,16.0000,0.00000,248.000,50.0000,13.7353,97279.7,1.33865
CH-CHA_201812010700.csv,2018-12-01,13:00,335.542,1,36000,35990,-0.340008E-01,1,0.102692E-01,26.1498,1,2.74826,28.5490,1,3.12561,-6.87892,1,1.28233,0.638731,1,0.699296E-01,0.610193,0.783080,-0.769069E-01,0.175200E-01,0.360185E-10,0.980236E-12,17.1271,412.193,417.641,0.100000,0,466.111,11.2177,11.3450,0.100000,0,289.155,281.485,97241.0,1.19841,1011.42,0.240667E-01,0.413898E-01,0.839931E-02,1091.12,1094.27,0.700871E-02,99.7113,3.15917,281.407,0.593097,0.254246,0.380292E-01,0.646414,-0.611102E-15,0.210301E-14,0.646414,3.26677,168.391,23.2036,3.37271,-9999,0.168438,0.488771,-15.6267,-0.128626,0.915961,0.128083,0,-9999,-9999,-9999,-9999,-9999,-9999,-9999,-0.334603E-01,1.01615,27.2455,1.02193,25.9332,1.02694,-8.23283,1.02698,0.580207,1.02694,800000099,800000099,800000099,800000099,800000099,810000099,801110199,801110199,80100,80100,80,81,0,0,0,19,9,7,0.789091,0.158873,0.295788E-01,0.786511E-01,0.358273E-01,83.5433,0.224781E-01,-0.823283E-02,0.580207,16.0000,0.00000,248.000,50.0000,13.3668,97255.3,1.33195
CH-CHA_201812011300.csv,2018-12-01,13:30,335.562,1,36000,36000,-0.261799E-01,0,0.362003E-02,38.8723,1,8.23055,28.4519,1,4.31530,-9.58344,0,1.34191,0.637139,1,0.966350E-01,1.54426,1.65181,-0.264244,0.369899E-01,-0.227020E-09,-0.662059E-11,16.8669,407.445,412.734,0.150000,0,491.890,11.8823,12.0252,0.150000,0,290.048,282.440,97208.0,1.19365,1011.80,0.241565E-01,0.412866E-01,0.886386E-02,1155.37,1167.27,0.742583E-02,98.9802,11.9039,282.253,1.33230,0.485194,0.455289E-01,1.41863,-0.346734E-13,-0.134595E-13,1.41863,2.97231,166.987,20.0105,1.83914,-9999,0.148097,0.263053,-7.14435,-0.281341,1.36625,0.217330,0,-9999,-9999,-9999,-9999,-9999,-9999,-9999,-0.258876E-01,1.01129,39.7396,1.01993,24.4474,1.04758,-11.2300,1.04766,0.547465,1.04758,800000099,800000099,800000099,800000099,800000099,800000099,800000199,810110199,80100,80100,80,80,5,6,0,12,20,6,0.210673,0.278166,0.372671E-01,0.690694,0.274293E-01,295.826,0.329041E-01,-0.112300E-01,0.547465,16.0000,0.00000,248.000,50.0000,15.4482,97202.7,1.35350
CH-CHA_201812011300.csv,2018-12-01,14:00,335.583,1,36000,36000,-0.176033E-01,0,0.311201E-02,26.7461,0,4.00126,44.2203,0,5.99533,-6.78953,0,0.845151,0.990694,0,0.134317,0.756806,-1.21255,-0.422349E-01,-0.271655E-01,0.498966E-10,0.139785E-11,16.8016,406.685,411.752,0.250000,1,470.697,11.3933,11.5246,0.250000,1,291.228,282.909,97174.0,1.19148,1011.53,0.242051E-01,0.641970E-01,0.848196E-02,1107.43,1204.67,0.711886E-02,91.9279,97.2420,281.626,0.897590,0.688628,0.616138E-01,1.13299,0.726942E-13,0.296975E-14,1.13299,3.26438,148.335,37.4953,3.11736,-9999,0.121549,0.198806,-5.73874,-0.350251,0.604838,0.182575,0,-9999,-9999,-9999,-9999,-9999,-9999,-9999,-0.173915E-01,1.01218,28.7816,1.01998,40.4729,1.03942,-8.18720,1.03948,0.906740,1.03942,800000099,800000099,800000099,800000099,800000099,800000099,800000199,801000199,80100,80100,80,81,2,0,1,15,13,3,0.137948,0.227682,0.319823E-01,0.216837,0.174739E-01,364.948,0.238807E-01,-0.818720E-02,0.906740,16.0000,0.00000,248.000,50.0000,15.8755,97195.7,1.36175
CH-CHA_201812011300.csv,2018-12-01,14:30,335.604,1,36000,36000,-0.310887E-02,1,0.139264E-02,18.7122,1,4.92952,35.7300,1,4.59549,-7.11942,1,1.09636,0.800838,1,0.103002,0.753694,-0.467574,0.227251,-0.104800E-01,-0.269831E-09,-0.735971E-11,16.9377,410.784,415.955,0.250000,1,461.980,11.2042,11.3312,0.250000,1,292.445,283.377,97144.0,1.18923,1011.44,0.242526E-01,0.518943E-01,0.832487E-02,1088.71,1243.03,0.700023E-02,87.5854,154.317,281.375,0.485883,0.603094,-0.155562E-01,0.774627,0.120435E-12,-0.159308E-13,0.774627,2.25204,134.112,51.1433,-1.15071,-9999,0.511292E-01,0.187444,-0.610377,-3.29305,0.523710,0.304264,0,-9999,-9999,-9999,-9999,-9999,-9999,-9999,-0.306421E-02,1.01458,20.4228,1.02103,33.2047,1.02992,-8.13460,1.02996,0.744240,1.02992,800000099,800000099,800000099,800000099,800000099,800000099,800010199,810110199,80100,80100,80,81,3,1,4,25,39,21,0.131015,0.211781,0.320911E-01,0.252420,0.134323E-01,116.219,0.169790E-01,-0.813460E-02,0.744240,16.0000,0.00000,248.000,50.0000,17.2424,97177.6,1.37182
CH-CHA_201812011300.csv,2018-12-01,15:00,335.625,1,36000,36000,-0.211438E-02,1,0.586092E-03,3.71683,0,1.28247,-1.77197,1,4.98570,-1.82256,0,0.936217,-0.396817E-01,1,0.111650,-1.47479,1.05865,-0.492627,0.237075E-01,0.161136E-09,0.466285E-11,16.6215,401.924,407.159,0.250000,1,480.982,11.6306,11.7675,0.250000,1,293.430,282.464,97118.0,1.19256,1011.66,0.241810E-01,-0.257138E-02,0.866730E-02,1129.85,1169.16,0.726782E-02,96.6372,39.3166,281.922,0.796003E-02,0.695677,0.361997E-01,0.696664,-0.313097E-13,0.969443E-14,0.696664,1.83494,95.4860,89.3444,2.97852,-9999,0.421068E-01,0.121345,-1.71610,-1.17126,-2.09756,0.731651E-01,0,-9999,-9999,-9999,-9999,-9999,-9999,-9999,-0.208218E-02,1.01546,3.53361,1.02152,-1.93141,1.02807,-1.93355,1.02810,-0.432522E-01,1.02807,800000099,800000099,800000099,800000099,800000099,800100099,801110199,811110199,80000,80000,80,81,0,1,6,0,12,4,0.761937E-01,0.157470,0.902622E-02,0.479667E-01,0.441697E-01,425.428,0.292889E-02,-0.193355E-02,-0.432522E-01,16.0000,0.00000,248.000,50.0000,15.1654,97116.0,1.34524
CH-CHA_201812011300.csv,2018-12-01,15:30,335.646,1,36000,36000,0.827945E-02,2,0.623496E-02,-5.74437,0,2.44403,-7.89678,1,3.17806,4.18463,2,3.00889,-0.176655,1,0.710950E-01,-1.78369,-1.23758,-0.911468E-01,-0.276854E-01,-0.255149E-09,-0.709731E-11,16.6194,400.291,405.664,0.250000,1,462.290,11.1346,11.2600,0.250000,1,293.719,281.364,97122.0,1.19750,1011.37,0.240858E-01,-0.114473E-01,0.833047E-02,1081.71,1085.32,0.695657E-02,99.6672,3.61194,281.280,-0.679813,-0.257889E-01,-0.374707E-01,0.681334,0.218327E-12,-0.153525E-13,0.681334,3.28513,19.0168,182.172,-3.15264,-9999,0.831502E-01,0.283779,8.55015,0.235084,0.727432,-0.570421E-01,0,-9999,-9999,-9999,-9999,-9999,-9999,-9999,0.812188E-02,1.01940,-5.96953,1.03893,-6.86449,1.08682,4.17262,1.08697,-0.153562,1.08682,800000099,800000099,800000099,800000099,800000099,800001199,811110199,811110199,80000,80000,80,81,1,14,3,0,43,3,0.336951,0.218306,0.123008E-01,0.745028E-01,0.127368,81.5059,-0.492899E-02,0.417262E-02,-0.153562,16.0000,0.00000,248.000,50.0000,12.3152,97124.1,1.32291
CH-CHA_201812011300.csv,2018-12-01,16:00,335.667,1,36000,36000,-0.191354E-02,1,0.769425E-03,4.94200,2,3.01045,7.25380,2,3.07259,-0.293206,1,0.489909,0.162064,2,0.686478E-01,-2.17781,-2.40660,0.151317,-0.537683E-01,-0.204259E-09,-0.515772E-11,16.8103,402.989,408.195,0.250000,1,424.476,10.1759,10.2805,0.250000,1,292.896,280.027,97116.0,1.20358,1010.81,0.239728E-01,0.105018E-01,0.764906E-02,988.506,990.584,0.635526E-02,99.7903,2.07725,279.961,-0.265516E-01,0.482435,0.324347E-01,0.484252,-0.453652E-13,-0.121508E-13,0.484252,1.60904,93.5341,93.1502,3.84049,-9999,0.398733E-01,0.993151E-01,-1.09565,-1.83453,0.681298,0.101877,0,-9999,-9999,-9999,-9999,-9999,-9999,-9999,-0.187721E-02,1.01935,5.25355,1.02391,6.74307,1.02392,-0.588297,1.02395,0.150654,1.02392,800000099,800000099,800000099,800000099,800000099,810100099,811110199,811110199,80100,80100,80,81,0,2,0,0,0,0,0.927525E-01,0.101939,0.393798E-02,0.293568,0.204001E-01,230.102,0.431827E-02,-0.588297E-03,0.150654,16.0000,0.00000,248.000,50.0000,9.49890,97116.8,1.29973
CH-CHA_201812011300.csv,2018-12-01,16:30,335.687,0,36000,36000,0.580530E-03,2,0.579393E-03,0.277311,1,0.385581,-9999,-9999,-9999,-9999,-9999,-9999,-9999,-9999,-9999,-1.84753,7848.18,-9999,175.155,-9999,-9999,-9999,-9999,-9999,-9999,1,-9999,-9999,-9999,-9999,1,292.047,278.897,97101.0,1.20861,1010.38,0.238798E-01,-9999,0.711067E-02,915.221,916.285,0.588333E-02,99.8839,1.06381,278.845,0.240582,0.196611,0.139306E-01,0.311014,0.517774E-13,0.900725E-15,0.311014,0.815904,153.045,39.2567,2.56718,-9999,0.219164E-01,0.653159E-01,-3.24155,-0.620074,-9999,0.103617E-01,0,-9999,-9999,-9999,-9999,-9999,-9999,-9999,0.565688E-03,1.02624,0.269655,1.02839,-9999,-9999,-9999,-9999,-9999,-9999,800000099,800100099,800000099,800001199,800000099,800010199,811110199,811110199,81000,81000,80,81,0,0,1,14,0,0,0.564832E-01,0.732298E-01,0.918545E-03,0.760094E-01,-9999,-9999,0.220820E-03,-9999,-9999,16.0000,0.00000,251.119,69.4969,7.25892,97108.7,1.27935
CH-CHA_201812011300.csv,2018-12-01,17:00,335.708,0,36000,36000,0.280857E-02,1,0.665740E-03,-0.347753,1,0.601384,-9999,-9999,-9999,-9999,-9999,-9999,-9999,-9999,-9999,-1.92384,7684.28,-9999,171.306,-9999,-9999,-9999,-9999,-9999,-9999,1,-9999,-9999,-9999,-9999,1,291.194,277.725,97092.0,1.21394,1009.95,0.237816E-01,-9999,0.658431E-02,843.912,844.467,0.542393E-02,99.9343,0.554815,277.680,0.305102,0.218884,0.118289E-01,0.375683,0.644625E-13,0.102890E-14,0.375683,1.31061,153.971,35.6562,1.80434,-9999,0.480999E-01,0.417188E-01,27.3204,0.735714E-01,-9999,-0.589697E-02,0,-9999,-9999,-9999,-9999,-9999,-9999,-9999,0.276431E-02,1.01601,-0.338685,1.02677,-9999,-9999,-9999,-9999,-9999,-9999,800000099,800100199,800000099,800001199,800000199,800101199,811110199,811110199,80000,80000,80,81,1,1,2,2,0,0,0.557253E-01,0.269121E-01,0.800449E-03,0.946744E-01,-9999,-9999,-0.276248E-03,-9999,-9999,16.0000,0.00000,255.000,93.7500,5.83689,97100.2,1.26839
CH-CHA_201812011300.csv,2018-12-01,17:30,335.729,0,36000,36000,-0.227834E-02,1,0.812490E-03,-0.555059,2,1.45176,2.12378,1,1.43325,-9999,-9999,-9999,0.473285E-01,1,0.319400E-01,-0.618026,-0.564798,-9999,-0.125866E-01,-9999,0.834323E-12,-9999,-9999,-9999,-9999,1,356.530,8.46721,8.53952,0.250000,1,289.623,277.349,97094.0,1.21571,1009.82,0.237489E-01,0.306689E-02,0.642467E-02,822.336,822.505,0.528470E-02,99.9795,0.168613,277.310,-0.390485E-01,0.159869,0.420167E-02,0.164623,-0.748637E-13,0.234012E-14,0.164623,0.912907,83.5075,103.726,1.46252,-9999,0.432906E-01,0.724136E-01,12.4782,0.161081,-0.261355,-0.104441E-01,0,-9999,-9999,-9999,-9999,-9999,-9999,-9999,-0.222596E-02,1.02353,-0.412508,1.03409,2.09298,1.01858,-9999,-9999,0.466422E-01,1.01858,800000099,800100099,800000099,800001099,800000099,800010099,811110199,811110199,80100,80100,80,81,5,5,1,4,2,20,0.796024E-01,0.644520E-01,0.772606E-03,0.247713,-9999,161.105,-0.336015E-03,-9999,0.466422E-01,16.0000,0.00000,255.000,93.7500,5.09330,97105.1,1.25798
CH-CHA_201812011300.csv,2018-12-01,18:00,335.750,0,36000,36000,-0.107797E-01,1,0.208313E-02,0.809803,1,1.39488,9.84686,1,2.97774,11.8545,2,6.73945,0.219278,1,0.663107E-01,-1.26576,-1.13331,-9999,-0.252375E-01,-0.216669E-09,-0.567322E-11,12.9375,306.399,307.360,0.250000,1,338.752,8.02264,8.08753,0.250000,1,287.995,276.581,97095.0,1.21931,1009.56,0.236829E-01,0.142092E-01,0.610431E-02,779.167,779.209,0.500638E-02,99.9947,0.412981E-01,276.545,0.373940,0.202723,0.308683E-01,0.426474,0.137671E-12,-0.167474E-13,0.426474,1.62327,172.798,28.4633,4.15072,-9999,0.940259E-01,0.147019,-87.6278,-0.229379E-01,0.822397E-01,0.699655E-02,0,-9999,-9999,-9999,-9999,-9999,-9999,-9999,-0.105574E-01,1.02106,1.35946,1.02500,9.51105,1.02320,11.4898,1.02322,0.211800,1.02320,800000099,800100099,800000099,800000099,800000099,800100099,811110199,811110199,80100,80100,80,81,0,0,5,3,0,0,0.201526,0.900384E-01,0.247241E-02,0.224242,3.52399,322.303,0.110438E-02,0.114898E-01,0.211800,16.0000,0.00000,255.000,93.7500,4.65860,97107.0,1.24549
CH-CHA_201812011300.csv,2018-12-01,18:30,335.771,0,36000,36000,0.160083E-02,1,0.525730E-03,-0.591402,2,0.166262,9.03745,2,8.94382,-1.37706,2,2.49594,0.201258,2,0.199173,0.444915E-01,0.404282E-01,3.85315,0.900310E-03,0.261861E-10,0.562396E-12,15.8012,374.286,376.243,0.250000,1,339.361,8.03851,8.10365,0.250000,1,287.377,276.608,97087.0,1.21908,1009.57,0.236872E-01,0.130415E-01,0.611528E-02,780.644,780.696,0.501631E-02,99.9933,0.523066E-01,276.571,0.428466,0.417072,0.319254E-01,0.598792,-0.571701E-13,0.165722E-14,0.598792,1.31647,137.457,44.2279,3.05625,-9999,0.362374E-01,0.103557,6.86820,0.292653,-0.654390E-01,-0.132604E-01,0,-9999,-9999,-9999,-9999,-9999,-9999,-9999,0.158074E-02,1.01271,-0.606612E-01,1.02225,8.72423,1.03061,-1.38257,1.03066,0.194283,1.03061,800000099,800100099,800000099,800000099,800100099,801111099,811110199,811110199,80100,80100,80,81,0,2,1,1,4,0,0.497678E-01,0.155525,0.182185E-02,0.125106,1.65894,4390.24,-0.492881E-04,-0.138257E-02,0.194283,16.0000,0.00000,255.000,93.7500,4.73339,97100.2,1.24569
CH-CHA_201812011300.csv,2018-12-01,19:00,335.792,0,36000,35989,0.212807E-02,1,0.107915E-02,5.39087,1,2.18956,-21.5921,2,15.5719,-15.9179,1,4.26491,-0.480704,2,0.346676,-0.504691,-0.434338,0.907227,-0.966962E-02,0.305555E-10,0.616058E-12,16.4907,390.255,397.753,0.200000,0,332.485,7.86830,7.93070,0.200000,0,286.451,276.302,97070.0,1.22029,1009.47,0.236651E-01,-0.311496E-01,0.599138E-02,763.981,763.987,0.490978E-02,99.9992,0.611189E-02,276.266,0.164172,0.480621,0.144005E-01,0.508091,-0.502675E-13,0.185289E-14,0.508091,1.16211,119.813,71.1407,1.62412,-9999,0.417600E-01,0.852593E-01,-1.15294,-1.74337,-0.249668,0.104795,0,-9999,-9999,-9999,-9999,-9999,-9999,-9999,0.208889E-02,1.01876,4.02600,1.02353,-21.1452,1.02429,-15.6119,1.02432,-0.470753,1.02429,800000099,800100099,800000099,800000099,800000099,800110099,811100199,811110199,80000,80000,80,81,2,0,1,5,3,4,0.858554E-01,0.829849E-01,0.167862E-02,0.421074,2.02917,15284.9,0.326824E-02,-0.156119E-01,-0.470753,16.0000,0.00000,255.000,93.7500,4.24608,97099.9,1.24086
CH-CHA_201812011900.csv,2018-12-01,19:30,335.812,0,36000,36000,-0.472927E-02,2,0.175868E-02,-12.5858,1,2.50609,-9999,-9999,-9999,8.01337,1,3.88351,-9999,-9999,-9999,-0.619003,2141.52,0.327070,47.6594,-0.827589E-10,-9999,16.7482,396.007,396.007,0.250000,1,-9999,-9999,-9999,-9999,1,285.727,275.927,97022.0,1.22144,1009.36,0.236447E-01,-9999,0.584195E-02,743.916,743.942,0.478283E-02,99.9965,0.260380E-01,275.891,0.421923,0.227705,0.168487E-01,0.479742,-0.517808E-13,-0.494136E-14,0.479742,1.39478,163.089,28.3550,2.01267,-9999,0.622244E-01,0.136214,1.63311,1.23078,-9999,-0.164060,0,-9999,-9999,-9999,-9999,-9999,-9999,-9999,-0.450882E-02,1.04889,-11.4587,1.09836,-9999,-9999,7.41914,1.16361,-9999,-9999,800000099,800100099,800000099,800000199,800000099,810010199,811110199,811110199,80100,80100,80,81,0,0,1,2,1,6,0.194822,0.757130E-01,0.189317E-02,0.292311,1.20527,-9999,-0.929434E-02,0.741914E-02,-9999,16.0000,0.00000,255.000,93.7500,3.86656,97098.0,1.23324
CH-CHA_201812011900.csv,2018-12-01,20:00,335.833,0,36000,36000,0.170184E-02,2,0.994369E-03,-3.09458,1,0.829470,-9999,-9999,-9999,-3.02536,2,3.25611,-9999,-9999,-9999,-0.404706,1384.19,3.27913,30.7980,-0.344454E-11,-9999,19.1997,453.634,453.634,0.250000,1,-9999,-9999,-9999,-9999,1,285.169,275.682,97008.0,1.22241,1009.28,0.236271E-01,-9999,0.574639E-02,731.097,731.098,0.470086E-02,99.9999,0.731098E-03,275.646,0.367799,0.629682,0.185072E-01,0.729464,0.349535E-13,-0.179406E-15,0.729464,1.64833,129.835,59.7106,1.45381,-9999,0.373121E-01,0.757169E-01,1.43189,1.40374,-9999,-0.672234E-01,0,-9999,-9999,-9999,-9999,-9999,-9999,-9999,0.161610E-02,1.05305,-2.79590,1.10683,-9999,-9999,-2.25085,1.26649,-9999,-9999,800000099,800100099,800000099,800000199,800000099,800000099,811110199,811110199,80000,80000,80,81,0,1,1,1,0,0,0.941054E-01,0.553892E-01,0.193918E-02,0.964264E-01,1.90780,-9999,-0.226617E-02,-0.225085E-02,-9999,16.0000,0.00000,255.000,93.7500,3.45225,97071.6,1.22797
CH-CHA_201812011900.csv,2018-12-01,20:30,335.854,0,36000,36000,-0.826466E-02,1,0.104845E-02,3.29671,1,1.11802,-9999,-9999,-9999,-7.79600,1,2.21473,-9999,-9999,-9999,-0.492722,1666.36,3.32348,37.0656,-0.447315E-10,-9999,21.6905,511.984,511.984,0.250000,1,-9999,-9999,-9999,-9999,1,284.525,275.384,96998.0,1.22368,1009.19,0.236040E-01,-9999,0.563178E-02,715.741,715.741,0.460232E-02,100.000,0.00000,275.348,-0.223887,-0.148707,0.118281E-01,0.269033,-0.998206E-13,-0.206226E-14,0.269033,1.05195,349.269,213.592,2.51982,-9999,0.821823E-01,0.133509,-14.3605,-0.139968,-9999,0.324833E-01,0,-9999,-9999,-9999,-9999,-9999,-9999,-9999,-0.803075E-02,1.02913,3.19973,1.03031,-9999,-9999,-7.82332,1.02338,-9999,-9999,800000099,800100099,800000099,800000199,800000099,800000099,811110199,811110199,80000,80000,80,81,1,0,0,0,9,0,0.820043E-01,0.183875,0.113848E-02,0.115898,0.704544,-9999,0.259103E-02,-0.782332E-02,-9999,16.0000,0.00000,255.000,93.7500,3.90503,97053.3,1.22716
CH-CHA_201812011900.csv,2018-12-01,21:00,335.875,0,36000,36000,-0.381202E-02,2,0.178315E-02,-8.98829,1,1.83066,-9999,-9999,-9999,16.1801,1,4.70777,-9999,-9999,-9999,0.737888,-2521.74,-1.47420,-56.1160,0.175684E-09,-9999,20.5580,486.059,486.059,0.250000,1,-9999,-9999,-9999,-9999,1,284.856,275.831,96994.0,1.22154,1009.32,0.236433E-01,-9999,0.580446E-02,738.884,738.886,0.475176E-02,99.9998,0.147777E-02,275.795,0.291829,0.736302,0.296215E-01,0.792580,0.396002E-13,0.854575E-14,0.792580,1.60465,117.847,68.3794,2.14185,-9999,0.558629E-01,0.108932,1.65430,1.21502,-9999,-0.130501,0,-9999,-9999,-9999,-9999,-9999,-9999,-9999,-0.363722E-02,1.04806,-8.19314,1.09705,-9999,-9999,13.1911,1.26778,-9999,-9999,800000099,800000099,800000099,800000199,800100099,800100199,811110199,811110199,81100,81100,80,81,1,0,8,6,0,4,0.180724,0.328016E-01,0.433956E-02,0.165394,1.56435,-9999,-0.664526E-02,0.131911E-01,-9999,16.0000,0.00000,255.000,93.7500,4.22349,97034.0,1.23089
CH-CHA_201812011900.csv,2018-12-01,21:30,335.896,0,36000,36000,-0.707427E-02,1,0.109543E-02,-3.64903,1,0.694086,16.5215,1,9.10542,0.975829,1,0.745274,0.367896,1,0.202757,1.15247,0.989946,0.250763,0.220439E-01,0.188378E-10,0.307428E-12,20.6884,490.481,509.170,0.250000,1,337.630,8.00451,8.06910,0.250000,1,285.386,276.531,96975.0,1.21803,1009.55,0.237080E-01,0.238397E-01,0.608409E-02,776.446,776.461,0.499503E-02,99.9980,0.155292E-01,276.495,0.645075,0.289184,0.251931E-01,0.707378,-0.513853E-13,0.910548E-15,0.707378,1.58395,165.793,24.1464,2.04100,-9999,0.762101E-01,0.178152,10.3455,0.194287,-0.220866,-0.389385E-01,0,-9999,-9999,-9999,-9999,-9999,-9999,-9999,-0.696503E-02,1.01568,-2.62980,1.03088,15.5462,1.06469,0.955445,1.06480,0.346179,1.06469,800000099,800000099,800000099,800000099,800000099,800000099,811110199,811110199,81100,81100,80,81,1,0,1,0,1,0,0.100769,0.251492,0.404275E-02,0.368521E-01,0.788857E-01,3760.50,-0.213863E-02,0.955445E-03,0.346179,16.0000,0.00000,255.000,93.7500,5.04687,97009.4,1.24093
CH-CHA_201812011900.csv,2018-12-01,22:00,335.917,0,36000,36000,-0.834071E-02,1,0.157666E-02,-3.06816,1,0.421999,3.26599,2,8.80908,-0.543922,2,0.903167,0.727399E-01,2,0.196195,0.325677,0.292163,0.720689,0.650702E-02,0.681609E-10,0.109980E-11,21.2046,503.201,519.209,0.250000,1,342.145,8.11937,8.18583,0.100000,0,285.438,276.729,96951.0,1.21680,1009.62,0.237308E-01,0.471354E-02,0.616545E-02,787.392,787.392,0.506693E-02,100.000,0.00000,276.693,0.872410,0.266130,0.277512E-01,0.912521,0.603726E-13,0.321444E-14,0.912521,2.27029,166.553,16.9644,1.74273,-9999,0.827927E-01,0.203022,15.7732,0.127431,-0.939429,-0.301656E-01,0,-9999,-9999,-9999,-9999,-9999,-9999,-9999,-0.822217E-02,1.01442,-2.80367,1.02897,3.14234,1.07503,-0.361956,1.07516,0.699860E-01,1.07503,800000099,800000099,800000099,800000099,800000099,810100099,811110199,811110199,80100,80100,80,81,6,0,1,0,4,0,0.270913,0.128225,0.690500E-02,0.208210E-01,0.134580,6166.54,-0.228218E-02,-0.361956E-03,0.699860E-01,16.0000,0.00000,255.000,93.7500,5.45737,96992.6,1.24462
CH-CHA_201812011900.csv,2018-12-01,22:30,335.937,0,36000,36000,-0.636560E-02,1,0.185124E-02,-2.33679,1,0.707581,-4.74204,2,8.87197,2.17800,1,1.74369,-0.105615,2,0.197598,0.148013E-01,0.153563E-01,0.419050,0.342016E-03,-0.301561E-10,-0.479888E-12,21.5132,510.599,524.060,0.250000,1,342.349,8.12540,8.19197,0.250000,1,285.136,276.738,96940.0,1.21662,1009.63,0.237343E-01,-0.684387E-02,0.616913E-02,787.888,787.892,0.507071E-02,99.9995,0.393946E-02,276.702,0.149585,0.396182,0.159781E-01,0.423782,-0.583301E-13,-0.140175E-14,0.423782,1.16940,120.633,69.3151,2.16076,-9999,0.723339E-01,0.145010,13.8101,0.145546,0.492782,-0.263004E-01,0,-9999,-9999,-9999,-9999,-9999,-9999,-9999,-0.625408E-02,1.01783,-2.52831,1.03311,-4.41008,1.04257,2.28249,1.04264,-0.982218E-01,1.04257,800000099,800100099,800000099,800000099,800010099,800010099,811110199,811110199,80100,80100,80,81,2,0,0,9,11,0,0.242088,0.456087E-01,0.232421E-02,0.417785E-01,0.332299,3624.74,-0.205834E-02,0.228249E-02,-0.982218E-01,16.0000,0.00000,255.000,93.7500,5.67684,96975.4,1.24579
CH-CHA_201812011900.csv,2018-12-01,23:00,335.958,0,36000,36000,-0.561300E-03,2,0.581863E-03,-0.397057,2,0.443921,6.00634,1,15.5186,4.45539,0,1.59363,0.133796,1,0.345691,0.287553,0.261669,1.11189,0.582890E-02,0.340069E-10,0.527720E-12,22.3211,530.246,539.314,0.250000,1,346.380,8.22840,8.29667,0.250000,1,284.957,276.913,96915.0,1.21549,1009.68,0.237554E-01,0.866998E-02,0.624177E-02,797.669,797.671,0.513518E-02,99.9997,0.239301E-02,276.877,0.213282,0.844042E-01,0.105618E-01,0.229619,0.459324E-13,0.152353E-14,0.229619,0.906256,178.180,21.5907,2.63637,-9999,0.214893E-01,0.666942E-01,2.13075,0.943328,-0.661063E-01,-0.150555E-01,0,-9999,-9999,-9999,-9999,-9999,-9999,-9999,-0.550306E-03,1.01998,-0.406051E-01,1.03061,5.85332,1.02080,4.32051,1.02083,0.130388,1.02080,800000099,800100099,800000099,800000099,800000099,800101099,811110199,811110199,81000,81000,80,81,1,0,1,3,2,0,0.372243E-01,0.945052E-01,0.165926E-02,0.203145E-01,0.325437,15655.3,-0.330860E-04,0.432051E-02,0.130388,16.0000,0.00000,255.000,93.7500,5.92982,96937.6,1.25010
CH-CHA_201812011900.csv,2018-12-01,23:30,335.979,0,36000,36000,-0.187008E-01,1,0.219510E-02,-7.25878,1,1.31167,14.8529,1,7.47032,14.1345,1,3.55272,0.330755,1,0.166354,-0.560982,-0.497533,-1.62709,-0.110794E-01,-0.978233E-10,-0.156681E-11,21.1381,501.531,507.136,0.450000,0,338.563,8.03287,8.09792,0.450000,0,284.835,276.572,96914.0,1.21707,1009.56,0.237264E-01,0.214329E-01,0.610090E-02,778.707,778.714,0.501279E-02,99.9991,0.700842E-02,276.536,0.275708,0.178011,0.230065E-01,0.328987,-0.176862E-12,-0.462782E-14,0.328987,1.49335,153.419,32.8482,4.01005,-9999,0.123957,0.255056,22.3693,0.898552E-01,-0.488710,-0.476586E-01,0,-9999,-9999,-9999,-9999,-9999,-9999,-9999,-0.183894E-01,1.01694,-6.21466,1.02763,14.6953,1.02471,14.0719,1.02474,0.327243,1.02471,800000099,800100099,800000099,800000099,800000099,801000199,811100199,811110199,80000,80000,80,81,0,0,3,3,2,0,0.182849,0.324418,0.284530E-02,0.102046,0.931260,2375.57,-0.505786E-02,0.140719E-01,0.327243,16.0000,0.00000,255.000,93.7500,5.50848,96934.9,1.24498
CH-CHA_201812011900.csv,2018-12-02,00:00,336.000,0,36000,36000,-0.632182E-02,2,0.178398E-02,-6.40625,1,1.46902,1.43479,1,2.96741,10.4585,1,2.70123,0.319497E-01,1,0.660776E-01,-0.625064E-01,-0.494956E-01,-1.04886,-0.110216E-02,0.187161E-09,0.310505E-11,20.3554,483.019,488.884,0.250000,1,337.702,8.01342,8.07815,0.250000,1,284.823,276.534,96889.0,1.21693,1009.56,0.237293E-01,0.207034E-02,0.608539E-02,776.620,776.626,0.500061E-02,99.9993,0.543638E-02,276.498,0.279845,0.385571,0.181517E-01,0.476768,0.893820E-13,0.919465E-14,0.476768,1.70663,135.417,54.0281,2.18191,-9999,0.720756E-01,0.159907,4.98170,0.403476,-4.46493,-0.723468E-01,0,-9999,-9999,-9999,-9999,-9999,-9999,-9999,-0.616881E-02,1.02480,-6.02750,1.04932,1.58043,1.08152,10.0096,1.08165,0.351927E-01,1.08152,800000099,800100099,800000099,800000099,800000099,800000099,811110199,811110199,80100,80100,80,81,0,3,1,0,0,0,0.246026,0.711252E-01,0.266238E-02,0.149663,0.731181,461.726,-0.490615E-02,0.100096E-01,0.351927E-01,16.0000,0.00000,255.000,93.7500,5.00619,96919.0,1.24303
CH-CHA_201812011900.csv,2018-12-02,00:30,336.021,0,36000,36000,-0.530933E-02,1,0.999149E-03,-2.44127,1,0.739079,7.68282,1,1.99873,6.39226,1,1.58864,0.171037,1,0.444962E-01,-0.429598,-0.367787,0.468761,-0.818778E-02,0.144235E-09,0.231024E-11,20.7178,491.287,497.174,0.250000,1,331.840,7.86900,7.93142,0.250000,1,284.286,276.273,96863.0,1.21782,1009.48,0.237132E-01,0.110832E-01,0.597976E-02,762.420,762.420,0.491022E-02,100.000,0.00000,276.237,0.327462,0.347969,0.230112E-01,0.478376,0.138938E-12,0.696190E-14,0.478376,1.31604,137.651,46.7390,2.75715,-9999,0.660280E-01,0.869021E-01,10.0483,0.200034,-0.317757,-0.300752E-01,0,-9999,-9999,-9999,-9999,-9999,-9999,-9999,-0.521848E-02,1.01741,-1.93521,1.03291,7.37690,1.04780,6.16211,1.04788,0.164227,1.04780,800000099,800100099,800000099,800000099,800000099,800000099,811110199,811110199,81100,81100,80,81,1,2,5,0,0,0,0.872694E-01,0.847153E-01,0.181915E-02,0.528522E-01,0.280964,222.980,-0.157417E-02,0.616211E-02,0.164227,16.0000,0.00000,255.000,93.7500,4.63677,96900.3,1.23975
CH-CHA_201812011900.csv,2018-12-02,01:00,336.042,0,36000,35989,0.258837E-02,1,0.717853E-03,-0.888692,1,0.459756,11.1359,1,3.76764,2.02821,1,1.18952,0.247963,1,0.838937E-01,0.361748,0.318784,0.163302,0.709833E-02,0.122023E-09,0.197401E-11,20.8179,494.170,499.402,0.150000,0,336.777,7.99433,8.05876,0.250000,1,284.197,276.493,96840.0,1.21650,1009.55,0.237377E-01,0.160680E-01,0.606873E-02,774.379,774.379,0.498866E-02,100.000,0.00000,276.457,0.381456,0.524678,0.254653E-01,0.649187,-0.600795E-13,0.586147E-14,0.649187,1.19331,131.783,53.9817,2.24808,-9999,0.461272E-01,0.399991E-01,9.40980,0.213607,-0.798041E-01,-0.156875E-01,0,-9999,-9999,-9999,-9999,-9999,-9999,-9999,0.255462E-02,1.01321,-0.242203,1.02442,10.6607,1.03994,1.88474,1.04000,0.237382,1.03994,800000099,800100099,800000099,800000099,800000099,800011099,811110199,811110199,81100,81100,80,81,14,1,0,12,18,0,0.549330E-01,0.234966E-01,0.156853E-02,0.282640E-01,0.282291,1183.62,-0.197215E-03,0.188474E-02,0.237382,16.0000,0.00000,255.000,93.7500,5.18550,96889.3,1.24321
CH-CHA_201812020100.csv,2018-12-02,01:30,336.062,0,36000,36000,-0.425009E-02,1,0.982959E-03,-1.89270,1,0.306624,9.40328,1,12.8789,2.48541,1,1.22653,0.209412,1,0.286814,0.241547,0.215674,-0.328870,0.480308E-02,0.108925E-10,0.180201E-12,20.5586,488.360,489.882,0.250000,1,340.112,8.07920,8.14500,0.400000,0,284.385,276.640,96823.0,1.21560,1009.60,0.237545E-01,0.135699E-01,0.612882E-02,782.462,782.462,0.504178E-02,100.000,0.00000,276.604,0.377455,0.368896,0.318717E-01,0.528747,-0.149014E-13,0.529829E-15,0.528747,1.23296,143.582,44.3430,3.45576,-9999,0.591293E-01,0.667023E-01,9.30550,0.216001,-0.201281,-0.260819E-01,0,-9999,-9999,-9999,-9999,-9999,-9999,-9999,-0.417994E-02,1.01678,-1.31101,1.03202,8.95708,1.05084,2.37670,1.05092,0.199475,1.05084,800000099,800000099,800000099,800000199,800000099,800100099,811110199,811110199,80000,80000,80,81,2,1,2,2,1,0,0.801852E-01,0.497473E-01,0.347206E-02,0.142580E-01,0.229467,8635.56,-0.106824E-02,0.237670E-02,0.199475,16.0000,0.00000,255.000,93.7500,5.61504,96842.4,1.24498
CH-CHA_201812020100.csv,2018-12-02,02:00,336.083,0,36000,36000,-0.525406E-02,0,0.491719E-03,0.770310,2,0.585565,-9999,-9999,-9999,4.44463,1,1.70237,-9999,-9999,-9999,0.395475,-1493.69,-0.839919,-33.2722,0.188169E-09,-9999,19.9058,473.499,473.499,0.250000,1,-9999,-9999,-9999,-9999,1,284.443,276.881,96775.0,1.21388,1009.68,0.237870E-01,-9999,0.622838E-02,795.866,795.875,0.513097E-02,99.9988,0.955050E-02,276.845,0.518434,0.606359,0.418631E-01,0.798872,-0.152934E-12,0.945299E-14,0.798872,1.79572,135.207,49.4697,3.00383,-9999,0.657900E-01,0.877152E-01,-31.4837,-0.638426E-01,-9999,0.955315E-02,0,-9999,-9999,-9999,-9999,-9999,-9999,-9999,-0.517980E-02,1.01434,0.754540,1.02090,-9999,-9999,4.26900,1.03056,-9999,-9999,800000099,800000199,800000099,800000199,800000199,800000199,801110099,811110099,81000,81000,80,81,2,11,0,0,1,0,0.507853E-01,0.116413,0.823179E-02,0.252963E-01,0.233339,-9999,0.615637E-03,0.426900E-02,-9999,16.0000,0.00000,252.933,80.8325,5.90571,96804.9,1.24750
CH-CHA_201812020100.csv,2018-12-02,02:30,336.104,0,36000,36000,-0.153726E-01,1,0.372677E-02,-0.981089,2,0.324382,-9999,-9999,-9999,6.70021,1,1.99862,-9999,-9999,-9999,0.544116,-2044.05,-1.14665,-45.5459,0.367999E-09,-9999,19.0270,453.185,453.185,0.100000,0,-9999,-9999,-9999,-9999,1,284.384,277.213,96765.0,1.21221,1009.79,0.238180E-01,-9999,0.636802E-02,814.685,814.686,0.525323E-02,99.9999,0.814686E-03,277.177,0.469505,0.600029,0.454769E-01,0.763241,-0.617156E-14,0.193409E-13,0.763241,2.73267,138.462,51.9579,3.41593,-9999,0.112612,0.239494,123.964,0.162143E-01,-9999,-0.711730E-02,0,-9999,-9999,-9999,-9999,-9999,-9999,-9999,-0.151987E-01,1.01144,-0.961178,1.02071,-9999,-9999,6.53367,1.03391,-9999,-9999,800000099,800000099,800000099,800000199,800000199,800100199,810110199,811110199,80000,80000,80,81,0,0,0,6,1,0,0.364148,0.102360,0.124805E-01,0.172802E-01,0.162047,-9999,-0.785227E-03,0.653367E-02,-9999,16.0000,0.00000,251.408,71.2977,6.19988,96800.3,1.25339
CH-CHA_201812020100.csv,2018-12-02,03:00,336.125,0,36000,36000,-0.188378E-01,1,0.351846E-02,-18.2958,1,2.90198,286.509,1,98.9694,-49.4438,2,19.7556,6.38447,1,2.20540,0.113033,0.108003,-3.55553,0.240671E-02,-0.168883E-11,-0.366174E-13,16.3735,390.166,395.990,0.250000,1,355.012,8.45961,8.53179,0.250000,1,284.407,277.282,96744.0,1.21163,1009.81,0.238291E-01,0.413714,0.639731E-02,818.636,818.645,0.527994E-02,99.9990,0.818645E-02,277.246,0.187627,0.307249,0.235692E-01,0.360778,-0.103931E-13,-0.103144E-15,0.360778,1.50087,144.788,58.5889,3.74572,-9999,0.124690,0.229451,9.02271,0.222771,-0.638576E-01,-0.119924,0,-9999,-9999,-9999,-9999,-9999,-9999,-9999,-0.185530E-01,1.01535,-1.44291,1.02269,279.702,1.01874,-50.1118,1.01877,6.23278,1.01874,800000099,800000099,800000099,800001199,800001099,800001099,811110199,811110199,81000,81000,80,81,0,0,0,10,6,4,0.223069,0.230283,0.554910E-02,0.214055,11.6860,145377.,-0.117932E-02,-0.501118E-01,6.23278,16.0000,0.00000,251.684,73.0253,6.39659,96795.0,1.25465
CH-CHA_201812020100.csv,2018-12-02,03:30,336.146,0,36000,36000,-0.544681E-02,1,0.162026E-02,-1.57135,1,0.479226,-4.24398,1,7.65940,3.20394,1,0.569671,-0.945862E-01,1,0.170706,0.268442,0.252764,-4.57611,0.563338E-02,0.259843E-10,0.719803E-12,12.9564,308.992,316.529,0.150000,0,358.911,8.55954,8.63344,0.250000,1,282.959,277.446,96722.0,1.21059,1009.87,0.238486E-01,-0.612918E-02,0.646758E-02,828.118,828.121,0.534251E-02,99.9996,0.331249E-02,277.410,0.722355,0.254734,0.321606E-01,0.766629,0.481551E-13,0.200552E-14,0.766629,1.80125,166.035,19.4249,2.40430,-9999,0.670769E-01,0.205480,16.3521,0.122920,0.370255,-0.191619E-01,0,-9999,-9999,-9999,-9999,-9999,-9999,-9999,-0.536403E-02,1.01543,-1.75569,1.03063,-3.86560,1.06918,3.07976,1.06930,-0.861530E-01,1.06918,800000099,800000099,800000099,800000099,800000099,800100099,801110199,811110199,81000,81000,80,81,0,0,2,2,1,1,0.172500,0.232076,0.638320E-02,0.146567E-01,0.314427E-01,2469.55,-0.143610E-02,0.307976E-02,-0.861530E-01,16.0000,0.00000,255.000,93.7500,6.37996,96750.5,1.25648
CH-CHA_201812020100.csv,2018-12-02,04:00,336.167,0,36000,36000,-0.128906E-01,0,0.193952E-02,-4.23131,0,0.838081,9.09497,1,18.4112,4.24037,0,1.99708,0.202751,1,0.410435,0.425071,0.403702,1.25828,0.899959E-02,-0.575894E-10,-0.151550E-11,13.8764,331.340,337.407,0.100000,0,365.166,8.71938,8.79608,0.250000,1,283.103,277.706,96694.0,1.20903,1009.97,0.238779E-01,0.131382E-01,0.658028E-02,843.338,843.345,0.544261E-02,99.9992,0.674676E-02,277.670,1.06775,0.575068,0.561851E-01,1.21406,-0.231990E-13,-0.415017E-14,1.21406,2.67572,158.727,28.3060,2.65252,-9999,0.103257,0.151851,22.1479,0.907537E-01,-0.465236,-0.335593E-01,0,-9999,-9999,-9999,-9999,-9999,-9999,-9999,-0.127282E-01,1.01276,-3.63423,1.02617,8.52307,1.08178,4.01725,1.08192,0.190002,1.08178,800000099,800000099,800000099,800000099,800000099,800000099,810110199,810110199,81000,81000,80,80,0,3,1,3,2,0,0.188523,0.992426E-01,0.159360E-01,0.343009E-01,0.317513,7540.37,-0.297625E-02,0.401725E-02,0.190002,16.0000,0.00000,255.000,93.7500,6.39583,96703.7,1.26056
CH-CHA_201812020100.csv,2018-12-02,04:30,336.187,0,36000,36000,-0.112533E-01,1,0.290789E-02,-5.22963,0,0.888113,24.1297,1,20.2618,-2.39658,2,5.59703,0.538065,1,0.451816,0.476745,0.460818,3.69781,0.102757E-01,-0.911338E-10,-0.204300E-11,16.6077,397.105,400.643,0.250000,1,372.304,8.90213,8.98209,0.250000,1,283.569,277.998,96662.0,1.20728,1010.07,0.239109E-01,0.348666E-01,0.670892E-02,860.729,860.736,0.555707E-02,99.9992,0.688588E-02,277.962,0.581440,0.450577,0.382653E-01,0.736584,-0.446333E-13,-0.548744E-14,0.736584,2.86531,156.862,37.7733,2.97784,-9999,0.965467E-01,0.231884,14.6456,0.137243,-0.216730,-0.444194E-01,0,-9999,-9999,-9999,-9999,-9999,-9999,-9999,-0.110961E-01,1.01417,-3.75659,1.02755,22.8877,1.05613,-2.22877,1.05623,0.510370,1.05613,800000099,800000099,800000099,800000199,800001099,800101199,811110199,811110199,80100,80100,80,81,3,3,0,0,1,0,0.270853,0.177623,0.152925E-01,0.260471E-01,1.54058,6472.93,-0.308060E-02,-0.222877E-02,0.510370,16.0000,0.00000,252.948,80.9241,6.63006,96699.8,1.26616
CH-CHA_201812020100.csv,2018-12-02,05:00,336.208,0,36000,36000,-0.173515E-01,1,0.258644E-02,-2.04292,1,0.528521,0.718137,2,2.10212,6.30169,1,1.14276,0.160133E-01,2,0.468737E-01,-0.391757E-01,-0.304663E-01,2.95510,-0.679347E-03,-0.225825E-09,-0.446457E-11,18.8020,449.674,453.095,0.250000,1,371.716,8.89005,8.96979,0.100000,0,283.537,277.974,96632.0,1.20701,1010.07,0.239163E-01,0.103766E-02,0.669832E-02,859.293,859.294,0.554950E-02,99.9999,0.859294E-03,277.938,0.349290,0.321986,0.326726E-01,0.476178,0.109095E-12,-0.120107E-13,0.476178,1.54855,134.992,42.6708,3.93440,-9999,0.119898,0.131933,71.7881,0.279991E-01,-2.84476,-0.139759E-01,0,-9999,-9999,-9999,-9999,-9999,-9999,-9999,-0.171167E-01,1.01372,-1.95694,1.02252,0.792728,1.02462,6.25365,1.02465,0.176765E-01,1.02462,800000099,800000099,800000099,800000099,800010099,800111099,811110199,811110199,81000,81000,80,81,0,14,5,8,3,0,0.195160,0.638249E-01,0.488032E-02,0.150732E-01,0.631633E-01,279.920,-0.160515E-02,0.625365E-02,0.176765E-01,16.0000,0.00000,249.683,60.5200,6.82563,96665.3,1.26665
CH-CHA_201812020100.csv,2018-12-02,05:30,336.229,0,36000,36000,-0.153158E-01,1,0.238530E-02,-1.36809,2,0.736807,10.3176,1,3.44357,-1.94339,2,1.31822,0.230046,1,0.767797E-01,-0.140395,-0.130521,1.37290,-0.291017E-02,-0.745772E-11,-0.139031E-12,19.8255,474.093,477.363,0.250000,1,369.597,8.83828,8.91710,0.250000,1,283.906,277.888,96614.0,1.20719,1010.03,0.239133E-01,0.149070E-01,0.666013E-02,854.131,854.147,0.551708E-02,99.9981,0.162288E-01,277.852,0.347655,0.463426,0.230567E-01,0.579792,-0.995570E-13,-0.376168E-15,0.579792,1.53734,141.226,53.1233,2.27909,-9999,0.112638,0.170106,88.8678,0.226179E-01,-0.132598,-0.996140E-02,0,-9999,-9999,-9999,-9999,-9999,-9999,-9999,-0.151277E-01,1.01244,-0.752620,1.02088,10.0345,1.02579,-1.92275,1.02583,0.223734,1.02579,800000099,800000099,800000099,800000099,800010099,800110099,811110199,811110199,81100,81100,80,81,9,0,0,4,0,0,0.224860,0.110729,0.462362E-02,0.282882E-01,0.106987,441.365,-0.617257E-03,-0.192275E-02,0.223734,16.0000,0.00000,248.476,52.9745,6.91025,96621.5,1.26640
CH-CHA_201812020100.csv,2018-12-02,06:00,336.250,0,36000,36000,0.291505E-02,2,0.138671E-02,0.194064,2,0.792458,-0.668759,1,4.54124,0.936754,1,0.614196,-0.149110E-01,1,0.101254,0.163223E-02,0.542649E-02,-0.173537,0.120992E-03,-0.488784E-10,-0.917414E-12,19.6930,471.006,475.596,0.250000,1,369.624,8.84044,8.91929,0.250000,1,283.755,277.889,96598.0,1.20698,1010.03,0.239174E-01,-0.966235E-03,0.666063E-02,854.198,854.207,0.551842E-02,99.9989,0.939628E-02,277.853,0.317054,0.386905,0.210826E-01,0.500663,-0.670435E-13,-0.248202E-14,0.500663,1.34896,132.781,50.6666,2.41341,-9999,0.491442E-01,0.957831E-01,-52.0266,-0.386341E-01,-0.290185,0.323920E-02,0,-9999,-9999,-9999,-9999,-9999,-9999,-9999,0.286087E-02,1.01894,0.151455,1.02364,-0.656476,1.02417,0.910467,1.02420,-0.146371E-01,1.02417,800000099,800000099,800000099,800000099,800000099,800100099,811110199,811110199,80100,80100,80,81,2,6,11,17,0,0,0.140281,0.484700E-01,0.281537E-02,0.443364E-01,0.841215E-01,1344.64,0.124236E-03,0.910467E-03,-0.146371E-01,16.0000,0.00000,248.000,50.0000,6.90586,96601.5,1.26653
CH-CHA_201812020100.csv,2018-12-02,06:30,336.271,0,36000,36000,-0.899133E-02,1,0.143500E-02,-2.99133,1,0.852931,-1.20085,2,1.74441,3.40442,1,0.618284,-0.267764E-01,2,0.388966E-01,0.979223E-01,0.903147E-01,-0.768947,0.201382E-02,0.446253E-10,0.866138E-12,19.1187,457.325,462.732,0.150000,0,371.077,8.87627,8.95576,0.250000,1,283.613,277.949,96607.0,1.20682,1010.05,0.239203E-01,-0.173511E-02,0.668680E-02,857.740,857.795,0.554087E-02,99.9935,0.557567E-01,277.912,0.779576,0.124632,0.393318E-01,0.790455,0.817352E-14,0.233412E-14,0.790455,2.00047,177.026,9.08311,2.85213,-9999,0.863160E-01,0.251886,18.2892,0.109901,2.49101,-0.284307E-01,0,-9999,-9999,-9999,-9999,-9999,-9999,-9999,-0.886377E-02,1.01439,-2.97479,1.02838,-0.981253,1.06319,3.37202,1.06330,-0.218798E-01,1.06319,800000099,800000099,800000099,800000099,800000099,800010099,801110199,811110199,81000,81000,80,81,0,0,4,1,22,11,0.109279,0.386998,0.749388E-02,0.387291E-01,0.344615E-01,87.3505,-0.244045E-02,0.337202E-02,-0.218798E-01,16.0000,0.00000,248.000,50.0000,6.79589,96612.5,1.26492
CH-CHA_201812020100.csv,2018-12-02,07:00,336.292,0,36000,35989,-0.333405E-02,1,0.688573E-03,1.28412,2,1.41929,4.70040,2,5.79748,-7.91690,2,3.93749,0.104812,2,0.129275,0.538489E-01,0.523189E-01,-1.47055,0.116663E-02,0.102571E-09,0.211659E-11,18.0218,431.156,435.305,0.250000,1,371.885,8.89703,8.97689,0.250000,1,283.044,277.982,96603.0,1.20661,1010.07,0.239241E-01,0.679182E-02,0.670137E-02,859.710,859.775,0.555387E-02,99.9925,0.644831E-01,277.945,0.581220,0.384939,0.283509E-01,0.697709,-0.154815E-12,0.569151E-14,0.697709,1.56218,157.701,33.5163,2.32881,-9999,0.525657E-01,0.111046,-9.62224,-0.208891,0.273193,0.200440E-01,0,-9999,-9999,-9999,-9999,-9999,-9999,-9999,-0.328332E-02,1.01545,1.52326,1.02152,4.46981,1.02809,-7.81071,1.02813,0.996700E-01,1.02809,800000099,800000099,800000099,800001199,800001099,800001199,810110199,811110199,81100,81100,80,81,2,2,1,0,21,18,0.917684E-01,0.123613,0.671139E-02,0.966029E-01,1.28378,3433.84,0.124984E-02,-0.781071E-02,0.996700E-01,16.0000,0.00000,252.320,76.9982,6.79218,96603.6,1.26410
CH-CHA_201812020700.csv,2018-12-02,07:30,336.312,0,36000,36000,-0.228267E-01,1,0.343324E-02,-7.10969,2,1.32918,138.087,1,40.6076,-11.3965,1,6.41470,3.07932,1,0.905542,0.102771,0.998725E-01,0.838564,0.222714E-02,-0.205333E-09,-0.411356E-11,18.6400,446.083,450.053,0.250000,1,373.427,8.93667,9.01725,0.250000,1,282.029,278.045,96595.0,1.20622,1010.09,0.239315E-01,0.199540,0.672915E-02,863.469,863.564,0.557870E-02,99.9890,0.949921E-01,278.008,0.485174,0.358980,0.268889E-01,0.604139,0.682944E-13,-0.110157E-13,0.604139,1.81904,153.411,36.4977,2.55095,-9999,0.137565,0.197252,31.1475,0.645317E-01,-0.514871E-01,-0.424187E-01,0,-9999,-9999,-9999,-9999,-9999,-9999,-9999,-0.224490E-01,1.01682,0.854922,1.02233,133.720,1.02605,-12.0645,1.02609,2.98193,1.02605,800000099,800000099,800000099,800001199,800001099,800001099,810110199,811110199,80100,80100,80,81,0,3,0,2,15,4,0.264858,0.122779,0.686571E-02,0.102795,1.62453,33438.5,0.701681E-03,-0.120645E-01,2.98193,16.0000,0.00000,250.283,64.2694,6.80150,96605.1,1.26418
CH-CHA_201812020700.csv,2018-12-02,08:00,336.333,0,36000,36000,-0.187804E-02,0,0.331297E-03,-0.833396,1,0.193278,5.34364,1,15.3790,0.397424,2,0.513656,0.119165,1,0.342956,0.391364E-01,0.457942E-01,-0.119330E-01,0.102123E-02,-0.495124E-10,-0.994405E-12,18.6241,445.871,450.055,0.250000,1,374.046,8.95486,9.03577,0.250000,1,282.015,278.069,96567.0,1.20576,1010.10,0.239405E-01,0.772188E-02,0.674030E-02,864.976,865.012,0.559009E-02,99.9958,0.363305E-01,278.033,0.594290,0.217379,0.149089E-01,0.632974,0.704954E-13,-0.265851E-14,0.632974,1.31221,166.958,20.0915,1.34965,-9999,0.394660E-01,0.118056,6.27308,0.320417,-0.155961,-0.173382E-01,0,-9999,-9999,-9999,-9999,-9999,-9999,-9999,-0.184495E-02,1.01794,-0.515375,1.03549,4.98320,1.07101,0.364206,1.07113,0.111127,1.07101,800000099,800000099,800000099,800001199,800001099,800001099,811110199,811110199,81100,81100,80,81,0,1,3,0,17,7,0.296639E-01,0.203127,0.332225E-02,0.165051E-01,0.349884,19169.2,-0.423154E-03,0.364206E-03,0.111127,16.0000,0.00000,249.076,56.7262,6.71954,96599.7,1.26466
CH-CHA_201812020700.csv,2018-12-02,08:30,336.354,0,36000,36000,0.153020E-02,2,0.271008E-02,-4.42220,1,1.62174,-66.7946,2,17.2965,-23.8377,1,5.75150,-1.48973,2,0.385766,0.211928,0.200394,1.61226,0.446941E-02,0.111366E-09,0.212000E-11,19.8177,474.589,476.795,0.250000,1,377.257,9.03447,9.11683,0.250000,1,282.556,278.199,96583.0,1.20536,1010.15,0.239478E-01,-0.965343E-01,0.679818E-02,872.810,872.890,0.563996E-02,99.9908,0.803059E-01,278.162,0.307165,0.212671,-0.330819E-01,0.375065,0.519285E-14,0.561950E-14,0.375065,1.35444,138.019,34.6975,-5.06025,-9999,0.356300E-01,0.165609,0.870024,2.31028,0.662059E-01,-0.101935,0,-9999,-9999,-9999,-9999,-9999,-9999,-9999,0.136521E-02,1.12085,-6.75736,1.23830,-54.1292,1.21875,-18.7607,1.21913,-1.20725,1.21875,800000099,800000099,800000099,800001199,800001099,810001199,811110199,811110199,80000,80000,80,81,0,0,0,2,9,4,0.115912,0.210301,0.500515E-02,0.595716E-01,0.958398,4736.77,-0.554978E-02,-0.187607E-01,-1.20725,16.0000,0.00000,250.376,64.8517,6.92675,96599.8,1.26674
CH-CHA_201812020700.csv,2018-12-02,09:00,336.375,1,36000,36000,0.163730E-02,1,0.103201E-02,-2.12945,1,0.606454,20.3380,1,9.40826,0.575721,2,0.779153,0.453678,1,0.209869,0.287057,0.255743,-0.980901,0.570482E-02,0.710437E-10,0.141987E-11,19.0973,457.125,459.224,0.250000,1,381.676,9.13604,9.22027,0.250000,1,282.670,278.375,96689.0,1.20587,1010.21,0.239366E-01,0.293983E-01,0.687780E-02,883.591,883.657,0.570358E-02,99.9925,0.662743E-01,278.338,0.508080,0.209066,-0.888074E-01,0.556543,0.527075E-13,0.372009E-14,0.556543,1.42930,167.708,22.3664,-9.18191,-9999,0.368480E-01,0.864117E-01,2.00007,1.00497,-0.104703,-0.474398E-01,0,-9999,-9999,-9999,-9999,-9999,-9999,-9999,0.159457E-02,1.02680,-0.950738,1.05396,18.3202,1.10586,0.441408,1.10604,0.408666,1.10586,800000099,800010099,800000099,800001199,800001199,800011199,811110199,811110199,80000,80000,80,81,0,1,1,3,1,1,0.700396E-01,0.964078E-01,0.637570E-02,0.187290E-01,0.214286,3313.80,-0.780458E-03,0.441408E-03,0.408666,16.0000,0.00000,250.341,64.6285,7.15478,96599.7,1.27002
CH-CHA_201812020700.csv,2018-12-02,09:30,336.396,1,36000,36000,-0.746651E-02,1,0.215813E-02,3.10506,1,1.71298,19.5139,1,7.78434,-0.718549E-01,2,1.06504,0.435412,1,0.173691,0.464973,0.426911,0.637279,0.952562E-02,-0.624704E-10,-0.124091E-11,19.5762,468.468,470.026,0.250000,1,388.860,9.30559,9.39299,0.250000,1,282.920,278.660,96813.0,1.20611,1010.31,0.239305E-01,0.282147E-01,0.700725E-02,901.143,901.342,0.580981E-02,99.9780,0.198295,278.621,0.289609,0.658763,0.181167E-01,0.719840,-0.840325E-13,-0.319114E-14,0.719840,1.86226,128.137,66.2685,1.44215,-9999,0.786803E-01,0.140618,-13.3664,-0.150377,0.159120,0.323865E-01,0,-9999,-9999,-9999,-9999,-9999,-9999,-9999,-0.735487E-02,1.01518,4.14494,1.02136,18.6398,1.02860,-0.442216,1.02864,0.415909,1.02860,800000099,800010099,800000099,800000099,800000099,800010099,810110199,811110199,80100,80100,80,81,15,0,2,1,4,2,0.157146,0.111159,0.129313E-01,0.578874E-01,0.356662E-01,808.799,0.340157E-02,-0.442216E-03,0.415909,16.0000,0.00000,249.773,61.0830,7.50892,96599.9,1.27556
CH-CHA_201812020700.csv,2018-12-02,10:00,336.417,1,36000,36000,-0.550925E-01,1,0.920889E-02,-3.40227,2,1.19497,67.8922,1,24.6300,-48.0799,1,10.9242,1.51553,1,0.549806,0.747021,0.719443,-1.56043,0.160599E-01,0.228793E-09,0.497969E-11,18.4093,440.684,443.890,0.250000,1,400.680,9.59154,9.68443,0.350000,0,283.739,279.118,96941.0,1.20559,1010.47,0.239381E-01,0.982066E-01,0.722026E-02,930.063,930.416,0.598899E-02,99.9620,0.353558,279.077,0.184229,0.416497,0.475553E-01,0.457899,0.158290E-12,0.124281E-13,0.457899,2.23770,126.116,66.1387,5.96122,-9999,0.213769,0.317511,244.897,0.820752E-02,-0.501128E-01,-0.130647E-01,0,41.7575,-6.33687,14.3340,35.6937,54.4352,76.3461,114.380,-0.540080E-01,1.02008,0.554661,1.02437,65.8688,1.02356,-47.4448,1.02358,1.47037,1.02356,800000099,800000099,800000099,800001199,800001099,800111099,800110199,811110199,81000,81000,80,81,1,0,2,5,16,10,0.437279,0.176527,0.212151E-01,0.121796,1.09719,3370.59,0.455307E-03,-0.474448E-01,1.47037,16.0000,0.00000,249.583,59.8915,7.85838,96614.6,1.28297
CH-CHA_201812020700.csv,2018-12-02,10:30,336.437,0,36000,36000,-0.554533E-01,0,0.696796E-02,-8.57043,0,1.62949,-8.43403,2,23.5519,10.5604,1,7.31691,-0.188308,2,0.525846,0.343749,0.364862,-0.916566E-01,0.814633E-02,-0.732931E-10,-0.162541E-11,18.3191,439.050,442.599,0.200000,0,406.259,9.73676,9.83249,0.250000,1,283.403,279.329,96898.0,1.20408,1010.56,0.239669E-01,-0.122023E-01,0.732079E-02,943.725,944.087,0.608000E-02,99.9617,0.361585,279.288,1.01327,1.83911,0.956204E-01,2.10195,-0.850117E-13,-0.400091E-14,2.10195,5.13790,127.512,61.1471,2.60735,-9999,0.214603,0.432417,98.3323,0.204409E-01,1.01617,-0.328210E-01,0,26.0450,-3.95243,8.94041,22.2629,33.9523,47.6186,71.3413,-0.548586E-01,1.01084,-8.82582,1.02341,-7.21565,1.09388,10.1504,1.09404,-0.161105,1.09388,800000099,800000199,800000099,800001199,800001199,800001199,800010199,800010199,80000,80000,80,81,8,2,2,0,28,41,0.557404,0.237205,0.702266E-01,0.344678E-01,1.65634,8293.42,-0.725338E-02,0.101504E-01,-0.161105,16.0000,0.00000,249.728,60.7988,7.76983,96659.7,1.28377
CH-CHA_201812020700.csv,2018-12-02,11:00,336.458,1,36000,36000,-0.280977E-01,2,0.602477E-02,-0.461002,2,0.935418,-16.5589,2,41.4209,11.6176,0,8.05844,-0.369767,2,0.924949,0.253685,0.292708,-1.11904,0.653630E-02,-0.135248E-09,-0.318007E-11,17.4531,419.065,421.626,0.300000,0,410.374,9.85349,9.95155,0.250000,1,283.615,279.485,96774.0,1.20181,1010.63,0.240110E-01,-0.239609E-01,0.739495E-02,953.818,954.308,0.615316E-02,99.9486,0.490514,279.442,0.932169,1.71018,0.725488E-01,1.94909,0.273410E-12,-0.774920E-14,1.94909,6.44767,124.777,61.4065,2.13315,-9999,0.152903,0.787279,660.619,0.304260E-02,0.278402E-01,-0.248233E-02,0,-9999,-9999,-9999,-9999,-9999,-9999,-9999,-0.278154E-01,1.01015,-1.34907,1.02169,-15.1919,1.07759,10.9455,1.07773,-0.339243,1.07759,800000099,800000099,800000099,800001199,800001099,800101099,800010199,800110199,80000,80000,80,81,8,5,3,5,30,16,1.14107,0.367537,0.659390E-01,0.561590E-01,1.21440,17477.9,-0.111073E-02,0.109455E-01,-0.339243,16.0000,0.00000,251.765,73.5290,7.76449,96682.8,1.28610
CH-CHA_201812020700.csv,2018-12-02,11:30,336.479,1,36000,36000,-0.277854E-01,1,0.736391E-02,1.58616,0,1.79472,-71.3916,0,37.6699,16.0618,0,8.24469,-1.59511,0,0.841661,0.962957,0.995527,0.632879,0.222431E-01,-0.224985E-09,-0.535894E-11,17.8976,430.385,432.630,0.450000,0,426.304,10.2513,10.3575,0.300000,0,284.395,280.078,96834.0,1.19983,1010.85,0.240470E-01,-0.103363,0.768200E-02,992.944,994.059,0.640257E-02,99.8879,1.11434,280.026,1.09056,1.38924,0.621119E-01,1.76725,-0.222872E-12,-0.125707E-13,1.76725,6.38696,133.040,51.8681,2.01414,-9999,0.152177,0.774363,-189.377,-0.106137E-01,-0.222178E-01,0.859394E-02,0,-9999,-9999,-9999,-9999,-9999,-9999,-9999,-0.275010E-01,1.01034,-2.33929,1.02185,-65.7948,1.07529,15.4961,1.07542,-1.47006,1.07529,800000099,800000099,800000099,800001199,800001099,800101099,800010199,800010199,81000,81000,80,81,13,5,0,12,18,0,0.877223,0.591035,0.804670E-01,0.621121E-01,0.688978,6774.15,-0.192875E-02,0.154961E-01,-1.47006,16.0000,0.00000,250.251,64.0668,8.16299,96631.0,1.29409
CH-CHA_201812020700.csv,2018-12-02,12:00,336.500,1,36000,36000,-0.109493E-01,0,0.214836E-02,-5.23788,1,3.02126,20.7663,2,31.9773,-4.44250,1,5.11682,0.464112,2,0.714668,0.468322,0.450576,0.980078,0.100700E-01,0.504858E-11,0.117580E-12,18.6507,447.891,449.425,0.250000,1,434.368,10.4312,10.5412,0.100000,0,285.788,280.366,97064.0,1.20136,1010.96,0.240147E-01,0.300745E-01,0.782731E-02,1012.77,1013.89,0.651536E-02,99.8896,1.11933,280.315,0.743726,0.932041,0.572446E-01,1.19378,-0.447344E-13,0.270691E-15,1.19378,2.99351,134.863,51.4117,2.74853,-9999,0.954676E-01,0.164049,14.1839,0.141710,-0.252230,-0.451743E-01,0,-9999,-9999,-9999,-9999,-9999,-9999,-9999,-0.107991E-01,1.01391,-3.97409,1.02863,19.0625,1.09370,-3.98910,1.09386,0.426032,1.09370,800000099,800000099,800000099,800000099,800000099,800000099,800010199,811110199,80100,80100,80,80,13,3,1,3,13,1,0.140701,0.159982,0.274164E-01,0.134773,0.602184,11247.9,-0.327213E-02,-0.398910E-02,0.426032,16.0000,0.00000,249.604,60.0233,8.75411,96623.7,1.30361
CH-CHA_201812020700.csv,2018-12-02,12:30,336.521,1,36000,36000,-0.189579E-01,1,0.421404E-02,9.48125,1,4.41817,-66.3517,1,43.4760,7.11941,1,5.32964,-1.48324,1,0.971871,0.377564,0.369997,-0.453242,0.827098E-02,0.890060E-11,0.214092E-12,18.3281,439.802,442.290,0.250000,1,440.858,10.5788,10.6919,0.250000,1,286.434,280.598,97220.0,1.20223,1011.05,0.239960E-01,-0.961140E-01,0.794426E-02,1028.75,1030.11,0.660793E-02,99.8679,1.36078,280.543,0.703482,1.02534,0.441176E-01,1.24425,0.129894E-12,0.485626E-15,1.24425,3.25535,133.574,55.5461,2.03198,-9999,0.125575,0.438327,-17.8540,-0.112580,-0.142894,0.621161E-01,0,-9999,-9999,-9999,-9999,-9999,-9999,-9999,-0.187376E-01,1.01176,5.53722,1.01990,-63.4955,1.04256,6.96544,1.04263,-1.41939,1.04256,800000099,800000099,800000099,800000099,800000099,800000099,800110199,800110199,81000,81000,80,81,5,0,7,2,12,3,0.395612,0.442060,0.389806E-01,0.195393,0.440880,14500.5,0.455547E-02,0.696544E-02,-1.41939,16.0000,0.00000,248.674,54.2120,8.96130,96623.8,1.30945
CH-CHA_201812020700.csv,2018-12-02,13:00,336.542,1,36000,35989,-0.286758E-01,0,0.425015E-02,-6.62278,1,4.25746,47.8129,0,36.9739,-16.3997,0,10.3298,1.06855,0,0.826318,-0.421649,-0.444030,-1.21494,-0.992347E-02,-0.954510E-10,-0.237455E-11,17.4314,418.125,420.739,0.250000,1,433.644,10.4018,10.5111,0.250000,1,285.355,280.339,97167.0,1.20277,1010.94,0.239869E-01,0.692422E-01,0.781426E-02,1010.98,1012.01,0.649691E-02,99.8981,1.03124,280.289,1.21013,1.15222,0.782913E-01,1.67277,-0.159772E-12,-0.547581E-14,1.67277,4.18245,144.876,43.5959,2.68262,-9999,0.154407,0.354481,47.4970,0.423185E-01,-0.138515,-0.352749E-01,0,-9999,-9999,-9999,-9999,-9999,-9999,-9999,-0.283725E-01,1.01069,-3.86737,1.02246,44.2657,1.07741,-15.3199,1.07755,0.989280,1.07741,800000099,800000099,800000099,800001199,800001199,800001199,800010199,800010199,80100,80100,80,81,3,8,4,0,15,9,0.290679,0.365912,0.523696E-01,0.300314,1.88288,13995.6,-0.318059E-02,-0.153199E-01,0.989280,16.0000,0.00000,250.860,67.8766,8.64963,96600.2,1.30223
CH-CHA_201812021300.csv,2018-12-02,13:30,336.562,1,36000,36000,-0.164420E-01,0,0.217076E-02,-7.20632,1,1.04192,67.8759,1,34.5643,-16.0878,1,6.58105,1.51695,1,0.772469,0.814140E-02,0.229510E-02,1.49520,0.512927E-04,0.599181E-10,0.140134E-11,18.5466,444.797,446.971,0.250000,1,433.759,10.4027,10.5121,0.150000,0,284.390,280.344,97186.0,1.20298,1010.94,0.239827E-01,0.982981E-01,0.781634E-02,1011.27,1012.36,0.649748E-02,99.8922,1.09132,280.293,1.18552,1.01521,0.634842E-01,1.56210,0.132758E-12,0.323068E-14,1.56210,3.24998,145.468,40.5748,2.32916,-9999,0.116909,0.195768,18.9497,0.106070,-0.106169,-0.506851E-01,0,-9999,-9999,-9999,-9999,-9999,-9999,-9999,-0.162520E-01,1.01169,-3.37674,1.02449,62.1256,1.08780,-15.0473,1.08795,1.38843,1.08780,800000099,800010099,800000099,800001199,800001199,800001199,800010199,801110199,80100,80100,80,81,1,5,1,3,14,2,0.206209,0.155018,0.303091E-01,0.219304E-01,1.22698,15752.3,-0.277660E-02,-0.150473E-01,1.38843,16.0000,0.00000,249.603,60.0200,8.62061,96600.2,1.30166
CH-CHA_201812021300.csv,2018-12-02,14:00,336.583,1,36000,36000,-0.443366E-01,0,0.460100E-02,-3.98672,0,1.69259,-25.7205,1,126.797,-7.11885,2,16.6368,-0.574865,1,2.83398,0.128507,0.160270,-2.38810,0.358211E-02,-0.575150E-11,-0.149691E-12,16.7518,402.155,405.661,0.200000,0,435.989,10.4667,10.5774,0.250000,1,284.476,280.423,97116.0,1.20175,1010.98,0.240067E-01,-0.372512E-01,0.785652E-02,1016.75,1017.85,0.653759E-02,99.8921,1.09826,280.372,1.62934,1.62660,0.886142E-01,2.30400,-0.297396E-13,-0.343336E-15,2.30400,4.72087,141.684,44.9519,2.20419,-9999,0.192077,0.314363,151.831,0.132384E-01,0.155002,-0.170838E-01,0,-9999,-9999,-9999,-9999,-9999,-9999,-9999,-0.438591E-01,1.01089,-5.26699,1.02374,-22.9402,1.09951,-6.08503,1.09968,-0.512724,1.09951,800000099,800000199,800000099,800001199,800001099,800001199,800010199,800010199,81000,81000,80,80,3,27,3,0,15,6,0.289415,0.255749,0.835632E-01,0.570040E-01,5.85209,76802.1,-0.433519E-02,-0.608503E-02,-0.512724,16.0000,0.00000,251.813,73.8300,8.54075,96599.9,1.30171
CH-CHA_201812021300.csv,2018-12-02,14:30,336.604,1,36000,36000,-0.545661E-01,0,0.547648E-02,-18.2541,0,2.97322,96.5612,1,57.9953,-2.39782,1,7.22868,2.15893,1,1.29667,0.586526,0.653927,1.27493,0.146206E-01,-0.525603E-10,-0.132691E-11,17.6792,424.948,427.572,0.400000,0,446.321,10.7281,10.8444,0.250000,1,284.757,280.784,97120.0,1.20013,1011.13,0.240366E-01,0.139899,0.804270E-02,1042.19,1043.28,0.670152E-02,99.8950,1.09545,280.733,1.62118,1.51142,0.958001E-01,2.21851,0.440254E-13,-0.297300E-14,2.21851,5.34716,144.238,42.9935,2.47493,-9999,0.213229,0.354106,45.3696,0.443028E-01,-0.189042,-0.705468E-01,0,24.0526,-3.65008,8.25649,20.5598,31.3550,43.9759,65.8839,-0.539490E-01,1.01144,-12.6962,1.02482,87.2035,1.10769,-2.13768,1.10788,1.94971,1.10769,800000099,800000199,800000099,800001199,800001099,800001099,800010199,800010199,80100,80100,80,80,5,5,4,23,17,3,0.312631,0.311039,0.845420E-01,0.655237E-01,1.90263,19689.1,-0.104626E-01,-0.213768E-02,1.94971,16.0000,0.00000,250.204,63.7738,8.78192,96598.2,1.30741
CH-CHA_201812021300.csv,2018-12-02,15:00,336.625,1,36000,36000,-0.329148E-01,1,0.622448E-02,-11.9921,1,7.50981,-6.00245,2,17.5365,1.65736,2,3.31989,-0.134260,2,0.392250,0.714466,0.779722,0.955159,0.174405E-01,0.348052E-09,0.869279E-11,18.3783,442.036,443.315,0.250000,1,459.008,11.0401,11.1633,0.250000,1,286.327,281.224,97210.0,1.19922,1011.32,0.240520E-01,-0.870006E-02,0.827132E-02,1073.49,1075.04,0.689724E-02,99.8562,1.54591,281.168,0.980559,1.13374,0.561761E-01,1.50001,0.225077E-12,0.189382E-13,1.50001,4.67979,140.538,49.1438,2.14626,-9999,0.165671,0.432899,32.4152,0.620080E-01,1.99786,-0.596845E-01,0,-9999,-9999,-9999,-9999,-9999,-9999,-9999,-0.325189E-01,1.01218,-12.0211,1.02545,-4.77699,1.09162,2.16429,1.09177,-0.106850,1.09162,800000099,800000099,800000099,800000199,800001099,800001099,800010199,800110199,81100,81100,80,81,1,1,2,3,13,26,0.555322,0.254108,0.563697E-01,0.421035,0.122090,3458.86,-0.991193E-02,0.216429E-02,-0.106850,16.0000,0.00000,250.692,66.8252,9.20193,96599.4,1.31548
CH-CHA_201812021300.csv,2018-12-02,15:30,336.646,1,36000,36000,-0.336731E-01,1,0.651465E-02,-10.0615,1,2.65570,102.473,1,32.6975,-52.0833,1,17.0505,2.29216,1,0.731388,0.585313E-01,0.255636E-01,-4.30482,0.571815E-03,0.422683E-10,0.127923E-11,15.2000,365.122,367.064,0.250000,1,460.021,11.0503,11.1738,0.250000,1,287.974,281.260,97347.0,1.20075,1011.32,0.240212E-01,0.148532,0.828958E-02,1076.00,1077.67,0.690365E-02,99.8447,1.67363,281.202,0.312279,0.818472,0.525579E-01,0.877597,-0.313579E-12,0.278081E-14,0.877597,3.25598,108.410,69.1162,3.43341,-9999,0.167462,0.438961,39.9408,0.503244E-01,-0.981865E-01,-0.494775E-01,0,-9999,-9999,-9999,-9999,-9999,-9999,-9999,-0.333015E-01,1.01116,-3.99997,1.02096,98.0325,1.03993,-50.4547,1.03999,2.19282,1.03993,800000099,800000099,800000099,800001199,800001099,800101099,800110199,810110199,80000,80000,80,81,0,1,3,0,12,5,0.507246,0.348590,0.220864E-01,0.161355,4.59854,8475.78,-0.329394E-02,-0.504547E-01,2.19282,16.0000,0.00000,253.978,87.3629,9.50534,96599.9,1.31981
CH-CHA_201812021300.csv,2018-12-02,16:00,336.667,0,36000,36000,-0.145864E-01,1,0.315671E-02,-8.12994,1,8.95377,-124.210,0,42.6807,28.2224,0,20.2060,-2.77763,0,0.954441,-0.455922,-0.523950,1.63491,-0.117167E-01,0.284632E-09,0.782616E-11,16.4393,394.288,397.052,0.250000,1,452.011,10.8413,10.9601,0.250000,1,286.200,280.980,97399.0,1.20269,1011.19,0.239845E-01,-0.179990,0.814523E-02,1056.21,1057.33,0.677253E-02,99.8946,1.11442,280.929,0.768234,1.19637,0.566996E-01,1.42292,-0.104021E-12,0.173141E-13,1.42292,4.31742,131.124,57.2940,2.28369,-9999,0.110128,0.367365,14.0634,0.142924,0.654530E-01,-0.607018E-01,0,-9999,-9999,-9999,-9999,-9999,-9999,-9999,-0.143069E-01,1.01953,-14.0242,1.04072,-103.637,1.18088,25.1517,1.18119,-2.31757,1.18088,800000099,800000099,800000099,800001199,800001099,800101099,800110199,810110199,81100,81100,80,81,7,3,5,5,14,2,0.409609,0.289127,0.359941E-01,1.24644,9.75538,21350.5,-0.115316E-01,0.251517E-01,-2.31757,16.0000,0.00000,252.935,80.8420,9.46089,96600.6,1.31638
CH-CHA_201812021300.csv,2018-12-02,16:30,336.687,0,36000,36000,-0.487543E-01,0,0.571321E-02,-14.0588,0,3.99771,-4.01405,2,39.2558,-5.93631,1,10.4040,-0.897547E-01,2,0.877766,-0.167500,-0.142729,2.22784,-0.319144E-02,0.200233E-09,0.497456E-11,18.0755,434.083,436.956,0.250000,1,449.065,10.7843,10.9018,0.250000,1,284.596,280.877,97240.0,1.20119,1011.16,0.240149E-01,-0.581611E-02,0.809214E-02,1048.94,1049.93,0.673677E-02,99.9063,0.983780,280.828,1.21386,1.82190,0.985033E-01,2.19146,0.541364E-13,0.110776E-13,2.19146,4.83750,130.494,56.3259,2.57625,-9999,0.201465,0.318808,49.7306,0.404177E-01,3.50241,-0.574534E-01,0,24.2976,-3.68726,8.34059,20.7693,31.6744,44.4238,66.5550,-0.481833E-01,1.01185,-13.9217,1.02566,-2.82048,1.11439,-4.62273,1.11459,-0.630664E-01,1.11439,800000099,800000199,800000099,800001199,800001099,800001099,800010199,800010199,81100,81100,80,80,2,1,1,0,33,11,0.338117,0.225946,0.735527E-01,0.115192,2.37447,12979.6,-0.114619E-01,-0.462273E-02,-0.630664E-01,16.0000,0.00000,250.316,64.4780,9.05755,96608.2,1.31166
CH-CHA_201812021300.csv,2018-12-02,17:00,336.708,0,36000,36000,-0.361065E-01,0,0.509998E-02,-14.1687,0,4.11344,-19.5388,1,55.1952,-4.81208,1,6.50053,-0.437007,1,1.23450,0.454830,0.522452,0.795109E-01,0.116852E-01,-0.498917E-10,-0.125939E-11,18.1137,435.504,437.909,0.250000,1,457.235,10.9932,11.1154,0.200000,0,285.075,281.157,97224.0,1.19970,1011.29,0.240428E-01,-0.283180E-01,0.823937E-02,1069.09,1070.15,0.686786E-02,99.9012,1.05731,281.107,1.17495,1.39309,0.813978E-01,1.82424,-0.625272E-13,-0.275436E-14,1.82424,4.54538,135.877,49.8552,2.55740,-9999,0.173483,0.274186,31.5049,0.637997E-01,0.725160,-0.673175E-01,0,-9999,-9999,-9999,-9999,-9999,-9999,-9999,-0.356559E-01,1.01264,-14.8319,1.02690,-16.5778,1.11443,-3.47141,1.11463,-0.370780,1.11443,800000099,800000199,800000099,800001199,800001199,800001199,800010199,800110199,81100,81100,80,80,5,14,2,0,32,6,0.273667,0.204204,0.705009E-01,0.120994,5.20511,25313.8,-0.122250E-01,-0.347141E-02,-0.370780,16.0000,0.00000,250.979,68.6174,9.18608,96603.5,1.31585
CH-CHA_201812021300.csv,2018-12-02,17:30,336.729,0,36000,36000,-0.102551E-01,1,0.181847E-02,-8.04099,0,2.21285,17.1018,1,27.0366,4.60646,0,3.89612,0.382583,1,0.604835,0.365572,0.393238,-0.506613,0.879710E-02,0.673539E-11,0.176113E-12,17.7405,426.446,429.909,0.450000,0,463.868,11.1505,11.2762,0.250000,1,285.355,281.382,97321.0,1.19987,1011.38,0.240381E-01,0.247914E-01,0.835891E-02,1085.47,1086.65,0.696654E-02,99.8916,1.17793,281.331,0.845013,0.813986,0.448261E-01,1.17415,0.379449E-13,0.379662E-15,1.17415,2.59010,143.968,43.9286,2.18794,-9999,0.924495E-01,0.160300,8.40752,0.239072,-0.470184,-0.716734E-01,0,-9999,-9999,-9999,-9999,-9999,-9999,-9999,-0.100776E-01,1.01762,-6.87111,1.03646,15.3611,1.13269,4.29073,1.13292,0.343643,1.13269,800000099,800000099,800000099,800001199,800001099,800011099,801110199,811110199,81000,81000,80,80,0,8,3,1,6,0,0.171051,0.125818,0.237302E-01,0.100689,0.712204,9854.33,-0.566215E-02,0.429073E-02,0.343643,16.0000,0.00000,249.944,62.1491,9.46002,96608.9,1.32069
CH-CHA_201812021300.csv,2018-12-02,18:00,336.750,0,36000,36000,0.258993E-02,2,0.242319E-02,-12.4340,1,2.56913,-28.1707,2,23.7213,4.24528,1,2.15168,-0.630263,2,0.530716,0.156089,0.148394,-0.364038,0.332002E-02,-0.155714E-09,-0.415658E-11,17.4822,419.942,421.224,0.250000,1,466.666,11.2098,11.3369,0.250000,1,285.454,281.478,97423.0,1.20069,1011.41,0.240211E-01,-0.408410E-01,0.840932E-02,1092.39,1093.76,0.700375E-02,99.8750,1.36719,281.424,0.203313,1.07697,0.199324E-01,1.09617,-0.692903E-13,-0.890698E-14,1.09617,2.63215,109.244,79.3094,1.04190,-9999,0.464440E-01,0.202718,0.689875,2.91357,0.441379,-0.220456,0,-9999,-9999,-9999,-9999,-9999,-9999,-9999,0.236112E-02,1.09691,-11.5097,1.18999,-17.1783,1.57735,3.26032,1.57835,-0.384329,1.57735,800000099,800000099,800000099,800001199,800001099,800101199,811110199,811110199,81000,81000,80,80,3,1,4,2,7,1,0.207260,0.179557,0.186191E-01,0.135968,0.636772,9965.73,-0.947779E-02,0.326032E-02,-0.384329,16.0000,0.00000,254.331,89.5705,9.73561,96616.8,1.32283
CH-CHA_201812021300.csv,2018-12-02,18:30,336.771,0,36000,36000,-0.197444E-01,1,0.525309E-02,-5.48958,0,1.48554,-25.9873,2,26.6983,5.32487,1,2.92892,-0.581338,2,0.597243,-0.221361,-0.270594,0.992052,-0.605322E-02,0.116459E-09,0.295421E-11,18.2390,437.648,439.905,0.150000,0,462.667,11.1018,11.2264,0.100000,0,285.694,281.342,97481.0,1.20203,1011.35,0.239952E-01,-0.376707E-01,0.833726E-02,1082.50,1083.70,0.693597E-02,99.8898,1.19424,281.290,0.717091,0.500640,0.472572E-01,0.875838,0.294284E-12,0.638517E-14,0.875838,4.33289,158.045,34.9210,3.09299,-9999,0.128164,0.599456,32.8491,0.611889E-01,0.211241,-0.352337E-01,0,-9999,-9999,-9999,-9999,-9999,-9999,-9999,-0.194905E-01,1.01303,-6.79954,1.02564,-23.9579,1.05881,5.54542,1.05891,-0.535941,1.05881,800000099,800000099,800000099,800000099,810000099,810101199,810110199,811110199,80000,80000,80,81,12,2,1,0,0,0,0.523065,0.650508,0.253386E-01,0.461347E-01,0.358160,8976.84,-0.559323E-02,0.554542E-02,-0.535941,16.0000,0.00000,253.771,86.0712,9.61576,96604.8,1.32214
CH-CHA_201812021300.csv,2018-12-02,19:00,336.792,0,36000,35989,-0.423450E-02,1,0.114434E-02,-2.03120,0,0.554352,10.7072,2,9.81043,1.72415,2,1.46715,0.239472,2,0.219415,-0.353773,-0.432964,1.15785,-0.968344E-02,-0.725126E-11,-0.172931E-12,19.1304,458.279,462.071,0.250000,1,456.230,10.9292,11.0500,0.250000,1,285.714,281.125,97567.0,1.20410,1011.24,0.239556E-01,0.155178E-01,0.822126E-02,1066.62,1067.82,0.682772E-02,99.8876,1.20023,281.073,0.409870,0.447585,0.221440E-01,0.607302,-0.201302E-12,-0.379044E-15,0.607302,1.82738,142.935,47.5185,2.08963,-9999,0.593021E-01,0.163576,8.80000,0.228409,-0.189704,-0.281296E-01,0,-9999,-9999,-9999,-9999,-9999,-9999,-9999,-0.416562E-02,1.01654,-1.37201,1.03216,10.1147,1.05897,1.63152,1.05907,0.226221,1.05897,800000099,800000099,800000099,800000099,800000099,800100099,811110199,811110199,81100,81100,80,81,5,1,5,12,9,0,0.169223,0.147813,0.101157E-01,0.261864E-01,0.285599,1997.18,-0.112677E-02,0.163152E-02,0.226221,16.0000,0.00000,250.786,67.4135,9.64275,96600.7,1.32140
CH-CHA_201812021900.csv,2018-12-02,19:30,336.812,0,36000,36000,0.394021E-02,2,0.508057E-02,-0.604688,2,4.14063,60.3547,2,39.5796,7.82360,1,4.54067,1.35009,2,0.885363,0.283679,0.307095,-0.238618,0.686945E-02,0.437521E-10,0.106498E-11,18.9530,454.027,457.986,0.150000,0,461.342,11.0516,11.1752,0.250000,1,285.795,281.299,97628.0,1.20405,1011.32,0.239554E-01,0.874856E-01,0.831339E-02,1079.24,1080.54,0.690451E-02,99.8801,1.29556,281.246,0.184953,0.566612,0.152418E-01,0.596229,-0.145493E-12,0.230845E-14,0.596229,2.03261,113.136,71.9224,1.46485,-9999,0.572054E-01,0.193915,26.5467,0.757155E-01,-0.100189E-01,-0.868082E-02,0,-9999,-9999,-9999,-9999,-9999,-9999,-9999,0.387450E-02,1.01696,2.87781,1.02241,58.2165,1.02589,7.06090,1.02593,1.30225,1.02589,800000099,800000099,800000099,800000099,800001099,800111099,810110199,811110199,81100,81100,80,81,7,12,6,6,3,4,0.256673,0.113426,0.177295E-01,0.164423,0.373429,12972.8,0.236336E-02,0.706090E-02,1.30225,16.0000,0.00000,249.666,60.4142,9.74267,96608.5,1.32496
CH-CHA_201812021900.csv,2018-12-02,20:00,336.833,0,36000,36000,-0.720152E-02,0,0.134099E-02,-2.99452,1,2.69662,8.93493,1,8.97266,3.12875,0,1.48209,0.199845,1,0.200688,-0.194161,-0.233509,0.470798,-0.522281E-02,0.485907E-10,0.115155E-11,19.3182,462.409,465.173,0.250000,1,457.823,10.9587,11.0801,0.250000,1,284.936,281.180,97664.0,1.20505,1011.26,0.239365E-01,0.129499E-01,0.824997E-02,1070.55,1071.83,0.684618E-02,99.8814,1.27118,281.127,0.811138,0.466478,0.458804E-01,0.936831,0.156571E-13,0.251528E-14,0.936831,2.80922,159.573,29.9028,2.80713,-9999,0.773054E-01,0.122324,13.2324,0.151900,-0.335148,-0.317870E-01,0,-9999,-9999,-9999,-9999,-9999,-9999,-9999,-0.709774E-02,1.01462,-2.42233,1.02951,8.35435,1.07918,2.96960,1.07932,0.186859,1.07918,800000099,800000099,800000099,800001199,800101199,800101199,810110199,811110199,81100,81100,80,80,18,12,2,1,5,1,0.102576,0.126125,0.159464E-01,0.312447,0.177707,1601.94,-0.198776E-02,0.296960E-02,0.186859,16.0000,0.00000,252.431,77.6962,9.66092,96602.1,1.32097
CH-CHA_201812021900.csv,2018-12-02,20:30,336.854,0,36000,36000,-0.108205E-01,1,0.288246E-02,-8.21340,1,3.34321,28.6134,2,48.1759,-6.51434,1,12.1170,0.639985,2,1.07753,0.326221E-02,0.126334E-01,-1.99749,0.282566E-03,-0.505985E-10,-0.129967E-11,17.8266,426.835,429.765,0.300000,0,457.894,10.9637,11.0852,0.250000,1,284.717,281.182,97635.0,1.20468,1011.26,0.239437E-01,0.414710E-01,0.825125E-02,1070.73,1071.97,0.684933E-02,99.8840,1.24349,281.130,0.762447,0.734532E-01,0.391917E-01,0.766979,0.386299E-13,-0.283837E-14,0.766979,2.61469,184.448,5.50282,2.92902,-9999,0.947738E-01,0.395290,8.88762,0.226157,-0.287048,-0.711374E-01,0,-9999,-9999,-9999,-9999,-9999,-9999,-9999,-0.106418E-01,1.01680,-6.39013,1.03366,26.6650,1.07971,-5.88984,1.07985,0.596408,1.07971,800000099,800000099,800000099,800001199,800001099,800101199,810110199,811110199,81000,81000,80,81,6,5,1,0,8,43,0.257219,0.517411,0.159484E-01,0.261812,4.82303,38300.4,-0.524532E-02,-0.588984E-02,0.596408,16.0000,0.00000,252.603,78.7672,9.59376,96600.2,1.32018
CH-CHA_201812021900.csv,2018-12-02,21:00,336.875,0,36000,36000,-0.137879E-01,1,0.256201E-02,-4.40452,0,2.08446,14.1232,0,28.8589,11.0651,0,8.86075,0.315916,0,0.645534,0.151608,0.181881,1.49959,0.406844E-02,0.487054E-10,0.118513E-11,18.9317,453.557,455.942,0.250000,1,460.656,11.0362,11.1593,0.250000,1,284.600,281.275,97611.0,1.20395,1011.31,0.239575E-01,0.204714E-01,0.830102E-02,1077.54,1078.77,0.689482E-02,99.8859,1.23088,281.223,0.801194,0.991070,0.574571E-01,1.27571,0.869101E-13,0.257269E-14,1.27571,3.20687,136.286,51.0475,2.58144,-9999,0.107015,0.191744,23.8564,0.842540E-01,-0.311865,-0.338035E-01,0,-9999,-9999,-9999,-9999,-9999,-9999,-9999,-0.136197E-01,1.01235,-3.52872,1.02539,13.1687,1.08075,10.3297,1.08089,0.294566,1.08075,800000099,800000199,800000099,800001199,800001099,800111099,811110199,811110199,80100,80100,80,81,1,5,2,0,17,11,0.233038,0.122638,0.278126E-01,0.139204,3.02972,16230.3,-0.289817E-02,0.103297E-01,0.294566,16.0000,0.00000,250.933,68.3332,9.63494,96599.7,1.32094
CH-CHA_201812021900.csv,2018-12-02,21:30,336.896,0,36000,36000,-0.136437E-01,1,0.305637E-02,-7.00747,0,2.90006,-9999,-9999,-9999,3.95780,1,9.10932,-9999,-9999,-9999,0.381133,-1851.83,-1.02012,-41.4321,0.680287E-10,-9999,18.1558,435.363,435.363,0.250000,1,-9999,-9999,-9999,-9999,1,284.910,281.509,97604.0,1.20278,1011.42,0.239792E-01,-9999,0.842793E-02,1094.93,1096.06,0.700703E-02,99.8967,1.13223,281.459,0.392334,0.857781,0.299614E-01,0.943723,0.953020E-13,0.374694E-14,0.943723,3.00077,125.394,65.4215,1.81934,-9999,0.106506,0.192453,14.7819,0.135977,-9999,-0.540843E-01,0,-9999,-9999,-9999,-9999,-9999,-9999,-9999,-0.134428E-01,1.01495,-6.80173,1.03025,-9999,-9999,3.99742,1.08303,-9999,-9999,800000099,800000199,800000099,800001199,800001099,800111099,810110199,811110199,80000,80000,80,81,17,7,1,0,28,13,0.210651,0.151732,0.225240E-01,0.134770,3.74570,-9999,-0.559117E-02,0.399742E-02,-9999,16.0000,0.00000,252.282,76.7602,9.82340,96599.8,1.32468
CH-CHA_201812021900.csv,2018-12-02,22:00,336.917,0,36000,36000,-0.177754E-01,0,0.291040E-02,-13.1182,0,3.06530,33.3381,1,41.4089,12.1674,0,9.15205,0.745960,1,0.926547,0.144916,0.166326,0.104622,0.372164E-02,-0.842482E-10,-0.217379E-11,18.2277,437.229,440.467,0.250000,1,470.314,11.2814,11.4102,0.250000,1,285.117,281.598,97603.0,1.20236,1011.45,0.239870E-01,0.483382E-01,0.847506E-02,1101.40,1102.70,0.704869E-02,99.8822,1.29898,281.545,0.498631,1.24750,0.523042E-01,1.34448,0.337935E-12,-0.462199E-14,1.34448,3.47565,116.352,68.2132,2.22953,-9999,0.121589,0.273554,11.7483,0.171089,-0.393491,-0.887161E-01,0,-9999,-9999,-9999,-9999,-9999,-9999,-9999,-0.175066E-01,1.01535,-10.9677,1.03199,30.0730,1.12284,11.1655,1.12305,0.672899,1.12284,800000099,800000199,800000099,800001199,800001099,800001099,800000199,800110199,80100,80100,80,81,1,5,0,0,16,10,0.207430,0.306506,0.331713E-01,0.153907,2.88827,21856.1,-0.901854E-02,0.111655E-01,0.672899,16.0000,0.00000,250.964,68.5273,9.93122,96600.5,1.32695
CH-CHA_201812021900.csv,2018-12-02,22:30,336.937,0,36000,36000,-0.672942E-02,1,0.102467E-02,-0.832859E-01,1,1.56705,-46.2582,1,45.1453,8.70272,2,9.75988,-1.03500,1,1.01010,-0.814637E-01,-0.105626,0.270214,-0.236332E-02,0.876477E-10,0.222849E-11,18.4402,442.047,445.522,0.100000,0,468.852,11.2393,11.3671,0.250000,1,285.042,281.548,97647.0,1.20314,1011.43,0.239720E-01,-0.670682E-01,0.844871E-02,1097.78,1098.96,0.702225E-02,99.8922,1.18468,281.497,0.799493,0.206273,0.287010E-01,0.826173,-0.679925E-13,0.475308E-14,0.826173,2.10504,172.422,14.4671,1.99084,-9999,0.747879E-01,0.122287,430.756,0.466621E-02,0.180046E-02,-0.915143E-03,0,-9999,-9999,-9999,-9999,-9999,-9999,-9999,-0.662593E-02,1.01562,-2.60743,1.03131,-42.4638,1.07699,8.50861,1.07712,-0.950106,1.07699,800000099,800001199,800000099,800001199,800001199,800101199,811110199,811110199,81100,81100,80,81,2,9,2,0,12,11,0.141790,0.944112E-01,0.837317E-02,0.793115E-01,6.00270,51769.9,-0.214271E-02,0.850861E-02,-0.950106,16.0000,0.00000,251.528,72.0519,9.98675,96600.8,1.32694
CH-CHA_201812021900.csv,2018-12-02,23:00,336.958,0,36000,36000,-0.154338E-02,2,0.626844E-03,1.29584,2,0.332071,-22.8795,1,24.4590,8.88947,1,5.32923,-0.511930,1,0.547271,0.407621E-01,0.252394E-01,0.980888,0.564733E-03,-0.400031E-10,-0.979297E-12,19.1834,459.524,461.957,0.100000,0,469.619,11.2494,11.3774,0.450000,0,285.131,281.573,97728.0,1.20402,1011.44,0.239542E-01,-0.331731E-01,0.846254E-02,1099.67,1100.83,0.702856E-02,99.8950,1.15587,281.522,0.592793,0.380836,0.282836E-01,0.705152,0.799005E-13,-0.208530E-14,0.705152,1.89710,154.613,32.7185,2.29875,-9999,0.358029E-01,0.687333E-01,-3.03927,-0.661342,-0.566375E-01,0.297208E-01,0,-9999,-9999,-9999,-9999,-9999,-9999,-9999,-0.152543E-02,1.01177,-0.352911E-01,1.02099,-21.9951,1.03211,8.77017,1.03216,-0.492140,1.03211,800000099,800000199,800000099,800001199,800001099,800101199,811110199,811110199,81000,81000,80,81,8,3,0,0,10,3,0.810678E-01,0.494867E-01,0.691223E-02,0.132868,3.66941,20484.5,-0.289797E-04,0.877017E-02,-0.492140,16.0000,0.00000,251.688,73.0510,10.1107,96602.1,1.32767
CH-CHA_201812021900.csv,2018-12-02,23:30,336.979,0,36000,36000,0.255653E-02,2,0.982102E-03,-9.06279,1,1.48718,52.6958,1,19.4502,0.127892,2,1.77064,1.17913,1,0.435222,0.913056E-01,0.996003E-01,-0.170745,0.222868E-02,-0.882311E-12,-0.218201E-13,19.0559,456.482,458.733,0.250000,1,471.265,11.2891,11.4180,0.250000,1,285.449,281.629,97745.0,1.20397,1011.46,0.239548E-01,0.764078E-01,0.849220E-02,1103.75,1105.02,0.705348E-02,99.8850,1.27077,281.577,0.711676,0.381355,0.277592E-01,0.807889,0.313885E-13,-0.463012E-16,0.807889,2.00544,164.237,28.1848,1.96908,-9999,0.460805E-01,0.109389,0.926646,2.16911,-0.171983,-0.161502,0,-9999,-9999,-9999,-9999,-9999,-9999,-9999,0.241960E-02,1.05659,-5.76931,1.11374,40.2324,1.30883,0.711008E-01,1.30936,0.900248,1.30883,800000099,800000099,800000099,800001199,800001199,800101199,811110199,811110199,81000,81000,80,80,0,0,5,0,6,1,0.127375,0.867632E-01,0.463922E-02,0.175958,3.36513,24305.1,-0.473760E-02,0.711008E-04,0.900248,16.0000,0.00000,252.467,77.9188,10.1163,96604.7,1.32903
CH-CHA_201812021900.csv,2018-12-03,00:00,337.000,0,36000,36000,-0.135203E-01,0,0.221688E-02,-1.96777,2,4.44483,70.2263,1,32.9631,-14.4890,1,8.56764,1.57182,1,0.737786,0.452830,0.544079,-0.307561,0.121777E-01,-0.737971E-10,-0.188279E-11,18.8080,450.996,453.430,0.250000,1,479.849,11.5063,11.6402,0.250000,1,285.835,281.907,97743.0,1.20266,1011.58,0.239790E-01,0.101854,0.864687E-02,1124.96,1126.02,0.718978E-02,99.9058,1.06071,281.858,0.884639,0.971115,0.571101E-01,1.31488,0.814893E-13,-0.392371E-14,1.31488,2.93506,137.090,47.6680,2.48935,-9999,0.106028,0.165183,51.9899,0.386614E-01,-0.280204E-01,-0.152549E-01,0,-9999,-9999,-9999,-9999,-9999,-9999,-9999,-0.133660E-01,1.01155,2.03762,1.01990,66.5732,1.04458,-14.4451,1.04465,1.49005,1.04458,800000099,800000199,800000099,800001199,800001099,800001099,800100199,800100199,81100,81100,80,80,8,7,7,0,11,0,0.177822,0.127442,0.251026E-01,0.608484,3.36125,14957.0,0.167486E-02,-0.144451E-01,1.49005,16.0000,0.00000,251.678,72.9891,10.1967,96600.5,1.33335
CH-CHA_201812021900.csv,2018-12-03,00:30,337.021,0,36000,36000,-0.250447E-01,1,0.552020E-02,-2.88971,1,7.43976,-33.3725,1,31.2034,13.6509,1,6.72352,-0.747105,1,0.698546,0.354863,0.425727,-0.445984,0.953067E-02,0.235394E-09,0.620389E-11,18.4633,443.036,445.447,0.250000,1,486.606,11.6764,11.8143,0.450000,0,286.261,282.125,97751.0,1.20175,1011.68,0.239955E-01,-0.484124E-01,0.876864E-02,1141.68,1142.73,0.729654E-02,99.9080,1.05132,282.076,1.05169,0.599234,0.512833E-01,1.21151,-0.387857E-13,0.127493E-13,1.21151,2.97585,150.227,29.6738,2.42606,-9999,0.144361,0.399993,89.3659,0.224918E-01,0.865895E-01,-0.164643E-01,0,-9999,-9999,-9999,-9999,-9999,-9999,-9999,-0.247678E-01,1.01118,-4.68333,1.02257,-30.8805,1.06215,13.3090,1.06225,-0.691316,1.06215,800000099,800000199,800000099,800001199,800001099,800011099,801100199,801100199,80000,80000,80,81,2,12,2,2,7,1,0.626295,0.149961,0.237305E-01,1.24088,3.16580,16026.3,-0.385208E-02,0.133090E-01,-0.691316,16.0000,0.00000,252.312,76.9512,10.4587,96604.2,1.33696
CH-CHA_201812021900.csv,2018-12-03,01:00,337.042,0,36000,35989,-0.377660E-01,1,0.553168E-02,-1.00257,2,6.36285,42.5211,1,30.0346,8.27619,2,8.01751,0.952079,1,0.672496,0.296028,0.362307,0.704105E-01,0.811232E-02,0.700153E-09,0.186289E-10,18.5005,444.294,446.157,0.250000,1,492.242,11.8213,11.9627,0.100000,0,286.539,282.307,97734.0,1.20070,1011.77,0.240152E-01,0.616947E-01,0.887020E-02,1155.65,1156.86,0.738750E-02,99.8958,1.20544,282.256,0.465599,0.455108,0.495738E-01,0.652965,0.235107E-12,0.378451E-13,0.652965,2.57948,121.753,44.3472,4.35414,-9999,0.177350,0.337901,477.541,0.420907E-02,-0.235782E-01,-0.465338E-02,0,-9999,-9999,-9999,-9999,-9999,-9999,-9999,-0.371691E-01,1.01606,1.46872,1.02187,40.9728,1.02709,7.69840,1.02712,0.917410,1.02709,800000099,800000199,800000099,800001199,800001099,800101099,811100199,811100199,80000,80000,80,81,1,2,0,0,17,1,0.441875,0.215632,0.182934E-01,1.01107,2.97166,12805.0,0.120899E-02,0.769840E-02,0.917410,16.0000,0.00000,252.551,78.4412,10.5668,96599.9,1.33969
CH-CHA_201812030100.csv,2018-12-03,01:30,337.062,0,36000,36000,-0.578566E-01,1,0.928396E-02,-6.41164,1,4.54314,-9999,-9999,-9999,9.48357,1,8.38443,-9999,-9999,-9999,-0.319200,1663.97,0.554731,37.2504,-0.321092E-09,-9999,18.9370,454.190,454.190,0.250000,1,-9999,-9999,-9999,-9999,1,286.329,282.111,97792.0,1.20232,1011.68,0.239843E-01,-9999,0.876079E-02,1140.60,1141.65,0.728654E-02,99.9080,1.05032,282.062,0.738737,0.616919,0.585889E-01,0.964237,-0.351550E-12,-0.169558E-13,0.964237,3.70830,136.998,39.8653,3.48355,-9999,0.219364,0.545424,141.361,0.142190E-01,-9999,-0.240293E-01,0,43.8280,-6.65106,15.0447,37.4635,57.1342,80.1315,120.052,-0.572417E-01,1.01074,-6.28334,1.02042,-9999,-9999,9.44673,1.04136,-9999,-9999,800000099,800000199,800000099,800001199,800001099,800101199,800100199,800100199,81100,81100,80,81,11,15,0,1,10,2,0.919599,0.151272,0.199773E-01,0.894371,3.77960,-9999,-0.516569E-02,0.944673E-02,-9999,16.0000,0.00000,252.427,77.6691,10.5910,96609.4,1.33829
CH-CHA_201812030100.csv,2018-12-03,02:00,337.083,0,36000,36000,-0.373023E-01,0,0.514956E-02,-2.43279,0,3.57417,13.7348,2,21.0993,-5.80481,2,8.57085,0.307616,2,0.472558,0.784930,0.978069,-0.964287,0.219057E-01,0.114365E-10,0.315445E-12,18.1781,436.950,439.152,0.250000,1,501.395,12.0521,12.1991,0.250000,1,287.006,282.594,97744.0,1.19950,1011.90,0.240371E-01,0.199335E-01,0.903513E-02,1178.34,1179.44,0.753240E-02,99.9066,1.10159,282.545,1.70733,0.935198,0.740815E-01,1.94809,-0.110027E-12,0.629134E-15,1.94809,4.29271,159.795,28.7119,2.17936,-9999,0.176346,0.398948,193.499,0.103876E-01,-0.177127,-0.113658E-01,0,-9999,-9999,-9999,-9999,-9999,-9999,-9999,-0.369308E-01,1.01006,-1.62518,1.02149,12.7583,1.07600,-5.39925,1.07613,0.285747,1.07600,800000099,800000099,800000099,800001199,800001099,800011099,800000199,800000199,81100,81100,80,81,4,8,2,0,12,9,0.488886,0.253605,0.554056E-01,1.26225,3.16043,17184.3,-0.133894E-02,-0.539925E-02,0.285747,16.0000,0.00000,253.087,81.7911,10.6392,96581.5,1.34335
CH-CHA_201812030100.csv,2018-12-03,02:30,337.104,0,36000,36000,-0.667184E-01,0,0.811201E-02,-17.8140,0,9.16929,76.6722,2,59.3214,13.2872,1,13.9501,1.71724,2,1.32863,0.243702E-01,0.311530E-01,0.414608,0.697739E-03,-0.127733E-09,-0.346798E-11,18.4816,444.364,446.028,0.200000,0,501.779,12.0646,12.2119,0.200000,0,287.286,282.609,97723.0,1.19918,1011.91,0.240436E-01,0.111277,0.904206E-02,1179.30,1180.63,0.754024E-02,99.8877,1.32585,282.557,0.872523,1.76107,0.813878E-01,1.96705,-0.631902E-14,-0.691136E-14,1.96705,4.65259,126.321,63.6438,2.37132,-9999,0.235874,0.658933,63.2268,0.317903E-01,-0.232339,-0.622378E-01,0,26.2724,-3.98694,9.01848,22.4573,34.2488,48.0344,71.9643,-0.660033E-01,1.01083,-13.2383,1.02322,70.5631,1.08996,12.3694,1.09011,1.58041,1.08996,800000099,800000099,800000099,800001199,800001099,800011099,800010199,800010199,81000,81000,80,80,3,0,1,0,6,6,0.688195,0.546655,0.830149E-01,0.739153,2.86253,23239.8,-0.109096E-01,0.123694E-01,1.58041,16.0000,0.00000,252.798,79.9852,10.7040,96584.4,1.34371
CH-CHA_201812030100.csv,2018-12-03,03:00,337.125,0,36000,36000,-0.283230E-01,0,0.564194E-02,-10.6224,2,8.70065,107.003,1,58.0958,3.74617,2,17.4996,2.39740,1,1.30163,0.586286,0.702558,0.310626,0.157408E-01,-0.190271E-09,-0.522117E-11,18.7046,449.922,452.251,0.250000,1,513.268,12.3462,12.5005,0.250000,1,288.363,282.970,97805.0,1.19852,1012.07,0.240541E-01,0.155351,0.924908E-02,1207.84,1209.61,0.771708E-02,99.8541,1.76482,282.913,0.781286,-0.325104,0.361804E-01,0.847000,0.167541E-13,-0.101724E-13,0.847000,3.43898,210.973,337.407,2.44819,-9999,0.153726,0.268519,29.3714,0.684340E-01,-0.992714E-01,-0.569660E-01,0,-9999,-9999,-9999,-9999,-9999,-9999,-9999,-0.280014E-01,1.01148,-4.27384,1.02161,102.186,1.04115,3.11768,1.04122,2.28948,1.04115,800000099,800000199,800000099,800001199,800001099,800101099,800100199,811110199,81100,81100,80,81,6,2,9,0,11,3,0.271298,0.233799,0.319394E-01,1.30138,5.11556,20306.5,-0.352339E-02,0.311768E-02,2.28948,16.0000,0.00000,251.732,73.3229,10.9753,96599.8,1.34762
CH-CHA_201812030100.csv,2018-12-03,03:30,337.146,0,36000,36000,-0.168127E-01,0,0.303051E-02,17.1461,1,10.5325,-9999,-9999,-9999,-17.7709,0,19.6444,-9999,-9999,-9999,-0.476267,2447.22,1.52623,54.8144,-0.191952E-09,-9999,19.8571,477.203,477.203,0.250000,1,-9999,-9999,-9999,-9999,1,287.222,282.677,97794.0,1.19974,1011.94,0.240319E-01,-9999,0.907982E-02,1184.51,1186.04,0.756817E-02,99.8711,1.52881,282.623,1.21348,0.583072,0.686426E-01,1.34804,0.394323E-13,-0.966667E-14,1.34804,3.55001,160.179,25.6641,2.91878,-9999,0.118379,0.207768,-8.30828,-0.241927,-9999,0.119302,0,-9999,-9999,-9999,-9999,-9999,-9999,-9999,-0.166223E-01,1.01146,16.8115,1.01990,-9999,-9999,-17.9446,1.04561,-9999,-9999,800000099,800000199,800000099,800001199,800001099,800101199,800010199,800110199,81100,81100,80,81,3,11,5,1,9,3,0.199240,0.184835,0.314612E-01,1.14623,7.93138,-9999,0.138474E-01,-0.179446E-01,-9999,16.0000,0.00000,253.474,84.2097,10.9206,96599.7,1.34522
CH-CHA_201812030100.csv,2018-12-03,04:00,337.167,0,36000,36000,-0.138929E-01,0,0.266246E-02,-3.05789,2,4.28030,-9999,-9999,-9999,-11.2663,0,15.8411,-9999,-9999,-9999,-0.232143,97.0531,0.882322,2.17356,0.319780E-10,-9999,20.3500,493.106,493.106,0.250000,1,-9999,-9999,-9999,-9999,1,287.789,282.533,96940.0,1.18987,1011.93,0.242313E-01,-9999,0.899806E-02,1173.25,1174.61,0.756222E-02,99.8844,1.35784,282.481,0.899116,1.01150,0.682240E-01,1.35506,0.761386E-13,0.157140E-14,1.35506,2.88962,140.552,48.3663,2.88592,-9999,0.108055,0.178802,35.2078,0.570896E-01,-9999,-0.235033E-01,0,-9999,-9999,-9999,-9999,-9999,-9999,-9999,-0.137298E-01,1.01188,-2.98470,1.02452,-9999,-9999,-10.2656,1.07966,-9999,-9999,800000099,800000099,800000099,800001199,800001099,800101099,800000199,800010199,81000,81000,80,80,2,1,2,0,8,1,0.164293,0.164386,0.289248E-01,0.801827,5.35645,-9999,-0.247886E-02,-0.102656E-01,-9999,16.0000,0.00000,253.494,84.3382,10.7707,96600.2,1.34330
CH-CHA_201812030100.csv,2018-12-03,04:30,337.187,0,36000,36000,-0.264671E-01,0,0.407353E-02,-36.1700,1,12.1416,5.22391,2,5.54809,-7.61900,2,1.48326,0.116991,2,0.124251,-0.161189E-01,-0.127055E-01,-1.80046,-0.284545E-03,-0.194719E-09,-0.511238E-11,19.0081,460.651,462.203,0.100000,0,499.061,12.0945,12.2425,0.100000,0,287.522,282.523,96924.0,1.18972,1011.92,0.242344E-01,0.758104E-02,0.899308E-02,1172.56,1173.82,0.755900E-02,99.8928,1.25833,282.472,0.748261,1.02695,0.699256E-01,1.27256,0.279180E-12,-0.102440E-13,1.27256,3.04711,130.539,53.9221,3.14991,-9999,0.149153,0.195394,7.82746,0.256788,-6.92393,-0.201431,0,-9999,-9999,-9999,-9999,-9999,-9999,-9999,-0.259669E-01,1.01926,-34.5236,1.04000,6.48492,1.16123,-4.86571,1.16150,0.145232,1.16123,800000099,800000099,800000099,800000099,800000099,800010099,800010199,810110199,80100,80100,80,81,7,5,0,0,17,8,0.234854,0.127102,0.288320E-01,1.75165,0.215214,2110.65,-0.286764E-01,-0.486571E-02,0.145232,16.0000,0.00000,254.207,88.7915,10.7040,96599.0,1.34291
CH-CHA_201812030100.csv,2018-12-03,05:00,337.208,0,36000,36000,-0.164163E-01,1,0.456247E-02,-11.9321,1,7.67242,-8.98363,2,24.7593,34.8909,0,20.9166,-0.201194,2,0.554499,0.177371E-01,0.105659E-01,-0.375051,0.236631E-03,-0.230208E-09,-0.613629E-11,18.7359,453.893,455.521,0.100000,0,499.413,12.0987,12.2469,0.250000,1,287.884,282.534,96962.0,1.19014,1011.92,0.242259E-01,-0.130374E-01,0.899943E-02,1173.43,1174.69,0.756167E-02,99.8932,1.25456,282.483,-0.398827,0.789651,0.387618E-01,0.885502,-0.145061E-13,-0.122870E-13,0.885502,3.31085,69.6111,116.797,2.50886,-9999,0.117447,0.353476,11.5877,0.173459,1.32821,-0.843591E-01,0,-9999,-9999,-9999,-9999,-9999,-9999,-9999,-0.161486E-01,1.01658,-12.0351,1.03361,-7.41497,1.09143,32.6490,1.09159,-0.166062,1.09143,800000099,800000099,800000099,800001199,800001099,800101099,800110199,811110199,80000,80000,80,81,1,2,2,0,12,16,0.427305,0.248181,0.314647E-01,0.547235,5.45886,7070.64,-0.999318E-02,0.326490E-01,-0.166062,16.0000,0.00000,253.489,84.3080,10.7636,96599.5,1.34410
CH-CHA_201812030100.csv,2018-12-03,05:30,337.229,0,36000,36000,-0.246250E-01,1,0.433342E-02,1.63578,2,7.46280,88.7409,1,32.5268,-26.9215,1,8.43828,1.98721,1,0.728385,-0.169482,-0.233592,0.366025,-0.523090E-02,0.273502E-09,0.713007E-11,19.0277,460.482,462.156,0.250000,1,496.043,12.0046,12.1504,0.250000,1,287.160,282.429,97027.0,1.19142,1011.87,0.242006E-01,0.128771,0.893870E-02,1165.08,1166.41,0.750256E-02,99.8860,1.32971,282.377,0.485866,-0.453161E-02,0.364051E-01,0.487249,0.514315E-13,0.143739E-13,0.487249,1.69296,189.934,359.466,4.28489,-9999,0.143766,0.180486,-155.109,-0.129586E-01,0.184332E-01,0.943798E-02,0,-9999,-9999,-9999,-9999,-9999,-9999,-9999,-0.241593E-01,1.01927,6.73740,1.02386,85.5195,1.02396,-27.2738,1.02399,1.91507,1.02396,800000099,800000099,800000099,800001199,800101099,800101099,811100199,811110199,80000,80000,80,81,0,6,5,0,5,1,0.224625,0.129869,0.647777E-02,1.15081,2.51743,12651.3,0.558859E-02,-0.272738E-01,1.91507,16.0000,0.00000,252.824,80.1505,10.9117,96599.5,1.34421
CH-CHA_201812030100.csv,2018-12-03,06:00,337.250,0,36000,36000,-0.231213E-01,1,0.352455E-02,-12.9425,2,6.27517,-33.2248,1,17.8687,13.1919,1,2.98296,-0.743733,1,0.399988,-0.641396,-0.775904,0.255913,-0.173685E-01,0.141618E-09,0.356027E-11,19.2368,465.084,467.886,0.250000,1,483.613,11.6922,11.8306,0.250000,1,287.770,282.032,96986.0,1.19273,1011.70,0.241768E-01,-0.481939E-01,0.871470E-02,1134.29,1135.58,0.730649E-02,99.8863,1.29115,281.980,0.319751,0.553792,0.443985E-01,0.641013,-0.844327E-13,0.736181E-14,0.641013,1.78112,124.886,59.9985,3.97166,-9999,0.139230,0.285328,17.8001,0.112921,0.389544,-0.770359E-01,0,-9999,-9999,-9999,-9999,-9999,-9999,-9999,-0.227698E-01,1.01544,-14.4374,1.02987,-30.3281,1.05561,13.5165,1.05570,-0.678890,1.05561,800000099,800000099,800000099,800000099,800000099,800000099,811110199,811110199,81000,81000,80,81,0,0,3,0,1,0,0.241528,0.324277,0.485179E-02,1.06065,0.320777,6188.69,-0.119646E-01,0.135165E-01,-0.678890,16.0000,0.00000,249.384,58.6509,10.4979,96598.3,1.33777
CH-CHA_201812030100.csv,2018-12-03,06:30,337.271,0,36000,36000,-0.227414E-02,1,0.553172E-03,-0.132055,0,3.47560,9.34242,1,4.25085,1.48932,2,0.665396,0.209145,1,0.951621E-01,0.134106,0.147329,-0.137438,0.329821E-02,-0.988198E-10,-0.251027E-11,19.1358,462.612,465.936,0.250000,1,486.098,11.7515,11.8913,0.450000,0,286.485,282.115,97021.0,1.19279,1011.72,0.241752E-01,0.135526E-01,0.875949E-02,1140.45,1141.96,0.734372E-02,99.8676,1.51196,282.060,0.640679,0.114713,0.312567E-01,0.651618,0.701162E-13,-0.516413E-14,0.651618,1.70109,180.243,10.1512,2.74941,-9999,0.436643E-01,0.114235,53.8247,0.373434E-01,-0.141349E-01,-0.250612E-02,0,-9999,-9999,-9999,-9999,-9999,-9999,-9999,-0.223815E-02,1.01608,0.408844,1.02188,8.99759,1.02706,1.36304,1.02709,0.201426,1.02706,800000099,800000099,800000099,800000099,800001199,800111199,811110199,811110199,81100,81100,80,81,1,0,2,1,0,0,0.661277E-01,0.158706,0.363628E-02,2.07423,0.233778,1530.05,0.338791E-03,0.136304E-02,0.201426,16.0000,0.00000,250.949,68.4321,10.6051,96600.6,1.33897
CH-CHA_201812030100.csv,2018-12-03,07:00,337.292,0,36000,35988,-0.602474E-02,1,0.120012E-02,-4.98930,1,3.29685,-0.270578,2,0.151358,-1.86251,2,1.68399,-0.605772E-02,2,0.338862E-02,0.108295,0.119832,0.876207,0.268280E-02,-0.526220E-10,-0.129803E-11,19.7946,478.362,481.456,0.250000,1,488.274,11.7998,11.9407,0.250000,1,289.936,282.182,97080.0,1.19321,1011.75,0.241663E-01,-0.392540E-03,0.879869E-02,1145.83,1147.14,0.737399E-02,99.8855,1.31348,282.130,0.335172,0.224993,0.372488E-01,0.405400,-0.504870E-13,-0.265840E-14,0.405400,1.55403,153.216,33.8725,5.27186,-9999,0.710577E-01,0.909973E-01,6.14244,0.327232,18.4394,-0.581619E-01,0,-9999,-9999,-9999,-9999,-9999,-9999,-9999,-0.588882E-02,1.02308,-4.78974,1.04495,0.490155E-01,1.06169,-1.47834,1.06180,0.109736E-02,1.06169,800000099,800000099,800000099,800000099,800000099,800100099,811110199,811110199,81100,81100,80,81,2,13,3,5,8,0,0.592991E-01,0.117906,0.478936E-02,0.494000,0.169099,18.1506,-0.396754E-02,-0.147834E-02,0.109736E-02,16.0000,0.00000,250.371,64.8206,10.7991,96622.6,1.34039
CH-CHA_201812030700.csv,2018-12-03,07:30,337.312,0,36000,36000,-0.750407E-02,1,0.156716E-02,-4.88036,0,1.21934,-6.70632,0,17.8533,6.96980,0,3.48823,-0.150137,0,0.399689,-0.500997E-01,-0.517454E-01,-0.687437,-0.115844E-02,-0.997819E-10,-0.252213E-11,19.2806,466.004,470.205,0.150000,0,487.345,11.7789,11.9193,0.250000,1,290.449,282.151,97056.0,1.19305,1011.74,0.241696E-01,-0.972888E-02,0.878196E-02,1143.52,1144.74,0.736091E-02,99.8934,1.22030,282.100,0.540124,0.689820,0.526767E-01,0.877701,-0.160536E-12,-0.517525E-14,0.877701,2.29229,130.736,51.9393,3.44077,-9999,0.793083E-01,0.127698,8.72916,0.230263,0.727726,-0.509806E-01,0,-9999,-9999,-9999,-9999,-9999,-9999,-9999,-0.736486E-02,1.01890,-5.06231,1.03854,-5.69079,1.10975,6.59140,1.10994,-0.127402,1.10975,800000099,800000099,800000099,800000099,800000099,800100199,800100199,811110199,81000,81000,80,81,11,0,8,8,0,0,0.124924,0.120003,0.104694E-01,0.838751E-01,0.823803,9567.27,-0.419392E-02,0.659140E-02,-0.127402,16.0000,0.00000,249.457,59.1085,10.4790,96614.4,1.33867
CH-CHA_201812030700.csv,2018-12-03,08:00,337.333,0,36000,36000,-0.520458E-01,1,0.764781E-02,-51.7640,1,12.9146,-130.818,2,60.4537,21.4853,1,8.95706,-2.92828,2,1.35322,-0.223090,-0.270570,1.41072,-0.605655E-02,0.312669E-09,0.742611E-11,20.3359,491.357,493.901,0.250000,1,482.993,11.6701,11.8079,0.250000,1,289.613,282.013,97039.0,1.19348,1011.67,0.241620E-01,-0.189752,0.870354E-02,1132.76,1134.12,0.729259E-02,99.8798,1.36321,281.960,-0.863729E-01,0.177419,0.383740E-01,0.201023,-0.639157E-13,0.153752E-13,0.201023,1.38690,74.1802,115.958,11.0049,-9999,0.208826,0.160856,15.0222,0.133802,0.395696,-0.205299,0,48.3072,-7.33081,16.5823,41.2923,62.9734,88.3210,132.321,-0.509218E-01,1.02207,-57.6480,1.03515,-123.230,1.02256,25.4410,1.02260,-2.75843,1.02256,800000099,800000099,800000099,800000099,800000099,800100199,811110199,811110199,80100,80100,80,81,0,4,7,1,4,0,0.224066,0.836095E-01,0.140373E-01,0.863543,0.790362,16928.6,-0.477451E-01,0.254410E-01,-2.75843,16.0000,0.00000,250.888,68.0516,10.5221,96606.4,1.33934
CH-CHA_201812030700.csv,2018-12-03,08:30,337.354,0,36000,36000,-0.120932,1,0.163703E-01,-80.0528,1,21.4250,-65.3107,1,27.6058,57.4350,1,24.7495,-1.46158,1,0.617787,-0.422222,-0.496532,3.04139,-0.111118E-01,-0.797719E-10,-0.167594E-11,22.6130,545.976,546.583,0.250000,1,475.081,11.4705,11.6036,0.250000,1,286.755,281.752,97020.0,1.19444,1011.56,0.241444E-01,-0.947101E-01,0.856096E-02,1113.17,1114.27,0.716735E-02,99.9015,1.09755,281.702,-0.308921E-01,0.296625E-01,0.188165E-01,0.467787E-01,-0.101946E-12,-0.352770E-14,0.467787E-01,1.46762,66.1400,136.163,23.7186,-9999,0.318192,0.206532,34.3575,0.585026E-01,1.22572,-0.208224,0,42.8677,-6.50534,14.7151,36.6427,55.8824,78.3758,117.421,-0.114485,1.05632,-80.2895,1.04612,-58.2103,1.02335,62.1006,1.02335,-1.30268,1.02335,800000099,800000099,800000099,800000099,800000099,800100099,810110199,811110199,81100,81100,80,81,6,0,4,1,1,0,0.229850,0.140705,0.425094E-01,0.650650,1.53748,882.684,-0.664512E-01,0.621006E-01,-1.30268,16.0000,0.00000,252.509,78.1837,10.3526,96608.4,1.33358
CH-CHA_201812030700.csv,2018-12-03,09:00,337.375,1,36000,36000,-0.118820E-01,1,0.346934E-02,-11.9692,1,6.53165,-164.297,2,41.0978,44.7362,1,9.28491,-3.67748,2,0.919895,0.320256,0.363738,-1.98869,0.814158E-02,-0.352186E-10,-0.801806E-12,21.1296,510.255,512.261,0.400000,0,481.048,11.6168,11.7533,0.250000,1,286.461,281.950,97070.0,1.19415,1011.65,0.241489E-01,-0.238301,0.866848E-02,1127.94,1129.30,0.725913E-02,99.8798,1.35742,281.897,0.273248,-0.519663E-01,0.777181E-02,0.278254,0.175629E-13,-0.166679E-14,0.278254,2.30777,195.293,349.232,1.60052,-9999,0.997508E-01,0.213890,7.08247,0.283799,0.728509E-01,-0.993255E-01,0,-9999,-9999,-9999,-9999,-9999,-9999,-9999,-0.115351E-01,1.03008,-20.5006,1.05832,-152.905,1.05708,44.7942,1.05718,-3.42249,1.05708,800000099,800000099,800000099,800000099,800110099,800110099,810110199,811110199,81000,81000,80,81,5,1,4,27,1,0,0.131308,0.285852,0.106207E-01,0.475715,0.950734,10728.4,-0.169699E-01,0.447942E-01,-3.42249,16.0000,0.00000,250.504,65.6519,10.4588,96601.9,1.33681
CH-CHA_201812030700.csv,2018-12-03,09:30,337.396,1,36000,36000,-0.116663E-01,1,0.162164E-02,-10.0498,1,7.11772,13.1933,1,5.00025,-10.4503,1,1.94530,0.295339,1,0.111934,0.191267,0.153792,-4.10549,0.344272E-02,-0.149011E-09,-0.398523E-11,18.1208,436.669,441.648,0.250000,1,484.631,11.6785,11.8165,0.250000,1,287.049,282.068,97317.0,1.19666,1011.68,0.240977E-01,0.191380E-01,0.873305E-02,1136.82,1138.34,0.729786E-02,99.8661,1.52424,282.013,0.316480,0.534573,0.327772E-01,0.622095,-0.541168E-13,-0.822322E-14,0.622095,1.78474,122.115,59.3735,3.02022,-9999,0.987375E-01,0.200886,8.19565,0.245252,-0.761737,-0.840736E-01,0,-9999,-9999,-9999,-9999,-9999,-9999,-9999,-0.114523E-01,1.01869,-8.96318,1.03708,12.7320,1.07417,-9.35123,1.07429,0.285013,1.07417,800000099,800000099,800000099,800000099,800010099,810110199,810110199,811110199,80100,80100,80,81,4,14,16,16,3,21,0.103119,0.291578,0.707461E-02,1.65789,0.162252,573.353,-0.740368E-02,-0.935123E-02,0.285013,16.0000,0.00000,249.000,56.2500,10.8316,96600.6,1.33716
CH-CHA_201812030700.csv,2018-12-03,10:00,337.417,1,36000,36000,-0.730465E-02,0,0.219354E-02,-6.47144,0,5.28778,13.1235,2,11.7382,-3.30763,0,1.99546,0.293894,2,0.262872,0.677935,0.774391,0.794571E-01,0.173421E-01,-0.106451E-09,-0.291323E-11,18.1893,438.092,443.668,0.250000,1,497.782,11.9892,12.1346,0.400000,0,288.459,282.486,97512.0,1.19714,1011.86,0.240851E-01,0.190443E-01,0.897004E-02,1169.40,1170.90,0.749288E-02,99.8723,1.49523,282.432,0.351423,0.338565,0.312001E-01,0.488977,-0.363465E-15,-0.585242E-14,0.488977,1.72131,141.199,43.9324,3.65836,-9999,0.781137E-01,0.953053E-01,6.31131,0.318476,-0.493120,-0.683925E-01,0,-9999,-9999,-9999,-9999,-9999,-9999,-9999,-0.715421E-02,1.02103,-5.48224,1.04127,12.5457,1.06702,-2.89787,1.06713,0.280955,1.06702,800000099,800000099,800000099,800000099,800010099,801010099,811110199,811110199,80100,80100,80,81,4,13,5,5,2,0,0.619841E-01,0.118633,0.999348E-02,0.499100,0.113943,1172.36,-0.452575E-02,-0.289787E-02,0.280955,16.0000,0.00000,249.000,56.2500,11.3259,96600.9,1.34526
CH-CHA_201812030700.csv,2018-12-03,10:30,337.437,1,36000,36000,-0.155453E-02,1,0.139347E-02,7.00850,1,4.70199,20.6583,1,9.24427,-8.72721,1,2.83860,0.463097,1,0.207229,1.68843,2.22097,-0.910950,0.497875E-01,0.443542E-09,0.135545E-10,17.4052,421.677,427.949,0.250000,1,531.898,12.8863,13.0546,0.250000,1,289.722,283.533,97300.0,1.18972,1012.39,0.242271E-01,0.300087E-01,0.958480E-02,1254.18,1256.06,0.805634E-02,99.8503,1.88032,283.475,0.506240,0.529581,-0.211656E-01,0.732927,0.145788E-13,0.254833E-13,0.732927,3.40508,140.601,46.2909,-1.65482,-9999,0.361475E-01,0.622054E-01,-0.576701,-3.48534,0.339258,0.160974,0,-9999,-9999,-9999,-9999,-9999,-9999,-9999,-0.153152E-02,1.01503,8.06464,1.02128,19.3458,1.02891,-9.01862,1.02895,0.433675,1.02891,800000099,800000099,800000099,800000099,800100099,800100199,811110199,811110199,80100,80100,80,80,4,14,0,1,16,1,0.626080E-01,0.394928E-01,0.223096E-01,0.122466,0.871531E-01,385.765,0.669567E-02,-0.901862E-02,0.433675,16.0000,0.00000,248.165,51.0316,12.3114,96603.9,1.36193
CH-CHA_201812030700.csv,2018-12-03,11:00,337.458,1,36000,36000,-0.979036E-02,1,0.316220E-02,5.56943,0,0.888349,12.8272,0,4.63854,-7.05008,0,1.24058,0.287768,0,0.104062,1.27935,1.94824,0.432796E-02,0.437073E-01,-0.770606E-10,-0.249983E-11,17.2392,421.756,428.447,0.250000,1,559.235,13.6817,13.8715,0.250000,1,290.144,284.334,96626.0,1.17780,1012.84,0.244650E-01,0.186473E-01,0.100774E-01,1322.36,1324.84,0.855616E-02,99.8125,2.48408,284.271,0.527834,0.564633,0.259394E-01,0.773364,-0.516826E-14,-0.447008E-14,0.773364,1.79669,136.689,46.9293,1.92212,-9999,0.911726E-01,0.120032,-11.5886,-0.173446,0.434189,0.512077E-01,0,-9999,-9999,-9999,-9999,-9999,-9999,-9999,-0.964958E-02,1.01459,6.20197,1.02104,11.8871,1.02989,-7.23792,1.02993,0.266678,1.02989,800000099,800000099,800000099,800000099,800000099,800000099,811110199,811110199,80100,80100,80,81,8,1,0,6,1,6,0.165914,0.600132E-01,0.141370E-01,0.129334E-01,0.374926E-01,256.865,0.519897E-02,-0.723792E-02,0.266678,16.0000,0.00000,248.000,50.0000,13.2363,96618.9,1.37937
CH-CHA_201812030700.csv,2018-12-03,11:30,337.479,1,36000,36000,-0.724302E-02,0,0.147865E-02,5.34293,0,3.06517,16.8206,0,2.19999,-8.23303,0,1.24180,0.377637,0,0.493917E-01,1.23262,1.75754,-0.699717,0.394582E-01,0.247165E-10,0.870366E-12,16.6660,408.984,415.843,0.250000,1,586.876,14.4019,14.6123,0.250000,1,291.424,285.108,96593.0,1.17388,1013.26,0.245400E-01,0.244709E-01,0.105755E-01,1391.50,1394.44,0.900904E-02,99.7888,2.94506,285.041,0.487423,0.739675,0.481583E-01,0.887141,0.500429E-13,0.148305E-14,0.887141,1.96207,131.061,56.6164,3.11182,-9999,0.785504E-01,0.822407E-01,-7.72452,-0.260210,0.317642,0.571858E-01,0,-9999,-9999,-9999,-9999,-9999,-9999,-9999,-0.714595E-02,1.01358,6.21777,1.02052,15.6536,1.03276,-8.37530,1.03281,0.351436,1.03276,800000099,800000099,800000099,800000099,800000099,800000099,810010199,811110199,80100,80100,80,81,10,6,0,0,1,0,0.734150E-01,0.748597E-01,0.162071E-01,0.364106,0.548122E-01,89.3556,0.522746E-02,-0.837530E-02,0.351436,16.0000,0.00000,248.000,50.0000,14.1693,96597.3,1.39546
CH-CHA_201812030700.csv,2018-12-03,12:00,337.500,1,36000,36000,-0.202854E-01,0,0.426825E-02,9.20128,0,3.19882,25.2070,0,5.99256,-9.63587,0,1.97595,0.566156,0,0.134594,0.693016,0.998265,-0.326691,0.224213E-01,0.812359E-10,0.298571E-11,16.3898,403.009,409.700,0.250000,1,602.383,14.8120,15.0347,0.250000,1,293.177,285.544,96548.0,1.17136,1013.50,0.245889E-01,0.366869E-01,0.108550E-01,1430.45,1435.04,0.926700E-02,99.6798,4.59501,285.460,0.129215,0.777598,0.467867E-01,0.789648,0.180986E-13,0.495649E-14,0.789648,2.62243,105.308,80.5653,3.39677,-9999,0.131597,0.166288,-21.0856,-0.953255E-01,0.365029,0.588964E-01,0,-9999,-9999,-9999,-9999,-9999,-9999,-9999,-0.199969E-01,1.01443,10.4971,1.02095,23.3970,1.03029,-10.0055,1.03033,0.525503,1.03029,800000099,800000099,800000099,800000099,800000099,800000099,800110199,811110199,80100,80100,80,81,3,10,0,9,13,0,0.210231,0.943780E-01,0.279655E-01,0.104994,0.577782E-01,316.744,0.884209E-02,-0.100055E-01,0.525503,16.0000,0.00000,248.000,50.0000,15.0588,96548.7,1.40452
CH-CHA_201812030700.csv,2018-12-03,12:30,337.521,1,36000,36000,-0.160296E-01,0,0.363360E-02,3.80674,1,1.83070,25.3758,0,6.13864,-8.05867,0,1.39569,0.570116,0,0.137916,0.492057,0.737120,-0.242464,0.165608E-01,0.167222E-09,0.634172E-11,16.1858,398.568,405.361,0.250000,1,613.830,15.1153,15.3473,0.250000,1,294.231,285.854,96513.0,1.16953,1013.67,0.246246E-01,0.369435E-01,0.110612E-01,1459.21,1464.54,0.945787E-02,99.6361,5.32947,285.763,-0.229882,0.618177,0.245796E-01,0.659994,0.363113E-14,0.103314E-13,0.659994,2.71474,77.7080,110.399,2.13431,-9999,0.117073,0.171759,-35.8778,-0.560234E-01,0.150014,0.274276E-01,0,-9999,-9999,-9999,-9999,-9999,-9999,-9999,-0.157778E-01,1.01596,5.23057,1.02181,24.0307,1.02724,-8.24292,1.02728,0.539896,1.02724,800000099,800000099,800000099,800000099,800000099,801000099,800110199,811110199,80100,80100,80,81,0,3,3,11,30,0,0.156873,0.155126,0.315194E-01,0.418554E-01,0.219529E-01,217.719,0.441204E-02,-0.824292E-02,0.539896,16.0000,0.00000,248.000,50.0000,15.7216,96508.3,1.41055
CH-CHA_201812030700.csv,2018-12-03,13:00,337.542,1,36000,35989,-0.227568E-01,1,0.710709E-02,7.90541,0,2.29920,39.6626,0,6.38425,-10.5043,0,1.55893,0.891282,0,0.143464,0.344053,0.503717,-0.128698,0.113193E-01,-0.102966E-09,-0.398206E-11,16.0713,396.208,402.771,0.250000,1,621.536,15.3229,15.5613,0.250000,1,294.696,286.071,96474.0,1.16807,1013.80,0.246532E-01,0.577551E-01,0.112001E-01,1478.65,1485.51,0.958850E-02,99.5386,6.85413,285.965,0.129629,0.385087,0.254983E-01,0.407119,-0.616631E-13,-0.640681E-14,0.407119,2.72261,125.561,71.3956,3.59086,-9999,0.139580,0.411378,-29.2713,-0.686679E-01,0.199317,0.478279E-01,0,-9999,-9999,-9999,-9999,-9999,-9999,-9999,-0.222727E-01,1.02173,10.0751,1.02544,37.5451,1.02302,-10.9796,1.02304,0.843698,1.02302,800000099,800000099,800000099,800000099,800000099,800000099,800110199,810110199,80100,80100,80,81,0,0,5,29,25,5,0.424512,0.372009,0.262359E-01,0.563920E-01,0.304733E-01,239.795,0.850802E-02,-0.109796E-01,0.843698,16.0000,0.00000,248.000,50.0000,16.0567,96497.8,1.41481
CH-CHA_201812031300.csv,2018-12-03,13:30,337.562,1,36000,36000,-0.457836E-02,1,0.225053E-02,6.69962,0,2.20483,30.4004,0,7.25600,-7.97930,0,1.27614,0.683243,0,0.163077,0.232900,0.372699,-0.107466,0.837633E-02,-0.206258E-10,-0.809711E-12,15.9792,394.236,400.894,0.250000,1,627.299,15.4766,15.7199,0.250000,1,295.364,286.218,96451.0,1.16713,1013.89,0.246718E-01,0.442741E-01,0.113039E-01,1493.13,1499.86,0.968525E-02,99.5514,6.72837,286.114,0.334477,0.489613,0.205290E-01,0.593310,0.451244E-13,-0.129079E-14,0.593310,1.67413,137.251,55.6613,1.98288,-9999,0.626319E-01,0.935269E-01,-3.12018,-0.644194,0.220379,0.903950E-01,0,-9999,-9999,-9999,-9999,-9999,-9999,-9999,-0.450178E-02,1.01701,8.36524,1.02244,28.6378,1.02584,-8.34882,1.02587,0.643628,1.02584,800000099,800000099,800000099,800000099,800000099,810001099,811110199,811110199,80100,80100,80,81,4,3,1,11,10,4,0.110207,0.655232E-01,0.113229E-01,0.968137E-01,0.394706E-01,646.939,0.706921E-02,-0.834882E-02,0.643628,16.0000,0.00000,248.000,50.0000,16.2047,96484.7,1.41847
CH-CHA_201812031300.csv,2018-12-03,14:00,337.583,1,36000,36000,-0.866068E-02,1,0.188073E-02,7.29840,1,1.46247,-40.2170,1,18.6512,-1.23720,2,0.628566,-0.903473,1,0.419000,-0.718813,-1.04407,0.159092,-0.234550E-01,0.453909E-10,0.171972E-11,16.1234,397.151,403.472,0.250000,1,610.867,15.0468,15.2767,0.250000,1,295.753,285.765,96454.0,1.16921,1013.63,0.246320E-01,-0.585451E-01,0.110078E-01,1451.72,1456.02,0.941479E-02,99.7045,4.30254,285.685,0.121352,0.542378,0.349961E-01,0.556888,-0.808369E-13,0.281522E-14,0.556888,1.68030,112.201,77.3883,3.60297,-9999,0.860658E-01,0.132485,-7.43152,-0.270470,-0.181476,0.715524E-01,0,-9999,-9999,-9999,-9999,-9999,-9999,-9999,-0.851010E-02,1.01769,4.73103,1.02286,-39.2121,1.02513,-1.19569,1.02517,-0.880901,1.02513,800000099,800000099,800000099,800000099,800000099,800000199,811110199,811110199,80000,80000,80,81,1,4,0,5,3,0,0.827126E-01,0.173027,0.923016E-02,0.736531E-01,0.801184E-01,4705.62,0.399193E-02,-0.119569E-02,-0.880901,16.0000,0.00000,248.000,50.0000,15.7172,96486.1,1.40642
CH-CHA_201812031300.csv,2018-12-03,14:30,337.604,1,36000,36000,-0.183851E-01,1,0.391127E-02,-1.04299,2,6.35881,31.3890,1,37.8721,-6.32510,1,5.69107,0.705221,1,0.850878,0.158590,0.256645,1.39060,0.576607E-02,-0.278229E-10,-0.997506E-12,17.1484,422.643,428.314,0.250000,1,614.803,15.1525,15.3857,0.250000,1,296.060,285.865,96432.0,1.16848,1013.70,0.246462E-01,0.456983E-01,0.110787E-01,1461.58,1465.60,0.948131E-02,99.7259,4.01721,285.788,0.393565E-01,0.766554,0.386718E-01,0.768537,0.554560E-13,-0.162248E-14,0.768537,2.64861,94.7452,87.0609,2.88427,-9999,0.125436,0.165821,160.969,0.124869E-01,-0.332278E-01,-0.701980E-02,0,-9999,-9999,-9999,-9999,-9999,-9999,-9999,-0.181199E-01,1.01464,0.847936,1.02106,30.1015,1.02977,-6.38020,1.02981,0.676295,1.02977,800000099,800000099,800000099,800000099,800000099,800000199,811010199,811110199,80100,80100,80,81,8,5,5,0,2,2,0.165682,0.148955,0.170031E-01,0.321364,0.547177,11366.1,0.715867E-03,-0.638020E-02,0.676295,16.0000,0.00000,248.484,53.0267,15.4847,96440.1,1.40595
CH-CHA_201812031300.csv,2018-12-03,15:00,337.625,1,36000,36000,-0.179351E-01,1,0.310937E-02,-8.11781,0,2.98736,-42.8030,1,66.0305,8.60429,0,8.06665,-0.961698,1,1.48357,0.618254E-01,0.951846E-01,-0.441927,0.213861E-02,0.512818E-10,0.187935E-11,16.8127,414.538,419.813,0.250000,1,616.144,15.1918,15.4261,0.200000,0,295.442,285.904,96406.0,1.16799,1013.72,0.246562E-01,-0.623180E-01,0.111029E-01,1464.97,1469.35,0.950599E-02,99.7019,4.38013,285.823,0.763814,-0.596537E-01,0.202140E-01,0.766406,-0.291530E-12,0.305018E-14,0.766406,3.66693,179.334,355.534,1.51136,-9999,0.123917,0.342726,19.9356,0.100825,0.189655,-0.553284E-01,0,-9999,-9999,-9999,-9999,-9999,-9999,-9999,-0.176680E-01,1.01512,-10.3378,1.02992,-38.9008,1.06669,8.81719,1.06680,-0.874024,1.06669,800000099,800000099,800000099,800001199,800101099,810111099,810110199,811110199,80000,80000,80,81,13,0,15,16,9,18,0.301029,0.360968,0.234558E-01,0.165834,1.87164,56775.0,-0.873113E-02,0.881719E-02,-0.874024,16.0000,0.00000,249.706,60.6644,14.8772,96412.1,1.40166
CH-CHA_201812031300.csv,2018-12-03,15:30,337.646,1,36000,36000,-0.794462E-01,0,0.844624E-02,-58.5732,0,11.3948,256.737,0,77.5075,-43.1736,1,19.3559,5.77191,0,1.74251,1.01409,1.33397,2.62981,0.299902E-01,-0.109443E-10,-0.372232E-12,18.7328,462.871,464.967,0.250000,1,637.130,15.7429,15.9948,0.350000,0,294.194,286.545,96415.0,1.16524,1014.05,0.247092E-01,0.374020,0.114811E-01,1518.26,1532.22,0.985295E-02,99.0890,13.9585,286.370,1.93426,-1.47315,0.150356E-01,2.43141,-0.927670E-13,-0.584233E-15,2.43141,6.53577,223.622,322.707,0.354312,-9999,0.261113,0.769472,25.8544,0.777429E-01,-0.228145,-0.189844,0,25.6981,-3.89979,8.82133,21.9663,33.5001,46.9843,70.3911,-0.784206E-01,1.01308,-43.2842,1.02846,225.277,1.14347,-37.2515,1.14372,5.06464,1.14347,800000099,800000099,800000099,800001199,800001099,800001099,800000199,800000199,81100,81100,80,80,14,5,4,0,13,3,0.709407,0.722265,0.107272,0.752646,2.99962,20142.7,-0.366317E-01,-0.372515E-01,5.06464,16.0000,0.00000,250.823,67.6418,13.8399,96424.6,1.39380
CH-CHA_201812031300.csv,2018-12-03,16:00,337.667,0,36000,36000,-0.190243E-01,0,0.246135E-02,-20.9006,0,5.03593,-9999,-9999,-9999,45.2804,1,15.7749,-9999,-9999,-9999,-1.08652,6247.15,0.130327,140.355,-0.572621E-10,-9999,18.8808,465.260,465.260,0.250000,1,-9999,-9999,-9999,-9999,1,291.837,285.860,96447.0,1.16870,1013.68,0.246419E-01,-9999,0.110571E-01,1458.70,1465.12,0.946104E-02,99.5620,6.41722,285.758,1.80783,-0.362512,0.527143E-01,1.84457,-0.339879E-12,-0.303282E-14,1.84457,3.97638,197.814,348.661,1.63763,-9999,0.127586,0.323769,8.45367,0.237767,-9999,-0.138278,0,-9999,-9999,-9999,-9999,-9999,-9999,-9999,-0.186570E-01,1.01969,-20.0698,1.04139,-9999,-9999,37.9594,1.22356,-9999,-9999,800000099,800000099,800000099,800001199,800001199,800001199,800000199,800010199,80000,80000,80,81,4,24,7,0,11,3,0.189486,0.412999,0.450518E-01,0.356582,5.18641,-9999,-0.169410E-01,0.379594E-01,-9999,16.0000,0.00000,251.373,71.0826,13.3745,96481.3,1.38750
CH-CHA_201812031300.csv,2018-12-03,16:30,337.687,0,36000,36000,-0.451683E-01,0,0.493274E-02,-18.5591,0,1.72627,-2.29919,2,11.1978,-8.91023,2,12.7118,-0.516249E-01,2,0.251430,-0.997909,-1.44300,0.131235,-0.324003E-01,-0.111585E-09,-0.346632E-11,19.0147,467.660,470.026,0.150000,0,590.681,14.5276,14.7418,0.250000,1,290.817,285.232,96420.0,1.17121,1013.34,0.245947E-01,-0.334529E-02,0.106441E-01,1401.13,1405.88,0.908812E-02,99.6617,4.75611,285.145,2.14192,0.360880,0.763969E-01,2.17345,-0.353024E-13,-0.586835E-14,2.17345,5.03246,177.373,9.56361,2.01436,-9999,0.196381,0.308642,34.7057,0.579155E-01,8.07204,-0.796288E-01,0,-9999,-9999,-9999,-9999,-9999,-9999,-9999,-0.446048E-01,1.01263,-18.1950,1.02728,-0.730244,1.12775,-6.95377,1.12797,-0.163965E-01,1.12775,800000099,800000099,800000099,800001199,800001199,800001199,800000199,800000199,80100,80100,80,80,15,14,1,1,12,45,0.322968,0.225894,0.684225E-01,0.333391E-01,1.71427,7450.16,-0.153308E-01,-0.695377E-02,-0.163965E-01,16.0000,0.00000,249.977,62.3535,12.9059,96433.3,1.38442
CH-CHA_201812031300.csv,2018-12-03,17:00,337.708,0,36000,36000,-0.329938E-01,0,0.366453E-02,-30.2362,1,5.83959,-69.9129,2,26.2471,12.3474,1,3.99392,-1.56965,2,0.589289,-0.144614,-0.229548,-2.73519,-0.515371E-02,0.557546E-10,0.192689E-11,16.9822,417.629,422.778,0.300000,0,586.908,14.4333,14.6447,0.250000,1,291.593,285.141,96399.0,1.17137,1013.28,0.245922E-01,-0.101713,0.105761E-01,1391.73,1397.48,0.902882E-02,99.5889,5.74503,285.043,1.89191,-0.236891,0.488104E-01,1.90731,0.183869E-12,0.328312E-14,1.90731,3.93491,193.503,352.863,1.46643,-9999,0.167830,0.326697,13.2942,0.151193,0.432484,-0.151788,0,-9999,-9999,-9999,-9999,-9999,-9999,-9999,-0.324406E-01,1.01705,-32.7488,1.03612,-56.0283,1.18812,12.2179,1.18844,-1.25792,1.18812,800000099,800000099,800000099,800000099,800000099,800000099,800000199,800000199,81000,81000,80,81,5,7,5,0,1,1,0.246473,0.356337,0.505841E-01,0.372368,0.228802,4812.92,-0.275913E-01,0.122179E-01,-1.25792,16.0000,0.00000,248.830,55.1889,12.4991,96408.9,1.38868
CH-CHA_201812031300.csv,2018-12-03,17:30,337.729,0,36000,36000,-0.309648E-01,1,0.529473E-02,-34.0009,0,7.91749,42.7991,1,12.2718,-0.667818,2,1.06160,0.961200,1,0.275605,0.506355,0.500659,-0.564995,0.112440E-01,0.813817E-10,0.292516E-11,16.5416,407.282,413.442,0.300000,0,594.567,14.6393,14.8568,0.300000,0,291.616,285.460,96391.0,1.16987,1013.40,0.246217E-01,0.622858E-01,0.107141E-01,1411.47,1427.14,0.915835E-02,98.9020,15.6700,285.257,2.25309,-0.984893,0.295494E-01,2.45913,-0.865657E-13,0.491982E-14,2.45913,5.80781,211.213,336.388,0.688496,-9999,0.162692,0.556943,10.7693,0.186642,-0.794429,-0.176280,0,-9999,-9999,-9999,-9999,-9999,-9999,-9999,-0.303983E-01,1.01864,-30.6514,1.03972,35.9648,1.24656,0.483180,1.24698,0.807712,1.24656,800000099,800000099,800000099,800000099,800010099,800110099,800000199,800000199,80100,80100,80,80,7,19,17,16,6,1,0.556182,0.460835,0.968678E-01,0.690199,0.969482E-01,707.736,-0.258542E-01,0.483180E-03,0.807712,16.0000,0.00000,248.000,50.0000,12.4143,96409.2,1.39871
CH-CHA_201812031300.csv,2018-12-03,18:00,337.750,0,36000,36000,-0.523513E-01,0,0.556177E-02,-31.9383,0,6.84255,-15.1285,2,20.2785,11.2826,0,5.57374,-0.339746,2,0.455401,-0.841021E-01,-0.769561,-0.766514E-02,-0.172823E-01,-0.796223E-10,-0.280101E-11,16.5317,407.141,413.174,0.300000,0,581.563,14.3227,14.5308,0.250000,1,292.573,285.407,96349.0,1.16972,1013.23,0.246279E-01,-0.220155E-01,0.104798E-01,1380.35,1422.18,0.895922E-02,97.0588,41.8290,284.919,2.60519,-0.446529,0.595479E-01,2.64385,-0.432555E-13,-0.481634E-14,2.64385,5.57647,197.152,350.274,1.29059,-9999,0.211555,0.520035,25.1987,0.797660E-01,2.11113,-0.127380,0,22.1861,-3.36683,7.61578,18.9644,28.9218,40.5633,60.7712,-0.515973E-01,1.01461,-31.7469,1.03178,-10.5804,1.17828,11.0147,1.17859,-0.237608,1.17828,800000099,800000099,800000099,800000099,800001199,800101199,800000199,800000199,81000,81000,80,80,20,5,6,3,5,0,0.464846,0.473700,0.101524,0.459799,0.312009,4675.02,-0.267864E-01,0.110147E-01,-0.237608,16.0000,0.00000,248.076,50.4720,12.3270,96354.7,1.39724
CH-CHA_201812031300.csv,2018-12-03,18:30,337.771,0,36000,36000,-0.442966E-01,0,0.656424E-02,-27.4924,0,2.68551,-13.1777,2,86.4768,6.95106,2,14.8732,-0.295962,2,1.94221,0.145882,-0.509218,2.81507,-0.114367E-01,0.895921E-10,0.275625E-11,18.6141,458.745,462.978,0.300000,0,572.652,14.1130,14.3151,0.250000,1,293.049,285.499,96313.0,1.16900,1013.11,0.246450E-01,-0.191784E-01,0.103192E-01,1359.63,1430.81,0.882738E-02,95.0257,71.1726,284.690,1.91372,-0.785209,0.645360E-01,2.06955,-0.748150E-13,0.481313E-14,2.06955,5.42123,208.175,337.691,1.78698,-9999,0.194660,0.562501,22.7986,0.881634E-01,2.08627,-0.119252,0,-9999,-9999,-9999,-9999,-9999,-9999,-9999,-0.436877E-01,1.01394,-27.4016,1.02988,-9.52421,1.14640,7.50038,1.14665,-0.213907,1.14640,800000099,800000099,800000099,800000099,800000099,800101199,800000199,800100199,80100,80100,80,81,17,12,7,0,3,0,0.471845,0.576868,0.762886E-01,0.957364E-01,3.11505,39271.3,-0.231370E-01,0.750038E-02,-0.213907,16.0000,0.00000,248.697,54.3545,12.8073,96315.2,1.39550
CH-CHA_201812031300.csv,2018-12-03,19:00,337.792,0,36000,35989,-0.206129E-01,1,0.368015E-02,-23.1061,0,2.24435,45.2608,1,43.6257,-3.09103,2,6.05264,1.01652,1,0.979791,-0.158479E-01,-0.596723,-2.45395,-0.134018E-01,0.533986E-10,0.178976E-11,16.7792,413.738,419.007,0.250000,1,562.389,13.8672,14.0622,0.300000,0,292.520,285.489,96260.0,1.16851,1012.97,0.246578E-01,0.658702E-01,0.101342E-01,1335.22,1429.87,0.867283E-02,93.3807,94.6471,284.416,1.42628,-0.886174,0.344536E-01,1.67951,-0.276257E-13,0.318243E-14,1.67951,3.92561,219.695,328.147,1.17545,-9999,0.132817,0.348704,8.61257,0.233380,-0.510510,-0.146976,0,-9999,-9999,-9999,-9999,-9999,-9999,-9999,-0.202445E-01,1.01820,-19.9572,1.03824,39.0142,1.18791,-1.98982,1.18823,0.876223,1.18791,800000099,800000099,800000099,800001199,800001099,800001199,800000199,800000199,80100,80100,80,81,0,7,4,2,1,0,0.319008,0.327200,0.511990E-01,0.891220E-01,1.26866,18869.1,-0.168606E-01,-0.198982E-02,0.876223,16.0000,0.00000,248.757,54.7292,12.7678,96278.1,1.39558
CH-CHA_201812031900.csv,2018-12-03,19:30,337.812,0,36000,36000,-0.369109E-01,1,0.473488E-02,-26.9471,0,5.48808,-154.249,2,72.1078,24.7815,2,21.7336,-3.46238,2,1.61858,-0.911987,0.786319,2.64794,0.176503E-01,-0.238474E-10,-0.732176E-12,18.7908,462.181,464.896,0.250000,1,576.925,14.1901,14.3944,0.250000,1,291.369,284.915,96307.0,1.17129,1013.14,0.245962E-01,-0.224362,0.103962E-01,1366.98,1376.79,0.887587E-02,99.2871,9.81515,284.772,1.26881,-1.20758,0.282782E-01,1.75184,0.253639E-12,-0.126910E-14,1.75184,8.75928,231.280,316.416,0.924910,-9999,0.177519,0.805875,17.6399,0.113946,0.174699,-0.127918,0,-9999,-9999,-9999,-9999,-9999,-9999,-9999,-0.363329E-01,1.01591,-34.0961,1.03364,-129.262,1.16052,24.0177,1.16080,-2.90150,1.16052,800000099,800000199,800000099,800001199,811101099,811111099,800000199,801100199,80100,80100,80,81,12,15,4,8,13,1,0.744919,0.797345,0.694834E-01,0.258085,6.64959,24909.4,-0.287324E-01,0.240177E-01,-2.90150,16.0000,0.00000,251.348,70.9278,12.4729,96312.7,1.36700
CH-CHA_201812031900.csv,2018-12-03,20:00,337.833,0,36000,36000,-0.360694,2,0.424085E-01,-40.7287,0,8.27275,-9999,-9999,-9999,-40.6973,1,28.0052,-9999,-9999,-9999,-0.246675,1225.92,1.36860,27.5138,-0.246214E-09,-9999,19.8403,487.177,487.177,0.250000,1,-9999,-9999,-9999,-9999,1,290.726,284.760,96416.0,1.17331,1013.07,0.245550E-01,-9999,0.103244E-01,1356.80,1362.76,0.879939E-02,99.5622,5.96617,284.659,-0.391625,-3.67645,0.706666E-01,3.69671,0.797436E-12,-0.124098E-13,3.69671,19.9833,270.095,263.928,1.09534,-9999,0.554452,7.93810,355.878,0.564801E-02,-9999,-0.617997E-01,0,31.8137,-4.82785,10.9206,27.1939,41.4723,58.1656,87.1426,-0.356301,1.01233,-39.6161,1.02808,-9999,-9999,-33.5630,1.14143,-9999,-9999,800000099,800001199,800000099,800101199,800101099,811111099,801000199,801100199,80100,80100,80,81,19,18,7,15,37,13,10.4881,5.10421,0.283855,0.886543,15.4944,-9999,-0.333290E-01,-0.335630E-01,-9999,16.0000,0.00000,253.887,86.7917,12.1572,96452.3,1.36564
CH-CHA_201812031900.csv,2018-12-03,20:30,337.854,0,36000,36000,-0.152980,1,0.136731E-01,-33.1162,0,20.6342,69.5902,2,85.2505,-37.8766,1,26.4554,1.56083,2,1.91207,-1.07600,-1.71803,-3.80260,-0.385334E-01,-0.108134E-09,-0.345837E-11,17.0767,417.953,422.030,0.250000,1,546.150,13.3670,13.5481,0.300000,0,290.516,284.086,96502.0,1.17745,1012.66,0.244750E-01,0.101142,0.984162E-02,1290.29,1303.20,0.835840E-02,99.0095,12.9082,283.901,2.16953,-3.02180,0.674551E-01,3.72058,-0.764527E-12,-0.633227E-14,3.72058,12.8001,239.261,305.677,1.03885,-9999,0.360451,5.05123,120.316,0.167060E-01,-0.475875,-0.770526E-01,0,24.3240,-3.69126,8.34965,20.7918,31.7088,44.4720,66.6272,-0.151021,1.01297,-28.5642,1.02940,61.4744,1.15561,-31.8888,1.15588,1.37880,1.15561,800000099,800000099,800000099,800001199,800001099,800011199,800010199,800010199,81100,81100,80,81,29,6,23,6,26,32,1.67804,8.18984,0.234547,5.83744,6.73127,44529.0,-0.239560E-01,-0.318888E-01,1.37880,16.0000,0.00000,253.160,82.2528,11.1931,96549.3,1.34965
CH-CHA_201812031900.csv,2018-12-03,21:00,337.875,0,36000,36000,-0.854017,1,0.999641E-01,-195.729,1,74.2660,-259.628,1,70.3715,184.362,1,33.2598,-5.82110,1,1.57780,-0.591892,-0.700526,-1.15394,-0.157064E-01,-0.687016E-09,-0.226387E-10,16.2543,396.990,403.047,0.250000,1,535.616,13.0817,13.2551,0.250000,1,288.635,283.716,96579.0,1.18006,1012.49,0.244237E-01,-0.377208,0.965180E-02,1263.76,1271.49,0.817910E-02,99.3920,7.73065,283.589,3.33791,-1.22395,0.238038,3.56320,-0.189207E-12,-0.422667E-13,3.56320,10.8642,205.945,339.863,3.83048,-9999,0.850710,2.14173,267.757,0.750681E-02,0.753881,-0.192565,0,36.1734,-5.48945,12.4172,30.9205,47.1557,66.1365,99.0846,-0.843684,1.01225,-204.098,1.02780,-212.756,1.13951,172.019,1.13975,-4.77018,1.13951,800000099,800000099,800000099,800000099,800000099,800011099,800000199,800000199,81000,81000,80,81,15,29,12,21,3,0,2.66773,1.13097,0.484761,1.86863,0.313087,733.104,-0.170822,0.172019,-4.77018,16.0000,0.00000,249.495,59.3410,10.8760,96634.8,1.36179
CH-CHA_201812031900.csv,2018-12-03,21:30,337.896,0,36000,36000,-0.106728,0,0.107206E-01,-24.7919,1,3.49680,9.82981,2,6.25212,6.93011,1,1.30973,0.220418,2,0.140194,0.187263,-1.90419,0.347254E-01,-0.426984E-01,-0.277582E-09,-0.859128E-11,16.2908,397.620,403.132,0.250000,1,504.207,12.3065,12.4599,0.250000,1,289.745,283.833,96682.0,1.18118,1012.06,0.244077E-01,0.142831E-01,0.908581E-02,1190.14,1281.44,0.769217E-02,92.8751,91.3015,282.693,3.35472,-0.842234,0.899992E-01,3.46001,0.225345E-12,-0.170392E-13,3.46001,8.22923,200.561,345.907,1.49050,-9999,0.300595,1.00439,93.3163,0.215397E-01,-2.52212,-0.689935E-01,0,25.3359,-3.84483,8.69701,21.6568,33.0280,46.3222,69.3991,-0.105371,1.01288,-23.5915,1.02898,9.84318,1.15327,6.96365,1.15353,0.220718,1.15327,800000099,800000099,800000099,800000099,800000099,800000099,800000199,800010199,81100,81100,80,80,8,18,7,0,0,5,1.08050,0.780943,0.147329,0.187947,0.134815E-01,621.201,-0.197348E-01,0.696365E-02,0.220718,16.0000,0.00000,248.000,50.0000,10.6375,96722.8,1.36945
CH-CHA_201812031900.csv,2018-12-03,22:00,337.917,0,36000,36000,-0.597069E-01,0,0.631590E-02,-34.6541,0,3.41806,27.6981,0,2.09280,3.41701,0,0.350915,0.621118,0,0.469302E-01,0.879740E-01,-0.666891,0.180130,-0.149548E-01,0.202240E-09,0.607130E-11,16.4152,400.892,406.299,0.250000,1,492.788,12.0349,12.1815,0.250000,1,291.065,283.888,96644.0,1.18060,1011.92,0.244221E-01,0.402484E-01,0.888004E-02,1163.41,1286.14,0.752160E-02,90.4573,122.733,282.356,2.55423,-0.235304,0.905819E-01,2.56665,-0.968331E-13,0.123203E-13,2.56665,6.49748,192.451,354.737,2.02250,-9999,0.224885,0.511706,27.9453,0.719263E-01,-1.25114,-0.128987,0,24.3271,-3.69173,8.35069,20.7944,31.7128,44.4776,66.6356,-0.588936E-01,1.01381,-32.2174,1.03008,25.5081,1.16081,4.17301,1.16109,0.572011,1.16081,800000099,800000099,800000099,800000099,800000099,800000099,800000199,800000199,81100,81100,80,80,24,17,7,0,0,0,0.521948,0.410268,0.911937E-01,0.104681,0.182260E-02,31.4666,-0.269677E-01,0.417301E-02,0.572011,16.0000,0.00000,248.000,50.0000,10.9952,96795.3,1.37091
CH-CHA_201812031900.csv,2018-12-03,22:30,337.937,0,36000,36000,-0.317470E-01,1,0.530343E-02,-34.7920,0,3.48075,15.4958,0,1.20540,2.74728,0,0.426490,0.347486,0,0.270306E-01,-0.637920E-02,-0.583854,0.657048E-01,-0.130927E-01,-0.268362E-09,-0.787312E-11,16.4162,402.089,407.471,0.250000,1,481.613,11.7964,11.9372,0.250000,1,292.036,283.884,96361.0,1.17727,1011.78,0.244934E-01,0.225171E-01,0.867867E-02,1137.01,1285.80,0.737186E-02,88.4284,148.788,282.015,2.27663,-0.229902,0.667193E-01,2.28918,0.268898E-12,-0.163474E-13,2.28918,5.67216,190.186,354.234,1.67015,-9999,0.164215,0.585777,10.8146,0.185860,-2.24526,-0.177871,0,-9999,-9999,-9999,-9999,-9999,-9999,-9999,-0.311710E-01,1.01848,-32.7357,1.03929,14.1903,1.23484,3.47835,1.23524,0.318212,1.23484,800000099,800000099,800000099,800000099,800000099,801100099,800000199,800110199,81100,81100,80,81,11,15,8,2,1,0,0.706872,0.380721,0.839614E-01,0.136377,0.338162E-02,15.3529,-0.274828E-01,0.347835E-02,0.318212,16.0000,0.00000,248.000,50.0000,11.3635,96800.2,1.36894
CH-CHA_201812031900.csv,2018-12-03,23:00,337.958,0,36000,36000,-0.338155E-01,1,0.553308E-02,-25.2207,1,1.97430,212.992,1,58.9972,-24.9557,1,9.42381,4.77177,1,1.32174,-1.56427,1.03624,1.78043,0.232154E-01,-0.198661E-09,-0.558675E-11,17.7539,434.499,437.911,0.200000,0,499.276,12.2190,12.3701,0.300000,0,292.093,282.904,96107.0,1.17805,1011.99,0.244734E-01,0.309211,0.899694E-02,1174.64,1204.26,0.763718E-02,97.5403,29.6213,282.498,0.562365,-1.23196,0.230710E-01,1.35444,0.171755E-13,-0.111897E-13,1.35444,4.59701,254.730,294.536,0.976002,-9999,0.169424,0.568681,16.3542,0.122904,-0.118412,-0.124865,0,-9999,-9999,-9999,-9999,-9999,-9999,-9999,-0.334102E-01,1.01213,-12.7343,1.02508,195.839,1.08281,-23.7332,1.08295,4.38747,1.08281,800000099,800000099,800000099,800001199,800001099,810101099,810100199,811100199,80100,80100,80,81,12,9,3,1,6,1,0.761694,0.348373,0.272953E-01,0.191900,2.56483,46181.2,-0.106815E-01,-0.237332E-01,4.38747,16.0000,0.00000,251.231,70.1917,10.7938,96814.6,1.34964
CH-CHA_201812031900.csv,2018-12-03,23:30,337.979,0,36000,36000,-0.522984E-01,1,0.710612E-02,-39.3194,0,4.92125,-9999,-9999,-9999,-40.9094,2,22.0999,-9999,-9999,-9999,0.335853,-4097.75,4.45987,-91.8225,0.292709E-09,-9999,21.0201,515.918,515.918,0.250000,1,-9999,-9999,-9999,-9999,1,291.232,283.115,95902.0,1.17448,1012.23,0.245440E-01,-9999,0.926893E-02,1211.06,1221.42,0.789197E-02,99.1511,10.3687,282.953,2.27847,-0.932051,0.675564E-01,2.46266,0.284016E-12,0.139252E-13,2.46266,5.98801,209.384,337.752,1.57195,-9999,0.211019,0.616137,20.2391,0.993126E-01,-9999,-0.156733,0,22.7126,-3.44672,7.79649,19.4144,29.6081,41.5258,62.2133,-0.515209E-01,1.01509,-38.0781,1.03260,-9999,-9999,-32.5274,1.18220,-9999,-9999,800000099,800000099,800000099,800001199,800001099,800101199,800000199,800000199,80100,80100,80,81,6,13,10,0,1,2,0.679146,0.457915,0.952136E-01,0.229356,5.17685,-9999,-0.320297E-01,-0.325274E-01,-9999,16.0000,0.00000,250.663,66.6410,10.4725,96818.9,1.33983
CH-CHA_201812031900.csv,2018-12-04,00:00,338.000,0,36000,36000,-0.127883,0,0.121098E-01,-32.9762,0,6.60193,22.9690,1,32.1706,14.6970,1,20.9371,0.514743,1,0.720955,0.175042,0.156318,-2.42042,0.350314E-02,-0.199608E-09,-0.536922E-11,19.2138,471.718,474.199,0.450000,0,516.828,12.6886,12.8517,0.250000,1,289.948,283.225,95912.0,1.17411,1012.26,0.245510E-01,0.333554E-01,0.931325E-02,1217.32,1230.46,0.793215E-02,98.9324,13.1363,283.030,2.45371,-1.46202,0.925999E-01,2.85775,-0.113333E-12,-0.103888E-13,2.85775,8.73276,214.918,329.212,1.85688,-9999,0.330029,1.38604,92.3253,0.217708E-01,-1.43568,-0.840709E-01,0,27.6015,-4.18864,9.47472,23.5934,35.9814,50.4644,75.6049,-0.126390,1.01182,-30.9195,1.02626,22.1347,1.12659,14.4979,1.12681,0.496047,1.12659,800000099,800000099,800000099,800001199,800001199,800101199,800000199,800000199,80000,80000,80,81,23,25,4,0,9,1,1.10093,1.52765,0.143514,0.421256,7.17779,17092.7,-0.260152E-01,0.144979E-01,0.496047,16.0000,0.00000,251.298,70.6149,10.3943,96827.0,1.34123
CH-CHA_201812031900.csv,2018-12-04,00:30,338.021,0,36000,36000,-0.114387,1,0.149191E-01,-50.9262,0,5.87610,54.8610,1,32.4095,1.16368,0,2.10270,1.22930,1,0.726218,-0.208261,-0.751057,-3.48210,-0.168294E-01,-0.240465E-10,-0.729573E-12,16.6067,408.075,413.362,0.200000,0,503.849,12.3810,12.5363,0.300000,0,290.047,283.094,95782.0,1.17320,1012.10,0.245729E-01,0.796587E-01,0.907936E-02,1186.20,1219.71,0.773896E-02,97.2528,33.5078,282.644,2.01726,-0.615409,0.338722E-01,2.10932,0.484097E-12,-0.144800E-14,2.10932,8.06819,191.349,343.035,0.920116,-9999,0.312250,2.08745,50.5813,0.397380E-01,-0.928277,-0.137355,0,28.1349,-4.26958,9.65781,24.0493,36.6767,51.4396,77.0659,-0.113078,1.01158,-46.7245,1.02499,52.0141,1.10717,2.86980,1.10735,1.16551,1.10717,800000099,800000099,800000099,800000099,800000099,801101099,800000199,800100199,81100,81100,80,81,13,15,4,1,16,6,1.84675,2.20567,0.122494,0.283224,0.630924E-01,4822.77,-0.393507E-01,0.286980E-02,1.16551,16.0000,0.00000,248.142,50.8844,9.99642,96839.5,1.35074
CH-CHA_201812031900.csv,2018-12-04,01:00,338.042,0,36000,35988,-0.159523E-01,0,0.263755E-02,-17.7376,0,2.01078,11.4246,2,9.12332,0.290322,2,0.786792,0.255626,2,0.204135,-2.42810,-2.29936,0.177193,-0.514484E-01,-0.610890E-10,-0.170016E-11,16.8435,411.293,417.088,0.100000,0,468.769,11.4466,11.5792,0.250000,1,288.171,281.576,95871.0,1.18104,1011.54,0.244185E-01,0.165646E-01,0.844721E-02,1097.69,1101.05,0.715234E-02,99.6948,3.36041,281.496,0.909029,0.989496,0.656052E-01,1.34527,0.571200E-13,-0.362686E-14,1.34527,3.39177,142.302,47.4270,2.79528,-9999,0.116220,0.273086,7.49156,0.268302,-1.55258,-0.127752,0,-9999,-9999,-9999,-9999,-9999,-9999,-9999,-0.156469E-01,1.01952,-16.4716,1.04060,10.5771,1.17220,0.915403,1.17250,0.236663,1.17220,800000099,800000099,800000099,800000099,800000099,800000099,800100199,801110199,80100,80100,80,81,4,3,2,7,7,29,0.152817,0.367287,0.260684E-01,0.134652,0.634425E-01,853.692,-0.137875E-01,0.915403E-03,0.236663,16.0000,0.00000,248.000,50.0000,9.24604,96892.1,1.32696
CH-CHA_201812040100.csv,2018-12-04,01:30,338.062,0,36000,36000,-0.151485E-01,1,0.330181E-02,-0.841681,2,1.67704,-51.9332,1,27.8759,-1.29338,2,3.35607,-1.16270,1,0.624097,0.996756,1.14204,2.10315,0.255684E-01,0.229181E-09,0.607306E-11,18.4105,449.486,451.448,0.250000,1,487.859,11.9109,12.0545,0.150000,0,289.317,282.199,96098.0,1.18102,1011.81,0.244147E-01,-0.753431E-01,0.879122E-02,1144.92,1148.46,0.744377E-02,99.6922,3.53495,282.118,0.982682,0.241569,0.464110E-01,1.01300,0.570354E-12,0.124484E-13,1.01300,3.24489,179.350,13.8109,2.62594,-9999,0.113255,0.463648,146.362,0.137331E-01,0.162070E-01,-0.621918E-02,0,-9999,-9999,-9999,-9999,-9999,-9999,-9999,-0.149648E-01,1.01228,-3.74304,1.02446,-48.2681,1.06199,-0.682341,1.06209,-1.08065,1.06199,800000099,800000099,800000099,800000099,800001099,800101099,800110199,800110199,81000,81000,80,81,12,6,6,2,10,0,0.347373,0.553111,0.268111E-01,0.209411,0.495900,10790.4,-0.313234E-02,-0.682341E-03,-1.08065,16.0000,0.00000,249.457,59.1054,9.91274,96881.3,1.33399
CH-CHA_201812040100.csv,2018-12-04,02:00,338.083,0,36000,36000,-0.116877E-01,0,0.226169E-02,-8.72697,0,1.15641,22.0846,1,16.8142,-0.188979,2,0.400079,0.494314,1,0.376348,-0.426041,-0.515873,0.107139E-01,-0.115466E-01,0.826153E-10,0.214979E-11,18.4391,449.680,452.910,0.250000,1,479.817,11.7015,11.8400,0.250000,1,289.531,281.933,96115.0,1.18243,1011.70,0.243874E-01,0.320315E-01,0.864631E-02,1124.99,1128.00,0.731230E-02,99.7329,3.01289,281.858,0.920343,0.522885,0.461954E-01,1.05952,-0.720610E-13,0.448044E-14,1.05952,2.50621,158.936,29.6027,2.49892,-9999,0.994202E-01,0.141981,9.54994,0.210473,-0.395160,-0.733776E-01,0,-9999,-9999,-9999,-9999,-9999,-9999,-9999,-0.114982E-01,1.01648,-7.25238,1.03385,20.1798,1.10907,0.593376E-01,1.10926,0.451679,1.10907,800000099,800000099,800000099,800000099,800000099,800100099,800110199,811110199,81100,81100,80,80,6,8,5,1,2,0,0.162990,0.105938,0.150342E-01,0.497272E-01,0.820204E-01,5377.95,-0.606256E-02,0.593376E-04,0.451679,16.0000,0.00000,248.224,51.3989,9.94385,96869.7,1.33125
CH-CHA_201812040100.csv,2018-12-04,02:30,338.104,0,36000,36000,-0.673629E-01,1,0.986695E-02,-34.9501,1,6.91093,-9999,-9999,-9999,228.793,1,44.5903,-9999,-9999,-9999,-0.773144,3796.09,2.28295,84.9276,-0.175152E-08,-9999,20.1658,491.027,491.027,0.250000,1,-9999,-9999,-9999,-9999,1,289.254,281.451,96100.0,1.18444,1011.47,0.243495E-01,-9999,0.838426E-02,1089.03,1091.75,0.707866E-02,99.7506,2.72283,281.379,0.585678E-01,0.820584E-01,0.224122E-01,0.103277,-0.164678E-12,-0.868558E-13,0.103277,1.32834,114.593,54.4833,12.5336,-9999,0.238481,0.164313,32.9058,0.610835E-01,-9999,-0.122328,0,53.5188,-8.12169,18.3713,45.7471,69.7672,97.8495,146.596,-0.653227E-01,1.03123,-33.8086,1.03376,-9999,-9999,227.335,1.01561,-9999,-9999,800000099,800100099,800000099,800001199,800000099,800001099,811110199,811110199,81100,81100,80,81,1,2,2,5,24,0,0.260705,0.538769E-01,0.140446E-01,0.184475,10.3600,-9999,-0.282201E-01,0.227335,-9999,16.0000,0.00000,250.322,64.5151,9.69385,96899.8,1.32697
CH-CHA_201812040100.csv,2018-12-04,03:00,338.125,0,36000,36000,-0.914094E-02,1,0.166196E-02,-0.473205,1,0.694462,-5.04644,2,18.4905,8.34919,2,5.82002,-0.112886,2,0.413623,-0.223277,-0.289312,-0.518556,-0.647175E-02,-0.284918E-11,-0.663251E-13,19.8092,481.649,484.612,0.150000,0,461.132,11.2122,11.3393,0.250000,1,287.055,281.312,96191.0,1.18620,1011.41,0.243144E-01,-0.731502E-02,0.830961E-02,1078.80,1081.49,0.700522E-02,99.7511,2.69183,281.240,-0.589486,0.204690E-01,0.248392E-01,0.590364,0.105622E-12,-0.143831E-15,0.590364,1.70883,24.1569,178.011,2.41139,-9999,0.877841E-01,0.168702,121.294,0.165712E-01,0.937701E-01,-0.449314E-02,0,-9999,-9999,-9999,-9999,-9999,-9999,-9999,-0.902650E-02,1.01268,-0.753361,1.02198,-4.81927,1.02940,8.19018,1.02945,-0.107804,1.02940,800000099,800100099,800000099,800001199,800001099,800001099,811110199,811110199,80000,80000,80,81,0,0,0,0,2,1,0.207630,0.127243,0.253125E-02,0.393182,4.30944,23007.7,-0.627940E-03,0.819018E-02,-0.107804,16.0000,0.00000,250.754,67.2108,9.76918,96925.3,1.32467
CH-CHA_201812040100.csv,2018-12-04,03:30,338.146,0,36000,36000,-0.733943E-01,1,0.921944E-02,-56.5050,1,12.8131,-284.469,1,82.3491,54.1564,1,17.9930,-6.37252,1,1.84474,2.41341,2.67187,-0.385291,0.598540E-01,0.432736E-09,0.112058E-10,19.5641,474.695,477.636,0.200000,0,506.617,12.2924,12.4454,0.250000,1,288.340,282.811,96906.0,1.18820,1012.04,0.242636E-01,-0.412940,0.912924E-02,1191.52,1196.77,0.768327E-02,99.5618,5.24424,282.710,1.83992,-0.821276,0.220258E-01,2.01501,-0.152645E-12,0.221189E-13,2.01501,5.97731,205.241,335.946,0.626305,-9999,0.248534,0.861249,23.1796,0.867143E-01,0.198633,-0.189067,0,28.4325,-4.31475,9.75997,24.3037,37.0647,51.9837,77.8811,-0.723307E-01,1.01470,-69.4533,1.03142,-239.650,1.15674,52.2315,1.15701,-5.36853,1.15674,800000099,800000099,800000099,800001199,800001099,810101099,800000199,800000199,80000,80000,80,81,11,3,4,1,1,0,0.911320,0.735821,0.753563E-01,1.15438,3.56545,35024.4,-0.577574E-01,0.522315E-01,-5.36853,16.0000,0.00000,249.116,56.9762,10.0666,96956.8,1.33997
CH-CHA_201812040100.csv,2018-12-04,04:00,338.167,0,36000,36000,-0.769973E-01,0,0.101620E-01,-28.7119,0,5.50071,18.7619,2,70.9697,2.14724,2,16.3886,0.420599,2,1.59098,1.21291,0.867769,-2.93722,0.194534E-01,0.717338E-10,0.215155E-11,17.3353,421.567,426.019,0.300000,0,519.946,12.6442,12.8062,0.350000,0,290.398,283.566,96946.0,1.18536,1012.25,0.243184E-01,0.272548E-01,0.936944E-02,1226.14,1258.83,0.790427E-02,97.4032,32.6892,283.137,1.54764,-1.47524,0.592306E-02,2.13812,0.253097E-13,0.413802E-14,2.13812,6.05710,228.561,316.372,0.158722,-9999,0.254866,0.703675,49.2112,0.408444E-01,-1.53033,-0.938885E-01,0,24.2041,-3.67307,8.30848,20.6893,31.5525,44.2528,66.2988,-0.761064E-01,1.01171,-26.9951,1.02530,18.4478,1.11026,3.09131,1.11045,0.413557,1.11026,800000099,800000099,800000099,800000199,800000099,800100199,800000199,800000199,81100,81100,80,80,7,4,2,0,12,0,0.745144,0.543337,0.118870,0.278043,1.96499,37831.8,-0.224981E-01,0.309131E-02,0.413557,16.0000,0.00000,248.451,52.8201,10.3726,96984.8,1.35891
CH-CHA_201812040100.csv,2018-12-04,04:30,338.187,0,36000,36000,-0.424402E-01,0,0.446234E-02,-20.6680,0,2.86736,35.8494,1,34.5098,-2.44181,2,3.76019,0.803273,1,0.773256,-0.815973,-0.369855,1.08918,-0.828728E-02,-0.592805E-10,-0.167868E-11,18.1774,441.231,444.555,0.250000,1,514.741,12.4946,12.6527,0.400000,0,290.635,283.059,96951.0,1.18762,1012.15,0.242736E-01,0.520521E-01,0.927562E-02,1211.69,1216.85,0.781029E-02,99.5761,5.15822,282.960,2.08416,-0.185789,0.532186E-01,2.09310,-0.109161E-12,-0.326122E-14,2.09310,8.31370,191.144,354.906,1.45695,-9999,0.189038,0.635559,27.8962,0.720529E-01,-0.576523,-0.909549E-01,0,-9999,-9999,-9999,-9999,-9999,-9999,-9999,-0.419025E-01,1.01283,-18.2099,1.02762,32.6069,1.12850,-1.49917,1.12872,0.730617,1.12850,800000099,800000099,800000099,800000099,810000099,811100099,800000199,800000199,80100,80100,80,81,26,1,5,4,13,0,0.482562,0.725051,0.635065E-01,0.177367,0.414538,8764.67,-0.151490E-01,-0.149917E-02,0.730617,16.0000,0.00000,248.419,52.6201,10.2474,96970.1,1.34673
CH-CHA_201812040100.csv,2018-12-04,05:00,338.208,0,36000,36000,-0.738267E-01,0,0.585970E-02,27.7991,2,27.3242,-103.806,1,74.6373,-0.911021,2,16.7641,-2.32669,1,1.67291,0.522528,0.600577,0.770402,0.134612E-01,0.102783E-09,0.287646E-11,18.7311,455.156,458.532,0.450000,0,524.205,12.7379,12.9023,0.250000,1,289.111,283.384,96959.0,1.18624,1012.30,0.242995E-01,-0.150770,0.944618E-02,1235.39,1243.61,0.796311E-02,99.3385,8.22650,283.250,1.65855,-1.42088,0.872681E-02,2.18398,0.183450E-12,0.548728E-14,2.18398,5.84508,226.996,319.413,0.228945,-9999,0.249471,0.651692,-47.6728,-0.421624E-01,-0.267798,0.927959E-01,0,25.5409,-3.87593,8.76737,21.8320,33.2951,46.6969,69.9605,-0.730467E-01,1.01068,21.4259,1.02132,-97.5340,1.07034,-1.29102,1.07046,-2.18611,1.07034,800000099,800000099,800000099,800001199,800001099,800111199,800000199,800110199,80100,80100,80,81,50,7,15,0,6,0,0.591682,0.612032,0.996696E-01,4.06958,5.75060,22698.7,0.178425E-01,-0.129102E-02,-2.18611,16.0000,0.00000,250.330,64.5627,10.4849,96979.5,1.34769
CH-CHA_201812040100.csv,2018-12-04,05:30,338.229,0,36000,36000,-0.304724E-01,1,0.440433E-02,-25.3809,0,3.50962,-9999,-9999,-9999,-5.85850,1,5.53346,-9999,-9999,-9999,-0.516918,2519.93,0.491493,56.4640,-0.228014E-09,-9999,19.1274,464.024,464.024,0.250000,1,-9999,-9999,-9999,-9999,1,288.738,283.063,97008.0,1.18830,1012.15,0.242597E-01,-9999,0.927850E-02,1212.08,1217.18,0.780822E-02,99.5817,5.09144,282.965,-0.118073,-1.89007,0.274108E-01,1.89395,0.508598E-12,-0.119208E-13,1.89395,5.71800,277.799,266.425,0.829262,-9999,0.160137,0.715194,13.8147,0.145497,-9999,-0.131778,0,-9999,-9999,-9999,-9999,-9999,-9999,-9999,-0.299921E-01,1.01601,-24.5467,1.03399,-9999,-9999,-3.78388,1.17143,-9999,-9999,800000099,800000199,800000099,800001199,800001099,800101099,800100199,800100199,80000,80000,80,81,40,4,13,0,8,0,0.619731,0.761642,0.490140E-01,0.158465,3.34221,-9999,-0.204089E-01,-0.378388E-02,-9999,16.0000,0.00000,251.512,71.9510,10.5502,97018.5,1.33667
CH-CHA_201812040100.csv,2018-12-04,06:00,338.250,0,36000,36000,-0.845894E-01,1,0.107096E-01,-26.9293,0,3.83866,-6.93768,2,14.4473,32.4497,1,17.2415,-0.155439,2,0.323693,-0.144988,-0.178887,-0.380847,-0.400797E-02,0.338071E-10,0.918399E-12,18.8520,457.155,459.128,0.300000,0,512.131,12.4190,12.5752,0.250000,1,288.368,282.973,97017.0,1.18882,1012.11,0.242497E-01,-0.100724E-01,0.922860E-02,1205.18,1209.85,0.776282E-02,99.6139,4.67124,282.880,0.322811,-1.98796,0.434111E-01,2.01447,-0.321339E-12,0.179329E-14,2.01447,6.76546,266.465,279.223,1.23480,-9999,0.266747,1.03384,60.1830,0.333981E-01,3.88160,-0.839035E-01,0,30.3063,-4.59910,10.4032,25.9054,39.5073,55.4095,83.0136,-0.836430E-01,1.01131,-26.6712,1.02432,-4.58640,1.09969,30.9237,1.09986,-0.102758,1.09969,800000099,800000099,800000099,800001199,800001099,800101099,800100199,800110199,80100,80100,80,81,9,8,18,0,11,2,1.03337,0.960063,0.742519E-01,0.138461,3.96181,11673.9,-0.221666E-01,0.309237E-01,-0.102758,16.0000,0.00000,250.924,68.2766,10.4907,97087.6,1.33572
CH-CHA_201812040100.csv,2018-12-04,06:30,338.271,0,36000,36000,-0.530115E-01,1,0.607124E-02,-26.2349,0,2.92891,-5.76259,2,47.7284,-0.428231,2,6.67892,-0.129111,2,1.06936,0.112774E-01,0.959116E-02,-0.164895,0.214891E-03,0.440783E-10,0.120565E-11,18.7302,454.181,456.435,0.200000,0,512.315,12.4229,12.5792,0.250000,1,288.397,282.980,97024.0,1.18887,1012.12,0.242486E-01,-0.836642E-02,0.923191E-02,1205.64,1210.42,0.776525E-02,99.6054,4.77632,282.886,0.279276,-2.28969,-0.767694E-02,2.30667,-0.113030E-12,0.235333E-14,2.30667,6.00012,270.074,276.954,-0.190689,-9999,0.211163,0.680575,30.6476,0.655843E-01,4.55262,-0.103251,0,24.4336,-3.70789,8.38725,20.8854,31.8516,44.6723,66.9273,-0.523199E-01,1.01322,-25.8136,1.02863,-3.43921,1.14248,0.939446,1.14273,-0.770561E-01,1.14248,800000099,800000199,800000099,800001199,800001099,800101199,800000199,800000199,81000,81000,80,80,17,5,18,0,15,0,0.716655,0.564918,0.795776E-01,0.945538E-01,7.32731,15070.3,-0.214527E-01,0.939446E-03,-0.770561E-01,16.0000,0.00000,251.267,70.4210,10.4459,97098.2,1.33453
CH-CHA_201812040100.csv,2018-12-04,07:00,338.292,0,36000,35989,-0.606080E-01,0,0.657504E-02,-24.9082,0,5.19991,-9999,-9999,-9999,-42.0229,0,20.7617,-9999,-9999,-9999,-0.343479,1824.41,0.515008,40.8678,-0.114419E-09,-9999,19.1316,463.461,463.461,0.250000,1,-9999,-9999,-9999,-9999,1,287.770,282.767,97046.0,1.19012,1012.01,0.242249E-01,-9999,0.910839E-02,1188.62,1193.24,0.765333E-02,99.6129,4.61902,282.674,-0.663349,-2.38590,0.480444E-01,2.47687,0.216705E-13,-0.598063E-14,2.47687,6.57782,293.488,254.463,1.11145,-9999,0.225668,0.623424,39.4040,0.510100E-01,-9999,-0.916430E-01,0,27.9968,-4.24862,9.61040,23.9313,36.4967,51.1871,76.6876,-0.598445E-01,1.01276,-24.2336,1.02784,-9999,-9999,-35.6722,1.13880,-9999,-9999,800000099,800001199,800000099,800001199,800001099,810101199,800000199,800110199,81100,81100,80,80,56,22,21,0,24,3,0.706208,0.475943,0.646975E-01,0.294223,9.43921,-9999,-0.201206E-01,-0.356722E-01,-9999,16.0000,0.00000,252.262,76.6403,10.3500,97108.3,1.33257
CH-CHA_201812040700.csv,2018-12-04,07:30,338.312,0,36000,36000,-0.854769E-01,1,0.763059E-02,-36.6470,0,4.68308,-9999,-9999,-9999,24.4706,2,22.5966,-9999,-9999,-9999,-0.271195,1435.59,-1.27733,32.1529,0.485988E-10,-9999,18.2020,440.470,440.470,0.150000,0,-9999,-9999,-9999,-9999,1,287.071,282.599,97092.0,1.19146,1011.93,0.241990E-01,-9999,0.901382E-02,1175.58,1179.83,0.756538E-02,99.6392,4.25684,282.510,-0.915249,-2.43333,0.610196E-01,2.60048,-0.132026E-13,0.266997E-14,2.60048,8.97073,300.389,249.387,1.34455,-9999,0.267846,1.22287,44.7950,0.448711E-01,-9999,-0.113481,0,27.8447,-4.22555,9.55820,23.8013,36.2984,50.9091,76.2710,-0.844086E-01,1.01266,-35.6576,1.02775,-9999,-9999,23.1912,1.13958,-9999,-9999,800000099,800000199,800000099,800001199,800001099,810101099,800100199,800100199,81000,81000,80,80,15,5,16,0,28,3,1.17664,1.17670,0.924008E-01,0.158684,9.86243,-9999,-0.295749E-01,0.231912E-01,-9999,16.0000,0.00000,252.949,80.9316,10.1767,97188.6,1.32980
CH-CHA_201812040700.csv,2018-12-04,08:00,338.333,0,36000,36000,-0.278483E-01,2,0.699765E-02,-20.7211,0,5.15276,-48.6943,0,46.8110,17.0676,0,7.55432,-1.09027,0,1.04810,-0.517218,-0.655164,-1.51872,-0.146692E-01,-0.104068E-09,-0.298245E-11,17.0964,413.170,416.570,0.200000,0,489.961,11.8409,11.9828,0.250000,1,287.495,282.279,97110.0,1.19315,1011.78,0.241671E-01,-0.706496E-01,0.882910E-02,1150.18,1154.67,0.739984E-02,99.6110,4.49168,282.186,0.602870E-01,-1.67907,0.122728E-01,1.68020,-0.991183E-13,-0.608712E-14,1.68020,7.00423,269.167,272.056,0.418514,-9999,0.152775,0.896959,14.7024,0.136712,0.425535,-0.112352,0,-9999,-9999,-9999,-9999,-9999,-9999,-9999,-0.274101E-01,1.01599,-22.5511,1.03372,-40.4463,1.15677,16.0390,1.15704,-0.905597,1.15677,800000099,800000099,800000099,800001199,800001099,800101099,800100199,800110199,81100,81100,80,81,7,3,4,0,3,0,1.26234,0.464640,0.669376E-01,0.286396,1.12222,8688.03,-0.186805E-01,0.160390E-01,-0.905597,16.0000,0.00000,251.142,69.6368,9.69642,97205.1,1.32371
CH-CHA_201812040700.csv,2018-12-04,08:30,338.354,0,36000,36000,0.232312E-01,1,0.190106E-01,17.2702,0,5.39637,-834.248,1,142.597,124.441,1,22.1901,-18.6593,1,3.18941,-1.78819,-2.10327,-0.386821,-0.470429E-01,0.618255E-09,0.167388E-10,16.8788,406.245,411.105,0.250000,1,456.982,10.9988,11.1211,0.250000,1,287.659,281.177,97128.0,1.19843,1011.29,0.240683E-01,-1.20912,0.823481E-02,1068.58,1071.61,0.687134E-02,99.7172,3.03050,281.100,0.873352E-01,1.70677,-0.697401E-01,1.71043,-0.255799E-13,0.366291E-13,1.71043,3.82175,100.149,87.0707,-2.33680,-9999,0.139229,0.354998,-13.3513,-0.150547,-0.207015E-01,0.102348,0,-9999,-9999,-9999,-9999,-9999,-9999,-9999,0.228021E-01,1.01882,-24.6648,1.03953,-688.864,1.19923,109.345,1.19957,-15.4075,1.19923,800000099,800000099,800000099,800000099,800000099,800000099,800000199,800100199,81000,81000,80,80,13,9,2,0,0,0,0.387381,0.240258,0.823581E-01,0.228076,0.743422,15084.5,-0.203513E-01,0.109345,-15.4075,16.0000,0.00000,249.748,60.9274,8.88803,97252.4,1.31596
CH-CHA_201812040700.csv,2018-12-04,09:00,338.375,0,36000,36000,-0.235077E-01,0,0.561240E-02,6.40408,2,2.36168,-148.639,2,84.8466,21.7546,1,16.7084,-3.32565,2,1.89836,0.567743,0.635483,0.371243,0.142183E-01,0.782385E-10,0.213239E-11,17.1484,412.893,417.800,0.250000,1,467.379,11.2534,11.3815,0.250000,1,286.788,281.527,97211.0,1.19785,1011.43,0.240777E-01,-0.215502,0.842218E-02,1094.25,1097.40,0.703110E-02,99.7130,3.14953,281.449,-0.336683,0.105433,0.279632E-01,0.353912,0.430681E-13,0.456244E-14,0.353912,2.84283,13.9298,162.612,4.53177,-9999,0.140089,0.585769,-36.7010,-0.547669E-01,-0.430849E-01,0.377323E-01,0,-9999,-9999,-9999,-9999,-9999,-9999,-9999,-0.231485E-01,1.01552,-2.37455,1.02297,-144.630,1.01886,22.3832,1.01889,-3.23596,1.01886,800000099,800000099,800000099,800001199,800001199,800101199,800110199,801110199,81000,81000,80,81,0,5,4,7,15,20,0.269705,0.872446,0.293865E-01,0.587248,4.01121,39702.6,-0.195994E-02,0.223832E-01,-3.23596,16.0000,0.00000,250.286,64.2865,9.51693,97300.1,1.32557
CH-CHA_201812040700.csv,2018-12-04,09:30,338.396,0,36000,36000,-0.459419E-01,1,0.709912E-02,-5.65420,1,4.43116,-49.8025,2,47.5837,-14.3655,1,22.5628,-1.11450,2,1.06485,0.335774,0.373783,0.824842,0.836468E-02,0.869408E-10,0.231818E-11,17.7611,427.666,430.153,0.250000,1,473.580,11.4032,11.5348,0.250000,1,285.201,281.734,97278.0,1.19772,1011.52,0.240788E-01,-0.722198E-01,0.853390E-02,1109.58,1112.91,0.712511E-02,99.7009,3.32871,281.655,-0.651820,-0.854609,0.598283E-01,1.07648,-0.209461E-12,0.489501E-14,1.07648,5.73014,318.966,232.667,3.18602,-9999,0.195851,0.692333,113.645,0.176867E-01,0.113533,-0.238295E-01,0,-9999,-9999,-9999,-9999,-9999,-9999,-9999,-0.454446E-01,1.01094,-8.32495,1.02151,-46.5113,1.05101,-12.9337,1.05110,-1.04085,1.05101,800000099,800000199,800000099,800001199,800001099,800101099,800100199,810110199,81000,81000,80,81,4,3,11,0,12,1,0.546511,0.798194,0.399612E-01,0.191633,8.98884,22137.6,-0.687147E-02,-0.129337E-01,-1.04085,16.0000,0.00000,252.484,78.0252,9.72642,97337.8,1.32083
CH-CHA_201812040700.csv,2018-12-04,10:00,338.417,1,36000,36000,-0.278542E-01,1,0.627873E-02,-8.46925,1,1.99931,-9999,-9999,-9999,-9999,-9999,-9999,-9999,-9999,-9999,-0.386550,1931.83,-9999,43.2216,-9999,-9999,-9999,-9999,-9999,-9999,1,-9999,-9999,-9999,-9999,1,284.816,281.496,97323.0,1.19938,1011.41,0.240473E-01,-9999,0.840486E-02,1091.88,1095.09,0.700770E-02,99.7066,3.21300,281.417,0.333534,1.12347,0.204892E-01,1.17211,-0.648420E-13,0.546296E-14,1.17211,3.35821,113.123,73.4650,1.00161,-9999,0.152394,0.353019,35.7546,0.562166E-01,-9999,-0.458134E-01,0,-9999,-9999,-9999,-9999,-9999,-9999,-9999,-0.275266E-01,1.01190,-8.26982,1.02412,-9999,-9999,-9999,-9999,-9999,-9999,800000099,800000199,800000099,800001199,800000199,800000199,800010199,810110199,80100,80100,80,81,5,0,3,10,8,0,0.517555,0.162903,0.255792E-01,0.104173,-9999,-9999,-0.681729E-02,-9999,-9999,16.0000,0.00000,254.935,93.3467,9.68813,97405.5,1.31903
CH-CHA_201812040700.csv,2018-12-04,10:30,338.437,1,36000,36000,-0.285398E-01,1,0.517698E-02,8.17230,0,4.14958,-9999,-9999,-9999,-23.6505,1,46.6434,-9999,-9999,-9999,0.585010E-01,-200.219,-9999,-4.47972,-0.230032E-09,-9999,23.7102,569.864,569.864,0.100000,0,-9999,-9999,-9999,-9999,1,285.722,281.532,97387.0,1.20000,1011.43,0.240346E-01,-9999,0.842385E-02,1094.49,1097.77,0.701986E-02,99.7007,3.28563,281.453,1.49111,0.795363,0.517700E-01,1.69076,-0.206414E-12,-0.970182E-14,1.69076,3.89134,156.308,28.0757,1.75463,-9999,0.154218,0.382819,-38.4184,-0.523187E-01,-9999,0.436611E-01,0,-9999,-9999,-9999,-9999,-9999,-9999,-9999,-0.282331E-01,1.01086,8.01017,1.02024,-9999,-9999,-22.9406,1.05566,-9999,-9999,800000099,800000099,800000099,800000199,800000199,801001199,800010199,801110199,80100,80100,80,81,4,7,0,0,0,4,0.491621,0.223276,0.507412E-01,0.113181,24.6380,-9999,0.659973E-02,-0.229406E-01,-9999,16.0000,0.00000,251.821,73.8821,9.68105,97477.2,1.32540
CH-CHA_201812040700.csv,2018-12-04,11:00,338.458,1,36000,36000,-0.328581E-01,0,0.407877E-02,16.2722,0,4.82399,26.6279,1,7.12832,-6.66186,0,1.25154,0.596169,1,0.159595,1.11896,1.25901,-10.4148,0.281878E-01,-0.324202E-10,-0.992329E-12,15.9468,383.547,389.118,0.200000,0,488.106,11.7398,11.8792,0.200000,0,286.621,282.221,97556.0,1.19892,1011.72,0.240517E-01,0.386317E-01,0.879567E-02,1145.59,1150.16,0.733633E-02,99.6025,4.57190,282.127,2.04134,-0.354789E-01,0.424339E-01,2.04208,-0.496478E-13,-0.203302E-14,2.04208,4.15348,187.820,359.004,1.19067,-9999,0.165549,0.322229,-23.8995,-0.841022E-01,0.611097,0.810349E-01,0,-9999,-9999,-9999,-9999,-9999,-9999,-9999,-0.325111E-01,1.01067,17.4182,1.02096,23.7124,1.06607,-7.17385,1.06618,0.530895,1.06607,800000099,800000099,800000099,800000099,800000099,800001199,800010199,800010199,80100,80100,80,80,4,9,4,11,16,3,0.329991,0.254535,0.599334E-01,0.293178,0.276840E-01,720.343,0.143600E-01,-0.717385E-02,0.530895,16.0000,0.00000,248.000,50.0000,10.6662,97500.2,1.34330
CH-CHA_201812040700.csv,2018-12-04,11:30,338.479,1,36000,36000,-0.296591E-01,0,0.431068E-02,43.3687,0,12.8621,92.9467,0,14.2487,-12.1088,0,3.05051,2.08297,0,0.319319,1.63215,1.66646,0.165064,0.373460E-01,0.215386E-10,0.691402E-12,16.0992,386.494,391.814,0.250000,1,516.793,12.4066,12.5625,0.250000,1,287.650,283.224,98085.0,1.20085,1012.11,0.240070E-01,0.134976,0.931261E-02,1217.23,1230.37,0.775503E-02,98.9319,13.1416,283.029,2.09300,-0.354424,0.677746E-01,2.12388,-0.104063E-13,0.133787E-14,2.12388,4.77548,197.088,350.389,1.82866,-9999,0.157157,0.397742,-7.70227,-0.260962,0.466597,0.227053,0,-9999,-9999,-9999,-9999,-9999,-9999,-9999,-0.293459E-01,1.01067,47.6463,1.02116,83.1875,1.06853,-13.9825,1.06864,1.86426,1.06853,800000099,800000099,800000099,800000099,800000099,800000099,800000199,800010199,80100,80100,80,80,3,9,7,8,7,1,0.361408,0.361517,0.725580E-01,1.14567,0.919812E-01,993.813,0.392025E-01,-0.139825E-01,1.86426,16.0000,0.00000,248.000,50.0000,13.4716,97504.3,1.37039
CH-CHA_201812040700.csv,2018-12-04,12:00,338.500,1,36000,36000,-0.266146E-01,0,0.494761E-02,2.44114,1,1.91301,29.5508,0,6.88873,-5.00344,0,0.818303,0.662185,0,0.154365,-0.152122,-0.694227,0.703520,-0.155565E-01,0.215786E-10,0.655659E-12,16.5348,399.125,404.330,0.300000,0,502.405,12.1273,12.2762,0.300000,0,289.951,283.130,97518.0,1.19443,1011.95,0.241385E-01,0.429096E-01,0.905334E-02,1182.95,1222.65,0.757964E-02,96.7528,39.7020,282.603,1.27329,-0.255787,0.547494E-01,1.29988,0.106204E-12,0.130504E-14,1.29988,3.51898,196.983,348.641,2.41395,-9999,0.149272,0.268271,-116.767,-0.172138E-01,0.826084E-01,0.135299E-01,0,-9999,-9999,-9999,-9999,-9999,-9999,-9999,-0.263097E-01,1.01159,4.08944,1.01990,27.8048,1.04415,-5.15765,1.04422,0.623060,1.04415,800000099,800000099,800000099,800000099,800000199,800001199,800010199,800110199,80100,80100,80,81,10,8,5,4,9,1,0.285909,0.217095,0.335384E-01,0.517986E-01,0.140354E-01,545.302,0.338332E-02,-0.515765E-02,0.623060,16.0000,0.00000,248.033,50.2054,12.6863,97513.7,1.35939
CH-CHA_201812040700.csv,2018-12-04,12:30,338.521,1,36000,36000,-0.117369E-01,1,0.408964E-02,5.49990,0,2.10798,90.8723,1,48.2223,-27.2653,1,15.9729,2.03661,1,1.08075,0.258824,1.06999,3.12715,0.239805E-01,0.265130E-10,0.731283E-12,18.8526,455.299,459.124,0.250000,1,519.994,12.5581,12.7178,0.250000,1,290.285,283.290,97525.0,1.19364,1012.20,0.241505E-01,0.131973,0.937030E-02,1225.06,1235.82,0.785016E-02,99.1291,10.7628,283.124,0.706830,0.409328,0.317365E-01,0.817414,0.780337E-13,0.140633E-14,0.817414,2.34568,154.388,30.0753,2.22510,-9999,0.991605E-01,0.220769,-15.1947,-0.132283,0.605234E-01,0.459069E-01,0,-9999,-9999,-9999,-9999,-9999,-9999,-9999,-0.115730E-01,1.01416,10.6759,1.02081,86.6732,1.03098,-27.6383,1.03102,1.94250,1.03098,800000099,800000099,800000099,800000099,800000099,800001199,800110199,811110199,80100,80100,80,81,5,7,2,2,2,0,0.244182,0.178431,0.189239E-01,0.539401E-01,4.15573,19595.8,0.883617E-02,-0.276383E-01,1.94250,16.0000,0.00000,248.953,55.9550,13.0086,97522.8,1.36121
CH-CHA_201812040700.csv,2018-12-04,13:00,338.542,1,36000,35989,-0.179171E-01,0,0.255276E-02,1.24967,2,1.86660,-9999,-9999,-9999,-18.6128,2,23.1249,-9999,-9999,-9999,-0.816632,3644.87,2.94608,81.6486,0.910639E-11,-9999,21.0761,508.129,508.129,0.300000,0,-9999,-9999,-9999,-9999,1,290.560,282.786,97518.0,1.19585,1011.98,0.241092E-01,-9999,0.912146E-02,1190.40,1194.76,0.762761E-02,99.6353,4.35729,282.696,1.02740,0.785246,0.461806E-01,1.29395,0.974894E-14,0.432072E-15,1.29395,2.72707,148.519,37.3908,2.04531,-9999,0.122404,0.164093,-125.768,-0.159818E-01,-9999,0.843623E-02,0,-9999,-9999,-9999,-9999,-9999,-9999,-9999,-0.177115E-01,1.01161,1.22529,1.01990,-9999,-9999,-17.9012,1.04405,-9999,-9999,800000099,800000099,800000099,800001199,800001099,810011199,800110199,801110199,81000,81000,80,80,1,7,4,2,6,11,0.185246,0.116558,0.263816E-01,0.506876E-01,12.5242,-9999,0.101248E-02,-0.179012E-01,-9999,16.0000,0.00000,249.307,58.1666,12.0774,97523.6,1.34621
CH-CHA_201812041300.csv,2018-12-04,13:30,338.562,1,36000,36000,-0.104754,1,0.104431E-01,43.8181,2,13.3622,-9999,-9999,-9999,-78.7284,1,30.9956,-9999,-9999,-9999,-0.554938,2848.89,-0.280517,63.7971,0.350887E-09,-9999,20.8988,503.106,503.106,0.250000,1,-9999,-9999,-9999,-9999,1,288.583,282.444,97545.0,1.19775,1011.83,0.240734E-01,-9999,0.892808E-02,1163.76,1167.59,0.745403E-02,99.6719,3.83086,282.360,0.798394,-0.764425,0.476611E-01,1.10637,0.128978E-12,0.167898E-13,1.10637,6.13278,214.139,316.245,2.46900,-9999,0.295734,1.39912,-50.5930,-0.397288E-01,-9999,0.122258,0,42.7507,-6.48759,14.6749,36.5427,55.7299,78.1620,117.101,-0.103482,1.01229,42.9586,1.02001,-9999,-9999,-78.3678,1.03874,-9999,-9999,800000099,800001199,800000099,800001199,800001099,800111099,800010199,800110199,81100,81100,80,81,16,0,6,3,26,2,0.781246,1.97841,0.385800E-01,1.24791,17.4770,-9999,0.354467E-01,-0.783678E-01,-9999,16.0000,0.00000,250.949,68.4328,10.9580,97522.0,1.33458
CH-CHA_201812041300.csv,2018-12-04,14:00,338.583,1,36000,36000,-0.770636E-01,1,0.668998E-02,-14.6623,2,1.82393,135.775,0,55.7567,-38.9505,1,25.5937,3.03961,0,1.24823,-0.493705,-0.616309,-1.80212,-0.137974E-01,0.325850E-09,0.808311E-11,19.5775,470.867,473.184,0.250000,1,485.644,11.6804,11.8185,0.350000,0,286.759,282.140,97529.0,1.19896,1011.69,0.240514E-01,0.196967,0.875131E-02,1139.49,1143.89,0.729909E-02,99.6148,4.40628,282.048,-0.384868E-01,-3.49623,0.286971E-01,3.49656,-0.350169E-12,0.166441E-13,3.49656,8.26606,276.665,269.369,0.470245,-9999,0.253526,1.02383,95.2429,0.211039E-01,-0.107990,-0.476794E-01,0,24.4333,-3.70784,8.38715,20.8852,31.8512,44.6718,66.9265,-0.761274E-01,1.01230,-7.22115,1.02783,118.466,1.14057,-34.6625,1.14081,2.65211,1.14057,800000099,800000199,800000099,800001199,800001099,800101099,800010199,800010199,80000,80000,80,81,11,7,7,0,14,0,0.960686,0.972159,0.114817,0.135325,14.2530,17213.4,-0.595328E-02,-0.346625E-01,2.65211,16.0000,0.00000,253.073,81.7090,9.98374,97558.8,1.31922
CH-CHA_201812041300.csv,2018-12-04,14:30,338.604,1,36000,36000,-0.574629E-01,0,0.902581E-02,1.69023,2,5.88513,8.59042,2,38.2621,-0.634277,2,5.92824,0.192402,2,0.856967,0.768846,0.925188,-2.91157,0.207217E-01,-0.156202E-09,-0.449587E-11,17.3865,418.713,421.911,0.350000,0,500.426,12.0516,12.1986,0.350000,0,287.268,282.614,97566.0,1.19723,1011.90,0.240827E-01,0.124677E-01,0.901768E-02,1176.14,1181.03,0.753210E-02,99.5866,4.88236,282.517,1.49988,-1.29227,0.667240E-01,1.98092,0.966219E-13,-0.898408E-14,1.98092,6.01905,223.107,319.252,1.93028,-9999,0.219081,0.948791,-533.320,-0.376884E-02,0.196757,0.636830E-02,0,24.0426,-3.64856,8.25305,20.5513,31.3420,43.9575,65.8564,-0.568554E-01,1.01069,2.13492,1.02081,7.87102,1.06423,-0.752286,1.06434,0.176289,1.06423,800000099,800000099,800000099,800000199,800001099,800101099,800010199,800110199,81000,81000,80,81,9,7,8,0,6,0,0.623546,1.18464,0.894058E-01,0.427453,1.93407,34312.0,0.176224E-02,-0.752286E-03,0.176289,16.0000,0.00000,252.182,76.1391,10.4480,97577.7,1.33228
CH-CHA_201812041300.csv,2018-12-04,15:00,338.625,1,36000,36000,-0.271269E-01,1,0.512037E-02,-11.3046,1,4.75365,33.8385,0,5.15614,-8.11015,1,1.64673,0.758152,0,0.115524,0.586748,0.710320,-2.58214,0.159148E-01,0.154813E-10,0.512831E-12,15.4522,372.423,377.523,0.300000,0,511.869,12.3369,12.4910,0.300000,0,287.343,282.976,97614.0,1.19616,1012.06,0.241017E-01,0.491282E-01,0.922389E-02,1204.58,1210.10,0.771125E-02,99.5441,5.51683,282.873,1.94349,-0.868567,0.552806E-01,2.12946,-0.809164E-13,0.100188E-14,2.12946,6.88773,210.833,335.920,1.48756,-9999,0.150593,0.594677,25.9094,0.775780E-01,-0.334074,-0.620084E-01,0,-9999,-9999,-9999,-9999,-9999,-9999,-9999,-0.267820E-01,1.01288,-9.22559,1.02775,30.2278,1.13058,-6.97084,1.13080,0.677255,1.13058,800000099,800000099,800000099,800000099,800000099,800000099,800010199,800110199,80100,80100,80,81,9,12,3,0,16,4,0.619651,0.494670,0.750322E-01,0.184145,0.328737E-01,206.721,-0.762071E-02,-0.697084E-02,0.677255,16.0000,0.00000,249.439,58.9946,10.8422,97597.9,1.35254
CH-CHA_201812041300.csv,2018-12-04,15:30,338.646,1,36000,36000,-0.217296E-01,0,0.368371E-02,-22.2877,1,5.03890,214.924,1,84.1387,-30.8400,2,24.6404,4.81543,1,1.88514,0.972849E-02,0.159129E-02,3.48572,0.356532E-04,0.831210E-10,0.235810E-11,18.0502,434.890,438.806,0.250000,1,512.074,12.3376,12.4917,0.350000,0,289.136,282.982,97650.0,1.19658,1012.07,0.240933E-01,0.312040,0.922757E-02,1205.09,1210.58,0.771165E-02,99.5459,5.49726,282.879,1.34157,-0.486302,0.292307E-01,1.42729,0.107681E-12,0.460499E-14,1.42729,3.97780,208.255,340.075,1.17349,-9999,0.134758,0.266833,9.41910,0.213396,-0.103700,-0.136571,0,-9999,-9999,-9999,-9999,-9999,-9999,-9999,-0.214394E-01,1.01354,-10.0675,1.02827,193.300,1.10584,-28.7161,1.10602,4.33092,1.10584,800000099,800000099,800000099,800001199,800001099,800001099,800010199,800110199,80000,80000,80,81,13,26,5,0,13,3,0.201092,0.295194,0.373796E-01,0.258132,8.63349,48310.7,-0.831324E-02,-0.287161E-01,4.33092,16.0000,0.00000,249.966,62.2870,10.8905,97603.3,1.35145
CH-CHA_201812041300.csv,2018-12-04,16:00,338.667,1,36000,36000,-0.219619E-01,0,0.168669E-02,-6.12238,1,2.65507,-9999,-9999,-9999,4.19935,2,18.9295,-9999,-9999,-9999,-0.525946,2689.78,3.85668,60.2464,-0.409068E-10,-9999,20.9406,503.920,503.920,0.300000,0,-9999,-9999,-9999,-9999,1,289.520,282.658,97656.0,1.19814,1011.92,0.240643E-01,-9999,0.904328E-02,1179.67,1184.53,0.754777E-02,99.5897,4.86011,282.562,0.763170,-0.720211,0.325417E-03,1.04935,0.322467E-13,-0.195347E-14,1.04935,2.63048,232.273,316.659,0.177682E-01,-9999,0.135388,0.174584,34.7722,0.578048E-01,-9999,-0.372980E-01,0,-9999,-9999,-9999,-9999,-9999,-9999,-9999,-0.217001E-01,1.01207,-5.97829,1.02410,-9999,-9999,4.30494,1.06237,-9999,-9999,800000099,800000099,800000099,800001199,800000099,800101099,800110199,811110199,81100,81100,80,80,18,1,9,4,6,40,0.112440,0.213430,0.232971E-01,0.116669,13.3451,-9999,-0.493089E-02,0.430494E-02,-9999,16.0000,0.00000,254.554,90.9622,10.8721,97631.6,1.33505
CH-CHA_201812041300.csv,2018-12-04,16:30,338.687,1,36000,36000,-0.238171E-01,1,0.300137E-02,-17.9305,1,4.06718,29.2119,1,9.97965,13.1606,1,10.3622,0.654261,1,0.223515,-0.860560E-01,-0.109858,1.34017,-0.246051E-02,-0.261226E-09,-0.595415E-11,21.9429,527.902,529.485,0.250000,1,500.147,12.0325,12.1791,0.250000,1,289.485,282.605,97663.0,1.19847,1011.89,0.240580E-01,0.423961E-01,0.901265E-02,1175.45,1180.31,0.752012E-02,99.5881,4.86170,282.508,0.772840,-0.899590E-01,0.290799E-01,0.778602,-0.183954E-12,-0.119048E-13,0.778602,2.54806,199.448,353.361,2.14043,-9999,0.140971,0.285875,13.4037,0.149959,-0.613807,-0.104882,0,-9999,-9999,-9999,-9999,-9999,-9999,-9999,-0.234602E-01,1.01521,-15.7713,1.03019,28.0982,1.06870,13.0641,1.06882,0.629319,1.06870,800000099,800000099,800000099,800000099,800000099,800110099,800100199,801110199,81100,81100,80,81,2,6,2,2,7,1,0.199476,0.356333,0.159418E-01,0.306984,2.95795,1294.47,-0.130049E-01,0.130641E-01,0.629319,16.0000,0.00000,254.647,91.5420,10.9380,97689.0,1.34065
CH-CHA_201812041300.csv,2018-12-04,17:00,338.708,0,36000,36000,-0.221923E-01,0,0.253843E-02,-15.1891,0,1.50637,-3.85989,2,18.6590,10.6140,1,9.04821,-0.863857E-01,2,0.417595,-1.27037,-1.44856,3.12343,-0.324192E-01,-0.415129E-10,-0.814442E-12,24.2797,583.759,587.291,0.250000,1,476.343,11.4528,11.5855,0.250000,1,288.665,281.823,97453.0,1.19948,1011.55,0.240431E-01,-0.559779E-02,0.858370E-02,1116.41,1119.64,0.715621E-02,99.7115,3.23015,281.745,0.130841,1.15026,0.254206E-01,1.15795,-0.586416E-13,-0.170978E-14,1.15795,2.74157,103.059,83.5105,1.25792,-9999,0.136021,0.169317,14.1904,0.141645,3.93512,-0.920336E-01,0,-9999,-9999,-9999,-9999,-9999,-9999,-9999,-0.218616E-01,1.01513,-14.9404,1.03118,-2.59888,1.10441,10.6310,1.10459,-0.581639E-01,1.10441,800000099,800000099,800000099,800000099,800000099,800000099,800000199,800000199,81000,81000,80,81,9,4,3,0,0,3,0.140696,0.165901,0.320363E-01,0.469359E-01,1.72229,3615.28,-0.123135E-01,0.106310E-01,-0.581639E-01,16.0000,0.00000,250.391,64.9413,9.83421,97699.7,1.32972
CH-CHA_201812041300.csv,2018-12-04,17:30,338.729,0,36000,36000,0.155592E-02,2,0.415024E-02,-2.40114,1,2.09383,-12.5738,1,15.4187,-1.76104,2,7.09534,-0.281300,1,0.344945,-0.642494,-0.680956,-7.98960,-0.152343E-01,0.445390E-10,0.112989E-11,18.3075,440.705,446.169,0.250000,1,464.434,11.1800,11.3064,0.250000,1,288.562,281.427,97198.0,1.19814,1011.40,0.240723E-01,-0.182283E-01,0.836909E-02,1086.97,1089.97,0.698504E-02,99.7240,3.00833,281.351,-0.195258,0.480367,0.217219E-01,0.518989,0.245803E-13,0.243283E-14,0.518989,2.48992,73.9651,112.121,2.39878,-9999,0.360362E-01,0.215177,1.66599,1.20649,0.190963,-0.549854E-01,0,-9999,-9999,-9999,-9999,-9999,-9999,-9999,0.147163E-02,1.05727,-2.77787,1.11500,-10.2404,1.19986,-1.25657,1.20021,-0.229098,1.19986,800000099,800000099,800000099,800000099,800000099,801111199,811110199,811110199,81000,81000,80,81,1,5,0,4,6,0,0.226175,0.193096,0.110832E-01,0.995150E-01,1.25841,2767.92,-0.229236E-02,-0.125657E-02,-0.229098,16.0000,0.00000,248.000,50.0000,9.41575,97703.7,1.32385
CH-CHA_201812041300.csv,2018-12-04,18:00,338.750,0,36000,36000,-0.736972E-01,1,0.106000E-01,13.0574,1,4.68973,-369.273,1,129.541,95.7407,1,50.4755,-8.25697,1,2.89655,-0.898038,-0.998819,2.68762,-0.223337E-01,0.951088E-09,0.209772E-10,20.3247,488.780,493.868,0.250000,1,448.281,10.7805,10.8980,0.250000,1,288.433,280.874,97103.0,1.19951,1011.16,0.240486E-01,-0.535052,0.807803E-02,1047.10,1049.71,0.673443E-02,99.7514,2.60958,280.802,0.175192E-01,-0.135668,0.293431E-01,0.139907,0.822575E-13,0.467947E-13,0.139907,1.54732,262.378,277.358,12.1067,-9999,0.247869,0.226173,-99.6198,-0.201767E-01,-0.353598E-01,0.434320E-01,0,49.5628,-7.52134,17.0133,42.3655,64.6101,90.6165,135.760,-0.717466E-01,1.02719,-8.96389,1.02817,-360.950,1.01416,97.6154,1.01417,-8.07087,1.01416,800000099,800000099,800000099,800001199,800001099,800001199,801110199,811110199,80100,80100,80,81,3,0,1,0,2,0,0.241255,0.192635,0.184558E-01,0.864801E-01,14.5807,45921.9,-0.739046E-02,0.976154E-01,-8.07087,16.0000,0.00000,249.367,58.5427,9.28668,97720.1,1.31771
CH-CHA_201812041300.csv,2018-12-04,18:30,338.771,0,36000,36000,-0.930512E-02,0,0.329020E-02,13.4147,2,6.55544,109.160,1,42.0043,11.3152,2,11.1669,2.44140,1,0.939441,0.400553,0.360204,-0.766187,0.805609E-02,-0.404283E-09,-0.929573E-11,19.8083,475.111,477.569,0.250000,1,455.454,10.9242,11.0449,0.450000,0,287.518,281.120,97444.0,1.20261,1011.24,0.239854E-01,0.158203,0.820728E-02,1064.79,1067.46,0.682458E-02,99.7499,2.66971,281.048,-0.287657,0.122777E-01,0.358493E-01,0.290142,0.218817E-12,-0.204098E-13,0.290142,2.69080,24.6240,177.556,7.09748,-9999,0.879629E-01,0.217654,-4.34463,-0.462640,0.122890,0.125401,0,-9999,-9999,-9999,-9999,-9999,-9999,-9999,-0.905539E-02,1.02758,19.3607,1.02928,104.754,1.02305,9.16641,1.02307,2.34285,1.02305,800000099,800000099,800000099,800001199,800101099,801111199,811110199,811110199,81000,81000,80,81,3,6,3,6,8,1,0.109374,0.311111,0.148226E-01,0.367955,7.41615,14569.0,0.159200E-01,0.916641E-02,2.34285,16.0000,0.00000,251.922,74.5108,9.56118,97755.1,1.31875
CH-CHA_201812041300.csv,2018-12-04,19:00,338.792,0,36000,35988,-0.357371E-01,1,0.377368E-02,-24.7897,1,2.00522,168.170,1,81.7915,-28.4008,1,17.7689,3.76482,1,1.83107,1.65465,1.85196,0.813538,0.414601E-01,0.805804E-10,0.191966E-11,20.3951,489.638,493.142,0.150000,0,485.871,11.6646,11.8023,0.150000,0,287.478,282.137,97706.0,1.20115,1011.68,0.240076E-01,0.243960,0.875539E-02,1140.01,1143.66,0.728914E-02,99.6804,3.65514,282.054,-0.766261,-1.09926,0.502204E-01,1.34092,-0.515582E-12,0.395097E-14,1.34092,3.13059,317.346,235.121,2.14636,-9999,0.172489,0.516896,17.7641,0.113150,-0.147409,-0.118269,0,-9999,-9999,-9999,-9999,-9999,-9999,-9999,-0.353001E-01,1.01238,-14.9759,1.02560,154.598,1.08525,-26.5064,1.08539,3.46099,1.08525,800000099,800000099,800000099,800001199,800001099,800101199,800000199,800100199,80100,80100,80,81,39,9,12,2,7,4,0.329586,0.673540,0.306667E-01,0.919600E-01,7.98882,74118.4,-0.123240E-01,-0.265064E-01,3.46099,16.0000,0.00000,252.342,77.1380,9.81843,97794.7,1.32592
CH-CHA_201812041900.csv,2018-12-04,19:30,338.812,0,36000,36000,-0.489839E-01,1,0.814850E-02,-17.9217,1,3.41450,42.1420,1,9.15146,49.2610,1,10.4415,0.942799,1,0.204736,-1.15162,-1.35434,3.99958,-0.302993E-01,-0.601141E-09,-0.119238E-10,23.4247,560.867,566.113,0.250000,1,464.637,11.1250,11.2501,0.250000,1,286.390,281.431,97723.0,1.20462,1011.36,0.239434E-01,0.610934E-01,0.837277E-02,1087.46,1090.27,0.695052E-02,99.7421,2.81181,281.358,-0.202936,0.125106,0.300099E-01,0.240281,0.995712E-13,-0.256627E-13,0.240281,1.96827,35.2871,148.347,7.17468,-9999,0.201651,0.269280,39.2609,0.511959E-01,-0.425270,-0.729493E-01,0,-9999,-9999,-9999,-9999,-9999,-9999,-9999,-0.480704E-01,1.01900,-15.0106,1.02639,42.0384,1.01713,49.1139,1.01716,0.940482,1.01713,800000099,800000099,800000099,800000099,800000099,800100099,811110199,811110199,80000,80000,80,81,24,5,10,24,0,60,0.381099,0.140339,0.171222E-01,0.105226,1.09173,395.075,-0.123208E-01,0.491139E-01,0.940482,16.0000,0.00000,255.000,93.7500,9.77174,97800.4,1.32293
CH-CHA_201812041900.csv,2018-12-04,20:00,338.833,0,36000,36000,-0.887138E-01,1,0.394493E-02,-48.2936,1,11.0213,87.4695,2,262.909,-342.454,1,130.148,1.95653,2,5.88080,-0.287299,-0.336211,-1.24927,-0.752045E-02,0.277398E-08,0.566045E-10,22.5133,538.635,544.547,0.250000,1,459.396,10.9912,11.1133,0.250000,1,286.128,281.255,97736.0,1.20560,1011.29,0.239252E-01,0.126783,0.827832E-02,1074.52,1077.31,0.686656E-02,99.7412,2.78807,281.182,0.108002E-02,-0.234857E-02,0.202436E-01,0.204080E-01,0.296888E-12,0.123215E-12,0.204080E-01,1.26957,248.936,294.696,82.7230,-9999,0.271265,0.166047,35.4702,0.566672E-01,-0.552120,-0.146022,0,22.7495,-3.45232,7.80916,19.4459,29.6562,41.5933,62.3143,-0.793684E-01,1.11775,-39.9849,1.07527,85.2068,1.04922,-324.372,1.04922,1.90593,1.04922,800000099,800000099,800000099,800001099,800000099,800101099,810110199,811110199,81000,81000,80,81,1,0,5,0,2,0,0.112095E-01,0.178571,0.142312,0.578749E-01,10.2834,22304.2,-0.327959E-01,-0.324372,1.90593,16.0000,0.00000,254.210,88.8123,9.60743,97804.7,1.32179
CH-CHA_201812041900.csv,2018-12-04,20:30,338.854,0,36000,36000,-0.721939E-02,0,0.163588E-02,-2.90901,0,0.770698,-7.70778,1,22.3651,-14.4465,0,5.05914,-0.172402,1,0.500247,-0.702084E-01,-0.815647E-01,6.03938,-0.182438E-02,0.170004E-10,0.288355E-12,27.0107,646.085,649.666,0.250000,1,458.147,10.9587,11.0801,0.250000,1,286.014,281.212,97744.0,1.20590,1011.26,0.239196E-01,-0.111717E-01,0.825581E-02,1071.43,1074.16,0.684620E-02,99.7461,2.72730,281.139,-0.804152,-0.718875E-01,0.404283E-01,0.808371,0.675756E-13,0.629395E-15,0.808371,1.74152,6.07283,185.108,2.86668,-9999,0.773740E-01,0.111848,13.6657,0.147084,0.377412,-0.308301E-01,0,-9999,-9999,-9999,-9999,-9999,-9999,-9999,-0.710373E-02,1.01628,-3.23814,1.03270,-6.89493,1.08044,-13.0541,1.08058,-0.154221,1.08044,800000099,800000099,800000099,800000099,800000099,800101199,801110199,811110199,80000,80000,80,80,6,9,0,7,0,3,0.826511E-01,0.129174,0.118710E-01,0.211970E-01,1.36350,11653.9,-0.265533E-02,-0.130541E-01,-0.154221,16.0000,0.00000,255.000,93.7500,9.55771,97817.3,1.31969
CH-CHA_201812041900.csv,2018-12-04,21:00,338.875,0,36000,36000,-0.727746E-02,1,0.123318E-02,-0.279172,1,0.711806,-53.3043,1,17.5863,20.2173,1,9.37821,-1.19222,1,0.393338,-0.849356E-01,-0.956877E-01,-2.91498,-0.214017E-02,-0.106380E-09,-0.195499E-11,24.8530,594.243,602.773,0.250000,1,456.734,10.9206,11.0412,0.250000,1,286.015,281.160,97764.0,1.20638,1011.25,0.239103E-01,-0.772555E-01,0.823034E-02,1067.93,1070.37,0.682232E-02,99.7724,2.43616,281.091,-0.284792,-0.168465,0.708972E-02,0.330964,-0.519020E-13,-0.428037E-14,0.330964,1.33184,344.583,210.606,1.22745,-9999,0.776689E-01,0.759290E-01,144.052,0.139533E-01,0.523732E-02,-0.294634E-02,0,-9999,-9999,-9999,-9999,-9999,-9999,-9999,-0.714044E-02,1.01919,-3.30874,1.03441,-50.9211,1.03504,20.2359,1.03510,-1.13891,1.03504,800000099,800000099,800000099,800000099,800011099,800011199,811110199,811110199,81000,81000,80,81,1,0,0,6,0,1,0.581794E-01,0.876154E-01,0.606350E-02,0.152490E-01,3.56345,6217.76,-0.271219E-02,0.202359E-01,-1.13891,16.0000,0.00000,254.105,88.1566,9.69859,97837.8,1.32149
CH-CHA_201812041900.csv,2018-12-04,21:30,338.896,0,36000,36000,-0.262596E-02,1,0.117139E-02,4.01264,1,0.625188,-118.937,2,47.2296,29.7188,1,10.8049,-2.66022,2,1.05637,0.310420E-01,0.235356E-01,-4.93522,0.526411E-03,-0.157662E-09,-0.340231E-11,21.1884,506.495,511.399,0.250000,1,457.239,10.9300,11.0508,0.250000,1,286.007,281.179,97795.0,1.20668,1011.25,0.239043E-01,-0.172382,0.823945E-02,1069.19,1071.75,0.682819E-02,99.7605,2.56685,281.108,-0.549399,-0.296308,0.292082E-01,0.624893,0.181286E-13,-0.744098E-14,0.624893,1.53603,340.119,208.339,2.67905,-9999,0.466496E-01,0.732235E-01,-2.17202,-0.925406,-0.337375E-01,0.704905E-01,0,-9999,-9999,-9999,-9999,-9999,-9999,-9999,-0.254921E-02,1.03011,-2.39460,1.06100,-103.752,1.13613,27.1203,1.13637,-2.32057,1.13613,800000099,800000099,800000099,800001199,800001099,800001099,811110199,811110199,81000,81000,80,81,2,0,5,0,4,0,0.101638,0.405579E-01,0.425124E-02,0.218333E-01,8.36696,77106.2,-0.196237E-02,0.271203E-01,-2.32057,16.0000,0.00000,254.068,87.9274,9.77066,97852.8,1.32143
CH-CHA_201812041900.csv,2018-12-04,22:00,338.917,0,36000,36000,-0.462268E-02,1,0.625276E-03,-1.95979,0,0.275705,13.2248,0,17.7002,13.9495,1,7.11652,0.295723,0,0.395800,-0.407089,-0.458699,3.35467,-0.102571E-01,-0.131469E-09,-0.249602E-11,23.6987,566.098,567.933,0.300000,0,449.936,10.7478,10.8645,0.300000,0,285.488,280.930,97778.0,1.20762,1011.15,0.238873E-01,0.191628E-01,0.810784E-02,1051.18,1053.73,0.671388E-02,99.7578,2.55213,280.859,-0.966683,-0.557892,0.485115E-01,1.11717,0.165353E-12,-0.554751E-14,1.11717,2.55697,337.017,209.990,2.48877,-9999,0.618700E-01,0.125978,10.3732,0.193769,-0.148190,-0.259409E-01,0,-9999,-9999,-9999,-9999,-9999,-9999,-9999,-0.455747E-02,1.01431,-1.19107,1.02933,12.0856,1.09201,12.7430,1.09217,0.270250,1.09201,800000099,800010099,800000099,800001199,800001099,800101099,811110199,811110199,81000,81000,80,81,2,6,2,0,7,6,0.739068E-01,0.170528,0.752074E-02,0.146558E-01,5.33370,15508.7,-0.975417E-03,0.127430E-01,0.270250,16.0000,0.00000,254.934,93.3354,9.40656,97880.7,1.31397
CH-CHA_201812041900.csv,2018-12-04,22:30,338.937,0,36000,36000,-0.155614E-01,0,0.276115E-02,-4.87324,1,0.720538,12.2649,0,19.0263,-23.4111,1,14.0085,0.274197,0,0.425355,-0.387788,-0.433373,-0.531997,-0.968859E-02,0.266779E-09,0.506847E-11,23.3233,556.654,557.698,0.250000,1,443.114,10.5758,10.6888,0.450000,0,285.098,280.693,97779.0,1.20874,1011.04,0.238669E-01,0.177679E-01,0.798491E-02,1034.36,1036.82,0.660600E-02,99.7631,2.45623,280.623,-0.972057,-0.204742,0.592565E-01,0.995151,-0.169152E-12,0.114383E-13,0.995151,2.61454,359.322,191.894,3.41371,-9999,0.113464,0.171650,25.7294,0.781208E-01,-0.397332,-0.351444E-01,0,-9999,-9999,-9999,-9999,-9999,-9999,-9999,-0.153700E-01,1.01246,-4.07694,1.02481,11.6856,1.06257,-21.8622,1.06268,0.261246,1.06257,800000099,800010099,800000099,800001199,800001099,800101099,811110199,811110199,80100,80100,80,81,0,4,6,0,5,0,0.178948,0.146923,0.174280E-01,0.112220E-01,5.76672,5437.17,-0.333605E-02,-0.218622E-01,0.261246,16.0000,0.534444,255.000,93.7500,9.10176,97898.4,1.30931
CH-CHA_201812041900.csv,2018-12-04,23:00,338.958,0,36000,36000,-0.303714E-02,1,0.811215E-03,-1.88961,0,0.719326,-20.1373,2,15.1905,-0.467913,2,1.90929,-0.450119,2,0.339545,-0.286513,-0.313374,-5.62353,-0.700468E-02,-0.838338E-10,-0.191774E-11,19.1550,456.886,459.605,0.250000,1,438.180,10.4515,10.5619,0.250000,1,284.920,280.518,97779.0,1.20955,1010.97,0.238520E-01,-0.291677E-01,0.789601E-02,1022.21,1024.49,0.652807E-02,99.7774,2.28052,280.450,-0.633298,0.326128,0.236042E-01,0.712729,-0.293967E-13,-0.437660E-14,0.712729,1.69307,33.9619,152.753,1.89787,-9999,0.501096E-01,0.798833E-01,5.71544,0.351679,0.938365E-01,-0.308383E-01,0,-9999,-9999,-9999,-9999,-9999,-9999,-9999,-0.295153E-02,1.02901,-2.81373,1.05899,-17.2380,1.14972,-0.136266,1.14997,-0.385312,1.14972,800000099,800000099,800000099,800000099,800000099,800000099,811110199,811110199,81000,81000,80,80,1,1,0,7,4,1,0.895799E-01,0.579505E-01,0.122363E-01,0.120963E-01,0.175359,3102.82,-0.230102E-02,-0.136266E-03,-0.385312,16.0000,0.00000,255.000,93.7500,9.03558,97899.6,1.30714
CH-CHA_201812041900.csv,2018-12-04,23:30,338.979,0,36000,36000,-0.581791E-02,0,0.100382E-02,-2.38225,0,1.05511,0.818155,2,23.6166,5.04586,0,5.72533,0.182858E-01,2,0.527833,-0.183482,-0.209107,2.26647,-0.467356E-02,0.654065E-10,0.136434E-11,20.8530,497.071,498.253,0.250000,1,434.982,10.3686,10.4773,0.250000,1,284.991,280.406,97802.0,1.21035,1010.93,0.238369E-01,0.118492E-02,0.783838E-02,1014.34,1016.67,0.647611E-02,99.7715,2.32308,280.337,-0.647545,0.812591E-01,0.339474E-01,0.653506,-0.662792E-13,0.313655E-14,0.653506,1.65161,15.1313,172.847,2.97766,-9999,0.693311E-01,0.920906E-01,12.0095,0.167368,-2.91173,-0.280819E-01,0,-9999,-9999,-9999,-9999,-9999,-9999,-9999,-0.572340E-02,1.01651,-2.26235,1.03243,0.887685,1.06434,4.86781,1.06445,0.198399E-01,1.06434,800000099,800000099,800000099,800000099,800000099,800101099,810110199,811110199,81100,81100,80,81,1,2,5,0,8,0,0.532368E-01,0.115741,0.152031E-01,0.196549E-01,0.820405,6015.58,-0.184896E-02,0.486781E-02,0.198399E-01,16.0000,0.00000,255.000,93.7500,8.97718,97900.1,1.30583
CH-CHA_201812041900.csv,2018-12-05,00:00,339.000,0,36000,36000,-0.362341E-02,1,0.129396E-02,-3.50092,1,0.472770,27.3907,1,14.1486,-1.26442,2,1.57424,0.612080,1,0.316169,-0.290182,-0.320047,-1.48978,-0.715187E-02,0.141420E-10,0.307731E-12,19.7608,470.677,472.116,0.250000,1,429.995,10.2419,10.3479,0.250000,1,284.747,280.229,97815.0,1.21134,1010.85,0.238187E-01,0.396628E-01,0.774851E-02,1002.08,1004.41,0.639667E-02,99.7681,2.32923,280.160,-0.246390,0.344078,0.102671E-01,0.423324,-0.191438E-13,0.715661E-15,0.423324,1.24330,58.3647,125.606,1.38976,-9999,0.546923E-01,0.704086E-01,4.01192,0.501007,-0.127814,-0.522763E-01,0,-9999,-9999,-9999,-9999,-9999,-9999,-9999,-0.354796E-02,1.02127,-1.84235,1.04113,25.8202,1.05756,-1.27730,1.05766,0.576987,1.05756,800000099,800000099,800000099,800000099,800000099,800110199,811110199,811110199,81000,81000,80,81,3,9,8,4,2,0,0.111401,0.262871E-01,0.312905E-02,0.177889E-01,0.208052,9404.01,-0.150460E-02,-0.127730E-02,0.576987,16.0000,0.00000,255.000,93.7500,8.95958,97900.6,1.30328
CH-CHA_201812041900.csv,2018-12-05,00:30,339.021,0,36000,36000,-0.931292E-03,1,0.235467E-03,1.58804,2,0.285134,-16.1859,1,7.09675,2.40770,1,1.11282,-0.361614,1,0.158551,-0.383966,-0.409867,-3.16991,-0.915697E-02,-0.351714E-10,-0.855158E-12,17.4210,414.569,420.303,0.250000,1,423.574,10.0798,10.1825,0.250000,1,284.472,279.995,97822.0,1.21251,1010.75,0.237971E-01,-0.234326E-01,0.763281E-02,986.294,988.408,0.629505E-02,99.7861,2.11421,279.928,-0.902528E-01,0.253831,0.122992E-01,0.269679,-0.150595E-12,-0.201891E-14,0.269679,1.00085,81.9825,109.574,2.61398,-9999,0.277140E-01,0.922279E-01,-1.15081,-1.74660,-0.981126E-01,0.467552E-01,0,-9999,-9999,-9999,-9999,-9999,-9999,-9999,-0.904979E-03,1.02908,0.613948,1.03028,-15.7427,1.02336,2.42045,1.02337,-0.351713,1.02336,800000099,800110099,800000099,800000099,800000099,800000099,811110199,811110199,81000,81000,80,81,5,6,0,11,23,39,0.911607E-02,0.174527,0.812837E-03,0.131724E-01,0.368914,6725.74,0.500956E-03,0.242045E-02,-0.351713,16.0000,0.00000,253.386,83.6641,8.79579,97915.3,1.30118
CH-CHA_201812041900.csv,2018-12-05,01:00,339.042,0,36000,35989,-0.876889E-03,1,0.260763E-03,-1.43881,1,0.310798,6.11597,2,2.62677,-1.48552,2,0.851298,0.136603,2,0.586698E-01,-0.458081,-0.478622,-0.692069,-0.106902E-01,-0.552796E-10,-0.135898E-11,16.9174,402.327,409.297,0.250000,1,415.894,9.89074,9.98954,0.250000,1,284.206,279.716,97787.0,1.21337,1010.65,0.237819E-01,0.885185E-02,0.749441E-02,967.445,969.623,0.617651E-02,99.7754,2.17777,279.648,-0.332810,0.239812,0.153664E-01,0.410498,-0.799238E-13,-0.326762E-14,0.410498,0.875271,43.3419,144.225,2.14528,-9999,0.268828E-01,0.591047E-01,1.15894,1.73435,-0.235255,-0.436451E-01,0,-9999,-9999,-9999,-9999,-9999,-9999,-9999,-0.833894E-03,1.05156,-0.991247,1.10347,5.35575,1.14523,-1.28289,1.14548,0.119623,1.14523,800000099,800110099,800000099,800000099,800000099,800000099,811110199,811110199,80100,80100,80,81,0,0,0,0,9,0,0.200812E-01,0.973534E-01,0.774771E-03,0.210830E-01,0.191019,967.714,-0.808329E-03,-0.128289E-02,0.119623,16.0000,0.00000,252.023,75.1447,8.50031,97902.3,1.29594
CH-CHA_201812050100.csv,2018-12-05,01:30,339.062,0,36000,36000,-0.508222E-01,1,0.617463E-02,31.1361,1,2.14195,-718.589,1,115.896,-9999,-9999,-9999,-16.0386,1,2.58674,-1.22573,-1.23944,-9999,-0.276637E-01,-9999,-0.804638E-11,-9999,-9999,-9999,-9999,1,396.219,9.40245,9.49170,0.250000,1,283.664,278.971,97738.0,1.21623,1010.36,0.237304E-01,-1.03930,0.713987E-02,919.223,920.995,0.587050E-02,99.8076,1.77200,278.908,-0.148371E-01,0.104848,0.200312E-01,0.107770,0.243097E-13,-0.203079E-13,0.107770,1.40631,92.1154,98.0545,10.7118,-9999,0.204418,0.177381,-23.5360,-0.854012E-01,-0.433294E-01,0.123952,0,59.4600,-9.02329,20.4107,50.8255,77.5121,108.712,162.870,-0.492613E-01,1.03169,-11.1658,1.03172,-702.709,1.01528,-9999,-9999,-15.6841,1.01528,800000099,800100099,800000099,800001099,800010099,811011099,811110199,811110199,80000,80000,80,81,0,2,1,28,0,0,0.170353,0.176481,0.792778E-02,0.371129E-01,-9999,50031.4,-0.908648E-02,-9999,-15.6841,16.0000,0.00000,253.250,82.8125,7.18104,97897.5,1.28279
CH-CHA_201812050100.csv,2018-12-05,02:00,339.083,0,36000,36000,0.282892E-02,1,0.110572E-02,-1.48496,1,1.72421,-10.6724,1,5.77046,-9999,-9999,-9999,-0.238086,1,0.128731,-0.840546,-0.827883,-9999,-0.184690E-01,-9999,-0.280835E-11,-9999,-9999,-9999,-9999,1,383.195,9.07705,9.16020,0.250000,1,283.293,278.461,97735.0,1.21857,1010.18,0.236878E-01,-0.154280E-01,0.690518E-02,887.383,888.961,0.566663E-02,99.8225,1.57791,278.400,-0.767994,-0.171887,0.415894E-01,0.788092,0.697835E-13,-0.732878E-14,0.788092,1.99507,357.149,192.616,3.02504,-9999,0.481821E-01,0.919627E-01,6.46170,0.311064,0.139141,-0.250370E-01,0,-9999,-9999,-9999,-9999,-9999,-9999,-9999,0.275980E-02,1.02505,-1.95863,1.05107,-9.20653,1.14061,-9999,-9999,-0.205386,1.14061,800000099,800000099,800000099,800001099,800000099,800110099,810110199,811110199,80000,80000,80,81,1,0,0,0,0,16,0.103054,0.750612E-01,0.581016E-02,0.124793,-9999,892.826,-0.159113E-02,-9999,-0.205386,16.0000,0.00000,255.000,93.7500,6.49668,97899.6,1.27678
CH-CHA_201812050100.csv,2018-12-05,02:30,339.104,0,36000,36000,-0.141729E-01,0,0.274377E-02,-11.7849,0,1.01775,119.911,2,150.602,-9999,-9999,-9999,2.67634,2,3.36133,0.821156,0.806567,-9999,0.180020E-01,-9999,0.235483E-11,-9999,-9999,-9999,-9999,1,395.974,9.39473,9.48383,0.250000,1,283.555,278.960,97754.0,1.21648,1010.36,0.237256E-01,0.173427,0.713546E-02,918.619,920.294,0.586566E-02,99.8180,1.67493,278.898,-1.08814,-0.173308E-01,0.431499E-01,1.08913,0.418430E-13,0.594693E-14,1.08913,2.90050,7.32153,180.912,2.27057,-9999,0.107938,0.133135,9.15567,0.219536,-0.982800E-01,-0.888321E-01,0,-9999,-9999,-9999,-9999,-9999,-9999,-9999,-0.139857E-01,1.01338,-4.98918,1.02722,110.581,1.07970,-9999,-9999,2.46808,1.07970,800000099,800000099,800000099,800001099,800000099,800101199,800110199,811110199,81100,81100,80,80,17,10,8,3,0,0,0.132547,0.103319,0.304045E-01,0.114043E-01,-9999,124062.,-0.405927E-02,-9999,2.46808,16.0000,0.00000,253.009,81.3076,7.26652,97899.9,1.28258
CH-CHA_201812050100.csv,2018-12-05,03:00,339.125,0,36000,36000,-0.906617E-02,0,0.125057E-02,-1.94064,0,0.752524,0.337268,0,0.331329,2.65073,0,0.746084,0.752886E-02,0,0.739630E-02,0.297714,0.298805,-9999,0.667027E-02,-0.181573E-10,-0.448644E-12,16.2185,384.985,393.315,0.250000,1,400.740,9.51250,9.60386,0.250000,1,283.734,279.141,97769.0,1.21582,1010.43,0.237374E-01,0.487870E-03,0.722133E-02,930.277,931.898,0.593946E-02,99.8261,1.62057,279.080,-0.733617,0.369705,0.405574E-01,0.822509,0.709296E-13,-0.111954E-14,0.822509,2.33703,34.8933,153.254,2.82636,-9999,0.863530E-01,0.913068E-01,28.4731,0.705931E-01,-5.75402,-0.182934E-01,0,-9999,-9999,-9999,-9999,-9999,-9999,-9999,-0.895079E-02,1.01289,-1.87462,1.02502,0.413726,1.05299,2.60152,1.05308,0.923567E-02,1.05299,800000099,800000099,800000099,800000099,800000099,800100099,800110199,811110199,81100,81100,80,81,3,7,3,2,0,31,0.520118E-01,0.112809,0.177924E-01,0.125194E-01,0.159532E-01,1.66908,-0.152594E-02,0.260152E-02,0.923567E-02,16.0000,0.00000,251.000,68.7500,7.67137,97899.8,1.28577
CH-CHA_201812050100.csv,2018-12-05,03:30,339.146,0,36000,36000,-0.114791E-01,1,0.228781E-02,-1.92782,1,0.696465,-0.488752,1,0.188961,2.00743,1,0.568451,-0.109107E-01,1,0.421830E-02,0.361923E-01,0.356700E-01,0.738025E-02,0.796283E-03,0.508814E-10,0.125865E-11,16.2267,385.115,393.447,0.250000,1,401.399,9.52656,9.61819,0.100000,0,283.914,279.163,97793.0,1.21602,1010.44,0.237334E-01,-0.707015E-03,0.723320E-02,931.881,933.317,0.594827E-02,99.8461,1.43637,279.105,-0.620173E-01,0.242873,0.113574E-01,0.250923,-0.203962E-12,0.313566E-14,0.250923,1.52598,85.4228,104.324,2.59423,-9999,0.971592E-01,0.159554,40.8330,0.492248E-01,3.94437,-0.161485E-01,0,-9999,-9999,-9999,-9999,-9999,-9999,-9999,-0.112693E-01,1.01862,-1.90578,1.02661,-0.376263,1.01800,2.06559,1.01803,-0.839955E-02,1.01800,800000099,800010099,800000099,800000099,800100099,801100099,811110199,811110199,81000,81000,80,81,3,0,2,1,6,31,0.104630,0.206192,0.828486E-02,0.104013E-01,0.123941E-01,0.973851,-0.155104E-02,0.206559E-02,-0.839955E-02,16.0000,0.00000,251.000,68.7500,7.76024,97900.7,1.28664
CH-CHA_201812050100.csv,2018-12-05,04:00,339.167,0,36000,36000,-0.314521E-02,1,0.739649E-03,-0.509348,2,0.199272,-0.905436,1,0.212455,1.94622,1,0.460220,-0.202099E-01,1,0.474212E-02,-0.233700,-0.235169,0.565714,-0.524911E-02,0.581299E-10,0.138800E-11,16.6544,395.098,403.595,0.150000,0,397.666,9.43394,9.52378,0.100000,0,284.095,279.021,97785.0,1.21658,1010.38,0.237233E-01,-0.130960E-02,0.716594E-02,922.745,924.190,0.589023E-02,99.8436,1.44543,278.963,0.606325,0.947728E-01,0.206754E-01,0.614035,-0.125601E-13,0.349036E-14,0.614035,1.31475,170.604,8.88384,1.92959,-9999,0.508458E-01,0.636416E-01,22.1484,0.907515E-01,0.562544,-0.814955E-02,0,-9999,-9999,-9999,-9999,-9999,-9999,-9999,-0.309990E-02,1.01462,-0.546236,1.02765,-0.831395,1.04696,1.89004,1.04704,-0.185572E-01,1.04696,800000099,800000099,800000099,800000099,800000099,800100099,811110199,811110199,81000,81000,80,81,0,3,1,0,5,2,0.832034E-01,0.407313E-01,0.334865E-02,0.261155E-01,0.485810E-01,5.23600,-0.444380E-03,0.189004E-02,-0.185572E-01,16.0000,0.00000,251.000,68.7500,7.60415,97899.9,1.28522
CH-CHA_201812050100.csv,2018-12-05,04:30,339.187,0,36000,36000,0.536724E-03,2,0.818216E-03,0.590351E-01,2,0.722179,0.357546,1,0.263369,1.82033,1,0.406357,0.798218E-02,1,0.587967E-02,0.330599,0.327915,0.314834,0.732066E-02,-0.727369E-10,-0.173614E-11,16.8780,400.657,409.335,0.250000,1,402.857,9.56319,9.65553,0.250000,1,283.994,279.222,97793.0,1.21574,1010.46,0.237384E-01,0.517245E-03,0.725949E-02,935.464,937.132,0.597123E-02,99.8220,1.66810,279.161,0.414127E-01,0.461150,0.159272E-01,0.463280,-0.135657E-13,-0.430957E-14,0.463280,1.13477,100.604,84.8684,1.97017,-9999,0.210113E-01,0.677164E-01,-13.4859,-0.149044,0.165112,0.228715E-02,0,-9999,-9999,-9999,-9999,-9999,-9999,-9999,0.526239E-03,1.01993,0.780638E-01,1.02427,0.342918,1.02363,1.77231,1.02365,0.765560E-02,1.02363,800000099,800010099,800000099,800000099,800000099,800000099,811110199,811110199,81100,81100,80,81,0,0,0,5,0,7,0.539837E-01,0.784902E-01,0.295866E-02,0.622582E-01,0.482975E-01,5.58051,0.635461E-04,0.177231E-02,0.765560E-02,16.0000,0.00000,251.000,68.7500,7.94831,97897.9,1.28928
CH-CHA_201812050100.csv,2018-12-05,05:00,339.208,0,36000,36000,0.437627E-02,1,0.628221E-03,-0.246052,2,0.313432,0.885991,1,0.163266,1.88805,1,0.392600,0.197827E-01,1,0.364545E-02,0.266347,0.273057,-0.206626,0.609690E-02,-0.184320E-09,-0.448993E-11,16.7173,397.007,405.637,0.250000,1,407.224,9.67089,9.76533,0.250000,1,283.778,279.384,97809.0,1.21519,1010.52,0.237483E-01,0.128192E-02,0.733818E-02,946.154,947.680,0.603872E-02,99.8390,1.52576,279.325,-0.344356,0.243879,0.139231E-01,0.422199,-0.172553E-13,-0.110257E-13,0.422199,0.981529,38.4367,144.693,1.88981,-9999,0.600109E-01,0.580803E-01,75.3967,0.266590E-01,-0.277714,-0.333894E-02,0,-9999,-9999,-9999,-9999,-9999,-9999,-9999,0.431453E-02,1.01431,-0.189948,1.02238,0.871845,1.02140,1.85248,1.02143,0.194668E-01,1.02140,800000099,800110099,800000099,800000099,800000099,800000099,811110199,811110199,81100,81100,80,81,1,4,0,12,0,40,0.308656E-01,0.829832E-01,0.231219E-02,0.747056E-02,0.473855E-01,2.73287,-0.154684E-03,0.185248E-02,0.194668E-01,16.0000,0.00000,251.000,68.7500,8.38093,97895.4,1.29438
CH-CHA_201812050100.csv,2018-12-05,05:30,339.229,0,36000,36000,-0.129097E-01,1,0.189525E-02,3.55345,1,0.723374,-0.407662,2,0.407044,3.61081,1,0.537139,-0.910288E-02,2,0.908906E-02,0.887695E-01,0.881006E-01,0.159062,0.196724E-02,-0.337611E-09,-0.819561E-11,16.8330,399.817,408.501,0.250000,1,408.626,9.70564,9.80077,0.250000,1,283.975,279.438,97813.0,1.21499,1010.54,0.237519E-01,-0.589867E-03,0.736343E-02,949.593,951.219,0.606050E-02,99.8291,1.62563,279.378,-0.152687,-0.336310E-01,0.128150E-01,0.156871,-0.863236E-13,-0.200565E-13,0.156871,1.26321,17.1511,192.422,4.68579,-9999,0.103080,0.155067,-26.4588,-0.759671E-01,-8.71665,0.280772E-01,0,-9999,-9999,-9999,-9999,-9999,-9999,-9999,-0.123725E-01,1.04342,3.39364,1.03990,-0.576553,1.02894,3.34332,1.02895,-0.128741E-01,1.02894,800000099,800110099,800000099,800000099,800010099,800010099,811110199,811110199,80100,80100,80,81,1,0,0,13,1,13,0.151706,0.155104,0.332269E-02,0.318458E-01,0.236544E-01,5.51343,0.276401E-02,0.334332E-02,-0.128741E-01,16.0000,0.00000,251.000,68.7500,8.39558,97894.8,1.29400
CH-CHA_201812050100.csv,2018-12-05,06:00,339.250,0,36000,36000,-0.120284E-02,0,0.350056E-03,0.965050,1,0.585306,0.310796,1,0.100402,1.59781,1,0.532360,0.693992E-02,1,0.224194E-02,0.328733E-02,0.103334E-01,0.463842,0.230739E-03,0.341536E-10,0.812775E-12,17.1758,408.012,416.848,0.250000,1,408.744,9.70972,9.80492,0.150000,0,284.470,279.440,97801.0,1.21483,1010.54,0.237550E-01,0.449707E-03,0.736557E-02,949.875,951.350,0.606305E-02,99.8450,1.47459,279.382,0.898433E-01,0.281577,-0.115889E-02,0.295565,0.601999E-13,0.198847E-14,0.295565,0.879846,115.237,72.3036,-0.224653,-9999,0.314664E-01,0.689864E-01,-2.77115,-0.725331,3.10509,0.249823E-01,0,-9999,-9999,-9999,-9999,-9999,-9999,-9999,-0.117097E-02,1.02721,0.955551,1.02904,0.250524,1.02299,1.51188,1.02301,0.559407E-02,1.02299,800000099,800110099,800000099,800000099,800000099,800100099,811110199,811110199,81100,81100,80,81,8,0,2,6,2,9,0.231460E-01,0.113240,0.158674E-02,0.474743E-01,0.107391,1.33352,0.778367E-03,0.151188E-02,0.559407E-02,16.0000,0.00000,251.000,68.7500,8.45329,97888.4,1.29487
CH-CHA_201812050100.csv,2018-12-05,06:30,339.271,0,36000,36000,-0.599591E-02,0,0.115894E-02,-1.42219,1,1.55058,1.05885,1,0.220796,1.73566,1,0.355138,0.236422E-01,1,0.492998E-02,-0.100249,-0.934460E-01,-0.277849,-0.208648E-02,0.110226E-09,0.264499E-11,16.9668,403.102,411.813,0.250000,1,407.135,9.67285,9.76733,0.100000,0,284.650,279.379,97766.0,1.21468,1010.51,0.237583E-01,0.153201E-02,0.733657E-02,945.930,947.352,0.603995E-02,99.8498,1.42292,279.322,-0.933947,0.112127,0.431450E-01,0.941642,0.106285E-12,0.649658E-14,0.941642,2.30861,17.2203,173.154,2.62615,-9999,0.702583E-01,0.112806,20.9260,0.960529E-01,-1.34315,-0.164914E-01,0,-9999,-9999,-9999,-9999,-9999,-9999,-9999,-0.591659E-02,1.01341,-1.32703,1.02680,1.05266,1.06798,1.68195,1.06810,0.235041E-01,1.06798,800000099,800010099,800000099,800000099,800000099,800100099,811110199,811110199,81100,81100,80,81,1,0,4,0,0,5,0.835118E-01,0.133381,0.871883E-02,0.876936E-01,0.289745E-01,4.63446,-0.108113E-02,0.168195E-02,0.235041E-01,16.0000,0.00000,251.000,68.7500,8.33044,97899.4,1.29261
CH-CHA_201812050100.csv,2018-12-05,07:00,339.292,0,36000,35989,-0.780449E-02,0,0.117880E-02,0.168415,1,1.22987,2.37407,0,0.426579,2.62546,0,0.421832,0.530182E-01,0,0.952645E-02,0.306922,0.329663,-0.104124,0.736209E-02,0.286629E-11,0.700259E-13,16.8669,401.260,409.914,0.300000,0,412.072,9.80312,9.90017,0.100000,0,283.736,279.566,97702.0,1.21301,1010.59,0.237898E-01,0.343558E-02,0.742554E-02,958.042,959.654,0.612159E-02,99.8320,1.61222,279.506,-0.876112,-0.539522,0.433435E-01,1.02982,-0.412678E-14,0.169936E-15,1.02982,2.13586,335.140,211.625,2.41220,-9999,0.802121E-01,0.656979E-01,-262.844,-0.764711E-02,0.709394E-01,0.171278E-02,0,-9999,-9999,-9999,-9999,-9999,-9999,-9999,-0.770685E-02,1.01267,0.298974,1.02013,2.25911,1.03657,2.50418,1.03663,0.504509E-01,1.03657,800000099,800010099,800000099,800000099,800000099,800000099,801110199,811110199,81100,81100,80,80,5,3,0,4,1,7,0.721003E-01,0.498906E-01,0.940487E-02,0.564286E-01,0.166823E-01,6.83864,0.243889E-03,0.250418E-02,0.504509E-01,16.0000,0.00000,251.000,68.7500,8.28097,97899.5,1.29500
CH-CHA_201812050700.csv,2018-12-05,07:30,339.312,0,36000,36000,-0.692122E-02,1,0.202921E-02,-1.23326,0,0.474005,0.720212,1,0.461314,1.93778,0,0.754985,0.160838E-01,1,0.103021E-01,-0.147570E-01,0.108731E-01,-0.651580E-01,0.242818E-03,-0.116848E-09,-0.286419E-11,16.8017,400.106,408.664,0.300000,0,411.844,9.80742,9.90456,0.250000,1,283.607,279.557,97602.0,1.21180,1010.60,0.238134E-01,0.104223E-02,0.742144E-02,957.481,959.058,0.612429E-02,99.8355,1.57765,279.498,-0.682446,-0.528796E-01,0.253456E-01,0.684961,0.453646E-13,-0.695456E-14,0.684961,1.88693,8.20877,184.431,2.12060,-9999,0.755745E-01,0.105841,29.9995,0.670011E-01,-1.71236,-0.133251E-01,0,-9999,-9999,-9999,-9999,-9999,-9999,-9999,-0.683107E-02,1.01320,-1.16315,1.02475,0.747245,1.04327,1.90912,1.04334,0.166875E-01,1.04327,800000099,800010099,800000099,800000099,800000099,800001099,811110199,811110199,81100,81100,80,81,12,6,4,2,9,37,0.123368,0.787712E-01,0.954381E-02,0.672051E-02,0.272666E-01,5.80343,-0.949786E-03,0.190912E-02,0.166875E-01,16.0000,0.733299E-06,251.000,68.7500,8.33085,97899.6,1.29476
CH-CHA_201812050700.csv,2018-12-05,08:00,339.333,0,36000,36000,-0.276934E-02,1,0.265907E-03,-1.68027,0,0.578625,0.517783,1,0.224598,4.21409,0,0.752623,0.115624E-01,1,0.501541E-02,-0.106523,-0.914839E-01,0.211895,-0.204289E-02,-0.102382E-10,-0.247710E-12,16.9506,403.861,412.470,0.250000,1,410.113,9.77122,9.86764,0.250000,1,283.705,279.492,97529.0,1.21120,1010.58,0.238257E-01,0.749245E-03,0.739023E-02,953.233,954.769,0.610160E-02,99.8391,1.53622,279.433,-0.291667,0.352900,0.402181E-02,0.457847,0.243708E-13,-0.604004E-15,0.457847,1.04704,58.5985,129.573,0.503302,-9999,0.478169E-01,0.619469E-01,5.57409,0.360597,-3.24512,-0.287086E-01,0,-9999,-9999,-9999,-9999,-9999,-9999,-9999,-0.270568E-02,1.02353,-1.57753,1.04645,0.562040,1.07275,4.00111,1.07287,0.125507E-01,1.07275,800000099,800010099,800000099,800000099,800000099,810101099,811110199,811110199,81100,81100,80,81,9,16,4,1,23,0,0.163669E-01,0.103305,0.422196E-02,0.170331E-01,0.497772E-01,3.41174,-0.128883E-02,0.400111E-02,0.125507E-01,16.0000,0.00000,251.000,68.7500,8.48267,97899.7,1.29457
CH-CHA_201812050700.csv,2018-12-05,08:30,339.354,0,36000,36000,0.111749E-01,1,0.176557E-02,-2.05471,1,0.563072,-8.56934,2,3.07475,4.25002,1,1.01601,-0.191367,2,0.686639E-01,0.704244E-01,0.848692E-01,0.100462,0.189526E-02,0.264385E-09,0.639048E-11,17.0146,405.642,414.137,0.250000,1,411.262,9.80483,9.90191,0.400000,0,284.107,279.535,97482.0,1.21041,1010.60,0.238409E-01,-0.124006E-01,0.741093E-02,956.051,957.605,0.612266E-02,99.8377,1.55419,279.476,-0.573410,0.422685E-01,0.617181E-02,0.574999,-0.883828E-13,0.155387E-13,0.574999,2.90071,8.07483,175.784,0.615001,-9999,0.960851E-01,0.112005,36.9727,0.543645E-01,0.239775,-0.174817E-01,0,-9999,-9999,-9999,-9999,-9999,-9999,-9999,0.110221E-01,1.01386,-2.48759,1.02524,-8.07266,1.03741,4.26991,1.03747,-0.180275,1.03741,800000099,800010099,800000099,800000099,800100199,800101199,810110199,811110199,81000,81000,80,81,7,4,2,2,1,29,0.515717E-01,0.161109,0.113295E-01,0.613449E-02,0.298436E-01,107.456,-0.203361E-02,0.426991E-02,-0.180275,16.0000,0.00000,251.000,68.7500,8.56621,97900.1,1.29516
CH-CHA_201812050700.csv,2018-12-05,09:00,339.375,1,36000,36000,-0.529999E-02,0,0.777045E-03,2.74723,2,1.89278,0.576803,2,0.519543,0.803763,1,0.243084,0.128832E-01,2,0.116043E-01,0.310872,0.333811,0.111275,0.745587E-02,-0.960297E-12,-0.234108E-13,17.0802,407.618,415.865,0.250000,1,416.393,9.93718,10.0369,0.150000,0,284.707,279.725,97450.0,1.20913,1010.68,0.238649E-01,0.834834E-03,0.750340E-02,968.637,970.224,0.620562E-02,99.8365,1.58632,279.666,-0.503133,-0.577535E-01,0.234576E-01,0.506980,0.158245E-13,-0.562228E-16,0.506980,1.18832,2.03939,186.548,2.65199,-9999,0.662065E-01,0.718069E-01,-9.04439,-0.222237,4.76285,0.339554E-01,0,-9999,-9999,-9999,-9999,-9999,-9999,-9999,-0.520227E-02,1.01878,2.71692,1.02355,0.411264,1.02427,0.645557,1.02430,0.918581E-02,1.02427,800000099,800010099,800000099,800000099,800000099,800100099,811110199,811110199,81000,81000,80,81,21,1,5,0,12,0,0.364894E-01,0.998573E-01,0.726724E-02,0.108005,0.518422E-02,22.8446,0.222327E-02,0.645557E-03,0.918581E-02,16.0000,0.00000,251.000,68.7500,8.78626,97901.8,1.29830
CH-CHA_201812050700.csv,2018-12-05,09:30,339.396,1,36000,36000,-0.105254E-01,1,0.322885E-02,-1.04837,2,2.16917,4.38737,1,1.04069,0.679185,1,0.415363,0.980041E-01,1,0.232467E-01,0.168430,0.182579,-0.204406,0.407841E-02,0.119020E-09,0.294896E-11,16.9182,403.987,412.048,0.100000,0,419.184,10.0096,10.1108,0.250000,1,285.506,279.828,97429.0,1.20839,1010.72,0.238788E-01,0.635066E-02,0.755369E-02,975.488,977.126,0.625103E-02,99.8324,1.63766,279.768,-0.508852,-0.270301,0.227633E-01,0.576638,-0.874203E-13,0.703501E-14,0.576638,2.02272,357.225,207.977,2.26239,-9999,0.933290E-01,0.197718,66.3811,0.302797E-01,-0.238952,-0.919735E-02,0,-9999,-9999,-9999,-9999,-9999,-9999,-9999,-0.103936E-01,1.01268,-0.774941,1.02170,4.28152,1.02791,0.672678,1.02795,0.956396E-01,1.02791,800000099,800010099,800000099,800000099,800000099,800000099,811110199,811110199,80100,80100,80,81,4,19,0,21,1,0,0.252633,0.132916,0.988776E-02,0.829302E-01,0.502969E-02,20.3495,-0.634501E-03,0.672678E-03,0.956396E-01,16.0000,0.00000,251.000,68.7500,8.93523,97908.1,1.30026
CH-CHA_201812050700.csv,2018-12-05,10:00,339.417,1,36000,36000,-0.247664E-02,0,0.827714E-03,1.06524,1,1.01743,6.10968,0,0.966483,-1.09236,0,0.220523,0.136497,0,0.215923E-01,0.253262,0.270008,-0.143267,0.603227E-02,-0.636552E-10,-0.160419E-11,16.7980,401.441,409.368,0.250000,1,423.331,10.1168,10.2202,0.250000,1,286.453,279.983,97404.0,1.20736,1010.78,0.238982E-01,0.884499E-02,0.762842E-02,985.685,987.594,0.631825E-02,99.8067,1.90902,279.919,-0.559940,0.905470E-01,0.236314E-01,0.567706,0.481886E-13,-0.378945E-14,0.567706,1.33974,15.4752,170.814,2.38569,-9999,0.452911E-01,0.482494E-01,-7.46502,-0.269256,0.174353,0.192726E-01,0,-9999,-9999,-9999,-9999,-9999,-9999,-9999,-0.243409E-02,1.01748,1.39328,1.02273,5.84079,1.02534,-1.16986,1.02537,0.130490,1.02534,800000099,800010099,800000099,800000099,800000099,800011199,811110199,811110199,80100,80100,80,81,5,6,0,6,30,9,0.375596E-01,0.509865E-01,0.795268E-02,0.802153E-01,0.223062E-02,17.0401,0.114168E-02,-0.116986E-02,0.130490,16.0000,0.00000,251.000,68.7500,9.24127,97918.6,1.30384
CH-CHA_201812050700.csv,2018-12-05,10:30,339.437,1,36000,36000,-0.412955E-02,0,0.538357E-03,7.94072,0,2.55293,10.2825,0,1.34962,-4.58466,0,0.838440,0.229800,0,0.301623E-01,0.580093,0.591052,-0.320304,0.132092E-01,0.903883E-10,0.236431E-11,16.5601,395.747,403.511,0.250000,1,433.167,10.3516,10.4599,0.250000,1,287.150,280.338,97530.0,1.20729,1010.91,0.238976E-01,0.148910E-01,0.780566E-02,1009.87,1011.94,0.646546E-02,99.7947,2.07752,280.273,-0.237492,0.162379,-0.247472E-02,0.287708,-0.937526E-13,0.545820E-14,0.287708,2.20461,57.4397,145.639,-0.492836,-9999,0.584853E-01,0.145203,-2.15843,-0.931232,0.772255,0.111247,0,-9999,-9999,-9999,-9999,-9999,-9999,-9999,-0.401807E-02,1.02775,8.30819,1.02939,9.50679,1.02308,-4.94573,1.02310,0.212464,1.02308,800000099,800000099,800000099,800000099,800000099,800100099,811110199,811110199,80100,80100,80,81,5,0,1,8,13,18,0.598541E-01,0.218817,0.117354E-01,0.100178,0.160486E-01,32.5357,0.680741E-02,-0.494573E-02,0.212464,16.0000,0.00000,251.000,68.7500,10.0189,97901.1,1.31155
CH-CHA_201812050700.csv,2018-12-05,11:00,339.458,1,36000,36000,-0.774753E-02,0,0.189344E-02,14.0343,0,2.00525,5.56137,2,1.95458,-8.10479,0,1.03760,0.124321,2,0.436934E-01,0.442855,0.457907,-0.278233,0.102362E-01,-0.350737E-10,-0.945367E-12,16.3535,390.802,398.258,0.350000,0,440.788,10.5336,10.6457,0.300000,0,288.165,280.609,97626.0,1.20722,1011.03,0.238972E-01,0.805601E-02,0.794300E-02,1028.63,1030.89,0.657955E-02,99.7809,2.25867,280.542,-0.479249,-0.349262,-0.168814E-01,0.593252,0.755424E-14,-0.214472E-14,0.593252,2.00740,327.193,216.083,-1.63061,-9999,0.801102E-01,0.819734E-01,-3.14089,-0.639945,2.52354,0.143534,0,-9999,-9999,-9999,-9999,-9999,-9999,-9999,-0.761793E-02,1.01701,14.0473,1.02244,4.57655,1.02584,-8.60102,1.02587,0.102306,1.02584,800000099,800000099,800000099,800000099,800000099,800000099,801100199,811110199,80100,80100,80,81,2,5,1,6,2,22,0.771523E-01,0.671007E-01,0.196936E-01,0.360802E-01,0.117794E-01,101.208,0.115092E-01,-0.860102E-02,0.102306,16.0000,0.00000,251.000,68.7500,10.4470,97900.0,1.31727
CH-CHA_201812050700.csv,2018-12-05,11:30,339.479,1,36000,36000,-0.462930E-02,0,0.450436E-02,17.8756,0,3.11864,20.9244,0,2.72353,-5.58210,0,1.01786,0.467963,0,0.609103E-01,0.768072,0.802777,-0.174336,0.179537E-01,0.235155E-09,0.658256E-11,16.2232,387.703,394.953,0.250000,1,454.126,10.8527,10.9718,0.250000,1,288.726,281.079,97786.0,1.20704,1011.20,0.238980E-01,0.303240E-01,0.818335E-02,1061.53,1064.48,0.677971E-02,99.7226,2.95287,281.003,0.130651,-0.127926,-0.281806E-02,0.182874,-0.121862E-12,0.144950E-13,0.182874,1.01794,234.035,315.604,-0.882953,-9999,0.619296E-01,0.100150,-1.14064,-1.76217,0.854296,0.236485,0,-9999,-9999,-9999,-9999,-9999,-9999,-9999,-0.445673E-02,1.03872,18.4539,1.03673,19.1274,1.02676,-6.43655,1.02677,0.427774,1.02676,800000099,800000099,800000099,800000099,800000099,800011199,811110199,811110199,80100,80100,81,81,4,9,0,42,58,63,0.126792,0.511022E-01,0.224071E-01,0.826534E-01,0.865101E-02,32.0742,0.151192E-01,-0.643655E-02,0.427774,16.0000,0.00000,251.000,68.7500,11.4975,97873.8,1.32986
CH-CHA_201812050700.csv,2018-12-05,12:00,339.500,1,36000,36000,0.754830E-02,0,0.411409E-02,27.5328,0,4.05630,11.1718,1,3.36604,-5.87176,0,1.05481,0.249940,1,0.753065E-01,0.609525,0.660170,0.112734,0.147696E-01,-0.232029E-09,-0.661795E-11,16.3055,389.707,396.770,0.250000,1,465.067,11.1153,11.2402,0.250000,1,289.544,281.452,97906.0,1.20679,1011.36,0.239004E-01,0.161961E-01,0.838050E-02,1088.54,1091.83,0.694443E-02,99.6994,3.28203,281.372,-0.357909,-0.156175,-0.931028E-02,0.390610,-0.231816E-12,-0.142301E-13,0.390610,1.78379,333.986,203.574,-1.36579,-9999,0.790875E-01,0.161352,-1.54380,-1.30198,2.46449,0.285236,0,-9999,-9999,-9999,-9999,-9999,-9999,-9999,0.738322E-02,1.02236,27.4887,1.02585,9.17147,1.02290,-7.11307,1.02292,0.205188,1.02290,800000099,800000099,800000099,800000099,800000099,800011199,811110199,811110199,80100,80100,80,81,22,0,0,44,34,41,0.901945E-01,0.209993,0.225168E-01,0.109532,0.135278E-01,153.569,0.225224E-01,-0.711307E-02,0.205188,16.0000,0.00000,250.073,62.9559,12.4165,97810.0,1.33823
CH-CHA_201812050700.csv,2018-12-05,12:30,339.521,1,36000,36000,-0.197978E-02,1,0.193646E-02,20.4930,0,2.56334,34.3082,0,5.91945,-9.14316,0,1.24398,0.767849,0,0.132482,0.643602,0.722462,0.747421E-01,0.161693E-01,0.115647E-09,0.337231E-11,16.3541,391.036,397.895,0.250000,1,476.894,11.4028,11.5344,0.250000,1,290.052,281.846,98001.0,1.20615,1011.52,0.239107E-01,0.497566E-01,0.859363E-02,1117.79,1121.38,0.712487E-02,99.6797,3.59178,281.763,-0.252276,-0.956950E-01,0.949167E-03,0.269817,0.104983E-12,0.707141E-14,0.269817,1.56987,351.750,200.773,0.201556,-9999,0.405144E-01,0.154724,-0.279039,-7.20328,0.597321,0.414591,0,-9999,-9999,-9999,-9999,-9999,-9999,-9999,-0.192386E-02,1.02907,21.8957,1.03027,31.9020,1.02336,-10.1802,1.02337,0.713994,1.02336,800000099,800000099,800000099,800000099,800000099,800001099,810110199,811110199,80100,80100,81,81,1,0,0,36,35,29,0.113637,0.177340,0.184696E-01,0.776035E-01,0.191034E-01,212.979,0.179466E-01,-0.101802E-01,0.713994,16.0000,0.00000,250.000,62.5000,13.0316,97799.8,1.34253
CH-CHA_201812050700.csv,2018-12-05,13:00,339.542,1,36000,35989,-0.350201E-02,1,0.233074E-02,15.2647,0,1.84086,35.7806,0,7.81169,-7.74574,0,1.20237,0.800866,0,0.174847,0.140358,0.174992,0.300153,0.391679E-02,-0.963985E-10,-0.279011E-11,16.5626,396.379,402.765,0.250000,1,479.380,11.4726,11.6057,0.250000,1,290.477,281.932,97943.0,1.20503,1011.57,0.239321E-01,0.518961E-01,0.863842E-02,1123.96,1127.93,0.716862E-02,99.6483,3.96691,281.845,-0.573898,-0.310412,0.177272E-01,0.652709,-0.192757E-13,-0.582025E-14,0.652709,1.72551,337.847,208.408,1.55631,-9999,0.539088E-01,0.127050,-0.882180,-2.27845,0.426619,0.232292,0,-9999,-9999,-9999,-9999,-9999,-9999,-9999,-0.344665E-02,1.01606,17.0257,1.02187,33.5112,1.02708,-8.56662,1.02712,0.750071,1.02708,800000099,800000099,800000099,800000099,800000099,800000099,811010199,811110199,80100,80100,80,81,4,2,2,21,19,11,0.177528,0.603646E-01,0.162086E-01,0.474778E-01,0.240908E-01,500.641,0.139673E-01,-0.856662E-02,0.750071,16.0000,0.00000,250.000,62.5000,12.9078,97784.0,1.34640
CH-CHA_201812051300.csv,2018-12-05,13:30,339.562,1,36000,36000,-0.833477E-02,1,0.233067E-02,18.1259,0,2.45959,12.1567,1,3.33330,-4.09130,0,0.924075,0.272174,1,0.746286E-01,0.463680,0.609298,0.491939,0.136415E-01,-0.177692E-09,-0.513836E-11,16.8758,405.164,411.211,0.250000,1,488.001,11.7162,11.8551,0.250000,1,290.649,282.217,97730.0,1.20109,1011.71,0.240085E-01,0.176369E-01,0.879377E-02,1145.33,1149.85,0.732152E-02,99.6064,4.52583,282.123,-0.422520E-01,0.172122,0.596083E-02,0.177332,0.286084E-13,-0.105294E-13,0.177332,1.26210,92.4866,103.792,1.92630,-9999,0.833029E-01,0.806611E-01,-2.73711,-0.734350,1.49102,0.179064,0,-9999,-9999,-9999,-9999,-9999,-9999,-9999,-0.801713E-02,1.03962,18.1812,1.03734,10.5750,1.02716,-4.95884,1.02717,0.236762,1.02716,800000099,800000099,800000099,800000099,800000099,800001199,811010199,811110199,80100,80100,81,81,0,2,0,20,50,54,0.490410E-01,0.935075E-01,0.187734E-01,0.464653E-01,0.130604E-01,117.736,0.149622E-01,-0.495884E-02,0.236762,16.0000,0.00000,250.000,62.5000,12.8455,97725.5,1.34871
CH-CHA_201812051300.csv,2018-12-05,14:00,339.583,1,36000,36000,0.689990E-02,1,0.491363E-02,14.7379,0,2.70505,31.1808,1,7.65240,-6.99111,0,1.22643,0.698289,1,0.171374,0.459825,0.565189,0.392554,0.126573E-01,-0.124736E-10,-0.361407E-12,17.1451,412.183,417.908,0.250000,1,496.757,11.9425,12.0868,0.250000,1,291.215,282.500,97696.0,1.19936,1011.84,0.240410E-01,0.452491E-01,0.895155E-02,1167.05,1172.00,0.746360E-02,99.5775,4.95170,282.402,0.191924,0.112885,-0.389444E-02,0.222695,0.823818E-13,-0.727532E-15,0.222695,1.14974,157.601,30.4631,-1.00203,-9999,0.758484E-01,0.105437,-2.54054,-0.791172,0.472659,0.160113,0,-9999,-9999,-9999,-9999,-9999,-9999,-9999,0.667654E-02,1.03345,16.0926,1.03320,29.1363,1.02466,-7.82302,1.02467,0.652502,1.02466,800000099,800000099,800000099,800000099,800000099,800001099,811110199,811110199,80100,80100,81,81,0,0,0,13,36,41,0.144642,0.486432E-01,0.175889E-01,0.102513,0.183424E-01,327.940,0.132607E-01,-0.782302E-02,0.652502,16.0000,0.00000,250.000,62.5000,13.3981,97699.9,1.35513
CH-CHA_201812051300.csv,2018-12-05,14:30,339.604,1,36000,36000,-0.633606E-02,1,0.170891E-02,13.8309,1,3.65168,16.3718,0,2.79333,-3.06041,0,0.927626,0.366618,0,0.625519E-01,-0.120240,-0.132650,0.390110,-0.297047E-02,-0.120597E-09,-0.342072E-11,17.4358,419.159,424.669,0.250000,1,494.565,11.8894,12.0324,0.250000,1,292.308,282.426,97674.0,1.19943,1011.81,0.240401E-01,0.237569E-01,0.891207E-02,1161.60,1166.17,0.743025E-02,99.6075,4.57723,282.332,-0.388783,-0.447260,0.225435E-01,0.593045,0.474994E-13,-0.691663E-14,0.593045,1.78070,324.815,229.001,2.17852,-9999,0.726812E-01,0.150519,-2.38157,-0.843979,0.844798,0.156803,0,-9999,-9999,-9999,-9999,-9999,-9999,-9999,-0.623005E-02,1.01702,14.4891,1.02245,14.9010,1.02583,-3.81892,1.02586,0.333681,1.02583,800000099,800000099,800000099,800000099,800010099,800011099,810110199,811110199,80100,80100,80,81,20,1,1,16,17,29,0.158184,0.131274,0.115795E-01,0.178056,0.195737E-01,92.6872,0.119390E-01,-0.381892E-02,0.333681,16.0000,0.00000,249.397,58.7318,13.0147,97699.4,1.35149
CH-CHA_201812051300.csv,2018-12-05,15:00,339.625,1,36000,36000,-0.140113E-01,1,0.245875E-02,3.63808,1,0.466930,-27.2194,2,14.2537,10.2741,2,3.67975,-0.609367,2,0.319101,-0.460175,-0.541375,1.09928,-0.121199E-01,-0.771059E-10,-0.205116E-11,18.2670,438.800,443.785,0.250000,1,485.935,11.6728,11.8107,0.250000,1,292.996,282.143,97652.0,1.20046,1011.68,0.240214E-01,-0.394870E-01,0.875655E-02,1140.18,1144.12,0.729432E-02,99.6554,3.94265,282.057,-0.303252,-0.712833E-01,0.187353E-01,0.312080,-0.172199E-12,-0.422105E-14,0.312080,1.66646,15.1987,193.228,3.44174,-9999,0.108035,0.164866,-29.7286,-0.676116E-01,-0.133657,0.277280E-01,0,-9999,-9999,-9999,-9999,-9999,-9999,-9999,-0.136539E-01,1.02617,1.92724,1.02835,-26.5260,1.02285,10.1163,1.02287,-0.593842,1.02285,800000099,800010099,800000099,800000099,800001099,800101099,811110199,811110199,80100,80100,80,81,1,0,1,12,6,1,0.182501,0.142247,0.498416E-02,0.747492E-02,0.618258,4591.96,0.158688E-02,0.101163E-01,-0.593842,16.0000,0.00000,249.396,58.7280,11.8378,97679.6,1.34157
CH-CHA_201812051300.csv,2018-12-05,15:30,339.646,1,36000,36000,-0.533901E-02,1,0.107582E-02,0.832681,1,0.274798,0.546286,1,6.42643,-3.15128,1,1.92469,0.122245E-01,1,0.143807,-0.745629,-0.855553,2.01151,-0.191451E-01,-0.310660E-10,-0.741561E-12,19.7864,474.694,479.068,0.250000,1,472.311,11.3312,11.4611,0.250000,1,292.874,281.685,97617.0,1.20214,1011.48,0.239910E-01,0.792145E-03,0.851104E-02,1106.41,1109.22,0.707992E-02,99.7471,2.80522,281.612,0.121139E-02,0.411081,0.137186E-01,0.411311,0.745803E-14,-0.157007E-14,0.411311,1.05095,93.9538,89.8312,1.91136,-9999,0.666427E-01,0.403942E-01,-30.4788,-0.659474E-01,1.52426,0.102758E-01,0,-9999,-9999,-9999,-9999,-9999,-9999,-9999,-0.522621E-02,1.02158,0.844257,1.02534,0.477769,1.02305,-3.13290,1.02307,0.106912E-01,1.02305,800000099,800110099,800000099,800000099,800000099,800001099,811110199,811110199,80100,80100,80,81,10,0,0,9,4,0,0.611909E-01,0.174243E-01,0.217342E-02,0.589024E-02,0.304302,1421.45,0.694323E-03,-0.313290E-02,0.106912E-01,16.0000,0.00000,250.193,63.7080,11.3028,97619.7,1.33190
CH-CHA_201812051300.csv,2018-12-05,16:00,339.667,1,36000,36000,-0.152221E-01,1,0.230247E-02,-0.954538,2,0.344932,-1.39625,1,1.12602,1.91090,1,0.769576,-0.312353E-01,1,0.251900E-01,-0.505093,-0.575650,-1.36199,-0.128777E-01,0.180795E-10,0.445619E-12,18.7902,450.411,456.024,0.300000,0,463.136,11.1016,11.2262,0.250000,1,292.796,281.375,97593.0,1.20327,1011.35,0.239705E-01,-0.202405E-02,0.834572E-02,1083.73,1086.13,0.693585E-02,99.7789,2.40144,281.307,0.115111,0.579183E-01,0.118868E-01,0.129408,0.245283E-14,0.962178E-15,0.129408,0.976678,137.279,26.7094,5.27036,-9999,0.112474,0.859489E-01,127.788,0.157291E-01,0.683642,-0.697388E-02,0,-9999,-9999,-9999,-9999,-9999,-9999,-9999,-0.147992E-01,1.02857,-1.01055,1.02907,-1.30422,1.01443,1.94921,1.01444,-0.291765E-01,1.01443,800000099,800100099,800000099,800000099,800010199,800011199,811110199,811110199,81000,81000,80,81,8,0,1,15,8,0,0.125149,0.441059E-01,0.264308E-02,0.519249E-02,0.395167E-01,37.5322,-0.830414E-03,0.194921E-02,-0.291765E-01,16.0000,0.00000,249.000,56.2500,10.7973,97600.3,1.32693
CH-CHA_201812051300.csv,2018-12-05,16:30,339.687,0,36000,36000,0.291455E-02,1,0.123727E-02,-1.57915,1,0.588757,0.855347,1,0.467652,-0.524417,2,0.850759,0.191297E-01,1,0.104590E-01,-0.451691,-0.515608,0.168034,-0.115315E-01,0.153155E-09,0.368062E-11,18.9312,453.405,458.970,0.250000,1,454.954,10.8962,11.0162,0.300000,0,292.832,281.098,97580.0,1.20439,1011.23,0.239501E-01,0.123960E-02,0.819827E-02,1063.53,1065.86,0.680698E-02,99.7819,2.32464,281.031,-0.463515,0.157410,0.259431E-01,0.490201,0.130562E-12,0.809010E-14,0.490201,1.57563,42.3084,161.243,3.03370,-9999,0.491928E-01,0.131288,6.46171,0.311063,-1.84621,-0.263575E-01,0,-9999,-9999,-9999,-9999,-9999,-9999,-9999,0.285275E-02,1.02166,-1.46616,1.04267,0.878250,1.07015,-0.416503,1.07027,0.196419E-01,1.07015,800000099,800100099,800000099,800000099,800000199,800110199,811110199,811110199,80000,80000,80,81,9,0,1,4,16,35,0.802957E-01,0.179362,0.291823E-02,0.259626E-01,0.714808E-01,10.6127,-0.120382E-02,-0.416503E-03,0.196419E-01,16.0000,0.00000,249.000,56.2500,10.2003,97583.2,1.32094
CH-CHA_201812051300.csv,2018-12-05,17:00,339.708,0,36000,36000,-0.324058E-02,1,0.606398E-03,-1.23890,1,0.722641,-20.0577,1,5.99663,-8.96935,1,2.82516,-0.448264,1,0.134017,-1.23699,-1.35863,-1.63772,-0.303635E-01,0.188294E-09,0.459601E-11,17.7547,424.294,428.770,0.250000,1,433.369,10.3565,10.4648,0.250000,1,292.304,280.341,97531.0,1.20728,1010.92,0.238976E-01,-0.290475E-01,0.780931E-02,1010.35,1012.15,0.646849E-02,99.8218,1.80365,280.280,0.753672E-01,0.264279,0.211203E-01,0.275626,-0.696308E-13,0.106053E-13,0.275626,1.02103,115.164,74.0829,4.39468,-9999,0.518093E-01,0.593194E-01,9.61718,0.209001,0.617669E-01,-0.195932E-01,0,-9999,-9999,-9999,-9999,-9999,-9999,-9999,-0.315503E-02,1.02712,-2.32948,1.05177,-18.8474,1.04947,-8.30341,1.04955,-0.421216,1.04947,800000099,800110099,800000099,800000099,800000099,810001099,811110199,811110199,81100,81100,80,81,1,0,0,0,1,0,0.509694E-01,0.671686E-01,0.501303E-03,0.855270E-01,2.15585,4477.67,-0.190868E-02,-0.830341E-02,-0.421216,16.0000,0.00000,249.391,58.6927,9.10932,97526.8,1.30671
CH-CHA_201812051300.csv,2018-12-05,17:30,339.729,0,36000,36000,-0.129421E-02,1,0.527019E-03,-1.45582,1,0.580378,-2.45518,1,12.8473,-3.82303,2,4.98050,-0.548289E-01,1,0.286906,-1.28908,-1.36393,-6.49046,-0.304593E-01,-0.122688E-10,-0.389491E-12,12.9714,309.213,310.536,0.250000,1,411.795,9.81640,9.91372,0.250000,1,291.602,279.554,97500.0,1.21055,1010.60,0.238381E-01,-0.355291E-02,0.742055E-02,957.356,958.860,0.612992E-02,99.8431,1.50445,279.496,0.113759,0.107297,0.470222E-02,0.156448,-0.583637E-13,-0.945837E-15,0.156448,1.01627,155.488,43.3256,1.72235,-9999,0.326973E-01,0.644143E-01,2.05658,0.977350,0.592958,-0.363944E-01,0,-9999,-9999,-9999,-9999,-9999,-9999,-9999,-0.123433E-02,1.04851,-1.47038,1.09426,-2.23811,1.05115,-3.56806,1.05123,-0.499812E-01,1.05115,800000099,800100099,800000099,800001199,800000099,801110199,811110199,811110199,81000,81000,80,81,1,0,1,2,0,0,0.491482E-01,0.786090E-01,0.107175E-02,0.604383E-01,9.30329,17940.2,-0.120189E-02,-0.356806E-02,-0.499812E-01,16.0000,0.00000,251.963,74.7693,7.97952,97510.2,1.29344
CH-CHA_201812051300.csv,2018-12-05,18:00,339.750,0,36000,36000,-0.128659E-01,1,0.199465E-02,-4.12721,1,1.75810,-66.5873,1,20.6929,56.4813,2,15.7649,-1.48603,1,0.461803,-1.14920,-1.17326,7.59765,-0.261838E-01,0.391550E-09,0.825564E-11,18.6534,443.606,447.334,0.250000,1,393.298,9.35324,9.44155,0.250000,1,290.869,278.854,97487.0,1.21364,1010.33,0.237816E-01,-0.962946E-01,0.708723E-02,912.064,913.558,0.583967E-02,99.8365,1.49367,278.795,0.552397E-02,0.546394E-01,0.580139E-02,0.552235E-01,-0.988046E-14,0.209908E-13,0.552235E-01,0.716519,123.634,84.2271,6.03022,-9999,0.102961,0.534006E-01,22.6467,0.887547E-01,0.619820E-01,-0.326910E-01,0,-9999,-9999,-9999,-9999,-9999,-9999,-9999,-0.123358E-01,1.04297,-7.85404,1.04778,-64.5670,1.01835,56.3317,1.01836,-1.44094,1.01835,800000099,800100099,800000099,800000099,800000099,800110199,811110199,811110199,81000,81000,80,81,0,1,2,0,0,0,0.845815E-01,0.197655E-01,0.245390E-02,0.996071E-01,11.1666,10741.0,-0.640529E-02,0.563317E-01,-1.44094,16.0000,0.00000,249.683,60.5163,7.67411,97500.2,1.28783
CH-CHA_201812051300.csv,2018-12-05,18:30,339.771,0,36000,36000,0.210139E-02,1,0.325434E-03,-1.18078,1,0.129926,15.6759,1,3.04123,14.0524,1,3.12862,0.349938,1,0.678907E-01,0.490442,0.489625,0.200638E-01,0.109301E-01,0.648047E-10,0.139353E-11,18.6512,443.961,447.855,0.250000,1,401.067,9.54676,9.63878,0.250000,1,290.860,279.153,97502.0,1.21243,1010.45,0.238034E-01,0.226760E-01,0.722723E-02,931.078,932.672,0.596093E-02,99.8291,1.59394,279.093,0.210305,0.422568,0.312083E-02,0.472019,0.228337E-13,0.347456E-14,0.472019,0.844038,120.370,63.5412,0.378824,-9999,0.416317E-01,0.159987E-01,5.23364,0.384054,-0.753249E-01,-0.231513E-01,0,-9999,-9999,-9999,-9999,-9999,-9999,-9999,0.207027E-02,1.01503,-0.241511,1.02668,15.0812,1.03362,13.5066,1.03367,0.336663,1.03362,800000099,800110099,800000099,800000099,800000099,800110199,811110199,811110199,81100,81100,80,81,1,12,0,6,4,0,0.193024E-01,0.120367E-01,0.658497E-03,0.645087E-02,3.08027,1316.16,-0.197136E-03,0.135066E-01,0.336663,16.0000,0.00000,249.573,59.8304,7.72793,97515.1,1.28933
CH-CHA_201812051300.csv,2018-12-05,19:00,339.792,0,36000,35989,0.722852E-03,1,0.322362E-03,-0.294172,1,0.215619,-2.25012,1,0.995594,0.326723,2,1.30728,-0.502344E-01,1,0.222268E-01,0.134445,0.144410,3.05942,0.322398E-02,0.333516E-10,0.642985E-12,20.9186,498.152,503.511,0.250000,1,403.290,9.60386,9.69699,0.250000,1,290.809,279.235,97488.0,1.21188,1010.48,0.238138E-01,-0.325519E-02,0.726728E-02,936.513,937.975,0.599671E-02,99.8441,1.46230,279.177,0.331953,0.378706,0.141563E-01,0.503797,0.569071E-13,0.159435E-14,0.503797,0.961925,138.735,48.7640,1.61018,-9999,0.244228E-01,0.244364E-01,4.24082,0.473965,0.130736,-0.983601E-02,0,-9999,-9999,-9999,-9999,-9999,-9999,-9999,0.699553E-03,1.03331,-0.395912,1.06711,-1.97423,1.12093,0.329798,1.12114,-0.440751E-01,1.12093,800000099,800110099,800000099,800000099,800000099,800000199,811110199,811110199,80000,80000,80,81,0,1,0,0,7,0,0.345027E-01,0.133181E-01,0.105216E-02,0.119570E-01,0.851429,120.780,-0.323305E-03,0.329798E-03,-0.440751E-01,16.0000,0.00000,249.000,56.2500,7.89403,97504.8,1.28957
CH-CHA_201812051900.csv,2018-12-05,19:30,339.812,0,36000,36000,-0.189665E-02,1,0.423633E-03,0.223974E-01,1,0.153223,-5.81763,1,2.26022,-4.90173,1,1.98301,-0.129841,1,0.504446E-01,-0.513511,-0.508463,-0.423430,-0.113481E-01,-0.625211E-12,-0.119816E-13,20.6177,490.657,495.727,0.250000,1,395.119,9.40299,9.49225,0.250000,1,290.502,278.922,97444.0,1.21278,1010.36,0.237978E-01,-0.841369E-02,0.712005E-02,916.511,917.874,0.587084E-02,99.8515,1.36304,278.865,0.136278,0.258244,0.154485E-01,0.292404,0.154331E-13,-0.303240E-16,0.292404,0.772205,112.876,62.1790,3.02849,-9999,0.395460E-01,0.586119E-01,-236.383,-0.850315E-02,-0.384992E-02,0.462205E-03,0,-9999,-9999,-9999,-9999,-9999,-9999,-9999,-0.186187E-02,1.01868,-0.317111,1.03140,-5.61230,1.02704,-4.71174,1.02709,-0.125258,1.02704,800000099,800110099,800000099,800000099,800000099,800000099,811110199,811110199,81100,81100,80,81,0,8,3,0,7,21,0.443511E-01,0.722212E-01,0.651184E-03,0.831171E-02,1.57272,957.067,-0.258792E-03,-0.471174E-02,-0.125258,16.0000,0.00000,249.043,56.5163,7.62339,97477.0,1.28410
CH-CHA_201812051900.csv,2018-12-05,20:00,339.833,0,36000,36000,0.971005E-03,2,0.535974E-03,-0.737830,1,0.503688,-0.173649,2,1.25397,1.20041,2,4.21437,-0.387360E-02,2,0.279724E-01,-0.885968,-0.877648,-2.48107,-0.195777E-01,-0.908967E-10,-0.184247E-11,18.8128,446.826,450.386,0.250000,1,381.335,9.05713,9.13991,0.250000,1,290.200,278.383,97447.0,1.21533,1010.16,0.237511E-01,-0.251009E-03,0.687165E-02,882.827,884.150,0.565416E-02,99.8504,1.32269,278.326,0.382055E-01,0.246108,0.659333E-02,0.249143,0.133883E-12,-0.483164E-14,0.249143,0.983717,89.9340,81.1759,1.51645,-9999,0.282660E-01,0.676868E-01,2.62013,0.767139,4.24897,-0.212622E-01,0,-9999,-9999,-9999,-9999,-9999,-9999,-9999,0.935313E-03,1.03816,-0.696008,1.07496,-0.126800,1.06601,1.16568,1.06612,-0.282853E-02,1.06601,800000099,800100099,800000099,800000099,800000099,800000099,811110199,811110199,80100,80100,80,81,0,0,0,0,0,0,0.615392E-01,0.732666E-01,0.567659E-03,0.457395E-01,6.40470,1764.06,-0.566930E-03,0.116568E-02,-0.282853E-02,16.0000,0.00000,249.705,60.6576,7.17705,97477.2,1.27951
CH-CHA_201812051900.csv,2018-12-05,20:30,339.854,0,36000,36000,-0.104204E-01,1,0.136966E-02,-2.88099,1,0.483807,-0.404337,2,0.241543,9.88060,1,2.75282,-0.902191E-02,2,0.538952E-02,0.453360,0.441404,3.35894,0.984900E-02,-0.805919E-10,-0.146968E-11,21.2978,506.208,511.706,0.250000,1,388.388,9.23125,9.31726,0.250000,1,290.316,278.659,97474.0,1.21438,1010.26,0.237681E-01,-0.584620E-03,0.699876E-02,900.048,901.279,0.576323E-02,99.8634,1.23115,278.604,0.400743E-01,0.476254,0.205339E-01,0.478378,-0.150572E-12,-0.378405E-14,0.478378,1.21083,85.2720,85.1902,2.46012,-9999,0.926327E-01,0.143308,23.6232,0.850860E-01,7.12522,-0.253506E-01,0,-9999,-9999,-9999,-9999,-9999,-9999,-9999,-0.102653E-01,1.01511,-2.82821,1.02704,-0.245354,1.03490,9.72471,1.03496,-0.547457E-02,1.03490,800000099,800100099,800000099,800000099,800001099,801111099,811110199,811110199,81000,81000,80,81,6,1,6,3,22,12,0.139460,0.145525,0.163186E-02,0.299013E-01,1.59921,22.5740,-0.230527E-02,0.972471E-02,-0.547457E-02,16.0000,0.00000,249.000,56.2500,7.47401,97500.1,1.28276
CH-CHA_201812051900.csv,2018-12-05,21:00,339.875,0,36000,36000,0.145244E-02,1,0.389217E-03,-0.985331,1,0.250105,-1.49464,1,0.333879,4.22709,1,1.00537,-0.333649E-01,1,0.745322E-02,0.787031,0.792968,-0.176851,0.177015E-01,0.541644E-10,0.102765E-11,21.1266,503.076,508.670,0.300000,0,400.831,9.54477,9.63675,0.300000,0,290.547,279.139,97460.0,1.21197,1010.45,0.238125E-01,-0.216205E-02,0.722298E-02,930.483,931.769,0.595968E-02,99.8620,1.28584,279.084,0.713495,0.825968E-01,0.221721E-01,0.718603,-0.328579E-12,0.256380E-14,0.718603,1.47153,183.359,6.60337,1.76811,-9999,0.346180E-01,0.972790E-01,3.60490,0.557575,0.659244,-0.232421E-01,0,-9999,-9999,-9999,-9999,-9999,-9999,-9999,0.140942E-02,1.03052,-1.00501,1.06208,-1.23220,1.15940,3.71205,1.15967,-0.275066E-01,1.15940,800000099,800000099,800000099,800000099,800000099,800000099,811110199,811110199,81000,81000,80,81,7,0,3,6,4,16,0.386020E-01,0.153615,0.234017E-02,0.126428E-01,0.263406,13.0017,-0.820661E-03,0.371205E-02,-0.275066E-01,16.0000,0.00000,249.000,56.2500,7.77785,97494.0,1.28709
CH-CHA_201812051900.csv,2018-12-05,21:30,339.896,0,36000,36000,-0.775303E-02,1,0.421862E-03,1.45294,2,0.731182,0.796997,2,0.367185,0.837294,2,0.405886,0.177947E-01,2,0.819817E-02,0.309609,0.323031,-0.144425,0.721235E-02,-0.221674E-09,-0.428394E-11,20.9992,500.515,506.135,0.250000,1,405.818,9.67264,9.76711,0.250000,1,290.694,279.328,97434.0,1.21077,1010.52,0.238349E-01,0.115309E-02,0.731283E-02,942.696,944.022,0.603981E-02,99.8596,1.32541,279.272,0.526339,0.390137,0.216918E-01,0.655522,-0.307813E-13,-0.105563E-13,0.655522,2.20286,155.360,36.5469,1.89631,-9999,0.800211E-01,0.179707,-30.1900,-0.665783E-01,1.82302,0.148401E-01,0,-9999,-9999,-9999,-9999,-9999,-9999,-9999,-0.763078E-02,1.01602,1.46818,1.02185,0.693199,1.02714,0.719555,1.02718,0.154771E-01,1.02714,800000099,800000099,800000099,800000099,800000099,811100099,811110199,811110199,80100,80100,80,81,10,5,2,11,4,21,0.129086,0.224885,0.544322E-02,0.500493E-01,0.106621,9.78019,0.119998E-02,0.719555E-03,0.154771E-01,16.0000,0.00000,249.000,56.2500,8.20576,97457.7,1.29134
CH-CHA_201812051900.csv,2018-12-05,22:00,339.917,0,36000,36000,-0.583236E-01,1,0.605143E-02,-5.05298,1,0.946900,-4.24422,1,0.665600,5.46839,1,1.48624,-0.947940E-01,1,0.148661E-01,0.593689,0.624062,-0.812958E-01,0.139383E-01,0.396610E-09,0.788349E-11,20.9040,499.071,504.761,0.250000,1,415.513,9.92015,10.0195,0.100000,0,291.100,279.691,97399.0,1.20865,1010.66,0.238745E-01,-0.614265E-02,0.748754E-02,966.472,967.955,0.619495E-02,99.8468,1.48291,279.633,0.699483E-01,0.457559,0.449200E-01,0.465050,-0.513075E-12,0.189729E-13,0.465050,2.48318,111.349,81.3083,5.54295,-9999,0.219670,0.511108,179.544,0.111950E-01,1.19056,-0.188308E-01,0,50.9200,-7.72731,17.4792,43.5257,66.3794,93.0981,139.478,-0.575419E-01,1.01358,-5.19588,1.02136,-3.84456,1.02143,5.70247,1.02147,-0.858678E-01,1.02143,800000099,800000099,800000099,800000099,800000099,800100099,810110199,811110199,81000,81000,80,81,0,0,0,3,5,5,0.306078,0.702408,0.137304E-01,0.170266E-01,0.549401E-01,4.35361,-0.425355E-02,0.570247E-02,-0.858678E-01,16.0000,0.00000,249.000,56.2500,8.42111,97422.9,1.29686
CH-CHA_201812051900.csv,2018-12-05,22:30,339.937,0,36000,36000,-0.435361E-01,1,0.581084E-02,-0.988029,2,0.486673,-0.457075,2,0.296414,7.76838,1,2.38806,-0.102088E-01,2,0.662040E-02,0.817480E-02,0.220370E-01,0.253552,0.492196E-03,0.102944E-09,0.202973E-11,21.0855,503.576,509.292,0.250000,1,415.739,9.92889,10.0285,0.250000,1,291.184,279.696,97368.0,1.20824,1010.67,0.238825E-01,-0.661527E-03,0.749162E-02,967.016,968.288,0.620043E-02,99.8686,1.27233,279.641,0.155691,0.486030,0.336097E-01,0.511463,0.130563E-12,0.488222E-14,0.511463,2.36696,115.779,72.2381,3.76778,-9999,0.189823,0.571927,592.358,0.339322E-02,2.16163,-0.426245E-02,0,-9999,-9999,-9999,-9999,-9999,-9999,-9999,-0.429811E-01,1.01291,-0.994957,1.02044,-0.390306,1.02148,7.66953,1.02151,-0.871747E-02,1.02148,800000099,800000099,800000099,800000099,800000099,800100099,801110199,811110199,81000,81000,80,81,0,0,11,8,0,2,0.344575,0.790632,0.864641E-02,0.834366E-01,0.216557,15.0674,-0.814783E-03,0.766953E-02,-0.871747E-02,16.0000,0.00000,249.000,56.2500,8.43208,97401.2,1.29734
CH-CHA_201812051900.csv,2018-12-05,23:00,339.958,0,36000,36000,-0.536372E-01,1,0.795587E-02,0.548823,2,1.54360,-18.1659,1,4.35634,10.2971,1,2.95461,-0.405750,1,0.973023E-01,0.653833E-01,0.686570E-01,0.741027,0.153351E-02,-0.721558E-10,-0.139024E-11,21.6317,516.742,522.511,0.250000,1,416.782,9.95614,10.0563,0.250000,1,291.209,279.736,97359.0,1.20795,1010.68,0.238881E-01,-0.262926E-01,0.751041E-02,969.580,970.959,0.621751E-02,99.8580,1.37876,279.680,-0.134028,-0.136470,0.234864E-01,0.192715,0.909019E-13,-0.333565E-14,0.192715,1.28942,334.995,225.517,7.00010,-9999,0.210722,0.278997,-1458.75,-0.137789E-02,-0.302117E-01,0.213334E-02,0,60.1863,-9.13350,20.6600,51.4463,78.4589,110.040,164.860,-0.524666E-01,1.02231,-0.540117,1.02482,-17.7760,1.01345,10.3330,1.01346,-0.397042,1.01345,800000099,800100099,800000099,800000099,800000099,801010099,801110199,811110199,81000,81000,80,81,0,0,4,8,12,0,0.316086,0.233661,0.824742E-02,0.297173E-01,0.129807,111.573,-0.442410E-03,0.103330E-01,-0.397042,16.0000,0.00000,249.000,56.2500,8.61704,97393.3,1.29974
CH-CHA_201812051900.csv,2018-12-05,23:30,339.979,0,36000,36000,-0.138454,1,0.161044E-01,-5.41559,1,1.80424,11.5679,2,7.00624,4.79867,1,3.68018,0.258346,2,0.156470,-0.215892,-0.226741,0.973995,-0.506380E-02,0.904838E-09,0.167167E-10,22.3693,534.038,539.768,0.450000,0,413.268,9.86622,9.96454,0.250000,1,291.053,279.604,97372.0,1.20872,1010.63,0.238737E-01,0.167408E-01,0.744709E-02,960.952,962.171,0.616114E-02,99.8733,1.21907,279.550,0.262398E-01,-0.846275E-01,0.211437E-01,0.910900E-01,-0.180716E-12,0.404500E-13,0.910900E-01,1.78351,143.547,287.227,13.4219,-9999,0.338447,0.357133,612.552,0.328135E-02,-0.468156,-0.130990E-01,0,57.6473,-8.74820,19.7884,49.2760,75.1491,105.398,157.905,-0.133283,1.03880,-4.56136,1.03262,11.5529,1.01681,4.93239,1.01682,0.258010,1.01681,800000099,800100099,800000099,800000099,800000099,800000099,811110199,811110199,81100,81100,80,81,0,0,1,0,13,14,0.383128,0.307820,0.233200E-01,0.136040E-01,0.909246E-01,103.734,-0.373402E-02,0.493239E-02,0.258010,16.0000,0.00000,249.000,56.2500,8.59325,97399.3,1.29720
CH-CHA_201812051900.csv,2018-12-06,00:00,340.000,0,36000,36000,-0.336774E-02,1,0.974821E-03,-2.95192,1,1.89611,-61.7161,1,15.9040,16.0921,1,3.89349,-1.37852,1,0.355239,0.264827,0.278253,1.58394,0.621519E-02,0.692659E-10,0.122922E-11,23.5359,562.179,566.102,0.250000,1,417.677,9.97665,10.0772,0.100000,0,290.356,279.766,97378.0,1.20804,1010.70,0.238860E-01,-0.893281E-01,0.752654E-02,971.766,972.966,0.623036E-02,99.8767,1.19967,279.713,0.519900E-01,0.589111,0.202583E-01,0.591747,0.209014E-13,0.294299E-14,0.591747,1.45729,103.880,84.9566,1.96189,-9999,0.527993E-01,0.161115,4.26701,0.471056,0.478307E-01,-0.457905E-01,0,-9999,-9999,-9999,-9999,-9999,-9999,-9999,-0.323005E-02,1.04263,-5.84663,1.08612,-51.6293,1.18031,14.4590,1.18062,-1.15322,1.18031,800000099,800100099,800000099,800000099,800000099,800001199,811110199,811110199,81000,81000,80,81,0,0,2,0,0,1,0.102342,0.217666,0.222218E-02,0.258408,1.52807,12820.1,-0.478854E-02,0.144590E-01,-1.15322,16.0000,0.00000,249.482,59.2655,8.59666,97400.6,1.29865
CH-CHA_201812051900.csv,2018-12-06,00:30,340.021,0,36000,36000,-0.204105E-01,1,0.447061E-02,-3.10640,1,1.36513,14.0467,1,27.4322,0.674045,2,1.35675,0.313767,1,0.612762,0.702781E-01,0.759912E-01,0.376414,0.169744E-02,-0.215442E-09,-0.378979E-11,23.8105,568.868,571.888,0.100000,0,418.845,10.0068,10.1080,0.300000,0,289.621,279.809,97371.0,1.20776,1010.71,0.238914E-01,0.203321E-01,0.754759E-02,974.634,975.849,0.624927E-02,99.8755,1.21493,279.755,-0.530874,-0.310827,0.338212E-01,0.616105,0.251519E-13,-0.904819E-14,0.616105,3.21255,314.271,210.349,3.14685,-9999,0.129998,0.454273,60.5165,0.332141E-01,-0.221148,-0.195757E-01,0,-9999,-9999,-9999,-9999,-9999,-9999,-9999,-0.201598E-01,1.01244,-2.22623,1.02169,13.6680,1.02990,0.691367,1.02995,0.305307,1.02990,800000099,800000099,800000099,800000199,800100099,800100199,811110199,811110199,81000,81000,80,81,0,0,6,39,4,5,0.574703,0.325328,0.851468E-02,0.658538E-01,0.884021,16408.6,-0.182374E-02,0.691367E-03,0.305307,16.0000,0.00000,250.375,64.8429,8.65298,97400.2,1.29886
CH-CHA_201812051900.csv,2018-12-06,01:00,340.042,0,36000,35989,-0.155262E-01,1,0.245173E-02,-1.78453,2,0.843187,12.3519,1,5.01773,-3.20933,2,3.32631,0.275879,1,0.112071,-0.183072,-0.185891,-0.258335,-0.415187E-02,-0.252872E-09,-0.445132E-11,23.6216,564.278,565.841,0.250000,1,415.813,9.93304,10.0327,0.250000,1,289.144,279.697,97345.0,1.20795,1010.67,0.238882E-01,0.178770E-01,0.749295E-02,967.191,968.355,0.620303E-02,99.8798,1.16396,279.644,0.196735,0.779100E-01,0.200069E-01,0.212544,0.303024E-12,-0.107051E-13,0.212544,1.54123,167.096,21.6043,5.40130,-9999,0.113373,0.260356,69.8619,0.287710E-01,-0.144474,-0.128930E-01,0,-9999,-9999,-9999,-9999,-9999,-9999,-9999,-0.152137E-01,1.02054,-1.01509,1.02518,12.1503,1.01450,-3.19520,1.01452,0.271377,1.01450,800000099,800100099,800000099,800000099,800000099,801000099,811110199,811110199,81000,81000,80,81,0,0,2,5,6,0,0.126313,0.390619,0.377866E-02,0.361091E-01,0.426098,516.298,-0.831471E-03,-0.319520E-02,0.271377,16.0000,0.00000,251.914,74.4596,8.53844,97364.6,1.29660
CH-CHA_201812060100.csv,2018-12-06,01:30,340.062,0,36000,36000,-0.206942E-01,1,0.321611E-02,1.24702,2,1.54508,-4.58403,1,3.88109,2.41974,2,4.20665,-0.102366,1,0.866688E-01,-0.302442,-0.301923,2.07690,-0.674225E-02,0.371868E-10,0.607018E-12,25.1706,601.174,603.219,0.250000,1,410.872,9.81326,9.91052,0.250000,1,288.928,279.512,97298.0,1.20822,1010.60,0.238840E-01,-0.663331E-02,0.740392E-02,955.067,956.087,0.612795E-02,99.8933,1.02014,279.461,-0.228521,-0.373647E-01,0.247747E-01,0.232878,0.183148E-12,0.147739E-14,0.232878,1.60804,353.592,189.286,6.10698,-9999,0.130873,0.273617,-153.729,-0.130750E-01,-0.272035,0.780361E-02,0,-9999,-9999,-9999,-9999,-9999,-9999,-9999,-0.200453E-01,1.03237,0.941259,1.03247,-4.49702,1.02429,2.33263,1.02430,-0.100423,1.02429,800000099,800000099,800000099,800000099,800000099,801100099,810110199,811110199,81000,81000,80,81,0,0,1,7,2,10,0.205800,0.335046,0.638681E-02,0.813459E-01,2.71637,365.276,0.770874E-03,0.233263E-02,-0.100423,16.0000,0.00000,250.484,65.5273,8.34269,97302.1,1.29353
CH-CHA_201812060100.csv,2018-12-06,02:00,340.083,0,36000,36000,-0.424943E-01,1,0.603466E-02,-4.56274,1,2.23229,-16.2121,1,32.1135,27.1343,1,15.4345,-0.361986,1,0.717035,-0.224139,-0.239844,0.895889,-0.535527E-02,0.206233E-09,0.324791E-11,25.8563,617.077,621.989,0.250000,1,407.205,9.71820,9.81357,0.250000,1,288.884,279.375,97325.0,1.20919,1010.54,0.238656E-01,-0.234567E-01,0.733783E-02,946.077,947.091,0.606837E-02,99.8930,1.01339,279.324,-0.297763E-01,0.876718E-01,0.177940E-01,0.942847E-01,0.371464E-13,0.797611E-14,0.942847E-01,1.29329,65.5857,108.759,10.8785,-9999,0.187464,0.170784,123.504,0.162748E-01,0.281440,-0.199185E-01,0,-9999,-9999,-9999,-9999,-9999,-9999,-9999,-0.410207E-01,1.03592,-5.36661,1.03277,-15.5591,1.01617,27.2622,1.01618,-0.347405,1.01617,800000099,800100099,800000099,800000099,800000099,800100099,811110199,811110199,80100,80100,80,81,0,0,6,5,0,0,0.175028,0.158717,0.782227E-02,0.447572E-01,3.11879,7178.17,-0.439186E-02,0.272622E-01,-0.347405,16.0000,0.00000,249.157,57.2332,8.25202,97329.6,1.29231
CH-CHA_201812060100.csv,2018-12-06,02:30,340.104,0,36000,36000,-0.514508E-02,2,0.143470E-02,-1.45562,1,0.520152,0.879288E-01,2,0.523961,2.70104,1,1.61079,0.196324E-02,2,0.116988E-01,-0.376386E-01,-0.443737E-01,-3.89696,-0.990760E-03,-0.116736E-09,-0.206675E-11,22.9644,547.918,553.746,0.250000,1,406.572,9.70062,9.79564,0.250000,1,289.167,279.352,97342.0,1.20951,1010.53,0.238595E-01,0.127218E-03,0.732643E-02,944.531,945.588,0.605735E-02,99.8882,1.05717,279.300,0.354684,0.327152,0.235654E-01,0.483099,0.222698E-13,-0.508335E-14,0.483099,1.68208,137.869,42.6877,2.79598,-9999,0.652215E-01,0.190615,16.3054,0.123272,-16.5545,-0.182598E-01,0,-9999,-9999,-9999,-9999,-9999,-9999,-9999,-0.506339E-02,1.01613,-1.40832,1.02983,0.158143,1.04150,2.68620,1.04157,0.353095E-02,1.04150,800000099,800100099,800000099,800000099,800000099,800000199,810110199,811110199,80100,80100,80,81,0,0,1,9,20,19,0.238183,0.141765,0.128295E-02,0.375321E-01,0.514406,20.4327,-0.115223E-02,0.268620E-02,0.353095E-02,16.0000,0.00000,249.000,56.2500,8.07150,97366.2,1.29236
CH-CHA_201812060100.csv,2018-12-06,03:00,340.125,0,36000,36000,-0.868257E-01,1,0.127706E-01,-15.0028,1,2.81585,52.6136,1,14.8081,57.5992,1,13.6086,1.17458,1,0.330587,-0.225935,-0.228110,-0.569233,-0.509248E-02,0.203077E-09,0.362877E-11,22.5518,537.821,543.145,0.350000,0,402.977,9.61028,9.70354,0.250000,1,289.347,279.214,97340.0,1.21013,1010.48,0.238482E-01,0.761131E-01,0.726165E-02,935.716,936.614,0.600074E-02,99.9041,0.898213,279.165,0.181944,-0.163927,0.376389E-01,0.247775,0.129335E-12,0.900491E-14,0.247775,2.36690,213.036,317.982,8.73749,-9999,0.267860,0.467657,109.583,0.183423E-01,-0.285151,-0.458042E-01,0,59.5643,-9.03911,20.4465,50.9147,77.6481,108.903,163.156,-0.852260E-01,1.01877,-11.5583,1.02413,52.1167,1.01505,57.0980,1.01507,1.16349,1.01505,800000099,800000099,800000099,800000099,800000099,800100099,810110199,811110199,80000,80000,80,81,3,0,5,0,0,3,0.466682,0.454908,0.137246E-01,0.438057E-01,1.22372,719.468,-0.945222E-02,0.570980E-01,1.16349,16.0000,0.00000,249.000,56.2500,7.89392,97345.5,1.28922
CH-CHA_201812060100.csv,2018-12-06,03:30,340.146,0,36000,36000,-0.186153E-01,1,0.362671E-02,-1.81937,2,0.637072,6.16699,2,3.06221,14.0863,1,3.52581,0.137719,2,0.683843E-01,0.534610,0.558681,0.722581E-01,0.124763E-01,0.290025E-09,0.528934E-11,22.5727,539.105,544.638,0.250000,1,411.670,9.83192,9.92954,0.250000,1,289.775,279.541,97312.0,1.20826,1010.61,0.238830E-01,0.892419E-02,0.741829E-02,957.020,958.001,0.613964E-02,99.8976,0.980993,279.491,0.967060E-01,0.348002,0.143522E-01,0.361474,0.984253E-13,0.128485E-13,0.361474,1.81122,110.642,74.4700,2.27551,-9999,0.124124,0.223550,89.9014,0.223578E-01,-0.295017,-0.120039E-01,0,-9999,-9999,-9999,-9999,-9999,-9999,-9999,-0.183342E-01,1.01533,-1.41743,1.02267,6.09044,1.01874,13.8720,1.01877,0.136010,1.01874,800000099,800000099,800000099,800000099,800000099,800000099,811110199,811110199,81100,81100,80,81,0,2,2,0,0,3,0.322977,0.118807,0.531610E-02,0.571454E-01,0.563756,181.274,-0.116080E-02,0.138720E-01,0.136010,16.0000,0.00000,249.000,56.2500,8.21759,97317.2,1.29380
CH-CHA_201812060100.csv,2018-12-06,04:00,340.167,0,36000,36000,-0.338924E-01,1,0.567176E-02,56.7942,1,13.1221,-9999,-9999,-9999,-60.2808,1,16.6695,-9999,-9999,-9999,0.445870,-1925.43,2.71122,-43.0092,0.231012E-09,-9999,24.5655,587.318,587.318,0.250000,1,-9999,-9999,-9999,-9999,1,288.356,279.814,97304.0,1.20690,1010.71,0.239083E-01,-9999,0.754996E-02,974.958,976.185,0.625567E-02,99.8743,1.22706,279.760,0.504543E-01,0.262646,0.167553E-01,0.267973,-0.172568E-12,0.940390E-14,0.267973,2.04424,100.891,79.1259,3.58482,-9999,0.167577,0.307002,-7.08681,-0.283626,-9999,0.277837,0,-9999,-9999,-9999,-9999,-9999,-9999,-9999,-0.329305E-01,1.02921,55.1205,1.03036,-9999,-9999,-62.8963,1.02340,-9999,-9999,800000099,800000099,800000099,800001199,800001199,800001199,811110199,811110199,80100,80100,80,81,2,0,1,2,9,3,0.448959,0.159260,0.578518E-02,2.64524,7.54815,-9999,0.451869E-01,-0.628963E-01,-9999,16.0000,0.00000,251.458,71.6128,8.61085,97308.0,1.29854
CH-CHA_201812060100.csv,2018-12-06,04:30,340.187,0,36000,36000,0.692635E-02,1,0.188012E-02,-2.42136,1,0.992677,-9999,-9999,-9999,19.9981,0,10.7092,-9999,-9999,-9999,0.615464,-2650.78,0.402467,-59.2330,0.112730E-10,-9999,24.8532,594.479,594.479,0.250000,1,-9999,-9999,-9999,-9999,1,285.648,280.191,97389.0,1.20621,1010.87,0.239196E-01,-9999,0.773854E-02,1000.66,1001.80,0.641558E-02,99.8861,1.14105,280.139,0.792329,0.932185,0.278403E-01,1.22374,-0.131933E-13,0.453584E-15,1.22374,2.60686,138.644,49.6365,1.30360,-9999,0.757776E-01,0.167827,15.3804,0.130686,-9999,-0.262060E-01,0,-9999,-9999,-9999,-9999,-9999,-9999,-9999,0.682630E-02,1.01466,-2.35014,1.03031,-9999,-9999,18.2589,1.10490,-9999,-9999,800000099,800000199,800000099,800001199,800001199,800101199,801110199,801110199,80000,80000,80,80,6,0,5,2,12,4,0.204993,0.115979,0.146810E-01,0.718706E-01,8.04585,-9999,-0.192742E-02,0.182589E-01,-9999,16.0000,0.00000,253.265,82.9083,8.56668,97305.7,1.30197
CH-CHA_201812060100.csv,2018-12-06,05:00,340.208,0,36000,36000,-0.201705E-01,1,0.511605E-02,-3.42721,0,1.02163,-9999,-9999,-9999,-34.7200,1,22.6303,-9999,-9999,-9999,0.562748,-2492.43,0.720260,-55.7130,0.267957E-09,-9999,25.3668,607.305,607.305,0.250000,1,-9999,-9999,-9999,-9999,1,285.672,280.536,97422.0,1.20503,1011.00,0.239410E-01,-9999,0.791237E-02,1024.39,1025.75,0.656614E-02,99.8675,1.35912,280.481,-0.355677,0.101245,0.290900E-01,0.370948,-0.266311E-12,0.105633E-13,0.370948,3.13034,7.59086,164.111,4.49779,-9999,0.129378,0.704920,54.0968,0.371556E-01,-9999,-0.217435E-01,0,-9999,-9999,-9999,-9999,-9999,-9999,-9999,-0.198648E-01,1.01539,-3.34674,1.02405,-9999,-9999,-33.7340,1.02169,-9999,-9999,800000099,800000099,800000099,800001199,800000099,800100199,810110199,811110199,80100,80100,80,81,0,1,0,0,10,97,0.366780,1.02186,0.211947E-01,0.395803E-01,9.48153,-9999,-0.274708E-02,-0.337340E-01,-9999,16.0000,0.00000,253.586,84.9141,8.84854,97325.9,1.30767
CH-CHA_201812060100.csv,2018-12-06,05:30,340.229,0,36000,36000,-0.118540,1,0.166916E-01,5.93273,1,2.55367,-35.9576,1,10.9989,26.8874,2,9.10927,-0.803727,1,0.245848,-0.652985E-01,-0.875653E-01,5.48463,-0.195726E-02,-0.121741E-08,-0.180953E-10,29.4668,704.892,705.311,0.400000,0,437.988,10.4774,10.5883,0.250000,1,285.500,280.496,97487.0,1.20602,1010.99,0.239216E-01,-0.520815E-01,0.789254E-02,1021.68,1022.95,0.654430E-02,99.8760,1.26846,280.443,-0.270644E-01,-0.259187,0.297622E-01,0.262290,0.192532E-12,-0.413145E-13,0.262290,2.76400,43.9419,264.039,6.51542,-9999,0.313512,0.693162,-444.880,-0.451807E-02,-0.164992,0.155203E-01,0,57.4590,-8.71962,19.7238,49.1150,74.9035,105.053,157.389,-0.115124,1.02967,3.68759,1.03067,-35.0959,1.02350,26.3238,1.02352,-0.784463,1.02350,800000099,800000099,800000099,800001199,800001099,800001199,811110199,811110199,80100,80100,80,81,0,0,0,27,10,10,0.829141,0.536829,0.203536E-01,0.235208E-01,0.681546,478.218,0.302443E-02,0.263238E-01,-0.784463,16.0000,0.00000,254.203,88.7705,8.92085,97385.7,1.30753
CH-CHA_201812060100.csv,2018-12-06,06:00,340.250,0,36000,36000,0.234709E-02,2,0.111508E-02,-0.820222,2,0.234854,2.68466,1,3.57866,-0.346086,1,3.29043,0.600023E-01,1,0.799831E-01,-0.151970,-0.187914,0.723568,-0.419989E-02,-0.116465E-09,-0.168798E-11,30.0347,717.754,718.551,0.250000,1,435.306,10.4027,10.5121,0.150000,0,285.688,280.403,97553.0,1.20727,1010.94,0.238975E-01,0.388815E-02,0.784421E-02,1015.09,1016.46,0.649749E-02,99.8652,1.37019,280.348,0.898001,0.300014,0.206581E-01,0.947017,-0.110781E-12,-0.387768E-14,0.947017,1.99226,168.609,18.4740,1.24994,-9999,0.440923E-01,0.208277,8.95559,0.224441,-0.305522,-0.152419E-01,0,-9999,-9999,-9999,-9999,-9999,-9999,-9999,0.230871E-02,1.01662,-0.649504,1.03389,2.46081,1.09858,-0.288669,1.09875,0.549991E-01,1.09858,800000099,800000099,800000099,800000099,800000099,810111199,811110199,811110199,81100,81100,80,81,0,0,4,2,2,0,0.200553,0.211533,0.446823E-02,0.393043E-01,2.52174,1150.78,-0.532171E-03,-0.288669E-03,0.549991E-01,16.0000,0.00000,252.544,78.4017,8.88884,97402.4,1.30810
CH-CHA_201812060100.csv,2018-12-06,06:30,340.271,0,36000,36000,-0.144345E-01,0,0.188801E-02,-4.66192,0,0.585192,-9999,-9999,-9999,-0.495591,2,9.92297,-9999,-9999,-9999,0.401700,-1832.41,-3.06364,-40.9641,-0.105376E-09,-9999,27.7336,663.257,663.257,0.250000,1,-9999,-9999,-9999,-9999,1,286.251,280.649,97566.0,1.20629,1011.04,0.239153E-01,-9999,0.797127E-02,1032.43,1033.71,0.660808E-02,99.8768,1.27353,280.596,1.12547,0.824529,0.569124E-01,1.39634,-0.168605E-13,-0.379958E-14,1.39634,2.93020,151.105,36.2268,2.33592,-9999,0.109389,0.147488,24.0632,0.835299E-01,-9999,-0.349437E-01,0,-9999,-9999,-9999,-9999,-9999,-9999,-9999,-0.142505E-01,1.01291,-4.53993,1.02687,-9999,-9999,-0.107553,1.09580,-9999,-9999,800000099,800000199,800000099,800000199,800000099,800000099,800110199,811110199,81000,81000,80,80,3,3,4,1,6,0,0.138253,0.134787,0.219360E-01,0.125868E-01,5.68794,-9999,-0.372243E-02,-0.107553E-03,-9999,16.0000,0.00000,251.995,74.9665,8.89592,97411.8,1.31002
CH-CHA_201812060100.csv,2018-12-06,07:00,340.292,0,36000,35989,-0.271559E-01,0,0.303179E-02,-6.76764,0,0.931125,-9999,-9999,-9999,67.1047,1,24.8268,-9999,-9999,-9999,0.120743,-593.800,-3.83714,-13.2755,-0.138617E-09,-9999,24.8578,594.948,594.948,0.400000,0,-9999,-9999,-9999,-9999,1,286.248,280.723,97515.0,1.20532,1011.08,0.239341E-01,-9999,0.800806E-02,1037.47,1038.95,0.664396E-02,99.8582,1.47323,280.667,0.676030,1.30869,0.473446E-01,1.47374,-0.138369E-13,-0.557641E-14,1.47374,3.83150,124.343,62.6805,1.84097,-9999,0.150101,0.222924,42.8102,0.469514E-01,-9999,-0.369972E-01,0,-9999,-9999,-9999,-9999,-9999,-9999,-9999,-0.268472E-01,1.01150,-6.60959,1.02391,-9999,-9999,62.5414,1.08083,-9999,-9999,800000099,800000099,800000099,800001199,800001199,800101199,800000199,800110199,81000,81000,80,81,24,11,6,6,8,2,0.157095,0.248758,0.399960E-01,0.234488E-01,10.5007,-9999,-0.542361E-02,0.625414E-01,-9999,16.0000,0.00000,251.412,71.3241,8.89744,97426.6,1.31008
CH-CHA_201812060700.csv,2018-12-06,07:30,340.312,0,36000,36000,-0.144655E-01,0,0.193421E-02,-9.11976,0,1.14985,12.8062,2,9.80055,2.98904,1,1.16855,0.286329,2,0.219126,0.125593,0.141456,-5.43101,0.316274E-02,0.420011E-10,0.901393E-12,20.8091,498.228,501.508,0.250000,1,446.588,10.6926,10.8082,0.250000,1,286.021,280.800,97506.0,1.20485,1011.11,0.239428E-01,0.185541E-01,0.804752E-02,1042.87,1044.42,0.667928E-02,99.8514,1.55201,280.743,0.263980,1.01896,0.313246E-01,1.05306,-0.915701E-13,0.201840E-14,1.05306,2.52509,112.167,75.4757,1.70458,-9999,0.109572,0.182135,12.3573,0.162656,-0.712134,-0.683208E-01,0,-9999,-9999,-9999,-9999,-9999,-9999,-9999,-0.142465E-01,1.01537,-8.15437,1.03148,12.0300,1.09741,3.09876,1.09757,0.268972,1.09741,800000099,800000099,800000099,800000099,800000099,800000099,800000199,810110199,81100,81100,80,81,9,4,5,5,6,0,0.133666,0.207505,0.230988E-01,0.445548E-01,0.990972E-01,1387.43,-0.669359E-02,0.309876E-02,0.268972,16.0000,0.00000,249.884,61.7780,8.93330,97425.6,1.31139
CH-CHA_201812060700.csv,2018-12-06,08:00,340.333,0,36000,36000,-0.177697E-01,1,0.373338E-02,0.815136E-01,2,0.634095,-14.7824,1,8.11330,5.23060,1,1.60277,-0.330514,1,0.181402,0.114227E-01,0.648793E-03,-0.249359,0.145061E-04,-0.147280E-09,-0.318931E-11,20.6329,493.789,496.831,0.100000,0,446.799,10.6929,10.8084,0.100000,0,286.452,280.807,97552.0,1.20539,1011.11,0.239322E-01,-0.214173E-01,0.805131E-02,1043.39,1044.92,0.667944E-02,99.8532,1.53395,280.750,0.852722,0.233947,0.412186E-01,0.885192,0.210405E-12,-0.713813E-14,0.885192,2.86302,171.642,15.3418,2.66892,-9999,0.121416,0.523936,-1881.73,-0.106816E-02,-0.551424E-02,0.550844E-03,0,-9999,-9999,-9999,-9999,-9999,-9999,-9999,-0.175793E-01,1.01083,-0.762488,1.02010,-14.1109,1.03672,5.19774,1.03678,-0.315500,1.03672,800000099,800000099,800000099,800000099,800000099,800000099,801110199,811110199,80100,80100,80,81,5,2,3,0,9,12,0.384060,0.649696,0.141161E-01,0.152549,0.245075,1356.55,-0.625616E-03,0.519774E-02,-0.315500,16.0000,0.00000,249.000,56.2500,8.96584,97435.0,1.31421
CH-CHA_201812060700.csv,2018-12-06,08:30,340.354,0,36000,36000,-0.192306E-01,1,0.332421E-02,-8.41006,1,2.31606,13.2879,1,11.0875,7.04913,1,1.54044,0.297109,1,0.247909,0.489458E-01,0.496479E-01,0.869851,0.111009E-02,0.618863E-10,0.130178E-11,21.2762,509.276,512.405,0.250000,1,447.544,10.7126,10.8286,0.250000,1,287.485,280.837,97545.0,1.20516,1011.13,0.239364E-01,0.192526E-01,0.806475E-02,1045.24,1047.06,0.669184E-02,99.8260,1.82189,280.776,1.01581,0.272536,0.485017E-01,1.05285,0.383210E-13,0.290871E-14,1.05285,3.26792,178.670,15.0185,2.64038,-9999,0.126320,0.316701,20.5380,0.978672E-01,-0.632909,-0.546356E-01,0,-9999,-9999,-9999,-9999,-9999,-9999,-9999,-0.189805E-01,1.01318,-7.45911,1.02666,12.6899,1.07467,6.90423,1.07480,0.283738,1.07467,800000099,800000099,800000099,800000099,800000099,800110199,800100199,810110199,81000,81000,80,81,13,3,2,1,0,4,0.320930,0.293496,0.189748E-01,0.281502,0.100201,2515.72,-0.612122E-02,0.690423E-02,0.283738,16.0000,0.00000,248.839,55.2453,8.78234,97436.6,1.31405
CH-CHA_201812060700.csv,2018-12-06,09:00,340.375,1,36000,36000,-0.148410,1,0.509152E-02,258.697,1,61.3099,65.7826,1,47.1705,-0.848757,1,12.6193,1.47051,1,1.05446,-0.395533,-0.458026,-1.93789,-0.102388E-01,-0.459590E-09,-0.101926E-10,19.8734,474.837,480.736,0.250000,1,440.742,10.5307,10.6427,0.250000,1,283.890,280.595,97638.0,1.20743,1011.02,0.238930E-01,0.952893E-01,0.794217E-02,1028.47,1029.90,0.657772E-02,99.8610,1.43156,280.539,-0.652503,0.414270,-0.733926E-01,0.776380,0.989306E-13,-0.231259E-13,0.776380,3.25782,54.6557,147.589,-5.42438,-9999,0.350590,0.332694,-14.2833,-0.140724,3.93260,0.604461,0,39.2641,-5.95848,13.4781,33.5624,51.1847,71.7873,107.550,-0.146280,1.01456,257.108,1.02102,48.7389,1.02996,-16.0742,1.03000,1.08952,1.02996,800000099,800000099,800000099,800000099,810100099,810110199,810110199,811110199,81000,81000,80,81,188,81,41,0,0,0,0.291998,0.306471,0.669205E-01,8.49099,0.683463,4483.68,0.210617,-0.160742E-01,1.08952,16.0000,0.111111E-02,248.000,50.0000,9.18677,97499.0,1.31456
CH-CHA_201812060700.csv,2018-12-06,09:30,340.396,1,36000,36000,-0.124504E-01,1,0.188128E-02,25.5418,1,5.69034,-6.32353,1,24.9896,-4.21422,2,5.28661,-0.141402,1,0.558798,0.542925,0.565541,0.303683,0.126462E-01,0.238477E-09,0.534095E-11,20.1092,480.231,484.694,0.250000,1,450.367,10.7553,10.8722,0.250000,1,286.757,280.927,97802.0,1.20793,1011.15,0.238812E-01,-0.916285E-02,0.811561E-02,1052.17,1053.51,0.671860E-02,99.8727,1.34112,280.873,-0.181480,-0.990663E-01,0.988167E-02,0.206995,-0.342111E-13,0.118591E-13,0.206995,1.06588,334.621,208.629,2.73626,-9999,0.101524,0.903227E-01,-3.51735,-0.571453,-4.03917,0.205980,0,-9999,-9999,-9999,-9999,-9999,-9999,-9999,-0.120257E-01,1.03531,24.3241,1.03444,-7.56303,1.02535,-5.50364,1.02536,-0.169119,1.02535,800000099,800000099,800000099,800001199,800001099,800001099,811110199,811110199,80000,80000,80,81,8,0,2,5,4,0,0.105515,0.700979E-01,0.503221E-02,0.938380,1.41812,16927.8,0.199150E-01,-0.550364E-02,-0.169119,16.0000,0.00000,249.033,56.4563,9.59249,97533.2,1.31768
CH-CHA_201812060700.csv,2018-12-06,10:00,340.417,1,36000,36000,-0.591483E-02,1,0.869347E-03,3.48863,1,1.30147,-9999,-9999,-9999,9.88222,2,5.31665,-9999,-9999,-9999,0.453307,-1921.08,4.98761,-42.9690,0.115084E-09,-9999,23.8326,568.765,568.765,0.250000,1,-9999,-9999,-9999,-9999,1,287.424,281.204,97965.0,1.20867,1011.25,0.238650E-01,-9999,0.826051E-02,1072.01,1073.58,0.683440E-02,99.8544,1.56313,281.147,-0.247499,0.438085,0.232169E-01,0.503700,-0.669747E-13,0.482885E-14,0.503700,1.63368,74.7329,119.465,2.64186,-9999,0.699548E-01,0.191721,-8.43504,-0.238292,-9999,0.408010E-01,0,-9999,-9999,-9999,-9999,-9999,-9999,-9999,-0.580532E-02,1.01886,3.40821,1.02360,-9999,-9999,9.41212,1.02424,-9999,-9999,800000099,800010099,800000099,800001199,800001099,800111199,811110199,811110199,81000,81000,80,81,0,0,1,0,4,0,0.629348E-01,0.314072,0.643618E-02,0.738627E-01,1.87224,-9999,0.278842E-02,0.941212E-02,-9999,16.0000,0.00000,252.687,79.2913,10.0591,97565.8,1.32124
CH-CHA_201812060700.csv,2018-12-06,10:30,340.437,1,36000,36000,-0.431860E-02,1,0.132366E-02,0.645584,1,0.882863,27.2951,1,13.8095,-13.4572,1,6.92332,0.610831,1,0.309040,0.893824,0.962133,-2.41132,0.215314E-01,-0.668844E-10,-0.143974E-11,22.0454,525.973,527.112,0.250000,1,474.544,11.3220,11.4516,0.250000,1,287.921,281.750,98181.0,1.20881,1011.48,0.238587E-01,0.395819E-01,0.855128E-02,1111.90,1114.12,0.707413E-02,99.8013,2.21375,281.685,-0.387051,0.687439E-01,0.268992E-01,0.394028,0.109219E-12,-0.303394E-14,0.394028,1.28534,18.3875,169.929,3.91446,-9999,0.597713E-01,0.900705E-01,-28.4795,-0.705771E-01,0.236521E-01,0.883373E-02,0,-9999,-9999,-9999,-9999,-9999,-9999,-9999,-0.422470E-02,1.02223,2.21516,1.02576,26.3425,1.02292,-13.5099,1.02294,0.589513,1.02292,800000099,800000099,800000099,800000099,800000099,800000099,801110199,811110199,80100,80100,80,81,0,0,1,0,0,0,0.882114E-01,0.842358E-01,0.769385E-02,0.475427E-01,1.67570,3152.73,0.181171E-02,-0.135099E-01,0.589513,16.0000,0.00000,251.722,73.2616,10.6361,97611.5,1.33061
CH-CHA_201812060700.csv,2018-12-06,11:00,340.458,1,36000,36000,0.155212E-01,1,0.877230E-03,-0.418641,2,0.450931,15.5131,1,10.1355,-0.927142,2,1.10615,0.347250,1,0.226876,0.423106,0.416099,-2.69522,0.931409E-02,-0.217857E-10,-0.523293E-12,20.0790,478.227,481.201,0.250000,1,482.298,11.4870,11.6205,0.300000,0,287.637,282.008,98442.0,1.21084,1011.57,0.238172E-01,0.225018E-01,0.869100E-02,1131.11,1133.74,0.717768E-02,99.7679,2.63140,281.938,0.493044,0.546569E-01,-0.110802E-01,0.496188,-0.624197E-13,-0.108500E-14,0.496188,2.77976,178.380,6.32575,-1.27956,-9999,0.113219,0.562562E-01,299.061,0.672104E-02,-0.269863E-01,-0.301883E-02,0,-9999,-9999,-9999,-9999,-9999,-9999,-9999,0.152311E-01,1.01905,0.490667,1.02371,14.9995,1.02410,-1.04372,1.02413,0.335754,1.02410,800000099,800000099,800000099,800000099,810100099,811100199,811110199,811110199,80100,80100,80,81,52,48,36,2,24,0,0.438383E-01,0.538857E-01,0.147883E-01,0.417242E-01,0.854738E-01,1216.54,0.400592E-03,-0.104372E-02,0.335754,16.0000,0.00000,250.176,63.5998,10.9475,97645.1,1.33782
CH-CHA_201812060700.csv,2018-12-06,11:30,340.479,1,36000,36000,-0.426087E-02,0,0.101671E-02,11.5202,1,2.66003,83.7829,1,30.7822,-20.3530,1,7.94391,1.87598,1,0.689242,0.504356,0.521888,2.25871,0.116855E-01,0.103159E-09,0.232800E-11,21.7939,518.171,521.349,0.150000,0,491.825,11.6936,11.8320,0.400000,0,287.709,282.315,98720.0,1.21284,1011.70,0.237760E-01,0.121563,0.886270E-02,1154.71,1157.48,0.730738E-02,99.7603,2.77448,282.244,0.639712,0.304883,0.312011E-01,0.709336,-0.559261E-13,0.473339E-14,0.709336,1.80959,162.322,25.4822,2.52104,-9999,0.592718E-01,0.859839E-01,-1.56250,-1.28640,0.137500,0.158400,0,-9999,-9999,-9999,-9999,-9999,-9999,-9999,-0.419664E-02,1.01531,16.1188,1.02143,79.8093,1.02836,-21.4412,1.02840,1.78700,1.02836,800000099,800000099,800000099,800000099,800000099,800001199,810000199,811110199,80100,80100,80,81,4,6,0,6,0,0,0.769491E-01,0.828168E-01,0.122019E-01,0.976956E-01,1.18736,8749.39,0.131365E-01,-0.214412E-01,1.78700,16.0000,0.00000,249.482,59.2608,11.2595,97660.0,1.34514
CH-CHA_201812060700.csv,2018-12-06,12:00,340.500,1,36000,36000,-0.229521E-01,0,0.295187E-02,17.1515,1,5.75888,24.5817,0,8.83277,-6.98947,0,1.67950,0.550745,0,0.197895,1.05290,1.23466,-5.15410,0.276622E-01,0.199493E-10,0.569185E-12,17.9547,427.000,433.273,0.250000,1,512.276,12.1830,12.3332,0.250000,1,289.524,282.956,98919.0,1.21231,1011.98,0.237820E-01,0.356883E-01,0.923121E-02,1205.45,1208.47,0.761457E-02,99.7498,3.02360,282.884,0.845212,1.04218,0.417694E-01,1.34248,-0.179900E-12,0.111109E-14,1.34248,2.99847,135.224,50.9577,1.78297,-9999,0.137595,0.208105,-13.1496,-0.152857,0.697734,0.101605,0,-9999,-9999,-9999,-9999,-9999,-9999,-9999,-0.226918E-01,1.01147,18.2237,1.01990,22.1475,1.04538,-7.75915,1.04545,0.496207,1.04538,800000099,800000099,800000099,800000099,800001099,800001099,800010199,800010199,80100,80100,80,81,0,1,2,2,4,0,0.136692,0.246154,0.333628E-01,0.341056,0.517849E-01,687.184,0.148542E-01,-0.775915E-02,0.496207,16.0000,0.00000,248.000,50.0000,12.0240,97639.2,1.35584
CH-CHA_201812060700.csv,2018-12-06,12:30,340.521,1,36000,36000,-0.172995E-01,1,0.382006E-02,0.191048,2,0.809584,26.9821,0,4.00740,-2.61630,1,0.849783,0.604793,0,0.898243E-01,0.755254,1.24261,-0.981144E-01,0.278526E-01,-0.139935E-09,-0.417303E-11,17.6790,425.244,431.538,0.200000,0,527.209,12.6813,12.8442,0.200000,0,291.002,283.421,97963.0,1.19840,1012.27,0.240536E-01,0.391906E-01,0.950031E-02,1242.63,1246.69,0.792753E-02,99.6740,4.06422,283.337,1.06158,0.398124,0.440778E-01,1.13464,0.240675E-12,-0.791532E-14,1.13464,3.04795,171.134,20.5575,2.22636,-9999,0.120148,0.262359,-780.625,-0.257486E-02,0.708057E-02,0.131078E-02,0,-9999,-9999,-9999,-9999,-9999,-9999,-9999,-0.170915E-01,1.01217,1.74875,1.01998,25.6158,1.03947,-2.77371,1.03953,0.574168,1.03947,800000099,800000099,800000099,800000099,800000099,800000099,800110199,811110199,80100,80100,80,81,0,5,3,19,21,10,0.255431,0.244474,0.248129E-01,0.531436E-01,0.380980E-01,187.318,0.144156E-02,-0.277371E-02,0.574168,16.0000,0.00000,248.000,50.0000,12.7060,97620.6,1.36370
CH-CHA_201812060700.csv,2018-12-06,13:00,340.542,1,36000,35989,-0.134514E-01,0,0.260459E-02,4.84108,1,2.91651,20.6669,0,4.79654,-5.90759,0,0.885186,0.463452,0,0.107562,0.770794,1.12617,-0.355911,0.252542E-01,-0.525254E-10,-0.164726E-11,17.3226,418.843,425.252,0.250000,1,543.259,13.1355,13.3103,0.250000,1,292.104,283.898,97619.0,1.19197,1012.53,0.241790E-01,0.300317E-01,0.978953E-02,1282.61,1287.00,0.821287E-02,99.6591,4.38739,283.812,0.448400,0.981289,0.219378E-01,1.07911,-0.289648E-13,-0.303219E-14,1.07911,3.04357,124.815,65.4420,1.16488,-9999,0.106231,0.173404,-21.2414,-0.946265E-01,0.234243,0.377588E-01,0,-9999,-9999,-9999,-9999,-9999,-9999,-9999,-0.132864E-01,1.01242,5.94851,1.02005,19.3204,1.03792,-6.11425,1.03798,0.433258,1.03792,800000099,800000099,800000099,800000099,800000099,810000099,811110199,811110199,80100,80100,80,81,3,5,2,0,6,2,0.184983,0.140047,0.217781E-01,0.312321,0.272808E-01,390.813,0.492870E-02,-0.611425E-02,0.433258,16.0000,0.00000,248.000,50.0000,13.5315,97613.6,1.37312
CH-CHA_201812061300.csv,2018-12-06,13:30,340.562,1,36000,36000,-0.239247E-01,0,0.414732E-02,8.35296,0,1.78467,34.3557,0,5.44683,-8.25664,0,0.882082,0.770776,0,0.122200,0.776037,1.01890,-0.606847,0.228592E-01,0.140469E-10,0.466514E-12,16.8427,407.912,414.067,0.250000,1,559.365,13.5472,13.7333,0.250000,1,293.396,284.379,97623.0,1.18982,1012.78,0.242190E-01,0.499463E-01,0.100798E-01,1322.88,1328.81,0.847166E-02,99.5539,5.92780,284.276,0.722440,1.24106,0.446585E-01,1.43672,-0.204830E-12,0.834006E-15,1.43672,3.69547,125.081,59.7957,1.78125,-9999,0.141802,0.287812,-29.2842,-0.686376E-01,0.243132,0.488837E-01,0,-9999,-9999,-9999,-9999,-9999,-9999,-9999,-0.236585E-01,1.01125,10.1791,1.01995,31.7548,1.04811,-8.56877,1.04818,0.712424,1.04811,800000099,800000099,800000099,800000099,800000099,800000099,800010199,800010199,80100,80100,80,81,10,0,2,4,7,12,0.281559,0.257271,0.367938E-01,0.551226E-01,0.176058E-01,341.799,0.844732E-02,-0.856877E-02,0.712424,16.0000,0.00000,248.000,50.0000,14.2276,97616.0,1.38240
CH-CHA_201812061300.csv,2018-12-06,14:00,340.583,1,36000,36000,-0.422270E-01,0,0.310648E-02,-42.7961,2,9.29663,28.0936,0,3.89697,-29.6470,1,2.98533,0.630289,0,0.874296E-01,0.806612E-02,0.223189E-01,0.162010,0.500731E-03,0.532620E-09,0.175750E-10,16.9615,410.830,417.104,0.250000,1,559.682,13.5563,13.7426,0.250000,1,294.443,284.384,97615.0,1.18970,1012.78,0.242214E-01,0.408427E-01,0.100855E-01,1323.65,1329.25,0.847733E-02,99.5790,5.59613,284.285,0.577367,1.76176,-0.159684,1.86082,0.861537E-13,0.314017E-13,1.86082,3.53331,114.762,71.8549,-4.92282,-9999,0.188398,0.229785,13.4037,0.149959,-1.52334,-0.188529,0,-9999,-9999,-9999,-9999,-9999,-9999,-9999,-0.415653E-01,1.01592,-39.9478,1.03376,26.4022,1.16765,-23.7920,1.16794,0.592341,1.16765,800000099,800000099,800000099,800000099,800000099,800000099,800010199,800010199,80100,80100,80,80,8,0,0,9,5,0,0.206728,0.184995,0.678488E-01,0.132689,0.301429E-01,114.638,-0.331545E-01,-0.237920E-01,0.592341,16.0000,0.00000,248.000,50.0000,14.3301,97603.0,1.38495
CH-CHA_201812061300.csv,2018-12-06,14:30,340.604,1,36000,36000,-0.178111E-01,0,0.211233E-02,1.57639,1,1.08037,24.4424,0,4.13094,-6.10617,0,0.773166,0.548441,0,0.926903E-01,0.209641,0.285951,0.167726,0.641620E-02,0.139221E-09,0.459927E-11,17.0795,413.853,420.199,0.250000,1,564.233,13.6719,13.8614,0.250000,1,295.366,284.514,97621.0,1.18918,1012.84,0.242309E-01,0.355390E-01,0.101675E-01,1335.02,1340.75,0.855002E-02,99.5728,5.72769,284.414,0.485712,1.18449,-0.184268,1.29340,0.196942E-13,0.815137E-14,1.29340,2.62901,118.794,67.7034,-8.19066,-9999,0.122383,0.149263,-99.7541,-0.201495E-01,0.644941E-01,0.106943E-01,0,-9999,-9999,-9999,-9999,-9999,-9999,-9999,-0.176067E-01,1.01161,2.97638,1.01990,22.9821,1.04396,-6.14132,1.04403,0.515675,1.04396,800000099,800000099,800000099,800000099,800000099,800000099,800010199,800010199,80100,80100,80,81,12,2,0,8,2,0,0.131667,0.142879,0.239810E-01,0.541404E-01,0.168382E-01,271.238,0.247115E-02,-0.614132E-02,0.515675,16.0000,0.110037E-05,248.000,50.0000,14.3003,97614.2,1.38627
CH-CHA_201812061300.csv,2018-12-06,15:00,340.625,1,36000,36000,-0.342826E-01,1,0.337557E-02,-6.14441,2,1.62640,18.3491,1,3.41629,-1.97567,2,0.458346,0.411789,1,0.766683E-01,0.291673,0.412232,-0.583052E-01,0.925131E-02,0.450832E-09,0.151137E-10,17.0232,412.802,419.242,0.250000,1,570.686,13.8388,14.0330,0.250000,1,295.570,284.695,97609.0,1.18820,1012.94,0.242493E-01,0.266840E-01,0.102838E-01,1351.15,1356.91,0.865492E-02,99.5752,5.76417,284.596,0.158422,0.886369,0.135782E-01,0.900518,-0.233111E-12,0.264834E-13,0.900518,2.77363,106.645,79.8664,0.863950,-9999,0.169860,0.551402,68.4223,0.293764E-01,-0.334862,-0.300551E-01,0,-9999,-9999,-9999,-9999,-9999,-9999,-9999,-0.339026E-01,1.01121,-4.93918,1.02126,17.8001,1.04219,-1.76581,1.04226,0.399469,1.04219,800000099,800000099,800000099,800000099,800000099,800010199,800110199,811110199,80100,80100,80,81,1,0,3,34,24,25,0.170969,0.908485,0.233500E-01,0.174483E-01,0.151280E-01,164.701,-0.410377E-02,-0.176581E-02,0.399469,16.0000,0.00000,248.000,50.0000,14.4450,97601.9,1.38788
CH-CHA_201812061300.csv,2018-12-06,15:30,340.646,1,36000,36000,-0.120465E-01,0,0.230988E-02,4.74136,0,3.31392,23.8314,0,4.25862,-5.12475,0,0.881885,0.535181,0,0.956356E-01,1.11879,1.43633,-0.284571,0.322557E-01,0.318017E-10,0.112508E-11,16.7674,407.656,413.978,0.250000,1,593.199,14.4221,14.6331,0.250000,1,295.453,285.391,97594.0,1.18486,1013.28,0.243124E-01,0.346797E-01,0.106894E-01,1407.88,1420.68,0.902172E-02,99.0994,12.7946,285.218,0.741455,0.613655,0.373625E-01,0.963184,0.426321E-13,0.189664E-14,0.963184,2.54806,148.243,39.6124,2.22310,-9999,0.100832,0.108699,-18.5480,-0.108367,0.198955,0.391661E-01,0,-9999,-9999,-9999,-9999,-9999,-9999,-9999,-0.118912E-01,1.01306,6.05559,1.02028,22.3452,1.03477,-5.38739,1.03482,0.501804,1.03477,800000099,800000099,800000099,800000099,800000099,800000099,800010199,801110199,80100,80100,80,80,8,5,0,10,15,8,0.998990E-01,0.936262E-01,0.238740E-01,0.124105,0.145791E-01,157.523,0.504385E-02,-0.538739E-02,0.501804,16.0000,0.00000,248.000,50.0000,16.1574,97596.9,1.40272
CH-CHA_201812061300.csv,2018-12-06,16:00,340.667,1,36000,36000,-0.877774E-01,1,0.103977E-01,-31.3586,1,4.65647,56.2488,1,9.61493,9.25131,2,2.58832,1.26282,1,0.215861,-0.476318,-1.15468,-0.880021E-01,-0.259232E-01,0.660848E-09,0.227091E-10,16.7214,406.066,412.352,0.250000,1,574.606,13.9538,14.1513,0.100000,0,295.893,285.095,97606.0,1.18644,1013.01,0.242842E-01,0.818308E-01,0.103544E-01,1362.34,1393.25,0.872726E-02,97.7819,30.9036,284.720,0.162111,0.210943,0.435797E-01,0.269585,0.340276E-12,0.395211E-13,0.269585,2.07925,142.008,52.4575,9.30296,-9999,0.272000,0.307693,55.0498,0.365124E-01,-0.557497,-0.959240E-01,0,58.6384,-8.89861,20.1287,50.1232,76.4411,107.210,160.620,-0.862368E-01,1.01786,-27.2003,1.02500,56.8294,1.01719,10.0950,1.01721,1.27585,1.01719,800000099,800000099,800000099,800000099,800000099,800101099,811110199,811110199,81100,81100,80,81,0,5,2,9,14,0,0.344142,0.256514,0.147304E-01,0.844303E-01,0.507159E-01,261.498,-0.226315E-01,0.100950E-01,1.27585,16.0000,0.00000,248.000,50.0000,16.4409,97602.3,1.39480
CH-CHA_201812061300.csv,2018-12-06,16:30,340.687,1,36000,36000,-0.528129E-02,1,0.166570E-02,4.83187,1,1.98623,2.47109,2,3.15727,-2.82339,1,2.00652,0.553611E-01,2,0.707338E-01,-3.55764,-4.13597,0.393374,-0.926599E-01,-0.570641E-10,-0.169810E-11,17.1479,413.115,419.529,0.250000,1,510.284,12.2934,12.4464,0.250000,1,295.063,282.901,97630.0,1.19669,1012.04,0.240914E-01,0.358740E-02,0.919532E-02,1200.53,1204.02,0.768394E-02,99.7100,3.49166,282.823,0.164561,0.337985,0.201219E-01,0.376456,-0.137019E-12,-0.332776E-14,0.376456,1.40656,121.738,64.0391,3.06398,-9999,0.664322E-01,0.171126,-5.20428,-0.386220,1.95536,0.600561E-01,0,-9999,-9999,-9999,-9999,-9999,-9999,-9999,-0.516287E-02,1.02294,4.85484,1.02622,2.07221,1.02282,-3.01914,1.02284,0.464248E-01,1.02282,800000099,800100099,800000099,800000099,800000099,800011099,811110199,811110199,80100,80100,80,81,0,0,0,2,15,2,0.144509,0.194758,0.298549E-02,0.175015,0.237884,322.048,0.400861E-02,-0.301914E-02,0.464248E-01,16.0000,0.00000,248.000,50.0000,13.2591,97628.6,1.35616
CH-CHA_201812061300.csv,2018-12-06,17:00,340.708,0,36000,36000,-0.403222E-01,1,0.690960E-02,-7.21363,1,4.10068,-15.3255,1,8.54291,5.36245,2,7.85413,-0.343096,1,0.191252,-1.23090,-1.51411,-0.131124,-0.338967E-01,0.562682E-10,0.160101E-11,17.0999,410.772,416.867,0.250000,1,486.546,11.6878,11.8260,0.250000,1,294.998,282.144,97650.0,1.20043,1011.69,0.240220E-01,-0.222326E-01,0.876755E-02,1141.62,1144.20,0.730370E-02,99.7742,2.58361,282.075,0.382912,0.221383,0.368514E-01,0.443836,-0.259325E-13,0.329056E-14,0.443836,1.93414,147.255,30.0346,4.76271,-9999,0.183276,0.357670,73.2006,0.274588E-01,0.470694,-0.324090E-01,0,-9999,-9999,-9999,-9999,-9999,-9999,-9999,-0.397585E-01,1.01418,-7.96203,1.02300,-14.3465,1.02386,5.72655,1.02390,-0.321178,1.02386,800000099,800000099,800000099,800000099,800000099,800100199,811100199,811110199,81100,81100,80,81,3,1,4,0,0,6,0.490630,0.217523,0.718734E-02,0.279994,1.26086,799.018,-0.655603E-02,0.572655E-02,-0.321178,16.0000,0.00000,248.011,50.0698,10.8210,97688.6,1.34123
CH-CHA_201812061300.csv,2018-12-06,17:30,340.729,0,36000,36000,-0.641191E-02,1,0.160303E-02,-7.61340,0,1.10407,-1.77066,1,0.936396,5.65493,0,0.906283,-0.396457E-01,1,0.209662E-01,0.232442,0.281922,1.18690,0.631231E-02,-0.111319E-09,-0.304091E-11,17.9765,431.987,438.543,0.100000,0,491.064,11.8006,11.9415,0.250000,1,294.905,282.287,97664.0,1.19994,1011.75,0.240307E-01,-0.256904E-02,0.884897E-02,1152.80,1155.30,0.737452E-02,99.7842,2.49313,282.220,0.770203,0.745778,0.565261E-01,1.07359,-0.448800E-13,-0.619250E-14,1.07359,2.80836,140.581,44.0769,3.01811,-9999,0.730995E-01,0.154023,4.40120,0.456694,4.29975,-0.857890E-01,0,-9999,-9999,-9999,-9999,-9999,-9999,-9999,-0.624845E-02,1.02616,-7.31695,1.05378,-1.05212,1.19999,5.05809,1.20034,-0.235573E-01,1.19999,800000099,800000099,800000099,800000099,800100099,800100099,801110199,811110199,81100,81100,80,81,13,4,8,20,4,10,0.246548,0.538143E-01,0.768400E-02,0.840182E-01,0.115300,55.9987,-0.602693E-02,0.505809E-02,-0.235573E-01,16.0000,0.00000,248.000,50.0000,10.7880,97697.8,1.34380
CH-CHA_201812061300.csv,2018-12-06,18:00,340.750,0,36000,36000,-0.178813E-01,0,0.210904E-02,-10.6517,0,1.12468,4.61881,1,1.12843,5.01101,1,1.32479,0.103475,1,0.252801E-01,0.957320,1.17216,-0.483990,0.262598E-01,0.473035E-11,0.137120E-12,17.5828,423.320,429.657,0.150000,0,509.677,12.2709,12.4233,0.100000,0,295.501,282.877,97685.0,1.19748,1012.03,0.240757E-01,0.670517E-02,0.918438E-02,1199.00,1202.08,0.766976E-02,99.7435,3.08334,282.804,1.00366,0.832440,0.441179E-01,1.30469,-0.956069E-13,0.269033E-15,1.30469,2.84791,145.483,39.6726,1.93781,-9999,0.122199,0.278620,14.6992,0.136742,-2.30615,-0.719270E-01,0,-9999,-9999,-9999,-9999,-9999,-9999,-9999,-0.176207E-01,1.01479,-10.0820,1.03073,4.73493,1.11280,4.95379,1.11299,0.106076,1.11280,800000099,800000099,800000099,800000099,800000099,800000099,800110199,801110199,81100,81100,80,81,5,2,1,2,9,5,0.155445,0.377635,0.241610E-01,0.485176E-01,0.673288E-01,21.9551,-0.831931E-02,0.495379E-02,0.106076,16.0000,0.00000,248.000,50.0000,11.0436,97700.2,1.35229
CH-CHA_201812061300.csv,2018-12-06,18:30,340.771,0,36000,36000,-0.122937E-01,1,0.250414E-02,-14.6221,0,2.95734,-1.78126,1,0.886764,9.63572,0,2.17706,-0.398780E-01,1,0.198525E-01,-1.16980,-1.44825,1.07819,-0.324227E-01,0.131044E-09,0.346191E-11,18.4345,442.573,449.221,0.100000,0,487.001,11.6919,11.8302,0.250000,1,294.893,282.158,97712.0,1.20113,1011.69,0.240079E-01,-0.258410E-02,0.877576E-02,1142.74,1145.28,0.730627E-02,99.7782,2.54024,282.090,-0.227363,1.02642,0.510353E-01,1.05254,0.154157E-12,0.710862E-14,1.05254,3.12227,86.4369,102.490,2.77924,-9999,0.101169,0.375614,6.07696,0.330758,8.20885,-0.118939,0,-9999,-9999,-9999,-9999,-9999,-9999,-9999,-0.120314E-01,1.02180,-14.0903,1.04491,-0.718853,1.15843,9.00970,1.15870,-0.160933E-01,1.15843,800000099,800000099,800000099,800000099,800100099,800100099,801100199,811110199,81000,81000,80,81,4,31,6,8,9,11,0.228931,0.508239,0.140569E-01,0.197382,0.158813,25.9962,-0.115953E-01,0.900970E-02,-0.160933E-01,16.0000,0.00000,248.000,50.0000,10.5976,97716.0,1.34180
CH-CHA_201812061300.csv,2018-12-06,19:00,340.792,0,36000,35988,-0.785290E-02,1,0.145087E-02,-0.674043,2,0.492400,-2.86583,1,1.21928,4.49581,1,1.37619,-0.641476E-01,1,0.272920E-01,-0.299585,-0.361684,0.151773,-0.809580E-02,0.114460E-09,0.296827E-11,18.5615,445.281,451.924,0.250000,1,481.352,11.5474,11.6823,0.250000,1,294.362,281.974,97723.0,1.20211,1011.61,0.239896E-01,-0.415676E-02,0.867396E-02,1128.75,1131.13,0.721561E-02,99.7894,2.38217,281.908,0.549721,0.189855,0.268695E-01,0.582203,-0.442891E-13,0.616652E-14,0.582203,1.85882,171.128,19.0532,2.64522,-9999,0.808244E-01,0.206999,67.2226,0.299007E-01,0.235200,-0.685783E-02,0,-9999,-9999,-9999,-9999,-9999,-9999,-9999,-0.775212E-02,1.01300,-0.827764,1.02285,-2.70558,1.03137,4.42192,1.03142,-0.605607E-01,1.03137,800000099,800000099,800000099,800000099,800000099,800110099,811110199,811110199,81000,81000,80,81,1,0,2,14,5,21,0.914929E-01,0.315224,0.728109E-02,0.842439E-01,0.117167,32.0685,-0.680690E-03,0.442192E-02,-0.605607E-01,16.0000,0.00000,248.000,50.0000,10.3184,97726.8,1.33614
CH-CHA_201812061900.csv,2018-12-06,19:30,340.812,0,36000,36000,-0.741062E-02,1,0.985221E-03,-6.98918,1,1.94841,-2.84724,1,0.963104,1.90040,1,1.07143,-0.636900E-01,1,0.215437E-01,-1.11146,-1.30864,0.912707E-01,-0.292729E-01,0.100998E-09,0.249191E-11,18.6760,446.906,453.356,0.300000,0,460.789,11.0264,11.1493,0.250000,1,293.908,281.293,97732.0,1.20537,1011.31,0.239294E-01,-0.412711E-02,0.830341E-02,1077.92,1080.09,0.688867E-02,99.7988,2.17315,281.228,0.768472,0.393986,0.406171E-01,0.864537,-0.100590E-12,0.540792E-14,0.864537,1.92927,150.731,27.1436,2.69282,-9999,0.784092E-01,0.218218,5.91881,0.339596,2.45472,-0.731232E-01,0,-9999,-9999,-9999,-9999,-9999,-9999,-9999,-0.724925E-02,1.02226,-6.83807,1.04551,-2.11292,1.13396,2.03628,1.13419,-0.472639E-01,1.13396,800000099,800000099,800000099,800000099,800001199,800011199,811110199,811110199,80100,80100,80,81,4,1,6,1,5,8,0.179997,0.249435,0.700377E-02,0.261936,0.102202,44.2716,-0.560958E-02,0.203628E-02,-0.472639E-01,16.0000,0.00000,248.000,50.0000,9.48309,97753.3,1.32418
CH-CHA_201812061900.csv,2018-12-06,20:00,340.833,0,36000,36000,-0.190866E-02,2,0.138337E-02,-1.75914,0,0.904675,-2.89076,0,0.797048,1.70451,1,1.68534,-0.646404E-01,0,0.178228E-01,-0.611374,-0.702374,0.802085,-0.157058E-01,0.140605E-10,0.327681E-12,19.3032,461.159,467.770,0.250000,1,449.862,10.7473,10.8641,0.250000,1,293.189,280.919,97762.0,1.20747,1011.15,0.238903E-01,-0.418870E-02,0.810651E-02,1050.96,1052.94,0.671361E-02,99.8123,1.97636,280.856,0.263525,0.696906,0.279833E-01,0.745591,0.866294E-13,0.728403E-15,0.745591,1.48792,114.733,69.2866,2.15092,-9999,0.397581E-01,0.123543,3.06624,0.655526,0.608541,-0.362397E-01,0,-9999,-9999,-9999,-9999,-9999,-9999,-9999,-0.184618E-02,1.03385,-1.79388,1.06882,-2.32853,1.18379,1.54828,1.18411,-0.520683E-01,1.18379,800000099,800000099,800000099,800000099,800010199,800011199,811110199,811110199,81000,81000,80,81,0,0,4,5,28,27,0.155367,0.885687E-01,0.315037E-02,0.703029E-01,0.360788,37.8720,-0.146927E-02,0.154828E-02,-0.520683E-01,16.0000,0.00000,248.000,50.0000,8.98376,97799.7,1.31784
CH-CHA_201812061900.csv,2018-12-06,20:30,340.854,0,36000,36000,0.243534E-02,1,0.122475E-02,-0.928208,1,0.440871,-0.126170E-01,2,0.838283,-0.130800E-01,2,0.347165,-0.282194E-03,2,0.187492E-01,0.396973,0.448511,0.113153,0.100315E-01,-0.383204E-10,-0.903938E-12,19.3742,463.171,469.886,0.250000,1,457.017,10.9257,11.0464,0.250000,1,293.164,281.162,97780.0,1.20657,1011.25,0.239065E-01,-0.182862E-04,0.823545E-02,1068.60,1070.51,0.682550E-02,99.8214,1.91194,281.100,-0.109674,0.482085,0.193833E-01,0.494782,-0.426273E-13,-0.197791E-14,0.494782,1.50000,81.2900,102.817,2.24516,-9999,0.449266E-01,0.111552,8.38621,0.239679,73.5681,-0.169329E-01,0,-9999,-9999,-9999,-9999,-9999,-9999,-9999,0.238832E-02,1.01969,-0.894579,1.03835,0.403264E-01,1.06152,0.371801E-01,1.06163,0.901949E-03,1.06152,800000099,800000099,800000099,800000099,800000099,800000099,811110199,811110199,80100,80100,80,81,2,0,1,5,3,6,0.492254E-01,0.169503,0.437462E-02,0.452541E-01,0.338459,16.4576,-0.733176E-03,0.371801E-04,0.901949E-03,16.0000,0.00000,248.000,50.0000,9.65437,97799.7,1.32348
CH-CHA_201812061900.csv,2018-12-06,21:00,340.875,0,36000,36000,-0.531135E-02,2,0.108281E-02,-6.42336,1,2.61795,-2.15790,1,1.04687,4.83871,1,2.57648,-0.482783E-01,1,0.234213E-01,0.499356,0.576705,-0.263048,0.129025E-01,-0.172933E-10,-0.420761E-12,19.1569,458.488,465.107,0.250000,1,466.103,11.1554,11.2812,0.250000,1,293.619,281.468,97777.0,1.20512,1011.38,0.239333E-01,-0.312843E-02,0.839918E-02,1091.03,1093.01,0.696959E-02,99.8188,1.98054,281.406,0.461755,0.871554,0.357897E-01,0.986968,-0.573434E-13,-0.902721E-15,0.986968,3.59777,122.158,62.0851,2.07813,-9999,0.663877E-01,0.386383,3.91032,0.514024,2.97667,-0.793837E-01,0,-9999,-9999,-9999,-9999,-9999,-9999,-9999,-0.516650E-02,1.02804,-6.18506,1.05747,-1.45398,1.19929,4.35093,1.19964,-0.325295E-01,1.19929,800000099,800000099,800000099,800000099,800000099,800100099,800110199,801110199,80000,80000,80,81,6,11,6,10,0,6,0.337254,0.405605,0.299076E-01,0.243684,0.364312,10.5368,-0.507458E-02,0.435093E-02,-0.325295E-01,16.0000,0.00000,248.000,50.0000,9.93508,97799.7,1.32742
CH-CHA_201812061900.csv,2018-12-06,21:30,340.896,0,36000,36000,-0.623866E-02,2,0.260340E-02,-0.764431,2,0.741019,-1.24061,1,0.720117,-0.480926,2,1.39000,-0.277491E-01,1,0.161071E-01,-0.418075,-0.483489,-0.139058,-0.108144E-01,-0.218915E-09,-0.526291E-11,19.0686,456.015,462.485,0.250000,1,458.426,10.9630,11.0845,0.250000,1,293.495,281.212,97765.0,1.20615,1011.28,0.239145E-01,-0.179814E-02,0.826085E-02,1072.09,1074.16,0.684891E-02,99.8069,2.07421,281.148,0.559342,0.395117,0.358646E-01,0.685760,0.250888E-13,-0.114804E-13,0.685760,2.48022,155.128,35.2373,2.99788,-9999,0.719190E-01,0.331596,41.7688,0.481220E-01,0.616172,-0.871412E-02,0,-9999,-9999,-9999,-9999,-9999,-9999,-9999,-0.615962E-02,1.01283,-0.818805,1.02380,-1.13561,1.04026,-0.409267,1.04033,-0.254006E-01,1.04026,800000099,800000099,800000099,800000099,800100099,800100099,811110199,811110199,81000,81000,80,81,22,4,9,9,0,10,0.263197,0.390561,0.943443E-02,0.181020,0.157119,31.7124,-0.671291E-03,-0.409267E-03,-0.254006E-01,16.0000,0.00000,248.000,50.0000,9.54750,97799.3,1.32393
CH-CHA_201812061900.csv,2018-12-06,22:00,340.917,0,36000,36000,-0.120775E-01,1,0.213102E-02,-14.8809,0,2.06699,-2.65724,0,0.637798,6.38233,0,1.14364,-0.594546E-01,0,0.142705E-01,0.554415,0.647165,-0.266905,0.144800E-01,0.200797E-09,0.499300E-11,18.8402,451.259,457.642,0.100000,0,468.479,11.2210,11.3483,0.100000,0,293.890,281.552,97730.0,1.20415,1011.42,0.239519E-01,-0.385266E-02,0.844200E-02,1096.92,1099.26,0.701076E-02,99.7871,2.34033,281.485,0.960882,0.958799,0.563760E-01,1.35859,0.104532E-12,0.106579E-13,1.35859,3.45980,145.225,44.9378,2.37823,-9999,0.100150,0.275448,5.79279,0.346983,5.60015,-0.122003,0,-9999,-9999,-9999,-9999,-9999,-9999,-9999,-0.118082E-01,1.02281,-14.3469,1.04730,-1.41935,1.21096,5.96603,1.21132,-0.317574E-01,1.21096,800000099,800000099,800000099,800000099,800000099,810100099,810100199,811110199,81100,81100,80,81,15,4,7,0,4,23,0.249231,0.273941,0.277232E-01,0.138927,0.603326E-01,11.1529,-0.117800E-01,0.596603E-02,-0.317574E-01,16.0000,0.00000,248.000,50.0000,9.37088,97765.1,1.32581
CH-CHA_201812061900.csv,2018-12-06,22:30,340.937,0,36000,36000,-0.217886E-01,1,0.325179E-02,-1.82111,1,1.53790,-5.10065,1,1.21228,1.92472,1,1.74625,-0.114046,1,0.271056E-01,-1.17997,-1.34579,0.118525,-0.300908E-01,-0.125692E-09,-0.296266E-11,18.9727,453.366,459.693,0.250000,1,447.201,10.6862,10.8016,0.250000,1,293.073,280.830,97709.0,1.20723,1011.11,0.238957E-01,-0.739020E-02,0.805857E-02,1044.41,1046.56,0.667525E-02,99.7946,2.14964,280.765,0.230821,0.188464,0.189578E-01,0.298591,0.582385E-13,-0.662490E-14,0.298591,1.44174,158.686,39.2315,3.64020,-9999,0.134344,0.285187,114.229,0.175962E-01,0.357036,-0.111053E-01,0,-9999,-9999,-9999,-9999,-9999,-9999,-9999,-0.214264E-01,1.01690,-2.08188,1.02366,-4.85733,1.01699,2.04247,1.01702,-0.108606,1.01699,800000099,800100099,800000099,800000099,800000099,800011099,811110199,811110199,81000,81000,80,81,23,0,14,17,15,22,0.336364,0.231102,0.290806E-02,0.109382,0.194576,40.5280,-0.170556E-02,0.204247E-02,-0.108606,16.0000,0.00000,248.000,50.0000,9.19167,97719.5,1.31805
CH-CHA_201812061900.csv,2018-12-06,23:00,340.958,0,36000,36000,0.385917E-02,1,0.184776E-02,-1.54328,1,0.907339,-1.41577,1,0.409708,2.04677,1,1.70467,-0.316480E-01,1,0.915857E-02,-0.400777,-0.435522,0.649353,-0.973562E-02,0.109568E-09,0.247780E-11,19.4740,464.896,471.458,0.250000,1,440.392,10.5133,10.6250,0.250000,1,292.735,280.585,97718.0,1.20848,1011.01,0.238726E-01,-0.205079E-02,0.793586E-02,1027.61,1029.20,0.656683E-02,99.8463,1.58187,280.527,-0.182399,0.621344,0.140603E-01,0.647716,0.924446E-14,0.562636E-14,0.647716,1.40121,84.4274,106.360,1.24384,-9999,0.565104E-01,0.119250,10.0326,0.200347,1.09006,-0.223523E-01,0,-9999,-9999,-9999,-9999,-9999,-9999,-9999,0.379063E-02,1.01808,-1.56935,1.03590,-1.22196,1.07384,2.00113,1.07397,-0.273157E-01,1.07384,800000099,800100099,800000099,800000099,800000099,811010099,811110199,811110199,81000,81000,80,81,0,1,1,6,0,3,0.157877,0.778237E-01,0.279960E-02,0.503172E-01,0.233771,8.15994,-0.128448E-02,0.200113E-02,-0.273157E-01,16.0000,0.00000,248.000,50.0000,8.92175,97723.3,1.31197
CH-CHA_201812061900.csv,2018-12-06,23:30,340.979,0,36000,36000,-0.102727E-01,1,0.236303E-02,-3.39904,1,1.18805,8.64885,2,4.60609,6.75062,1,2.32901,0.193264,2,0.102926,-0.640459,-0.701138,-0.666742,-0.156673E-01,0.692154E-10,0.156366E-11,19.0051,453.074,459.194,0.300000,0,429.348,10.2355,10.3413,0.250000,1,292.383,280.194,97717.0,1.21028,1010.84,0.238396E-01,0.125235E-01,0.773685E-02,1000.45,1002.00,0.639263E-02,99.8449,1.55411,280.136,0.498750,0.345024,0.360189E-01,0.607528,-0.401702E-13,0.364194E-14,0.607528,2.01954,157.115,34.6746,3.39892,-9999,0.921295E-01,0.311551,19.7371,0.101839,-0.393005,-0.301571E-01,0,-9999,-9999,-9999,-9999,-9999,-9999,-9999,-0.101285E-01,1.01423,-2.81109,1.02662,8.38576,1.04354,6.56520,1.04361,0.187385,1.04354,800000099,800000099,800000099,800000099,800000099,800100099,810110199,810110199,80000,80000,80,81,6,1,1,3,0,1,0.276817,0.342002,0.428341E-02,0.152898,0.420646,726.475,-0.229776E-02,0.656520E-02,0.187385,16.0000,0.00000,248.000,50.0000,8.44226,97725.8,1.30503
CH-CHA_201812061900.csv,2018-12-07,00:00,341.000,0,36000,36000,-0.285505E-02,1,0.360157E-03,-1.91785,1,0.579093,-2.53019,1,2.22009,0.451953,1,1.23845,-0.565209E-01,1,0.495935E-01,-0.542829,-0.580079,0.238606,-0.129581E-01,0.646471E-10,0.141452E-11,19.2062,457.299,463.052,0.400000,0,420.244,10.0060,10.1071,0.350000,0,291.860,279.863,97723.0,1.21189,1010.71,0.238100E-01,-0.366255E-02,0.757280E-02,978.078,979.481,0.624876E-02,99.8568,1.40262,279.807,0.531417,0.660486,0.378997E-01,0.848577,-0.474884E-14,0.336595E-14,0.848577,1.42794,134.574,51.1804,2.55983,-9999,0.485374E-01,0.671401E-01,5.11515,0.392950,0.757985,-0.322588E-01,0,-9999,-9999,-9999,-9999,-9999,-9999,-9999,-0.278623E-02,1.02470,-1.95837,1.05049,-2.08831,1.14907,0.509216,1.14933,-0.466497E-01,1.14907,800000099,800000099,800000099,800000099,800000099,800100099,811110199,811110199,80000,80000,80,80,0,0,3,0,0,0,0.530597E-01,0.779867E-01,0.323363E-02,0.432865E-01,0.519393,330.829,-0.159884E-02,0.509216E-03,-0.466497E-01,16.0000,0.00000,248.000,50.0000,7.98301,97725.3,1.29975
CH-CHA_201812061900.csv,2018-12-07,00:30,341.021,0,36000,36000,-0.353704E-02,1,0.575100E-03,-2.47169,1,0.338690,0.285010,2,3.11147,4.85542,1,2.65677,0.636537E-02,2,0.694913E-01,-0.354457,-0.370682,-0.869171,-0.827879E-02,-0.131063E-09,-0.292412E-11,18.5724,441.917,447.242,0.250000,1,414.364,9.85948,9.95765,0.250000,1,291.539,279.647,97712.0,1.21276,1010.63,0.237943E-01,0.412476E-03,0.746683E-02,963.648,965.026,0.615692E-02,99.8572,1.37806,279.591,1.00685,0.534354,0.514608E-01,1.14102,-0.633870E-13,-0.705689E-14,1.14102,1.95655,158.899,27.9558,2.58496,-9999,0.540050E-01,0.539949E-01,5.46646,0.367697,-8.67230,-0.373416E-01,0,-9999,-9999,-9999,-9999,-9999,-9999,-9999,-0.345754E-02,1.02299,-2.34580,1.04745,0.351847,1.18231,4.21650,1.18263,0.785812E-02,1.18231,800000099,800000099,800000099,800000099,800000099,800101199,811110199,811110199,80000,80000,80,81,0,2,1,6,0,0,0.717935E-01,0.327961E-01,0.340007E-02,0.377890E-01,1.85908,1888.95,-0.191393E-02,0.421650E-02,0.785812E-02,16.0000,0.00000,248.126,50.7861,7.91105,97718.4,1.29628
CH-CHA_201812061900.csv,2018-12-07,01:00,341.042,0,36000,35989,-0.744539E-02,1,0.731666E-03,-3.89397,1,0.357086,18.5268,1,6.73734,11.4536,1,3.02603,0.413884,1,0.150511,0.449124,0.477681,0.682298,0.106713E-01,-0.598794E-10,-0.132532E-11,19.0581,454.006,459.894,0.250000,1,421.815,10.0486,10.1506,0.250000,1,291.713,279.921,97693.0,1.21125,1010.73,0.238222E-01,0.268197E-01,0.760110E-02,981.937,983.395,0.627544E-02,99.8518,1.45739,279.864,1.10276,0.412557,0.513956E-01,1.17853,0.720769E-13,-0.314194E-14,1.17853,1.98104,165.939,20.5114,2.49946,-9999,0.784021E-01,0.658035E-01,10.6155,0.189345,-0.210180,-0.405691E-01,0,-9999,-9999,-9999,-9999,-9999,-9999,-9999,-0.733572E-02,1.01495,-2.76915,1.03085,16.8034,1.10425,10.3965,1.10443,0.375383,1.10425,800000099,800000099,800000099,800000099,800000099,800000199,811100199,811110199,81100,81100,80,81,2,2,1,4,8,7,0.610391E-01,0.646517E-01,0.591590E-02,0.417221E-01,1.27518,2936.12,-0.226191E-02,0.103965E-01,0.375383,16.0000,0.00000,248.116,50.7266,8.22760,97700.5,1.29953
CH-CHA_201812070100.csv,2018-12-07,01:30,341.062,0,36000,36000,-0.181003E-01,1,0.219132E-02,-2.95055,1,0.983863,-1.22612,1,0.811623,-0.248178,2,1.73368,-0.273881E-01,1,0.181293E-01,-0.201708,-0.210938,1.30212,-0.471176E-02,0.192233E-10,0.401541E-12,20.0358,477.067,483.505,0.250000,1,418.513,9.96511,10.0654,0.250000,1,291.604,279.798,97697.0,1.21187,1010.69,0.238108E-01,-0.177475E-02,0.754160E-02,973.823,975.111,0.622313E-02,99.8679,1.28812,279.743,0.247433,0.537521,0.351344E-01,0.592779,-0.988258E-13,0.959447E-15,0.592779,1.45141,122.984,65.2823,3.39796,-9999,0.122212,0.281771,53.0640,0.378788E-01,2.40640,-0.197113E-01,0,-9999,-9999,-9999,-9999,-9999,-9999,-9999,-0.178687E-01,1.01296,-2.95552,1.02292,-1.01980,1.03215,-0.606547E-01,1.03221,-0.227793E-01,1.03215,800000099,800000099,800000099,800000099,800000099,800000199,811110199,811110199,80000,80000,80,81,0,1,0,1,1,2,0.148856,0.409874,0.481132E-02,0.585016E-01,0.374435,26.4970,-0.241302E-02,-0.606547E-04,-0.227793E-01,16.0000,0.00000,248.000,50.0000,8.23244,97700.5,1.29832
CH-CHA_201812070100.csv,2018-12-07,02:00,341.083,0,36000,36000,-0.125781E-01,1,0.230604E-02,-1.98280,1,0.772847,-1.24062,1,0.691586,-1.65836,2,1.66095,-0.277090E-01,1,0.154464E-01,-0.182048,-0.188286,0.757581,-0.420533E-02,-0.188930E-09,-0.380978E-11,20.6017,490.483,497.089,0.250000,1,415.435,9.89064,9.98945,0.250000,1,291.373,279.687,97670.0,1.21205,1010.64,0.238079E-01,-0.179554E-02,0.748615E-02,966.278,967.688,0.617645E-02,99.8543,1.40992,279.630,0.159489,0.151401,0.141475E-01,0.220362,-0.342915E-13,-0.917059E-14,0.220362,1.46168,115.955,43.5098,3.68099,-9999,0.101871,0.201294,45.7230,0.439604E-01,1.59823,-0.158895E-01,0,-9999,-9999,-9999,-9999,-9999,-9999,-9999,-0.123327E-01,1.01990,-2.00368,1.02697,-1.10243,1.01657,-1.50064,1.01659,-0.246224E-01,1.01657,800000099,800100099,800000099,800000099,800000099,800101099,811110199,811110199,81100,81100,80,81,0,0,2,8,0,0,0.210541,0.189356,0.269018E-02,0.318701E-01,0.323989,18.1184,-0.163572E-02,-0.150064E-02,-0.246224E-01,16.0000,0.00000,248.000,50.0000,8.37344,97699.3,1.29854
CH-CHA_201812070100.csv,2018-12-07,02:30,341.104,0,36000,36000,-0.197727E-01,1,0.319529E-02,-4.98866,1,0.690831,-3.51115,1,0.590401,6.64321,1,1.15022,-0.784542E-01,1,0.131921E-01,0.733404,0.787995,-0.982929,0.176072E-01,-0.230041E-09,-0.496174E-11,19.8315,473.044,479.488,0.250000,1,427.744,10.2030,10.3082,0.250000,1,291.847,280.135,97641.0,1.20961,1010.82,0.238531E-01,-0.508383E-02,0.770795E-02,996.501,997.955,0.637229E-02,99.8543,1.45402,280.078,0.923820,0.145779,0.410846E-01,0.936153,-0.702633E-13,-0.115998E-13,0.936153,2.11303,181.701,8.96736,2.51533,-9999,0.127853,0.254259,35.9210,0.559562E-01,1.42081,-0.319119E-01,0,-9999,-9999,-9999,-9999,-9999,-9999,-9999,-0.195334E-01,1.01225,-5.07126,1.02407,-3.02718,1.05593,6.59941,1.05603,-0.676403E-01,1.05593,800000099,800000099,800000099,800000099,800000099,800000099,811110199,811110199,81000,81000,80,81,7,2,3,13,21,17,0.340486,0.161281,0.675120E-02,0.248242E-01,0.858543E-01,9.69500,-0.414759E-02,0.659941E-02,-0.676403E-01,16.0000,0.00000,248.000,50.0000,8.73430,97683.9,1.30495
CH-CHA_201812070100.csv,2018-12-07,03:00,341.125,0,36000,36000,-0.126684E-02,2,0.636395E-03,-1.31878,0,0.464822,0.138414E-01,2,0.181472,2.41994,0,1.24985,0.309266E-03,2,0.405473E-02,-0.622082E-01,-0.653435E-01,0.202609,-0.146000E-02,0.101240E-10,0.216166E-12,19.9823,476.639,483.158,0.250000,1,426.659,10.1771,10.2818,0.250000,1,291.885,280.097,97628.0,1.20962,1010.81,0.238531E-01,0.200404E-04,0.768840E-02,993.839,995.356,0.635604E-02,99.8476,1.51692,280.039,-0.691997E-01,0.522574,0.818028E-02,0.527200,0.504109E-14,0.506647E-15,0.527200,1.26246,84.5783,97.5433,0.889064,-9999,0.323620E-01,0.914766E-01,2.20340,0.912228,-95.2775,-0.333285E-01,0,-9999,-9999,-9999,-9999,-9999,-9999,-9999,-0.121819E-02,1.03993,-1.21979,1.08059,0.757798E-01,1.15112,2.16847,1.15138,0.169319E-02,1.15112,800000099,800100099,800000099,800000099,800000099,800100099,811110199,811110199,81100,81100,80,81,10,0,3,3,9,10,0.130408,0.506228E-01,0.192275E-02,0.246085E-01,0.233635,4.33981,-0.997624E-03,0.216847E-02,0.169319E-02,16.0000,0.00000,248.000,50.0000,8.88569,97661.8,1.30559
CH-CHA_201812070100.csv,2018-12-07,03:30,341.146,0,36000,36000,-0.128818E-01,1,0.206141E-02,-0.932139,2,0.578378,0.377081,1,0.782183,7.53199,1,2.19089,0.842498E-02,1,0.174760E-01,-0.671165E-01,-0.644679E-01,1.31391,-0.144038E-02,0.203343E-09,0.412892E-11,20.9588,499.951,506.764,0.250000,1,425.572,10.1516,10.2557,0.150000,0,291.747,280.056,97610.0,1.20959,1010.80,0.238540E-01,0.545939E-03,0.766880E-02,991.161,992.558,0.634002E-02,99.8592,1.39752,280.000,0.131216,0.321598E-01,0.186854E-01,0.136386,-0.462303E-13,0.970204E-14,0.136386,1.15213,181.947,13.7712,7.87454,-9999,0.103198,0.156167,101.072,0.198867E-01,-2.47198,-0.738766E-02,0,-9999,-9999,-9999,-9999,-9999,-9999,-9999,-0.125381E-01,1.02741,-0.883615,1.02870,0.419105,1.01432,7.47769,1.01433,0.936390E-02,1.01432,800000099,800100099,800000099,800000099,800000099,801000099,811110199,811110199,80100,80100,80,81,4,0,4,4,0,11,0.105255,0.204079,0.299891E-02,0.169520E-01,0.294293,17.7236,-0.722707E-03,0.747769E-02,0.936390E-02,16.0000,0.00000,248.000,50.0000,9.05376,97614.6,1.30580
CH-CHA_201812070100.csv,2018-12-07,04:00,341.167,0,36000,36000,-0.956272E-03,1,0.500291E-03,-1.05641,1,0.398866,-1.03346,1,0.241779,3.73748,1,1.87079,-0.230932E-01,1,0.540267E-02,0.220841,0.241992,-0.325768,0.540745E-02,0.595600E-10,0.123510E-11,20.7017,494.167,500.934,0.250000,1,429.293,10.2476,10.3537,0.250000,1,291.908,280.191,97588.0,1.20869,1010.85,0.238708E-01,-0.149644E-02,0.773586E-02,1000.31,1001.80,0.640022E-02,99.8515,1.48767,280.134,0.659007E-01,0.191192,0.576222E-02,0.202313,-0.652172E-13,0.287706E-14,0.202313,0.717565,121.582,70.9818,1.63210,-9999,0.281277E-01,0.581666E-01,1.80553,1.11325,1.02221,-0.307396E-01,0,-9999,-9999,-9999,-9999,-9999,-9999,-9999,-0.910659E-03,1.05009,-1.01945,1.09874,-0.901883,1.06841,3.56825,1.06853,-0.201530E-01,1.06841,800000099,800100099,800000099,800000099,800000099,800011199,811110199,811110199,81000,81000,80,81,0,0,0,4,2,9,0.303986E-01,0.849705E-01,0.964059E-03,0.152896E-01,0.505429,4.01041,-0.834383E-03,0.356825E-02,-0.201530E-01,16.0000,0.00000,248.000,50.0000,9.33790,97599.9,1.30964
CH-CHA_201812070100.csv,2018-12-07,04:30,341.187,0,36000,36000,-0.412774E-03,2,0.530311E-03,-0.993635,1,0.262603,1.14648,1,0.304068,-0.332028,2,1.46052,0.256251E-01,1,0.679623E-02,0.424819,0.470522,-0.658121,0.105167E-01,-0.287916E-10,-0.622691E-12,20.1868,482.467,489.144,0.250000,1,436.590,10.4345,10.5446,0.250000,1,292.116,280.451,97559.0,1.20712,1010.96,0.239001E-01,0.166051E-02,0.786735E-02,1018.26,1019.80,0.651744E-02,99.8482,1.54806,280.393,0.601998,0.461207,0.345903E-01,0.759151,0.687209E-13,-0.142626E-14,0.759151,1.94106,151.824,37.4567,2.61155,-9999,0.184918E-01,0.218157,0.545343,3.68575,-0.866681,-0.440314E-01,0,-9999,-9999,-9999,-9999,-9999,-9999,-9999,-0.374893E-03,1.10104,-0.780068,1.19904,0.844275,1.41095,-0.202447,1.41166,0.188704E-01,1.41095,800000099,800000099,800000099,800000099,800010099,800110099,810110199,811110199,80100,80100,80,81,1,0,0,13,10,40,0.217777,0.213451,0.508594E-02,0.109939E-01,0.331279,3.67589,-0.639215E-03,-0.202447E-03,0.188704E-01,16.0000,0.00000,248.000,50.0000,9.50235,97572.5,1.31263
CH-CHA_201812070100.csv,2018-12-07,05:00,341.208,0,36000,36000,-0.132027E-01,1,0.201866E-02,-4.13759,1,0.580762,-2.62484,1,0.858760,3.24097,1,0.700072,-0.586544E-01,1,0.191897E-01,-0.397231,-0.421574,-0.166707,-0.942045E-02,0.954277E-10,0.204330E-11,20.0731,479.505,486.042,0.150000,0,429.805,10.2672,10.3737,0.200000,0,291.945,280.208,97524.0,1.20781,1010.86,0.238880E-01,-0.380080E-02,0.774508E-02,1001.56,1002.97,0.641249E-02,99.8601,1.40315,280.152,1.05690,0.409822,0.477615E-01,1.13458,-0.296576E-13,0.475401E-14,1.13458,2.33987,164.371,21.1942,2.41265,-9999,0.104552,0.129118,23.6640,0.849393E-01,1.57632,-0.324133E-01,0,-9999,-9999,-9999,-9999,-9999,-9999,-9999,-0.130322E-01,1.01309,-4.17644,1.02669,-2.19031,1.07988,3.25168,1.08002,-0.489443E-01,1.07988,800000099,800000099,800000099,800000099,800000099,800000099,801110199,811110199,81000,81000,80,81,14,0,2,3,5,10,0.139378,0.105100,0.137574E-01,0.150033E-01,0.397456E-01,13.2901,-0.342069E-02,0.325168E-02,-0.489443E-01,16.0000,0.00000,248.000,50.0000,9.00956,97529.5,1.30562
CH-CHA_201812070100.csv,2018-12-07,05:30,341.229,0,36000,36000,-0.625304E-02,1,0.983970E-03,-1.38117,1,0.499850,-0.308113,2,0.162763,1.08174,1,0.700598,-0.688464E-02,2,0.363685E-02,-0.107892,-0.112656,0.755122E-01,-0.251723E-02,0.451717E-10,0.960313E-12,20.1299,480.847,487.340,0.250000,1,427.945,10.2224,10.3280,0.100000,0,291.859,280.142,97504.0,1.20787,1010.84,0.238872E-01,-0.446125E-03,0.771158E-02,996.995,998.435,0.638445E-02,99.8558,1.43974,280.086,0.570250,0.190315,0.204686E-01,0.601518,0.121166E-13,0.224401E-14,0.601518,2.00484,172.209,18.4559,1.95005,-9999,0.719508E-01,0.100255,23.1006,0.870106E-01,4.48268,-0.157221E-01,0,-9999,-9999,-9999,-9999,-9999,-9999,-9999,-0.616478E-02,1.01432,-1.36282,1.02677,-0.218137,1.04350,1.11764,1.04357,-0.487415E-02,1.04350,800000099,800000099,800000099,800000099,800000099,800100199,811110199,811110199,81000,81000,80,81,3,4,0,4,2,6,0.808123E-01,0.112497,0.720164E-02,0.177332E-01,0.784168E-01,3.48528,-0.111619E-02,0.111764E-02,-0.487415E-02,16.0000,0.00000,248.000,50.0000,8.90611,97519.2,1.30443
CH-CHA_201812070100.csv,2018-12-07,06:00,341.250,0,36000,36000,-0.862428E-02,1,0.138989E-02,-1.27267,1,0.195427,0.598142,1,0.157030,3.02879,1,0.477226,0.133666E-01,1,0.350914E-02,0.184602,0.207780,-0.174849,0.464324E-02,0.479944E-11,0.103526E-12,19.9861,477.738,484.215,0.250000,1,431.108,10.3050,10.4123,0.100000,0,291.939,280.255,97477.0,1.20701,1010.89,0.239035E-01,0.866154E-03,0.776857E-02,1004.77,1006.20,0.643621E-02,99.8574,1.43485,280.199,0.793402,0.354664,0.296719E-01,0.869571,0.199856E-14,0.240139E-15,0.869571,2.28880,161.916,24.0854,1.95546,-9999,0.845290E-01,0.135553,40.6435,0.494544E-01,-2.12770,-0.123394E-01,0,-9999,-9999,-9999,-9999,-9999,-9999,-9999,-0.852155E-02,1.01205,-1.20937,1.02324,0.632894,1.04879,2.95248,1.04888,0.141432E-01,1.04879,800000099,800010099,800000099,800000099,800000099,800000099,801110199,811110199,81100,81100,80,81,0,11,0,14,1,5,0.972492E-01,0.165835,0.802087E-02,0.298809E-02,0.313184E-01,2.29589,-0.991167E-03,0.295248E-02,0.141432E-01,16.0000,0.00000,248.000,50.0000,9.20582,97500.1,1.30800
CH-CHA_201812070100.csv,2018-12-07,06:30,341.271,0,36000,36000,-0.175482E-01,0,0.232606E-02,-5.10375,0,0.572911,1.70931,0,0.378012,5.98533,0,1.40822,0.381962E-01,0,0.844705E-02,-0.669758E-01,-0.676916E-01,-0.232568,-0.151264E-02,0.602887E-10,0.130838E-11,19.8122,473.603,479.992,0.150000,0,429.962,10.2781,10.3848,0.150000,0,292.013,280.214,97458.0,1.20696,1010.87,0.239046E-01,0.247511E-02,0.774791E-02,1001.95,1003.38,0.641935E-02,99.8577,1.42781,280.158,1.44589,0.289576,0.508425E-01,1.47547,-0.285231E-13,0.304301E-14,1.47547,3.32417,177.150,11.3251,1.97471,-9999,0.120578,0.374529,29.4126,0.683379E-01,-2.98586,-0.346924E-01,0,-9999,-9999,-9999,-9999,-9999,-9999,-9999,-0.173350E-01,1.01230,-4.88213,1.02567,1.81230,1.09197,5.73469,1.09212,0.404976E-01,1.09197,800000099,800000099,800000099,800000099,800000099,800100099,800110199,800110199,81100,81100,80,80,0,0,0,2,3,2,0.187699,0.540787,0.205730E-01,0.117369E-01,0.810638E-01,3.99172,-0.400147E-02,0.573469E-02,0.404976E-01,16.0000,0.00000,248.000,50.0000,9.00590,97489.9,1.30584
CH-CHA_201812070100.csv,2018-12-07,07:00,341.292,0,36000,35989,-0.812307E-02,0,0.187135E-02,-4.40038,0,0.753665,0.567668,0,0.386073,4.03982,1,0.945110,0.126855E-01,0,0.862743E-02,0.489951E-01,0.553888E-01,-0.460796,0.123775E-02,-0.432379E-10,-0.956911E-12,19.4647,465.408,471.669,0.150000,0,430.779,10.3001,10.4073,0.250000,1,292.024,280.244,97445.0,1.20666,1010.89,0.239104E-01,0.822018E-03,0.776264E-02,1003.96,1005.44,0.643315E-02,99.8526,1.48203,280.187,0.893184,0.526088,0.390603E-01,1.03734,0.297494E-13,-0.222135E-14,1.03734,2.22410,155.878,30.4982,2.15794,-9999,0.820478E-01,0.150570,10.7473,0.187024,-7.75168,-0.439678E-01,0,-9999,-9999,-9999,-9999,-9999,-9999,-9999,-0.799000E-02,1.01665,-4.22452,1.03418,0.730684,1.10850,3.86445,1.10869,0.163283E-01,1.10850,800000099,800000099,800000099,800000099,800000099,800100099,810110199,811110199,81100,81100,80,81,0,2,8,3,1,15,0.123301,0.162171,0.156683E-01,0.160369E-01,0.353718E-01,3.25647,-0.346330E-02,0.386445E-02,0.163283E-01,16.0000,0.00000,248.000,50.0000,8.88206,97468.9,1.30560
CH-CHA_201812070700.csv,2018-12-07,07:30,341.312,0,36000,36000,0.400998E-02,2,0.167753E-02,-1.56757,1,0.423788,-1.11755,2,0.653952,-0.949850E-01,2,0.252450,-0.249813E-01,2,0.146182E-01,0.538282,0.591370,-0.415022,0.132193E-01,0.212501E-09,0.488802E-11,19.1311,458.018,464.261,0.250000,1,440.061,10.5355,10.6477,0.250000,1,292.360,280.574,97435.0,1.20501,1011.02,0.239410E-01,-0.161879E-02,0.792990E-02,1026.80,1028.42,0.658076E-02,99.8425,1.61976,280.516,0.420834,0.736113,0.316196E-01,0.848507,0.691067E-13,0.111076E-13,0.848507,1.89301,131.254,60.2435,2.13562,-9999,0.576866E-01,0.129621,10.4851,0.191701,1.40268,-0.223049E-01,0,-9999,-9999,-9999,-9999,-9999,-9999,-9999,0.394192E-02,1.01727,-1.57630,1.03498,-0.929145,1.09293,0.383587E-02,1.09309,-0.207698E-01,1.09293,800000099,800000099,800000099,800000099,800000099,800100099,811110199,811110199,80000,80000,80,81,3,0,1,3,6,6,0.169758,0.804012E-01,0.908264E-02,0.220733E-01,0.872133E-01,18.9839,-0.129386E-02,0.383587E-05,-0.207698E-01,16.0000,0.00000,248.000,50.0000,9.22338,97452.7,1.31220
CH-CHA_201812070700.csv,2018-12-07,08:00,341.333,0,36000,36000,-0.437123E-02,1,0.117063E-02,-0.951894,1,0.210770,1.41730,1,0.360416,2.63814,0,0.507789,0.316778E-01,1,0.805558E-02,-0.220249,-0.232053,0.916136,-0.518657E-02,-0.116110E-09,-0.255637E-11,19.8166,474.328,480.860,0.250000,1,436.298,10.4432,10.5534,0.150000,0,292.259,280.439,97409.0,1.20531,1010.97,0.239359E-01,0.205272E-02,0.786208E-02,1017.53,1018.97,0.652285E-02,99.8591,1.43572,280.383,0.878447,0.289675,0.284744E-01,0.925414,0.988723E-13,-0.585923E-14,0.925414,2.11466,165.817,18.2504,1.76324,-9999,0.602215E-01,0.122375,19.6403,0.102341,-0.671626,-0.129718E-01,0,-9999,-9999,-9999,-9999,-9999,-9999,-9999,-0.431308E-02,1.01348,-0.846931,1.02691,1.36495,1.06734,2.50905,1.06746,0.305077E-01,1.06734,800000099,800000099,800000099,800000099,800000099,800110099,810110199,811110199,81100,81100,80,81,6,12,5,17,6,25,0.135446,0.102525,0.677925E-02,0.116239E-01,0.393602E-01,6.80375,-0.695043E-03,0.250905E-02,0.305077E-01,16.0000,0.210829E-04,248.000,50.0000,9.40891,97428.1,1.31170
CH-CHA_201812070700.csv,2018-12-07,08:30,341.354,0,36000,36000,-0.108757E-01,0,0.184415E-02,-2.18981,1,0.518004,2.62549,0,0.522068,1.26841,2,0.900432,0.586919E-01,0,0.116706E-01,0.293443,0.321811,-0.750141,0.719397E-02,0.160633E-10,0.368383E-12,19.2431,460.962,467.221,0.200000,0,441.306,10.5713,10.6843,0.150000,0,292.437,280.619,97395.0,1.20431,1011.04,0.239547E-01,0.380323E-02,0.795233E-02,1029.87,1031.59,0.660324E-02,99.8334,1.71863,280.559,1.13193,0.420591,0.541567E-01,1.20876,-0.622049E-13,0.834756E-15,1.20876,2.62619,166.227,20.3836,2.56792,-9999,0.950297E-01,0.108193,33.5444,0.599207E-01,-0.834058,-0.189253E-01,0,-9999,-9999,-9999,-9999,-9999,-9999,-9999,-0.107482E-01,1.01186,-1.99033,1.02413,2.54479,1.07052,1.27464,1.07064,0.568878E-01,1.07052,800000099,800000099,800000099,800000099,800000099,800000099,800110199,811110199,81100,81100,80,80,1,18,4,9,10,2,0.121281,0.784314E-01,0.166743E-01,0.129147E-01,0.751385E-01,8.35701,-0.163463E-02,0.127464E-02,0.568878E-01,16.0000,0.00000,248.000,50.0000,9.34382,97418.7,1.31267
CH-CHA_201812070700.csv,2018-12-07,09:00,341.375,1,36000,36000,-0.705799E-02,1,0.210221E-02,-1.02695,1,0.375657,5.37752,1,1.03338,0.547760,2,0.967292,0.120233,1,0.231049E-01,0.298070,0.332112,-0.323768,0.742554E-02,-0.112744E-09,-0.265118E-11,18.9848,455.188,461.374,0.250000,1,446.428,10.7038,10.8196,0.250000,1,292.466,280.802,97370.0,1.20315,1011.12,0.239765E-01,0.779113E-02,0.804464E-02,1042.51,1044.57,0.668629E-02,99.8027,2.06093,280.738,0.738488,0.242797,0.349656E-01,0.778163,0.915740E-13,-0.593866E-14,0.778163,2.10639,173.678,18.1997,2.57537,-9999,0.765913E-01,0.149975,37.4431,0.536815E-01,-0.190970,-0.110216E-01,0,-9999,-9999,-9999,-9999,-9999,-9999,-9999,-0.697441E-02,1.01198,-0.692678,1.02240,5.16970,1.04067,0.528559,1.04074,0.115587,1.04067,800000099,800010099,800000099,800000099,800000099,800001099,811110199,811110199,80100,80100,80,81,0,3,2,14,1,0,0.138357,0.150294,0.112984E-01,0.937996E-02,0.364917E-01,21.5246,-0.569388E-03,0.528559E-03,0.115587,16.0000,0.00000,248.000,50.0000,9.63016,97399.9,1.31633
CH-CHA_201812070700.csv,2018-12-07,09:30,341.396,1,36000,36000,0.104552E-01,1,0.259287E-02,-2.62252,2,2.73583,9.15669,0,1.52100,-1.28436,2,0.400387,0.204848,0,0.340269E-01,0.979944,1.11936,-0.432147,0.250417E-01,-0.282136E-09,-0.703122E-11,18.6188,447.463,453.694,0.250000,1,464.006,11.1514,11.2772,0.250000,1,292.869,281.405,97350.0,1.20013,1011.37,0.240329E-01,0.132742E-01,0.836139E-02,1085.88,1088.35,0.696710E-02,99.7734,2.46619,281.336,0.525538,0.272745,-0.305429E-01,0.592886,-0.125090E-13,-0.151533E-13,0.592886,2.19502,158.219,27.4285,-2.95294,-9999,0.933368E-01,0.532617E-01,26.5336,0.757531E-01,-0.286404,-0.231486E-01,0,-9999,-9999,-9999,-9999,-9999,-9999,-9999,0.103156E-01,1.01354,-2.02560,1.02459,8.88657,1.03682,-1.18922,1.03689,0.198805,1.03682,800000099,800000099,800000099,800000099,800100099,800100099,811110199,811110199,80100,80100,80,80,9,20,5,11,2,2,0.419656E-01,0.496470E-01,0.149111E-01,0.435653E-01,0.779057E-02,23.4228,-0.166884E-02,-0.118922E-02,0.198805,16.0000,0.00000,248.000,50.0000,10.4794,97369.1,1.32741
CH-CHA_201812070700.csv,2018-12-07,10:00,341.417,1,36000,36000,-0.178058E-01,0,0.219934E-02,2.15833,0,0.940225,14.9775,0,1.68949,-0.241526,2,0.499485,0.335150,0,0.378055E-01,0.410556,0.487590,0.958356E-01,0.109107E-01,-0.628599E-10,-0.158790E-11,18.6623,449.179,455.443,0.300000,0,471.429,11.3467,11.4770,0.250000,1,293.042,281.658,97292.0,1.19824,1011.49,0.240688E-01,0.217177E-01,0.849514E-02,1104.24,1107.19,0.708966E-02,99.7336,2.94956,281.583,1.55724,0.162045E-01,0.445231E-01,1.55796,-0.309758E-14,-0.336828E-14,1.55796,3.00894,186.597,0.596193,1.63761,-9999,0.121901,0.144196,-71.7941,-0.279967E-01,0.144105,0.146085E-01,0,-9999,-9999,-9999,-9999,-9999,-9999,-9999,-0.176115E-01,1.01103,2.97721,1.02006,13.9536,1.05165,-0.484997,1.05174,0.312238,1.05165,800000099,800010099,800000099,800000099,800000099,800000099,800010199,800010199,80100,80100,80,80,1,4,1,1,1,6,0.133993,0.132806,0.215934E-01,0.269754E-01,0.359277E-01,56.0654,0.245642E-02,-0.484997E-03,0.312238,16.0000,0.00000,248.000,50.0000,11.1506,97303.6,1.33478
CH-CHA_201812070700.csv,2018-12-07,10:30,341.437,1,36000,36000,-0.943818E-02,0,0.162560E-02,0.119789,1,0.446121,12.8531,0,1.32789,-2.70621,0,0.523249,0.287682,0,0.297212E-01,0.408503,0.486876,-0.268743,0.108974E-01,-0.129694E-10,-0.336872E-12,18.4421,444.363,450.548,0.300000,0,479.021,11.5420,11.6768,0.300000,0,293.481,281.910,97273.0,1.19685,1011.61,0.240951E-01,0.186418E-01,0.863195E-02,1123.03,1126.25,0.721222E-02,99.7142,3.21882,281.832,1.16545,0.207052E-01,0.337326E-01,1.16612,0.771844E-14,-0.703250E-15,1.16612,2.43520,186.423,1.01780,1.65764,-9999,0.888023E-01,0.100891,-500.033,-0.401974E-02,0.931983E-02,0.111415E-02,0,-9999,-9999,-9999,-9999,-9999,-9999,-9999,-0.932589E-02,1.01204,0.865966,1.01995,12.2048,1.04035,-2.73021,1.04041,0.273170,1.04035,800000099,800010099,800000099,800000099,800000099,800000099,800110199,811110199,80100,80100,80,80,0,4,3,11,3,0,0.118624,0.679009E-01,0.152579E-01,0.784179E-02,0.110487E-01,40.5651,0.715239E-03,-0.273021E-02,0.273170,16.0000,0.00000,248.000,50.0000,11.2214,97300.4,1.33741
CH-CHA_201812070700.csv,2018-12-07,11:00,341.458,1,36000,36000,-0.174313E-01,0,0.236247E-02,-1.12523,2,1.03013,15.9575,0,2.14886,-2.43496,0,0.736337,0.357249,0,0.481078E-01,0.406315,0.511603,-0.403116,0.114536E-01,-0.718518E-10,-0.193098E-11,18.1158,437.128,443.318,0.150000,0,486.853,11.7476,11.8872,0.150000,0,293.919,282.161,97220.0,1.19504,1011.72,0.241297E-01,0.231498E-01,0.877309E-02,1142.41,1145.52,0.734125E-02,99.7287,3.10778,282.086,1.35961,0.437151,0.555094E-01,1.42924,-0.290116E-13,-0.396625E-14,1.42924,2.54553,169.809,17.8239,2.22583,-9999,0.120774,0.117543,133.867,0.150149E-01,-0.705143E-01,-0.770589E-02,0,-9999,-9999,-9999,-9999,-9999,-9999,-9999,-0.172625E-01,1.00978,-0.184082,1.01984,15.0363,1.05356,-2.40249,1.05366,0.336627,1.05356,800000099,800010099,800000099,800000099,800000099,800000099,800010199,810110199,80100,80100,80,80,2,1,0,14,6,0,0.104405,0.109497,0.211857E-01,0.405555E-01,0.207311E-01,80.4826,-0.152253E-03,-0.240249E-02,0.336627,16.0000,0.00000,248.000,50.0000,11.3119,97237.2,1.34162
CH-CHA_201812070700.csv,2018-12-07,11:30,341.479,1,36000,36000,-0.841329E-02,0,0.147202E-02,1.40164,0,0.389616,11.9494,0,1.30200,-2.86518,0,0.585293,0.267596,0,0.291571E-01,0.487991,0.611885,-0.134640,0.137026E-01,-0.516286E-10,-0.142448E-11,17.9821,434.707,440.878,0.250000,1,496.144,11.9940,12.1396,0.250000,1,294.338,282.463,97144.0,1.19272,1011.86,0.241744E-01,0.173402E-01,0.894052E-02,1165.46,1169.08,0.749592E-02,99.6898,3.62649,282.382,1.19886,0.688747E-01,0.322722E-01,1.20127,0.200844E-13,-0.287111E-14,1.20127,2.41965,183.836,3.28805,1.53945,-9999,0.839873E-01,0.110509,-36.1220,-0.556447E-01,0.117298,0.138281E-01,0,-9999,-9999,-9999,-9999,-9999,-9999,-9999,-0.831428E-02,1.01191,2.07175,1.01992,11.2499,1.04134,-2.93398,1.04141,0.251930,1.04134,800000099,800010099,800000099,800000099,800000099,800000099,800110199,810110199,80100,80100,80,80,0,0,3,6,5,3,0.837773E-01,0.122751,0.144906E-01,0.604786E-02,0.195410E-01,49.8968,0.171663E-02,-0.293398E-02,0.251930,16.0000,0.00000,248.000,50.0000,11.6104,97172.8,1.34736
CH-CHA_201812070700.csv,2018-12-07,12:00,341.500,1,36000,36000,-0.189894E-02,1,0.762680E-03,9.35059,0,1.02785,23.0803,0,2.69588,-7.40404,0,0.995843,0.517090,0,0.603984E-01,0.744813,0.940925,0.206222,0.210804E-01,-0.100792E-09,-0.284473E-11,18.0928,438.424,444.705,0.150000,0,510.647,12.3739,12.5290,0.150000,0,294.435,282.925,97072.0,1.18972,1012.09,0.242319E-01,0.335074E-01,0.920185E-02,1201.48,1205.96,0.773449E-02,99.6287,4.47774,282.834,0.818056,0.192406,0.230826E-01,0.840695,0.108413E-13,-0.557083E-14,0.840695,2.02751,174.027,13.2354,1.57335,-9999,0.399515E-01,0.954099E-01,-0.582551,-3.45034,0.405133,0.194376,0,-9999,-9999,-9999,-9999,-9999,-9999,-9999,-0.187280E-02,1.01396,10.5210,1.02070,21.4907,1.03157,-7.87835,1.03161,0.481477,1.03157,800000099,800000099,800000099,800000099,800000099,800011099,810010199,811110199,80100,80100,80,81,0,1,1,36,23,25,0.103511,0.729378E-01,0.143707E-01,0.214538E-01,0.250421E-01,93.5373,0.873771E-02,-0.787835E-02,0.481477,16.0000,0.00000,248.000,50.0000,12.6080,97080.7,1.35758
CH-CHA_201812070700.csv,2018-12-07,12:30,341.521,1,36000,36000,-0.195830E-01,1,0.412837E-02,25.3403,1,2.86730,-8.64545,2,8.33324,-5.32121,1,1.22672,-0.193808,2,0.186809,1.00154,1.31162,-0.151766,0.294031E-01,-0.316259E-09,-0.936801E-11,17.9272,435.680,441.947,0.350000,0,531.027,12.9054,13.0742,0.250000,1,294.977,283.548,97002.0,1.18601,1012.39,0.243028E-01,-0.125588E-01,0.956911E-02,1252.19,1257.32,0.806835E-02,99.5923,5.12607,283.452,0.491253,-0.400044E-01,0.309635E-01,0.493851,-0.165864E-12,-0.176413E-13,0.493851,1.90820,198.962,355.344,3.59469,-9999,0.128498,0.185285,-7.14945,-0.281140,-2.93105,0.164239,0,-9999,-9999,-9999,-9999,-9999,-9999,-9999,-0.192159E-01,1.01911,24.2335,1.02375,-10.0550,1.02406,-6.41649,1.02409,-0.225406,1.02406,800000099,800000099,800000099,800000099,800000099,800010099,811110199,811110199,80000,80000,80,81,18,0,1,22,12,6,0.159215,0.195945,0.154105E-01,0.972155E-01,0.446819E-01,922.276,0.201827E-01,-0.641649E-02,-0.225406,16.0000,0.00000,248.000,50.0000,13.6671,97007.2,1.37057
CH-CHA_201812070700.csv,2018-12-07,13:00,341.542,1,36000,35989,-0.105554E-01,1,0.378813E-02,12.6627,0,1.91872,28.0091,0,3.96853,-9.94215,0,1.47420,0.628321,0,0.890250E-01,1.15263,1.47519,-0.728462,0.330926E-01,0.949713E-10,0.303599E-11,17.3330,422.474,428.690,0.250000,1,554.091,13.5054,13.6903,0.250000,1,295.805,284.267,96964.0,1.18227,1012.75,0.243740E-01,0.407152E-01,0.998472E-02,1309.89,1318.97,0.844535E-02,99.3117,9.07844,284.128,0.318400,0.315272,0.142414E-01,0.448306,0.146248E-12,0.547922E-14,0.448306,3.35580,142.992,44.7171,1.82044,-9999,0.944881E-01,0.382111,-5.68756,-0.353403,0.452091,0.111926,0,-9999,-9999,-9999,-9999,-9999,-9999,-9999,-0.103447E-01,1.02037,14.0316,1.02455,26.1001,1.02344,-10.6037,1.02346,0.585498,1.02344,800000099,800000099,800000099,800000099,800000099,800010099,800110199,811110199,80100,80100,80,81,5,0,1,16,10,6,0.309589,0.431519,0.231143E-01,0.516617E-01,0.323273E-01,213.350,0.117190E-01,-0.106037E-01,0.585498,16.0000,0.00000,248.000,50.0000,14.7686,96975.0,1.38375
CH-CHA_201812071300.csv,2018-12-07,13:30,341.562,1,36000,36000,-0.121116,1,0.171202E-01,-25.4436,2,8.57123,115.097,1,14.1766,6.07202,2,3.12595,2.58457,1,0.318344,1.69862,-1.01802,-1.07765,-0.228603E-01,-0.256285E-09,-0.832698E-11,16.4604,402.856,408.547,0.250000,1,534.816,13.0892,13.2628,0.350000,0,297.222,285.331,96928.0,1.17761,1012.53,0.244743E-01,0.167480,0.963739E-02,1269.05,1415.08,0.818383E-02,89.6807,146.026,283.652,-0.306596,-1.13662,0.524482E-01,1.17841,0.203305E-12,-0.155698E-13,1.17841,5.62751,308.697,254.904,2.55093,-9999,0.320700,1.44056,110.638,0.181674E-01,-0.221063,-0.665377E-01,0,39.2662,-5.95880,13.4788,33.5642,51.1875,71.7911,107.556,-0.119875,1.01035,-18.1822,1.02045,109.929,1.04951,5.96578,1.04959,2.46852,1.04951,800000099,800000099,800000099,800000099,800000099,800100099,800010199,800110199,80100,80100,80,81,0,4,3,5,20,10,1.31025,1.51465,0.562216E-01,0.282596,0.182029,742.007,-0.152488E-01,0.596578E-02,2.46852,16.0000,0.00000,248.001,50.0050,15.4726,96916.9,1.40122
CH-CHA_201812071300.csv,2018-12-07,14:00,341.583,1,36000,36000,-0.306426E-01,1,0.817150E-02,16.0118,0,2.70119,81.4478,0,8.56741,-12.1041,0,1.57559,1.83062,0,0.192561,1.50284,-2.82174,-0.311305,-0.634215E-01,0.226711E-10,0.681013E-12,16.1686,397.168,402.593,0.400000,0,485.685,11.9305,12.0745,0.400000,0,297.463,286.276,96893.0,1.17382,1011.89,0.245642E-01,0.118624,0.875205E-02,1156.29,1505.56,0.745604E-02,76.8015,349.266,282.265,0.671613,-0.877464,0.194824E-01,1.10516,-0.129874E-12,0.140217E-14,1.10516,5.20615,238.202,307.431,1.01009,-9999,0.161570,0.629475,-22.4716,-0.894462E-01,0.196589,0.834338E-01,0,-9999,-9999,-9999,-9999,-9999,-9999,-9999,-0.302704E-01,1.01230,20.5322,1.02001,76.5019,1.03865,-13.0862,1.03871,1.71946,1.03865,800000099,800000099,800000099,800000099,800000099,800000099,800010199,800010199,80100,80100,80,81,8,3,2,43,27,17,0.435234,0.768762,0.549546E-01,0.911575E-01,0.240495E-01,316.961,0.172861E-01,-0.130862E-01,1.71946,16.0000,0.00000,248.000,50.0000,18.0027,96900.2,1.42467
CH-CHA_201812071300.csv,2018-12-07,14:30,341.604,1,36000,36000,-0.130904,1,0.186237E-01,8.09990,1,2.67218,78.2283,0,6.35532,-7.25543,0,0.807316,1.75878,0,0.142884,0.484198,-0.536034,0.737073E-01,-0.120514E-01,0.849102E-10,0.249497E-11,16.1957,398.517,403.809,0.300000,0,475.889,11.7099,11.8486,0.300000,0,297.758,286.581,96830.0,1.17191,1011.78,0.246064E-01,0.113969,0.857552E-02,1134.17,1535.82,0.731758E-02,73.8480,401.648,281.978,0.305442,-2.44104,0.587940E-01,2.46078,-0.238717E-12,0.524276E-14,2.46078,8.17037,269.531,277.132,1.36907,-9999,0.334218,2.45559,-392.991,-0.511462E-02,0.103542,0.204396E-01,0,27.5974,-4.18801,9.47328,23.5898,35.9760,50.4568,75.5935,-0.129508,1.01078,12.4031,1.02212,71.2032,1.07871,-7.73286,1.07884,1.60083,1.07871,800000099,800000099,800000099,800000099,800000099,800101099,800010199,810010199,80100,80100,80,81,0,1,7,66,52,15,1.92915,2.83464,0.147387,0.473176E-01,0.819058E-02,257.927,0.104605E-01,-0.773286E-02,1.60083,16.0000,0.00000,248.000,50.0000,19.0992,96824.0,1.42911
