file_info,,,,,,,corrected_fluxes_and_quality_flags,,,,,,,,,,,,,,,,,,storage_fluxes,,,,,vertical_advection_fluxes,,,gas_densities_concentrations_and_timelags,,,,,,,,,,,,,,,air_properties,,,,,,,,,,,,,,unrotated_wind,,,rotated_wind,,,,,,rotation_angles_for_tilt_correction,,,turbulence,,,,,,footprint,,,,,,,,uncorrected_fluxes,,,,,,,,,,,,statistical_flags,,,,,,,,,,,,spikes,,,,,,,variances,,,,,,,covariances,,,,custom_variables,,,,,
filename,date,time,DOY,daytime,file_records,used_records,Tau,qc_Tau,rand_err_Tau,H,qc_H,rand_err_H,LE,qc_LE,rand_err_LE,h2o_flux,qc_h2o_flux,rand_err_h2o_flux,ch4_flux,qc_ch4_flux,rand_err_ch4_flux,n2o_flux,qc_n2o_flux,rand_err_n2o_flux,H_strg,LE_strg,h2o_strg,ch4_strg,n2o_strg,h2o_v-adv,ch4_v-adv,n2o_v-adv,h2o_molar_density,h2o_mole_fraction,h2o_mixing_ratio,h2o_time_lag,h2o_def_timelag,ch4_molar_density,ch4_mole_fraction,ch4_mixing_ratio,ch4_time_lag,ch4_def_timelag,n2o_molar_density,n2o_mole_fraction,n2o_mixing_ratio,n2o_time_lag,n2o_def_timelag,sonic_temperature,air_temperature,air_pressure,air_density,air_heat_capacity,air_molar_volume,ET,water_vapor_density,e,es,specific_humidity,RH,VPD,Tdew,u_unrot,v_unrot,w_unrot,u_rot,v_rot,w_rot,wind_speed,max_wind_speed,wind_dir,yaw,pitch,roll,u*,TKE,L,(z-d)/L,bowen_ratio,T*,model,x_peak,x_offset,x_10%,x_30%,x_50%,x_70%,x_90%,un_Tau,Tau_scf,un_H,H_scf,un_LE,LE_scf,un_h2o_flux,h2o_scf,un_ch4_flux,ch4_scf,un_n2o_flux,n2o_scf,spikes_hf,amplitude_resolution_hf,drop_out_hf,absolute_limits_hf,skewness_kurtosis_hf,skewness_kurtosis_sf,discontinuities_hf,discontinuities_sf,timelag_hf,timelag_sf,attack_angle_hf,non_steady_wind_hf,u_spikes,v_spikes,w_spikes,ts_spikes,h2o_spikes,ch4_spikes,n2o_spikes,u_var,v_var,w_var,ts_var,h2o_var,ch4_var,n2o_var,w/ts_cov,w/h2o_cov,w/ch4_cov,w/n2o_cov,data_size_qcl_mean,status_code_qcl_mean,status_qcl_mean,dummy_mean,cell_t_mean
,[yyyy-mm-dd],[HH:MM],[ddd.ddd],[1=daytime],[#],[#],[kg+1m-1s-2],[#],[kg+1m-1s-2],[W+1m-2],[#],[W+1m-2],[W+1m-2],[#],[W+1m-2],[mmol+1s-1m-2],[#],[mmol+1s-1m-2],[µmol+1s-1m-2],[#],[µmol+1s-1m-2],[µmol+1s-1m-2],[#],[µmol+1s-1m-2],[W+1m-2],[W+1m-2],[mmol+1s-1m-2],[µmol+1s-1m-2],[µmol+1s-1m-2],[mmol+1s-1m-2],[µmol+1s-1m-2],[µmol+1s-1m-2],[mmol+1m-3],[mmol+1mol_a-1],[mmol+1mol_d-1],[s],[1=default],[mmol+1m-3],[µmol+1mol_a-1],[µmol+1mol_d-1],[s],[1=default],[mmol+1m-3],[µmol+1mol_a-1],[µmol+1mol_d-1],[s],[1=default],[K],[K],[Pa],[kg+1m-3],[J+1kg-1K-1],[m+3mol-1],[mm+1hour-1],[kg+1m-3],[Pa],[Pa],[kg+1kg-1],[%],[Pa],[K],[m+1s-1],[m+1s-1],[m+1s-1],[m+1s-1],[m+1s-1],[m+1s-1],[m+1s-1],[m+1s-1],[deg_from_north],[deg],[deg],[deg],[m+1s-1],[m+2s-2],[m],[#],[#],[K],[0=KJ/1=KM/2=HS],[m],[m],[m],[m],[m],[m],[m],[kg+1m-1s-2],[#],[W+1m-2],[#],[W+1m-2],[#],[mmol+1s-1m-2],[#],[µmol+1s-1m-2],[#],[µmol+1s-1m-2],[#],8u/v/w/ts/co2/h2o/ch4/n2o,8u/v/w/ts/co2/h2o/ch4/n2o,8u/v/w/ts/co2/h2o/ch4/n2o,8u/v/w/ts/co2/h2o/ch4/n2o,8u/v/w/ts/co2/h2o/ch4/n2o,8u/v/w/ts/co2/h2o/ch4/n2o,8u/v/w/ts/co2/h2o/ch4/n2o,8u/v/w/ts/co2/h2o/ch4/n2o,8co2/h2o/ch4/n2o,8co2/h2o/ch4/n2o,8aa,8U,[#],[#],[#],[#],[#],[#],[#],[m+2s-2],[m+2s-2],[m+2s-2],[K+2],--,--,--,[m+1K+1s-1],--,--,--,--,--,--,--,--
not_enough_data,2018-11-26,15:00,330.624,-9999,-9999,-9999,-9999,-9999,-9999,-9999,-9999,-9999,-9999,-9999,-9999,-9999,-9999,-9999,-9999,-9999,-9999,-9999,-9999,-9999,-9999,-9999,-9999,-9999,-9999,-9999,-9999,-9999,-9999,-9999,-9999,-9999,-9999,-9999,-9999,-9999,-9999,-9999,-9999,-9999,-9999,-9999,-9999,-9999,-9999,-9999,-9999,-9999,-9999,-9999,-9999,-9999,-9999,-9999,-9999,-9999,-9999,-9999,-9999,-9999,-9999,-9999,-9999,-9999,-9999,-9999,-9999,-9999,-9999,-9999,-9999,-9999,-9999,-9999,-9999,-9999,-9999,-9999,-9999,-9999,-9999,-9999,-9999,-9999,-9999,-9999,-9999,-9999,-9999,-9999,-9999,-9999,-9999,-9999,-9999,-9999,-9999,-9999,-9999,-9999,-9999,-9999,-9999,-9999,-9999,-9999,-9999,-9999,-9999,-9999,-9999,-9999,-9999,-9999,-9999,-9999,-9999,-9999,-9999,-9999,-9999,-9999,-9999,-9999,-9999,-9999,-9999,-9999,-9999,-9999
CH-CHA_201811261457.csv,2018-11-26,15:30,330.6457,1,36000,36000,-0.178367E-01,1,0.292167E-02,-10.2808,1,2.10476,0.261936E-01,1,0.632435E-02,0.587147E-03,1,0.141765E-03,-0.796368E-02,1,0.141970E-02,-0.462957E-04,2,0.109445E-03,-9999,-9999,-9999,-9999,-9999,0.147243E-10,0.232902E-11,0.367392E-12,535.190,13.1171,13.2914,5.00000,0,0.846536E-01,2.07479,2.10237,5.00000,0,0.133538E-01,0.327290,0.331640,4.75000,0,284.652,283.471,96559.5,1.18087,1012.48,0.245092E-01,0.380471E-04,0.964413E-02,1261.64,1250.48,0.816700E-02,100.000,0.00000,283.564,-0.685725,0.717842E-01,-0.537736E-02,0.689493,-0.270507E-13,0.275123E-13,0.689493,1.73000,14.1378,174.024,-0.446855,-9999,0.122901,0.742883E-01,15.3686,0.130786,-392.493,0.699654E-01,0,-9999,-9999,-9999,-9999,-9999,-9999,-9999,-0.175680E-01,1.01529,-10.0232,1.02987,0.194550E-01,1.34637,0.436097E-03,1.34637,-0.591494E-02,1.34637,-0.343856E-04,1.34637,800009000,800019100,800009000,800009011,800009010,800019110,811119111,811119111,80111,80111,80,81,11,3,2,11,25,0,0,0.709670E-01,0.601740E-01,0.174355E-01,0.230781E-01,0.272284E-06,0.116112E-04,0.977097E-07,-0.838338E-02,0.108299E-04,-0.146890E-03,-0.853921E-06,21.9589,96.5146,0.499165,0.687529E+09,294.079
CH-CHA_201811261457.csv,2018-11-26,16:00,330.6665,1,36000,36000,-0.384839E-02,0,0.125477E-02,-1.60306,1,1.79244,0.875244E-02,1,0.240354E-02,0.196238E-03,1,0.538898E-04,0.243234E-02,0,0.107533E-02,0.118085E-03,0,0.455339E-04,0.394577,0.949843E-03,0.212964E-04,0.279226E-03,-0.161318E-04,-0.176042E-14,-0.279247E-15,-0.438769E-16,534.744,13.1175,13.2919,5.00000,0,0.848240E-01,2.08078,2.10844,1.40000,0,0.133280E-01,0.326944,0.331290,1.30000,0,284.900,283.718,96559.5,1.17984,1012.48,0.245305E-01,0.127162E-04,0.963608E-02,1261.69,1271.25,0.816728E-02,99.2480,9.55955,283.565,-0.423458,0.526166E-01,0.103617E-01,0.426840,-0.114505E-13,-0.329207E-17,0.426840,1.37775,18.2605,172.917,1.39101,-9999,0.571121E-01,0.737220E-01,9.89075,0.203220,-183.156,0.234969E-01,0,-9999,-9999,-9999,-9999,-9999,-9999,-9999,-0.377653E-02,1.01903,-1.55340,1.03604,0.621837E-02,1.40751,0.139422E-03,1.40751,0.172811E-02,1.40751,0.838964E-04,1.40751,800009000,800019100,800009000,800009011,800009000,800009100,811119111,811119111,80000,80000,80,80,2,0,1,8,199,0,0,0.513561E-01,0.856962E-01,0.103917E-01,0.568732E-01,0.143308E-06,0.193187E-04,0.776345E-07,-0.130038E-02,0.346537E-05,0.429527E-04,0.208527E-05,21.9589,96.5145,0.499054,0.690931E+09,294.100
CH-CHA_201811261457.csv,2018-11-26,16:30,330.6873,1,36000,36000,-0.150529E-01,1,0.269356E-02,-5.79345,1,3.29757,0.108593E-01,1,0.380459E-02,0.243756E-03,1,0.854005E-04,0.181977E-02,1,0.535940E-03,0.340501E-03,1,0.844904E-04,1.90715,-0.138483E-02,-0.310849E-04,-0.159773E-03,0.640465E-05,0.143362E-11,0.227044E-12,0.357487E-13,532.469,13.1169,13.2912,5.00000,0,0.843279E-01,2.07734,2.10495,5.00000,0,0.132776E-01,0.327082,0.331429,2.45000,0,286.102,284.916,96559.5,1.17488,1012.50,0.246341E-01,0.157954E-04,0.959509E-02,1261.62,1376.39,0.816687E-02,91.6618,114.765,283.564,-0.835150,-0.287657E-01,0.550664E-01,0.837457,-0.420593E-15,0.269240E-14,0.837457,2.14681,5.79432,181.973,3.77016,-9999,0.113191,0.936033E-01,21.3060,0.943394E-01,-533.502,0.430263E-01,0,-9999,-9999,-9999,-9999,-9999,-9999,-9999,-0.148498E-01,1.01367,-5.66449,1.02696,0.825790E-02,1.31502,0.185363E-03,1.31502,0.138383E-02,1.31502,0.258932E-03,1.31502,800009000,800019100,800009000,800009011,800009000,800019001,800119111,811119111,80111,80111,80,80,2,0,1,0,195,0,0,0.106494,0.648223E-01,0.158905E-01,0.141519,0.191601E-06,0.421496E-05,0.140934E-06,-0.476179E-02,0.462669E-05,0.345407E-04,0.646300E-05,21.9850,96.5112,0.505629,0.686310E+09,294.121
CH-CHA_201811261457.csv,2018-11-26,17:00,330.7082,1,36000,36000,-0.887148E-02,0,0.194227E-02,-1.21695,0,1.49555,0.431048E-02,1,0.361497E-02,0.968311E-04,1,0.812071E-04,-0.116865E-02,0,0.986039E-03,0.262183E-03,0,0.605722E-04,1.28431,-0.891793E-03,-0.200334E-04,-0.235934E-04,-0.424452E-05,-0.158432E-11,-0.250858E-12,-0.394969E-13,530.945,13.1164,13.2908,3.85000,0,0.840687E-01,2.07683,2.10443,2.45000,0,0.132363E-01,0.326990,0.331336,1.95000,0,286.914,285.724,96559.5,1.17156,1012.52,0.247040E-01,0.627465E-05,0.956762E-02,1261.58,1451.65,0.816660E-02,86.9067,190.069,283.564,-0.677617,0.194141,0.226633E-01,0.705244,-0.378756E-13,-0.298397E-14,0.705244,2.01316,26.1753,164.013,1.84154,-9999,0.870195E-01,0.109692,46.0878,0.436124E-01,-282.324,0.117894E-01,0,-9999,-9999,-9999,-9999,-9999,-9999,-9999,-0.876219E-02,1.01247,-1.19432,1.02303,0.340601E-02,1.26555,0.765130E-04,1.26555,-0.923434E-03,1.26555,0.207170E-03,1.26555,800009100,800019100,800009000,800009011,800009000,800009000,811119111,811119111,80111,80111,80,81,2,9,0,4,444,0,0,0.105033,0.941919E-01,0.201588E-01,0.305886E-01,0.175215E-06,0.114747E-04,0.851026E-07,-0.100683E-02,0.191520E-05,-0.231145E-04,0.518567E-05,21.9811,96.5131,0.505978,0.682126E+09,294.123
CH-CHA_201811261457.csv,2018-11-26,17:30,330.7290,0,36000,36000,-0.366296E-02,0,0.121682E-02,0.597910,1,0.713702,0.390317E-02,0,0.997067E-03,0.877309E-04,0,0.224109E-04,-0.524640E-02,0,0.352920E-02,0.686870E-04,0,0.316178E-04,0.932446,0.285289E-03,0.641239E-05,0.864404E-03,0.774916E-05,0.770570E-12,0.123108E-12,0.192198E-13,529.859,13.1166,13.2909,3.60000,0,0.846512E-01,2.09553,2.12338,5.00000,0,0.132159E-01,0.327158,0.331506,2.95000,0,287.505,286.312,96559.5,1.16915,1012.53,0.247548E-01,0.568496E-05,0.954806E-02,1261.59,1508.65,0.816668E-02,83.6238,247.060,283.564,-0.211903,0.118429,0.451833E-02,0.242794,-0.279066E-13,0.145429E-14,0.242794,1.07791,30.8358,150.800,1.06632,-9999,0.559734E-01,0.345401E-01,-24.9645,-0.805145E-01,153.185,-0.902354E-02,0,-9999,-9999,-9999,-9999,-9999,-9999,-9999,-0.355147E-02,1.03139,0.582090,1.03182,0.322645E-02,1.20974,0.725202E-04,1.20974,-0.433678E-02,1.20974,0.567781E-04,1.20974,800009000,800019100,800009000,800009011,800019100,800119110,811119111,811119111,80000,80000,80,81,5,6,0,19,354,0,0,0.411522E-01,0.212802E-01,0.664785E-02,0.121192E-01,0.904882E-07,0.218390E-03,0.636082E-07,0.491714E-03,0.181899E-05,-0.108778E-03,0.142414E-05,22.0000,96.5063,0.506292,0.683343E+09,294.129
CH-CHA_201811261457.csv,2018-11-26,18:00,330.7498,0,36000,36000,-0.185304E-02,0,0.678732E-03,-0.309766,2,3.00747,0.104035E-01,1,0.434997E-02,0.233805E-03,1,0.977593E-04,-0.216949E-02,2,0.322553E-02,0.237334E-03,0,0.646999E-04,-0.237853,0.261508E-02,0.587702E-04,0.260594E-02,0.341691E-04,0.730666E-12,0.119859E-12,0.182639E-13,530.188,13.1179,13.2922,5.00000,0,0.869726E-01,2.15187,2.18047,2.85000,0,0.132527E-01,0.327897,0.332255,1.90000,0,287.354,286.162,96559.5,1.16976,1012.53,0.247419E-01,0.151505E-04,0.955399E-02,1261.72,1493.94,0.816748E-02,84.4558,232.221,283.565,-0.133316,-0.293730,0.469694E-02,0.322603,0.308354E-13,0.137813E-14,0.322603,1.19147,304.317,245.588,0.834229,-9999,0.398010E-01,0.442967E-01,17.3244,0.116021,-29.7751,0.657108E-02,0,-9999,-9999,-9999,-9999,-9999,-9999,-9999,-0.182048E-02,1.01788,-0.301401,1.03044,0.780445E-02,1.33303,0.175394E-03,1.33303,-0.162750E-02,1.33303,0.178042E-03,1.33303,800009000,800009100,800009000,800009011,800009000,800119000,811119111,811119111,80000,80000,80,81,7,5,5,15,2,0,0,0.246540E-01,0.587644E-01,0.517510E-02,0.451175,0.481505E-06,0.869192E-03,0.214592E-06,-0.254473E-03,0.439703E-05,-0.408005E-04,0.446342E-05,21.9961,96.5079,0.506487,0.693431E+09,294.141
CH-CHA_201811261457.csv,2018-11-26,18:30,330.7707,0,36000,36000,-0.453229E-02,0,0.892270E-03,9.08009,1,7.02490,0.695511E-02,1,0.297409E-02,0.155945E-03,1,0.666840E-04,-0.151263E-02,2,0.223640E-02,0.220799E-03,0,0.479376E-04,-3.85819,0.870700E-03,0.195225E-04,-0.333824E-02,-0.479157E-04,0.179420E-11,0.284526E-12,0.447063E-13,534.713,13.1183,13.2927,5.00000,0,0.847951E-01,2.08030,2.10796,4.40000,0,0.133235E-01,0.326870,0.331215,1.50000,0,284.932,283.750,96559.5,1.17971,1012.49,0.245333E-01,0.101052E-04,0.963553E-02,1261.76,1273.95,0.816774E-02,99.0430,12.1919,283.566,0.296734,-0.613546,0.511611E-02,0.681554,0.383262E-13,0.335545E-14,0.681554,1.49910,251.471,295.810,0.430097,-9999,0.619829E-01,0.817318E-01,-2.23213,-0.900485,1305.53,-0.122647,0,-9999,-9999,-9999,-9999,-9999,-9999,-9999,-0.446240E-02,1.01566,8.92530,1.02164,0.581987E-02,1.19506,0.130491E-03,1.19506,-0.126574E-02,1.19506,0.184759E-03,1.19506,800009000,800009100,800009000,800009011,800009000,800009100,811119111,811119111,80000,80000,80,81,1,8,2,4,0,0,0,0.608952E-01,0.938056E-01,0.876273E-02,1.36250,0.243126E-06,0.122963E-03,0.102487E-06,0.747240E-02,0.324376E-05,-0.314638E-04,0.459278E-05,21.9350,96.5293,0.504933,0.696618E+09,294.127
CH-CHA_201811261457.csv,2018-11-26,19:00,330.7915,0,35993,35993,-0.352723E-02,2,0.158799E-02,-5.47395,1,4.57243,-0.187842E-01,2,0.701108E-02,-0.419853E-03,2,0.156707E-03,-0.307787E-01,1,0.106911E-01,-0.138634E-03,2,0.670621E-04,-5.31272,-0.652520E-03,-0.145847E-04,0.421032E-03,-0.499285E-05,0.329500E-11,0.524777E-12,0.820773E-13,540.961,13.1180,13.2923,1.55000,0,0.861559E-01,2.08923,2.11700,5.00000,0,0.134751E-01,0.326764,0.331107,4.65000,0,281.634,280.466,96559.5,1.19352,1012.40,0.242494E-01,-0.272065E-04,0.974812E-02,1261.73,1020.51,0.816754E-02,100.000,0.00000,283.565,-0.359661,-0.694368,0.186842E-01,0.782210,0.632844E-13,0.609102E-14,0.782210,2.55364,306.375,242.617,1.36872,-9999,0.543628E-01,0.188390,2.49783,0.804697,291.412,0.833329E-01,0,-9999,-9999,-9999,-9999,-9999,-9999,-9999,-0.340298E-02,1.03651,-5.11773,1.07420,-0.100903E-01,1.86161,-0.225532E-03,1.86161,-0.165333E-01,1.86161,-0.744698E-04,1.86161,800009000,800019100,800009000,800009011,800009000,800109010,811119111,811119111,80111,80111,80,81,3,0,0,7,192,0,0,0.319404,0.476864E-01,0.968942E-02,0.633147,0.834054E-06,0.313501E-02,0.162326E-06,-0.423541E-02,-0.554142E-05,-0.406231E-03,-0.182975E-05,21.9472,96.5258,0.505989,0.693857E+09,294.099
CH-CHA_201811261900.csv,2018-11-26,19:30,330.8123,0,36000,36000,-0.887840E-02,0,0.150330E-02,-1.38187,1,0.609205,0.107272E-01,1,0.412978E-02,0.239497E-03,1,0.922018E-04,-0.256963E-02,2,0.135261E-02,0.482885E-04,2,0.508333E-04,-1.90259,-0.579252E-02,-0.129324E-03,-0.232624E-02,0.115742E-05,0.138221E-11,0.215011E-12,0.344402E-13,543.148,13.1152,13.2895,4.45000,0,0.844896E-01,2.04014,2.06726,3.05000,0,0.135334E-01,0.326788,0.331131,1.70000,0,280.442,279.279,96559.5,1.19859,998.665,0.241467E-01,0.155194E-04,0.978753E-02,1261.47,940.507,0.816584E-02,-9999,-9999,283.562,-0.511850,-0.971903,0.247064E-01,1.09872,0.306694E-13,0.254482E-14,1.09872,2.24664,303.803,242.227,1.28849,-9999,0.860659E-01,0.844464E-01,38.7304,0.518973E-01,-128.819,0.134136E-01,0,-9999,-9999,-9999,-9999,-9999,-9999,-9999,-0.877484E-02,1.01180,-1.35510,1.02366,0.839105E-02,1.27841,0.187339E-03,1.27841,-0.201002E-02,1.27841,0.377722E-04,1.27841,800009000,800019100,800009000,800009011,800009000,800019000,800119111,811119111,80111,80111,80,81,9,0,4,2,103,0,0,0.103386,0.528339E-01,0.126728E-01,0.121080E-01,0.371002E-06,0.500695E-04,0.270408E-06,-0.113208E-02,0.458351E-05,-0.491779E-04,0.924148E-06,21.9928,96.5084,0.505683,0.673365E+09,294.073
CH-CHA_201811261900.csv,2018-11-26,20:00,330.8331,0,36000,36000,-0.105093E-01,1,0.173762E-02,2.78260,1,0.437902,0.958888E-02,1,0.380268E-02,0.214074E-03,1,0.848955E-04,0.124994E-02,2,0.208473E-02,0.428358E-03,1,0.718619E-04,-0.648840E-01,-0.157841E-02,-0.352384E-04,-0.585394E-03,0.454751E-04,0.175249E-11,0.270974E-12,0.437968E-13,543.196,13.1145,13.2888,4.60000,0,0.839903E-01,2.02779,2.05474,5.00000,0,0.135751E-01,0.327748,0.332103,2.10000,0,280.401,279.238,96559.5,1.19877,998.686,0.241432E-01,0.138720E-04,0.978840E-02,1261.39,937.880,0.816538E-02,-9999,-9999,283.561,0.708362E-01,-0.547474,0.210951E-01,0.552441,-0.264838E-13,0.322625E-14,0.552441,1.57820,264.476,277.372,2.18839,-9999,0.936310E-01,0.733644E-01,-24.7653,-0.811619E-01,290.190,-0.248237E-01,0,-9999,-9999,-9999,-9999,-9999,-9999,-9999,-0.103257E-01,1.01778,2.73209,1.02292,0.801478E-02,1.19640,0.178932E-03,1.19640,0.104475E-02,1.19640,0.358039E-03,1.19640,800009000,800009100,800009000,800009011,800019000,800019010,810119111,811119111,80000,80000,80,81,16,6,1,73,2,0,0,0.783092E-01,0.592456E-01,0.917388E-02,0.113609E-01,0.291630E-06,0.824364E-04,0.152396E-06,0.228208E-02,0.437716E-05,0.255576E-04,0.875862E-05,21.9944,96.5067,0.504612,0.667482E+09,294.038
CH-CHA_201811261900.csv,2018-11-26,20:30,330.8540,0,36000,36000,-0.227707E-02,1,0.475662E-03,0.101548,2,0.170106,0.334026E-02,1,0.151081E-02,0.745546E-04,1,0.337213E-04,0.182157E-01,2,0.716365E-02,0.123543E-03,1,0.334262E-04,-0.390557,0.830101E-04,0.185279E-05,0.353491E-02,0.134706E-04,0.735640E-12,0.117925E-12,0.184004E-13,543.672,13.1145,13.2888,3.70000,0,0.871523E-01,2.10230,2.13024,0.500000E-01,0,0.135988E-01,0.328032,0.332391,2.30000,0,280.157,278.995,96559.5,1.19981,998.804,0.241222E-01,0.483114E-05,0.979696E-02,1261.40,922.216,0.816540E-02,-9999,-9999,283.561,0.353858,0.281715,0.205528E-01,0.452771,-0.684468E-13,0.135310E-14,0.452771,0.885438,150.736,38.5241,2.60174,-9999,0.435644E-01,0.298252E-01,-68.3610,-0.294028E-01,30.4014,-0.194512E-02,0,-9999,-9999,-9999,-9999,-9999,-9999,-9999,-0.223192E-02,1.02023,0.996982E-01,1.02447,0.278718E-02,1.19844,0.622100E-04,1.19844,0.151995E-01,1.19844,0.103087E-03,1.19844,800009000,800019100,800009000,800009011,800009000,800019100,811119111,811119111,80000,80000,80,81,1,3,0,13,102,0,0,0.151870E-01,0.415289E-01,0.293441E-02,0.372196E-02,0.175930E-06,0.219175E-02,0.115658E-06,0.831942E-04,0.152050E-05,0.371499E-03,0.251960E-05,21.9650,96.5145,0.501350,0.667616E+09,294.046
CH-CHA_201811261900.csv,2018-11-26,21:00,330.8748,0,36000,36000,-0.981007E-03,1,0.588299E-03,0.993251E-01,2,0.127188,-0.588480E-03,2,0.561908E-03,-0.131352E-04,2,0.125421E-04,0.332896E-02,1,0.203802E-02,0.141919E-03,1,0.362438E-04,0.348018E-01,-0.356085E-03,-0.794800E-05,-0.146109E-02,-0.655634E-04,0.331615E-11,0.523808E-12,0.825978E-13,543.623,13.1144,13.2886,0.300000,0,0.858689E-01,2.07150,2.09903,0.500000E-01,0,0.135404E-01,0.326649,0.330990,3.20000,0,280.179,279.017,96559.5,1.19972,998.794,0.241240E-01,-0.851159E-06,0.979608E-02,1261.38,923.602,0.816530E-02,-9999,-9999,283.561,0.154878,0.307772,0.134467E-01,0.344806,-0.506712E-13,0.610009E-14,0.344806,0.874986,115.302,63.2874,2.23497,-9999,0.285954E-01,0.335102E-01,-19.7656,-0.101692,-168.782,-0.289873E-02,0,-9999,-9999,-9999,-9999,-9999,-9999,-9999,-0.957653E-03,1.02439,0.970737E-01,1.02717,-0.489414E-03,1.20242,-0.109240E-04,1.20242,0.276855E-02,1.20242,0.118028E-03,1.20242,800009000,800119100,800009000,800009011,800009000,801019110,811119111,811119111,80111,80111,80,81,6,6,0,17,2,0,0,0.445896E-01,0.204319E-01,0.199891E-02,0.477021E-02,0.232183E-06,0.389952E-03,0.178469E-06,0.810113E-04,-0.267018E-06,0.676727E-04,0.288499E-05,21.9928,96.5044,0.501653,0.666340E+09,294.084
CH-CHA_201811261900.csv,2018-11-26,21:30,330.8956,0,36000,36000,-0.355710E-03,2,0.191409E-03,0.118694,1,0.206595,0.176419E-02,1,0.736601E-03,0.393678E-04,1,0.164372E-04,-0.313230E-02,1,0.140463E-02,0.840257E-04,1,0.230151E-04,-0.423182,0.105227E-02,0.234814E-04,0.415715E-03,0.500030E-05,-0.178485E-11,-0.283110E-12,-0.444692E-13,544.157,13.1149,13.2891,2.90000,0,0.863133E-01,2.08026,2.10790,2.20000,0,0.135576E-01,0.326755,0.331097,2.70000,0,279.914,278.753,96559.5,1.20085,998.921,0.241013E-01,0.255103E-05,0.980571E-02,1261.43,906.886,0.816561E-02,-9999,-9999,283.562,0.217175,0.340373,0.127487E-01,0.403957,0.964045E-13,-0.328002E-14,0.403957,1.12308,116.863,57.4601,1.80854,-9999,0.172109E-01,0.566560E-01,-3.60677,-0.557286,67.2793,-0.574915E-02,0,-9999,-9999,-9999,-9999,-9999,-9999,-9999,-0.348104E-03,1.02185,0.116309,1.02551,0.147025E-02,1.19993,0.328084E-04,1.19993,-0.261040E-02,1.19993,0.700254E-04,1.19993,800009100,800119100,800009000,800009011,800009000,810009110,801119111,811119111,80000,80000,80,81,8,19,5,15,367,0,0,0.764442E-01,0.343556E-01,0.251214E-02,0.425210E-02,0.127244E-06,0.182802E-03,0.912145E-07,0.969602E-04,0.801189E-06,-0.637466E-04,0.171004E-05,21.9817,96.5078,0.500973,0.670791E+09,294.114
CH-CHA_201811261900.csv,2018-11-26,22:00,330.9165,0,36000,36000,-0.291830E-02,0,0.698372E-03,0.774431,0,0.213926,-0.783887E-03,2,0.705033E-03,-0.174905E-04,2,0.157311E-04,-0.140987E-01,1,0.502842E-02,0.803526E-04,1,0.401400E-04,-0.177439,0.150807E-02,0.336489E-04,0.402557E-02,0.268265E-04,0.172125E-11,0.284128E-12,0.429564E-13,544.402,13.1156,13.2899,0.500000E-01,0,0.898650E-01,2.16500,2.19377,2.55000,0,0.135864E-01,0.327320,0.331670,2.75000,0,279.803,278.643,96559.5,1.20133,998.974,0.240917E-01,-0.113339E-05,0.981012E-02,1261.50,899.959,0.816605E-02,-9999,-9999,283.563,0.329372,0.276298,0.240917E-01,0.430589,-0.195467E-13,0.316172E-14,0.430589,0.937763,142.723,39.9920,3.20740,-9999,0.492872E-01,0.278853E-01,-12.9831,-0.154816,-987.937,-0.130928E-01,0,-9999,-9999,-9999,-9999,-9999,-9999,-9999,-0.285849E-02,1.02092,0.758729,1.02491,-0.653749E-03,1.19906,-0.145868E-04,1.19906,-0.117581E-01,1.19906,0.670128E-04,1.19906,800009100,800019100,800009000,800009011,800009000,800009100,811119111,811119111,80111,80111,80,80,0,19,0,50,503,0,0,0.279399E-01,0.234295E-01,0.440115E-02,0.387071E-02,0.117460E-06,0.950309E-03,0.159258E-06,0.632222E-03,-0.356073E-06,-0.287023E-03,0.163582E-05,21.9967,96.5022,0.500972,0.675690E+09,294.128
CH-CHA_201811261900.csv,2018-11-26,22:30,330.9373,0,36000,36000,-0.312976E-02,1,0.427738E-03,-0.484128,2,1.02760,0.233989E-02,1,0.113492E-02,0.521893E-04,1,0.253135E-04,0.443251E-02,1,0.577987E-02,0.290924E-03,1,0.528343E-04,-0.636181,0.226169E-03,0.504451E-05,0.119894E-02,0.353039E-05,-0.289341E-12,-0.483174E-13,-0.722253E-14,545.180,13.1157,13.2900,2.10000,0,0.910402E-01,2.19020,2.21931,3.85000,0,0.136088E-01,0.327394,0.331745,2.35000,0,279.406,278.247,96559.5,1.20304,999.165,0.240575E-01,0.338187E-05,0.982414E-02,1261.51,875.547,0.816612E-02,-9999,-9999,283.563,0.563940,0.217551,0.181811E-01,0.604721,0.673736E-13,-0.530726E-15,0.604721,1.12379,166.188,21.0951,1.72287,-9999,0.510054E-01,0.336791E-01,23.0213,0.873104E-01,-206.902,0.789639E-02,0,-9999,-9999,-9999,-9999,-9999,-9999,-9999,-0.308572E-02,1.01427,-0.473411,1.02669,0.179125E-02,1.30629,0.399522E-04,1.30629,0.339319E-02,1.30629,0.222709E-03,1.30629,800009100,800019100,800009000,800009011,800009100,800009100,811119111,811119111,80000,80000,80,81,1,1,0,4,548,0,0,0.202887E-01,0.431867E-01,0.388282E-02,0.518930E-01,0.807976E-07,0.178981E-02,0.173448E-06,-0.393842E-03,0.973874E-06,0.827124E-04,0.542876E-05,21.9967,96.5026,0.501334,0.676942E+09,294.136
CH-CHA_201811261900.csv,2018-11-26,23:00,330.9581,0,36000,36000,-0.182351E-02,0,0.381067E-03,-0.890478,2,0.645360,0.305240E-02,1,0.138182E-02,0.680672E-04,1,0.308140E-04,-0.655927E-02,1,0.191456E-02,0.191829E-03,0,0.338137E-04,-0.345295,-0.348991E-03,-0.778236E-05,-0.248769E-02,-0.486667E-05,-0.270630E-11,-0.441152E-12,-0.675345E-13,545.593,13.1155,13.2898,4.85000,0,0.889367E-01,2.13795,2.16636,4.05000,0,0.136150E-01,0.327292,0.331641,2.70000,0,279.191,278.033,96559.5,1.20396,999.268,0.240390E-01,0.441075E-05,0.983159E-02,1261.49,862.555,0.816601E-02,-9999,-9999,283.563,0.445578,0.477676,0.171475E-01,0.653459,0.128645E-13,-0.496030E-14,0.653459,1.17329,139.932,46.9911,1.50368,-9999,0.389177E-01,0.242476E-01,5.56039,0.361485,-291.731,0.190187E-01,0,-9999,-9999,-9999,-9999,-9999,-9999,-9999,-0.178253E-02,1.02299,-0.854420,1.04642,0.198636E-02,1.53668,0.442951E-04,1.53668,-0.426847E-02,1.53668,0.124834E-03,1.53668,800009000,800019100,800009000,800009011,800009000,800009100,811119111,811119111,80000,80000,80,80,1,8,0,7,84,0,0,0.181777E-01,0.233606E-01,0.695681E-02,0.143816E-01,0.152129E-06,0.129792E-03,0.849800E-07,-0.710192E-03,0.107890E-05,-0.103968E-03,0.304060E-05,22.0000,96.5034,0.503389,0.674798E+09,294.136
CH-CHA_201811261900.csv,2018-11-26,23:30,330.9790,0,36000,36000,-0.134386E-01,0,0.183069E-02,-0.856680,1,0.449578,0.482179E-02,1,0.399608E-02,0.107556E-03,1,0.891374E-04,-0.378118E-02,1,0.567793E-02,0.287955E-03,1,0.581985E-04,0.502141,0.595239E-03,0.132775E-04,0.115498E-02,0.832333E-05,0.975947E-13,0.160892E-13,0.243668E-14,544.993,13.1158,13.2901,4.70000,0,0.898462E-01,2.16224,2.19097,1.65000,0,0.136070E-01,0.327467,0.331819,2.15000,0,279.504,278.345,96559.5,1.20261,999.118,0.240660E-01,0.696963E-05,0.982077E-02,1261.52,881.530,0.816619E-02,-9999,-9999,283.563,0.858232,0.541074,0.360051E-01,1.01519,0.551295E-13,0.179075E-15,1.01519,2.14800,152.421,32.2295,2.03249,-9999,0.105709,0.109478,115.810,0.173560E-01,-177.668,0.674469E-02,0,-9999,-9999,-9999,-9999,-9999,-9999,-9999,-0.132959E-01,1.01073,-0.842600,1.02069,0.388076E-02,1.24249,0.865650E-04,1.24249,-0.304323E-02,1.24249,0.231757E-03,1.24249,800009000,800019100,800009000,800009000,800009000,800009010,800119111,801119111,80111,80111,80,81,0,12,2,18,273,0,0,0.823143E-01,0.121287,0.153540E-01,0.442875E-02,0.248543E-06,0.725086E-03,0.106023E-06,-0.701259E-03,0.211085E-05,-0.742078E-04,0.565129E-05,22.0000,96.5057,0.505694,0.677123E+09,294.137
CH-CHA_201811261900.csv,2018-11-27,00:00,331.0000,0,36000,36000,-0.965006E-02,0,0.139833E-02,-0.724417,2,1.46106,-0.689574E-03,0,0.502558E-03,-0.153889E-04,0,0.112153E-04,0.450708E-02,1,0.523964E-02,0.725497E-04,1,0.364966E-04,0.773822,0.175775E-02,0.392267E-04,0.163819E-02,0.216743E-04,0.284239E-11,0.476037E-12,0.710613E-13,544.085,13.1166,13.2909,3.80000,0,0.911223E-01,2.19675,2.22594,4.50000,0,0.136024E-01,0.327923,0.332282,2.50000,0,279.989,278.827,96559.5,1.20053,998.885,0.241077E-01,-0.997198E-06,0.980441E-02,1261.60,911.553,0.816670E-02,-9999,-9999,283.564,0.970133,0.416242,0.401211E-01,1.05642,0.309185E-13,0.522416E-14,1.05642,1.89286,163.579,23.2221,2.17652,-9999,0.896556E-01,0.652857E-01,83.5343,0.240620E-01,1050.53,0.673785E-02,0,-9999,-9999,-9999,-9999,-9999,-9999,-9999,-0.954614E-02,1.01089,-0.712320,1.02128,-0.551707E-03,1.24989,-0.123122E-04,1.24989,0.360598E-02,1.24989,0.580448E-04,1.24989,800009100,800019100,800009000,800009011,800009100,800009100,801019111,801119111,80000,80000,80,80,1,5,0,12,591,0,0,0.669420E-01,0.489941E-01,0.146354E-01,0.479563E-01,0.502219E-07,0.596084E-03,0.111592E-06,-0.593998E-03,-0.300747E-06,0.880825E-04,0.141785E-05,21.9506,96.5232,0.504692,0.683264E+09,294.135
CH-CHA_201811261900.csv,2018-11-27,00:30,331.0208,0,36000,36000,-0.812389E-02,0,0.157516E-02,-0.289080,2,0.225532,-0.319212E-02,1,0.141753E-02,-0.712703E-04,1,0.316492E-04,0.215569E-02,1,0.167979E-02,0.463636E-04,1,0.324894E-04,0.788210,-0.164074E-03,-0.366327E-05,-0.156160E-02,0.142787E-05,0.389058E-12,0.641816E-13,0.972762E-14,543.124,13.1165,13.2909,0.100000,0,0.895973E-01,2.16379,2.19255,4.70000,0,0.135797E-01,0.327953,0.332312,2.00000,0,280.482,279.319,96559.5,1.19842,998.645,0.241502E-01,-0.461832E-05,0.978709E-02,1261.59,943.123,0.816665E-02,-9999,-9999,283.564,0.386806,0.580831,0.291928E-01,0.698453,-0.283840E-12,0.716334E-15,0.698453,1.98499,124.177,56.3382,2.39545,-9999,0.823336E-01,0.112746,162.080,0.124013E-01,90.5605,0.293373E-02,0,-9999,-9999,-9999,-9999,-9999,-9999,-9999,-0.803034E-02,1.01165,-0.284603,1.02052,-0.258565E-02,1.23455,-0.577296E-04,1.23455,0.174613E-02,1.23455,0.375550E-04,1.23455,800009100,800019100,800009000,800009011,800009100,800009100,811119111,811119111,80000,80000,80,81,0,4,1,28,466,0,0,0.103124,0.111590,0.107782E-01,0.860152E-02,0.113497E-06,0.606997E-04,0.874473E-07,-0.237804E-03,-0.141264E-05,0.427275E-04,0.918966E-06,21.9972,96.5081,0.507043,0.682544E+09,294.136
CH-CHA_201811261900.csv,2018-11-27,01:00,331.0416,0,35989,35989,0.474390E-02,1,0.668369E-03,2.09624,2,0.810276,0.313514E-02,1,0.842755E-03,0.700183E-04,1,0.188216E-04,-0.864390E-02,1,0.224949E-02,0.447522E-03,1,0.983102E-04,0.483984,0.438262E-03,0.978787E-05,0.398972E-03,0.133417E-04,-0.430700E-11,-0.713267E-12,-0.107779E-12,542.545,13.1167,13.2911,2.75000,0,0.898490E-01,2.17222,2.20109,2.05000,0,0.135767E-01,0.328235,0.332598,1.60000,0,280.786,279.621,96559.5,1.19712,998.497,0.241763E-01,0.453719E-05,0.977666E-02,1261.61,963.008,0.816678E-02,-9999,-9999,283.564,-0.248828,0.307915,0.148994E-01,0.396168,0.113146E-12,-0.793851E-14,0.396168,1.26499,61.9607,128.942,2.15534,-9999,0.629504E-01,0.826357E-01,-9.98864,-0.201229,668.626,-0.278584E-01,0,-9999,-9999,-9999,-9999,-9999,-9999,-9999,0.464113E-02,1.02214,2.05240,1.02570,0.261216E-02,1.20021,0.583383E-04,1.20021,-0.720198E-02,1.20021,0.372869E-03,1.20021,800009100,800019100,800009000,800009011,800109100,800109100,811119111,811119111,80000,80000,80,81,13,8,2,10,392,0,0,0.225913E-01,0.136990,0.568973E-02,0.174419E-01,0.789847E-07,0.133801E-03,0.279651E-06,0.171703E-02,0.142908E-05,-0.176423E-03,0.913394E-05,22.0000,96.5078,0.507780,0.685486E+09,294.145
CH-CHA_201811270100.csv,2018-11-27,01:30,331.0624,0,36000,36000,-0.578381E-02,1,0.710868E-03,2.91148,1,0.646609,0.947730E-03,1,0.362522E-03,0.211603E-04,1,0.809416E-05,-0.356872E-03,1,0.254618E-03,0.350265E-03,1,0.527473E-04,-0.452001,0.268755E-04,0.600059E-06,-0.248752E-03,-0.596886E-05,-0.419933E-11,-0.693756E-12,-0.105044E-12,543.093,13.1168,13.2911,2.20000,0,0.897224E-01,2.16697,2.19577,1.25000,0,0.135852E-01,0.328109,0.332470,1.80000,0,280.503,279.339,96559.5,1.19833,998.635,0.241520E-01,0.137119E-05,0.978654E-02,1261.61,944.447,0.816679E-02,-9999,-9999,283.564,-0.154432,0.349774,0.338611E-03,0.382349,-0.255641E-13,-0.773225E-14,0.382349,1.48604,74.6935,113.822,0.507415E-01,-9999,0.694734E-01,0.946160E-01,-9.66839,-0.207894,3072.05,-0.350195E-01,0,-9999,-9999,-9999,-9999,-9999,-9999,-9999,-0.565549E-02,1.02269,2.84944,1.02606,0.789289E-03,1.20074,0.176227E-04,1.20074,-0.297210E-03,1.20074,0.291708E-03,1.20074,800009000,800019100,800009000,800009011,800009100,800009100,811119111,811119111,80000,80000,80,81,0,15,0,0,318,0,0,0.293052E-01,0.156882,0.304442E-02,0.199178E-01,0.917299E-07,0.102981E-04,0.162100E-06,0.238108E-02,0.431258E-06,-0.727323E-05,0.713859E-05,21.9833,96.5131,0.506867,0.685468E+09,294.140
CH-CHA_201811270100.csv,2018-11-27,02:00,331.0833,0,36000,36000,-0.142047E-02,1,0.123695E-03,0.629210,1,0.183851,-0.142068E-03,2,0.914613E-04,-0.317130E-05,2,0.204163E-05,-0.455312E-03,2,0.413747E-03,0.124032E-03,1,0.218706E-04,-0.376842,-0.159240E-03,-0.355461E-05,0.379184E-03,-0.238525E-05,0.799735E-12,0.132610E-12,0.200020E-13,543.547,13.1167,13.2910,0.150000,0,0.901293E-01,2.17497,2.20387,0.550000,0,0.135946E-01,0.328059,0.332419,2.00000,0,280.267,279.104,96559.5,1.19934,998.750,0.241316E-01,-0.205500E-06,0.979472E-02,1261.60,929.230,0.816674E-02,-9999,-9999,283.564,0.145867,0.209096,-0.161611E-02,0.254953,0.440076E-13,0.147133E-14,0.254953,0.582237,131.519,55.1001,-0.363193,-9999,0.344148E-01,0.143667E-01,-5.43877,-0.369569,-4428.92,-0.152634E-01,0,-9999,-9999,-9999,-9999,-9999,-9999,-9999,-0.137871E-02,1.03029,0.612787,1.03108,-0.117552E-03,1.20856,-0.262403E-05,1.20856,-0.376739E-03,1.20856,0.102628E-03,1.20856,800009100,800119100,800009000,800009000,800009100,800019100,811119111,811119111,80001,80001,80,81,12,0,0,19,842,0,0,0.813804E-02,0.196579E-01,0.937550E-03,0.577845E-02,0.231735E-07,0.267054E-04,0.110577E-06,0.511576E-03,-0.641605E-07,-0.921168E-05,0.250937E-05,22.0000,96.5069,0.506889,0.684823E+09,294.130
CH-CHA_201811270100.csv,2018-11-27,02:30,331.1041,0,36000,36000,-0.576496E-03,1,0.420553E-04,0.133211,1,0.249297,0.769922E-03,1,0.469512E-03,0.171827E-04,1,0.104783E-04,-0.277536E-02,1,0.883524E-03,-0.693824E-04,1,0.451903E-04,-0.372464,-0.534044E-03,-0.119185E-04,0.629209E-03,0.850391E-05,0.486939E-12,0.812363E-13,0.121856E-13,543.989,13.1164,13.2908,0.100000,0,0.907541E-01,2.18822,2.21731,1.75000,0,0.136133E-01,0.328238,0.332601,4.85000,0,280.034,278.872,96559.5,1.20034,998.863,0.241116E-01,0.111344E-05,0.980268E-02,1261.58,914.416,0.816659E-02,-9999,-9999,283.564,-0.361310,0.145746,0.108767E-01,0.389750,0.216806E-13,0.895126E-15,0.389750,0.786257,33.0747,158.032,1.59915,-9999,0.219152E-01,0.302523E-01,-6.63450,-0.302962,173.019,-0.506973E-02,0,-9999,-9999,-9999,-9999,-9999,-9999,-9999,-0.563869E-03,1.02239,0.130432,1.02587,0.641360E-03,1.20045,0.143135E-04,1.20045,-0.231193E-02,1.20045,-0.577970E-04,1.20045,800009000,800119100,800009000,800009000,800009000,800009100,811119111,811119111,80000,80000,80,80,0,0,1,0,115,0,0,0.171752E-01,0.424288E-01,0.900628E-03,0.172658E-01,0.183915E-06,0.196390E-03,0.538587E-06,0.108787E-03,0.349690E-06,-0.564822E-04,-0.141202E-05,22.0000,96.5065,0.506500,0.682012E+09,294.130
CH-CHA_201811270100.csv,2018-11-27,03:00,331.1249,0,36000,36000,-0.396955E-03,2,0.182192E-03,0.376266,1,0.324237,0.582162E-03,1,0.304591E-03,0.129907E-04,1,0.679682E-05,0.707461E-02,1,0.349663E-02,0.172527E-03,1,0.883319E-04,-0.213399,0.262865E-03,0.586573E-05,0.128272E-02,0.305392E-04,-0.155692E-11,-0.262945E-12,-0.390377E-13,544.254,13.1166,13.2909,4.95000,0,0.919181E-01,2.21523,2.24468,0.500000E-01,0,0.136465E-01,0.328881,0.333252,1.45000,0,279.900,278.740,96559.5,1.20091,998.927,0.241001E-01,0.841799E-06,0.980745E-02,1261.59,906.027,0.816666E-02,-9999,-9999,283.564,-0.453766,-0.276478E-01,0.174508E-01,0.454943,-0.119473E-13,-0.286065E-14,0.454943,1.29248,8.70021,183.487,2.19831,-9999,0.181809E-01,0.493161E-01,-1.34119,-1.49867,646.324,-0.172518E-01,0,-9999,-9999,-9999,-9999,-9999,-9999,-9999,-0.389108E-03,1.02017,0.368858,1.02443,0.485792E-03,1.19838,0.108403E-04,1.19838,0.590349E-02,1.19838,0.143967E-03,1.19838,800009000,800119100,800009000,800009011,800009110,800009111,811119111,811119111,80000,80000,80,80,0,0,0,0,221,0,0,0.666961E-01,0.293199E-01,0.261621E-02,0.978925E-02,0.102075E-06,0.106550E-02,0.114543E-05,0.307478E-03,0.264710E-06,0.144158E-03,0.351556E-05,21.9839,96.5122,0.506199,0.683100E+09,294.122
CH-CHA_201811270100.csv,2018-11-27,03:30,331.1458,0,36000,36000,-0.113024E-01,1,0.135100E-02,-0.584857,1,0.323406,-0.828304E-02,2,0.200179E-02,-0.184873E-03,2,0.446790E-04,-0.465669E-02,1,0.251632E-02,0.139997E-03,1,0.284179E-04,0.366324,-0.356203E-03,-0.795025E-05,0.208914E-02,-0.329484E-04,0.480227E-11,0.827179E-12,0.120158E-12,543.801,13.1164,13.2907,5.00000,0,0.936684E-01,2.25926,2.28929,2.85000,0,0.136065E-01,0.328187,0.332549,2.25000,0,280.130,278.968,96559.5,1.19993,998.816,0.241198E-01,-0.119798E-04,0.979930E-02,1261.58,920.483,0.816656E-02,-9999,-9999,283.564,-0.317065,0.295157,0.249601E-01,0.433902,-0.332047E-13,0.883094E-14,0.433902,1.17682,49.0898,137.049,3.29775,-9999,0.970527E-01,0.126626,131.240,0.153155E-01,70.6089,0.502806E-02,0,-9999,-9999,-9999,-9999,-9999,-9999,-9999,-0.111457E-01,1.01406,-0.575130,1.02185,-0.669365E-02,1.23745,-0.149399E-03,1.23745,-0.376314E-02,1.23745,0.113134E-03,1.23745,800009000,800119100,800009000,800009000,800009000,810009010,811119111,811119111,80011,80011,80,81,0,0,1,0,252,0,0,0.976674E-01,0.152722,0.286291E-02,0.100771E-01,0.205345E-06,0.497337E-03,0.977171E-07,-0.479871E-03,-0.365117E-05,-0.919680E-04,0.276489E-05,22.0000,96.5070,0.507000,0.681823E+09,294.106
CH-CHA_201811270100.csv,2018-11-27,04:00,331.1666,0,36000,36000,0.289581E-02,1,0.125905E-02,-0.481541,1,0.364194,-0.148325E-02,2,0.928080E-03,-0.331112E-04,2,0.207180E-04,0.735437E-02,2,0.476175E-02,-0.440012E-04,2,0.241047E-04,0.303000,-0.139755E-02,-0.311981E-04,0.602927E-03,0.194003E-04,0.311316E-11,0.539278E-12,0.779957E-13,543.406,13.1157,13.2900,3.55000,0,0.941318E-01,2.27198,2.30218,4.35000,0,0.136143E-01,0.328596,0.332963,0.500000E-01,0,280.319,279.157,96559.5,1.19912,998.725,0.241362E-01,-0.214561E-05,0.979218E-02,1261.51,932.602,0.816615E-02,-9999,-9999,283.563,0.339095,0.233862,0.140000E-01,0.412157,0.270423E-13,0.572897E-14,0.412157,1.14337,153.049,34.5926,1.94658,-9999,0.491421E-01,0.640464E-01,20.6909,0.971440E-01,324.654,0.818223E-02,0,-9999,-9999,-9999,-9999,-9999,-9999,-9999,0.284993E-02,1.01610,-0.470318,1.02829,-0.112770E-02,1.31528,-0.251743E-04,1.31528,0.559148E-02,1.31528,-0.334538E-04,1.31528,800009000,800119100,800009000,800009000,800009000,810009110,811119111,811119111,80010,80010,80,80,3,11,1,3,123,0,0,0.743733E-01,0.507990E-01,0.292061E-02,0.889433E-02,0.132461E-06,0.124292E-02,0.164974E-06,-0.392721E-03,-0.615653E-06,0.136743E-03,-0.818135E-06,22.0000,96.5066,0.506583,0.677303E+09,294.099
CH-CHA_201811270100.csv,2018-11-27,04:30,331.1874,0,36000,36000,0.685653E-02,1,0.154757E-02,-0.440371E-01,2,0.422327E-01,0.306086E-02,1,0.100987E-02,0.683226E-04,1,0.225416E-04,-0.174217E-02,1,0.143207E-02,-0.530685E-04,2,0.584014E-04,-0.159471,0.497153E-03,0.110971E-04,-0.700026E-03,0.192082E-05,-0.200841E-11,-0.345642E-12,-0.503232E-13,543.609,13.1160,13.2903,0.900000,0,0.935537E-01,2.25722,2.28722,2.65000,0,0.136208E-01,0.328636,0.333004,5.00000,0,280.220,279.057,96559.5,1.19954,998.773,0.241276E-01,0.442731E-05,0.979584E-02,1261.53,926.209,0.816630E-02,-9999,-9999,283.563,0.439717,0.280711,0.926472E-02,0.521762,0.316548E-14,-0.369459E-14,0.521762,1.34800,151.204,32.5537,1.01743,-9999,0.756039E-01,0.703107E-01,823.921,0.243955E-02,-14.3871,0.486174E-03,0,-9999,-9999,-9999,-9999,-9999,-9999,-9999,0.676997E-02,1.01279,-0.431969E-01,1.02031,0.250055E-02,1.22408,0.558157E-04,1.22408,-0.142325E-02,1.22408,-0.433540E-04,1.22408,800009000,800119100,800009000,800009000,800009000,800009000,811119111,811119111,80100,80100,80,81,16,0,0,4,0,0,0,0.109539,0.287704E-01,0.231195E-02,0.413411E-02,0.204234E-06,0.145125E-03,0.193960E-06,-0.360553E-04,0.136452E-05,-0.347942E-04,-0.105987E-05,22.0000,96.5060,0.506028,0.679408E+09,294.108
CH-CHA_201811270100.csv,2018-11-27,05:00,331.2083,0,36000,36000,-0.178053E-01,1,0.259973E-02,-1.74746,1,0.612631,-0.135742E-01,1,0.603721E-02,-0.302983E-03,1,0.134754E-03,0.160625E-01,1,0.755270E-02,0.176121E-03,2,0.117633E-03,-0.637261E-01,-0.252494E-02,-0.563579E-04,0.103998E-03,-0.548280E-05,0.341901E-11,0.589028E-12,0.856452E-13,543.638,13.1148,13.2891,4.60000,0,0.936579E-01,2.25941,2.28944,3.35000,0,0.136179E-01,0.328521,0.332886,2.35000,0,280.180,279.018,96559.5,1.19972,998.793,0.241241E-01,-0.196333E-04,0.979635E-02,1261.42,923.665,0.816556E-02,-9999,-9999,283.562,0.740463E-01,0.276376,0.275144E-01,0.287443,-0.511656E-13,0.628914E-14,0.287443,1.46677,102.662,75.0016,5.49284,-9999,0.121825,0.152396,86.8722,0.231374E-01,128.734,0.119706E-01,0,-9999,-9999,-9999,-9999,-9999,-9999,-9999,-0.175033E-01,1.01725,-1.71423,1.02402,-0.108835E-01,1.24723,-0.242925E-03,1.24723,0.128786E-01,1.24723,0.141210E-03,1.24723,800009000,800019100,800009000,800009011,800009000,801009000,811119111,811119111,80000,80000,80,81,0,3,0,0,276,0,0,0.133586,0.166753,0.445370E-02,0.122884E-01,0.553715E-06,0.140344E-02,0.437358E-06,-0.143059E-02,-0.593793E-05,0.314797E-03,0.345166E-05,21.9622,96.5191,0.504954,0.669976E+09,294.115
CH-CHA_201811270100.csv,2018-11-27,05:30,331.2291,0,36000,36000,-0.833336E-02,1,0.130259E-02,-0.219283,2,0.554079,0.199522E-02,2,0.706754E-03,0.445269E-04,2,0.157724E-04,0.252495E-01,1,0.605312E-02,0.586464E-03,1,0.108156E-03,-0.284428,-0.212077E-02,-0.473288E-04,-0.396904E-02,-0.391457E-04,0.611979E-11,0.101538E-11,0.152926E-12,543.942,13.1138,13.2880,3.85000,0,0.902493E-01,2.17580,2.20472,5.00000,0,0.135924E-01,0.327696,0.332051,1.65000,0,280.002,278.840,96559.5,1.20048,998.880,0.241088E-01,0.288534E-05,0.980183E-02,1261.33,912.395,0.816493E-02,-9999,-9999,283.561,0.513443E-01,0.317015,0.225137E-01,0.321934,0.302904E-12,0.112508E-13,0.321934,1.07336,96.2295,80.8002,4.01013,-9999,0.833169E-01,0.126379,221.469,0.907577E-02,-109.904,0.219485E-02,0,-9999,-9999,-9999,-9999,-9999,-9999,-9999,-0.820027E-02,1.01623,-0.215266,1.02248,0.161882E-02,1.23252,0.361268E-04,1.23252,0.204861E-01,1.23252,0.475826E-03,1.23252,800009100,800119100,800009000,800009011,800009100,800009110,811119111,811119111,80000,80000,80,81,0,0,2,1,823,0,0,0.738168E-01,0.176323,0.261856E-02,0.139455E-01,0.428594E-07,0.117883E-02,0.479809E-06,-0.179518E-03,0.882500E-06,0.500432E-03,0.116234E-04,21.9817,96.5122,0.505324,0.662263E+09,294.113
CH-CHA_201811270100.csv,2018-11-27,06:00,331.2499,0,36000,36000,-0.858524E-03,0,0.231650E-03,0.470017,1,0.498780,-0.125199E-02,1,0.100943E-02,-0.279410E-04,1,0.225277E-04,-0.241070E-02,1,0.201988E-02,0.421457E-04,1,0.244589E-04,0.446969E-01,-0.174598E-02,-0.389657E-04,-0.461013E-02,-0.461058E-04,0.641255E-12,0.101652E-12,0.159776E-13,543.854,13.1130,13.2872,0.400000,0,0.862121E-01,2.07868,2.10630,2.45000,0,0.135507E-01,0.326725,0.331066,2.70000,0,280.030,278.868,96559.5,1.20036,998.866,0.241112E-01,-0.181058E-05,0.980024E-02,1261.25,914.158,0.816442E-02,-9999,-9999,283.560,0.166714,0.537197,0.899972E-02,0.562543,0.171435E-13,0.117910E-14,0.562543,0.956504,114.338,72.7587,0.916673,-9999,0.267436E-01,0.168988E-01,-3.41713,-0.588213,-375.417,-0.146580E-01,0,-9999,-9999,-9999,-9999,-9999,-9999,-9999,-0.843690E-03,1.01758,0.461403,1.02279,-0.104659E-02,1.19625,-0.233571E-04,1.19625,-0.201522E-02,1.19625,0.352314E-04,1.19625,800009000,800119100,800009000,800009011,800009000,800009000,811119111,811119111,80000,80000,80,80,2,0,0,0,274,0,0,0.136070E-01,0.178282E-01,0.236231E-02,0.217142E-01,0.157860E-06,0.435542E-03,0.143305E-06,0.384824E-03,-0.570621E-06,-0.492323E-04,0.860715E-06,21.9572,96.5216,0.505581,0.656388E+09,294.111
CH-CHA_201811270100.csv,2018-11-27,06:30,331.2707,0,36000,36000,-0.388720E-02,1,0.579490E-03,-2.07239,1,0.597410,0.832969E-03,2,0.335017E-03,0.185918E-04,2,0.747757E-05,-0.963027E-02,1,0.137206E-02,-0.472466E-04,2,0.132195E-04,0.196468,-0.672828E-03,-0.150175E-04,0.984343E-03,0.105867E-04,-0.303015E-11,-0.485147E-12,-0.755531E-13,543.602,13.1126,13.2869,1.10000,0,0.870344E-01,2.09942,2.12732,0.500000E-01,0,0.135541E-01,0.326948,0.331292,0.500000E-01,0,280.152,278.991,96559.5,1.19983,998.807,0.241218E-01,0.120475E-05,0.979570E-02,1261.22,921.948,0.816423E-02,-9999,-9999,283.559,-0.157471,0.536180,0.164232E-01,0.559067,0.334660E-13,-0.557421E-14,0.559067,0.960937,82.7299,106.367,1.68337,-9999,0.569191E-01,0.472493E-01,7.47122,0.269032,-2487.95,0.303816E-01,0,-9999,-9999,-9999,-9999,-9999,-9999,-9999,-0.380986E-02,1.02030,-2.00057,1.04021,0.569676E-03,1.46218,0.127151E-04,1.46218,-0.658623E-02,1.46218,-0.323124E-04,1.46218,800009000,800119100,800009000,800009011,800009100,810109100,811119111,811119111,80111,80111,80,81,9,8,2,24,318,0,0,0.358268E-01,0.563439E-01,0.232784E-02,0.356942E-01,0.113976E-06,0.147224E-03,0.112239E-06,-0.166936E-02,0.310771E-06,-0.160974E-03,-0.789748E-06,21.9822,96.5125,0.505811,0.652791E+09,294.117
CH-CHA_201811270100.csv,2018-11-27,07:00,331.2916,0,35989,35989,0.123799E-02,1,0.570692E-03,0.843070,1,0.359325,-0.232413E-02,1,0.860321E-03,-0.518720E-04,1,0.192015E-04,-0.758682E-02,2,0.215920E-02,0.507561E-04,2,0.177065E-04,-0.765966E-01,-0.587830E-03,-0.131197E-04,-0.937414E-03,-0.106136E-04,-0.208095E-11,-0.330046E-12,-0.518515E-13,543.683,13.1124,13.2866,0.350000,0,0.862302E-01,2.07967,2.10730,3.75000,0,0.135471E-01,0.326724,0.331065,1.75000,0,280.104,278.943,96559.5,1.20004,998.830,0.241177E-01,-0.336131E-05,0.979718E-02,1261.19,918.905,0.816405E-02,-9999,-9999,283.559,-0.488828,0.347040,0.117258E-02,0.599492,0.154649E-13,-0.382750E-14,0.599492,0.946626,43.1493,144.627,0.112068,-9999,0.321189E-01,0.178664E-01,-3.30003,-0.609086,-362.747,-0.218986E-01,0,-9999,-9999,-9999,-9999,-9999,-9999,-9999,0.121741E-02,1.01690,0.827952,1.02238,-0.194361E-02,1.19578,-0.433793E-04,1.19578,-0.634467E-02,1.19578,0.424461E-04,1.19578,800009000,800119100,800009000,800009011,800009000,800009100,811119111,811119111,80111,80111,80,80,7,2,1,6,1,0,0,0.171520E-01,0.168422E-01,0.173867E-02,0.106971E-01,0.242454E-06,0.310965E-03,0.153050E-06,0.690746E-03,-0.106005E-05,-0.155044E-03,0.103725E-05,21.9822,96.5120,0.505354,0.651082E+09,294.121
CH-CHA_201811270700.csv,2018-11-27,07:30,331.3124,0,36000,36000,-0.215746E-02,0,0.320373E-03,-0.247787,0,0.186321,0.415986E-02,2,0.281271E-02,0.928648E-04,2,0.627911E-04,0.945413E-02,1,0.334487E-02,0.181808E-03,0,0.480578E-04,0.384814,-0.207052E-02,-0.462223E-04,-0.292192E-02,-0.373656E-04,-0.122920E-11,-0.189193E-12,-0.305567E-13,543.176,13.1114,13.2856,4.10000,0,0.836029E-01,2.01804,2.04485,2.30000,0,0.135028E-01,0.325936,0.330266,1.85000,0,280.345,279.183,96559.5,1.19901,998.714,0.241384E-01,0.601764E-05,0.978803E-02,1261.10,934.300,0.816345E-02,-9999,-9999,283.558,-0.366080,0.362379,0.878306E-02,0.515180,0.875721E-13,-0.226299E-14,0.515180,1.10213,50.1807,135.291,0.976855,-9999,0.424191E-01,0.472863E-01,25.8614,0.777220E-01,-59.5663,0.487815E-02,0,-9999,-9999,-9999,-9999,-9999,-9999,-9999,-0.212647E-02,1.01458,-0.242274,1.02625,0.320699E-02,1.29712,0.715931E-04,1.29712,0.728856E-02,1.29712,0.140163E-03,1.29712,800009000,800019100,800009000,800009011,800009000,800009001,811119111,811119111,80111,80111,80,81,9,0,1,9,58,0,0,0.190648E-01,0.711634E-01,0.434446E-02,0.822469E-02,0.287962E-06,0.428562E-03,0.139147E-06,-0.202323E-03,0.175101E-05,0.178262E-03,0.342809E-05,21.9822,96.5129,0.506228,0.644013E+09,294.114
CH-CHA_201811270700.csv,2018-11-27,08:00,331.3332,1,36000,36000,-0.214899E-02,1,0.280061E-03,-1.50736,1,0.294126,0.240439E-02,1,0.502912E-03,0.536628E-04,1,0.112243E-04,-0.237298E-02,1,0.521983E-03,0.308290E-03,1,0.593932E-04,-0.405870,-0.112946E-02,-0.252080E-04,-0.122934E-02,-0.449994E-05,0.328464E-12,0.499085E-13,0.816323E-14,543.646,13.1109,13.2850,3.30000,0,0.826046E-01,1.99213,2.01860,2.55000,0,0.135111E-01,0.325841,0.330170,1.70000,0,280.091,278.930,96559.5,1.20009,998.837,0.241165E-01,0.347735E-05,0.979651E-02,1261.05,918.086,0.816312E-02,-9999,-9999,283.557,-0.347043,0.290806,0.631472E-02,0.452822,0.648585E-14,0.604186E-15,0.452822,1.67792,47.2066,140.039,0.799031,-9999,0.423165E-01,0.118460E-01,4.22097,0.476194,-626.921,0.297165E-01,0,-9999,-9999,-9999,-9999,-9999,-9999,-9999,-0.209178E-02,1.02735,-1.43531,1.05453,0.148300E-02,1.62130,0.330986E-04,1.62130,-0.146363E-02,1.62130,0.190150E-03,1.62130,800009100,800119100,800009000,800009011,801109100,801109100,811119111,811119111,80111,80111,80,80,41,6,4,10,608,0,0,0.650949E-02,0.148557E-01,0.232682E-02,0.508382E-02,0.407183E-07,0.130770E-04,0.230340E-06,-0.119739E-02,0.808785E-06,-0.357647E-04,0.464643E-05,21.9967,96.5070,0.505751,0.640139E+09,294.109
CH-CHA_201811270700.csv,2018-11-27,08:30,331.3541,1,36000,36000,-0.651520E-02,1,0.118194E-02,3.37622,1,1.20401,0.269110E-02,2,0.164240E-02,0.600865E-04,2,0.366712E-04,0.265217E-03,2,0.928194E-03,0.222195E-03,1,0.474199E-04,0.692363,0.431805E-04,0.964128E-06,-0.403975E-03,-0.112668E-04,-0.155384E-11,-0.235088E-12,-0.385890E-13,542.806,13.1109,13.2851,4.40000,0,0.821238E-01,1.98361,2.00996,0.350000,0,0.134804E-01,0.325603,0.329929,1.90000,0,280.525,279.362,96559.5,1.19824,998.627,0.241539E-01,0.389361E-05,0.978137E-02,1261.05,945.946,0.816313E-02,-9999,-9999,283.557,-0.404455,0.219515,-0.604292E-01,0.464136,-0.162171E-12,-0.286261E-14,0.464136,0.929624,32.9123,151.509,-7.48098,-9999,0.737382E-01,0.422994E-01,-9.96909,-0.201623,1254.59,-0.382642E-01,0,-9999,-9999,-9999,-9999,-9999,-9999,-9999,-0.638807E-02,1.01990,3.31018,1.02426,0.224606E-02,1.19814,0.501497E-04,1.19814,0.221357E-03,1.19814,0.185450E-03,1.19814,800009000,800019100,800009000,800009011,800009000,810009100,811119111,811119111,80000,80000,80,81,12,2,0,0,266,0,0,0.470780E-01,0.328098E-01,0.471093E-02,0.410544E-01,0.116177E-06,0.231641E-04,0.100967E-06,0.276634E-02,0.122734E-05,0.541738E-05,0.453860E-05,21.9728,96.5157,0.505549,0.640015E+09,294.110
CH-CHA_201811270700.csv,2018-11-27,09:00,331.3749,1,36000,36000,-0.785671E-02,0,0.220228E-02,-0.111443,2,1.02209,0.102472E-01,1,0.469128E-02,0.228950E-03,1,0.104816E-03,-0.190209E-01,1,0.986471E-02,0.352211E-03,0,0.867488E-04,1.13270,0.117281E-02,0.262037E-04,0.274811E-02,0.369286E-04,-0.167774E-11,-0.261264E-12,-0.417643E-13,541.474,13.1114,13.2856,5.00000,0,0.843200E-01,2.04175,2.06888,1.75000,0,0.134790E-01,0.326385,0.330721,1.60000,0,281.227,280.061,96559.5,1.19525,1012.39,0.242143E-01,0.148360E-04,0.975736E-02,1261.10,992.600,0.816347E-02,100.000,0.00000,283.558,-0.367352,-0.142095,0.260375E-01,0.394736,0.230623E-13,-0.309848E-14,0.394736,2.46733,348.712,201.147,3.78208,-9999,0.810759E-01,0.655836E-01,406.982,0.493879E-02,-10.8755,0.113595E-02,0,-9999,-9999,-9999,-9999,-9999,-9999,-9999,-0.774373E-02,1.01459,-0.109078,1.02136,0.834928E-02,1.22731,0.186546E-03,1.22731,-0.154980E-01,1.22731,0.286977E-03,1.22731,800009000,800019100,800009000,800009011,800109000,800109000,811119111,811119111,80000,80000,80,81,4,12,2,1,52,0,0,0.595482E-01,0.593211E-01,0.122980E-01,0.549595E-01,0.252165E-06,0.111796E-02,0.142507E-06,-0.901433E-04,0.457686E-05,-0.380240E-03,0.704092E-05,21.9744,96.5151,0.505535,0.644244E+09,294.112
CH-CHA_201811270700.csv,2018-11-27,09:30,331.3957,1,36000,36000,-0.236791E-02,1,0.727421E-03,1.79001,1,2.10511,0.402480E-02,1,0.354489E-02,0.898106E-04,1,0.791018E-04,-0.213446E-02,2,0.686245E-02,0.131514E-03,1,0.732183E-04,-2.14576,0.497113E-03,0.110927E-04,-0.447898E-03,-0.232720E-04,0.138276E-11,0.214330E-12,0.343690E-13,544.079,13.1117,13.2859,2.70000,0,0.843328E-01,2.03232,2.05932,2.05000,0,0.135233E-01,0.325895,0.330225,2.00000,0,279.886,278.726,96559.5,1.20097,998.936,0.240988E-01,0.581973E-05,0.980430E-02,1261.12,905.152,0.816362E-02,-9999,-9999,283.558,-0.482579,0.210777,0.774083E-02,0.526658,0.489099E-13,0.254147E-14,0.526658,1.70326,33.2369,156.406,0.842165,-9999,0.444033E-01,0.703472E-01,-4.10708,-0.489398,444.746,-0.336023E-01,0,-9999,-9999,-9999,-9999,-9999,-9999,-9999,-0.232528E-02,1.01833,1.75683,1.02326,0.336291E-02,1.19682,0.750409E-04,1.19682,-0.178344E-02,1.19682,0.109886E-03,1.19682,800009000,800019100,800009000,800009011,800009000,800009000,811119111,811119111,80000,80000,80,81,8,1,1,7,208,0,0,0.475310E-01,0.809571E-01,0.122064E-01,0.911888E-01,0.185331E-06,0.129176E-02,0.140975E-06,0.146440E-02,0.183233E-05,-0.435476E-04,0.268318E-05,21.9861,96.5109,0.505685,0.645996E+09,294.102
CH-CHA_201811270700.csv,2018-11-27,10:00,331.4166,1,36000,36000,-0.135618E-01,1,0.370684E-02,-6.93633,1,1.97554,0.597015E-02,2,0.806732E-02,0.133242E-03,2,0.180047E-03,0.122894E-02,2,0.230169E-02,0.647362E-03,1,0.115152E-03,0.287713,-0.117908E-02,-0.263149E-04,-0.334364E-02,-0.151618E-04,0.119136E-10,0.178267E-11,0.295838E-12,543.706,13.1111,13.2853,3.40000,0,0.813570E-01,1.96187,1.98793,0.550000,0,0.135013E-01,0.325575,0.329901,1.80000,0,280.066,278.905,96559.5,1.20020,998.850,0.241143E-01,0.863411E-05,0.979759E-02,1261.07,916.476,0.816327E-02,-9999,-9999,283.558,-0.418243,0.150741,-0.276864E-01,0.445440,0.744340E-13,0.219118E-13,0.445440,1.64064,33.3491,160.180,-3.56353,-9999,0.106300,0.101747,14.5402,0.138237,-1161.84,0.544307E-01,0,-9999,-9999,-9999,-9999,-9999,-9999,-9999,-0.133363E-01,1.01691,-6.75451,1.03117,0.441641E-02,1.35181,0.985660E-04,1.35181,0.909106E-03,1.35181,0.478886E-03,1.35181,800009000,800019100,800009000,800009011,800009000,800019000,811119111,811119111,80000,80000,80,81,5,21,0,17,16,0,0,0.811944E-01,0.998928E-01,0.224071E-01,0.159192E-01,0.225306E-06,0.312538E-04,0.945061E-07,-0.563429E-02,0.240831E-05,0.222126E-04,0.117008E-04,21.9850,96.5109,0.505323,0.641873E+09,294.093
CH-CHA_201811270700.csv,2018-11-27,10:30,331.4374,1,36000,36000,-0.348921E-01,1,0.488116E-02,-0.600387,2,0.908877,-0.527938E-01,2,0.108160E-01,-0.117823E-02,2,0.241388E-03,-0.108000E-01,1,0.175192E-02,0.288582E-04,2,0.477916E-04,-0.419097E-01,-0.346091E-03,-0.772390E-05,-0.158896E-03,-0.105804E-04,0.403284E-10,0.602428E-11,0.100076E-11,543.750,13.1110,13.2851,1.35000,0,0.812257E-01,1.95852,1.98454,1.40000,0,0.134933E-01,0.325352,0.329675,1.70000,0,280.040,278.879,96559.5,1.20032,998.862,0.241121E-01,-0.763493E-04,0.979838E-02,1261.05,914.819,0.816317E-02,-9999,-9999,283.557,-0.810089E-01,0.374431,0.318753E-01,0.384418,-0.152665E-13,0.741671E-13,0.384418,1.48933,77.0102,102.208,4.75633,-9999,0.170497,0.102710,693.152,0.289979E-02,11.3723,0.293707E-02,0,-9999,-9999,-9999,-9999,-9999,-9999,-9999,-0.343840E-01,1.01478,-0.592800,1.02131,-0.430833E-01,1.22539,-0.961514E-03,1.22539,-0.881349E-02,1.22539,0.235502E-04,1.22539,800009000,800019100,800009000,800009011,800009000,800009000,811119111,811119111,80111,80111,81,81,9,11,0,13,0,0,0,0.876208E-01,0.919815E-01,0.258176E-01,0.432758E-02,0.363892E-06,0.951611E-05,0.933280E-07,-0.494433E-03,-0.234909E-04,-0.215324E-03,0.575358E-06,21.9878,96.5096,0.504975,0.640155E+09,294.090
CH-CHA_201811270700.csv,2018-11-27,11:00,331.4582,1,36000,36000,-0.912767E-02,0,0.268004E-02,-4.16506,2,2.31709,-0.232115E-01,2,0.128837E-01,-0.517952E-03,2,0.287492E-03,0.186763E-01,1,0.399570E-02,0.182660E-03,0,0.125284E-03,-0.237074,0.302132E-02,0.674190E-04,0.100816E-02,-0.528219E-06,-0.374147E-11,-0.564900E-12,-0.928325E-13,544.097,13.1124,13.2866,0.500000E-01,0,0.821496E-01,1.97975,2.00606,4.85000,0,0.135000E-01,0.325341,0.329664,2.15000,0,279.892,278.731,96559.5,1.20095,998.933,0.240993E-01,-0.335633E-04,0.980463E-02,1261.19,905.500,0.816406E-02,-9999,-9999,283.559,0.144282,0.600291,-0.383712E-01,0.618579,-0.911856E-13,-0.687648E-14,0.618579,1.71433,108.416,76.4851,-3.55642,-9999,0.871801E-01,0.809735E-01,13.3590,0.150460,179.439,0.398237E-01,0,-9999,-9999,-9999,-9999,-9999,-9999,-9999,-0.898212E-02,1.01620,-4.05581,1.03148,-0.170281E-01,1.36313,-0.379973E-03,1.36313,0.137010E-01,1.36313,0.134000E-03,1.36313,800009000,800009100,800009000,800009011,800009000,800019010,801019111,811119111,80111,80111,80,81,0,1,2,9,0,0,0,0.634848E-01,0.760677E-01,0.223944E-01,0.673683E-01,0.835830E-06,0.646024E-04,0.167444E-06,-0.338077E-02,-0.927828E-05,0.334555E-03,0.327205E-05,21.9806,96.5134,0.506159,0.651276E+09,294.096
CH-CHA_201811270700.csv,2018-11-27,11:30,331.4790,1,36000,36000,-0.377903E-02,0,0.173546E-02,14.6736,0,1.36417,0.308859E-01,2,0.202810E-01,0.689267E-03,2,0.452603E-03,-0.151438E-02,1,0.213353E-02,-0.601512E-04,2,0.960692E-04,0.162717,0.194798E-02,0.434722E-04,-0.798312E-03,-0.277952E-04,-0.425101E-11,-0.636335E-12,-0.105278E-12,543.937,13.1133,13.2875,5.00000,0,0.814222E-01,1.96293,1.98902,1.95000,0,0.134708E-01,0.324756,0.329071,5.00000,0,279.994,278.833,96559.5,1.20051,998.884,0.241081E-01,0.446645E-04,0.980175E-02,1261.28,911.890,0.816463E-02,-9999,-9999,283.560,0.394034,0.528066,0.840000E-02,0.658929,0.164413E-14,-0.781526E-14,0.658929,1.71584,128.993,53.2703,0.730424,-9999,0.561057E-01,0.114474,-1.01066,-1.98880,475.090,-0.218096,0,-9999,-9999,-9999,-9999,-9999,-9999,-9999,-0.371962E-02,1.01597,14.4218,1.02182,0.258411E-01,1.19522,0.576686E-03,1.19522,-0.126703E-02,1.19522,-0.503265E-04,1.19522,800009000,800009100,800009000,800009011,800009000,800009010,811109111,811119111,80000,80000,80,80,0,3,0,12,0,0,0,0.106443,0.102391,0.201130E-01,0.347954E-01,0.116286E-05,0.283092E-04,0.801257E-07,0.120264E-01,0.140868E-04,-0.309500E-04,-0.122933E-05,21.9900,96.5036,0.499833,0.658356E+09,294.128
CH-CHA_201811270700.csv,2018-11-27,12:00,331.4999,1,36000,36000,-0.110176E-01,0,0.198855E-02,9.47258,0,0.835221,0.218248E-01,1,0.104872E-01,0.487054E-03,1,0.234038E-03,-0.129033E-03,2,0.287986E-03,0.164650E-03,0,0.265293E-04,-0.100560E-03,-0.294907E-02,-0.658131E-04,0.564657E-03,0.215378E-05,0.668160E-12,0.100634E-12,0.165513E-13,543.880,13.1119,13.2861,5.00000,0,0.819156E-01,1.97483,2.00107,2.35000,0,0.134727E-01,0.324801,0.329116,1.90000,0,279.993,278.832,96559.5,1.20051,998.884,0.241081E-01,0.315611E-04,0.980072E-02,1261.15,911.886,0.816376E-02,-9999,-9999,283.558,0.597830,0.784528,0.286364E-01,0.986765,-0.328670E-13,0.122851E-14,0.986765,2.20420,133.793,52.6917,1.66298,-9999,0.957988E-01,0.858269E-01,-7.79351,-0.257907,434.029,-0.824567E-01,0,-9999,-9999,-9999,-9999,-9999,-9999,-9999,-0.108772E-01,1.01291,9.32467,1.02022,0.182637E-01,1.19498,0.407583E-03,1.19498,-0.107979E-03,1.19498,0.137785E-03,1.19498,800009000,800009100,800009000,800009011,800009000,800019000,800019111,811019111,80111,80111,80,81,4,0,0,3,0,0,0,0.904604E-01,0.660347E-01,0.151587E-01,0.168904E-01,0.803433E-06,0.641195E-05,0.531402E-07,0.777590E-02,0.995608E-05,-0.263762E-05,0.336569E-05,21.9828,96.5062,0.499736,0.647673E+09,294.146
CH-CHA_201811270700.csv,2018-11-27,12:30,331.5207,1,36000,36000,-0.711970E-02,0,0.147970E-02,17.9389,0,3.27178,0.491114E-01,1,0.211407E-01,0.109643E-02,1,0.471973E-03,0.398275E-02,1,0.221767E-02,0.132849E-03,1,0.919711E-04,0.657736,0.575458E-02,0.128473E-03,0.740985E-03,0.167964E-04,-0.565858E-12,-0.858827E-13,-0.140295E-13,543.192,13.1146,13.2889,5.00000,0,0.824427E-01,1.99046,2.01691,5.00000,0,0.134676E-01,0.325155,0.329476,1.60000,0,280.406,279.243,96559.5,1.19875,998.683,0.241436E-01,0.710485E-04,0.978833E-02,1261.41,938.164,0.816545E-02,-9999,-9999,283.562,0.182449,0.724729,0.777417E-02,0.747382,0.121235E-12,-0.104173E-14,0.747382,2.13528,110.237,75.8695,0.595994,-9999,0.770667E-01,0.147546,-2.14210,-0.938332,365.269,-0.194434,0,-9999,-9999,-9999,-9999,-9999,-9999,-9999,-0.701542E-02,1.01486,17.6425,1.02119,0.411058E-01,1.19475,0.917700E-03,1.19475,0.333353E-02,1.19475,0.111194E-03,1.19475,800009000,800009100,800009000,800009011,800009000,800009000,800009111,811009111,80000,80000,80,81,0,3,0,14,4,0,0,0.100301,0.172110,0.226813E-01,0.179342,0.190676E-05,0.434720E-04,0.133810E-06,0.147369E-01,0.224498E-04,0.815487E-04,0.272015E-05,21.9811,96.5108,0.503726,0.668405E+09,294.159
CH-CHA_201811270700.csv,2018-11-27,13:00,331.5415,1,35990,35990,-0.180024E-02,1,0.134725E-02,13.6087,0,3.90614,0.396958E-01,0,0.158869E-01,0.886787E-03,0,0.354906E-03,0.204637E-02,0,0.164783E-02,0.201738E-03,0,0.101318E-03,1.08399,0.193268E-04,0.431753E-06,-0.167491E-03,-0.378681E-05,0.493298E-12,0.747368E-13,0.122275E-13,541.895,13.1146,13.2889,5.00000,0,0.820993E-01,1.98692,2.01332,0.500000E-01,0,0.134321E-01,0.325075,0.329395,2.30000,0,281.077,279.912,96559.5,1.19589,1012.39,0.242014E-01,0.574638E-04,0.976495E-02,1261.41,982.424,0.816546E-02,100.000,0.00000,283.562,0.377430E-01,0.326065,0.123072E-01,0.328473,0.123569E-12,0.910321E-15,0.328473,1.48142,112.154,83.3972,2.14725,-9999,0.387990E-01,0.122942,-0.365257,-5.50297,342.823,-0.289707,0,-9999,-9999,-9999,-9999,-9999,-9999,-9999,-0.175593E-02,1.02524,13.2987,1.02773,0.329898E-01,1.20328,0.736977E-03,1.20328,0.170066E-02,1.20328,0.167657E-03,1.20328,800009000,800009100,800009000,800009011,800009000,800009000,801119111,811119111,80111,80111,81,81,6,0,1,9,0,0,0,0.907247E-01,0.138179,0.169811E-01,0.288631,0.875646E-06,0.197193E-04,0.128411E-06,0.109844E-01,0.180720E-04,0.417033E-04,0.411125E-05,21.9533,96.5190,0.501462,0.668518E+09,294.168
CH-CHA_201811271300.csv,2018-11-27,13:30,331.5624,1,36000,36000,0.126914E-01,1,0.468442E-02,22.2447,1,6.60613,0.914107E-01,1,0.215354E-01,0.204260E-02,1,0.481213E-03,-0.140115E-01,1,0.341282E-02,-0.275802E-03,2,0.156866E-03,0.434758,-0.419123E-03,-0.936542E-05,0.200080E-04,0.800772E-06,0.175933E-11,0.266606E-12,0.436118E-13,541.368,13.1144,13.2887,5.00000,0,0.820382E-01,1.98734,2.01375,0.500000E-01,0,0.134199E-01,0.325092,0.329412,5.00000,0,281.347,280.180,96559.5,1.19474,1012.39,0.242246E-01,0.132360E-03,0.975545E-02,1261.39,1000.70,0.816533E-02,100.000,0.00000,283.561,-0.883172E-01,0.514366,-0.167486E-02,0.521896,0.298853E-12,0.324978E-14,0.521896,1.68683,92.3878,99.7427,-0.183873,-9999,0.103067,0.181217,-4.18872,-0.479860,243.349,-0.178438,0,-9999,-9999,-9999,-9999,-9999,-9999,-9999,0.124616E-01,1.01844,21.8330,1.02333,0.763725E-01,1.19691,0.170656E-02,1.19691,-0.117064E-01,1.19691,-0.230429E-03,1.19691,800009000,800009100,800009000,800009011,800009000,801009010,801119111,811119111,80000,80000,80,81,0,1,1,3,0,0,0,0.162780,0.184332,0.153222E-01,0.416025,0.164649E-05,0.880232E-04,0.211724E-06,0.180506E-01,0.418880E-04,-0.287337E-03,-0.565594E-05,21.9933,96.5039,0.501445,0.667051E+09,294.141
CH-CHA_201811271300.csv,2018-11-27,14:00,331.5832,1,36000,36000,-0.386412E-02,0,0.822295E-03,14.0846,1,2.59371,0.590561E-01,1,0.131948E-01,0.131935E-02,1,0.294781E-03,-0.115526E-02,0,0.799498E-03,0.200570E-03,0,0.419473E-04,-0.348459,0.257714E-02,0.575751E-04,-0.265906E-03,-0.122951E-04,-0.627896E-11,-0.948725E-12,-0.155510E-12,541.834,13.1156,13.2899,5.00000,0,0.818688E-01,1.98172,2.00806,4.65000,0,0.134195E-01,0.324832,0.329149,2.00000,0,281.131,279.965,96559.5,1.19566,1012.39,0.242060E-01,0.854942E-04,0.976384E-02,1261.50,986.040,0.816609E-02,100.000,0.00000,283.563,0.679892E-01,0.646315,0.158931E-01,0.650075,-0.108578E-12,-0.115884E-13,0.650075,1.56045,104.206,83.9948,1.40091,-9999,0.568489E-01,0.728865E-01,-1.11013,-1.81060,238.496,-0.204678,0,-9999,-9999,-9999,-9999,-9999,-9999,-9999,-0.380289E-02,1.01610,13.8434,1.02190,0.494074E-01,1.19529,0.110379E-02,1.19529,-0.966512E-03,1.19529,0.167801E-03,1.19529,800009000,800009100,800009000,800009011,800009000,800009000,811119111,811119111,80111,80111,80,81,1,3,0,3,0,0,0,0.377344E-01,0.936057E-01,0.144328E-01,0.926947E-01,0.839970E-06,0.705763E-05,0.610328E-07,0.114364E-01,0.270722E-04,-0.237051E-04,0.411556E-05,21.9956,96.5029,0.501222,0.676458E+09,294.146
CH-CHA_201811271300.csv,2018-11-27,14:30,331.6040,1,36000,36000,-0.899739E-02,0,0.229254E-02,11.7918,0,1.15920,0.624394E-01,0,0.132425E-01,0.139442E-02,0,0.295736E-03,0.113253E-02,0,0.917789E-03,0.235335E-03,0,0.454618E-04,-0.628301,-0.410360E-03,-0.916430E-05,-0.281907E-04,-0.136672E-05,-0.456403E-11,-0.689409E-12,-0.113028E-12,542.586,13.1154,13.2897,5.00000,0,0.819591E-01,1.98112,2.00745,0.500000E-01,0,0.134371E-01,0.324803,0.329120,1.75000,0,280.737,279.572,96559.5,1.19734,998.522,0.241721E-01,0.903583E-04,0.977741E-02,1261.49,959.758,0.816597E-02,-9999,-9999,283.562,-0.252233,0.549021,0.337669E-01,0.605133,-0.503241E-14,-0.841163E-14,0.605133,1.52411,73.8915,114.675,3.19881,-9999,0.866863E-01,0.943893E-01,-4.63699,-0.433471,188.851,-0.113777,0,-9999,-9999,-9999,-9999,-9999,-9999,-9999,-0.884866E-02,1.01681,11.5856,1.02232,0.522193E-01,1.19572,0.116618E-02,1.19572,0.947153E-03,1.19572,0.196815E-03,1.19572,800009000,800009100,800009000,800009011,800009000,800009000,811119111,811119111,80111,80111,80,81,0,0,2,15,0,0,0,0.727053E-01,0.102151,0.139220E-01,0.227076E-01,0.797652E-06,0.928942E-05,0.654285E-07,0.969045E-02,0.285621E-04,0.231977E-04,0.482041E-05,21.9561,96.5174,0.500919,0.674808E+09,294.147
CH-CHA_201811271300.csv,2018-11-27,15:00,331.6249,1,36000,36000,0.905769E-02,1,0.177605E-02,9.62976,1,4.21346,-0.547545E-02,2,0.519105E-02,-0.122270E-03,2,0.115919E-03,-0.230201E-02,1,0.778085E-03,0.761342E-04,1,0.233112E-04,-0.129778,-0.201074E-02,-0.449010E-04,0.117442E-04,-0.347102E-05,-0.214397E-10,-0.323917E-11,-0.530873E-12,542.705,13.1145,13.2888,0.500000E-01,0,0.819932E-01,1.98137,2.00770,2.55000,0,0.134380E-01,0.324730,0.329045,1.75000,0,280.655,279.491,96559.5,1.19768,998.562,0.241651E-01,-0.792310E-05,0.977954E-02,1261.39,954.409,0.816538E-02,-9999,-9999,283.561,-0.866354E-01,0.422519,-0.429475E-01,0.433443,0.764072E-13,-0.395053E-13,0.433443,1.44596,79.9797,101.588,-5.68646,-9999,0.869637E-01,0.118035,-5.73296,-0.350604,-1758.72,-0.925893E-01,0,-9999,-9999,-9999,-9999,-9999,-9999,-9999,0.887286E-02,1.02083,9.43526,1.02485,-0.456676E-02,1.19898,-0.101978E-03,1.19898,-0.191997E-02,1.19898,0.634992E-04,1.19898,800009000,800009100,800009000,800009011,800009000,801019000,811119111,811119111,80111,80111,80,81,1,4,3,16,4,0,0,0.634137E-01,0.160226,0.124307E-01,0.257456,0.512035E-06,0.701428E-05,0.559888E-07,0.788927E-02,-0.249694E-05,-0.470104E-04,0.155477E-05,21.9528,96.5213,0.503606,0.667751E+09,294.148
CH-CHA_201811271300.csv,2018-11-27,15:30,331.6457,1,36000,36000,-0.871894E-02,1,0.118473E-02,8.71601,1,1.38414,-0.281728E-01,1,0.617655E-02,-0.628793E-03,1,0.137855E-03,0.721960E-03,0,0.783203E-03,0.275541E-03,1,0.470804E-04,-0.864581,-0.243051E-03,-0.542470E-05,0.363992E-04,-0.324561E-05,-0.159255E-10,-0.240702E-11,-0.394255E-12,543.748,13.1144,13.2887,0.500000E-01,0,0.821833E-01,1.98214,2.00848,4.20000,0,0.134611E-01,0.324662,0.328976,1.40000,0,280.114,278.953,96559.5,1.20000,998.825,0.241185E-01,-0.407458E-04,0.979834E-02,1261.38,919.516,0.816531E-02,-9999,-9999,283.561,-0.379441,0.532018,-0.408317E-01,0.654741,0.754737E-13,-0.292885E-13,0.654741,1.34978,63.0561,125.497,-3.57546,-9999,0.852397E-01,0.492083E-01,-5.96627,-0.336894,-309.377,-0.853113E-01,0,-9999,-9999,-9999,-9999,-9999,-9999,-9999,-0.858136E-02,1.01603,8.56390,1.02186,-0.235706E-01,1.19525,-0.526076E-03,1.19525,0.604024E-03,1.19525,0.230529E-03,1.19525,800009000,800009100,800009000,800009011,800009000,800009000,801019111,811119111,80000,80000,80,81,1,6,0,27,106,0,0,0.284496E-01,0.569131E-01,0.130540E-01,0.235576E-01,0.313798E-06,0.769299E-05,0.652448E-07,0.714500E-02,-0.128561E-04,0.147610E-04,0.563362E-05,21.9972,96.5077,0.506612,0.666874E+09,294.140
CH-CHA_201811271300.csv,2018-11-27,16:00,331.6665,1,36000,36000,-0.153253E-02,0,0.140671E-03,2.43507,0,0.540651,0.289586E-01,1,0.631236E-02,0.646611E-03,1,0.140948E-03,-0.167090E-02,2,0.685684E-03,0.322389E-03,1,0.540763E-04,0.730893,0.710685E-03,0.158688E-04,0.393445E-04,0.920765E-05,0.136693E-11,0.206683E-12,0.338594E-13,542.874,13.1147,13.2890,5.00000,0,0.820835E-01,1.98297,2.00932,1.45000,0,0.134472E-01,0.324856,0.329173,2.30000,0,280.573,279.409,96559.5,1.19804,998.602,0.241579E-01,0.419004E-04,0.978259E-02,1261.42,948.994,0.816552E-02,-9999,-9999,283.562,-0.310330,0.329269,0.724667E-02,0.452521,-0.297356E-13,0.251796E-14,0.452521,0.823893,55.4633,133.304,0.917573,-9999,0.357660E-01,0.374189E-01,-1.57724,-1.27438,84.0882,-0.569088E-01,0,-9999,-9999,-9999,-9999,-9999,-9999,-9999,-0.150213E-02,1.02024,2.38824,1.02447,0.241635E-01,1.19844,0.539543E-03,1.19844,-0.139422E-02,1.19844,0.269007E-03,1.19844,800009000,800019100,800009000,800009011,800009000,800009000,811119111,811119111,80111,80111,80,81,12,8,0,10,0,0,0,0.119507E-01,0.579319E-01,0.495515E-02,0.128724E-01,0.538256E-06,0.121041E-04,0.108648E-06,0.199625E-02,0.132068E-04,-0.341274E-04,0.658467E-05,21.9778,96.5147,0.506368,0.669240E+09,294.130
CH-CHA_201811271300.csv,2018-11-27,16:30,331.6873,1,36000,36000,0.176945E-02,0,0.358252E-03,-2.06378,1,1.05311,0.102246E-01,1,0.263616E-02,0.228470E-03,1,0.589052E-04,0.620718E-03,2,0.459837E-03,0.170146E-03,0,0.395527E-04,1.23395,-0.130493E-02,-0.291587E-04,-0.763570E-05,0.164773E-04,0.275271E-12,0.416200E-13,0.682619E-14,541.372,13.1141,13.2884,5.00000,0,0.818536E-01,1.98281,2.00916,0.500000E-01,0,0.134250E-01,0.325205,0.329526,1.45000,0,281.338,280.171,96559.5,1.19478,1012.39,0.242238E-01,0.148048E-04,0.975553E-02,1261.36,1000.08,0.816513E-02,100.000,0.00000,283.561,-0.212884,0.110927,-0.353983E-01,0.242647,-0.552812E-13,0.508468E-15,0.242647,2.39131,32.0981,152.477,-8.38848,-9999,0.384836E-01,0.190790E-01,2.35028,0.855219,-201.844,0.443354E-01,0,-9999,-9999,-9999,-9999,-9999,-9999,-9999,0.170066E-02,1.04045,-1.91926,1.07961,0.541166E-02,1.88937,0.120924E-03,1.88937,0.328532E-03,1.88937,0.900544E-04,1.88937,800009000,800119100,800009000,800009011,810109000,810109000,811119111,811119111,80111,80111,80,81,1,7,0,8,0,0,0,0.100237E-01,0.249887E-01,0.314548E-02,0.645777E-01,0.303173E-06,0.119906E-04,0.133072E-06,-0.158671E-02,0.296801E-05,0.806364E-05,0.221034E-05,21.9628,96.5203,0.506331,0.664586E+09,294.126
CH-CHA_201811271300.csv,2018-11-27,17:00,331.7082,1,36000,36000,0.180519E-02,1,0.362735E-03,0.882481,0,0.333325,-0.558256E-02,2,0.202295E-02,-0.124770E-03,2,0.452130E-04,0.751544E-02,1,0.140053E-02,0.137022E-03,0,0.370244E-04,0.372972,-0.123064E-02,-0.275048E-04,0.861359E-03,0.151427E-05,-0.467221E-12,-0.712955E-13,-0.115879E-13,540.903,13.1135,13.2878,0.450000,0,0.825390E-01,2.00105,2.02764,2.30000,0,0.134153E-01,0.325237,0.329559,2.00000,0,281.569,280.401,96559.5,1.19380,1012.40,0.242437E-01,-0.808510E-05,0.974708E-02,1261.30,1016.01,0.816477E-02,100.000,0.00000,283.560,-0.371468E-01,0.322090,-0.109653E-01,0.324410,-0.215913E-13,-0.863779E-15,0.324410,1.28300,87.9319,96.5789,-1.93700,-9999,0.388863E-01,0.106420E-01,-5.67077,-0.354449,-158.078,-0.187770E-01,0,-9999,-9999,-9999,-9999,-9999,-9999,-9999,0.176037E-02,1.02546,0.861862,1.02788,-0.463858E-02,1.20351,-0.103672E-03,1.20351,0.624463E-02,1.20351,0.113853E-03,1.20351,800009000,800119100,800009000,800009011,801009000,811109000,811119111,811119111,80000,80000,80,81,8,3,6,43,120,0,0,0.109298E-01,0.847020E-02,0.188403E-02,0.114493E-01,0.253657E-06,0.108155E-03,0.142588E-06,0.713109E-03,-0.254667E-05,0.153397E-03,0.279674E-05,21.9644,96.5198,0.506428,0.660461E+09,294.124
CH-CHA_201811271300.csv,2018-11-27,17:30,331.7290,0,36000,36000,-0.274517E-02,1,0.908958E-04,1.12258,1,0.371807,0.165561E-02,2,0.161769E-02,0.370084E-04,2,0.361607E-04,0.378611E-03,2,0.545415E-03,0.178170E-03,1,0.303758E-04,0.251140,-0.170290E-02,-0.380655E-04,-0.285595E-03,-0.160648E-05,-0.703204E-12,-0.106987E-12,-0.174399E-13,540.571,13.1127,13.2869,2.90000,0,0.822438E-01,1.99500,2.02151,3.80000,0,0.134065E-01,0.325203,0.329524,1.90000,0,281.725,280.557,96559.5,1.19314,1012.40,0.242572E-01,0.239814E-05,0.974108E-02,1261.22,1026.86,0.816427E-02,100.000,0.00000,283.559,-0.246541,0.243063,0.894722E-02,0.346327,-0.418829E-13,-0.130085E-14,0.346327,0.704415,53.7560,135.407,1.48038,-9999,0.479667E-01,0.262351E-01,-8.36682,-0.240235,678.047,-0.193747E-01,0,-9999,-9999,-9999,-9999,-9999,-9999,-9999,-0.268002E-02,1.02431,1.09759,1.02712,0.137699E-02,1.20234,0.307802E-04,1.20234,0.314895E-03,1.20234,0.148186E-03,1.20234,800009000,800119100,800009000,800009011,800009000,800009000,811119111,811119111,80111,80111,80,81,5,1,0,28,234,0,0,0.116167E-01,0.386953E-01,0.215825E-02,0.108354E-01,0.193722E-06,0.211832E-04,0.102801E-06,0.908650E-03,0.756522E-06,0.773954E-05,0.364213E-05,21.8878,96.5456,0.503576,0.653703E+09,294.129
CH-CHA_201811271300.csv,2018-11-27,18:00,331.7498,0,36000,36000,0.250168E-02,1,0.825643E-03,-1.46016,1,1.02516,0.128749E-02,2,0.187055E-02,0.287630E-04,2,0.417889E-04,-0.195859E-02,1,0.964277E-03,0.140354E-03,1,0.344291E-04,-0.980570,-0.116538E-02,-0.260352E-04,0.528358E-04,0.112544E-05,-0.747917E-12,-0.113858E-12,-0.185509E-13,541.716,13.1122,13.2864,4.95000,0,0.824677E-01,1.99612,2.02264,2.10000,0,0.134364E-01,0.325227,0.329548,3.05000,0,281.117,279.952,96559.5,1.19571,1012.39,0.242049E-01,0.186384E-05,0.976173E-02,1261.17,985.138,0.816393E-02,100.000,0.00000,283.559,0.796557E-01,0.283361,-0.745111E-02,0.294438,0.372414E-13,-0.138064E-14,0.294438,0.907524,114.843,74.2988,-1.45009,-9999,0.457407E-01,0.303193E-01,5.57777,0.360359,-1134.12,0.263708E-01,0,-9999,-9999,-9999,-9999,-9999,-9999,-9999,0.244005E-02,1.02526,-1.39903,1.04802,0.838885E-03,1.53476,0.187410E-04,1.53476,-0.127615E-02,1.53476,0.914504E-04,1.53476,800009000,800119100,800009000,800009011,800009000,800009110,811119111,811119111,80000,80000,80,81,6,2,0,22,0,0,0,0.435974E-01,0.152680E-01,0.177325E-02,0.641910E-01,0.237694E-06,0.649942E-04,0.124941E-06,-0.115572E-02,0.459627E-06,-0.312979E-04,0.224284E-05,22.0000,96.5069,0.506861,0.649955E+09,294.133
CH-CHA_201811271300.csv,2018-11-27,18:30,331.7707,0,36000,36000,0.713399E-03,1,0.435488E-03,-0.626112,1,0.160731,0.293179E-02,2,0.116636E-02,0.654919E-04,2,0.260548E-04,-0.211666E-02,2,0.154851E-02,-0.850490E-04,2,0.219335E-04,-0.144083,-0.526596E-03,-0.117634E-04,0.262486E-02,0.406001E-04,-0.361295E-12,-0.565317E-13,-0.898518E-14,541.878,13.1119,13.2861,0.750000,0,0.847874E-01,2.05162,2.07887,2.10000,0,0.134762E-01,0.326085,0.330418,0.500000E-01,0,281.028,279.863,96559.5,1.19609,1012.38,0.241972E-01,0.424387E-05,0.976464E-02,1261.15,979.138,0.816377E-02,100.000,0.00000,283.558,0.265401,0.379707,-0.770167E-02,0.463330,0.532479E-13,-0.666746E-15,0.463330,0.883742,133.548,55.0479,-0.952438,-9999,0.244221E-01,0.233487E-01,1.97993,1.01519,-213.560,0.211718E-01,0,-9999,-9999,-9999,-9999,-9999,-9999,-9999,0.683941E-03,1.04307,-0.578488,1.08669,0.147088E-02,1.99323,0.328572E-04,1.99323,-0.106193E-02,1.99323,-0.426691E-04,1.99323,800009000,800019100,800009000,800009011,800009000,800009000,811119111,811119111,80000,80000,80,81,11,1,1,11,90,0,0,0.297144E-01,0.142625E-01,0.272044E-02,0.355514E-02,0.213381E-06,0.506785E-03,0.216333E-06,-0.477731E-03,0.805574E-06,-0.260357E-04,-0.104613E-05,21.9822,96.5127,0.506033,0.648134E+09,294.135
CH-CHA_201811271300.csv,2018-11-27,19:00,331.7915,0,35989,35989,-0.632653E-02,1,0.739999E-03,-1.82479,2,0.992484,-0.129431E-01,1,0.330850E-02,-0.289093E-03,1,0.738977E-04,0.676678E-02,1,0.506073E-02,0.655249E-03,1,0.155067E-03,-0.211980,-0.251982E-02,-0.562820E-04,0.175286E-02,0.672589E-04,-0.234271E-11,-0.373215E-12,-0.585210E-13,542.082,13.1107,13.2849,4.50000,0,0.863587E-01,2.08866,2.11641,0.500000E-01,0,0.135412E-01,0.327507,0.331857,1.95000,0,280.897,279.732,96559.5,1.19665,1012.38,0.241859E-01,-0.187332E-04,0.976832E-02,1261.03,970.372,0.816303E-02,100.000,0.00000,283.557,0.548485E-01,0.848400E-02,0.451958E-02,0.556844E-01,-0.198368E-12,-0.432168E-14,0.556844E-01,0.725052,169.096,8.79287,4.65548,-9999,0.727107E-01,0.753167E-01,17.9280,0.112115,140.986,0.207158E-01,0,-9999,-9999,-9999,-9999,-9999,-9999,-9999,-0.605323E-02,1.04515,-1.75494,1.04448,-0.951475E-02,1.36032,-0.212519E-03,1.36032,0.497442E-02,1.36032,0.481689E-03,1.36032,800009000,800109100,800009000,800009011,800109000,800109110,811119111,811119111,80000,80000,80,81,15,0,2,26,2,0,0,0.312240E-01,0.117539,0.187020E-02,0.555649E-01,0.449345E-06,0.192629E-02,0.165474E-05,-0.144861E-02,-0.520797E-05,0.121903E-03,0.118042E-04,21.9967,96.5085,0.507267,0.638699E+09,294.137
CH-CHA_201811271900.csv,2018-11-27,19:30,331.8123,0,36000,36000,0.447428E-02,1,0.389184E-03,-2.53518,1,0.492452,-0.728331E-02,2,0.147163E-02,-0.162601E-03,2,0.328544E-04,0.449061E-02,2,0.186549E-02,0.321832E-03,1,0.849157E-04,-0.793195,-0.842609E-03,-0.188114E-04,-0.494953E-03,-0.505665E-06,0.288721E-11,0.457674E-12,0.721225E-13,543.026,13.1103,13.2845,1.00000,0,0.860793E-01,2.07822,2.10583,0.500000E-01,0,0.135648E-01,0.327496,0.331846,1.50000,0,280.400,279.237,96559.5,1.19877,998.688,0.241431E-01,-0.105366E-04,0.978534E-02,1260.99,937.805,0.816278E-02,-9999,-9999,283.557,-0.312861,0.298918,0.137076E-01,0.432922,-0.739260E-13,0.531689E-14,0.432922,0.872353,52.9507,136.306,1.81446,-9999,0.610932E-01,0.623286E-01,7.55102,0.266189,348.081,0.346616E-01,0,-9999,-9999,-9999,-9999,-9999,-9999,-9999,0.438254E-02,1.02093,-2.44698,1.04050,-0.499072E-02,1.45937,-0.111419E-03,1.45937,0.307709E-02,1.45937,0.220528E-03,1.45937,800009000,800119100,800009000,800009000,800009000,800009010,811119111,811119111,80011,80011,80,81,2,0,1,0,187,0,0,0.280335E-01,0.958976E-01,0.726044E-03,0.395891E-01,0.285643E-06,0.742350E-03,0.148264E-05,-0.204392E-02,-0.272559E-05,0.752734E-04,0.539467E-05,22.0000,96.5058,0.505750,0.635662E+09,294.133
CH-CHA_201811271900.csv,2018-11-27,20:00,331.8331,0,36000,36000,0.382472E-03,0,0.137490E-03,0.539491,1,0.493689,0.146844E-02,1,0.386017E-03,0.327897E-04,1,0.861962E-05,0.468404E-02,1,0.192874E-02,0.935303E-04,2,0.105686E-03,0.333959,-0.111106E-02,-0.248095E-04,0.108095E-02,0.764338E-04,-0.997209E-13,-0.159817E-13,-0.250340E-14,542.600,13.1098,13.2840,2.60000,0,0.869596E-01,2.10104,2.12895,5.00000,0,0.136215E-01,0.329109,0.333481,1.55000,0,280.609,279.446,96559.5,1.19788,998.587,0.241611E-01,0.212477E-05,0.977765E-02,1260.94,951.409,0.816246E-02,-9999,-9999,283.556,-0.273088,0.157243,0.997861E-02,0.315281,-0.139917E-13,-0.183784E-15,0.315281,0.551453,39.5555,150.067,1.81371,-9999,0.178687E-01,0.105264E-01,-0.887742,-2.26417,367.391,-0.252402E-01,0,-9999,-9999,-9999,-9999,-9999,-9999,-9999,0.372786E-03,1.02598,0.526946,1.02822,0.121959E-02,1.20404,0.272331E-04,1.20404,0.389027E-02,1.20404,0.776804E-04,1.20404,800009000,800119100,800009000,800009011,800009100,800009111,811119111,811119111,80111,80111,80,81,12,7,0,5,76,0,0,0.643578E-02,0.138049E-01,0.812179E-03,0.471128E-01,0.105769E-06,0.747007E-03,0.717502E-05,0.440521E-03,0.666687E-06,0.952369E-04,0.190168E-05,21.9783,96.5143,0.506215,0.631416E+09,294.132
CH-CHA_201811271900.csv,2018-11-27,20:30,331.8540,0,36000,36000,-0.883356E-03,1,0.130154E-03,0.222958,2,0.470481,0.675845E-03,2,0.436854E-03,0.151004E-04,2,0.976066E-05,-0.770456E-02,1,0.277503E-02,0.216723E-03,2,0.889294E-04,1.02064,0.151221E-02,0.337873E-04,0.305149E-02,-0.218449E-04,0.229987E-13,0.379894E-14,0.576518E-15,541.409,13.1105,13.2847,0.100000,0,0.894303E-01,2.16561,2.19438,0.800000,0,0.135717E-01,0.328647,0.333013,1.95000,0,281.242,280.076,96559.5,1.19519,1012.39,0.242156E-01,0.978509E-06,0.975618E-02,1261.01,993.574,0.816290E-02,100.000,0.00000,283.557,-0.170434,0.111494,0.965042E-02,0.203892,-0.976858E-14,0.424793E-16,0.203892,0.504480,39.0673,146.808,2.71289,-9999,0.271863E-01,0.338278E-01,-7.66976,-0.262068,329.895,-0.677782E-02,0,-9999,-9999,-9999,-9999,-9999,-9999,-9999,-0.852897E-03,1.03571,0.216412,1.03471,0.556506E-03,1.21444,0.124340E-04,1.21444,-0.634410E-02,1.21444,0.178454E-03,1.21444,800009000,800119100,800009000,800009011,800009010,800119110,811119111,811119111,80111,80111,80,81,0,12,3,3,196,0,0,0.198872E-01,0.468446E-01,0.923712E-03,0.298320E-01,0.216949E-06,0.112182E-02,0.228550E-05,0.178854E-03,0.305082E-06,-0.155659E-03,0.437855E-05,21.9961,96.5081,0.506626,0.636942E+09,294.131
CH-CHA_201811271900.csv,2018-11-27,21:00,331.8748,0,36000,36000,0.539641E-03,2,0.398990E-03,-0.780759,1,0.326895,0.556938E-02,0,0.106718E-02,0.124480E-03,0,0.238524E-04,-0.517339E-03,2,0.746427E-03,0.791460E-03,1,0.726980E-04,0.591037,0.290040E-03,0.648264E-05,-0.682618E-03,-0.454434E-04,-0.505702E-13,-0.829736E-14,-0.126394E-14,540.709,13.1107,13.2848,0.100000,0,0.887174E-01,2.15114,2.17972,2.55000,0,0.135143E-01,0.327684,0.332038,3.30000,0,281.609,280.441,96559.5,1.19363,1012.40,0.242472E-01,0.806633E-05,0.974358E-02,1261.03,1018.77,0.816299E-02,100.000,0.00000,283.557,0.105342,0.249103,0.496472E-02,0.270507,-0.229371E-13,-0.935257E-16,0.270507,0.644826,113.538,67.0773,1.05163,-9999,0.212627E-01,0.273222E-01,1.04784,1.91824,-140.188,0.303864E-01,0,-9999,-9999,-9999,-9999,-9999,-9999,-9999,0.505282E-03,1.06800,-0.690343,1.13549,0.218529E-02,2.54858,0.488431E-04,2.54858,-0.202991E-03,2.54858,0.310550E-03,2.54858,800009000,800119100,800009000,800009000,800009000,800019010,811119111,811119111,80101,80101,80,81,0,0,0,5,165,0,0,0.295608E-01,0.240768E-01,0.100668E-02,0.140818E-01,0.204805E-06,0.757812E-04,0.690045E-06,-0.571275E-03,0.119998E-05,-0.498709E-05,0.762959E-05,22.0000,96.5061,0.506139,0.638398E+09,294.131
CH-CHA_201811271900.csv,2018-11-27,21:30,331.8956,0,36000,36000,0.240282E-02,1,0.343736E-03,0.464356,1,0.339921,0.690276E-02,1,0.240377E-02,0.154260E-03,1,0.537187E-04,-0.236608E-01,1,0.672823E-02,-0.169014E-03,1,0.148326E-03,-0.244124,-0.149275E-02,-0.333594E-04,0.364122E-02,0.664338E-04,-0.301671E-11,-0.512738E-12,-0.757266E-13,540.971,13.1099,13.2841,2.20000,0,0.919468E-01,2.22825,2.25785,2.15000,0,0.135797E-01,0.329091,0.333463,0.500000E-01,0,281.457,280.290,96559.5,1.19427,1012.39,0.242341E-01,0.999607E-05,0.974829E-02,1260.96,1008.30,0.816255E-02,100.000,0.00000,283.556,0.171617,0.366493,0.134025E-01,0.404906,-0.374344E-13,-0.557647E-14,0.404906,0.850235,121.866,64.9078,1.89685,-9999,0.448548E-01,0.244463E-01,-16.5399,-0.121525,67.2710,-0.856229E-02,0,-9999,-9999,-9999,-9999,-9999,-9999,-9999,0.235152E-02,1.02182,0.455044,1.02549,0.575279E-02,1.19990,0.128561E-03,1.19990,-0.197190E-01,1.19990,-0.140857E-03,1.19990,800009000,800119100,800009000,800009011,800009000,801009010,811119111,811119111,80000,80000,80,80,0,4,0,6,0,0,0,0.144266E-01,0.333974E-01,0.106855E-02,0.134584E-01,0.478828E-06,0.517001E-02,0.305412E-05,0.376358E-03,0.315679E-05,-0.484196E-03,-0.345871E-05,21.9850,96.5118,0.506130,0.632637E+09,294.133
CH-CHA_201811271900.csv,2018-11-27,22:00,331.9165,0,36000,36000,-0.607178E-02,1,0.731742E-03,-3.26054,1,0.646111,-0.402212E-01,1,0.520994E-02,-0.898573E-03,1,0.116394E-03,0.183546E-01,2,0.592084E-02,0.224799E-02,1,0.365531E-03,-0.520227,-0.374922E-02,-0.837605E-04,0.284017E-02,0.792629E-04,-0.268158E-11,-0.468129E-12,-0.676662E-13,541.518,13.1082,13.2823,4.30000,0,0.945339E-01,2.28832,2.31872,2.05000,0,0.136645E-01,0.330768,0.335161,1.45000,0,281.135,279.969,96559.5,1.19564,1012.38,0.242063E-01,-0.582275E-04,0.975816E-02,1260.79,986.332,0.816144E-02,100.000,0.00000,283.554,0.884023E-01,-0.602304E-03,0.275625E-02,0.884473E-01,-0.125263E-13,-0.495197E-14,0.884473E-01,0.974628,158.473,359.610,1.78578,-9999,0.712620E-01,0.771961E-01,9.44575,0.212794,81.0652,0.377994E-01,0,-9999,-9999,-9999,-9999,-9999,-9999,-9999,-0.588003E-02,1.03261,-3.13632,1.04450,-0.280722E-01,1.43278,-0.627154E-03,1.43278,0.128105E-01,1.43278,0.156898E-02,1.43278,800009000,800109100,800009000,800009000,800009010,811109010,811119111,811119111,80011,80011,80,81,15,0,1,5,253,0,0,0.443114E-01,0.108481,0.159938E-02,0.253878E-01,0.753869E-06,0.295831E-02,0.884617E-05,-0.259104E-02,-0.153820E-04,0.314197E-03,0.384816E-04,22.0000,96.5073,0.507278,0.619304E+09,294.128
CH-CHA_201811271900.csv,2018-11-27,22:30,331.9373,0,36000,36000,-0.489047E-03,2,0.363971E-03,0.459852E-01,1,0.931134E-01,-0.226797E-02,2,0.184809E-02,-0.506610E-04,2,0.412819E-04,-0.236516E-02,2,0.165609E-02,0.265928E-03,1,0.807884E-04,-0.239266,0.737630E-03,0.164769E-04,0.170241E-02,-0.870166E-04,0.668816E-12,0.118590E-12,0.167824E-13,541.818,13.1085,13.2826,4.65000,0,0.960713E-01,2.32431,2.35518,3.00000,0,0.135957E-01,0.328928,0.333297,4.90000,0,280.986,279.822,96559.5,1.19627,1012.38,0.241936E-01,-0.328283E-05,0.976356E-02,1260.82,976.376,0.816166E-02,100.000,0.00000,283.555,-0.259822,0.234562,0.198006E-01,0.350597,0.224926E-13,0.123439E-14,0.350597,0.678086,46.1651,137.925,3.23760,-9999,0.202190E-01,0.242645E-01,-15.2973,-0.131396,-20.2759,-0.187795E-02,0,-9999,-9999,-9999,-9999,-9999,-9999,-9999,-0.477536E-03,1.02410,0.448533E-01,1.02699,-0.188662E-02,1.20213,-0.421426E-04,1.20213,-0.196747E-02,1.20213,0.221214E-03,1.20213,800009000,800119100,800009000,800009000,800009010,800009010,811119111,811119111,80110,80110,80,81,6,2,0,19,152,0,0,0.378841E-01,0.102109E-01,0.434071E-03,0.838677E-02,0.449482E-06,0.600346E-03,0.136731E-05,0.370357E-04,-0.103307E-05,-0.482299E-04,0.542276E-05,22.0000,96.5066,0.506556,0.622071E+09,294.120
CH-CHA_201811271900.csv,2018-11-27,23:00,331.9581,0,36000,36000,0.488607E-02,1,0.504274E-03,-0.734390E-01,2,0.142609,0.506569E-02,1,0.122018E-02,0.113164E-03,1,0.272580E-04,-0.164035E-02,1,0.100392E-02,-0.214505E-03,1,0.244187E-03,0.127609,-0.752765E-03,-0.168163E-04,0.312225E-04,0.205809E-04,0.153969E-11,0.273092E-12,0.386872E-13,541.651,13.1082,13.2823,0.450000,0,0.960716E-01,2.32497,2.35585,5.00000,0,0.136098E-01,0.329363,0.333738,0.500000E-01,0,281.065,279.900,96559.5,1.19594,1012.38,0.242004E-01,0.733303E-05,0.976055E-02,1260.79,981.676,0.816144E-02,100.000,0.00000,283.554,-0.173527,0.258307,0.760361E-02,0.311274,0.581715E-13,0.284259E-14,0.311274,0.894092,56.0459,123.893,1.39972,-9999,0.639184E-01,0.500811E-01,302.623,0.664192E-02,-14.4973,0.948961E-03,0,-9999,-9999,-9999,-9999,-9999,-9999,-9999,0.480659E-02,1.01653,-0.718854E-01,1.02245,0.411757E-02,1.23026,0.919837E-04,1.23026,-0.133334E-02,1.23026,-0.174357E-03,1.23026,800009000,800109100,800009000,800009011,800009000,800009001,811119111,811119111,80000,80000,80,81,3,0,0,5,88,0,0,0.204248E-01,0.780814E-01,0.165599E-02,0.172255E-01,0.214460E-06,0.889212E-04,0.651437E-05,-0.593729E-04,0.225549E-05,-0.326942E-04,-0.427534E-05,21.9294,96.5313,0.504837,0.619146E+09,294.123
CH-CHA_201811271900.csv,2018-11-27,23:30,331.9790,0,36000,36000,-0.121163E-01,1,0.114907E-02,0.563512E-01,2,0.638791,-0.110581E-01,1,0.264433E-02,-0.247023E-03,1,0.590709E-04,0.124011E-01,1,0.483887E-02,-0.245095E-03,2,0.228239E-03,-0.481458E-01,-0.137791E-02,-0.307807E-04,0.221756E-02,0.130312E-03,-0.384457E-11,-0.695690E-12,-0.974138E-13,541.682,13.1075,13.2816,0.500000,0,0.980195E-01,2.37186,2.40336,5.00000,0,0.137251E-01,0.332119,0.336530,5.00000,0,281.036,279.871,96559.5,1.19606,1012.38,0.241978E-01,-0.160071E-04,0.976111E-02,1260.73,979.674,0.816103E-02,100.000,0.00000,283.553,-0.226940,-0.217128,0.647556E-02,0.314147,0.528323E-13,-0.709747E-14,0.314147,1.60630,341.681,223.734,1.18113,-9999,0.100649,0.177536,-1539.83,-0.130534E-02,-5.09593,-0.462378E-03,0,-9999,-9999,-9999,-9999,-9999,-9999,-9999,-0.118087E-01,1.02605,0.544924E-01,1.02827,-0.918363E-02,1.20411,-0.205150E-03,1.20411,0.102990E-01,1.20411,-0.203549E-03,1.20411,800009000,800109100,800009000,800009011,800009010,800009011,811119111,811119111,80000,80000,80,81,1,6,5,12,65,0,0,0.905243E-01,0.262081,0.246714E-02,0.345168E-01,0.280682E-06,0.111241E-02,0.226088E-05,0.450026E-04,-0.502986E-05,0.252510E-03,-0.499060E-05,21.9789,96.5133,0.505422,0.614197E+09,294.123
CH-CHA_201811271900.csv,2018-11-28,00:00,332.0000,0,36000,36000,-0.349125E-01,1,0.422785E-02,-4.33229,1,2.63052,0.186977E-02,2,0.631960E-02,0.417669E-04,2,0.141167E-03,-0.753333E-01,1,0.133503E-01,0.118244E-02,1,0.764130E-03,-0.514491E-01,-0.262089E-02,-0.585454E-04,0.114406E-02,-0.356453E-04,-0.935269E-11,-0.170983E-11,-0.236463E-12,541.692,13.1063,13.2803,0.500000E-01,0,0.990303E-01,2.39604,2.42787,5.00000,0,0.136956E-01,0.331365,0.335766,1.55000,0,281.004,279.839,96559.5,1.19620,1012.38,0.241951E-01,0.270649E-05,0.976129E-02,1260.61,977.538,0.816026E-02,100.000,0.00000,283.552,0.110696,-0.510417E-01,0.193008E-01,0.123415,0.264390E-13,-0.172657E-13,0.123415,0.987978,158.223,335.246,8.99737,-9999,0.170840,0.148083,97.9489,0.205209E-01,-2317.02,0.209402E-01,0,-9999,-9999,-9999,-9999,-9999,-9999,-9999,-0.339165E-01,1.02936,-4.22474,1.02972,0.149026E-02,1.25466,0.332895E-04,1.25466,-0.600429E-01,1.25466,0.942440E-03,1.25466,800009000,800109100,800009000,800009011,800009000,800109000,811119111,811119111,80111,80111,80,81,0,0,0,1,0,0,0,0.141329,0.149687,0.515071E-02,0.844896E-01,0.199102E-05,0.166413E-02,0.715151E-05,-0.348862E-02,0.816096E-06,-0.147196E-02,0.231040E-04,21.9689,96.5172,0.505536,0.604548E+09,294.114
CH-CHA_201811271900.csv,2018-11-28,00:30,332.0208,0,36000,36000,-0.658452E-02,1,0.120318E-02,-4.12489,1,1.44446,-0.303531E-01,2,0.107016E-01,-0.677693E-03,2,0.238935E-03,-0.936374E-01,1,0.219176E-01,-0.595555E-03,2,0.207778E-03,-0.830333,-0.936275E-02,-0.209042E-03,0.587283E-02,0.602084E-04,-0.592879E-11,-0.114033E-11,-0.150523E-12,542.515,13.1019,13.2758,4.90000,0,0.104346,2.51997,2.55343,5.00000,0,0.137736E-01,0.332636,0.337052,0.500000E-01,0,280.483,279.321,96559.5,1.19842,998.652,0.241502E-01,-0.439145E-04,0.977613E-02,1260.18,943.237,0.815751E-02,-9999,-9999,283.547,0.822199E-01,0.367401,0.347342E-01,0.378087,-0.103298E-12,-0.109283E-13,0.378087,1.08573,118.631,77.3857,5.27109,-9999,0.741238E-01,0.110177,8.28862,0.242501,135.897,0.464977E-01,0,-9999,-9999,-9999,-9999,-9999,-9999,-9999,-0.645104E-02,1.02069,-3.98723,1.03916,-0.210735E-01,1.44034,-0.470508E-03,1.44034,-0.650105E-01,1.44034,-0.413481E-03,1.44034,800009000,800109100,800009000,800009000,800009010,800019010,811119111,811119111,80110,80110,80,81,0,0,1,2,0,0,0,0.937921E-01,0.125113,0.144866E-02,0.151689,0.376545E-05,0.298171E-01,0.478255E-05,-0.333157E-02,-0.115131E-04,-0.159078E-02,-0.101177E-04,22.0000,96.5059,0.505889,0.570740E+09,294.101
CH-CHA_201811271900.csv,2018-11-28,01:00,332.0416,0,35989,35989,0.433715E-02,1,0.110869E-02,0.966828,2,1.22741,0.180072E-01,1,0.569484E-02,0.401727E-03,1,0.127048E-03,-0.155779E-01,1,0.483065E-02,-0.511559E-03,2,0.194493E-03,-1.33875,-0.631333E-02,-0.140846E-03,-0.438583E-02,-0.370399E-04,-0.619802E-13,-0.114872E-13,-0.157025E-14,544.015,13.0989,13.2728,3.30000,0,0.100826,2.42770,2.45992,0.500000E-01,0,0.137824E-01,0.331856,0.336261,0.500000E-01,0,279.647,278.488,96559.5,1.20200,999.057,0.240782E-01,0.260319E-04,0.980315E-02,1259.90,890.343,0.815567E-02,-9999,-9999,283.544,0.240009E-02,0.238419,0.330657E-02,0.238454,0.473113E-13,-0.113931E-15,0.238454,0.912469,91.2669,89.4232,0.794529,-9999,0.600688E-01,0.620128E-01,-18.8277,-0.106758,53.6912,-0.134031E-01,0,-9999,-9999,-9999,-9999,-9999,-9999,-9999,0.420343E-02,1.03181,0.941528,1.03210,0.148796E-01,1.21019,0.331953E-03,1.21019,-0.128722E-01,1.21019,-0.422708E-03,1.21019,800009000,800109100,800009000,800009011,800009010,800009011,811119111,811119111,80000,80000,80,81,0,0,0,0,0,0,0,0.926941E-01,0.299843E-01,0.134723E-02,0.154629,0.119457E-05,0.247939E-02,0.665737E-05,0.784038E-03,0.809850E-05,-0.314038E-03,-0.103126E-04,21.9967,96.5066,0.505350,0.547739E+09,294.081
CH-CHA_201811280100.csv,2018-11-28,01:30,332.0624,0,36000,36000,-0.175414E-01,1,0.265339E-02,5.91886,1,1.19028,0.230465E-01,1,0.386886E-02,0.513854E-03,1,0.862617E-04,0.275260E-01,2,0.291517E-01,-0.494706E-02,1,0.928170E-03,-0.976324,-0.430486E-02,-0.959829E-04,0.606616E-02,0.174616E-03,-0.660583E-11,-0.128872E-11,-0.169231E-12,545.117,13.0969,13.2707,4.70000,0,0.106346,2.55505,2.58896,5.00000,0,0.139651E-01,0.335522,0.339975,0.500000E-01,0,279.038,277.882,96559.5,1.20463,999.348,0.240258E-01,0.332977E-04,0.982301E-02,1259.71,853.528,0.815441E-02,-9999,-9999,283.541,0.103828,-0.144395,0.212869E-01,0.179118,-0.241683E-13,-0.121182E-13,0.179118,0.899111,226.663,305.718,6.82533,-9999,0.120672,0.120226,-24.9406,-0.805914E-01,256.822,-0.407439E-01,0,-9999,-9999,-9999,-9999,-9999,-9999,-9999,-0.168777E-01,1.03932,5.73183,1.03714,0.189146E-01,1.21845,0.421728E-03,1.21845,0.225910E-01,1.21845,-0.406013E-02,1.21845,800009000,800109100,800009000,800009000,800009010,810109010,811119111,811119111,80100,80100,80,81,0,0,5,16,0,0,0,0.125198,0.112698,0.255552E-02,0.374914E-01,0.316289E-06,0.212921E-01,0.207250E-04,0.476129E-02,0.102663E-04,0.549943E-03,-0.988375E-04,22.0000,96.5069,0.506861,0.532484E+09,294.079
CH-CHA_201811280100.csv,2018-11-28,02:00,332.0833,0,36000,36000,-0.208854E-02,1,0.795730E-03,-0.140759E-01,2,0.545425,-0.418033E-02,2,0.250332E-02,-0.932281E-04,2,0.558280E-04,0.339398E-02,2,0.224677E-02,-0.358420E-03,1,0.170059E-03,0.395806,-0.226478E-02,-0.505083E-04,-0.198398E-02,-0.166141E-03,0.193667E-11,0.371687E-12,0.491022E-13,544.591,13.0958,13.2696,0.550000,0,0.104518,2.51336,2.54671,0.500000,0,0.138075E-01,0.332031,0.336437,0.500000E-01,0,279.285,278.128,96559.5,1.20356,999.231,0.240471E-01,-0.604118E-05,0.981354E-02,1259.61,868.303,0.815375E-02,-9999,-9999,283.540,-0.152987,0.123148,0.300028E-02,0.196416,0.443206E-13,0.355618E-14,0.196416,0.881079,63.1344,141.167,0.875234,-9999,0.416570E-01,0.713357E-01,431.382,0.465945E-02,3.36718,0.280967E-03,0,-9999,-9999,-9999,-9999,-9999,-9999,-9999,-0.204376E-02,1.02191,-0.139861E-01,1.02490,-0.339215E-02,1.23236,-0.756503E-04,1.23236,0.275406E-02,1.23236,-0.290842E-03,1.23236,800009000,800119100,800009000,800009011,800009000,800019000,811119111,811119111,80111,80111,80,81,0,0,0,2,0,0,0,0.435537E-01,0.970652E-01,0.205250E-02,0.196901E-01,0.339422E-06,0.324851E-03,0.370783E-05,-0.116296E-04,-0.184321E-05,0.671024E-04,-0.708633E-05,21.9672,96.5172,0.504897,0.524369E+09,294.078
CH-CHA_201811280100.csv,2018-11-28,02:30,332.1041,0,36000,36000,-0.207345E-02,1,0.658567E-03,1.00057,1,0.271206,0.509011E-02,1,0.126959E-02,0.113488E-03,1,0.283065E-04,0.235186E-02,2,0.399843E-02,0.749880E-04,2,0.479228E-04,-0.448234,-0.883298E-03,-0.196938E-04,0.127834E-02,-0.346700E-04,0.124079E-11,0.240683E-12,0.313910E-13,545.119,13.0954,13.2692,2.90000,0,0.105740,2.54020,2.57390,5.00000,0,0.137911E-01,0.331303,0.335700,1.60000,0,279.006,277.850,96559.5,1.20477,999.364,0.240230E-01,0.735399E-05,0.982305E-02,1259.57,851.606,0.815349E-02,-9999,-9999,283.540,0.269839,-0.533145E-01,0.693639E-02,0.275143,-0.101486E-12,0.227618E-14,0.275143,0.837974,198.398,348.824,1.44459,-9999,0.414854E-01,0.543823E-01,-5.99475,-0.335294,196.571,-0.200321E-01,0,-9999,-9999,-9999,-9999,-9999,-9999,-9999,-0.201569E-02,1.02866,0.975729,1.03000,0.421777E-02,1.20683,0.940381E-04,1.20683,0.194880E-02,1.20683,0.621366E-04,1.20683,800009000,800119100,800009000,800009011,800009000,800009110,811119111,811119111,80000,80000,80,81,0,0,0,17,294,0,0,0.317196E-01,0.748245E-01,0.222056E-02,0.157719E-01,0.149351E-06,0.860814E-03,0.331781E-06,0.810406E-03,0.228894E-05,0.474348E-04,0.151244E-05,22.0000,96.5063,0.506278,0.521529E+09,294.082
CH-CHA_201811280100.csv,2018-11-28,03:00,332.1249,0,36000,36000,-0.178105E-01,1,0.225177E-02,-4.10897,2,1.83112,0.282854E-01,1,0.509936E-02,0.630366E-03,1,0.113644E-03,-0.112254,1,0.202055E-01,-0.677760E-03,1,0.185528E-03,-0.745104,0.109446E-02,0.243911E-04,0.216840E-02,-0.496124E-04,-0.114095E-10,-0.225268E-11,-0.287734E-12,546.047,13.0959,13.2697,3.25000,0,0.107811,2.58564,2.61995,5.00000,0,0.137707E-01,0.330264,0.334646,5.00000,0,278.542,277.389,96559.5,1.20677,999.583,0.239831E-01,0.408477E-04,0.983977E-02,1259.62,824.529,0.815381E-02,-9999,-9999,283.540,-0.980379E-01,-0.580704E-01,0.280425E-01,0.117346,0.288446E-12,-0.208948E-13,0.117346,1.02225,338.933,210.639,13.8260,-9999,0.121486,0.136214,36.6666,0.548182E-01,-145.268,0.280391E-01,0,-9999,-9999,-9999,-9999,-9999,-9999,-9999,-0.173104E-01,1.02889,-3.99640,1.03214,0.219545E-01,1.28836,0.489276E-03,1.28836,-0.871290E-01,1.28836,-0.526063E-03,1.28836,800009000,800009100,800009000,800009011,800019000,800019010,811119111,811119111,80111,80111,80,81,0,6,2,26,252,0,0,0.517630E-01,0.214233,0.643250E-02,0.404385E-01,0.247072E-06,0.422201E-02,0.435068E-06,-0.331304E-02,0.118895E-04,-0.211725E-02,-0.127834E-04,22.0000,96.5054,0.505444,0.524798E+09,294.088
CH-CHA_201811280100.csv,2018-11-28,03:30,332.1458,0,36000,36000,0.419596E-02,1,0.220853E-02,2.24357,0,0.370985,0.816052E-02,0,0.248837E-02,0.181823E-03,0,0.554428E-04,-0.847215E-02,2,0.578321E-02,0.233698E-03,0,0.736654E-04,-0.390843,0.160799E-02,0.358274E-04,-0.188939E-02,0.596761E-05,0.485377E-12,0.943604E-13,0.122446E-13,546.555,13.0967,13.2705,5.00000,0,0.106254,2.54608,2.57986,0.700000,0,0.137879E-01,0.330389,0.334773,1.40000,0,278.300,277.147,96559.5,1.20782,999.697,0.239623E-01,0.117821E-04,0.984891E-02,1259.69,810.646,0.815428E-02,-9999,-9999,283.541,-0.256189,-0.152701,0.131625E-02,0.298249,-0.360564E-13,0.888067E-15,0.298249,1.28604,313.726,210.797,0.252862,-9999,0.589406E-01,0.111326,-7.66973,-0.262069,274.930,-0.315250E-01,0,-9999,-9999,-9999,-9999,-9999,-9999,-9999,0.408550E-02,1.02704,2.19000,1.02892,0.677150E-02,1.20513,0.150874E-03,1.20513,-0.703008E-02,1.20513,0.193919E-03,1.20513,800009000,800009100,800009000,800009000,800019000,800019100,811119111,811119111,80101,80101,80,81,9,2,2,14,0,0,0,0.141214,0.772094E-01,0.422864E-02,0.827816E-02,0.252817E-06,0.101306E-02,0.226385E-06,0.181373E-02,0.366308E-05,-0.170683E-03,0.470817E-05,22.0000,96.5066,0.506639,0.530709E+09,294.087
CH-CHA_201811280100.csv,2018-11-28,04:00,332.1666,0,36000,36000,-0.241297E-02,2,0.121584E-02,3.46164,1,1.16336,0.267802E-02,1,0.233262E-02,0.596807E-04,1,0.519833E-04,0.862292E-02,0,0.541084E-02,0.559312E-03,0,0.899478E-04,0.346806,-0.126105E-02,-0.281029E-04,-0.539348E-02,-0.358067E-04,-0.423298E-11,-0.786426E-12,-0.106547E-12,546.107,13.0961,13.2699,0.350000,0,0.101459,2.43306,2.46535,5.00000,0,0.137459E-01,0.329638,0.334013,1.50000,0,278.515,277.362,96559.5,1.20689,999.596,0.239808E-01,0.386731E-05,0.984085E-02,1259.63,822.965,0.815391E-02,-9999,-9999,283.540,-0.475235,-0.295179E-01,0.226556E-01,0.476690,-0.885177E-13,-0.775119E-14,0.476690,1.60016,12.8959,183.554,2.72411,-9999,0.447139E-01,0.116651,-2.17010,-0.926227,1292.61,-0.641724E-01,0,-9999,-9999,-9999,-9999,-9999,-9999,-9999,-0.236669E-02,1.01955,3.39464,1.02403,0.223571E-02,1.19784,0.498237E-04,1.19784,0.719874E-02,1.19784,0.466935E-03,1.19784,800009100,800019100,800009000,800009011,800009000,800009100,811119111,811119111,80000,80000,80,81,0,2,0,7,499,0,0,0.153443,0.726458E-01,0.721428E-02,0.349908E-01,0.138268E-06,0.621937E-03,0.201894E-06,0.281386E-02,0.121060E-05,0.174913E-03,0.113455E-04,21.9833,96.5127,0.506450,0.526024E+09,294.081
CH-CHA_201811280100.csv,2018-11-28,04:30,332.1874,0,36000,36000,-0.131004E-01,1,0.227419E-02,5.32142,1,1.02718,-0.688073E-02,2,0.278156E-02,-0.153303E-03,2,0.619731E-04,0.289840E-01,1,0.782832E-02,0.441732E-03,1,0.885138E-04,-0.405693,0.132840E-02,0.295967E-04,-0.228537E-02,-0.678220E-06,-0.222061E-11,-0.404424E-12,-0.558893E-13,546.627,13.0967,13.2705,0.800000,0,0.995536E-01,2.38522,2.41687,0.500000E-01,0,0.137578E-01,0.329624,0.333998,1.35000,0,278.263,277.111,96559.5,1.20798,999.714,0.239591E-01,-0.993402E-05,0.985022E-02,1259.69,808.585,0.815430E-02,-9999,-9999,283.541,-0.780284,-0.331006,0.362953E-01,0.848366,0.353617E-14,-0.406238E-14,0.848366,1.74167,349.880,202.987,2.45201,-9999,0.104139,0.106296,-17.8358,-0.112695,-773.380,-0.423136E-01,0,-9999,-9999,-9999,-9999,-9999,-9999,-9999,-0.129208E-01,1.01389,5.23508,1.02067,-0.575970E-02,1.19463,-0.128326E-03,1.19463,0.242618E-01,1.19463,0.369764E-03,1.19463,800009000,800019100,800009000,800009011,800009000,800009010,811119111,811119111,80000,80000,80,81,1,3,0,4,221,0,0,0.127259,0.768724E-01,0.845924E-02,0.298132E-01,0.255124E-06,0.122757E-02,0.239473E-06,0.433499E-02,-0.311523E-05,0.588976E-03,0.897633E-05,21.9244,96.5325,0.504182,0.530668E+09,294.071
CH-CHA_201811280100.csv,2018-11-28,05:00,332.2083,0,36000,36000,-0.560322E-02,0,0.107056E-02,0.555628,2,0.723234,0.374110E-02,1,0.585392E-02,0.832807E-04,1,0.130314E-03,-0.399576E-02,0,0.345288E-02,0.109486E-03,1,0.622509E-04,-1.45609,-0.164735E-02,-0.366717E-04,0.198973E-02,0.500987E-04,-0.777121E-12,-0.144004E-12,-0.196221E-13,548.371,13.0959,13.2697,2.20000,0,0.101616,2.42674,2.45894,5.00000,0,0.138462E-01,0.330670,0.335058,1.50000,0,277.362,276.214,96559.5,1.21190,1000.13,0.238815E-01,0.539659E-05,0.988165E-02,1259.62,758.963,0.815382E-02,-9999,-9999,283.540,-0.806150,-0.333066,0.278160E-01,0.872688,-0.133510E-13,-0.141714E-14,0.872688,1.58821,345.448,202.448,1.82655,-9999,0.679962E-01,0.541825E-01,-47.5705,-0.422531E-01,148.520,-0.674175E-02,0,-9999,-9999,-9999,-9999,-9999,-9999,-9999,-0.552752E-02,1.01370,0.546878,1.02057,0.313154E-02,1.19465,0.697112E-04,1.19465,-0.334470E-02,1.19465,0.916465E-04,1.19465,800009000,800019100,800009000,800009011,800009000,800009000,810119111,811119111,80000,80000,80,80,2,7,4,4,0,0,0,0.594284E-01,0.408712E-01,0.806540E-02,0.206969E-01,0.770410E-06,0.393440E-03,0.405869E-06,0.451195E-03,0.168682E-05,-0.809324E-04,0.221759E-05,21.9622,96.5193,0.505107,0.524900E+09,294.058
CH-CHA_201811280100.csv,2018-11-28,05:30,332.2291,0,36000,36000,-0.456616E-02,0,0.172853E-02,-0.966987,0,0.267657,0.355189E-02,1,0.217250E-02,0.790610E-04,1,0.483574E-04,-0.375643E-02,0,0.284385E-02,0.385387E-03,0,0.111406E-03,-0.164844,-0.359343E-02,-0.799856E-04,-0.278312E-02,-0.163912E-04,0.235973E-12,0.426863E-13,0.595287E-14,548.503,13.0943,13.2680,3.30000,0,0.992212E-01,2.36868,2.40011,5.00000,0,0.138370E-01,0.330328,0.334710,1.65000,0,277.260,276.112,96559.5,1.21235,1000.18,0.238727E-01,0.512315E-05,0.988403E-02,1259.46,753.521,0.815278E-02,-9999,-9999,283.538,-0.140786,0.336659,0.133433E-01,0.365155,0.172848E-13,0.430213E-15,0.365155,1.06963,75.9887,112.694,2.09414,-9999,0.613708E-01,0.607541E-01,20.0980,0.100010,-272.246,0.129943E-01,0,-9999,-9999,-9999,-9999,-9999,-9999,-9999,-0.449075E-02,1.01679,-0.943637,1.02886,0.269443E-02,1.31824,0.599749E-04,1.31824,-0.284959E-02,1.31824,0.292350E-03,1.31824,800009000,800019100,800009000,800009011,800009000,800109110,811119111,811119111,80111,80111,80,81,4,0,1,31,65,0,0,0.593850E-01,0.540922E-01,0.803088E-02,0.248596E-02,0.149836E-06,0.119154E-03,0.247397E-06,-0.778212E-03,0.145069E-05,-0.689265E-04,0.707144E-05,21.9906,96.5098,0.506267,0.512226E+09,294.041
CH-CHA_201811280100.csv,2018-11-28,06:00,332.2499,0,36000,36000,-0.871695E-02,0,0.178243E-02,0.510202,0,0.196931,0.486036E-02,1,0.186909E-02,0.108193E-03,1,0.416064E-04,0.178280E-02,2,0.221344E-02,0.301214E-03,0,0.885332E-04,0.109197,0.169877E-03,0.378152E-05,0.130409E-02,-0.109418E-04,0.807664E-12,0.147779E-12,0.203606E-13,548.373,13.0944,13.2681,4.35000,0,0.100337,2.39589,2.42768,1.45000,0,0.138241E-01,0.330099,0.334479,1.65000,0,277.328,276.179,96559.5,1.21205,1000.15,0.238786E-01,0.701091E-05,0.988168E-02,1259.46,757.123,0.815283E-02,-9999,-9999,283.538,-0.842163,-0.176942,0.401386E-01,0.861486,0.489863E-13,0.147284E-14,0.861486,1.76392,357.705,191.866,2.67051,-9999,0.848050E-01,0.835830E-01,-100.507,-0.199986E-01,104.972,-0.496287E-02,0,-9999,-9999,-9999,-9999,-9999,-9999,-9999,-0.859842E-02,1.01379,0.502214,1.02062,0.406847E-02,1.19464,0.905653E-04,1.19464,0.149233E-02,1.19464,0.252138E-03,1.19464,800009100,800019100,800009000,800009000,800009000,800009000,801119111,811119111,80101,80101,80,81,0,1,1,0,409,0,0,0.963329E-01,0.607141E-01,0.101189E-01,0.139422E-02,0.136702E-06,0.143382E-03,0.263736E-06,0.414287E-03,0.219115E-05,0.361056E-04,0.610026E-05,22.0000,96.5051,0.505139,0.512935E+09,294.051
CH-CHA_201811280100.csv,2018-11-28,06:30,332.2707,0,36000,36000,-0.641037E-02,1,0.198290E-02,-0.106095E-01,2,0.526159E-01,0.819725E-02,1,0.680973E-02,0.182472E-03,1,0.151586E-03,0.987957E-02,1,0.664455E-02,0.442535E-03,0,0.115262E-03,-0.118665E-01,-0.284456E-02,-0.633203E-04,-0.245206E-02,-0.940297E-05,-0.269111E-11,-0.481931E-12,-0.678076E-13,548.332,13.0930,13.2667,2.95000,0,0.981966E-01,2.34473,2.37584,0.950000,0,0.138162E-01,0.329903,0.334280,1.60000,0,277.320,276.172,96559.5,1.21209,1000.15,0.238779E-01,0.118242E-04,0.988095E-02,1259.34,756.731,0.815201E-02,-9999,-9999,283.537,-0.584736,0.196567,0.314942E-01,0.617695,0.104353E-12,-0.490781E-14,0.617695,1.66535,36.1294,161.419,2.92259,-9999,0.727234E-01,0.163081,3047.92,0.659466E-03,-1.29428,0.120343E-03,0,-9999,-9999,-9999,-9999,-9999,-9999,-9999,-0.633498E-02,1.01190,-0.100651E-01,1.01977,0.670669E-02,1.22225,0.149292E-03,1.22225,0.808310E-02,1.22225,0.362066E-03,1.22225,800009100,800019100,800009000,800009011,800009010,800109010,811119111,811119111,80111,80111,80,81,0,8,1,31,461,0,0,0.128517,0.186502,0.111417E-01,0.208629E-02,0.466399E-06,0.724066E-03,0.270200E-06,-0.830267E-05,0.361188E-05,0.195558E-03,0.875962E-05,21.9956,96.5069,0.505196,0.502892E+09,294.047
CH-CHA_201811280100.csv,2018-11-28,07:00,332.2916,0,35989,35989,0.484389E-02,1,0.893243E-03,2.36930,1,0.360851,-0.427795E-01,1,0.832520E-02,-0.952173E-03,1,0.185300E-03,-0.167914E-02,2,0.174523E-02,0.314407E-03,0,0.852570E-04,-0.187743,0.399116E-03,0.888339E-05,-0.121289E-02,-0.102248E-05,0.617774E-11,0.109437E-11,0.155647E-12,548.570,13.0932,13.2669,0.500000E-01,0,0.971780E-01,2.31944,2.35021,4.90000,0,0.138211E-01,0.329882,0.334258,1.95000,0,277.204,276.056,96559.5,1.21260,1000.21,0.238679E-01,-0.617008E-04,0.988522E-02,1259.36,750.553,0.815212E-02,-9999,-9999,283.537,0.251500,0.152556,0.792437E-02,0.294259,0.993851E-14,0.112615E-13,0.294259,0.758288,154.566,31.2403,1.54316,-9999,0.632032E-01,0.316943E-01,-8.95978,-0.224336,-55.3839,-0.309083E-01,0,-9999,-9999,-9999,-9999,-9999,-9999,-9999,0.471517E-02,1.02730,2.30990,1.02910,-0.354898E-01,1.20540,-0.789922E-03,1.20540,-0.139301E-02,1.20540,0.260831E-03,1.20540,800009000,800019100,800009000,800009011,800009000,800019000,811119111,811119111,80000,80000,80,81,0,2,0,48,169,0,0,0.143212E-01,0.436208E-01,0.544667E-02,0.271644E-02,0.578027E-06,0.483254E-04,0.199536E-06,0.190453E-02,-0.191029E-04,-0.336877E-04,0.630777E-05,21.9828,96.5099,0.503421,0.504060E+09,294.043
CH-CHA_201811280700.csv,2018-11-28,07:30,332.3124,0,36000,36000,0.681906E-02,1,0.159963E-02,2.70620,1,0.439313,-0.115300E-02,1,0.931642E-03,-0.256635E-04,1,0.207365E-04,-0.737341E-02,1,0.816771E-02,0.186233E-03,1,0.724727E-04,0.277606E-01,0.217384E-02,0.483854E-04,0.368228E-02,-0.379410E-04,0.499501E-11,0.914084E-12,0.125537E-12,548.578,13.0942,13.2680,4.95000,0,0.100389,2.39624,2.42803,1.60000,0,0.137871E-01,0.329091,0.333457,1.60000,0,277.221,276.074,96559.5,1.21252,1000.20,0.238694E-01,-0.166299E-05,0.988537E-02,1259.45,751.463,0.815275E-02,-9999,-9999,283.538,0.132860,0.137231E-01,-0.735556E-02,0.133769,-0.231285E-13,0.910538E-14,0.133769,0.993277,179.112,5.89718,-3.15210,-9999,0.749925E-01,0.527974E-01,-13.1036,-0.153394,-2347.10,-0.297555E-01,0,-9999,-9999,-9999,-9999,-9999,-9999,-9999,0.650108E-02,1.04891,2.60387,1.04362,-0.937919E-03,1.22932,-0.208762E-04,1.22932,-0.599798E-02,1.22932,0.151493E-03,1.22932,800009100,800019100,800009000,800009011,800009100,800019100,811119111,811119111,80111,80111,80,81,0,7,0,42,442,0,0,0.553995E-01,0.456591E-01,0.453620E-02,0.705062E-02,0.665682E-07,0.178182E-02,0.188640E-06,0.214706E-02,-0.504889E-06,-0.145060E-03,0.366384E-05,21.9911,96.5073,0.503932,0.511615E+09,294.068
CH-CHA_201811280700.csv,2018-11-28,08:00,332.3332,1,36000,36000,-0.254784E-02,1,0.155917E-02,-4.85272,1,3.00616,-0.185310E-01,1,0.318971E-02,-0.412525E-03,1,0.710071E-04,0.315957E-01,1,0.409050E-02,0.342897E-03,1,0.661314E-04,0.251801,0.155976E-02,0.347223E-04,0.239063E-02,-0.209675E-07,-0.133338E-12,-0.249074E-13,-0.335092E-14,548.300,13.0950,13.2687,0.650000,0,0.102422,2.44613,2.47858,5.00000,0,0.137794E-01,0.329090,0.333457,1.50000,0,277.377,276.229,96559.5,1.21184,1000.13,0.238828E-01,-0.267316E-04,0.988036E-02,1259.52,759.774,0.815320E-02,-9999,-9999,283.539,0.348268,0.450830,0.328069E-02,0.569692,-0.858303E-13,-0.243184E-15,0.569692,1.34900,133.370,52.3137,0.329952,-9999,0.458526E-01,0.595594E-01,1.67021,1.20344,261.870,0.873216E-01,0,-9999,-9999,-9999,-9999,-9999,-9999,-9999,-0.243140E-02,1.04789,-4.44448,1.09654,-0.875636E-02,2.11629,-0.194928E-03,2.11629,0.149297E-01,2.11629,0.162027E-03,2.11629,800009000,800019100,800009000,800009011,800009000,800009000,811119111,811119111,80111,80111,80,81,2,3,8,13,336,0,0,0.691150E-01,0.419151E-01,0.808870E-02,0.174345,0.210179E-06,0.247011E-03,0.124129E-06,-0.366708E-02,-0.471697E-05,0.361277E-03,0.392081E-05,22.0000,96.5035,0.503472,0.517355E+09,294.091
CH-CHA_201811280700.csv,2018-11-28,08:30,332.3541,1,36000,36000,-0.549994E-02,0,0.136540E-02,3.20224,0,0.642693,0.370525E-02,2,0.930920E-02,0.823944E-04,2,0.207011E-03,-0.986753E-02,1,0.431948E-02,0.233903E-03,0,0.647634E-04,-1.85874,0.518295E-02,0.115254E-03,-0.596123E-04,-0.179725E-05,0.186616E-11,0.348357E-12,0.468847E-13,550.672,13.0973,13.2712,5.00000,0,0.102794,2.44489,2.47733,3.70000,0,0.138349E-01,0.329053,0.333420,1.95000,0,276.233,275.089,96559.5,1.21686,1000.65,0.237843E-01,0.533916E-05,0.992312E-02,1259.75,700.561,0.815470E-02,-9999,-9999,283.542,0.187015,0.286269,0.100128E-01,0.342089,-0.553079E-13,0.338887E-14,0.342089,1.14096,123.839,56.8440,1.67726,-9999,0.672293E-01,0.914074E-01,-7.98204,-0.251815,864.245,-0.391176E-01,0,-9999,-9999,-9999,-9999,-9999,-9999,-9999,-0.536829E-02,1.02452,3.13045,1.02726,0.308115E-02,1.20255,0.685162E-04,1.20255,-0.820548E-02,1.20255,0.194505E-03,1.20255,800009000,800009100,800009000,800009011,800009000,800009000,811119111,811119111,80111,80111,80,81,3,6,0,22,0,0,0,0.460201E-01,0.128597,0.819811E-02,0.142183E-01,0.112819E-05,0.326071E-03,0.126304E-06,0.257089E-02,0.165115E-05,-0.197741E-03,0.468732E-05,21.9928,96.5058,0.503126,0.535776E+09,294.108
CH-CHA_201811280700.csv,2018-11-28,09:00,332.3749,1,36000,36000,-0.570064E-02,1,0.103166E-02,5.27522,0,0.876486,0.736808E-02,0,0.581363E-02,0.163925E-03,0,0.129342E-03,-0.399522E-02,2,0.380446E-02,0.227967E-03,0,0.315994E-04,0.834024,0.416821E-02,0.927346E-04,-0.259490E-02,-0.185655E-04,0.228431E-11,0.416928E-12,0.573142E-13,549.729,13.0993,13.2731,3.15000,0,0.100336,2.39086,2.42259,5.00000,0,0.137929E-01,0.328666,0.333029,2.00000,0,276.748,275.601,96559.5,1.21460,1000.42,0.238286E-01,0.106224E-04,0.990611E-02,1259.94,726.660,0.815590E-02,-9999,-9999,283.544,-0.791470E-01,0.559250,0.393417E-02,0.564837,0.193819E-12,0.415533E-14,0.564837,1.19608,87.2656,98.0552,0.399076,-9999,0.685088E-01,0.495504E-01,-5.12610,-0.392111,715.956,-0.633698E-01,0,-9999,-9999,-9999,-9999,-9999,-9999,-9999,-0.560239E-02,1.01754,5.17969,1.02277,0.615947E-02,1.19622,0.137036E-03,1.19622,-0.333988E-02,1.19622,0.190573E-03,1.19622,800009000,800009100,800009000,800009011,800009001,800009001,811119111,811119111,80000,80000,80,81,7,4,0,30,55,0,0,0.281905E-01,0.621229E-01,0.878743E-02,0.204255E-01,0.448874E-06,0.248021E-03,0.698109E-07,0.426277E-02,0.330856E-05,-0.806368E-04,0.460113E-05,21.9828,96.5079,0.501473,0.550659E+09,294.124
CH-CHA_201811280700.csv,2018-11-28,09:30,332.3957,1,36000,36000,-0.260997E-02,0,0.326278E-03,7.44852,0,1.41782,0.937021E-02,1,0.552304E-02,0.208589E-03,1,0.122948E-03,-0.340410E-02,1,0.634425E-02,0.227479E-03,0,0.254519E-04,0.984643,0.274648E-02,0.611390E-04,-0.546012E-03,0.141402E-05,0.582552E-12,0.105809E-12,0.146163E-13,548.574,13.1006,13.2745,4.80000,0,0.996380E-01,2.37946,2.41105,0.500000E-01,0,0.137639E-01,0.328696,0.333059,2.25000,0,277.357,276.208,96559.5,1.21193,1000.14,0.238811E-01,0.135166E-04,0.988531E-02,1260.06,758.659,0.815669E-02,-9999,-9999,283.546,-0.524655,0.326633,0.148414E-01,0.618201,0.173956E-13,0.106194E-14,0.618201,1.20843,39.3424,148.095,1.37565,-9999,0.464066E-01,0.396505E-01,-1.12807,-1.78181,794.916,-0.132421,0,-9999,-9999,-9999,-9999,-9999,-9999,-9999,-0.256737E-02,1.01659,7.31772,1.02219,0.783738E-02,1.19558,0.174467E-03,1.19558,-0.284724E-02,1.19558,0.190267E-03,1.19558,800009000,800009100,800009000,800009011,800009000,800009000,811119111,811119111,80000,80000,80,81,3,1,0,14,15,0,0,0.314618E-01,0.379249E-01,0.991437E-02,0.681375E-01,0.328472E-06,0.733829E-03,0.560209E-07,0.603727E-02,0.422155E-05,-0.688943E-04,0.460386E-05,21.9839,96.5075,0.501460,0.560636E+09,294.134
CH-CHA_201811280700.csv,2018-11-28,10:00,332.4166,1,36000,36000,-0.522244E-02,0,0.164527E-02,5.98846,1,2.29902,-0.124769E-01,2,0.153272E-01,-0.277957E-03,2,0.341454E-03,0.254224E-01,2,0.144134E-01,0.347485E-03,1,0.138855E-03,1.28527,0.626104E-02,0.139482E-03,-0.206237E-02,-0.193599E-04,-0.491672E-12,-0.876635E-13,-0.123182E-13,547.122,13.1035,13.2775,0.100000,0,0.975501E-01,2.33631,2.36733,3.65000,0,0.137074E-01,0.328291,0.332649,2.50000,0,278.155,277.003,96559.5,1.20845,999.762,0.239498E-01,-0.180116E-04,0.985914E-02,1260.34,802.444,0.815851E-02,-9999,-9999,283.549,-0.274789,0.343964,0.226131E-01,0.440831,-0.231624E-13,-0.898652E-15,0.440831,1.48600,59.7631,128.621,2.94036,-9999,0.657389E-01,0.675424E-01,-3.98710,-0.504126,-479.964,-0.753994E-01,0,-9999,-9999,-9999,-9999,-9999,-9999,-9999,-0.511705E-02,1.02060,5.86792,1.02470,-0.104081E-01,1.19876,-0.231870E-03,1.19876,0.212071E-01,1.19876,0.289869E-03,1.19876,800009000,800009100,800009000,800009011,800009000,800009000,811119111,811119111,80000,80000,80,81,2,2,0,0,0,0,0,0.620417E-01,0.619397E-01,0.111034E-01,0.198979,0.204930E-05,0.214063E-02,0.268398E-06,0.485690E-02,-0.562668E-05,0.514624E-03,0.703412E-05,21.9811,96.5083,0.501251,0.582861E+09,294.130
CH-CHA_201811280700.csv,2018-11-28,10:30,332.4374,1,36000,36000,-0.711234E-02,0,0.208478E-02,23.7288,0,3.50617,0.522662E-01,0,0.227022E-01,0.116537E-02,0,0.506186E-03,-0.121395E-01,1,0.156739E-01,0.500499E-03,1,0.206395E-03,1.45175,0.110792E-01,0.247031E-03,-0.724174E-02,-0.937546E-04,-0.341764E-11,-0.569473E-12,-0.850775E-13,545.564,13.1087,13.2828,4.90000,0,0.909060E-01,2.18426,2.21328,5.00000,0,0.135811E-01,0.326322,0.330657,1.60000,0,279.060,277.903,96559.5,1.20453,999.333,0.240277E-01,0.755160E-04,0.983106E-02,1260.84,854.773,0.816174E-02,-9999,-9999,283.555,-0.479187,0.248224,0.290961E-01,0.540446,0.389974E-13,-0.626442E-14,0.540446,1.46485,33.0028,152.615,3.08613,-9999,0.768418E-01,0.829895E-01,-1.60633,-1.25130,453.999,-0.256537,0,-9999,-9999,-9999,-9999,-9999,-9999,-9999,-0.698637E-02,1.01803,23.2931,1.02307,0.436793E-01,1.19659,0.973910E-03,1.19659,-0.101451E-01,1.19659,0.418271E-03,1.19659,800009000,800009100,800009000,800009011,800009000,800009000,811019111,811119111,80111,80111,80,81,0,3,0,14,0,0,0,0.668204E-01,0.789252E-01,0.202333E-01,0.101576,0.148547E-05,0.130992E-02,0.325970E-06,0.193508E-01,0.237104E-04,-0.246988E-03,0.101831E-04,21.9644,96.5138,0.500445,0.622904E+09,294.140
CH-CHA_201811280700.csv,2018-11-28,11:00,332.4582,1,36000,36000,-0.457184E-01,1,0.717130E-02,-13.5320,2,7.37616,0.225201,1,0.350328E-01,0.501954E-02,1,0.780850E-03,0.303566,1,0.462536E-01,0.185851E-02,1,0.255311E-03,-0.585838,0.119201E-02,0.265689E-04,-0.590641E-02,-0.494650E-04,-0.779542E-11,-0.122523E-11,-0.193431E-12,546.300,13.1092,13.2834,5.00000,0,0.858639E-01,2.06042,2.08779,0.500000E-01,0,0.135556E-01,0.325285,0.329606,1.50000,0,278.696,277.540,96559.5,1.20610,999.506,0.239963E-01,0.325266E-03,0.984433E-02,1260.89,833.335,0.816209E-02,-9999,-9999,283.555,-0.222653,0.765601,-0.125941,0.807205,0.100696E-13,-0.142695E-13,0.807205,2.82280,78.2762,106.216,-8.97602,-9999,0.194694,0.193743,45.8237,0.438638E-01,-60.0884,0.576552E-01,0,-9999,-9999,-9999,-9999,-9999,-9999,-9999,-0.451721E-01,1.01209,-13.2738,1.02293,0.177796,1.26662,0.396293E-02,1.26662,0.239665,1.26662,0.146729E-02,1.26662,800009000,800009100,800009000,800009011,800009000,800009000,800019111,810119111,80111,80111,80,81,9,8,7,4,0,0,0,0.180696,0.166870,0.399211E-01,0.115126,0.120138E-05,0.376575E-02,0.158508E-06,-0.110110E-01,0.963540E-04,0.582718E-02,0.356755E-04,21.9800,96.5085,0.501043,0.627194E+09,294.176
CH-CHA_201811280700.csv,2018-11-28,11:30,332.4790,1,36000,36000,-0.753359E-02,1,0.188210E-02,11.0658,1,3.34304,0.705781E-01,1,0.217547E-01,0.157459E-02,1,0.485344E-03,0.477321E-02,1,0.245475E-02,0.378487E-03,1,0.926462E-04,1.57220,0.122378E-02,0.273023E-04,-0.274814E-02,-0.323463E-04,-0.420201E-11,-0.641881E-12,-0.104044E-12,544.406,13.1098,13.2839,5.00000,0,0.831611E-01,2.00260,2.02920,0.900000,0,0.134797E-01,0.324604,0.328916,2.00000,0,279.678,278.518,96559.5,1.20187,999.037,0.240809E-01,0.102033E-03,0.981020E-02,1260.94,892.211,0.816245E-02,-9999,-9999,283.556,-0.213147,0.866702,0.681750E-02,0.892553,-0.937291E-13,-0.771852E-14,0.892553,2.40927,80.0956,103.816,0.437641,-9999,0.791721E-01,0.214787,-3.76636,-0.533671,156.788,-0.116405,0,-9999,-9999,-9999,-9999,-9999,-9999,-9999,-0.743292E-02,1.01354,10.8922,1.02050,0.590767E-01,1.19469,0.131800E-02,1.19469,0.399537E-02,1.19469,0.316809E-03,1.19469,800009000,800009100,800009000,800009000,800009000,800009000,800109111,810119111,80111,80111,80,80,0,0,0,14,2,0,0,0.165325,0.233470,0.307784E-01,0.288276,0.128789E-05,0.340913E-04,0.934715E-07,0.907147E-02,0.321585E-04,0.974852E-04,0.773000E-05,22.0000,96.5032,0.503167,0.631423E+09,294.169
CH-CHA_201811280700.csv,2018-11-28,12:00,332.4999,1,36000,36000,-0.105418E-01,0,0.289634E-02,33.6785,0,4.28840,0.533776E-01,0,0.243156E-01,0.119242E-02,0,0.543196E-03,-0.251877E-02,1,0.203044E-02,0.121874E-03,1,0.128760E-03,2.24857,0.262797E-02,0.587073E-04,-0.148596E-03,0.188543E-04,0.155851E-11,0.237675E-12,0.386331E-13,541.759,13.1110,13.2852,5.00000,0,0.826191E-01,1.99945,2.02602,4.80000,0,0.134294E-01,0.325003,0.329321,2.90000,0,281.071,279.905,96559.5,1.19591,1012.38,0.242008E-01,0.772691E-04,0.976250E-02,1261.06,982.015,0.816322E-02,100.000,0.00000,283.557,-0.393973,0.576313,0.215433E-01,0.698438,-0.132195E-12,0.287675E-14,0.698438,2.42959,54.9096,124.357,1.76757,-9999,0.938874E-01,0.270897,-2.09133,-0.961113,630.948,-0.296278,0,-9999,-9999,-9999,-9999,-9999,-9999,-9999,-0.103815E-01,1.01544,33.1097,1.02151,0.446688E-01,1.19496,0.997874E-03,1.19496,-0.210782E-02,1.19496,0.101989E-03,1.19496,800009000,800009100,800009000,800009011,800009000,800009000,800009111,800009111,80111,80111,80,81,0,0,0,12,0,0,0,0.223583,0.281363,0.368471E-01,0.169808,0.187548E-05,0.260606E-04,0.211568E-06,0.273470E-01,0.244690E-04,-0.516860E-04,0.250089E-05,21.9972,96.5073,0.506279,0.640979E+09,294.191
CH-CHA_201811280700.csv,2018-11-28,12:30,332.5207,1,36000,36000,-0.152448E-01,0,0.271240E-02,30.5351,0,6.33449,0.942961E-01,1,0.274138E-01,0.210957E-02,1,0.613294E-03,-0.357046E-03,0,0.101301E-02,0.249074E-03,0,0.754193E-04,2.44229,-0.105544E-02,-0.236121E-04,0.375204E-03,0.484446E-04,-0.349017E-11,-0.534401E-12,-0.867937E-13,538.823,13.1105,13.2847,4.90000,0,0.825023E-01,2.00743,2.03410,1.20000,0,0.133995E-01,0.326033,0.330364,1.55000,0,282.592,281.420,96559.5,1.18948,1012.42,0.243318E-01,0.136700E-03,0.970958E-02,1261.01,1089.11,0.816291E-02,100.000,0.00000,283.557,-0.438928,0.720782,0.301361E-01,0.844448,-0.490194E-13,-0.647741E-14,0.844448,2.29813,64.2107,121.340,2.04517,-9999,0.113209,0.204228,-4.04405,-0.497026,323.821,-0.223975,0,-9999,-9999,-9999,-9999,-9999,-9999,-9999,-0.150354E-01,1.01393,30.0459,1.02069,0.789333E-01,1.19463,0.176588E-02,1.19463,-0.298876E-03,1.19463,0.208494E-03,1.19463,800009000,800009100,800009000,800009011,800009000,800009000,800009111,800119111,80111,80111,80,81,1,2,0,6,0,0,0,0.210006,0.163506,0.349431E-01,0.325824,0.164880E-05,0.938848E-05,0.878894E-07,0.249498E-01,0.435355E-04,-0.736841E-05,0.514017E-05,21.9661,96.5187,0.505996,0.637203E+09,294.234
CH-CHA_201811280700.csv,2018-11-28,13:00,332.5415,1,35990,35990,-0.103744E-01,0,0.272236E-02,21.6645,1,2.95293,0.747196E-01,0,0.164385E-01,0.167415E-02,0,0.368317E-03,-0.179157E-02,1,0.700445E-03,0.246023E-03,0,0.251822E-04,2.54354,0.132175E-02,0.296148E-04,0.312487E-03,0.102790E-04,0.343177E-11,0.527181E-12,0.853947E-13,535.828,13.1112,13.2853,5.00000,0,0.823129E-01,2.01411,2.04087,1.50000,0,0.133333E-01,0.326253,0.330587,1.60000,0,284.185,283.007,96559.5,1.18281,1012.46,0.244690E-01,0.108485E-03,0.965562E-02,1261.07,1212.18,0.816330E-02,100.000,0.00000,283.558,0.226148,0.764893,0.477755E-01,0.799054,0.264147E-13,0.640461E-14,0.799054,1.94589,112.026,73.5292,3.42776,-9999,0.936534E-01,0.169005,-3.22707,-0.622856,289.944,-0.193166,0,-9999,-9999,-9999,-9999,-9999,-9999,-9999,-0.102278E-01,1.01433,21.3134,1.02090,0.625454E-01,1.19465,0.140138E-02,1.19465,-0.149967E-02,1.19465,0.205938E-03,1.19465,800009000,800009100,800009000,800009011,800009000,800009000,800009111,811109111,80111,80111,80,81,2,1,0,3,0,0,0,0.133936,0.179537,0.245378E-01,0.165267,0.867246E-06,0.392270E-05,0.495950E-07,0.177975E-01,0.347440E-04,-0.371809E-04,0.510577E-05,21.9711,96.5173,0.506456,0.642044E+09,294.258
CH-CHA_201811281300.csv,2018-11-28,13:30,332.5624,1,36000,36000,-0.134623E-01,0,0.284166E-02,18.5341,1,2.62848,0.106975,0,0.191696E-01,0.239954E-02,0,0.429990E-03,-0.246775E-02,2,0.250235E-02,0.399181E-03,1,0.608976E-04,1.87308,0.341012E-03,0.764921E-05,0.497529E-03,-0.168212E-04,0.656121E-11,0.101325E-11,0.163084E-12,533.623,13.1113,13.2855,5.00000,0,0.824078E-01,2.02479,2.05169,2.60000,0,0.132636E-01,0.325892,0.330221,1.40000,0,285.363,284.180,96559.5,1.17793,1012.49,0.245704E-01,0.155490E-03,0.961589E-02,1261.09,1310.90,0.816341E-02,96.2006,49.8064,283.558,-0.732471,0.564630,0.369219E-01,0.925572,0.196545E-12,0.122956E-13,0.925572,2.45004,44.3202,142.373,2.28619,-9999,0.106906,0.294586,-5.61081,-0.358237,173.257,-0.145366,0,-9999,-9999,-9999,-9999,-9999,-9999,-9999,-0.132855E-01,1.01331,18.2450,1.02039,0.895364E-01,1.19476,0.200838E-02,1.19476,-0.206547E-02,1.19476,0.334109E-03,1.19476,800009000,800009100,800009000,800009011,800009000,800019000,800019111,801119111,80111,80111,80,81,0,0,0,11,0,0,0,0.202208,0.354472,0.324934E-01,0.118145,0.900415E-06,0.352283E-04,0.670564E-07,0.152981E-01,0.499997E-04,-0.514210E-04,0.831782E-05,21.9767,96.5164,0.507620,0.643370E+09,294.276
CH-CHA_201811281300.csv,2018-11-28,14:00,332.5832,1,36000,36000,0.536917E-02,1,0.414166E-02,23.9274,0,2.21186,0.127784,0,0.236734E-01,0.286806E-02,0,0.531338E-03,-0.168166E-02,0,0.863984E-03,0.206310E-03,1,0.773717E-04,1.01215,0.247348E-02,0.555162E-04,0.144216E-03,0.104100E-04,-0.598047E-12,-0.924900E-13,-0.148738E-13,532.481,13.1125,13.2867,5.00000,0,0.823500E-01,2.02790,2.05484,0.900000,0,0.132431E-01,0.326116,0.330449,1.30000,0,286.001,284.815,96559.5,1.17530,1012.50,0.246253E-01,0.185851E-03,0.959531E-02,1261.21,1367.26,0.816415E-02,92.2432,106.056,283.559,-0.654135,0.149864,0.360089E-01,0.672048,0.163156E-13,-0.112313E-14,0.672048,2.44438,17.5824,167.096,3.07143,-9999,0.675896E-01,0.211725,-1.09836,-1.83000,187.248,-0.297490,0,-9999,-9999,-9999,-9999,-9999,-9999,-9999,0.528572E-02,1.01579,23.5232,1.02171,0.106921,1.19513,0.239980E-02,1.19513,-0.140710E-02,1.19513,0.172626E-03,1.19513,800009000,800009100,800009000,800009011,800009000,800009000,801119111,811119111,80000,80000,80,81,11,7,0,28,2,0,0,0.223605,0.170930,0.289153E-01,0.507122E-01,0.153942E-05,0.506731E-05,0.992963E-07,0.197676E-01,0.598780E-04,-0.351088E-04,0.430723E-05,21.9972,96.5082,0.507154,0.652457E+09,294.270
CH-CHA_201811281300.csv,2018-11-28,14:30,332.6040,1,36000,36000,-0.111341E-01,0,0.389791E-02,40.4516,1,5.83706,0.150065,0,0.252931E-01,0.336947E-02,0,0.567918E-03,-0.261189E-02,1,0.167823E-02,0.251969E-03,0,0.327038E-04,0.658968,0.377821E-02,0.848340E-04,0.367390E-03,0.150095E-04,0.502333E-11,0.779800E-12,0.125040E-12,531.782,13.1144,13.2886,5.00000,0,0.825514E-01,2.03581,2.06287,0.150000,0,0.132370E-01,0.326439,0.330777,1.85000,0,286.417,285.229,96559.5,1.17359,1012.51,0.246612E-01,0.218342E-03,0.958271E-02,1261.38,1405.15,0.816529E-02,89.7685,143.768,283.561,-0.422009,0.284888,0.413893E-01,0.510848,-0.728318E-13,0.944623E-14,0.510848,1.96761,44.3688,145.978,4.64724,-9999,0.974023E-01,0.152432,-1.94436,-1.03376,269.561,-0.349503,0,-9999,-9999,-9999,-9999,-9999,-9999,-9999,-0.109298E-01,1.01869,39.6961,1.02349,0.125356,1.19711,0.281467E-02,1.19711,-0.218182E-02,1.19711,0.210481E-03,1.19711,800009000,800009100,800009000,800009011,800009000,800009000,811119111,811119111,80000,80000,81,81,1,8,1,10,0,0,0,0.165270,0.114751,0.248431E-01,0.188285,0.143003E-05,0.169352E-04,0.505057E-07,0.334066E-01,0.703316E-04,-0.545185E-04,0.525940E-05,22.0000,96.5062,0.506236,0.666560E+09,294.256
CH-CHA_201811281300.csv,2018-11-28,15:00,332.6249,1,36000,36000,-0.708643E-02,0,0.193995E-02,9.68944,1,3.10516,0.709862E-01,1,0.175909E-01,0.159553E-02,1,0.395384E-03,-0.258910E-02,1,0.171872E-02,0.717340E-03,1,0.298175E-03,1.70352,-0.840603E-03,-0.188939E-04,0.300789E-03,-0.585799E-04,0.272464E-11,0.424325E-12,0.675598E-13,529.769,13.1139,13.2882,5.00000,0,0.825043E-01,2.04232,2.06946,4.95000,0,0.131361E-01,0.325172,0.329493,1.90000,0,287.496,286.304,96559.5,1.16919,1012.53,0.247541E-01,0.103390E-03,0.954644E-02,1261.34,1507.80,0.816504E-02,83.6545,246.457,283.561,-0.463694,0.222617,0.249364E-01,0.514968,-0.818241E-14,0.514307E-14,0.514968,2.07945,39.0815,154.355,2.77553,-9999,0.778524E-01,0.151910,-4.14506,-0.484915,136.498,-0.105132,0,-9999,-9999,-9999,-9999,-9999,-9999,-9999,-0.695706E-02,1.01860,9.51081,1.02343,0.593017E-01,1.19703,0.133290E-02,1.19703,-0.216292E-02,1.19703,0.599264E-03,1.19703,800009000,800009100,800009000,800009011,800009000,800009010,811119111,811119111,80000,80000,80,80,0,5,0,19,0,0,0,0.107726,0.173021,0.230727E-01,0.156719,0.962099E-06,0.181230E-04,0.591372E-06,0.803391E-02,0.334315E-04,-0.542499E-04,0.150306E-04,21.9822,96.5126,0.505950,0.663372E+09,294.292
CH-CHA_201811281300.csv,2018-11-28,15:30,332.6457,1,36000,36000,0.625571E-02,0,0.194076E-02,3.85862,1,1.02396,0.559478E-01,0,0.899831E-02,0.125847E-02,0,0.202404E-03,-0.112653E-02,1,0.588377E-03,0.297752E-03,0,0.335681E-04,1.24013,-0.205331E-02,-0.461862E-04,0.221075E-04,-0.589541E-04,-0.284089E-11,-0.442567E-12,-0.701707E-13,528.281,13.1129,13.2872,5.00000,0,0.822982E-01,2.04280,2.06994,2.80000,0,0.130487E-01,0.323893,0.328197,1.10000,0,288.284,287.088,96559.5,1.16599,1012.54,0.248219E-01,0.815486E-04,0.951962E-02,1261.25,1586.84,0.816441E-02,79.4818,325.591,283.560,-0.425942,-0.193946,-0.790611E-02,0.468085,0.438042E-13,-0.537760E-14,0.468085,1.46472,342.999,204.481,-0.967790,-9999,0.732472E-01,0.788191E-01,-8.66882,-0.231865,68.9681,-0.446203E-01,0,-9999,-9999,-9999,-9999,-9999,-9999,-9999,0.613432E-02,1.01979,3.78608,1.02419,0.466994E-01,1.19804,0.105044E-02,1.19804,-0.940312E-03,1.19804,0.248532E-03,1.19804,800009000,800009100,800009000,800009011,800009000,800019000,811119111,811119111,80000,80000,80,81,1,0,0,16,0,0,0,0.669646E-01,0.772228E-01,0.134509E-01,0.271540E-01,0.401016E-06,0.345643E-05,0.549468E-07,0.320688E-02,0.264189E-04,-0.236492E-04,0.625067E-05,22.0000,96.5066,0.506597,0.655724E+09,294.334
CH-CHA_201811281300.csv,2018-11-28,16:00,332.6665,1,36000,36000,-0.579392E-02,1,0.763302E-03,12.8958,1,2.52456,0.514937E-01,1,0.125334E-01,0.115891E-02,1,0.282075E-03,-0.820430E-03,1,0.546296E-03,0.259913E-03,0,0.333556E-04,0.894643,0.836493E-03,0.188260E-04,0.190923E-03,0.382472E-05,0.253889E-11,0.396311E-12,0.627254E-13,527.256,13.1133,13.2876,5.00000,0,0.823028E-01,2.04695,2.07415,1.25000,0,0.130263E-01,0.323977,0.328281,1.20000,0,288.853,287.655,96559.5,1.16369,1012.55,0.248709E-01,0.750973E-04,0.950115E-02,1261.28,1646.21,0.816467E-02,76.6175,384.926,283.560,-0.388090E-01,-0.357148,0.708181E-02,0.359320,0.127779E-13,0.481528E-14,0.359320,2.10478,282.948,263.798,1.12931,-9999,0.705614E-01,0.801663E-01,-2.31889,-0.866796,250.434,-0.155104,0,-9999,-9999,-9999,-9999,-9999,-9999,-9999,-0.565983E-02,1.02369,12.6153,1.02672,0.428499E-01,1.20172,0.964373E-03,1.20172,-0.682711E-03,1.20172,0.216283E-03,1.20172,800009000,800009100,800009000,800009011,800109010,800119010,811119111,811119111,80111,80111,81,81,4,2,2,23,0,0,0,0.987821E-01,0.509817E-01,0.105688E-01,0.122649,0.962786E-06,0.507852E-05,0.606912E-07,0.107064E-01,0.243023E-04,-0.172044E-04,0.545036E-05,21.9328,96.5301,0.504891,0.658836E+09,294.340
CH-CHA_201811281300.csv,2018-11-28,16:30,332.6873,1,36000,36000,-0.363519E-02,1,0.878294E-03,-0.275361,2,0.515763,0.162315E-01,1,0.320141E-02,0.365392E-03,1,0.720677E-04,0.137641E-02,2,0.156588E-02,0.320415E-03,1,0.721790E-04,0.393882,-0.241192E-02,-0.542953E-04,0.780116E-03,0.366655E-04,-0.173810E-12,-0.273585E-13,-0.430509E-14,526.751,13.1122,13.2864,4.95000,0,0.829130E-01,2.06392,2.09134,5.00000,0,0.130470E-01,0.324774,0.329089,1.55000,0,289.104,287.905,96559.5,1.16268,1012.56,0.248925E-01,0.236774E-04,0.949206E-02,1261.17,1672.99,0.816393E-02,75.3844,411.815,283.559,-0.319022,-0.129587,0.458667E-02,0.344367,0.622377E-13,-0.329967E-15,0.344367,1.14197,352.059,202.107,0.763151,-9999,0.559156E-01,0.160183,54.0409,0.371941E-01,-16.9646,0.418301E-02,0,-9999,-9999,-9999,-9999,-9999,-9999,-9999,-0.357829E-02,1.01590,-0.269167,1.02431,0.128849E-01,1.25973,0.290055E-03,1.25973,0.109262E-02,1.25973,0.254351E-03,1.25973,800009000,800019100,800009000,800009011,800009000,800019000,811119111,811119111,80111,80111,80,81,2,1,0,7,2,0,0,0.780001E-01,0.239093,0.327309E-02,0.126587E-01,0.345862E-06,0.100576E-03,0.360546E-06,-0.228634E-03,0.731575E-05,0.275580E-04,0.641524E-05,21.9839,96.5123,0.506269,0.649787E+09,294.326
CH-CHA_201811281300.csv,2018-11-28,17:00,332.7082,1,36000,36000,0.524525E-02,1,0.135910E-02,-0.376764,1,0.326706,0.123409E-01,1,0.242532E-02,0.277723E-03,1,0.545801E-04,-0.988797E-03,1,0.449430E-03,-0.174041E-03,2,0.932902E-04,-0.508595,-0.763594E-03,-0.171841E-04,-0.119791E-03,0.991630E-04,-0.578807E-11,-0.909945E-12,-0.144319E-12,527.326,13.1118,13.2860,3.20000,0,0.829013E-01,2.06131,2.08870,0.500000E-01,0,0.131483E-01,0.326928,0.331272,0.100000,0,288.780,287.583,96559.5,1.16399,1012.55,0.248647E-01,0.179965E-04,0.950242E-02,1261.14,1638.52,0.816370E-02,76.9679,377.386,283.558,0.143833,0.277822,0.455375E-02,0.312880,-0.999375E-13,-0.109763E-13,0.312880,1.16293,117.148,62.6286,0.833930,-9999,0.671288E-01,0.710639E-01,68.3409,0.294114E-01,-30.5297,0.476208E-02,0,-9999,-9999,-9999,-9999,-9999,-9999,-9999,0.515984E-02,1.01655,-0.368836,1.02411,0.985097E-02,1.25276,0.221689E-03,1.25276,-0.789293E-03,1.25276,-0.138926E-03,1.25276,800009000,800119100,800009000,800009011,800009000,800109010,811119111,811119111,80111,80111,81,81,0,0,1,19,173,0,0,0.108031,0.309854E-01,0.311127E-02,0.812021E-02,0.274503E-06,0.141540E-04,0.588318E-06,-0.312945E-03,0.558516E-05,-0.198852E-04,-0.350006E-05,22.0000,96.5067,0.506667,0.646969E+09,294.264
CH-CHA_201811281300.csv,2018-11-28,17:30,332.7290,0,36000,36000,-0.239071E-02,1,0.662952E-03,0.290494,2,0.272582,0.151012E-01,1,0.530070E-02,0.339779E-03,1,0.119267E-03,0.401664E-02,2,0.395329E-02,0.176518E-02,1,0.523287E-03,-0.301064,-0.168284E-02,-0.378641E-04,0.727261E-03,0.107370E-03,-0.915397E-12,-0.145022E-12,-0.229886E-13,527.643,13.1110,13.2852,0.500000E-01,0,0.835918E-01,2.07710,2.10470,3.40000,0,0.132509E-01,0.329260,0.333634,5.00000,0,288.589,287.392,96559.5,1.16476,1012.55,0.248482E-01,0.220177E-04,0.950813E-02,1261.06,1618.43,0.816319E-02,77.9186,357.371,283.557,-0.167519,0.739805E-02,0.399889E-02,0.167730,0.120397E-12,-0.173488E-14,0.167730,0.708378,29.8991,177.471,1.36613,-9999,0.453049E-01,0.471032E-01,-27.2471,-0.737694E-01,19.2365,-0.543678E-02,0,-9999,-9999,-9999,-9999,-9999,-9999,-9999,-0.229588E-02,1.04130,0.281653,1.03847,0.123713E-01,1.22066,0.278356E-03,1.22066,0.329055E-02,1.22066,0.144608E-02,1.22066,800009000,800109100,800009000,800009011,800009010,800009011,811119111,811119111,80000,80000,80,81,0,0,4,4,9,0,0,0.438765E-01,0.493826E-01,0.947347E-03,0.462616E-01,0.148679E-05,0.146609E-02,0.220236E-04,0.238816E-03,0.700817E-05,0.828460E-04,0.364080E-04,22.0000,96.5056,0.505639,0.640697E+09,294.188
CH-CHA_201811281300.csv,2018-11-28,18:00,332.7498,0,36000,36000,-0.547904E-02,1,0.559452E-03,-0.408823,1,0.578956,0.233122E-02,1,0.259255E-02,0.524295E-04,1,0.583069E-04,0.149051E-01,1,0.626757E-02,0.709676E-03,1,0.262786E-03,-0.730018,-0.440285E-02,-0.990207E-04,0.278213E-02,-0.495688E-04,0.164971E-11,0.268987E-12,0.413011E-13,528.406,13.1088,13.2829,0.150000,0,0.861573E-01,2.13741,2.16580,1.60000,0,0.132289E-01,0.328185,0.332544,5.00000,0,288.125,286.931,96559.5,1.16663,1012.54,0.248082E-01,0.339743E-05,0.952188E-02,1260.85,1570.68,0.816185E-02,80.2744,309.825,283.555,-0.200640,0.263386,0.719250E-02,0.331180,-0.485091E-13,0.312204E-14,0.331180,0.984175,67.8376,127.299,1.24444,-9999,0.685307E-01,0.103334,67.0097,0.299957E-01,-175.369,0.505016E-02,0,-9999,-9999,-9999,-9999,-9999,-9999,-9999,-0.539218E-02,1.01611,-0.400828,1.02392,0.186044E-02,1.25304,0.418417E-04,1.25304,0.118952E-01,1.25304,0.566362E-03,1.25304,800009000,800109100,800009000,800009011,800109000,810109001,811119111,811119111,80000,80000,80,81,0,0,0,8,7,0,0,0.430971E-01,0.162391,0.118023E-02,0.445807E-01,0.768553E-06,0.423940E-02,0.741045E-05,-0.339323E-03,0.105175E-05,0.299002E-03,0.142363E-04,22.0000,96.5060,0.505958,0.624277E+09,294.146
CH-CHA_201811281300.csv,2018-11-28,18:30,332.7707,0,36000,36000,-0.215508E-02,1,0.756016E-03,-0.721299,1,0.949674,-0.840923E-02,2,0.109113E-01,-0.189035E-03,2,0.245279E-03,-0.617872E-02,2,0.491071E-02,0.142410E-03,2,0.236851E-03,-0.788203,-0.719911E-02,-0.161832E-03,0.450445E-03,0.135959E-04,0.248403E-11,0.406981E-12,0.622613E-13,529.183,13.1053,13.2794,0.100000,0,0.867006E-01,2.14716,2.17567,0.500000E-01,0,0.132637E-01,0.328479,0.332841,5.00000,0,287.625,286.433,96559.5,1.16866,1012.53,0.247652E-01,-0.122494E-04,0.953588E-02,1260.52,1520.60,0.815967E-02,82.8960,260.083,283.551,-0.137222,0.157641,0.123961E-01,0.209366,0.402395E-13,0.469409E-14,0.209366,0.848705,76.5500,131.039,3.39434,-9999,0.429425E-01,0.661553E-01,9.34460,0.215097,85.7746,0.141949E-01,0,-9999,-9999,-9999,-9999,-9999,-9999,-9999,-0.210640E-02,1.02311,-0.697304,1.03927,-0.591608E-02,1.42142,-0.132990E-03,1.42142,-0.434687E-02,1.42142,0.100188E-03,1.42142,800009000,800109100,800009000,800009011,800009001,800109001,811119111,811119111,80111,80111,80,81,32,1,0,17,0,0,0,0.361919E-01,0.939431E-01,0.217557E-02,0.519777E-01,0.323176E-05,0.132828E-02,0.282558E-05,-0.589288E-03,-0.333709E-05,-0.109075E-03,0.251401E-05,21.9822,96.5121,0.505421,0.597099E+09,294.123
CH-CHA_201811281300.csv,2018-11-28,19:00,332.7915,0,35989,35989,-0.132868E-02,1,0.962583E-03,2.90363,1,0.716150,0.142496E-01,1,0.512429E-02,0.320159E-03,1,0.115132E-03,0.452871E-02,1,0.568035E-02,-0.816641E-03,1,0.239185E-03,-0.847651,-0.612614E-02,-0.137641E-03,0.494003E-02,0.150372E-03,0.118083E-11,0.203125E-12,0.298964E-13,530.052,13.1024,13.2763,4.40000,0,0.911792E-01,2.25386,2.28378,0.500000E-01,0,0.134199E-01,0.331727,0.336131,0.500000E-01,0,287.089,285.899,96559.5,1.17084,1012.51,0.247190E-01,0.207463E-04,0.955153E-02,1260.23,1468.41,0.815781E-02,85.8228,208.179,283.548,-0.291073,-0.103820,0.166722E-01,0.309484,0.197675E-14,0.222776E-14,0.309484,0.929139,343.686,199.630,3.08807,-9999,0.336869E-01,0.960911E-01,-1.12060,-1.79368,203.769,-0.727075E-01,0,-9999,-9999,-9999,-9999,-9999,-9999,-9999,-0.129460E-02,1.02633,2.83580,1.02845,0.118313E-01,1.20440,0.265825E-03,1.20440,0.376015E-02,1.20440,-0.678049E-03,1.20440,800009000,800109100,800009000,800009011,800009000,810019011,811119111,811119111,80000,80000,80,81,4,0,4,19,0,0,0,0.818282E-01,0.108390,0.196368E-02,0.848281E-01,0.111210E-05,0.294492E-02,0.127566E-04,0.239208E-02,0.665783E-05,0.941762E-04,-0.169824E-04,21.9689,96.5174,0.505789,0.574308E+09,294.104
CH-CHA_201811281900.csv,2018-11-28,19:30,332.8123,0,36000,36000,-0.250133E-02,1,0.145802E-02,-2.86947,1,2.69219,0.508037E-01,1,0.140985E-01,0.114102E-02,1,0.316644E-03,-0.105704E-01,1,0.104765E-01,-0.974370E-03,1,0.241467E-03,-0.620553,-0.225094E-02,-0.505550E-04,0.145593E-02,0.122787E-04,-0.174372E-11,-0.304158E-12,-0.441867E-13,530.733,13.1013,13.2752,0.500000E-01,0,0.925761E-01,2.28526,2.31560,5.00000,0,0.134490E-01,0.331992,0.336399,0.500000E-01,0,286.697,285.509,96559.5,1.17245,1012.51,0.246852E-01,0.739384E-04,0.956380E-02,1260.13,1431.26,0.815713E-02,88.0433,171.132,283.546,-0.154975,0.214030,0.118614E-01,0.264512,0.105583E-12,-0.328549E-14,0.264512,1.14577,66.5393,125.908,2.57015,-9999,0.461890E-01,0.720435E-01,2.92294,0.687663,-56.4816,0.523326E-01,0,-9999,-9999,-9999,-9999,-9999,-9999,-9999,-0.241597E-02,1.03533,-2.69303,1.06928,0.286382E-01,1.77398,0.643199E-03,1.77398,-0.595856E-02,1.77398,-0.549256E-03,1.77398,800009000,800009100,800009000,800009011,800009000,800109011,811119111,811119111,80111,80111,80,81,0,0,0,1,4,0,0,0.553007E-01,0.834997E-01,0.528655E-02,0.166387,0.239234E-05,0.216485E-02,0.615634E-05,-0.226856E-02,0.160875E-04,-0.149033E-03,-0.137378E-04,21.9956,96.5077,0.506057,0.565966E+09,294.086
CH-CHA_201811281900.csv,2018-11-28,20:00,332.8331,0,36000,36000,-0.836892E-02,1,0.171591E-02,-3.00519,2,1.97718,-0.618638E-02,2,0.143943E-01,-0.138852E-03,2,0.323076E-03,0.130390E-01,2,0.153816E-01,0.942432E-03,2,0.584024E-03,-1.08953,-0.512160E-02,-0.114953E-03,0.327413E-02,0.807809E-04,0.713693E-11,0.128352E-11,0.181834E-12,531.907,13.0988,13.2726,5.00000,0,0.956593E-01,2.35572,2.38698,5.00000,0,0.135519E-01,0.333730,0.338160,5.00000,0,286.010,284.825,96559.5,1.17526,1012.49,0.246261E-01,-0.899759E-05,0.958496E-02,1259.89,1368.17,0.815559E-02,92.0855,108.284,283.544,0.293597,0.125868,0.269340E-01,0.320573,-0.104857E-12,0.134176E-13,0.320573,1.21561,180.963,23.2053,4.81957,-9999,0.843854E-01,0.151972,17.0188,0.118104,485.776,0.299280E-01,0,-9999,-9999,-9999,-9999,-9999,-9999,-9999,-0.822114E-02,1.01798,-2.92833,1.03063,-0.463370E-02,1.33508,-0.104002E-03,1.33508,0.976640E-02,1.33508,0.705897E-03,1.33508,800009000,800109100,800009000,800009011,800009010,800009011,811119111,811119111,80111,80111,80,81,0,0,2,0,0,0,0,0.163328,0.138577,0.203842E-02,0.220337,0.412176E-05,0.123211E-01,0.160931E-04,-0.246090E-02,-0.259503E-05,0.243688E-03,0.176133E-04,21.9733,96.5152,0.505174,0.546887E+09,294.076
CH-CHA_201811281900.csv,2018-11-28,20:30,332.8540,0,36000,36000,-0.336762E-02,1,0.517856E-03,0.372141,1,0.189656,0.179416E-01,1,0.610979E-02,0.402462E-03,1,0.137054E-03,-0.529772E-02,2,0.793042E-02,-0.598246E-03,2,0.181968E-03,-0.963870,-0.187946E-02,-0.421596E-04,0.239726E-02,-0.195064E-04,-0.194824E-11,-0.358057E-12,-0.495784E-13,533.000,13.0979,13.2717,0.300000,0,0.979572E-01,2.40719,2.43914,0.500000E-01,0,0.135636E-01,0.333312,0.337735,0.500000E-01,0,285.403,284.221,96559.5,1.17776,1012.48,0.245739E-01,0.260796E-04,0.960466E-02,1259.80,1314.53,0.815503E-02,95.8368,54.7267,283.542,0.131362,0.282142,0.948403E-02,0.311368,-0.606957E-13,-0.365524E-14,0.311368,0.704699,122.588,65.0339,1.74546,-9999,0.534729E-01,0.366096E-01,-34.9695,-0.574787E-01,20.7418,-0.583620E-02,0,-9999,-9999,-9999,-9999,-9999,-9999,-9999,-0.328159E-02,1.02622,0.364274,1.02838,0.148982E-01,1.20428,0.334194E-03,1.20428,-0.439908E-02,1.20428,-0.496767E-03,1.20428,800009000,800109100,800009000,800009000,800019011,801119011,811119111,811119111,80100,80100,80,81,0,39,3,9,0,0,0,0.202598E-01,0.521360E-01,0.823325E-03,0.330155E-01,0.201488E-05,0.118988E-01,0.939759E-05,0.305481E-03,0.832100E-05,-0.109532E-03,-0.123689E-04,22.0000,96.5062,0.506250,0.539874E+09,294.068
CH-CHA_201811281900.csv,2018-11-28,21:00,332.8748,0,36000,36000,0.189646E-02,1,0.405956E-03,-0.137123,1,0.183891,0.735454E-02,1,0.194997E-02,0.164995E-03,1,0.437464E-04,-0.169630E-02,2,0.261368E-02,0.250312E-03,1,0.101164E-03,0.197942,0.630517E-02,0.141453E-03,-0.373354E-02,-0.109026E-03,0.249766E-11,0.443635E-12,0.630986E-13,532.891,13.1009,13.2748,0.500000E-01,0,0.946521E-01,2.32699,2.35788,0.500000E-01,0,0.134625E-01,0.330970,0.335363,5.00000,0,285.528,284.345,96559.5,1.17724,1012.49,0.245846E-01,0.106917E-04,0.960269E-02,1260.09,1325.40,0.815692E-02,95.0729,65.3031,283.546,0.314319E-01,0.380498,0.793222E-02,0.381876,-0.162102E-13,0.468701E-14,0.381876,0.766551,98.7222,85.2777,1.19022,-9999,0.401364E-01,0.260406E-01,40.1331,0.500833E-01,-18.6446,0.286626E-02,0,-9999,-9999,-9999,-9999,-9999,-9999,-9999,0.186765E-02,1.01542,-0.134001,1.02492,0.578356E-02,1.27163,0.129751E-03,1.27163,-0.133396E-02,1.27163,0.196844E-03,1.27163,800009000,800109100,800009000,800009011,800009011,800009011,811119111,811119111,80000,80000,80,81,1,0,0,35,4,0,0,0.383448E-01,0.131782E-01,0.558271E-03,0.157945E-01,0.573196E-06,0.240187E-02,0.259371E-05,-0.112422E-03,0.323206E-05,-0.332285E-04,0.490333E-05,22.0000,96.5063,0.506347,0.563330E+09,294.075
CH-CHA_201811281900.csv,2018-11-28,21:30,332.8956,0,36000,36000,0.152487E-02,1,0.455435E-03,-0.365708,1,0.347930,-0.297076E-02,1,0.213109E-02,-0.666632E-04,1,0.478213E-04,-0.277862E-02,1,0.197351E-02,0.157363E-03,1,0.580691E-04,0.396593,0.331477E-02,0.743828E-04,-0.133471E-02,-0.352606E-04,0.231148E-11,0.405453E-12,0.582542E-13,532.490,13.1025,13.2765,1.85000,0,0.934031E-01,2.29829,2.32880,0.500000E-01,0,0.134199E-01,0.330211,0.334595,2.00000,0,285.778,284.594,96559.5,1.17621,1012.49,0.246062E-01,-0.431978E-05,0.959546E-02,1260.25,1347.43,0.815792E-02,93.5298,87.1815,283.548,0.346188,0.362632,0.279539E-01,0.502125,-0.448013E-13,0.434089E-14,0.502125,0.957497,145.897,46.3290,3.19137,-9999,0.360059E-01,0.465404E-01,10.8639,0.185017,123.103,0.852871E-02,0,-9999,-9999,-9999,-9999,-9999,-9999,-9999,0.149804E-02,1.01791,-0.355160,1.03437,-0.213374E-02,1.39228,-0.478807E-04,1.39228,-0.199574E-02,1.39228,0.113026E-03,1.39228,800009000,800119100,800009000,800009011,800019000,800019000,811119111,811119111,80111,80111,80,81,4,0,0,10,208,0,0,0.542588E-01,0.369943E-01,0.182766E-02,0.190077E-01,0.428837E-06,0.604455E-03,0.146804E-05,-0.298226E-03,-0.119374E-05,-0.497569E-04,0.281790E-05,21.9806,96.5129,0.505630,0.575438E+09,294.097
CH-CHA_201811281900.csv,2018-11-28,22:00,332.9165,0,36000,36000,-0.263270E-02,1,0.649233E-03,0.318587,2,0.301992,0.100522E-01,2,0.278698E-02,0.225622E-03,2,0.625540E-04,-0.803818E-02,1,0.259826E-02,0.259229E-03,1,0.119396E-03,0.394516,-0.704343E-03,-0.158091E-04,0.145036E-02,-0.564823E-05,0.280545E-11,0.498795E-12,0.706792E-13,532.013,13.1022,13.2761,4.95000,0,0.945892E-01,2.32950,2.36043,1.60000,0,0.134033E-01,0.330090,0.334472,1.60000,0,286.027,284.842,96559.5,1.17519,1012.50,0.246276E-01,0.146203E-04,0.958687E-02,1260.21,1369.68,0.815771E-02,92.0077,109.469,283.547,-0.152091,0.791010E-01,0.980597E-02,0.171711,-0.109708E-14,0.527328E-14,0.171711,0.769805,16.8128,152.521,3.27379,-9999,0.473311E-01,0.753811E-01,-28.3277,-0.709553E-01,31.6933,-0.565692E-02,0,-9999,-9999,-9999,-9999,-9999,-9999,-9999,-0.253002E-02,1.04058,0.308705,1.03799,0.824047E-02,1.21986,0.184958E-03,1.21986,-0.658945E-02,1.21986,0.212508E-03,1.21986,800009000,800109100,800009000,800009011,800009000,800009001,811119111,811119111,80000,80000,80,81,0,2,1,3,9,0,0,0.606819E-01,0.891712E-01,0.909201E-03,0.144044E-01,0.629160E-06,0.992785E-03,0.220875E-05,0.259443E-03,0.461531E-05,-0.164428E-03,0.530276E-05,21.9517,96.5236,0.505444,0.573149E+09,294.114
CH-CHA_201811281900.csv,2018-11-28,22:30,332.9373,0,36000,36000,0.318923E-02,1,0.273622E-03,-0.954340,1,0.304160,0.913152E-02,1,0.240882E-02,0.204940E-03,1,0.540616E-04,-0.750845E-01,2,0.166529E-01,-0.620850E-03,2,0.173073E-03,-0.144680,-0.301424E-02,-0.676491E-04,0.751733E-02,0.329401E-04,-0.270656E-12,-0.514675E-13,-0.683416E-14,532.124,13.1007,13.2746,1.30000,0,0.101188,2.49122,2.52429,1.60000,0,0.134363E-01,0.330798,0.335190,0.500000E-01,0,285.935,284.751,96559.5,1.17557,1012.49,0.246197E-01,0.132801E-04,0.958887E-02,1260.08,1361.49,0.815680E-02,92.5514,101.412,283.546,0.507123,0.395080,0.426510E-01,0.644268,-0.128995E-12,-0.508633E-15,0.644268,1.14350,150.488,37.9208,3.79579,-9999,0.520858E-01,0.761668E-01,12.6024,0.159493,-104.511,0.153938E-01,0,-9999,-9999,-9999,-9999,-9999,-9999,-9999,0.313779E-02,1.01639,-0.928121,1.03210,0.665978E-02,1.37114,0.149467E-03,1.37114,-0.547605E-01,1.37114,-0.452797E-03,1.37114,800009000,800109100,800009000,800009000,800009000,800119001,811119111,811119111,80100,80100,80,81,1,1,1,4,0,0,0,0.234505E-01,0.127352,0.153060E-02,0.208715E-01,0.518058E-06,0.308158E-01,0.396495E-05,-0.779768E-03,0.372848E-05,-0.136601E-02,-0.112951E-04,22.0000,96.5064,0.506389,0.561905E+09,294.106
CH-CHA_201811281900.csv,2018-11-28,23:00,332.9581,0,36000,36000,-0.115731E-01,1,0.200976E-02,-5.26396,1,1.08824,-0.393825E-01,1,0.656543E-02,-0.883466E-03,1,0.147282E-03,-0.447394E-01,1,0.118437E-01,0.913503E-03,1,0.155317E-03,-0.757178,-0.356039E-02,-0.798701E-04,0.652456E-02,0.668753E-04,0.390125E-11,0.783686E-12,0.989487E-13,532.942,13.0990,13.2729,0.350000,0,0.107058,2.63134,2.66627,2.20000,0,0.135172E-01,0.332235,0.336644,2.05000,0,285.459,284.276,96559.5,1.17753,1012.48,0.245787E-01,-0.572486E-04,0.960361E-02,1259.91,1319.36,0.815573E-02,95.4939,59.4514,283.544,-0.124386,0.452456,0.181011E-01,0.469591,0.156657E-12,0.732021E-14,0.469591,1.74098,82.3087,105.372,2.20910,-9999,0.991377E-01,0.196550,15.7543,0.127584,133.663,0.445363E-01,0,-9999,-9999,-9999,-9999,-9999,-9999,-9999,-0.113865E-01,1.01638,-5.13247,1.03026,-0.293369E-01,1.34242,-0.658115E-03,1.34242,-0.333274E-01,1.34242,0.680490E-03,1.34242,800009000,800109100,800009000,800009011,800009000,800109000,811119111,811119111,80000,80000,80,81,0,0,3,0,0,0,0,0.224402,0.166112,0.258552E-02,0.773975E-01,0.112393E-05,0.788699E-02,0.130542E-05,-0.430493E-02,-0.163894E-04,-0.829973E-03,0.169467E-04,21.9961,96.5076,0.506112,0.548664E+09,294.086
CH-CHA_201811281900.csv,2018-11-28,23:30,332.9790,0,36000,36000,-0.346655E-02,1,0.262670E-03,-0.811751,1,0.237515,0.392833E-02,1,0.238946E-02,0.880616E-04,1,0.535646E-04,-0.147858E-01,1,0.102486E-01,-0.186045E-03,2,0.119088E-03,-1.18564,-0.485227E-02,-0.108774E-03,0.913001E-03,0.106348E-03,0.160433E-11,0.324732E-12,0.409774E-13,534.240,13.0967,13.2705,0.150000,0,0.108135,2.65090,2.68608,5.00000,0,0.136454E-01,0.334513,0.338952,5.00000,0,284.715,283.536,96559.5,1.18061,1012.47,0.245146E-01,0.570639E-05,0.962700E-02,1259.69,1255.86,0.815428E-02,100.000,0.00000,283.541,-0.624431,-0.314538,0.297361E-01,0.699809,-0.159786E-12,0.300301E-14,0.699809,1.55235,340.676,206.735,2.43533,-9999,0.541871E-01,0.876745E-01,16.6823,0.120487,-206.640,0.125325E-01,0,-9999,-9999,-9999,-9999,-9999,-9999,-9999,-0.341560E-02,1.01492,-0.791937,1.02907,0.293764E-02,1.33724,0.658532E-04,1.33724,-0.110569E-01,1.33724,-0.139126E-03,1.33724,800009000,800109100,800009000,800009000,800009000,800109000,811119111,811119111,80100,80100,80,81,13,10,9,8,0,0,0,0.646213E-01,0.108360,0.236795E-02,0.474073E-01,0.691076E-06,0.115721E-01,0.147196E-05,-0.662526E-03,0.163570E-05,-0.274639E-03,-0.345570E-05,22.0000,96.5050,0.504972,0.530744E+09,294.069
CH-CHA_201811281900.csv,2018-11-29,00:00,333.0000,0,36000,36000,-0.257093E-02,1,0.543799E-03,-11.9643,1,1.92023,-0.168794E-01,2,0.125991E-01,-0.378440E-03,2,0.282475E-03,0.253082E-01,1,0.107501E-01,0.194101E-02,1,0.254025E-03,0.237077,0.307750E-02,0.689982E-04,-0.620914E-03,-0.264014E-04,0.248381E-11,0.500167E-12,0.633264E-13,534.021,13.0982,13.2720,5.00000,0,0.107536,2.63759,2.67260,0.500000E-01,0,0.136152E-01,0.333947,0.338379,2.00000,0,284.864,283.684,96559.5,1.17999,1012.47,0.245274E-01,-0.245229E-04,0.962305E-02,1259.83,1268.35,0.815520E-02,99.3284,8.51851,283.543,-0.834410,0.185042,0.478203E-01,0.856018,-0.432678E-13,0.465114E-14,0.856018,1.94167,17.5974,167.496,3.20242,-9999,0.466773E-01,0.108026,0.723475,2.77826,708.810,0.214545,0,-9999,-9999,-9999,-9999,-9999,-9999,-9999,-0.236670E-02,1.08629,-10.2621,1.17078,-0.554437E-02,3.04442,-0.124306E-03,3.04442,0.831297E-02,3.04442,0.637564E-03,3.04442,800009000,800009100,800009000,800009011,800009000,800109001,800109111,811119111,80000,80000,80,81,5,6,3,0,1,0,0,0.613715E-01,0.141664,0.130166E-01,0.125140,0.287395E-05,0.257158E-02,0.149863E-05,-0.858962E-02,-0.308921E-05,0.206591E-03,0.158445E-04,21.9761,96.5131,0.504116,0.542057E+09,294.043
CH-CHA_201811281900.csv,2018-11-29,00:30,333.0208,0,36000,36000,-0.103837E-01,1,0.222179E-02,1.07255,2,1.73089,0.323353E-01,1,0.101961E-01,0.724801E-03,1,0.228548E-03,0.105927E-01,1,0.343291E-02,0.513643E-03,1,0.291342E-03,-0.380931,0.539724E-03,0.120980E-04,-0.217213E-02,0.143291E-04,-0.331143E-11,-0.655054E-12,-0.845032E-13,534.480,13.0984,13.2723,0.200000,0,0.105729,2.59108,2.62547,5.00000,0,0.136392E-01,0.334254,0.338690,5.00000,0,284.625,283.446,96559.5,1.18098,1012.47,0.245069E-01,0.469671E-04,0.963132E-02,1259.85,1248.36,0.815536E-02,100.000,0.00000,283.543,0.163999E-01,0.100123,0.119914E-01,0.102163,-0.159537E-13,-0.619562E-14,0.102163,0.914057,70.9714,80.6977,6.74062,-9999,0.937678E-01,0.767160E-01,-65.4235,-0.307229E-01,33.1696,-0.956621E-02,0,-9999,-9999,-9999,-9999,-9999,-9999,-9999,-0.979794E-02,1.05978,1.02630,1.05102,0.260347E-01,1.24201,0.583570E-03,1.24201,0.852866E-02,1.24201,0.413558E-03,1.24201,800009000,800009100,800009000,800009011,800009010,800109010,811119111,811119111,80111,80111,80,81,16,3,1,1,0,0,0,0.835694E-01,0.646171E-01,0.524552E-02,0.970807E-01,0.112057E-05,0.241622E-03,0.175327E-05,0.858319E-03,0.144905E-04,0.211774E-03,0.102690E-04,21.9733,96.5129,0.502921,0.544190E+09,294.037
CH-CHA_201811281900.csv,2018-11-29,01:00,333.0416,0,35989,35989,-0.747058E-02,1,0.934133E-03,0.992115,2,0.537101,0.154745E-01,1,0.391393E-02,0.346823E-03,1,0.877210E-04,0.453738E-01,1,0.157186E-01,-0.299907E-03,2,0.151989E-03,-0.194613,-0.279931E-03,-0.627395E-05,0.965250E-02,0.352277E-04,-0.259653E-11,-0.554597E-12,-0.664100E-13,534.703,13.0983,13.2721,4.05000,0,0.114208,2.79769,2.83482,0.500000E-01,0,0.136758E-01,0.335008,0.339454,5.00000,0,284.503,283.324,96559.5,1.18149,1012.46,0.244964E-01,0.224742E-04,0.963535E-02,1259.84,1238.26,0.815528E-02,100.000,0.00000,283.543,0.584201,0.313203,0.275110E-01,0.663433,-0.203510E-12,-0.485601E-14,0.663433,1.79304,163.503,28.1967,2.37660,-9999,0.795175E-01,0.179042,-43.1335,-0.465995E-01,64.1128,-0.104302E-01,0,-9999,-9999,-9999,-9999,-9999,-9999,-9999,-0.735359E-02,1.01591,0.975791,1.02178,0.129474E-01,1.19519,0.290183E-03,1.19519,0.379637E-01,1.19519,-0.250929E-03,1.19519,800009000,800009100,800009000,800009011,800009000,800109100,811119111,811119111,80000,80000,80,81,8,0,3,7,5,0,0,0.932170E-01,0.260680,0.418698E-02,0.499892E-01,0.800945E-06,0.224326E-01,0.216236E-05,0.815733E-03,0.720240E-05,0.942267E-03,-0.622810E-05,21.9394,96.5240,0.501282,0.543142E+09,294.060
CH-CHA_201811290100.csv,2018-11-29,01:30,333.0624,0,36000,36000,-0.683517E-03,2,0.273463E-03,0.230437,1,0.502794,0.445387E-02,1,0.342023E-02,0.998236E-04,1,0.766568E-04,0.518031E-02,1,0.685933E-02,0.491248E-04,1,0.798263E-04,0.181837E-01,0.530766E-03,0.118959E-04,-0.758148E-02,-0.993941E-04,0.763580E-12,0.153631E-12,0.194053E-13,534.692,13.0985,13.2724,0.750000,0,0.107579,2.63540,2.67038,0.500000E-01,0,0.135884E-01,0.332880,0.337298,2.10000,0,284.514,283.336,96559.5,1.18144,1012.47,0.244973E-01,0.646857E-05,0.963515E-02,1259.87,1239.20,0.815544E-02,100.000,0.00000,283.543,0.320096,0.559909,0.117197E-01,0.645056,0.296206E-13,0.142807E-14,0.645056,1.61425,128.809,60.2437,1.04104,-9999,0.240530E-01,0.438026E-01,-5.13976,-0.391068,51.7386,-0.800925E-02,0,-9999,-9999,-9999,-9999,-9999,-9999,-9999,-0.672637E-03,1.01617,0.226654,1.02194,0.372606E-02,1.19533,0.835113E-04,1.19533,0.433379E-02,1.19533,0.410972E-04,1.19533,800009000,800009100,800009000,800009000,800009000,800109000,811119111,811119111,80110,80110,80,80,3,2,2,0,1,0,0,0.441391E-01,0.398984E-01,0.356769E-02,0.225217E-01,0.561564E-06,0.352818E-02,0.625880E-06,0.189483E-03,0.207285E-05,0.107570E-03,0.102008E-05,22.0000,96.5019,0.501917,0.544893E+09,294.077
CH-CHA_201811290100.csv,2018-11-29,02:00,333.0833,0,36000,36000,-0.153516E-02,1,0.423069E-03,-0.613992,1,0.309528,-0.225252E-02,2,0.107526E-02,-0.504961E-04,2,0.241048E-04,-0.571095E-03,1,0.478200E-03,-0.898464E-04,1,0.613091E-04,0.359288,0.101179E-02,0.226818E-04,-0.477994E-03,-0.443932E-04,0.971620E-12,0.194721E-12,0.246208E-13,534.289,13.0990,13.2729,4.70000,0,0.107076,2.62516,2.66000,1.80000,0,0.135389E-01,0.331929,0.336335,0.100000,0,284.740,283.560,96559.5,1.18050,1012.47,0.245168E-01,-0.327214E-05,0.962788E-02,1259.91,1257.93,0.815574E-02,100.000,0.00000,283.544,-0.646902E-01,0.380691,0.475278E-02,0.386178,-0.645624E-13,0.181853E-14,0.386178,0.886115,91.1833,99.6441,0.705170,-9999,0.360614E-01,0.377523E-01,6.50064,0.309201,272.580,0.142453E-01,0,-9999,-9999,-9999,-9999,-9999,-9999,-9999,-0.150115E-02,1.02266,-0.590795,1.04376,-0.150784E-02,1.49387,-0.338022E-04,1.49387,-0.382293E-03,1.49387,-0.601434E-04,1.49387,800009000,800109100,800009000,800009011,800009000,800109010,811119111,811119111,80000,80000,80,81,29,0,0,1,17,0,0,0.286467E-01,0.454867E-01,0.137111E-02,0.155495E-01,0.207312E-06,0.135850E-03,0.572187E-06,-0.494295E-03,-0.839676E-06,-0.949648E-05,-0.149401E-05,21.9967,96.5030,0.501750,0.548586E+09,294.093
CH-CHA_201811290100.csv,2018-11-29,02:30,333.1041,0,36000,36000,0.383294E-02,1,0.945257E-03,-0.390306,2,0.215756,-0.450948E-02,2,0.106119E-02,-0.101094E-03,2,0.237898E-04,-0.142047E-01,1,0.555465E-02,-0.339088E-03,1,0.201354E-03,0.313811E-01,0.652425E-03,0.146261E-04,0.144707E-02,0.693686E-04,0.347570E-12,0.704770E-13,0.884664E-14,534.264,13.0993,13.2732,0.950000,0,0.108333,2.65616,2.69142,5.00000,0,0.135985E-01,0.333415,0.337841,4.80000,0,284.759,283.580,96559.5,1.18042,1012.47,0.245185E-01,-0.655087E-05,0.962744E-02,1259.94,1259.58,0.815593E-02,100.000,0.00000,283.544,-0.264632,-0.301447E-01,0.143472E-02,0.266348,0.138831E-12,0.650558E-15,0.266348,1.04566,9.64352,186.499,0.308634,-9999,0.569833E-01,0.817237E-01,40.3486,0.498159E-01,86.5524,0.573110E-02,0,-9999,-9999,-9999,-9999,-9999,-9999,-9999,0.376487E-02,1.01808,-0.382097,1.02632,-0.354083E-02,1.27357,-0.793784E-04,1.27357,-0.111534E-01,1.27357,-0.266250E-03,1.27357,800009000,800119100,800009000,800009011,800009000,800009101,811119111,811119111,80111,80111,80,81,2,2,0,4,123,0,0,0.736934E-01,0.884272E-01,0.132680E-02,0.774785E-02,0.169706E-06,0.278590E-02,0.398479E-05,-0.319707E-03,-0.197197E-05,-0.277081E-03,-0.661435E-05,21.9972,96.5020,0.500931,0.551462E+09,294.103
CH-CHA_201811290100.csv,2018-11-29,03:00,333.1249,0,36000,36000,0.532252E-02,1,0.116081E-02,-1.39062,1,0.324952,0.906105E-02,1,0.288500E-02,0.203154E-03,1,0.646832E-04,-0.768897E-02,1,0.436530E-02,0.613156E-03,1,0.163500E-03,0.187861,-0.136533E-03,-0.306115E-05,-0.111630E-03,-0.592012E-05,-0.333878E-11,-0.676400E-12,-0.849494E-13,534.041,13.0993,13.2731,1.95000,0,0.108191,2.65377,2.68899,0.500000E-01,0,0.135877E-01,0.333288,0.337712,1.80000,0,284.877,283.697,96559.5,1.17993,1012.47,0.245286E-01,0.131644E-04,0.962341E-02,1259.94,1269.49,0.815589E-02,99.2476,9.55203,283.544,-0.392275,0.184935,0.133014E-01,0.433887,0.338461E-12,-0.625191E-14,0.433887,1.18996,40.5150,154.759,1.75676,-9999,0.671630E-01,0.190267,18.5428,0.108398,-153.472,0.173315E-01,0,-9999,-9999,-9999,-9999,-9999,-9999,-9999,0.523787E-02,1.01616,-1.35667,1.02900,0.683695E-02,1.32531,0.153288E-03,1.32531,-0.580165E-02,1.32531,0.462652E-03,1.32531,800009000,800109100,800009000,800009011,800009000,800109011,811119111,811119111,80111,80111,80,81,0,0,0,0,194,0,0,0.840161E-01,0.293933,0.258474E-02,0.113782E-01,0.435553E-06,0.156916E-02,0.243071E-05,-0.113562E-02,0.380965E-05,-0.144188E-03,0.114983E-04,21.9783,96.5087,0.500570,0.550493E+09,294.098
CH-CHA_201811290100.csv,2018-11-29,03:30,333.1458,0,36000,36000,-0.204760E-02,1,0.587192E-03,0.964787,1,0.392626,0.531088E-03,2,0.113135E-02,0.119074E-04,2,0.253657E-04,-0.138048E-01,1,0.865218E-02,0.405853E-03,1,0.192393E-03,0.146900E-01,-0.939612E-03,-0.210668E-04,0.221076E-02,0.765800E-04,0.209156E-11,0.431307E-12,0.534800E-13,534.005,13.0988,13.2727,1.65000,0,0.110119,2.70115,2.73701,1.65000,0,0.136542E-01,0.334930,0.339375,1.85000,0,284.887,283.707,96559.5,1.17990,1012.47,0.245294E-01,0.771598E-06,0.962277E-02,1259.89,1270.27,0.815561E-02,99.1834,10.3731,283.544,0.114386,0.319670E-01,0.130325E-01,0.119482,0.136151E-12,0.391673E-14,0.119482,0.641405,161.557,15.6139,6.26201,-9999,0.416583E-01,0.368118E-01,-6.37770,-0.315161,1816.62,-0.193867E-01,0,-9999,-9999,-9999,-9999,-9999,-9999,-9999,-0.194415E-02,1.05321,0.925756,1.04654,0.430276E-03,1.23430,0.964710E-05,1.23430,-0.111844E-01,1.23430,0.328814E-03,1.23430,800009000,800109100,800009000,800009011,800019000,800119010,811119111,811119111,80111,80111,80,81,0,6,0,13,0,0,0,0.235997E-01,0.481701E-01,0.185374E-02,0.248314E-01,0.317097E-06,0.617302E-02,0.237665E-05,0.774942E-03,0.239766E-06,-0.277973E-03,0.817224E-05,21.9633,96.5144,0.500668,0.547161E+09,294.085
CH-CHA_201811290100.csv,2018-11-29,04:00,333.1666,0,36000,36000,0.347825E-02,1,0.634703E-03,-0.180909,2,0.102276,0.416438E-02,2,0.244927E-02,0.933692E-04,2,0.549149E-04,0.708943E-03,2,0.140397E-02,0.484785E-03,1,0.146440E-03,0.146512E-01,-0.264063E-02,-0.592053E-04,0.346216E-02,0.304464E-04,0.891998E-12,0.189014E-12,0.228546E-13,533.936,13.0976,13.2714,4.40000,0,0.113141,2.77536,2.81220,0.500000E-01,0,0.136804E-01,0.335582,0.340036,1.85000,0,284.896,283.716,96559.5,1.17986,1012.47,0.245302E-01,0.605033E-05,0.962153E-02,1259.77,1271.04,0.815482E-02,99.1133,11.2709,283.542,0.630275E-01,0.497543,0.100654E-01,0.501620,0.295881E-13,0.167061E-14,0.501620,1.05575,106.135,82.7804,1.14976,-9999,0.542957E-01,0.687042E-01,75.3059,0.266911E-01,-43.4420,0.278921E-02,0,-9999,-9999,-9999,-9999,-9999,-9999,-9999,0.343215E-02,1.01343,-0.177498,1.02233,0.333577E-02,1.24840,0.747911E-04,1.24840,0.567881E-03,1.24840,0.388325E-03,1.24840,800009000,800109100,800009000,800009000,800009000,801009000,811119111,811119111,80111,80111,80,81,7,0,2,1,0,0,0,0.579959E-01,0.783767E-01,0.103566E-02,0.224586E-01,0.607497E-06,0.180303E-02,0.320386E-05,-0.148587E-03,0.185889E-05,0.141144E-04,0.965159E-05,22.0000,96.5017,0.501722,0.537281E+09,294.087
CH-CHA_201811290100.csv,2018-11-29,04:30,333.1874,0,36000,36000,-0.815800E-02,1,0.524727E-03,-0.355072,1,0.214262,0.214344E-02,1,0.267458E-02,0.480285E-04,1,0.599300E-04,0.173175E-01,1,0.362010E-02,-0.200110E-03,1,0.694560E-04,-1.02368,-0.670076E-02,-0.150145E-03,-0.134775E-02,-0.656692E-04,-0.144285E-11,-0.302639E-12,-0.368227E-13,535.010,13.0943,13.2681,3.10000,0,0.112218,2.74654,2.78298,3.95000,0,0.136539E-01,0.334178,0.338612,4.75000,0,284.254,283.077,96559.5,1.18252,1012.46,0.244749E-01,0.311225E-05,0.964088E-02,1259.46,1217.92,0.815282E-02,100.000,0.00000,283.538,-0.568756E-01,0.338746,0.123911E-01,0.343711,0.968971E-13,-0.269687E-14,0.343711,0.858487,85.7227,99.5311,2.06601,-9999,0.830592E-01,0.673365E-01,137.351,0.146340E-01,-165.655,0.357062E-02,0,-9999,-9999,-9999,-9999,-9999,-9999,-9999,-0.803191E-02,1.01570,-0.348564,1.02262,0.173178E-02,1.23771,0.388044E-04,1.23771,0.139916E-01,1.23771,-0.161678E-03,1.23771,800009000,800109100,800009000,800009000,800009000,810009000,811119111,811119111,80110,80110,80,81,2,2,1,2,1,0,0,0.218347E-01,0.111627,0.121112E-02,0.476265E-01,0.537879E-06,0.889794E-03,0.522933E-06,-0.291137E-03,0.962288E-06,0.346970E-03,-0.400934E-05,22.0000,96.5017,0.501722,0.512793E+09,294.077
CH-CHA_201811290100.csv,2018-11-29,05:00,333.2083,0,36000,36000,-0.762037E-02,1,0.993473E-03,0.804981,1,0.376916,-0.711713E-02,2,0.280908E-02,-0.159384E-03,2,0.629076E-04,0.321399E-01,1,0.760195E-02,0.124962E-02,1,0.507907E-03,-0.961494,-0.210331E-02,-0.471023E-04,0.203490E-02,0.181063E-03,0.948071E-12,0.202018E-12,0.244772E-13,536.103,13.0933,13.2670,4.95000,0,0.114234,2.78997,2.82698,2.15000,0,0.138410E-01,0.338042,0.342527,5.00000,0,283.653,282.478,96559.5,1.18503,1012.44,0.244232E-01,-0.103281E-04,0.966057E-02,1259.37,1169.92,0.815219E-02,100.000,0.00000,283.537,-0.466708E-01,0.127695,0.864972E-02,0.136231,-0.242272E-12,0.176845E-14,0.136231,0.783390,69.0480,110.077,3.64032,-9999,0.801907E-01,0.865123E-01,-54.5211,-0.368665E-01,-113.105,-0.836690E-02,0,-9999,-9999,-9999,-9999,-9999,-9999,-9999,-0.726961E-02,1.04825,0.774546,1.04317,-0.579309E-02,1.22855,-0.129733E-03,1.22855,0.261608E-01,1.22855,0.101715E-02,1.22855,800009000,800109100,800009000,800009011,800009010,800109010,811119111,811119111,80111,80111,80,81,0,3,0,28,0,0,0,0.680738E-01,0.103703,0.124727E-02,0.303219E-01,0.426430E-06,0.411810E-02,0.173635E-04,0.645580E-03,-0.321036E-05,0.647372E-03,0.251702E-04,21.9928,96.5044,0.501709,0.504818E+09,294.066
CH-CHA_201811290100.csv,2018-11-29,05:30,333.2291,0,36000,36000,-0.331016E-02,1,0.407874E-03,-0.330476,1,0.292919,0.500622E-03,2,0.319949E-03,0.112096E-04,2,0.716407E-05,-0.773077E-02,1,0.488818E-02,-0.482708E-03,2,0.174682E-03,-0.235414,0.130746E-02,0.292756E-04,-0.172569E-02,-0.830467E-04,-0.130068E-11,-0.273484E-12,-0.334034E-13,536.406,13.0940,13.2677,3.30000,0,0.112786,2.75316,2.78969,1.80000,0,0.137756E-01,0.336271,0.340732,0.500000E-01,0,283.506,282.332,96559.5,1.18564,1012.44,0.244105E-01,0.726379E-06,0.966604E-02,1259.43,1158.43,0.815258E-02,100.000,0.00000,283.538,0.189677,0.239463,0.939083E-02,0.305628,-0.715466E-13,-0.242481E-14,0.305628,0.981326,130.142,51.6175,1.76077,-9999,0.528381E-01,0.670418E-01,37.9909,0.529073E-01,-660.130,0.521040E-02,0,-9999,-9999,-9999,-9999,-9999,-9999,-9999,-0.325485E-02,1.01699,-0.323437,1.02596,0.392479E-03,1.27554,0.878810E-05,1.27554,-0.606079E-02,1.27554,-0.378435E-03,1.27554,800009100,800119100,800009000,800009000,800009000,801009010,811119111,811119111,80000,80000,80,81,0,0,1,9,371,0,0,0.274310E-01,0.105803,0.849612E-03,0.162430E-01,0.226851E-06,0.381142E-02,0.503892E-05,-0.269444E-03,0.217357E-06,-0.149902E-03,-0.935988E-05,22.0000,96.5033,0.503278,0.509858E+09,294.065
CH-CHA_201811290100.csv,2018-11-29,06:00,333.2499,0,36000,36000,-0.647548E-02,1,0.154510E-02,-0.990441,1,0.208888,0.916980E-02,1,0.315011E-02,0.205300E-03,1,0.705270E-04,0.130121E-01,1,0.117208E-01,0.185369E-03,1,0.964983E-04,-0.191880,0.118101E-02,0.264413E-04,0.344289E-02,-0.203266E-04,0.475396E-11,0.102618E-11,0.121925E-12,536.656,13.0945,13.2683,3.35000,0,0.115842,2.82656,2.86407,0.500000E-01,0,0.137637E-01,0.335837,0.340293,1.60000,0,283.386,282.213,96559.5,1.18614,1012.43,0.244002E-01,0.133034E-04,0.967054E-02,1259.48,1149.14,0.815294E-02,100.000,0.00000,283.539,-0.702251,0.607163E-01,0.501581E-01,0.706653,-0.132307E-12,0.885847E-14,0.706653,2.05105,24.8191,175.059,4.07026,-9999,0.738869E-01,0.176001,34.6616,0.579892E-01,-108.011,0.111624E-01,0,-9999,-9999,-9999,-9999,-9999,-9999,-9999,-0.639303E-02,1.01290,-0.970672,1.02418,0.716722E-02,1.27941,0.160465E-03,1.27941,0.101704E-01,1.27941,0.144887E-03,1.27941,800009000,800009100,800009000,800009011,800009000,810109000,811119111,811119111,80111,80111,80,80,3,6,2,10,211,0,0,0.155830,0.190458,0.571279E-02,0.666505E-02,0.382202E-06,0.724025E-02,0.100553E-05,-0.808293E-03,0.396712E-05,0.251439E-03,0.358199E-05,21.9778,96.5112,0.502850,0.513928E+09,294.067
CH-CHA_201811290100.csv,2018-11-29,06:30,333.2707,0,36000,36000,-0.202380E-01,1,0.367559E-02,-1.57175,1,0.665261,-0.143307E-01,1,0.478244E-02,-0.320899E-03,1,0.107090E-03,-0.690184E-01,1,0.249009E-01,0.410842E-03,1,0.150710E-03,0.277123,0.109745E-02,0.245746E-04,0.210771E-02,-0.368442E-04,-0.903369E-11,-0.198094E-11,-0.231137E-12,536.350,13.0950,13.2688,2.65000,0,0.117613,2.87153,2.90963,0.900000,0,0.137231E-01,0.335051,0.339497,1.55000,0,283.559,282.385,96559.5,1.18542,1012.44,0.244151E-01,-0.207943E-04,0.966502E-02,1259.53,1162.58,0.815326E-02,100.000,0.00000,283.539,-1.01421,-0.404327,0.626199E-01,1.09363,0.274182E-13,-0.168429E-13,1.09363,3.21591,349.740,201.735,3.28249,-9999,0.130662,0.263651,120.792,0.166402E-01,109.677,0.100230E-01,0,-9999,-9999,-9999,-9999,-9999,-9999,-9999,-0.200261E-01,1.01058,-1.54704,1.02067,-0.115310E-01,1.24280,-0.258206E-03,1.24280,-0.555345E-01,1.24280,0.330577E-03,1.24280,800009000,800019100,800009000,800009011,800009000,800109110,801119111,811119111,80000,80000,80,81,0,1,1,2,0,0,0,0.410005,0.102052,0.152443E-01,0.132937E-01,0.495271E-06,0.153924E-01,0.768538E-06,-0.128902E-02,-0.638746E-05,-0.137380E-02,0.817775E-05,21.9939,96.5066,0.504265,0.518161E+09,294.054
CH-CHA_201811290100.csv,2018-11-29,07:00,333.2916,0,35990,35990,-0.248654E-01,1,0.454650E-02,-5.95915,1,1.81287,-0.179927E-01,1,0.552370E-02,-0.402864E-03,1,0.123678E-03,-0.294332E-01,2,0.206917E-01,0.489963E-03,1,0.110370E-03,-0.147479,0.111776E-02,0.250271E-04,-0.361482E-02,-0.438074E-04,0.721932E-11,0.154051E-11,0.184192E-12,536.546,13.0956,13.2694,0.900000,0,0.114492,2.79444,2.83152,0.350000,0,0.136893E-01,0.334117,0.338551,1.70000,0,283.467,282.293,96559.5,1.18580,1012.44,0.244072E-01,-0.261056E-04,0.966856E-02,1259.58,1155.41,0.815359E-02,100.000,0.00000,283.540,-0.433354,0.225439,0.310370E-01,0.489471,-0.340189E-12,0.134552E-13,0.489471,2.99685,65.5691,152.516,3.63552,-9999,0.144808,0.407567,43.3678,0.463477E-01,331.198,0.342777E-01,0,-9999,-9999,-9999,-9999,-9999,-9999,-9999,-0.245223E-01,1.01399,-5.84501,1.02393,-0.141945E-01,1.26758,-0.317822E-03,1.26758,-0.232201E-01,1.26758,0.386535E-03,1.26758,800009000,800019100,800009000,800009011,800009000,800109000,811119111,811119111,80000,80000,80,81,7,0,1,6,300,0,0,0.325585,0.474571,0.149767E-01,0.485055E-01,0.294570E-06,0.569606E-02,0.225495E-06,-0.486861E-02,-0.785967E-05,-0.574228E-03,0.955892E-05,21.9850,96.5107,0.505033,0.522030E+09,294.032
CH-CHA_201811290700.csv,2018-11-29,07:30,333.3124,0,36000,36000,-0.721810E-02,1,0.122107E-02,1.66809,1,0.386103,0.119586E-02,1,0.694428E-03,0.267619E-04,1,0.155404E-04,-0.254505E-02,2,0.968681E-02,0.187786E-03,1,0.744613E-04,-0.880097,-0.633481E-03,-0.141765E-04,-0.803235E-02,-0.187764E-04,0.790634E-12,0.158393E-12,0.201483E-13,537.574,13.0953,13.2690,4.90000,0,0.107696,2.62346,2.65827,0.500000E-01,0,0.136994E-01,0.333717,0.338145,1.40000,0,282.918,281.747,96559.5,1.18810,1012.42,0.243599E-01,0.173417E-05,0.968709E-02,1259.55,1113.51,0.815341E-02,100.000,0.00000,283.540,-0.980289E-01,-0.656945,0.154664E-01,0.664399,-0.400530E-13,0.147074E-14,0.664399,1.63012,281.323,261.513,1.33390,-9999,0.779443E-01,0.569651E-01,-24.1604,-0.831940E-01,1394.88,-0.177918E-01,0,-9999,-9999,-9999,-9999,-9999,-9999,-9999,-0.710516E-02,1.01590,1.63942,1.02178,0.100057E-02,1.19518,0.223915E-04,1.19518,-0.212943E-02,1.19518,0.157120E-03,1.19518,800009100,800009100,800009000,800009000,800019100,800019100,811119111,811119111,80101,80101,80,80,2,28,0,58,709,0,0,0.737711E-01,0.344334E-01,0.572575E-02,0.286046E-01,0.761908E-07,0.395918E-02,0.418335E-06,0.136293E-02,0.552666E-06,-0.525584E-04,0.387801E-05,22.0000,96.5054,0.505389,0.519962E+09,294.020
CH-CHA_201811290700.csv,2018-11-29,08:00,333.3332,0,36000,36000,-0.110123E-01,1,0.210829E-02,3.60159,1,0.577208,-0.743468E-02,2,0.456013E-02,-0.166382E-03,2,0.102052E-03,-0.526576E-02,2,0.101085E-01,0.178566E-03,1,0.397710E-04,0.377384E-01,-0.713998E-03,-0.159787E-04,-0.707296E-05,-0.250323E-04,0.452352E-12,0.906197E-13,0.115095E-13,537.516,13.0949,13.2687,2.05000,0,0.107681,2.62331,2.65812,0.500000E-01,0,0.136764E-01,0.333184,0.337605,1.50000,0,282.942,281.770,96559.5,1.18800,1012.42,0.243620E-01,-0.107816E-04,0.968603E-02,1259.52,1115.28,0.815319E-02,100.000,0.00000,283.539,0.116370,-0.288832,0.222011E-01,0.312184,-0.101375E-13,0.841560E-15,0.312184,1.25320,248.765,291.944,4.07806,-9999,0.962789E-01,0.584145E-01,-21.0897,-0.953073E-01,-484.431,-0.311016E-01,0,-9999,-9999,-9999,-9999,-9999,-9999,-9999,-0.107315E-01,1.02617,3.51657,1.02835,-0.617381E-02,1.20423,-0.138165E-03,1.20423,-0.437273E-02,1.20423,0.148283E-03,1.20423,800009000,800009100,800009000,800009011,800019000,800019010,811119111,811119111,80000,80000,80,81,0,15,3,31,85,0,0,0.816608E-01,0.290726E-01,0.609556E-02,0.220410E-01,0.344305E-06,0.723273E-02,0.972839E-07,0.292374E-02,-0.341046E-05,-0.107936E-03,0.366020E-05,21.9972,96.5069,0.505904,0.517429E+09,294.026
CH-CHA_201811290700.csv,2018-11-29,08:30,333.3541,1,36000,36000,-0.383596E-02,0,0.127098E-02,9.01689,0,0.929607,0.510058E-02,0,0.256173E-02,0.114149E-03,0,0.573307E-04,-0.121095E-01,1,0.960550E-02,0.197901E-03,1,0.515369E-04,0.331516E-01,0.426835E-04,0.955244E-06,0.135725E-02,-0.691252E-05,-0.413265E-11,-0.837013E-12,-0.105104E-12,537.477,13.0950,13.2687,5.00000,0,0.108859,2.65221,2.68740,5.00000,0,0.136694E-01,0.333037,0.337456,1.10000,0,282.963,281.791,96559.5,1.18792,1012.42,0.243637E-01,0.739687E-05,0.968534E-02,1259.52,1116.84,0.815321E-02,100.000,0.00000,283.539,0.123868,-0.383226,0.111318E-01,0.402901,-0.383879E-13,-0.768898E-14,0.402901,1.18334,256.838,287.912,1.58323,-9999,0.568256E-01,0.488301E-01,-1.73199,-1.16051,1767.82,-0.131936,0,-9999,-9999,-9999,-9999,-9999,-9999,-9999,-0.375379E-02,1.02189,8.82931,1.02554,0.425059E-02,1.19997,0.951269E-04,1.19997,-0.100915E-01,1.19997,0.164922E-03,1.19997,800009000,800009100,800009000,800009000,800009000,800019000,811119111,811119111,80101,80101,80,81,13,6,1,23,259,0,0,0.657287E-01,0.246463E-01,0.728520E-02,0.261037E-01,0.208960E-06,0.179661E-02,0.118141E-06,0.734139E-02,0.234828E-05,-0.249116E-03,0.407123E-05,22.0000,96.5059,0.505917,0.517254E+09,294.039
not_enough_data,2018-11-29,09:00,333.374,-9999,-9999,-9999,-9999,-9999,-9999,-9999,-9999,-9999,-9999,-9999,-9999,-9999,-9999,-9999,-9999,-9999,-9999,-9999,-9999,-9999,-9999,-9999,-9999,-9999,-9999,-9999,-9999,-9999,-9999,-9999,-9999,-9999,-9999,-9999,-9999,-9999,-9999,-9999,-9999,-9999,-9999,-9999,-9999,-9999,-9999,-9999,-9999,-9999,-9999,-9999,-9999,-9999,-9999,-9999,-9999,-9999,-9999,-9999,-9999,-9999,-9999,-9999,-9999,-9999,-9999,-9999,-9999,-9999,-9999,-9999,-9999,-9999,-9999,-9999,-9999,-9999,-9999,-9999,-9999,-9999,-9999,-9999,-9999,-9999,-9999,-9999,-9999,-9999,-9999,-9999,-9999,-9999,-9999,-9999,-9999,-9999,-9999,-9999,-9999,-9999,-9999,-9999,-9999,-9999,-9999,-9999,-9999,-9999,-9999,-9999,-9999,-9999,-9999,-9999,-9999,-9999,-9999,-9999,-9999,-9999,-9999,-9999,-9999,-9999,-9999,-9999,-9999,-9999,-9999,-9999
CH-CHA_201811290858.csv,2018-11-29,09:30,333.3957,1,36000,36000,-0.169922E-01,1,0.281145E-02,4.64446,2,1.62223,0.403828E-01,1,0.164836E-01,0.903990E-03,1,0.368995E-03,-0.408194E-01,1,0.173682E-01,-0.956266E-04,2,0.137114E-03,-9999,-9999,-9999,-9999,-9999,0.131954E-11,0.251333E-12,0.335306E-13,537.019,13.0965,13.2703,4.40000,0,0.102286,2.49449,2.52759,5.00000,0,0.136461E-01,0.332793,0.337210,5.00000,0,283.237,282.064,96559.5,1.18677,1012.43,0.243874E-01,0.585786E-04,0.967709E-02,1259.67,1137.68,0.815417E-02,100.000,0.00000,283.541,-1.11315,-0.253428,0.511628E-01,1.14278,-0.672359E-13,0.245716E-14,1.14278,2.42541,355.140,192.826,2.56602,-9999,0.119658,0.119602,-31.3953,-0.640223E-01,115.011,-0.323045E-01,0,-9999,-9999,-9999,-9999,-9999,-9999,-9999,-0.167885E-01,1.01213,4.57455,1.01997,0.337676E-01,1.19590,0.755905E-03,1.19590,-0.341327E-01,1.19590,-0.799617E-04,1.19590,800009000,800009100,800009000,800009000,800009000,800009000,801119111,811119111,80101,80101,80,81,0,3,0,11,280,0,0,0.150871,0.714836E-01,0.168502E-01,0.191271,0.161489E-05,0.337293E-02,0.211237E-06,0.380731E-02,0.186782E-04,-0.843410E-03,-0.197583E-05,22.0000,96.5144,0.514389,0.529464E+09,294.022
CH-CHA_201811290858.csv,2018-11-29,10:00,333.4166,1,36000,36000,-0.121210E-01,1,0.365502E-02,17.1266,0,3.95250,0.391778E-01,0,0.100826E-01,0.875314E-03,0,0.225266E-03,0.104236E-01,1,0.142431E-01,0.776484E-04,2,0.417665E-04,-3.29346,0.767618E-02,0.171502E-03,-0.245604E-02,-0.299175E-04,-0.630307E-11,-0.117521E-11,-0.159817E-12,541.066,13.1001,13.2740,4.45000,0,0.100882,2.44253,2.47495,0.500000E-01,0,0.137190E-01,0.332160,0.336570,1.40000,0,281.197,280.032,96559.5,1.19538,1012.38,0.242117E-01,0.567203E-04,0.975002E-02,1260.02,990.569,0.815643E-02,100.000,0.00000,283.545,-0.837685,-0.380587,0.387611E-01,0.920904,0.231021E-12,-0.116493E-13,0.920904,2.53052,347.118,204.434,2.41231,-9999,0.100697,0.275691,-5.07379,-0.396153,437.151,-0.140541,0,-9999,-9999,-9999,-9999,-9999,-9999,-9999,-0.119615E-01,1.01334,16.8561,1.02041,0.327916E-01,1.19475,0.732633E-03,1.19475,0.872453E-02,1.19475,0.649913E-04,1.19475,800009000,800009100,800009000,800009000,800009001,800019001,800019111,811119111,80111,80111,80,81,3,6,0,4,0,0,0,0.273197,0.258030,0.201549E-01,0.197157,0.484814E-06,0.175335E-02,0.103669E-06,0.139286E-01,0.179728E-04,0.214028E-03,0.159435E-05,22.0000,96.5150,0.515000,0.557259E+09,294.022
CH-CHA_201811290858.csv,2018-11-29,10:30,333.4374,1,36000,36000,-0.268532E-01,0,0.315515E-02,23.7512,0,2.23882,0.448786E-01,1,0.219197E-01,0.100273E-02,1,0.489754E-03,-0.266774E-01,1,0.156495E-01,0.190047E-03,1,0.696238E-04,0.739125E-01,0.528059E-02,0.117985E-03,0.125289E-02,-0.174498E-05,-0.177700E-11,-0.334855E-12,-0.450431E-13,541.081,13.1026,13.2766,5.00000,0,0.101961,2.46904,2.50182,5.00000,0,0.137152E-01,0.332123,0.336533,1.30000,0,281.243,280.077,96559.5,1.19518,1012.38,0.242156E-01,0.649767E-04,0.975028E-02,1260.26,993.677,0.815798E-02,100.000,0.00000,283.548,-1.26456,-0.439251,0.790036E-01,1.34100,0.676578E-13,-0.328416E-14,1.34100,2.58351,349.677,199.155,3.37747,-9999,0.149893,0.180366,-12.0673,-0.166566,529.233,-0.130956,0,-9999,-9999,-9999,-9999,-9999,-9999,-9999,-0.265485E-01,1.01148,23.3873,1.01990,0.374718E-01,1.19766,0.837235E-03,1.19766,-0.222745E-01,1.19766,0.158681E-03,1.19766,800009000,800009100,800009000,800009000,800009000,800009000,800009111,800009111,80101,80101,80,80,1,0,0,5,0,0,0,0.116986,0.216567,0.271790E-01,0.717012E-01,0.174888E-05,0.180283E-02,0.138745E-06,0.193286E-01,0.205423E-04,-0.546525E-03,0.389337E-05,22.0000,96.5139,0.513944,0.576326E+09,294.034
CH-CHA_201811290858.csv,2018-11-29,11:00,333.4582,1,36000,36000,-0.101894E-01,1,0.136250E-02,20.0949,0,1.79058,0.360350E-01,0,0.119077E-01,0.805512E-03,0,0.266180E-03,-0.516123E-02,1,0.146582E-01,-0.131765E-03,2,0.246583E-03,0.796313,0.546155E-02,0.122085E-03,-0.535678E-02,-0.558072E-04,0.465935E-12,0.837459E-13,0.117661E-13,540.238,13.1052,13.2792,4.50000,0,0.971008E-01,2.35549,2.38677,5.00000,0,0.136424E-01,0.330941,0.335335,4.50000,0,281.737,280.570,96559.5,1.19308,1012.40,0.242582E-01,0.521972E-04,0.973508E-02,1260.50,1027.77,0.815959E-02,100.000,0.00000,283.551,-1.08336,0.243267,0.386619E-01,1.11101,0.152194E-12,0.862463E-15,1.11101,2.82627,18.3721,167.344,1.99423,-9999,0.924141E-01,0.237372,-3.34263,-0.601323,557.648,-0.180022,0,-9999,-9999,-9999,-9999,-9999,-9999,-9999,-0.100659E-01,1.01227,19.7849,1.02000,0.301377E-01,1.19568,0.673686E-03,1.19568,-0.431657E-02,1.19568,-0.110201E-03,1.19568,800009000,800009100,800009000,800009000,800009000,800019010,800019111,811119111,80111,80111,80,81,0,1,1,42,1,0,0,0.147609,0.301665,0.254710E-01,0.633410E-01,0.692770E-06,0.175425E-02,0.543768E-06,0.163799E-01,0.165586E-04,-0.106097E-03,-0.270863E-05,22.0000,96.5143,0.514306,0.596410E+09,293.970
CH-CHA_201811290858.csv,2018-11-29,11:30,333.4790,1,36000,36000,-0.124438E-01,1,0.655800E-02,34.3943,0,4.50558,0.883072E-01,1,0.284493E-01,0.197518E-02,1,0.636330E-03,0.797956E-02,2,0.129882E-01,0.416412E-03,0,0.187644E-03,1.02596,0.597375E-02,0.133616E-03,-0.489222E-02,-0.778505E-04,0.288258E-11,0.495139E-12,0.724132E-13,539.132,13.1080,13.2822,5.00000,0,0.926064E-01,2.25156,2.28147,4.20000,0,0.135435E-01,0.329287,0.333660,1.00000,0,282.376,281.206,96559.5,1.19039,1012.42,0.243132E-01,0.127992E-03,0.971517E-02,1260.78,1073.33,0.816136E-02,100.000,0.00000,283.554,-0.412093,-0.405920E-01,0.278844E-01,0.415025,0.168774E-13,0.534670E-14,0.415025,2.04980,15.7373,185.626,3.85245,-9999,0.102243,0.250743,-2.64470,-0.760011,389.484,-0.279131,0,-9999,-9999,-9999,-9999,-9999,-9999,-9999,-0.121824E-01,1.02145,33.6916,1.02526,0.736166E-01,1.19956,0.164659E-02,1.19956,0.665209E-02,1.19956,0.347139E-03,1.19956,800009000,800009100,800009000,800009011,800009000,800009000,801109111,811119111,80111,80111,81,81,2,3,0,7,1,0,0,0.303167,0.173882,0.244372E-01,0.133260,0.183718E-05,0.776313E-03,0.239241E-06,0.279560E-01,0.405637E-04,0.163874E-03,0.855172E-05,21.9972,96.5138,0.512766,0.618091E+09,293.926
CH-CHA_201811290858.csv,2018-11-29,12:00,333.4999,1,36000,36000,-0.723115E-02,1,0.208829E-02,21.2556,0,2.57526,0.305158E-01,0,0.123543E-01,0.682832E-03,0,0.276444E-03,0.608571E-02,2,0.115571E-01,0.246010E-03,0,0.899109E-04,0.694048,0.388663E-02,0.869687E-04,-0.469144E-03,0.255057E-04,-0.238041E-11,-0.407011E-12,-0.598883E-13,538.383,13.1099,13.2841,5.00000,0,0.920548E-01,2.24158,2.27136,3.50000,0,0.135451E-01,0.329829,0.334211,2.40000,0,282.809,281.636,96559.5,1.18856,1012.43,0.243505E-01,0.442475E-04,0.970167E-02,1260.95,1105.20,0.816252E-02,100.000,0.00000,283.556,-0.192298E-01,0.295203,0.257789E-01,0.296950,-0.195594E-12,-0.442140E-14,0.296950,2.33927,110.705,93.7270,4.98025,-9999,0.779996E-01,0.257105,-1.90009,-1.05784,696.544,-0.226461,0,-9999,-9999,-9999,-9999,-9999,-9999,-9999,-0.704021E-02,1.02712,20.7448,1.02898,0.253197E-01,1.20522,0.566564E-03,1.20522,0.504948E-02,1.20522,0.204121E-03,1.20522,800009000,800009100,800009000,800009000,800009000,800009000,800009111,801119111,80101,80101,81,81,0,1,0,6,0,0,0,0.193658,0.295929,0.246235E-01,0.809849E-01,0.506963E-06,0.704181E-03,0.119863E-06,0.172395E-01,0.139786E-04,0.124584E-03,0.503621E-05,22.0000,96.5087,0.508750,0.632380E+09,293.994
CH-CHA_201811290858.csv,2018-11-29,12:30,333.5207,1,36000,36000,-0.354776E-02,1,0.155107E-02,17.8904,0,2.55720,0.902239E-02,0,0.209816E-01,0.201841E-03,0,0.469382E-03,-0.843549E-02,2,0.100018E-01,0.198112E-03,1,0.863277E-04,-0.396707,0.251158E-02,0.561867E-04,0.297403E-04,0.255874E-04,0.515838E-11,0.882168E-12,0.129981E-12,538.903,13.1111,13.2853,4.95000,0,0.921612E-01,2.24221,2.27200,5.00000,0,0.135793E-01,0.330373,0.334762,2.15000,0,282.562,281.390,96559.5,1.18960,1012.42,0.243292E-01,0.130793E-04,0.971103E-02,1261.07,1086.90,0.816326E-02,100.000,0.00000,283.558,0.473568E-01,0.524445,0.228901E-01,0.527076,-0.136945E-13,0.957201E-14,0.527076,2.28731,112.888,84.8402,2.48906,-9999,0.546105E-01,0.202881,-0.774776,-2.59430,1982.89,-0.272007,0,-9999,-9999,-9999,-9999,-9999,-9999,-9999,-0.348393E-02,1.01832,17.5574,1.02325,0.753867E-02,1.19681,0.168648E-03,1.19681,-0.704829E-02,1.19681,0.165533E-03,1.19681,800009000,800009100,800009000,800009000,800009000,800109010,811119111,811119111,80001,80001,80,81,30,1,6,34,0,0,0,0.144145,0.233740,0.278787E-01,0.455675E-01,0.201371E-05,0.454856E-03,0.865720E-07,0.145779E-01,0.415738E-05,-0.173749E-03,0.408058E-05,22.0000,96.5064,0.506444,0.641498E+09,294.044
CH-CHA_201811290858.csv,2018-11-29,13:00,333.5415,1,35992,35992,-0.126627E-01,0,0.381613E-02,19.7379,0,2.65321,0.548448E-01,0,0.143762E-01,0.122758E-02,0,0.321779E-03,0.208003E-02,1,0.248462E-02,0.394834E-04,2,0.295084E-04,0.876676,0.642206E-02,0.143744E-03,0.503909E-03,0.209103E-05,0.187727E-11,0.322506E-12,0.472988E-13,537.987,13.1142,13.2884,4.95000,0,0.924234E-01,2.25295,2.28288,5.00000,0,0.135549E-01,0.330418,0.334809,1.50000,0,283.109,281.935,96559.5,1.18730,1012.44,0.243763E-01,0.795471E-04,0.969452E-02,1261.36,1127.78,0.816517E-02,100.000,0.00000,283.561,-0.709320E-01,-0.438996,0.916454E-02,0.444784,0.451144E-13,0.348944E-14,0.444784,1.69056,290.156,260.822,1.18063,-9999,0.103272,0.132891,-4.74922,-0.423228,359.886,-0.158997,0,-9999,-9999,-9999,-9999,-9999,-9999,-9999,-0.124087E-01,1.02047,19.3468,1.02462,0.457554E-01,1.19865,0.102413E-02,1.19865,0.173531E-02,1.19865,0.329398E-04,1.19865,800009000,800009100,800009000,800009000,800009000,800019000,810019111,811119111,80110,80110,80,80,3,2,0,23,0,0,0,0.141168,0.105808,0.188064E-01,0.136420,0.758192E-06,0.461754E-04,0.791859E-07,0.160946E-01,0.252950E-04,0.428603E-04,0.813581E-06,22.0000,96.5036,0.503612,0.664960E+09,294.061
CH-CHA_201811291300.csv,2018-11-29,13:30,333.5624,1,36000,36000,-0.210278E-01,0,0.463765E-02,35.6960,0,3.80646,0.168490,1,0.406610E-01,0.377468E-02,1,0.910925E-03,-0.861037E-02,1,0.262598E-02,0.303773E-03,0,0.142761E-03,1.50889,0.507411E-02,0.113675E-03,-0.596909E-03,-0.438866E-04,-0.536745E-12,-0.916710E-13,-0.134827E-13,536.297,13.1166,13.2909,5.00000,0,0.915944E-01,2.24019,2.26996,3.85000,0,0.134714E-01,0.329480,0.333859,1.50000,0,284.054,282.876,96559.5,1.18335,1012.46,0.244577E-01,0.244599E-03,0.966407E-02,1261.59,1201.57,0.816668E-02,100.000,0.00000,283.564,0.984925E-03,-0.551798,0.210953E-01,0.552202,0.746435E-13,-0.100084E-14,0.552202,2.00681,277.965,270.102,2.18935,-9999,0.133303,0.201889,-5.64786,-0.355887,211.858,-0.223505,0,-9999,-9999,-9999,-9999,-9999,-9999,-9999,-0.206603E-01,1.01779,35.0504,1.02292,0.140831,1.19640,0.315502E-02,1.19640,-0.719688E-02,1.19640,0.253905E-03,1.19640,800009000,800009100,800009000,800009000,800009000,800009000,800009111,811119111,80101,80101,80,81,5,11,1,23,0,0,0,0.190643,0.190181,0.229541E-01,0.124074,0.442650E-05,0.404888E-04,0.190927E-06,0.292550E-01,0.781860E-04,-0.178349E-03,0.629215E-05,22.0000,96.5049,0.504861,0.683649E+09,294.075
CH-CHA_201811291300.csv,2018-11-29,14:00,333.5832,1,36000,36000,0.322608E-02,0,0.258356E-02,22.7856,0,3.50918,0.982884E-01,1,0.191687E-01,0.220416E-02,1,0.429866E-03,-0.697679E-03,2,0.264342E-02,0.326743E-03,1,0.626008E-04,1.67467,0.474197E-02,0.106340E-03,-0.864889E-03,0.244948E-04,0.149198E-12,0.252662E-13,0.375308E-14,534.410,13.1189,13.2933,5.00000,0,0.905006E-01,2.22164,2.25117,4.90000,0,0.134431E-01,0.330005,0.334392,1.90000,0,285.106,283.923,96559.5,1.17899,1012.49,0.245483E-01,0.142829E-03,0.963007E-02,1261.81,1288.76,0.816810E-02,97.9092,26.9449,283.566,0.774951E-01,0.460876,0.158282E-01,0.467614,-0.169693E-14,0.279182E-15,0.467614,1.69741,100.989,80.4552,1.93977,-9999,0.523098E-01,0.882686E-01,-0.534669,-3.75934,231.824,-0.364904,0,-9999,-9999,-9999,-9999,-9999,-9999,-9999,0.316344E-02,1.01980,22.3453,1.02419,0.820400E-01,1.19805,0.183978E-02,1.19805,-0.582343E-03,1.19805,0.272728E-03,1.19805,800009000,800009100,800009000,800009000,800009000,800009000,811119111,811119111,80101,80101,81,81,0,0,2,4,0,0,0,0.100238,0.597435E-01,0.165561E-01,0.129618,0.116967E-05,0.458035E-04,0.735904E-07,0.187193E-01,0.457615E-04,-0.144848E-04,0.678366E-05,22.0000,96.5126,0.512611,0.701166E+09,294.074
CH-CHA_201811291300.csv,2018-11-29,14:30,333.6040,1,36000,36000,0.416830E-02,0,0.362214E-02,16.5469,0,2.66521,0.711674E-01,1,0.133749E-01,0.159735E-02,1,0.300199E-03,0.141843E-02,2,0.150439E-02,0.310900E-03,0,0.507032E-04,1.45011,0.779778E-03,0.175021E-04,-0.211124E-03,0.203095E-06,-0.254465E-11,-0.430035E-12,-0.640098E-13,532.718,13.1192,13.2936,5.00000,0,0.900269E-01,2.21709,2.24657,1.05000,0,0.134003E-01,0.330010,0.334397,1.95000,0,286.020,284.834,96559.5,1.17522,1012.50,0.246270E-01,0.103508E-03,0.959957E-02,1261.85,1368.96,0.816834E-02,92.1756,107.114,283.567,0.208223,0.126477,0.117739E-01,0.243910,-0.748606E-13,-0.477673E-14,0.243910,1.31624,178.101,31.2749,2.76683,-9999,0.595553E-01,0.139513,-1.08654,-1.84990,232.507,-0.233497,0,-9999,-9999,-9999,-9999,-9999,-9999,-9999,0.404184E-02,1.03129,16.1084,1.03175,0.588340E-01,1.20963,0.132053E-02,1.20963,0.117261E-02,1.20963,0.257021E-03,1.20963,800009000,800009100,800009000,800009011,800009000,800019000,811119111,811119111,80111,80111,80,81,3,4,0,14,1,0,0,0.118029,0.145444,0.155532E-01,0.110070,0.684300E-06,0.199136E-04,0.673327E-07,0.135374E-01,0.329512E-04,0.292603E-04,0.641346E-05,21.9872,96.5241,0.519332,0.704107E+09,294.066
CH-CHA_201811291300.csv,2018-11-29,15:00,333.6249,1,36000,36000,-0.848673E-02,0,0.204396E-02,12.7519,1,2.23481,0.197051E-01,0,0.462281E-02,0.442686E-03,0,0.103854E-03,-0.116056E-01,1,0.331687E-02,0.693176E-04,2,0.366914E-04,1.52077,0.434314E-03,0.975711E-05,-0.219134E-04,-0.134970E-04,-0.568965E-11,-0.961304E-12,-0.142992E-12,530.941,13.1195,13.2939,4.65000,0,0.897061E-01,2.21662,2.24609,0.200000,0,0.133436E-01,0.329718,0.334102,1.45000,0,286.982,285.791,96559.5,1.17128,1012.52,0.247098E-01,0.286860E-04,0.956756E-02,1261.87,1458.07,0.816847E-02,86.5440,196.198,283.567,-0.610614,-0.144239,0.483818E-01,0.629281,0.956226E-13,-0.107162E-13,0.629281,1.72293,353.211,193.291,4.40949,-9999,0.851217E-01,0.114898,-4.11676,-0.488248,647.137,-0.126319,0,-9999,-9999,-9999,-9999,-9999,-9999,-9999,-0.834967E-02,1.01642,12.5295,1.02208,0.164831E-01,1.19547,0.370303E-03,1.19547,-0.970798E-02,1.19547,0.579836E-04,1.19547,800009000,800009100,800009000,800009011,800009000,800019000,801119111,811119111,80000,80000,80,81,1,5,1,7,3,0,0,0.110105,0.108729,0.109616E-01,0.877937E-01,0.272139E-06,0.148999E-03,0.125921E-06,0.105650E-01,0.927127E-05,-0.243059E-03,0.145173E-05,21.9622,96.5336,0.519426,0.705558E+09,294.082
CH-CHA_201811291300.csv,2018-11-29,15:30,333.6457,1,36000,36000,-0.115334E-01,0,0.228898E-02,2.77230,0,0.389642,0.126066E-01,0,0.362978E-02,0.283330E-03,0,0.815783E-04,-0.146312E-02,2,0.109860E-01,0.318631E-03,0,0.585170E-04,0.674635,-0.148209E-02,-0.333097E-04,0.844352E-03,0.308490E-04,-0.234590E-11,-0.399641E-12,-0.590796E-13,530.123,13.1187,13.2931,5.00000,0,0.903105E-01,2.23488,2.26459,5.00000,0,0.133507E-01,0.330385,0.334777,1.30000,0,287.409,286.217,96559.5,1.16954,1012.53,0.247466E-01,0.183598E-04,0.955281E-02,1261.80,1499.26,0.816802E-02,84.1614,237.463,283.566,-0.920340,-0.373268,0.526211E-01,0.994547,-0.898714E-13,-0.442519E-14,0.994547,2.46392,352.684,202.076,3.03292,-9999,0.993050E-01,0.279578,-30.0667,-0.668514E-01,219.909,-0.235748E-01,0,-9999,-9999,-9999,-9999,-9999,-9999,-9999,-0.113869E-01,1.01287,2.72940,1.02021,0.105493E-01,1.19502,0.237093E-03,1.19502,-0.122435E-02,1.19502,0.266633E-03,1.19502,800009000,800019100,800009000,800009000,800009000,800009000,801119111,811119111,80111,80111,80,81,10,1,0,3,0,0,0,0.175088,0.369870,0.141983E-01,0.482697E-02,0.219973E-06,0.193875E-02,0.131572E-06,0.230487E-02,0.594494E-05,-0.306997E-04,0.668563E-05,22.0000,96.5215,0.521500,0.700175E+09,294.070
CH-CHA_201811291300.csv,2018-11-29,16:00,333.6665,1,36000,36000,-0.151925E-01,1,0.242900E-02,-0.280760,2,0.282607,0.612177E-02,1,0.293673E-02,0.137573E-03,1,0.659963E-04,-0.947747E-02,1,0.583197E-02,0.252221E-03,1,0.428236E-04,-0.150023,-0.242328E-02,-0.544577E-04,0.318072E-02,0.210186E-04,-0.203531E-11,-0.357430E-12,-0.513328E-13,530.250,13.1176,13.2919,4.75000,0,0.931197E-01,2.30363,2.33425,0.500000E-01,0,0.133735E-01,0.330840,0.335237,1.45000,0,287.314,286.122,96559.5,1.16992,1012.53,0.247384E-01,0.891472E-05,0.955511E-02,1261.69,1490.02,0.816729E-02,84.6760,228.330,283.565,-1.14310,-0.167924,0.634965E-01,1.15711,-0.147745E-13,-0.383839E-14,1.15711,2.63873,0.402488,188.357,3.14569,-9999,0.113956,0.126397,448.625,0.448036E-02,-45.8626,0.207987E-02,0,-9999,-9999,-9999,-9999,-9999,-9999,-9999,-0.150409E-01,1.01008,-0.276197,1.01967,0.497309E-02,1.23098,0.111759E-03,1.23098,-0.769913E-02,1.23098,0.204895E-03,1.23098,800009000,800019100,800009000,800009000,800009000,800009000,811119111,811119111,80101,80101,80,80,2,5,4,11,16,0,0,0.142372,0.940899E-01,0.163324E-01,0.166546E-02,0.197473E-06,0.579926E-03,0.966041E-07,-0.233161E-03,0.280134E-05,-0.192986E-03,0.513588E-05,22.0000,96.5209,0.520861,0.690919E+09,294.048
CH-CHA_201811291300.csv,2018-11-29,16:30,333.6873,1,36000,36000,-0.560048E-02,0,0.182163E-02,-0.699667,0,0.238428,0.145144E-02,2,0.145970E-02,0.326216E-04,2,0.328072E-04,-0.320458E-02,2,0.207411E-02,0.420891E-03,0,0.102521E-03,0.196057,-0.181004E-02,-0.406813E-04,-0.263139E-02,-0.138637E-05,-0.269922E-11,-0.462344E-12,-0.680759E-13,529.986,13.1167,13.2910,3.70000,0,0.907802E-01,2.24673,2.27659,5.00000,0,0.133665E-01,0.330810,0.335207,1.75000,0,287.438,286.246,96559.5,1.16942,1012.53,0.247491E-01,0.211388E-05,0.955035E-02,1261.60,1502.11,0.816674E-02,83.9884,240.512,283.564,-0.451226,0.103764,0.332471E-01,0.464196,-0.697899E-13,-0.509301E-14,0.464196,2.25184,21.6224,167.049,4.10721,-9999,0.692034E-01,0.988338E-01,40.3185,0.498531E-01,-482.052,0.853859E-02,0,-9999,-9999,-9999,-9999,-9999,-9999,-9999,-0.552134E-02,1.01433,-0.685830,1.02434,0.114197E-02,1.27099,0.256662E-04,1.27099,-0.252132E-02,1.27099,0.331151E-03,1.27099,800009100,800019100,800009000,800009011,800009000,810109010,811119111,811119111,80111,80111,80,81,4,4,5,6,423,0,0,0.839568E-01,0.103629,0.100820E-01,0.403812E-02,0.173535E-06,0.718227E-04,0.234833E-06,-0.579214E-03,0.643625E-06,-0.632264E-04,0.830419E-05,21.9956,96.5235,0.521810,0.684246E+09,294.033
CH-CHA_201811291300.csv,2018-11-29,17:00,333.7082,0,36000,36000,-0.260627E-02,2,0.160482E-02,-0.831062,2,0.404681,-0.426087E-02,2,0.473537E-02,-0.957790E-04,2,0.106445E-03,0.808228E-02,1,0.378867E-02,0.337608E-03,1,0.900466E-04,0.247638,-0.250601E-02,-0.563320E-04,-0.143131E-03,0.174955E-05,-0.142914E-11,-0.244480E-12,-0.360512E-13,529.648,13.1155,13.2898,3.45000,0,0.906056E-01,2.24363,2.27345,4.90000,0,0.133608E-01,0.330848,0.335244,1.55000,0,287.595,286.402,96559.5,1.16878,1012.53,0.247626E-01,-0.620648E-05,0.954425E-02,1261.49,1517.53,0.816598E-02,83.1278,256.041,283.562,-0.581063,0.469774E-01,0.253406E-01,0.583509,0.489475E-13,-0.269829E-14,0.583509,1.66184,18.0912,175.378,2.48902,-9999,0.472219E-01,0.148122,10.7847,0.186374,195.045,0.148713E-01,0,-9999,-9999,-9999,-9999,-9999,-9999,-9999,-0.256140E-02,1.01752,-0.807108,1.03422,-0.305692E-02,1.39385,-0.687156E-04,1.39385,0.579855E-02,1.39385,0.242213E-03,1.39385,800009000,800009100,800009000,800009000,800109000,801109010,811119111,811119111,80111,80111,80,81,3,0,3,1,175,1,0,0.131071,0.157494,0.767932E-02,0.161193E-01,0.355264E-06,0.344147E-03,0.322647E-06,-0.682009E-03,-0.172410E-05,0.145488E-03,0.607723E-05,22.0000,96.5199,0.519944,0.675082E+09,294.044
CH-CHA_201811291300.csv,2018-11-29,17:30,333.7290,0,36000,36000,0.226503E-02,1,0.723474E-03,1.02904,2,0.657511,0.175459E-01,1,0.504730E-02,0.394383E-03,1,0.113449E-03,-0.466086E-03,0,0.573365E-03,-0.460282E-03,2,0.170414E-03,-0.112962,-0.402201E-02,-0.904037E-04,-0.532511E-03,0.107084E-04,0.164589E-11,0.280154E-12,0.415540E-13,529.701,13.1135,13.2878,0.300000,0,0.901629E-01,2.23211,2.26177,3.45000,0,0.133735E-01,0.331079,0.335479,0.500000E-01,0,287.523,286.331,96559.5,1.16907,1012.53,0.247564E-01,0.255560E-04,0.954521E-02,1261.30,1510.48,0.816476E-02,83.5031,249.183,283.560,-0.193649E-02,0.212485,-0.162222E-02,0.212500,0.262617E-13,0.310720E-14,0.212500,0.666033,94.9186,90.5222,-0.437400,-9999,0.440165E-01,0.348372E-01,-7.05389,-0.284949,58.6484,-0.197500E-01,0,-9999,-9999,-9999,-9999,-9999,-9999,-9999,0.218921E-02,1.03463,1.00025,1.03399,0.144618E-01,1.21326,0.325060E-03,1.21326,-0.384159E-03,1.21326,-0.379375E-03,1.21326,800009000,800109100,800009000,800009000,800009000,800009000,811119111,811119111,80100,80100,80,81,16,1,4,8,164,0,0,0.240379E-01,0.432027E-01,0.243387E-02,0.252897E-01,0.611518E-06,0.228050E-04,0.133525E-05,0.845005E-03,0.815383E-05,-0.963628E-05,-0.951628E-05,22.0000,96.5178,0.517750,0.659976E+09,294.055
CH-CHA_201811291300.csv,2018-11-29,18:00,333.7498,0,36000,36000,0.901747E-03,2,0.478144E-03,-0.372685,1,0.131970,-0.996782E-03,2,0.498226E-03,-0.224040E-04,2,0.111983E-04,0.256399E-01,1,0.961931E-02,0.785948E-03,1,0.245169E-03,-0.672417E-01,-0.118151E-02,-0.265561E-04,0.459560E-02,0.137101E-03,-0.461039E-12,-0.819737E-13,-0.117447E-13,529.756,13.1129,13.2872,1.60000,0,0.941919E-01,2.33151,2.36249,3.10000,0,0.134952E-01,0.334045,0.338483,2.70000,0,287.481,286.289,96559.5,1.16925,1012.53,0.247528E-01,-0.145178E-05,0.954621E-02,1261.24,1506.30,0.816440E-02,83.7312,245.058,283.560,0.408817,0.427803,0.235253E-01,0.592200,-0.133194E-13,-0.870285E-15,0.592200,1.14232,139.593,46.3001,2.27669,-9999,0.277708E-01,0.549619E-01,4.89145,0.410921,373.888,0.113355E-01,0,-9999,-9999,-9999,-9999,-9999,-9999,-9999,0.879979E-03,1.02474,-0.356520,1.04982,-0.633362E-03,1.57380,-0.142356E-04,1.57380,0.162918E-01,1.57380,0.499396E-03,1.57380,800009000,800109100,800009000,800009000,800009010,800109010,811119111,811119111,80111,80111,80,81,0,0,3,2,6,0,0,0.493843E-01,0.594783E-01,0.106118E-02,0.558358E-02,0.207190E-06,0.186730E-01,0.120145E-04,-0.301142E-03,-0.357035E-06,0.408603E-03,0.125250E-04,22.0000,96.5191,0.519056,0.655813E+09,294.066
CH-CHA_201811291300.csv,2018-11-29,18:30,333.7707,0,36000,36000,0.139701E-02,1,0.392230E-03,-0.876813E-01,1,0.612558E-01,-0.730875E-03,2,0.516746E-03,-0.164279E-04,2,0.116149E-04,0.177721E-01,1,0.472889E-02,0.177510E-03,1,0.930382E-04,0.538509E-01,-0.752911E-03,-0.169232E-04,-0.185958E-02,-0.138531E-03,-0.247345E-11,-0.432209E-12,-0.624462E-13,529.679,13.1126,13.2868,1.80000,0,0.925558E-01,2.29128,2.32173,5.00000,0,0.133726E-01,0.331048,0.335447,4.30000,0,287.515,286.323,96559.5,1.16911,1012.53,0.247557E-01,-0.106453E-05,0.954481E-02,1261.21,1509.65,0.816418E-02,83.5432,248.440,283.559,0.409843,0.381070,0.186357E-01,0.559940,0.926132E-13,-0.466971E-14,0.559940,1.01035,140.763,42.9165,1.90725,-9999,0.345679E-01,0.449296E-01,40.0981,0.501270E-01,119.968,0.214275E-02,0,-9999,-9999,-9999,-9999,-9999,-9999,-9999,0.137842E-02,1.01349,-0.860252E-01,1.02393,-0.574942E-03,1.27121,-0.129230E-04,1.27121,0.139804E-01,1.27121,0.139638E-03,1.27121,800009000,800119100,800009000,800009000,800009010,800119011,811119111,811119111,80010,80010,80,81,0,0,2,13,225,0,0,0.400484E-01,0.489172E-01,0.893517E-03,0.449809E-02,0.219207E-06,0.693095E-02,0.320934E-05,-0.726714E-04,-0.324152E-06,0.350675E-03,0.350258E-05,22.0000,96.5171,0.517083,0.653066E+09,294.073
CH-CHA_201811291300.csv,2018-11-29,19:00,333.7915,0,35989,35989,-0.372885E-02,1,0.711690E-03,-0.596830E-01,2,0.761707E-01,0.604043E-02,1,0.391718E-02,0.135759E-03,1,0.880387E-04,0.634044E-01,2,0.196986E-01,0.409047E-03,1,0.111961E-03,-0.147707,-0.442165E-02,-0.993767E-04,0.905803E-02,0.678351E-04,0.256082E-11,0.485808E-12,0.649491E-13,529.765,13.1104,13.2846,2.20000,0,0.100501,2.48716,2.52020,0.200000,0,0.134362E-01,0.332515,0.336932,1.90000,0,287.421,286.229,96559.5,1.16949,1012.52,0.247476E-01,0.879717E-05,0.954636E-02,1261.00,1500.49,0.816284E-02,84.0396,239.484,283.557,0.175543,0.490632,0.194729E-01,0.521454,-0.927708E-13,0.483387E-14,0.521454,1.22902,109.868,70.3134,2.14012,-9999,0.564662E-01,0.863146E-01,256.761,0.782830E-02,-9.88058,0.892605E-03,0,-9999,-9999,-9999,-9999,-9999,-9999,-9999,-0.368145E-02,1.01287,-0.584184E-01,1.02074,0.491283E-02,1.22952,0.110416E-03,1.22952,0.515684E-01,1.22952,0.332688E-03,1.22952,800009000,800119100,800009000,800009011,800009000,800109000,811119111,811119111,80111,80111,80,81,0,0,1,5,247,0,0,0.114786,0.565221E-01,0.132116E-02,0.249099E-01,0.167510E-05,0.735029E-01,0.276265E-05,-0.493342E-04,0.276869E-05,0.129308E-02,0.834217E-05,21.9967,96.5204,0.519190,0.636149E+09,294.074
CH-CHA_201811291900.csv,2018-11-29,19:30,333.8123,0,36000,36000,0.256624E-02,1,0.776309E-03,5.14460,1,1.33744,0.511290E-01,1,0.106484E-01,0.114830E-02,1,0.239151E-03,-0.575834E-01,1,0.113904E-01,-0.108122E-02,1,0.216510E-03,-1.18594,-0.114355E-01,-0.256829E-03,-0.145431E-02,0.123066E-03,0.203693E-11,0.381710E-12,0.520963E-13,530.926,13.1049,13.2789,2.85000,0,0.994929E-01,2.45579,2.48840,0.500000E-01,0,0.135789E-01,0.335169,0.339620,0.500000E-01,0,286.671,285.483,96559.5,1.17255,1012.51,0.246831E-01,0.744101E-04,0.956728E-02,1260.47,1428.86,0.815938E-02,88.2151,168.391,283.550,0.224730,0.985740E-01,0.296681E-02,0.245416,-0.151199E-13,0.383656E-14,0.245416,1.06892,169.321,23.6839,0.692659,-9999,0.467825E-01,0.424783E-01,-1.69396,-1.18657,100.620,-0.926272E-01,0,-9999,-9999,-9999,-9999,-9999,-9999,-9999,0.248873E-02,1.03115,5.01012,1.03165,0.422736E-01,1.20948,0.949420E-03,1.20948,-0.476101E-01,1.20948,-0.893958E-03,1.20948,800009000,800109100,800009000,800009000,800009001,800119111,811119111,811119111,80100,80100,80,81,0,0,2,4,0,0,0,0.562880E-01,0.272642E-01,0.140426E-02,0.174845,0.449264E-05,0.130060E-01,0.921776E-05,0.422006E-02,0.237446E-04,-0.119071E-02,-0.223575E-04,22.0000,96.5181,0.518139,0.593813E+09,294.061
CH-CHA_201811291900.csv,2018-11-29,20:00,333.8331,0,36000,36000,0.206002E-02,1,0.723664E-03,-0.796260,1,0.325500,0.610788E-02,1,0.214853E-02,0.137111E-03,1,0.482306E-04,0.345909E-01,1,0.182436E-01,0.982476E-03,1,0.316920E-03,-0.790083,0.977216E-03,0.219368E-04,0.165291E-02,-0.652461E-04,-0.187297E-11,-0.356059E-12,-0.477005E-13,531.869,13.1053,13.2794,0.100000,0,0.101110,2.49138,2.52446,3.90000,0,0.135455E-01,0.333764,0.338197,5.00000,0,286.173,284.987,96559.5,1.17459,1012.50,0.246402E-01,0.888481E-05,0.958428E-02,1260.52,1382.91,0.815968E-02,91.1496,122.393,283.551,0.202753,0.336563,0.125081E-01,0.393115,-0.173318E-14,-0.352149E-14,0.393115,1.15542,138.402,58.9343,1.82333,-9999,0.418786E-01,0.693444E-01,7.85099,0.256019,-130.366,0.159875E-01,0,-9999,-9999,-9999,-9999,-9999,-9999,-9999,0.201775E-02,1.02095,-0.768577,1.04001,0.420901E-02,1.45114,0.944850E-04,1.45114,0.238370E-01,1.45114,0.677036E-03,1.45114,800009000,800109100,800009000,800009000,800009000,800019011,811119111,811119111,80111,80111,80,81,0,0,1,5,198,0,0,0.948714E-01,0.431001E-01,0.717344E-03,0.195724E-01,0.526626E-06,0.564207E-01,0.159106E-04,-0.646259E-03,0.235892E-05,0.595116E-03,0.169029E-04,22.0000,96.5183,0.518333,0.597324E+09,294.051
CH-CHA_201811291900.csv,2018-11-29,20:30,333.8540,0,36000,36000,-0.214667E-02,1,0.512283E-03,0.769395,2,0.537250,0.785535E-02,2,0.589339E-02,0.176277E-03,2,0.132250E-03,-0.261883E-02,2,0.240743E-02,0.101049E-02,1,0.275283E-03,-0.585692,-0.442174E-02,-0.992255E-04,0.173734E-02,0.242083E-03,-0.262610E-12,-0.506799E-13,-0.679350E-14,532.469,13.1032,13.2772,0.150000,0,0.102759,2.52873,2.56231,0.500000E-01,0,0.137746E-01,0.338970,0.343470,5.00000,0,285.804,284.620,96559.5,1.17611,1012.49,0.246084E-01,0.114227E-04,0.959510E-02,1260.31,1349.73,0.815835E-02,93.3751,89.4184,283.549,-0.933107E-01,-0.635984E-01,0.122708E-01,0.113588,-0.140208E-14,-0.493192E-15,0.113588,0.690072,333.205,214.277,6.20173,-9999,0.427228E-01,0.411890E-01,-8.62637,-0.233007,97.9455,-0.151235E-01,0,-9999,-9999,-9999,-9999,-9999,-9999,-9999,-0.203427E-02,1.05526,0.737650,1.04793,0.635196E-02,1.23668,0.142540E-03,1.23668,-0.211763E-02,1.23668,0.817097E-03,1.23668,800009000,800109100,800009000,800009011,800109000,800119000,811119111,811119111,80000,80000,80,81,0,0,4,6,11,0,0,0.274355E-01,0.538842E-01,0.105837E-02,0.442648E-01,0.212324E-05,0.514476E-02,0.706004E-05,0.619458E-03,0.355407E-05,-0.528006E-04,0.203734E-04,21.9478,96.5350,0.515485,0.580947E+09,294.049
CH-CHA_201811291900.csv,2018-11-29,21:00,333.8748,0,36000,36000,-0.108292,1,0.152625E-01,-113.649,1,18.9373,-0.625534,1,0.805963E-01,-0.140228E-01,1,0.180675E-02,0.685828,1,0.121764,0.191784E-01,1,0.298012E-02,-1.71453,-0.440555E-02,-0.987607E-04,-0.781651E-03,-0.130682E-03,0.274795E-10,0.526888E-11,0.705115E-12,534.395,13.1011,13.2750,5.00000,0,0.102464,2.51199,2.54534,5.00000,0,0.137124E-01,0.336170,0.340633,1.85000,0,284.728,283.548,96559.5,1.18055,1012.47,0.245157E-01,-0.908677E-03,0.962980E-02,1260.11,1256.94,0.815703E-02,100.000,0.00000,283.546,0.100568,0.502507E-01,0.317590E-01,0.116824,0.250332E-12,0.514216E-13,0.116824,1.26345,173.281,26.5498,15.7746,-9999,0.302869,0.236211,20.8062,0.966059E-01,181.683,0.313936,0,50.7668,-7.70406,17.4266,43.3947,66.1797,92.8179,139.058,-0.105327,1.02815,-110.321,1.03473,-0.471430,1.32688,-0.105682E-01,1.32688,0.516871,1.32688,0.144537E-01,1.32688,800009000,800109100,800009000,800009000,800009000,810009011,811119111,811119111,80011,80011,80,81,0,2,2,1,0,0,0,0.294122,0.151645,0.266554E-01,0.552171,0.433676E-05,0.272739E-01,0.152260E-04,-0.922978E-01,-0.262513E-03,0.128390E-01,0.359029E-03,22.0000,96.5191,0.519111,0.564615E+09,294.034
CH-CHA_201811291900.csv,2018-11-29,21:30,333.8956,0,36000,36000,-0.174762E-01,1,0.282722E-02,-9.50034,1,2.22952,-0.210263E-01,1,0.852742E-02,-0.470747E-03,1,0.190916E-03,0.508288E-01,2,0.182000E-01,0.315100E-02,1,0.624395E-03,-2.16444,-0.557867E-02,-0.124898E-03,0.211902E-02,0.218259E-03,0.885683E-13,0.172909E-13,0.230456E-14,536.836,13.0984,13.2723,4.80000,0,0.104805,2.55717,2.59111,5.00000,0,0.139686E-01,0.340824,0.345347,5.00000,0,283.376,282.202,96559.5,1.18618,1012.44,0.243993E-01,-0.305044E-04,0.967378E-02,1259.86,1148.33,0.815537E-02,100.000,0.00000,283.543,-0.320659,0.166884E-01,0.301053E-01,0.322501,-0.186592E-13,0.164982E-15,0.322501,1.37455,19.5639,177.021,5.35633,-9999,0.121380,0.169011,16.0206,0.125464,451.831,0.651737E-01,0,-9999,-9999,-9999,-9999,-9999,-9999,-9999,-0.171651E-01,1.01812,-9.25270,1.03116,-0.156727E-01,1.34158,-0.350889E-03,1.34158,0.378871E-01,1.34158,0.234872E-02,1.34158,800009000,800109100,800009000,800009011,800009000,800009000,811109111,811119111,80000,80000,80,81,0,0,2,0,0,0,0,0.226096,0.109661,0.226545E-02,0.182203,0.130894E-05,0.117373E-01,0.125714E-04,-0.770458E-02,-0.867464E-05,0.936642E-03,0.580647E-04,21.9967,96.5204,0.519114,0.544209E+09,294.015
CH-CHA_201811291900.csv,2018-11-29,22:00,333.9165,0,36000,36000,-0.293382E-02,1,0.517052E-03,-0.488048,2,0.583366,-0.637191E-03,2,0.272633E-02,-0.142589E-04,2,0.610090E-04,-0.238059E-01,2,0.326148E-01,0.348426E-03,2,0.336476E-03,-0.810281,0.908197E-03,0.203234E-04,0.137104E-01,0.650374E-04,-0.317261E-12,-0.690030E-13,-0.828845E-14,537.812,13.0989,13.2727,5.00000,0,0.116972,2.84895,2.88676,5.00000,0,0.140503E-01,0.342208,0.346750,1.20000,0,282.871,281.699,96559.5,1.18830,1012.42,0.243558E-01,-0.923976E-06,0.969137E-02,1259.90,1109.92,0.815564E-02,100.000,0.00000,283.544,0.202306,-0.379189E-01,0.125325E-01,0.206210,-0.347459E-13,-0.589912E-15,0.206210,0.890898,193.616,349.384,3.48432,-9999,0.496882E-01,0.517445E-01,21.3927,0.939571E-01,765.937,0.816433E-02,0,-9999,-9999,-9999,-9999,-9999,-9999,-9999,-0.287381E-02,1.02088,-0.475497,1.03075,-0.483924E-03,1.31672,-0.108291E-04,1.31672,-0.180797E-01,1.31672,0.264618E-03,1.31672,800009000,800109100,800009000,800009011,800009011,800119011,811119111,811119111,80000,80000,80,81,0,0,0,4,141,0,0,0.313631E-01,0.709493E-01,0.117656E-02,0.394212E-01,0.388149E-06,0.847560E-01,0.141403E-04,-0.395238E-03,-0.267239E-06,-0.446169E-03,0.653019E-05,22.0000,96.5187,0.518722,0.547622E+09,294.009
CH-CHA_201811291900.csv,2018-11-29,22:30,333.9373,0,36000,36000,-0.524768E-02,1,0.711109E-03,-2.01191,1,0.305981,0.352859E-02,1,0.288829E-02,0.789121E-04,1,0.645926E-04,-0.508833E-01,2,0.205988E-01,-0.317126E-03,1,0.454550E-03,-1.06505,0.827741E-03,0.185113E-04,0.359027E-02,-0.136973E-03,-0.805680E-12,-0.179915E-12,-0.208689E-13,539.090,13.0993,13.2731,0.150000,0,0.120384,2.92518,2.96400,2.10000,0,0.139636E-01,0.339299,0.343803,5.00000,0,282.209,281.040,96559.5,1.19109,1012.41,0.242988E-01,0.511351E-05,0.971441E-02,1259.93,1061.27,0.815589E-02,100.000,0.00000,283.544,0.374422,0.676906,0.266476E-01,0.774018,0.274794E-14,-0.149452E-14,0.774018,1.49927,126.589,61.0514,1.97295,-9999,0.663760E-01,0.637551E-01,12.3705,0.162483,-570.173,0.251361E-01,0,-9999,-9999,-9999,-9999,-9999,-9999,-9999,-0.516440E-02,1.01612,-1.95712,1.03221,0.256553E-02,1.37539,0.573744E-04,1.37539,-0.369956E-01,1.37539,-0.230572E-03,1.37539,800009000,800009100,800009000,800009011,800009000,800009000,811119111,811119111,80111,80111,80,80,0,1,1,16,3,0,0,0.638632E-01,0.594695E-01,0.417753E-02,0.219398E-01,0.530248E-06,0.293575E-01,0.136503E-04,-0.162300E-02,0.141256E-05,-0.910834E-03,-0.567670E-05,21.9839,96.5241,0.518028,0.550573E+09,294.020
CH-CHA_201811291900.csv,2018-11-29,23:00,333.9581,0,36000,36000,0.167045E-02,1,0.408455E-03,-0.754412,2,1.38149,0.132698E-01,1,0.332027E-02,0.296615E-03,1,0.742169E-04,-0.444939E-01,1,0.904830E-02,-0.701093E-03,1,0.143290E-03,-0.828295,-0.737220E-03,-0.164788E-04,-0.102110E-01,-0.168088E-03,-0.162753E-11,-0.336562E-12,-0.417150E-13,540.060,13.0989,13.2728,2.00000,0,0.111681,2.70877,2.74472,5.00000,0,0.138422E-01,0.335737,0.340193,0.500000E-01,0,281.694,280.527,96559.5,1.19327,1012.39,0.242545E-01,0.192206E-04,0.973188E-02,1259.90,1024.81,0.815567E-02,100.000,0.00000,283.544,0.209122,0.176106,0.308556E-02,0.273414,-0.577199E-13,-0.301360E-14,0.273414,0.740405,157.589,40.1015,0.646614,-9999,0.374152E-01,0.494219E-01,5.90874,0.340174,-56.8520,0.166907E-01,0,-9999,-9999,-9999,-9999,-9999,-9999,-9999,0.162973E-02,1.02499,-0.723125,1.04688,0.873370E-02,1.51937,0.195222E-03,1.51937,-0.292844E-01,1.51937,-0.461436E-03,1.51937,800009000,800109100,800009000,800009011,800009000,800009100,811119111,811119111,80000,80000,80,81,5,0,2,8,0,0,0,0.138216E-01,0.834964E-01,0.152578E-02,0.157942,0.565479E-06,0.604528E-02,0.180235E-05,-0.598587E-03,0.479761E-05,-0.719669E-03,-0.113399E-04,21.9850,96.5228,0.517138,0.547866E+09,294.031
CH-CHA_201811291900.csv,2018-11-29,23:30,333.9790,0,36000,36000,0.647893E-02,1,0.708229E-03,-0.849887,1,0.284622,0.691938E-02,1,0.174023E-02,0.154556E-03,1,0.388709E-04,-0.129543E-02,2,0.458811E-02,-0.335930E-03,1,0.254735E-03,-1.22262,-0.166399E-02,-0.371680E-04,0.491769E-02,0.132846E-03,-0.111056E-11,-0.238484E-12,-0.287045E-13,541.483,13.0981,13.2720,0.900000,0,0.116279,2.81271,2.85004,2.60000,0,0.139956E-01,0.338545,0.343038,5.00000,0,280.937,279.774,96559.5,1.19648,1012.37,0.241894E-01,0.100152E-04,0.975753E-02,1259.83,973.150,0.815518E-02,100.000,0.00000,283.543,-0.377480,-0.746674E-01,0.187096E-01,0.385249,-0.234701E-12,-0.205096E-14,0.385249,1.36609,355.779,191.189,2.78366,-9999,0.735866E-01,0.143689,39.9011,0.503746E-01,-122.827,0.953488E-02,0,-9999,-9999,-9999,-9999,-9999,-9999,-9999,0.638081E-02,1.01538,-0.832362,1.02493,0.543986E-02,1.27198,0.121508E-03,1.27198,-0.101844E-02,1.27198,-0.264100E-03,1.27198,800009000,800109100,800009000,800009011,800009000,800109000,811119111,811119111,80111,80111,80,81,0,0,1,1,0,0,0,0.591771E-01,0.226819,0.138189E-02,0.261066E-01,0.322769E-06,0.953689E-02,0.717528E-05,-0.687171E-03,0.297806E-05,-0.249611E-04,-0.647287E-05,21.9483,96.5392,0.519843,0.541871E+09,294.030
CH-CHA_201811291900.csv,2018-11-30,00:00,334.0000,0,36000,36000,-0.141249E-01,1,0.242924E-02,-0.242932,2,0.261400,0.883783E-02,2,0.548477E-02,0.197390E-03,2,0.122500E-03,0.246130E-01,2,0.875746E-02,0.930225E-03,1,0.152397E-03,-0.148603,0.241708E-02,0.539846E-04,0.873468E-04,-0.694807E-04,-0.576391E-11,-0.123846E-11,-0.148320E-12,541.710,13.0993,13.2731,4.45000,0,0.116394,2.81456,2.85192,0.500000E-01,0,0.139396E-01,0.337077,0.341551,1.80000,0,280.844,279.681,96559.5,1.19688,998.477,0.241813E-01,0.127909E-04,0.976161E-02,1259.94,966.947,0.815589E-02,-9999,-9999,283.544,-0.550124E-01,0.199654,0.235360E-01,0.208427,0.213334E-12,-0.106402E-13,0.208427,1.17733,80.3989,105.405,6.48377,-9999,0.108634,0.154195,442.959,0.453766E-02,-27.4877,0.187124E-02,0,-9999,-9999,-9999,-9999,-9999,-9999,-9999,-0.138333E-01,1.02108,-0.237701,1.02449,0.717640E-02,1.23151,0.160282E-03,1.23151,0.199860E-01,1.23151,0.755351E-03,1.23151,800009000,800109100,800009000,800009011,800009000,800109010,811119111,811119111,80111,80111,80,81,0,0,2,0,0,0,0,0.135606,0.169211,0.357343E-02,0.115768E-01,0.534489E-06,0.227042E-02,0.652117E-06,-0.198904E-03,0.392708E-05,0.489677E-03,0.185069E-04,22.0000,96.5189,0.518889,0.550592E+09,294.019
CH-CHA_201811291900.csv,2018-11-30,00:30,334.0208,0,36000,36000,-0.120774E-01,1,0.211060E-02,0.831873,1,0.462270,-0.148189E-01,2,0.591261E-02,-0.330890E-03,2,0.132022E-03,0.153943E-01,1,0.460225E-02,0.799612E-04,2,0.943879E-04,-0.425651,0.327906E-02,0.732181E-04,0.294049E-03,-0.288886E-05,0.914408E-11,0.196883E-11,0.235230E-12,542.289,13.1008,13.2747,0.800000,0,0.116761,2.82077,2.85821,0.500000E-01,0,0.139503E-01,0.337016,0.341490,1.45000,0,280.577,279.415,96559.5,1.19802,998.606,0.241584E-01,-0.214417E-04,0.977204E-02,1260.08,949.391,0.815685E-02,-9999,-9999,283.546,-0.375266,0.136678,0.358332E-01,0.400985,-0.391427E-13,0.168620E-13,0.400985,1.82047,29.9130,159.988,5.12696,-9999,0.100405,0.107122,-102.143,-0.196783E-01,-56.1361,-0.692541E-02,0,-9999,-9999,-9999,-9999,-9999,-9999,-9999,-0.118178E-01,1.02196,0.813795,1.02559,-0.123487E-01,1.20004,-0.275733E-03,1.20004,0.128282E-01,1.20004,0.666323E-04,1.20004,800009000,800019100,800009000,800009000,800009000,800119000,811119111,811119111,80110,80110,80,81,9,0,2,10,337,0,0,0.145936,0.638547E-01,0.445386E-02,0.870819E-02,0.659918E-06,0.643419E-03,0.107571E-05,0.680234E-03,-0.674934E-05,0.314006E-03,0.163101E-05,22.0000,96.5201,0.520139,0.562222E+09,294.023
CH-CHA_201811291900.csv,2018-11-30,01:00,334.0416,0,35990,35990,-0.630220E-02,1,0.158518E-02,0.325820,1,0.439591,0.662959E-02,1,0.217075E-02,0.148050E-03,1,0.484763E-04,-0.149785E-01,1,0.398212E-02,0.130974E-03,1,0.400649E-04,0.199981,0.471022E-02,0.105187E-03,0.764397E-03,-0.783813E-04,0.425966E-11,0.922249E-12,0.109022E-12,542.138,13.1030,13.2770,3.10000,0,0.117377,2.83691,2.87457,1.55000,0,0.138755E-01,0.335361,0.339813,1.55000,0,280.703,279.540,96559.5,1.19748,998.544,0.241692E-01,0.959362E-05,0.976933E-02,1260.30,957.608,0.815824E-02,-9999,-9999,283.548,-0.173551,0.370588,0.275194E-01,0.410138,0.164765E-12,0.785715E-14,0.410138,1.45537,81.1416,115.094,3.84733,-9999,0.725457E-01,0.100759,-98.3633,-0.204345E-01,49.1463,-0.375604E-02,0,-9999,-9999,-9999,-9999,-9999,-9999,-9999,-0.616880E-02,1.02162,0.319406,1.02537,0.552596E-02,1.19972,0.123404E-03,1.19972,-0.124850E-01,1.19972,0.109171E-03,1.19972,800009000,800019100,800009000,800009011,800009000,800109100,811119111,811119111,80111,80111,80,81,3,0,2,10,49,0,0,0.943259E-01,0.102083,0.510866E-02,0.789035E-02,0.187204E-06,0.511799E-03,0.156356E-06,0.267121E-03,0.302201E-05,-0.305743E-03,0.267347E-05,22.0000,96.5186,0.518561,0.579515E+09,294.032
CH-CHA_201811300100.csv,2018-11-30,01:30,334.0624,0,36000,36000,-0.274898E-02,1,0.122958E-02,1.71911,0,0.224414,0.270628E-02,0,0.159844E-02,0.604222E-04,0,0.356878E-04,0.748271E-03,2,0.182938E-02,0.194163E-03,0,0.445766E-04,-0.373547,-0.182473E-03,-0.407401E-05,-0.808848E-03,0.462328E-05,0.215765E-12,0.464341E-13,0.552396E-14,542.587,13.1029,13.2769,3.10000,0,0.116768,2.81984,2.85728,5.00000,0,0.138912E-01,0.335458,0.339912,2.20000,0,280.469,279.307,96559.5,1.19848,998.658,0.241490E-01,0.391536E-05,0.977742E-02,1260.29,942.324,0.815818E-02,-9999,-9999,283.548,0.152128,0.354660,0.214083E-01,0.386504,0.393433E-13,0.397660E-15,0.386504,1.17716,119.658,66.7835,3.17522,-9999,0.478928E-01,0.782421E-01,-5.36451,-0.374684,635.232,-0.299907E-01,0,-9999,-9999,-9999,-9999,-9999,-9999,-9999,-0.268843E-02,1.02252,1.68276,1.02595,0.225415E-02,1.20058,0.503276E-04,1.20058,0.623259E-03,1.20058,0.161724E-03,1.20058,800009000,800019100,800009000,800009000,800019010,800019010,811119111,811119111,80001,80001,80,81,0,0,0,49,177,0,0,0.891158E-01,0.638818E-01,0.348671E-02,0.384857E-02,0.165098E-06,0.128007E-03,0.147036E-06,0.140597E-02,0.123144E-05,0.152501E-04,0.395714E-05,22.0000,96.5206,0.520639,0.578823E+09,294.040
CH-CHA_201811300100.csv,2018-11-30,02:00,334.0833,0,36000,36000,0.133884E-02,2,0.151495E-02,1.59302,0,0.892055,0.228388E-02,0,0.417567E-02,0.509815E-04,0,0.932106E-04,0.113746E-02,0,0.330648E-02,0.356702E-03,1,0.125697E-03,-0.328085,-0.840652E-03,-0.187653E-04,0.139495E-02,-0.236979E-04,0.144318E-11,0.313830E-12,0.368939E-13,542.968,13.1026,13.2765,0.250000,0,0.118073,2.84926,2.88708,0.200000,0,0.138806E-01,0.334958,0.339406,2.00000,0,280.263,279.102,96559.5,1.19936,998.758,0.241313E-01,0.330360E-05,0.978429E-02,1260.25,929.090,0.815794E-02,-9999,-9999,283.548,0.406203,0.424099,0.314622E-01,0.588091,0.545782E-13,0.265794E-14,0.588091,1.75117,141.066,46.2348,3.06672,-9999,0.334111E-01,0.950414E-01,-1.96571,-1.02253,697.504,-0.398035E-01,0,-9999,-9999,-9999,-9999,-9999,-9999,-9999,0.131633E-02,1.01710,1.56458,1.02250,0.190974E-02,1.19591,0.426298E-04,1.19591,0.951121E-03,1.19591,0.298267E-03,1.19591,800009000,800019100,800009000,800009011,800009000,800019000,811119111,811119111,80111,80111,80,80,0,2,0,7,348,0,0,0.118526,0.648491E-01,0.670747E-02,0.374284E-01,0.319965E-06,0.526695E-03,0.505399E-06,0.130614E-02,0.104232E-05,0.232553E-04,0.729277E-05,21.9683,96.5307,0.518877,0.576070E+09,294.052
CH-CHA_201811300100.csv,2018-11-30,02:30,334.1041,0,36000,36000,-0.437546E-02,0,0.728918E-03,1.54639,0,0.366308,0.872821E-02,1,0.334056E-02,0.194735E-03,1,0.745311E-04,0.149635E-02,2,0.414390E-02,0.156124E-03,0,0.566380E-04,-0.857045,-0.317080E-02,-0.707437E-04,-0.753312E-03,-0.169192E-04,-0.207864E-11,-0.449553E-12,-0.530887E-13,543.946,13.1011,13.2750,3.40000,0,0.117641,2.83340,2.87101,1.80000,0,0.138924E-01,0.334602,0.339044,2.45000,0,279.728,278.569,96559.5,1.20165,999.017,0.240852E-01,0.126188E-04,0.980191E-02,1260.11,895.361,0.815701E-02,-9999,-9999,283.546,0.463378E-01,0.557519,0.278328E-01,0.560134,-0.104206E-12,-0.382141E-14,0.560134,1.41517,102.730,85.2488,2.84817,-9999,0.603424E-01,0.772545E-01,-11.9325,-0.168448,177.171,-0.213473E-01,0,-9999,-9999,-9999,-9999,-9999,-9999,-9999,-0.429966E-02,1.01763,1.51861,1.02282,0.729609E-02,1.19629,0.162783E-03,1.19629,0.125083E-02,1.19629,0.130507E-03,1.19629,800009000,800019100,800009000,800009011,800009000,800009100,801119111,811119111,80111,80111,80,81,3,3,0,20,233,0,0,0.342283E-01,0.114278,0.600261E-02,0.704294E-02,0.296017E-06,0.633777E-03,0.220780E-06,0.126501E-02,0.397250E-05,0.305249E-04,0.318486E-05,21.9833,96.5249,0.518654,0.564623E+09,294.058
CH-CHA_201811300100.csv,2018-11-30,03:00,334.1249,0,36000,36000,-0.829718E-02,0,0.212049E-02,2.61726,0,1.04841,-0.154315E-02,1,0.938296E-03,-0.344196E-04,1,0.209285E-04,0.442485E-02,1,0.699109E-02,0.404585E-03,1,0.108610E-03,-0.466592,-0.183744E-02,-0.409839E-04,-0.995109E-03,-0.187326E-05,0.140221E-11,0.301041E-12,0.358109E-13,544.477,13.1002,13.2741,0.650000,0,0.116894,2.81248,2.84981,3.05000,0,0.139053E-01,0.334563,0.339004,1.90000,0,279.437,278.279,96559.5,1.20291,999.157,0.240601E-01,-0.223039E-05,0.981148E-02,1260.02,877.478,0.815647E-02,-9999,-9999,283.545,0.344211,0.610296,0.469853E-01,0.702247,-0.908407E-13,0.257534E-14,0.702247,1.64669,123.807,60.5767,3.83636,-9999,0.830518E-01,0.915319E-01,-18.3841,-0.109333,-1696.06,-0.262200E-01,0,-9999,-9999,-9999,-9999,-9999,-9999,-9999,-0.817139E-02,1.01539,2.57284,1.02148,-0.129140E-02,1.19494,-0.288043E-04,1.19494,0.370297E-02,1.19494,0.338581E-03,1.19494,800009000,800019100,800009000,800009000,800009000,800009010,810119111,811119111,80001,80001,80,81,1,4,0,15,232,0,0,0.817409E-01,0.899013E-01,0.114216E-01,0.271836E-01,0.187158E-06,0.656521E-03,0.216342E-06,0.214066E-02,-0.702200E-06,0.902721E-04,0.825401E-05,22.0000,96.5187,0.518667,0.557915E+09,294.058
CH-CHA_201811300100.csv,2018-11-30,03:30,334.1458,0,36000,36000,-0.470978E-02,0,0.131462E-02,3.24920,0,0.871969,0.748372E-02,1,0.397381E-02,0.166870E-03,1,0.886068E-04,-0.936483E-02,1,0.407355E-02,0.314912E-03,0,0.719460E-04,-0.541562,-0.118264E-02,-0.263701E-04,0.310794E-02,0.393402E-04,-0.746649E-12,-0.164025E-12,-0.191164E-13,545.113,13.0996,13.2735,4.55000,0,0.119751,2.87774,2.91594,3.45000,0,0.139565E-01,0.335389,0.339841,2.05000,0,279.099,277.943,96559.5,1.20436,999.318,0.240311E-01,0.108131E-04,0.982293E-02,1259.97,857.146,0.815613E-02,-9999,-9999,283.544,0.335355,0.410167,0.211764E-01,0.530235,0.516371E-13,-0.136972E-14,0.530235,1.49104,137.284,50.7304,2.28887,-9999,0.625348E-01,0.727477E-01,-6.32268,-0.317903,434.169,-0.431712E-01,0,-9999,-9999,-9999,-9999,-9999,-9999,-9999,-0.462536E-02,1.01825,3.18911,1.02321,0.625332E-02,1.19676,0.139434E-03,1.19676,-0.782515E-02,1.19676,0.263137E-03,1.19676,800009000,800019100,800009000,800009000,800009000,800009010,811119111,811119111,80101,80101,80,81,0,0,0,8,209,0,0,0.762173E-01,0.625703E-01,0.670787E-02,0.244212E-01,0.257562E-06,0.398316E-03,0.170296E-06,0.264978E-02,0.339506E-05,-0.190533E-03,0.640707E-05,22.0000,96.5176,0.517639,0.553349E+09,294.058
CH-CHA_201811300100.csv,2018-11-30,04:00,334.1666,0,36000,36000,-0.837987E-02,1,0.174332E-02,2.94876,1,0.776496,0.792063E-02,1,0.304297E-02,0.176560E-03,1,0.678312E-04,0.200364E-01,2,0.723673E-02,0.407606E-03,1,0.101266E-03,-0.499762,-0.201972E-02,-0.450218E-04,0.235987E-02,0.449086E-04,0.614161E-12,0.137250E-12,0.157696E-13,545.682,13.0987,13.2726,4.55000,0,0.121946,2.92724,2.96609,5.00000,0,0.140113E-01,0.336331,0.340795,1.90000,0,278.788,277.633,96559.5,1.20571,999.466,0.240043E-01,0.114411E-04,0.983318E-02,1259.88,838.776,0.815554E-02,-9999,-9999,283.543,0.181611,0.192490,0.213047E-01,0.265497,-0.273415E-13,0.112549E-14,0.265497,1.09845,138.672,46.6657,4.60263,-9999,0.833677E-01,0.697603E-01,-16.5094,-0.121749,372.289,-0.293517E-01,0,-9999,-9999,-9999,-9999,-9999,-9999,-9999,-0.814047E-02,1.02941,2.87383,1.03050,0.655887E-02,1.20762,0.146204E-03,1.20762,0.165916E-01,1.20762,0.337528E-03,1.20762,800009000,800009100,800009000,800009011,800009000,800009100,811119111,811119111,80000,80000,80,80,1,0,0,12,115,0,0,0.785155E-01,0.565967E-01,0.440833E-02,0.246729E-01,0.247717E-06,0.122986E-02,0.319690E-06,0.238480E-02,0.355593E-05,0.403536E-03,0.820923E-05,21.9878,96.5199,0.515287,0.546270E+09,294.060
CH-CHA_201811300100.csv,2018-11-30,04:30,334.1874,0,36000,36000,-0.837997E-02,1,0.124269E-02,2.44646,1,0.434268,-0.799930E-02,1,0.199523E-02,-0.178254E-03,1,0.444612E-04,0.105787E-01,1,0.231625E-02,0.913481E-04,1,0.378384E-04,-0.561301,-0.221676E-03,-0.493978E-05,0.171675E-02,0.365450E-04,-0.162974E-11,-0.368685E-12,-0.419419E-13,546.361,13.0986,13.2724,0.200000,0,0.123599,2.96320,3.00253,5.00000,0,0.140608E-01,0.337097,0.341571,2.00000,0,278.439,277.286,96559.5,1.20722,999.631,0.239743E-01,-0.115509E-04,0.984542E-02,1259.87,818.588,0.815547E-02,-9999,-9999,283.543,-0.812453E-01,0.194051,0.196117E-01,0.211284,-0.190808E-13,-0.298290E-14,0.211284,0.984073,84.9728,112.718,5.32593,-9999,0.833161E-01,0.794154E-01,-19.8653,-0.101181,-305.835,-0.243324E-01,0,-9999,-9999,-9999,-9999,-9999,-9999,-9999,-0.809830E-02,1.03478,2.37533,1.03409,-0.659234E-02,1.21342,-0.146902E-03,1.21342,0.871806E-02,1.21342,0.752813E-04,1.21342,800009000,800119100,800009000,800009000,800009000,800009100,811119111,811119111,80011,80011,80,81,0,1,1,42,0,0,0,0.516452E-01,0.103932,0.325346E-02,0.785303E-02,0.248476E-06,0.141913E-03,0.143668E-06,0.196833E-02,-0.356843E-05,0.211772E-03,0.182867E-05,22.0000,96.5151,0.515139,0.545553E+09,294.055
CH-CHA_201811300100.csv,2018-11-30,05:00,334.2083,0,36000,36000,-0.468318E-02,1,0.700004E-03,1.01883,1,0.174995,0.106655E-02,1,0.150743E-02,0.237651E-04,1,0.335888E-04,0.318103E-02,1,0.339556E-02,0.422993E-03,1,0.671569E-04,-0.116250,0.489269E-03,0.109020E-04,-0.237072E-02,-0.343822E-05,0.938893E-12,0.208837E-12,0.241571E-13,546.512,13.0988,13.2727,5.00000,0,0.121560,2.91355,2.95222,1.60000,0,0.140614E-01,0.337025,0.341498,1.85000,0,278.367,277.214,96559.5,1.20753,999.665,0.239680E-01,0.153998E-05,0.984815E-02,1259.89,814.462,0.815562E-02,-9999,-9999,283.544,-0.146498,0.353505,0.107986E-01,0.382811,-0.300545E-13,0.171797E-14,0.382811,0.934826,75.4768,112.510,1.61645,-9999,0.622761E-01,0.316306E-01,-19.9217,-0.100895,955.252,-0.135527E-01,0,-9999,-9999,-9999,-9999,-9999,-9999,-9999,-0.457935E-02,1.02267,0.997157,1.02605,0.888258E-03,1.20072,0.197924E-04,1.20072,0.264927E-02,1.20072,0.352283E-03,1.20072,800009000,800019100,800009000,800009011,800009000,800009100,811119111,811119111,80111,80111,80,80,0,0,0,28,0,0,0,0.286707E-01,0.313802E-01,0.321029E-02,0.438404E-02,0.220407E-06,0.443628E-03,0.196670E-06,0.826060E-03,0.480656E-06,0.643372E-04,0.855515E-05,21.9494,96.5305,0.511571,0.546852E+09,294.050
CH-CHA_201811300100.csv,2018-11-30,05:30,334.2291,0,36000,36000,-0.943520E-02,1,0.178889E-02,3.26725,1,0.447961,-0.121487E-01,2,0.427262E-02,-0.270708E-03,2,0.952064E-04,-0.262241E-01,1,0.831596E-02,-0.122846E-03,2,0.104639E-03,0.535030E-01,0.184953E-02,0.412129E-04,0.161533E-03,0.129033E-04,-0.818363E-11,-0.182227E-11,-0.210715E-12,546.483,13.0997,13.2736,0.300000,0,0.121686,2.91694,2.95565,4.95000,0,0.140710E-01,0.337295,0.341772,5.00000,0,278.400,277.247,96559.5,1.20738,999.649,0.239709E-01,-0.175419E-04,0.984762E-02,1259.98,816.359,0.815615E-02,-9999,-9999,283.545,-0.166596,-0.700384E-01,0.214047E-01,0.181983,0.389235E-13,-0.149751E-13,0.181983,1.11180,334.788,202.802,6.75473,-9999,0.884001E-01,0.117382,-17.7677,-0.113127,-268.939,-0.306222E-01,0,-9999,-9999,-9999,-9999,-9999,-9999,-9999,-0.908224E-02,1.03886,3.16380,1.03683,-0.997483E-02,1.21793,-0.222268E-03,1.21793,-0.215317E-01,1.21793,-0.100864E-03,1.21793,800009000,800009100,800009000,800009000,800019000,800019110,811119111,811119111,80111,80111,80,81,4,0,0,23,208,0,0,0.876296E-01,0.142534,0.460125E-02,0.182592E-01,0.362268E-06,0.185102E-02,0.291255E-06,0.262129E-02,-0.539841E-05,-0.522958E-03,-0.244978E-05,22.0000,96.5114,0.511444,0.553926E+09,294.048
CH-CHA_201811300100.csv,2018-11-30,06:00,334.2499,0,36000,36000,-0.328121E-02,1,0.112564E-02,2.50605,0,0.581814,0.265591E-02,1,0.463136E-02,0.591919E-04,1,0.103218E-03,0.630714E-02,1,0.550001E-02,0.481275E-03,1,0.107859E-03,0.297084,0.242777E-02,0.541073E-04,0.559712E-03,0.162336E-04,-0.313375E-11,-0.700544E-12,-0.807632E-13,546.167,13.1008,13.2747,5.00000,0,0.122095,2.92867,2.96754,0.500000E-01,0,0.140759E-01,0.337635,0.342117,1.40000,0,278.585,277.431,96559.5,1.20658,999.561,0.239868E-01,0.383563E-05,0.984194E-02,1260.08,826.971,0.815686E-02,-9999,-9999,283.546,-0.407721,0.188844,0.323344E-01,0.450493,0.619095E-14,-0.573771E-14,0.450493,1.83202,39.6100,155.148,4.11599,-9999,0.521481E-01,0.960674E-01,-4.75491,-0.422721,943.574,-0.398460E-01,0,-9999,-9999,-9999,-9999,-9999,-9999,-9999,-0.321593E-02,1.02030,2.45644,1.02451,0.221604E-02,1.19850,0.493885E-04,1.19850,0.526255E-02,1.19850,0.401566E-03,1.19850,800009000,800019100,800009000,800009000,800009000,800009000,811119111,811119111,80011,80011,80,81,0,6,0,21,178,0,0,0.992984E-01,0.840894E-01,0.874703E-02,0.911160E-02,0.249764E-06,0.497345E-03,0.230175E-06,0.203676E-02,0.120034E-05,0.127901E-03,0.975965E-05,22.0000,96.5091,0.509139,0.562585E+09,294.036
CH-CHA_201811300100.csv,2018-11-30,06:30,334.2707,0,36000,36000,-0.935024E-02,1,0.146441E-02,3.12872,1,0.513688,0.147646E-01,1,0.293895E-02,0.329104E-03,1,0.655096E-04,0.294117E-02,1,0.573631E-02,0.261157E-03,1,0.828368E-04,0.251632,0.869593E-03,0.193833E-04,-0.329845E-02,-0.265925E-04,0.415906E-12,0.907764E-13,0.107007E-13,545.877,13.1012,13.2752,4.90000,0,0.119144,2.85949,2.89745,0.250000,0,0.140447E-01,0.337077,0.341552,1.35000,0,278.742,277.587,96559.5,1.20591,999.487,0.240003E-01,0.213259E-04,0.983671E-02,1260.12,836.060,0.815711E-02,-9999,-9999,283.546,-0.198439,0.261097,0.314586E-01,0.329454,-0.540733E-13,0.761904E-15,0.329454,0.940532,60.9438,127.236,5.47936,-9999,0.880551E-01,0.624690E-01,-18.3351,-0.109626,211.907,-0.294796E-01,0,-9999,-9999,-9999,-9999,-9999,-9999,-9999,-0.912055E-02,1.02518,3.05782,1.02770,0.122709E-01,1.20322,0.273519E-03,1.20322,0.244441E-02,1.20322,0.217048E-03,1.20322,800009000,800009100,800009000,800009000,800009000,800009100,801119111,811119111,80111,80111,80,81,0,0,0,27,240,0,0,0.382624E-01,0.800563E-01,0.661928E-02,0.673245E-02,0.160266E-06,0.570761E-03,0.168567E-06,0.253701E-02,0.665134E-05,0.594424E-04,0.527811E-05,22.0000,96.5062,0.506194,0.565974E+09,294.029
CH-CHA_201811300100.csv,2018-11-30,07:00,334.2916,0,35989,35989,-0.275621E-02,1,0.790071E-03,3.37159,0,0.809151,0.922370E-02,0,0.352882E-02,0.205637E-03,0,0.786729E-04,0.826626E-03,1,0.260298E-02,0.171500E-03,0,0.647203E-04,0.323783,0.109757E-02,0.244696E-04,-0.170738E-02,-0.363175E-04,0.425750E-11,0.917568E-12,0.109288E-12,545.504,13.1017,13.2757,3.10000,0,0.117566,2.82366,2.86115,5.00000,0,0.140028E-01,0.336315,0.340780,2.00000,0,278.943,277.788,96559.5,1.20503,999.391,0.240177E-01,0.133253E-04,0.982998E-02,1260.17,847.894,0.815743E-02,-9999,-9999,283.547,-0.468509,0.731040E-02,0.354820E-01,0.469908,0.126302E-13,0.780471E-14,0.469908,1.15278,9.63076,179.106,4.33043,-9999,0.478252E-01,0.509089E-01,-2.72570,-0.737426,365.536,-0.585388E-01,0,-9999,-9999,-9999,-9999,-9999,-9999,-9999,-0.270286E-02,1.01974,3.30627,1.02415,0.769926E-02,1.19800,0.171650E-03,1.19800,0.690006E-03,1.19800,0.143155E-03,1.19800,800009000,800019100,800009000,800009000,800009000,800009000,811119111,811119111,80111,80111,80,81,0,0,1,3,10,0,0,0.451025E-01,0.499488E-01,0.676660E-02,0.142102E-01,0.257830E-06,0.903945E-04,0.152663E-06,0.274539E-02,0.417715E-05,0.167915E-04,0.348372E-05,22.0000,96.5054,0.505404,0.569642E+09,294.034
CH-CHA_201811300700.csv,2018-11-30,07:30,334.3124,0,36000,36000,-0.408559E-02,0,0.118783E-02,3.43770,0,0.645238,0.439181E-02,0,0.139919E-02,0.979347E-04,0,0.312011E-04,0.207375E-02,1,0.263665E-02,0.232150E-03,0,0.600111E-04,0.380839,0.927965E-03,0.206931E-04,-0.170665E-02,-0.208054E-04,0.815804E-12,0.173583E-12,0.209134E-13,545.058,13.1022,13.2761,5.00000,0,0.115975,2.78782,2.82483,1.15000,0,0.139727E-01,0.335878,0.340337,1.35000,0,279.181,278.024,96559.5,1.20401,999.278,0.240381E-01,0.634617E-05,0.982195E-02,1260.21,862.017,0.815771E-02,-9999,-9999,283.547,-0.366962,0.276710,0.300676E-01,0.460580,0.693797E-14,0.149673E-14,0.460580,1.14219,45.6865,142.982,3.74306,-9999,0.582522E-01,0.477371E-01,-4.83019,-0.416133,782.752,-0.490500E-01,0,-9999,-9999,-9999,-9999,-9999,-9999,-9999,-0.400547E-02,1.02000,3.37030,1.02432,0.366524E-02,1.19823,0.817327E-04,1.19823,0.173068E-02,1.19823,0.193744E-03,1.19823,800009000,800019100,800009000,800009011,800009000,800009100,811119111,811119111,80111,80111,80,81,0,0,2,14,234,0,0,0.348318E-01,0.532238E-01,0.741863E-02,0.913131E-02,0.115531E-06,0.151171E-03,0.120020E-06,0.280126E-02,0.199068E-05,0.421524E-04,0.471883E-05,21.9872,96.5092,0.504378,0.573624E+09,294.035
CH-CHA_201811300700.csv,2018-11-30,08:00,334.3332,0,36000,36000,-0.175587E-02,1,0.139023E-02,0.835913,2,0.444714,0.421592E-02,0,0.135163E-02,0.940418E-04,0,0.301499E-04,-0.767372E-02,1,0.383755E-02,0.178390E-03,0,0.360810E-04,0.525529,0.167344E-02,0.373284E-04,0.208875E-03,-0.635621E-05,-0.103749E-11,-0.221087E-12,-0.265843E-13,544.451,13.1030,13.2769,5.00000,0,0.116021,2.79221,2.82928,0.500000E-01,0,0.139508E-01,0.335745,0.340202,1.65000,0,279.509,278.351,96559.5,1.20260,999.121,0.240664E-01,0.609391E-05,0.981101E-02,1260.29,881.874,0.815819E-02,-9999,-9999,283.548,-0.214044,0.871000E-01,0.528861E-02,0.231148,0.100007E-12,-0.190558E-14,0.231148,1.15970,47.5175,157.857,1.31103,-9999,0.382109E-01,0.877456E-01,-5.60564,-0.358567,198.275,-0.182069E-01,0,-9999,-9999,-9999,-9999,-9999,-9999,-9999,-0.170053E-02,1.03255,0.813113,1.03259,0.348138E-02,1.21099,0.776569E-04,1.21099,-0.633672E-02,1.21099,0.147309E-03,1.21099,800009100,800019100,800009000,800009011,800009100,800009110,811119111,811119111,80111,80111,80,81,21,0,4,32,478,0,0,0.741210E-01,0.953674E-01,0.600282E-02,0.121941E-01,0.774853E-07,0.301557E-03,0.743773E-07,0.676726E-03,0.189364E-05,-0.154519E-03,0.359209E-05,21.9656,96.5171,0.504202,0.578803E+09,294.036
CH-CHA_201811300700.csv,2018-11-30,08:30,334.3541,1,36000,36000,-0.105896E-01,1,0.174470E-02,1.45897,1,0.300388,-0.123873E-01,1,0.553001E-02,-0.276354E-03,1,0.123372E-03,-0.191514E-01,2,0.539602E-02,-0.336781E-04,2,0.508277E-04,0.241914,0.258244E-02,0.576131E-04,0.466578E-03,0.215894E-05,-0.484138E-11,-0.103522E-11,-0.124059E-12,544.207,13.1042,13.2782,0.600000,0,0.116366,2.80203,2.83923,0.500000E-01,0,0.139451E-01,0.335790,0.340249,5.00000,0,279.660,278.501,96559.5,1.20195,999.048,0.240794E-01,-0.179078E-04,0.980661E-02,1260.41,891.156,0.815895E-02,-9999,-9999,283.550,-0.738187E-01,0.261979,0.157208E-02,0.272185,0.285205E-13,-0.889622E-14,0.272185,2.44427,81.7966,105.736,0.330930,-9999,0.938635E-01,0.414175E-01,-47.6036,-0.422237E-01,-117.779,-0.129443E-01,0,-9999,-9999,-9999,-9999,-9999,-9999,-9999,-0.102923E-01,1.02888,1.42160,1.03015,-0.102623E-01,1.20706,-0.228947E-03,1.20706,-0.158661E-01,1.20706,-0.279008E-04,1.20706,800009000,800009100,800009000,800009000,810009000,810109010,811119111,811119111,80000,80000,80,81,1,2,1,40,331,0,0,0.393944E-01,0.355001E-01,0.794042E-02,0.391275E-02,0.266800E-06,0.298387E-03,0.819544E-07,0.118387E-02,-0.558583E-05,-0.387099E-03,-0.680721E-06,22.0000,96.5061,0.506111,0.588405E+09,294.039
CH-CHA_201811300700.csv,2018-11-30,09:00,334.3749,1,36000,36000,0.344755E-02,0,0.193751E-02,2.90999,0,0.600759,0.575699E-02,0,0.663839E-02,0.128428E-03,0,0.148091E-03,0.510829E-02,2,0.850176E-02,0.142027E-03,0,0.368291E-04,-0.983441E-01,0.284873E-02,0.635500E-04,0.181161E-02,-0.103258E-04,-0.307215E-11,-0.665774E-12,-0.786638E-13,544.382,13.1055,13.2795,4.45000,0,0.117975,2.84013,2.87785,5.00000,0,0.139392E-01,0.335573,0.340029,1.30000,0,279.599,278.440,96559.5,1.20221,999.077,0.240741E-01,0.832215E-05,0.980976E-02,1260.53,887.373,0.815978E-02,-9999,-9999,283.551,-0.240492,0.690004E-01,0.102564E-01,0.250405,-0.101890E-12,-0.564337E-14,0.250405,1.32461,32.8523,163.991,2.34745,-9999,0.535507E-01,0.987666E-01,-4.43212,-0.453507,505.470,-0.452425E-01,0,-9999,-9999,-9999,-9999,-9999,-9999,-9999,0.334489E-02,1.03069,2.83359,1.03135,0.476182E-02,1.20899,0.106228E-03,1.20899,0.422526E-02,1.20899,0.117476E-03,1.20899,800009000,800009100,800009000,800009000,800009000,800009000,811119111,811119111,80111,80111,80,81,4,9,3,13,72,0,0,0.536514E-01,0.136220,0.766139E-02,0.154094E-01,0.417704E-06,0.928584E-03,0.728823E-07,0.235917E-02,0.259116E-05,0.103065E-03,0.286553E-05,22.0000,96.5085,0.508472,0.598601E+09,294.050
CH-CHA_201811300700.csv,2018-11-30,09:30,334.3957,1,36000,36000,-0.182274E-01,1,0.571350E-02,8.05116,0,2.02015,-0.177701E-01,1,0.130463E-01,-0.396492E-03,1,0.291093E-03,-0.135695E-01,1,0.158700E-01,0.289168E-03,1,0.878156E-04,0.307713,0.482791E-02,0.107722E-03,-0.960194E-03,0.179544E-05,0.600399E-11,0.129166E-11,0.153726E-12,544.101,13.1078,13.2819,0.100000,0,0.117054,2.81992,2.85738,5.00000,0,0.139311E-01,0.335611,0.340068,1.45000,0,279.791,278.632,96559.5,1.20138,998.984,0.240907E-01,-0.256927E-04,0.980471E-02,1260.75,899.265,0.816120E-02,-9999,-9999,283.554,-0.678012,0.205791E-01,0.324572E-01,0.679101,-0.125930E-13,0.110347E-13,0.679101,2.91673,17.4366,178.261,2.73946,-9999,0.123175,0.239169,-19.4928,-0.103115,-453.074,-0.544625E-01,0,-9999,-9999,-9999,-9999,-9999,-9999,-9999,-0.179458E-01,1.01569,7.91258,1.02166,-0.148694E-01,1.19508,-0.331770E-03,1.19508,-0.113545E-01,1.19508,0.241966E-03,1.19508,800009000,800009100,800009000,800009000,800009000,800009000,811119111,811119111,80101,80101,80,81,8,2,3,3,1,0,0,0.284870,0.174099,0.193682E-01,0.480330E-01,0.856455E-06,0.156652E-02,0.107034E-06,0.659293E-02,-0.809831E-05,-0.277157E-03,0.590624E-05,22.0000,96.5114,0.511417,0.616010E+09,294.056
CH-CHA_201811300700.csv,2018-11-30,10:00,334.4166,1,36000,36000,-0.151899E-01,0,0.254162E-02,13.2515,0,1.49810,0.288100E-01,1,0.162576E-01,0.643001E-03,1,0.362848E-03,0.244847E-02,2,0.244118E-02,0.365348E-03,0,0.751717E-04,0.478034,0.479979E-02,0.107125E-03,-0.251447E-02,-0.412318E-05,-0.157288E-11,-0.331965E-12,-0.402547E-13,543.614,13.1100,13.2842,5.00000,0,0.114732,2.76693,2.80369,0.500000E-01,0,0.139126E-01,0.335524,0.339981,1.90000,0,280.091,278.929,96559.5,1.20010,998.838,0.241165E-01,0.416665E-04,0.979592E-02,1260.97,918.042,0.816260E-02,-9999,-9999,283.556,-1.27984,-0.290230,0.612092E-01,1.31376,-0.305540E-13,-0.289339E-14,1.31376,2.56583,355.584,192.777,2.67042,-9999,0.112504,0.182004,-9.02284,-0.222768,459.961,-0.982618E-01,0,-9999,-9999,-9999,-9999,-9999,-9999,-9999,-0.150164E-01,1.01155,13.0487,1.01990,0.240607E-01,1.19739,0.537002E-03,1.19739,0.204483E-02,1.19739,0.305120E-03,1.19739,800009000,800009100,800009000,800009011,800009000,800009010,800019111,801019111,80111,80111,80,81,0,0,1,2,0,0,0,0.189357,0.149944,0.247060E-01,0.516348E-01,0.146762E-05,0.259113E-03,0.119707E-06,0.108857E-01,0.131219E-04,0.499667E-04,0.745579E-05,21.9711,96.5259,0.515077,0.633383E+09,294.041
CH-CHA_201811300700.csv,2018-11-30,10:30,334.4374,1,36000,36000,-0.140557E-01,0,0.279792E-02,13.1198,1,2.81792,0.215448E-01,2,0.227112E-01,0.481307E-03,2,0.507365E-03,0.175327E-01,1,0.115018E-01,0.383627E-03,1,0.850105E-04,1.61637,0.771926E-02,0.172447E-03,-0.341925E-02,-0.144146E-04,-0.512661E-11,-0.105342E-11,-0.131049E-12,541.827,13.1137,13.2879,5.00000,0,0.111336,2.69462,2.73043,1.10000,0,0.138505E-01,0.335219,0.339673,1.55000,0,281.092,279.927,96559.5,1.19582,1012.39,0.242027E-01,0.311887E-04,0.976373E-02,1261.32,983.450,0.816487E-02,100.000,0.00000,283.560,-0.794600,-0.153533,0.446439E-01,0.810527,-0.196665E-12,-0.946170E-14,0.810527,1.86338,359.030,190.936,3.15745,-9999,0.108416,0.137448,-8.26612,-0.243161,608.958,-0.999594E-01,0,-9999,-9999,-9999,-9999,-9999,-9999,-9999,-0.138585E-01,1.01423,12.9068,1.02084,0.180346E-01,1.19464,0.402890E-03,1.19464,0.146762E-01,1.19464,0.321125E-03,1.19464,800009000,800009100,800009000,800009011,800009000,800019000,800119111,810119111,80000,80000,80,81,8,2,4,11,3,0,0,0.983308E-01,0.156264,0.203008E-01,0.206004,0.212821E-05,0.124310E-02,0.114600E-06,0.106612E-01,0.988010E-05,0.359905E-03,0.787496E-05,21.9528,96.5356,0.517945,0.661269E+09,294.026
CH-CHA_201811300700.csv,2018-11-30,11:00,334.4582,1,36000,36000,0.411867E-02,1,0.354300E-02,19.1902,1,5.04545,0.114750E-01,1,0.658394E-02,0.256817E-03,1,0.147353E-03,-0.168198E-01,1,0.803003E-02,0.121230E-03,1,0.449358E-04,3.07187,0.361427E-02,0.808895E-04,-0.358431E-02,-0.322070E-04,-0.333767E-12,-0.666319E-13,-0.851336E-14,538.229,13.1154,13.2897,5.00000,0,0.107450,2.61831,2.65310,0.500000E-01,0,0.137286E-01,0.334533,0.338979,1.50000,0,283.008,281.835,96559.5,1.18772,1012.44,0.243677E-01,0.166417E-04,0.969890E-02,1261.48,1120.15,0.816595E-02,100.000,0.00000,283.562,-0.418677,-0.127821,0.920444E-02,0.437851,0.184584E-12,-0.620121E-15,0.437851,1.81962,345.840,196.977,1.20455,-9999,0.588872E-01,0.144358,-0.905638,-2.21943,1672.36,-0.271005,0,-9999,-9999,-9999,-9999,-9999,-9999,-9999,0.403519E-02,1.02069,18.8054,1.02476,0.957166E-02,1.19885,0.214220E-03,1.19885,-0.140300E-01,1.19885,0.101122E-03,1.19885,800009000,800009100,800009000,800009000,800009000,800019000,810119111,811119111,80101,80101,80,81,9,1,4,11,0,0,0,0.114761,0.159973,0.139827E-01,0.299076,0.321633E-06,0.583538E-03,0.880352E-07,0.156387E-01,0.528913E-05,-0.346404E-03,0.249673E-05,22.0000,96.5212,0.521167,0.674659E+09,294.031
CH-CHA_201811300700.csv,2018-11-30,11:30,334.4790,1,36000,36000,-0.842356E-02,1,0.378918E-02,8.91429,0,1.45412,0.172769E-01,0,0.944784E-02,0.387113E-03,0,0.211692E-03,-0.131579E-01,0,0.698862E-02,0.237078E-03,0,0.726550E-04,1.93084,0.116782E-02,0.261666E-04,0.997232E-03,-0.623985E-05,-0.180678E-11,-0.363620E-12,-0.460649E-13,535.962,13.1160,13.2903,5.00000,0,0.107864,2.63963,2.67471,5.00000,0,0.136647E-01,0.334400,0.338844,1.70000,0,284.218,283.039,96559.5,1.18267,1012.47,0.244718E-01,0.250849E-04,0.965804E-02,1261.53,1214.82,0.816630E-02,100.000,0.00000,283.563,-0.340221,0.417176E-01,0.219019E-01,0.343468,-0.387522E-12,-0.337109E-14,0.343468,1.77339,353.395,173.009,3.65606,-9999,0.843949E-01,0.235696,-5.73916,-0.350225,515.966,-0.882117E-01,0,-9999,-9999,-9999,-9999,-9999,-9999,-9999,-0.822250E-02,1.02445,8.71525,1.02722,0.143677E-01,1.20248,0.321928E-03,1.20248,-0.109423E-01,1.20248,0.197157E-03,1.20248,800009000,800009100,800009000,800009000,800019000,800019010,801119111,811119111,80101,80101,80,81,2,2,1,15,0,0,0,0.245583,0.211183,0.146248E-01,0.476824E-01,0.598628E-06,0.521572E-03,0.140144E-06,0.727839E-02,0.798244E-05,-0.271322E-03,0.488865E-05,22.0000,96.5198,0.519778,0.678886E+09,294.035
CH-CHA_201811300700.csv,2018-11-30,12:00,334.4999,1,36000,36000,-0.397565E-01,1,0.551030E-02,5.90603,1,1.39343,0.839061E-01,1,0.147734E-01,0.187868E-02,1,0.330780E-03,-0.142165E-01,1,0.995791E-02,-0.610131E-04,2,0.110407E-03,-1.21178,0.414765E-02,0.928669E-04,-0.329079E-02,-0.155233E-04,-0.618962E-11,-0.121238E-11,-0.157628E-12,537.474,13.1179,13.2923,4.90000,0,0.105277,2.56945,2.60360,4.10000,0,0.136876E-01,0.334069,0.338509,5.00000,0,283.461,282.285,96559.5,1.18583,1012.45,0.244067E-01,0.121738E-03,0.968528E-02,1261.72,1154.77,0.816753E-02,100.000,0.00000,283.565,-0.105122E-01,0.694027E-01,0.189078E-01,0.726962E-01,0.112403E-12,-0.115161E-13,0.726962E-01,1.13969,87.3485,98.6129,15.0756,-9999,0.183102,0.144533,-88.4630,-0.227214E-01,70.3885,-0.268663E-01,0,-9999,-9999,-9999,-9999,-9999,-9999,-9999,-0.369249E-01,1.07668,5.58504,1.06265,0.664597E-01,1.26251,0.148805E-02,1.26251,-0.112605E-01,1.26251,-0.483268E-04,1.26251,800009000,800009100,800009000,800009011,800009010,800009010,811119111,811119111,80000,80000,80,81,0,0,0,22,0,0,0,0.113328,0.158752,0.169848E-01,0.333193E-01,0.556680E-06,0.484678E-03,0.798746E-07,0.465191E-02,0.367992E-04,-0.278470E-03,-0.119511E-05,21.9967,96.5219,0.520698,0.694011E+09,294.037
CH-CHA_201811300700.csv,2018-11-30,12:30,334.5207,1,36000,36000,-0.189966E-01,1,0.320816E-02,4.76331,1,3.37336,0.222675E-01,1,0.120523E-01,0.498218E-03,1,0.269660E-03,-0.282180E-01,1,0.108839E-01,0.649244E-04,2,0.405073E-04,-1.20851,0.356648E-02,0.797973E-04,0.115048E-02,0.618995E-05,0.437986E-11,0.865953E-12,0.111569E-12,538.975,13.1196,13.2941,4.85000,0,0.106562,2.59392,2.62840,5.00000,0,0.137295E-01,0.334200,0.338643,1.60000,0,282.708,281.535,96559.5,1.18899,1012.43,0.243418E-01,0.322846E-04,0.971233E-02,1261.89,1097.66,0.816859E-02,100.000,0.00000,283.567,-0.159432,0.111973E-01,0.289636E-01,0.162428,0.887718E-13,0.812627E-14,0.162428,2.06177,16.6391,175.983,10.2717,-9999,0.126401,0.222797,-36.0836,-0.557040E-01,213.913,-0.313053E-01,0,-9999,-9999,-9999,-9999,-9999,-9999,-9999,-0.182256E-01,1.04230,4.60412,1.03915,0.182253E-01,1.22179,0.407778E-03,1.22179,-0.230957E-01,1.22179,0.531388E-04,1.22179,800009000,800009100,800009000,800009000,800009000,800019000,811119111,811119111,80001,80001,80,81,0,0,0,13,0,0,0,0.111411,0.322947,0.112367E-01,0.285475,0.814118E-06,0.117725E-02,0.134218E-06,0.382477E-02,0.100575E-04,-0.569635E-03,0.131062E-05,22.0000,96.5208,0.520833,0.707019E+09,294.045
CH-CHA_201811300700.csv,2018-11-30,13:00,334.5415,1,35989,35989,-0.434979E-02,1,0.116721E-02,5.97129,0,0.663480,-0.476402E-02,2,0.398865E-02,-0.106550E-03,2,0.892082E-04,-0.106323E-01,1,0.857367E-02,0.259233E-03,0,0.423564E-04,-0.655488,0.478260E-02,0.106965E-03,-0.572139E-04,-0.620635E-05,-0.184168E-11,-0.363891E-12,-0.468871E-13,539.847,13.1219,13.2964,1.05000,0,0.106666,2.59271,2.62718,5.00000,0,0.137439E-01,0.334068,0.338510,2.40000,0,282.301,281.129,96559.5,1.19070,1012.42,0.243067E-01,-0.690443E-05,0.972804E-02,1262.10,1067.77,0.817000E-02,100.000,0.00000,283.570,0.797972,0.448451,0.188305E-01,0.915544,0.401898E-13,-0.341149E-14,0.915544,1.91964,157.184,29.3355,1.17852,-9999,0.604412E-01,0.102777,-3.14699,-0.638705,-1253.41,-0.819542E-01,0,-9999,-9999,-9999,-9999,-9999,-9999,-9999,-0.429238E-02,1.01338,5.87602,1.02042,-0.398750E-02,1.19474,-0.891827E-04,1.19474,-0.889926E-02,1.19474,0.216979E-03,1.19474,800009000,800009100,800009000,800009011,800009000,800009000,801119111,811119111,80111,80111,80,80,0,5,0,10,0,0,0,0.104451,0.890441E-01,0.120577E-01,0.160742E-01,0.550444E-06,0.129494E-02,0.997497E-07,0.487438E-02,-0.219645E-05,-0.219177E-03,0.534391E-05,21.9833,96.5295,0.523263,0.724390E+09,294.042
CH-CHA_201811301300.csv,2018-11-30,13:30,334.5624,1,36000,36000,-0.397501E-02,1,0.156302E-02,6.69349,0,0.754855,0.257293E-01,1,0.139246E-01,0.575567E-03,1,0.311495E-03,0.277504E-02,2,0.542444E-02,0.251493E-03,0,0.490291E-04,0.342901,0.555058E-02,0.124167E-03,0.487663E-03,0.294618E-05,-0.112663E-11,-0.223451E-12,-0.286822E-13,539.547,13.1246,13.2991,5.00000,0,0.107012,2.60307,2.63769,4.35000,0,0.137360E-01,0.334131,0.338575,1.50000,0,282.514,281.342,96559.5,1.18980,1012.43,0.243251E-01,0.372967E-04,0.972263E-02,1262.36,1083.33,0.817165E-02,100.000,0.00000,283.573,0.418771,0.199514,0.157442E-01,0.464137,-0.248665E-13,-0.208810E-14,0.464137,1.72247,158.823,25.4744,1.94393,-9999,0.578005E-01,0.204417,-2.45534,-0.818625,260.150,-0.961352E-01,0,-9999,-9999,-9999,-9999,-9999,-9999,-9999,-0.389745E-02,1.01990,6.56359,1.02426,0.214743E-01,1.19814,0.480383E-03,1.19814,0.231612E-02,1.19814,0.209903E-03,1.19814,800009000,800009100,800009000,800009011,800019000,800019000,811119111,811119111,80111,80111,80,81,0,2,1,26,1,0,0,0.992072E-01,0.299928,0.969997E-02,0.215116E-01,0.195497E-05,0.575102E-03,0.945190E-07,0.544883E-02,0.118402E-04,0.570862E-04,0.517355E-05,21.9661,96.5332,0.520521,0.744653E+09,294.053
CH-CHA_201811301300.csv,2018-11-30,14:00,334.5832,1,36000,36000,-0.537482E-02,1,0.237944E-02,7.54913,0,1.45766,0.184345E-01,1,0.877551E-02,0.412601E-03,1,0.196413E-03,0.402989E-02,2,0.137882E-01,0.249829E-03,0,0.423856E-04,0.894788,0.617216E-02,0.138145E-03,0.700739E-02,0.949710E-05,0.171690E-11,0.359966E-12,0.437264E-13,538.603,13.1275,13.3021,5.00000,0,0.112923,2.75231,2.78892,4.55000,0,0.137172E-01,0.334333,0.338781,1.90000,0,283.073,281.898,96559.5,1.18745,1012.44,0.243732E-01,0.267366E-04,0.970563E-02,1262.64,1124.94,0.817348E-02,100.000,0.00000,283.576,0.847310,-0.301320E-01,0.232333E-01,0.848164,0.245966E-13,0.318770E-14,0.848164,2.11719,190.377,357.963,1.56967,-9999,0.672781E-01,0.130716,-3.43320,-0.585460,409.510,-0.933331E-01,0,-9999,-9999,-9999,-9999,-9999,-9999,-9999,-0.530116E-02,1.01390,7.42810,1.02067,0.154311E-01,1.19463,0.345379E-03,1.19463,0.337333E-02,1.19463,0.209126E-03,1.19463,800009000,800009100,800009000,800009000,800009010,800009010,810119111,811119111,80111,80111,80,81,0,0,0,3,0,0,0,0.185248,0.645703E-01,0.116136E-01,0.546933E-01,0.796325E-06,0.316371E-02,0.805262E-07,0.617861E-02,0.852955E-05,0.833083E-04,0.516461E-05,22.0000,96.5216,0.521583,0.767430E+09,294.068
CH-CHA_201811301300.csv,2018-11-30,14:30,334.6040,1,36000,36000,-0.214236E-01,0,0.276858E-02,5.00738,0,0.692496,0.174143E-01,0,0.638227E-02,0.389955E-03,0,0.142917E-03,-0.588825E-02,1,0.129701E-01,0.259014E-03,0,0.131688E-03,0.813085,0.885093E-03,0.198197E-04,0.179594E-02,0.619940E-04,-0.135800E-11,-0.288672E-12,-0.347215E-13,537.655,13.1279,13.3026,4.95000,0,0.114290,2.79062,2.82775,4.15000,0,0.137468E-01,0.335656,0.340121,2.00000,0,283.581,282.404,96559.5,1.18533,1012.46,0.244170E-01,0.252691E-04,0.968855E-02,1262.68,1164.04,0.817374E-02,100.000,0.00000,283.577,1.41229,0.219370,0.472194E-01,1.43000,-0.723618E-13,-0.252578E-14,1.43000,2.64681,177.294,8.82914,1.89228,-9999,0.134440,0.149672,-41.3002,-0.486681E-01,287.543,-0.310362E-01,0,-9999,-9999,-9999,-9999,-9999,-9999,-9999,-0.211849E-01,1.01126,4.93089,1.01994,0.145286E-01,1.19862,0.325337E-03,1.19862,-0.491252E-02,1.19862,0.216094E-03,1.19862,800009000,800019100,800009000,800009000,800009000,800009010,800019111,800119111,80101,80101,80,80,0,3,1,9,0,0,0,0.135854,0.140867,0.226223E-01,0.101554E-01,0.356937E-06,0.188246E-02,0.308312E-06,0.410877E-02,0.804899E-05,-0.121538E-03,0.534626E-05,22.0000,96.5188,0.518833,0.770638E+09,294.064
CH-CHA_201811301300.csv,2018-11-30,15:00,334.6249,1,36000,36000,-0.107997E-01,0,0.144954E-02,-2.22204,2,1.37668,0.256070E-02,2,0.146092E-02,0.573575E-04,2,0.327233E-04,0.152697E-01,0,0.554775E-02,0.373088E-03,0,0.829333E-04,0.477138,0.313507E-02,0.702229E-04,0.597364E-02,0.709253E-04,-0.671033E-11,-0.149147E-11,-0.172325E-12,537.151,13.1294,13.3041,4.85000,0,0.119390,2.91821,2.95703,2.30000,0,0.137943E-01,0.337171,0.341657,2.00000,0,283.880,282.701,96559.5,1.18408,1012.47,0.244427E-01,0.371677E-05,0.967946E-02,1262.82,1187.56,0.817468E-02,100.000,0.00000,283.578,1.28085,0.117950,0.509514E-01,1.28728,-0.478089E-13,-0.124924E-13,1.28728,2.11981,181.072,5.26134,2.26839,-9999,0.955029E-01,0.793912E-01,33.3643,0.602441E-01,-867.746,0.194077E-01,0,-9999,-9999,-9999,-9999,-9999,-9999,-9999,-0.106716E-01,1.01201,-2.17754,1.02465,0.198479E-02,1.29016,0.444577E-04,1.29016,0.118355E-01,1.29016,0.289180E-03,1.29016,800009000,800019100,800009000,800009000,800009000,800009000,800119111,810119111,80111,80111,80,80,3,11,1,6,111,0,0,0.734683E-01,0.691279E-01,0.161861E-01,0.349813E-01,0.226537E-06,0.611537E-03,0.172639E-06,-0.181637E-02,0.110107E-05,0.293126E-03,0.716200E-05,22.0000,96.5186,0.518611,0.782377E+09,294.058
CH-CHA_201811301300.csv,2018-11-30,15:30,334.6457,1,36000,36000,-0.548293E-02,0,0.728920E-03,-0.412325,1,0.374257,0.434973E-02,1,0.196530E-02,0.974303E-04,1,0.440212E-04,0.322359E-02,1,0.538914E-02,0.162146E-03,0,0.715091E-04,0.120198E-02,0.184017E-02,0.412182E-04,-0.972806E-03,-0.817853E-06,0.148461E-11,0.327605E-12,0.381210E-13,537.185,13.1303,13.3050,4.20000,0,0.118539,2.89743,2.93598,2.20000,0,0.137936E-01,0.337153,0.341639,2.05000,0,283.880,282.702,96559.5,1.18407,1012.47,0.244428E-01,0.631348E-05,0.968008E-02,1262.91,1187.62,0.817523E-02,100.000,0.00000,283.579,0.692000,0.485579,0.340547E-01,0.846056,-0.146828E-12,0.276368E-14,0.846056,1.72986,152.976,35.0575,2.30684,-9999,0.680482E-01,0.101774,65.0422,0.309030E-01,-94.7933,0.505433E-02,0,-9999,-9999,-9999,-9999,-9999,-9999,-9999,-0.542021E-02,1.01157,-0.404995,1.02184,0.346802E-02,1.25424,0.776808E-04,1.25424,0.257016E-02,1.25424,0.129278E-03,1.25424,800009000,800019100,800009000,800009000,800009000,800009000,811119111,811119111,80111,80111,80,81,3,1,0,1,342,0,0,0.555289E-01,0.139939,0.808144E-02,0.677938E-02,0.179697E-06,0.227987E-02,0.370747E-06,-0.337824E-03,0.192390E-05,0.636543E-04,0.320180E-05,22.0000,96.5179,0.517917,0.788991E+09,294.058
CH-CHA_201811301300.csv,2018-11-30,16:00,334.6665,1,36000,36000,-0.880206E-03,1,0.460979E-03,0.300546,1,0.432574,0.418226E-02,1,0.150635E-02,0.936695E-04,1,0.337375E-04,0.287664E-01,1,0.108627E-01,0.392438E-03,1,0.754189E-04,-0.173124,0.186817E-03,0.418411E-05,-0.106163E-01,-0.105827E-03,0.289152E-11,0.588148E-12,0.737491E-13,537.394,13.1304,13.3051,4.50000,0,0.109308,2.67078,2.70631,2.00000,0,0.137064E-01,0.334894,0.339350,2.10000,0,283.772,282.594,96559.5,1.18453,1012.46,0.244334E-01,0.606978E-05,0.968384E-02,1262.92,1179.04,0.817528E-02,100.000,0.00000,283.579,0.345549,0.388202,0.299229E-01,0.520577,-0.888910E-14,0.538064E-14,0.520577,1.12716,137.894,48.3268,3.29519,-9999,0.272596E-01,0.418974E-01,-5.73629,-0.350401,71.8621,-0.919321E-02,0,-9999,-9999,-9999,-9999,-9999,-9999,-9999,-0.864246E-03,1.01847,0.295127,1.02335,0.349415E-02,1.19693,0.782581E-04,1.19693,0.240335E-01,1.19693,0.327870E-03,1.19693,800009000,800019100,800009000,800009000,800009000,800009100,811119111,811119111,80111,80111,80,81,1,0,1,0,272,0,0,0.307559E-01,0.469939E-01,0.604514E-02,0.711993E-02,0.113769E-06,0.359067E-02,0.228782E-06,0.246085E-03,0.193745E-05,0.595003E-03,0.811716E-05,22.0000,96.5178,0.517778,0.789801E+09,294.068
CH-CHA_201811301300.csv,2018-11-30,16:30,334.6873,1,36000,36000,-0.434947E-02,1,0.114789E-02,-2.64573,1,0.794517,-0.407774E-02,1,0.144593E-02,-0.913331E-04,1,0.323858E-04,0.206553E-01,1,0.135007E-01,0.443610E-03,0,0.146165E-03,0.809470E-01,-0.681591E-03,-0.152662E-04,-0.390509E-02,-0.244688E-04,-0.462470E-11,-0.911336E-12,-0.117773E-12,537.285,13.1301,13.3048,4.40000,0,0.105876,2.58739,2.62181,2.20000,0,0.136825E-01,0.334371,0.338820,2.45000,0,283.823,282.644,96559.5,1.18432,1012.46,0.244378E-01,-0.591838E-05,0.968187E-02,1262.89,1183.05,0.817508E-02,100.000,0.00000,283.579,0.459757,0.569192,0.305028E-01,0.732316,-0.137949E-12,-0.860754E-14,0.732316,1.97811,141.577,51.0709,2.38720,-9999,0.606017E-01,0.940556E-01,7.15963,0.280741,648.823,0.364095E-01,0,-9999,-9999,-9999,-9999,-9999,-9999,-9999,-0.426341E-02,1.02019,-2.55280,1.04081,-0.276637E-02,1.47404,-0.619609E-04,1.47404,0.140127E-01,1.47404,0.300948E-03,1.47404,800009000,800009100,800009000,800009000,800009000,800109100,811119111,811119111,80000,80000,80,81,2,1,1,9,193,0,0,0.125871,0.539087E-01,0.833193E-02,0.376623E-01,0.185713E-06,0.928303E-02,0.112208E-05,-0.212897E-02,-0.153426E-05,0.346977E-03,0.745196E-05,22.0000,96.5175,0.517500,0.786481E+09,294.073
CH-CHA_201811301300.csv,2018-11-30,17:00,334.7082,0,36000,36000,-0.129503E-01,0,0.157738E-02,-4.43116,0,0.641157,0.348737E-02,0,0.140052E-02,0.781200E-04,0,0.313729E-04,0.172508E-01,1,0.905405E-02,0.398792E-03,0,0.754669E-04,0.216114,-0.582359E-03,-0.130453E-04,-0.966850E-02,-0.931274E-04,-0.289608E-11,-0.525148E-12,-0.733146E-13,537.018,13.1298,13.3045,1.05000,0,0.973778E-01,2.38083,2.41251,2.25000,0,0.135947E-01,0.332382,0.336804,2.15000,0,283.958,282.779,96559.5,1.18375,1012.47,0.244494E-01,0.506218E-05,0.967706E-02,1262.86,1193.81,0.817491E-02,100.000,0.00000,283.579,0.816195,0.817744,0.573239E-01,1.15679,0.564306E-13,-0.539289E-14,1.15679,2.70233,141.632,45.0543,2.84041,-9999,0.104595,0.819120E-01,21.9783,0.914538E-01,-1270.63,0.353482E-01,0,-9999,-9999,-9999,-9999,-9999,-9999,-9999,-0.127815E-01,1.01320,-4.33255,1.02701,0.264639E-02,1.31778,0.592814E-04,1.31778,0.130907E-01,1.31778,0.302623E-03,1.31778,800009000,800009100,800009000,800009000,800009000,800009100,800019111,800119111,80101,80101,80,80,1,3,0,4,0,0,0,0.881338E-01,0.574972E-01,0.181931E-01,0.181664E-01,0.249706E-06,0.270377E-02,0.217452E-06,-0.361495E-02,0.146860E-05,0.324303E-03,0.749703E-05,22.0000,96.5161,0.516056,0.784969E+09,294.064
CH-CHA_201811301300.csv,2018-11-30,17:30,334.7290,0,36000,36000,-0.312286E-02,1,0.648636E-03,-1.66072,1,0.342218,-0.148850E-01,1,0.286611E-02,-0.333425E-03,1,0.642012E-04,0.412903E-01,2,0.102455E-01,0.117326E-02,1,0.191766E-03,-0.536030E-01,-0.987209E-03,-0.221136E-04,0.267158E-02,0.640406E-04,-0.281907E-11,-0.523456E-12,-0.716614E-13,537.062,13.1293,13.3040,4.55000,0,0.997237E-01,2.43790,2.47034,0.500000E-01,0,0.136522E-01,0.333750,0.338190,2.10000,0,283.924,282.746,96559.5,1.18389,1012.47,0.244466E-01,-0.216059E-04,0.967785E-02,1262.81,1191.13,0.817461E-02,100.000,0.00000,283.578,0.560204,0.301331,0.305499E-01,0.636838,0.419885E-13,-0.524906E-14,0.636838,1.59016,159.993,28.2756,2.74960,-9999,0.513594E-01,0.541841E-01,6.94302,0.289500,111.571,0.269764E-01,0,-9999,-9999,-9999,-9999,-9999,-9999,-9999,-0.305954E-02,1.02070,-1.60182,1.04150,-0.100597E-01,1.47966,-0.225339E-03,1.47966,0.279053E-01,1.47966,0.792930E-03,1.47966,800009000,800009100,800009000,800009000,800009000,800109000,811119111,811119111,80011,80011,80,81,9,1,4,2,37,0,0,0.348966E-01,0.692814E-01,0.419022E-02,0.104980E-01,0.368802E-06,0.603806E-02,0.202280E-05,-0.133635E-02,-0.558177E-05,0.691229E-03,0.196413E-04,22.0000,96.5157,0.515694,0.781680E+09,294.067
CH-CHA_201811301300.csv,2018-11-30,18:00,334.7498,0,36000,36000,0.660758E-03,1,0.276733E-03,-0.692027,1,0.284136,-0.715467E-02,2,0.171277E-02,-0.160237E-03,2,0.383594E-04,0.466093E-01,1,0.134816E-01,0.805806E-03,2,0.221907E-03,-0.303905,-0.282660E-02,-0.633048E-04,0.529193E-03,0.452345E-04,-0.287991E-11,-0.537286E-12,-0.734273E-13,537.366,13.1280,13.3026,1.30000,0,0.100253,2.44920,2.48178,5.00000,0,0.137009E-01,0.334716,0.339168,5.00000,0,283.734,282.556,96559.5,1.18468,1012.46,0.244302E-01,-0.103833E-04,0.968334E-02,1262.68,1176.07,0.817377E-02,100.000,0.00000,283.577,0.430726,0.406442,0.468611E-01,0.594067,-0.524833E-13,-0.535930E-14,0.594067,1.10277,142.845,43.3385,4.52430,-9999,0.236167E-01,0.175465E-01,1.62001,1.24073,96.7238,0.244299E-01,0,-9999,-9999,-9999,-9999,-9999,-9999,-9999,0.629983E-03,1.04885,-0.632827,1.09847,-0.334223E-02,2.14069,-0.748528E-04,2.14069,0.217730E-01,2.14069,0.376423E-03,2.14069,800009000,800109100,800009000,800009000,800009000,800009000,811119111,811119111,80011,80011,80,81,2,0,0,0,0,0,0,0.145527E-01,0.195638E-01,0.976444E-03,0.173517E-01,0.429945E-06,0.341415E-01,0.861952E-05,-0.527599E-03,-0.185290E-05,0.538967E-03,0.931794E-05,22.0000,96.5159,0.515944,0.771034E+09,294.071
CH-CHA_201811301300.csv,2018-11-30,18:30,334.7707,0,36000,36000,-0.521224E-02,1,0.617459E-03,2.54516,1,0.681047,0.260801E-01,1,0.407220E-02,0.583956E-03,1,0.911801E-04,0.638483E-01,1,0.196015E-01,0.709300E-03,1,0.200764E-03,-0.389055,-0.157495E-02,-0.352645E-04,0.885861E-03,-0.190481E-04,-0.461812E-11,-0.868269E-12,-0.117609E-12,537.796,13.1272,13.3018,1.15000,0,0.101113,2.46809,2.50092,5.00000,0,0.136960E-01,0.334309,0.338756,2.10000,0,283.491,282.314,96559.5,1.18570,1012.45,0.244093E-01,0.378404E-04,0.969109E-02,1262.61,1157.05,0.817330E-02,100.000,0.00000,283.576,-0.127600,0.302329,0.207471E-01,0.328809,0.148605E-12,-0.858712E-14,0.328809,1.04695,78.6846,112.883,3.61764,-9999,0.663017E-01,0.767929E-01,-9.74624,-0.206233,97.5903,-0.319772E-01,0,-9999,-9999,-9999,-9999,-9999,-9999,-9999,-0.508403E-02,1.02522,2.48816,1.02772,0.216746E-01,1.20326,0.485312E-03,1.20326,0.530628E-01,1.20326,0.589483E-03,1.20326,800009000,800109100,800009000,800009000,800009000,800009000,811119111,811119111,80100,80100,80,81,12,6,1,18,289,0,0,0.351753E-01,0.117111,0.129934E-02,0.380097E-01,0.587050E-06,0.308606E-01,0.358017E-05,0.207266E-02,0.120031E-04,0.131239E-02,0.145795E-04,22.0000,96.5125,0.512500,0.764838E+09,294.071
CH-CHA_201811301300.csv,2018-11-30,19:00,334.7915,0,35989,35989,-0.121290E-02,1,0.123223E-03,-0.894474,1,0.195051,-0.672960E-02,1,0.963683E-03,-0.150649E-03,1,0.215731E-04,0.559244E-02,1,0.902410E-03,0.701821E-03,1,0.812831E-04,-0.358457,-0.203923E-02,-0.456505E-04,-0.747233E-02,-0.760533E-04,0.769716E-12,0.135390E-12,0.195087E-13,538.182,13.1262,13.3008,4.70000,0,0.946637E-01,2.30885,2.33956,3.20000,0,0.136404E-01,0.332688,0.337113,2.80000,0,283.267,282.092,96559.5,1.18664,1012.45,0.243900E-01,-0.976209E-05,0.969803E-02,1262.52,1139.77,0.817270E-02,100.000,0.00000,283.575,0.242319E-01,0.220084,0.163117E-01,0.222014,0.494548E-13,0.143022E-14,0.222014,0.559553,100.523,83.7169,4.21340,-9999,0.319708E-01,0.224560E-01,3.10934,0.646440,132.916,0.232876E-01,0,-9999,-9999,-9999,-9999,-9999,-9999,-9999,-0.117203E-02,1.03487,-0.841720,1.06741,-0.385211E-02,1.74699,-0.862339E-04,1.74699,0.320119E-02,1.74699,0.401732E-03,1.74699,800009000,800119100,800009000,800009011,800009000,800009010,811119111,811119111,80111,80111,80,81,0,0,2,0,97,0,0,0.653919E-02,0.380810E-01,0.291873E-03,0.138404E-01,0.259113E-06,0.295485E-03,0.210020E-05,-0.700611E-03,-0.213111E-05,0.791113E-04,0.992805E-05,21.9633,96.5206,0.506862,0.757654E+09,294.068
CH-CHA_201811301900.csv,2018-11-30,19:30,334.8123,0,36000,36000,-0.713513E-03,1,0.342444E-03,-0.978660,0,0.162464,-0.337692E-02,1,0.122482E-02,-0.756032E-04,1,0.274216E-04,-0.195937E-01,2,0.948520E-02,0.631049E-03,2,0.211639E-03,0.159339,0.429639E-03,0.961886E-05,0.288805E-02,0.112298E-03,0.181255E-11,0.327316E-12,0.462695E-13,538.001,13.1264,13.3010,0.150000,0,0.971540E-01,2.37042,2.40195,5.00000,0,0.137337E-01,0.335083,0.339539,2.20000,0,283.367,282.191,96559.5,1.18622,1012.45,0.243985E-01,-0.489909E-05,0.969478E-02,1262.54,1147.43,0.817282E-02,100.000,0.00000,283.575,0.295438,0.319725,0.297583E-01,0.436341,-0.267455E-13,0.336905E-14,0.436341,1.00623,133.740,47.2609,3.91059,-9999,0.245255E-01,0.622778E-01,1.28292,1.56674,289.808,0.332257E-01,0,-9999,-9999,-9999,-9999,-9999,-9999,-9999,-0.674475E-03,1.05788,-0.880642,1.11606,-0.144425E-02,2.33819,-0.323341E-04,2.33819,-0.837987E-02,2.33819,0.269888E-03,2.33819,800009000,800109100,800009000,800009000,800009000,801109011,811119111,811119111,80001,80001,80,81,2,2,0,6,132,0,0,0.369199E-01,0.863472E-01,0.128846E-02,0.956706E-02,0.321679E-06,0.193753E-01,0.180004E-04,-0.733263E-03,-0.799357E-06,-0.207165E-03,0.667211E-05,22.0000,96.5046,0.504556,0.759112E+09,294.063
CH-CHA_201811301900.csv,2018-11-30,20:00,334.8331,0,36000,36000,-0.978982E-03,1,0.176210E-03,0.307189,2,0.299497,0.489460E-02,1,0.993520E-03,0.109538E-03,1,0.222343E-04,0.296045E-01,2,0.127556E-01,0.829635E-03,1,0.193824E-03,-0.669667,-0.975684E-03,-0.218351E-04,0.795863E-02,0.132445E-03,-0.180159E-11,-0.348603E-12,-0.463784E-13,538.776,13.1260,13.3006,3.95000,0,0.104252,2.53984,2.57362,2.05000,0,0.138697E-01,0.337902,0.342396,2.70000,0,282.949,281.775,96559.5,1.18797,1012.44,0.243626E-01,0.709806E-05,0.970874E-02,1262.49,1115.61,0.817253E-02,100.000,0.00000,283.574,0.197268,0.475668,0.322765E-01,0.515962,-0.133956E-13,-0.334386E-14,0.515962,0.868907,119.444,67.4754,3.58654,-9999,0.287068E-01,0.116057E-01,-6.55421,-0.306673,62.7607,-0.889705E-02,0,-9999,-9999,-9999,-9999,-9999,-9999,-9999,-0.961131E-03,1.01857,0.301659,1.02341,0.408900E-02,1.19702,0.915091E-04,1.19702,0.247319E-01,1.19702,0.693086E-03,1.19702,800009000,800119100,800009000,800009000,800009000,800109100,811119111,811119111,80111,80111,80,80,12,0,1,12,0,0,0,0.918388E-02,0.131127E-01,0.914840E-03,0.165491E-01,0.307900E-06,0.340771E-01,0.780035E-05,0.250808E-03,0.225893E-05,0.610517E-03,0.171091E-04,22.0000,96.5037,0.503750,0.755813E+09,294.066
CH-CHA_201811301900.csv,2018-11-30,20:30,334.8540,0,36000,36000,-0.192612E-02,0,0.625657E-03,-0.745842,0,0.429518,0.186405E-02,1,0.165910E-02,0.417179E-04,1,0.371310E-04,-0.105210E-02,2,0.102173E-02,0.104212E-03,1,0.109448E-03,0.664017E-01,0.401388E-03,0.898315E-05,-0.840253E-02,-0.220896E-03,-0.898990E-12,-0.161697E-12,-0.228203E-13,538.705,13.1262,13.3008,3.95000,0,0.968943E-01,2.36094,2.39234,0.500000E-01,0,0.136747E-01,0.333199,0.337631,2.85000,0,282.991,281.816,96559.5,1.18780,1012.44,0.243662E-01,0.270332E-05,0.970746E-02,1262.51,1118.73,0.817265E-02,100.000,0.00000,283.575,0.118743,0.457670,0.224103E-01,0.473354,-0.502571E-13,-0.166880E-14,0.473354,0.968762,112.050,75.4553,2.71360,-9999,0.402689E-01,0.299018E-01,7.45137,0.269749,-400.118,0.154016E-01,0,-9999,-9999,-9999,-9999,-9999,-9999,-9999,-0.188693E-02,1.02077,-0.719700,1.04055,0.127479E-02,1.46224,0.285301E-04,1.46224,-0.719512E-03,1.46224,0.712688E-04,1.46224,800009000,800009100,800009000,800009000,800009000,800109001,811119111,811119111,80100,80100,80,81,2,2,0,22,0,0,0,0.309576E-01,0.261828E-01,0.266317E-02,0.165897E-01,0.249503E-06,0.489227E-03,0.851473E-06,-0.598466E-03,0.704380E-06,-0.177640E-04,0.175955E-05,22.0000,96.5077,0.507694,0.757140E+09,294.068
CH-CHA_201811301900.csv,2018-11-30,21:00,334.8748,0,36000,36000,0.208047E-02,1,0.118382E-02,0.245063,2,0.193092,0.854261E-02,1,0.380543E-02,0.191181E-03,1,0.851642E-04,0.364567E-02,1,0.212393E-01,0.442944E-04,2,0.899082E-04,-0.414484E-01,-0.252170E-03,-0.564347E-05,0.730426E-02,0.739723E-04,-0.136040E-11,-0.260807E-12,-0.346963E-13,538.749,13.1260,13.3006,1.85000,0,0.103285,2.51644,2.54991,4.40000,0,0.137405E-01,0.334774,0.339226,1.70000,0,282.965,281.790,96559.5,1.18791,1012.44,0.243639E-01,0.123885E-04,0.970826E-02,1262.50,1116.79,0.817258E-02,100.000,0.00000,283.575,0.478015,0.831338E-01,0.161967E-01,0.485461,-0.191643E-13,-0.252510E-14,0.485461,1.15438,179.844,9.86589,1.91194,-9999,0.418494E-01,0.694374E-01,-25.4545,-0.789646E-01,28.6871,-0.486897E-02,0,-9999,-9999,-9999,-9999,-9999,-9999,-9999,0.204103E-02,1.01932,0.240770,1.02389,0.713287E-02,1.19764,0.159631E-03,1.19764,0.304404E-02,1.19764,0.369847E-04,1.19764,800009100,800109100,800009000,800009011,800009000,800019010,811119111,811119111,80111,80111,80,81,0,0,0,10,361,0,0,0.596713E-01,0.765910E-01,0.261256E-02,0.136599E-01,0.435292E-06,0.186854E-01,0.153085E-05,0.200194E-03,0.394077E-05,0.751474E-04,0.913031E-06,22.0000,96.5143,0.514333,0.756192E+09,294.071
CH-CHA_201811301900.csv,2018-11-30,21:30,334.8956,0,36000,36000,-0.167438E-02,1,0.514842E-03,-0.997072,2,0.566795,0.683910E-02,1,0.134647E-02,0.153037E-03,1,0.301296E-04,-0.581644E-03,2,0.169075E-02,0.161762E-03,2,0.819273E-04,-0.220660,-0.143890E-03,-0.321980E-05,0.294391E-02,0.426377E-04,0.743103E-12,0.146010E-12,0.190040E-13,539.008,13.1260,13.3006,0.500000E-01,0,0.105908,2.57908,2.61339,0.500000E-01,0,0.137845E-01,0.335681,0.340146,3.05000,0,282.827,281.653,96559.5,1.18848,1012.44,0.243521E-01,0.991678E-05,0.971293E-02,1262.49,1106.47,0.817254E-02,100.000,0.00000,283.574,0.854295E-01,0.278462,0.195347E-01,0.291926,0.259003E-13,0.137865E-14,0.291926,0.766877,125.435,72.9445,3.83691,-9999,0.375344E-01,0.377369E-01,4.51372,0.445309,-145.790,0.220768E-01,0,-9999,-9999,-9999,-9999,-9999,-9999,-9999,-0.162905E-02,1.02783,-0.949978,1.05369,0.427660E-02,1.59919,0.956964E-04,1.59919,-0.363711E-03,1.59919,0.101152E-03,1.59919,800009000,800119100,800009000,800009011,800009000,800009110,811119111,811119111,80000,80000,80,81,0,0,5,0,0,0,0,0.357150E-01,0.388265E-01,0.932238E-03,0.487309E-01,0.272231E-06,0.331945E-02,0.959821E-06,-0.789501E-03,0.236128E-05,-0.897447E-05,0.249590E-05,21.9833,96.5236,0.517376,0.755653E+09,294.067
CH-CHA_201811301900.csv,2018-11-30,22:00,334.9165,0,36000,36000,-0.233050E-02,1,0.272106E-03,2.66082,1,0.558793,0.107933E-01,1,0.166612E-02,0.241475E-03,1,0.372755E-04,0.125020,1,0.202217E-01,0.148440E-02,1,0.277357E-03,-0.308523,-0.168517E-02,-0.377018E-04,0.710566E-02,0.153997E-03,0.174524E-11,0.363028E-12,0.450704E-13,539.342,13.1252,13.2997,1.30000,0,0.112189,2.73018,2.76649,2.35000,0,0.139284E-01,0.338956,0.343464,2.15000,0,282.635,281.462,96559.5,1.18929,1012.43,0.243355E-01,0.156476E-04,0.971895E-02,1262.42,1092.20,0.817204E-02,100.000,0.00000,283.574,0.236553,0.291709,0.178258E-01,0.375991,-0.272433E-13,0.323586E-14,0.375991,0.659924,132.947,50.9607,2.71742,-9999,0.442670E-01,0.214381E-01,-2.77456,-0.724440,246.525,-0.499207E-01,0,-9999,-9999,-9999,-9999,-9999,-9999,-9999,-0.227820E-02,1.02296,2.60418,1.02623,0.898695E-02,1.20100,0.201062E-03,1.20100,0.104097,1.20100,0.123598E-02,1.20100,800009000,800119100,800009000,800009011,800009000,800009010,811119111,811119111,80000,80000,80,81,0,1,1,0,143,0,0,0.145767E-01,0.277177E-01,0.581674E-03,0.446359E-01,0.286087E-06,0.494460E-01,0.101770E-04,0.216280E-02,0.495776E-05,0.256682E-02,0.304766E-04,21.9517,96.5353,0.517250,0.749956E+09,294.066
CH-CHA_201811301900.csv,2018-11-30,22:30,334.9373,0,36000,36000,-0.103259E-02,2,0.494335E-03,-1.36878,1,0.249089,-0.581029E-02,1,0.196914E-02,-0.130037E-03,1,0.440706E-04,0.226536E-01,2,0.587335E-02,0.203670E-02,1,0.198458E-03,0.596005,0.164017E-02,0.367079E-04,-0.790973E-02,-0.121403E-03,-0.305165E-11,-0.595584E-12,-0.782028E-13,538.666,13.1260,13.3005,3.55000,0,0.105130,2.56176,2.59584,3.05000,0,0.138040E-01,0.336371,0.340845,2.00000,0,283.007,281.832,96559.5,1.18773,1012.44,0.243675E-01,-0.842643E-05,0.970675E-02,1262.49,1119.95,0.817252E-02,100.000,0.00000,283.574,-0.319429E-01,0.343286,0.138664E-01,0.345048,-0.153444E-12,-0.566521E-14,0.345048,1.31217,78.9951,95.3161,2.30316,-9999,0.294853E-01,0.829674E-01,1.59388,1.26107,235.579,0.386048E-01,0,-9999,-9999,-9999,-9999,-9999,-9999,-9999,-0.982972E-03,1.05048,-1.24854,1.10104,-0.270205E-02,2.15032,-0.604735E-04,2.15032,0.105350E-01,2.15032,0.947160E-03,2.15032,800009000,800109100,800009000,800009011,800009000,801109010,811119111,811119111,80111,80111,80,81,1,0,0,0,0,0,0,0.978505E-01,0.668096E-01,0.127473E-02,0.135886E-01,0.409860E-06,0.536688E-02,0.607035E-05,-0.103828E-02,-0.149311E-05,0.260113E-03,0.233857E-04,21.9861,96.5265,0.521306,0.755659E+09,294.065
CH-CHA_201811301900.csv,2018-11-30,23:00,334.9581,0,36000,36000,0.687325E-02,1,0.754108E-03,-2.08403,1,0.431588,0.128057E-01,1,0.274811E-02,0.286568E-03,1,0.614978E-04,0.144316E-01,1,0.107142E-01,-0.373882E-03,2,0.339389E-03,-0.173879,0.375186E-04,0.839602E-06,0.862029E-02,0.840668E-04,-0.268161E-11,-0.560846E-12,-0.690853E-13,538.873,13.1260,13.3006,0.100000,0,0.112703,2.74524,2.78175,1.60000,0,0.138828E-01,0.338160,0.342658,5.00000,0,282.898,281.724,96559.5,1.18819,1012.44,0.243582E-01,0.185696E-04,0.971049E-02,1262.49,1111.80,0.817253E-02,100.000,0.00000,283.574,0.523162,0.112763,0.227167E-01,0.535659,-0.517168E-13,-0.497633E-14,0.535659,1.73534,171.574,12.1635,2.43058,-9999,0.760569E-01,0.205331,17.9674,0.111870,-162.743,0.227779E-01,0,-9999,-9999,-9999,-9999,-9999,-9999,-9999,0.676883E-02,1.01543,-2.03362,1.02879,0.964000E-02,1.32839,0.215726E-03,1.32839,0.108640E-01,1.32839,-0.281455E-03,1.32839,800009000,800009100,800009000,800009000,800009000,800109001,811119111,811119111,80110,80110,80,81,10,0,6,4,0,0,0,0.749476E-01,0.331710,0.400419E-02,0.158976E-01,0.369247E-06,0.154053E-01,0.677676E-05,-0.169051E-02,0.532432E-05,0.268132E-03,-0.694657E-05,22.0000,96.5195,0.519472,0.756040E+09,294.064
CH-CHA_201811301900.csv,2018-11-30,23:30,334.9790,0,36000,36000,-0.865396E-02,1,0.104355E-02,-2.11277,1,0.508734,-0.867817E-02,1,0.160790E-02,-0.194208E-03,1,0.359831E-04,0.196314E-01,1,0.756892E-02,0.783155E-03,1,0.123561E-03,0.516981E-01,0.879058E-03,0.196724E-04,-0.264084E-02,-0.672231E-04,-0.741356E-12,-0.151871E-12,-0.190179E-13,538.829,13.1264,13.3010,4.45000,0,0.110382,2.68902,2.72479,4.60000,0,0.138225E-01,0.336729,0.341208,2.15000,0,282.931,281.756,96559.5,1.18805,1012.44,0.243610E-01,-0.125847E-04,0.970969E-02,1262.53,1114.22,0.817279E-02,100.000,0.00000,283.575,0.210754,0.311215,0.267781E-01,0.376814,0.242185E-13,-0.137587E-14,0.376814,1.07861,132.948,55.8942,4.07512,-9999,0.853473E-01,0.100482,25.0433,0.802611E-01,243.458,0.205806E-01,0,-9999,-9999,-9999,-9999,-9999,-9999,-9999,-0.851644E-02,1.01615,-2.06568,1.02727,-0.667499E-02,1.30010,-0.149379E-03,1.30010,0.150999E-01,1.30010,0.602379E-03,1.30010,800009100,800119100,800009000,800009000,800009100,800009100,811119111,811119111,80011,80011,80,81,0,0,2,1,581,0,0,0.648066E-01,0.133493,0.266516E-02,0.176575E-01,0.123030E-06,0.387632E-02,0.103560E-05,-0.171735E-02,-0.368723E-05,0.372722E-03,0.148690E-04,22.0000,96.5212,0.521222,0.758953E+09,294.059
CH-CHA_201811301900.csv,2018-12-01,00:00,335.0000,0,36000,36000,-0.742085E-02,0,0.107148E-02,-1.08974,1,0.858449,0.592431E-02,0,0.291724E-02,0.132582E-03,0,0.652860E-04,0.254579E-01,0,0.154536E-01,0.307878E-03,0,0.109233E-03,0.330361E-01,0.147233E-02,0.329499E-04,0.575710E-02,-0.600625E-04,-0.232562E-11,-0.498105E-12,-0.594291E-13,538.818,13.1271,13.3017,0.350000,0,0.115405,2.81158,2.84898,0.500000E-01,0,0.137690E-01,0.335450,0.339912,2.20000,0,282.951,281.777,96559.5,1.18796,1012.44,0.243628E-01,0.859134E-05,0.970950E-02,1262.60,1115.77,0.817323E-02,100.000,0.00000,283.576,0.946916,0.460633,0.476306E-01,1.05409,-0.542514E-13,-0.431616E-14,1.05409,1.88247,162.805,25.9409,2.58988,-9999,0.790361E-01,0.928621E-01,38.5590,0.521280E-01,-183.944,0.114637E-01,0,-9999,-9999,-9999,-9999,-9999,-9999,-9999,-0.733388E-02,1.01186,-1.06876,1.02364,0.463589E-02,1.27792,0.103748E-03,1.27792,0.199213E-01,1.27792,0.240920E-03,1.27792,800009000,800019100,800009000,800009000,800009000,800009000,800119111,811119111,80110,80110,80,81,1,4,5,3,54,0,0,0.990594E-01,0.763920E-01,0.102729E-01,0.546947E-01,0.274387E-06,0.909731E-02,0.615682E-06,-0.888606E-03,0.256108E-05,0.491767E-03,0.594724E-05,22.0000,96.5233,0.523250,0.764380E+09,294.063
CH-CHA_201811301900.csv,2018-12-01,00:30,335.0208,0,36000,36000,-0.367615E-02,1,0.163273E-02,-5.90258,1,2.81878,-0.208695E-01,1,0.107296E-01,-0.467195E-03,1,0.240198E-03,0.742717E-01,1,0.428108E-01,0.115643E-02,1,0.469776E-03,0.537141,0.319289E-02,0.714778E-04,-0.217755E-01,-0.203943E-03,0.239525E-11,0.428285E-12,0.604082E-13,538.242,13.1286,13.3033,4.50000,0,0.962409E-01,2.34748,2.37870,2.75000,0,0.135745E-01,0.331104,0.335509,2.85000,0,283.287,282.111,96559.5,1.18656,1012.45,0.243917E-01,-0.302742E-04,0.969913E-02,1262.75,1141.25,0.817418E-02,100.000,0.00000,283.577,0.499168,0.672844,0.424183E-01,0.838861,-0.721141E-13,0.445013E-14,0.838861,2.38021,136.061,53.4291,2.89849,-9999,0.556612E-01,0.215924,2.48652,0.808359,282.833,0.882730E-01,0,-9999,-9999,-9999,-9999,-9999,-9999,-9999,-0.354622E-02,1.03664,-5.51691,1.07452,-0.111815E-01,1.86642,-0.250316E-03,1.86642,0.397937E-01,1.86642,0.619601E-03,1.86642,800009000,800009100,800009000,800009011,800009000,800109000,801119111,811119111,80000,80000,80,81,17,6,3,2,0,0,0,0.151266,0.262296,0.182851E-01,0.200176,0.137727E-05,0.401666E-01,0.489700E-05,-0.459234E-02,-0.618652E-05,0.983495E-03,0.153133E-04,21.9867,96.5249,0.519930,0.775997E+09,294.064
CH-CHA_201811301900.csv,2018-12-01,01:00,335.0416,0,35990,35990,-0.337413E-01,1,0.501555E-02,-10.1568,1,1.16162,-0.553336E-01,1,0.111938E-01,-0.123952E-02,1,0.250751E-03,-0.174547E-01,1,0.193005E-01,0.117898E-02,1,0.247658E-03,1.07688,0.120700E-02,0.270378E-04,-0.309498E-02,-0.587823E-04,0.103003E-11,0.178980E-12,0.258777E-13,536.988,13.1292,13.3039,1.75000,0,0.933081E-01,2.28135,2.31171,0.500000E-01,0,0.134909E-01,0.329848,0.334236,1.90000,0,283.961,282.782,96559.5,1.18374,1012.47,0.244497E-01,-0.803211E-04,0.967653E-02,1262.80,1194.03,0.817454E-02,100.000,0.00000,283.578,1.08814,0.884548E-01,0.438804E-01,1.09261,0.377089E-13,0.191816E-14,1.09261,2.77584,176.422,4.64736,2.30168,-9999,0.168831,0.366320,40.3261,0.498437E-01,183.556,0.501957E-01,0,-9999,-9999,-9999,-9999,-9999,-9999,-9999,-0.333499E-01,1.01174,-9.96787,1.02348,-0.433542E-01,1.27631,-0.971174E-03,1.27631,-0.136759E-01,1.27631,0.923741E-03,1.27631,800009000,800009100,800009000,800009000,800009000,801109110,810119111,811119111,80011,80011,80,81,0,3,7,5,197,0,0,0.462953,0.253477,0.162100E-01,0.331689E-01,0.109731E-05,0.797361E-02,0.120259E-05,-0.831697E-02,-0.240595E-04,-0.338801E-03,0.228845E-04,22.0000,96.5199,0.519950,0.780311E+09,294.069
CH-CHA_201812010100.csv,2018-12-01,01:30,335.0624,0,36000,36000,-0.382706E-02,1,0.127826E-02,-5.10391,1,1.58205,0.187035E-02,2,0.429672E-02,0.418804E-04,2,0.962109E-04,0.478066E-02,2,0.628149E-02,0.419365E-03,1,0.126547E-03,-0.688792,-0.774852E-02,-0.173503E-03,-0.894279E-03,0.634797E-04,0.191797E-11,0.330577E-12,0.483971E-13,537.653,13.1255,13.3001,3.30000,0,0.926685E-01,2.26228,2.29237,0.500000E-01,0,0.135669E-01,0.331202,0.335607,4.95000,0,283.530,282.353,96559.5,1.18554,1012.45,0.244126E-01,0.271385E-05,0.968850E-02,1262.45,1160.08,0.817224E-02,100.000,0.00000,283.574,-0.130364,0.567297,0.279140E-01,0.582752,0.152330E-12,0.356730E-14,0.582752,1.93189,91.3075,102.942,2.74554,-9999,0.568165E-01,0.132851,3.05845,0.657196,-2728.85,0.748405E-01,0,-9999,-9999,-9999,-9999,-9999,-9999,-9999,-0.370710E-02,1.03236,-4.81032,1.06546,0.106671E-02,1.75339,0.238854E-04,1.75339,0.272653E-02,1.75339,0.239174E-03,1.75339,800009000,800009100,800009000,800009011,800009000,810109010,811119111,811119111,80111,80111,80,81,5,0,2,1,0,0,0,0.842857E-01,0.177544,0.387325E-02,0.126703,0.202444E-05,0.239056E-02,0.701067E-06,-0.400759E-02,0.590829E-06,0.674434E-04,0.591621E-05,21.9828,96.5250,0.518530,0.752006E+09,294.055
CH-CHA_201812010100.csv,2018-12-01,02:00,335.0833,0,36000,36000,-0.536589E-02,1,0.138221E-02,-0.526463,1,0.934579,0.266492E-01,1,0.648881E-02,0.596527E-03,1,0.145248E-03,0.226644E-01,1,0.162942E-01,0.433190E-03,1,0.240845E-03,-0.545228,-0.274470E-03,-0.614387E-05,0.345383E-02,0.468763E-04,-0.164597E-11,-0.292927E-12,-0.416593E-13,538.293,13.1254,13.2999,3.05000,0,0.957977E-01,2.33586,2.36693,5.00000,0,0.136241E-01,0.332201,0.336619,5.00000,0,283.190,282.014,96559.5,1.18696,1012.45,0.243833E-01,0.386550E-04,0.970005E-02,1262.44,1133.85,0.817215E-02,100.000,0.00000,283.574,0.200242,0.471722,0.334960E-01,0.513557,-0.151683E-12,-0.305776E-14,0.513557,1.43311,124.412,66.9992,3.73968,-9999,0.672361E-01,0.149657,49.1377,0.409055E-01,-19.7553,0.651564E-02,0,-9999,-9999,-9999,-9999,-9999,-9999,-9999,-0.529373E-02,1.01363,-0.515338,1.02338,0.211134E-01,1.26219,0.472611E-03,1.26219,0.179564E-01,1.26219,0.343204E-03,1.26219,800009000,800009100,800009000,800009011,800009000,800109000,811119111,811119111,80000,80000,80,81,0,1,2,5,0,0,0,0.103715,0.192818,0.278116E-02,0.986295E-01,0.125243E-05,0.155193E-01,0.340131E-05,-0.428828E-03,0.116765E-04,0.443636E-03,0.847930E-05,22.0000,96.5189,0.518889,0.751022E+09,294.046
CH-CHA_201812010100.csv,2018-12-01,02:30,335.1041,0,36000,36000,-0.527105E-02,1,0.120401E-02,-3.58870,0,1.95552,0.215785E-01,0,0.143086E-01,0.482989E-03,0,0.320267E-03,-0.713034E-02,2,0.324282E-02,-0.301829E-03,1,0.917467E-04,-0.119532,-0.286732E-02,-0.641789E-04,-0.661060E-02,-0.101743E-03,-0.129902E-11,-0.217268E-12,-0.326669E-13,538.379,13.1240,13.2985,2.20000,0,0.900468E-01,2.19506,2.22425,0.500000E-01,0,0.135388E-01,0.330034,0.334423,0.500000E-01,0,283.115,281.940,96559.5,1.18728,1012.44,0.243769E-01,0.312977E-04,0.970159E-02,1262.30,1128.17,0.817130E-02,100.000,0.00000,283.572,0.359461E-01,1.04520,0.362683E-01,1.04645,-0.424301E-13,-0.241283E-14,1.04645,2.09024,100.595,88.0303,1.98618,-9999,0.666305E-01,0.123979,7.01546,0.286510,-166.309,0.448066E-01,0,-9999,-9999,-9999,-9999,-9999,-9999,-9999,-0.516670E-02,1.02020,-3.45893,1.04160,0.145178E-01,1.48635,0.324950E-03,1.48635,-0.479722E-02,1.48635,-0.203067E-03,1.48635,800009000,800009100,800009000,800009011,800009000,800109000,810109111,811109111,80111,80111,80,81,0,0,6,0,0,0,0,0.126053,0.113215,0.869106E-02,0.194999,0.410175E-05,0.133533E-02,0.974400E-06,-0.287753E-02,0.802618E-05,-0.118490E-03,-0.501572E-05,21.9972,96.5190,0.517961,0.740483E+09,294.054
CH-CHA_201812010100.csv,2018-12-01,03:00,335.1249,0,36000,36000,-0.253314E-02,1,0.100631E-02,-0.550320,2,1.15495,0.719868E-02,1,0.626167E-02,0.161028E-03,1,0.140068E-03,0.607999E-02,1,0.255372E-02,0.139313E-03,1,0.949871E-04,-1.03904,-0.594507E-02,-0.132986E-03,0.385501E-03,0.261062E-04,0.251366E-12,0.422083E-13,0.633318E-14,539.496,13.1212,13.2956,0.250000,0,0.905899E-01,2.20325,2.23254,3.30000,0,0.135926E-01,0.330588,0.334984,4.25000,0,282.468,281.296,96559.5,1.19000,1012.42,0.243211E-01,0.104346E-04,0.972173E-02,1262.03,1079.95,0.816954E-02,100.000,0.00000,283.569,0.248165,0.455845,0.220186E-01,0.519486,0.534338E-13,0.465927E-15,0.519486,1.20379,126.493,61.4359,2.42923,-9999,0.461378E-01,0.841436E-01,15.1887,0.132335,-76.4473,0.990034E-02,0,-9999,-9999,-9999,-9999,-9999,-9999,-9999,-0.249287E-02,1.01615,-0.536006,1.03039,0.534598E-02,1.34656,0.119585E-03,1.34656,0.451520E-02,1.34656,0.103458E-03,1.34656,800009000,800009100,800009000,800009000,800009000,800009000,811119111,811119111,80100,80100,80,81,7,2,0,22,0,0,0,0.538778E-01,0.110143,0.426647E-02,0.722181E-01,0.112554E-05,0.529453E-03,0.763997E-06,-0.444899E-03,0.294695E-05,0.111269E-03,0.254955E-05,22.0000,96.5192,0.519250,0.718917E+09,294.057
CH-CHA_201812010100.csv,2018-12-01,03:30,335.1458,0,36000,36000,-0.144499E-02,1,0.565984E-03,-1.06187,1,0.331256,-0.660573E-02,1,0.162488E-02,-0.147753E-03,1,0.363444E-04,-0.452605E-01,1,0.105208E-01,0.118762E-03,2,0.726305E-04,-0.123231,-0.771592E-03,-0.172586E-04,0.763048E-02,0.842487E-04,0.353860E-12,0.637924E-13,0.896403E-14,539.628,13.1208,13.2953,4.05000,0,0.972819E-01,2.36537,2.39681,5.00000,0,0.136699E-01,0.332378,0.336797,2.30000,0,282.391,281.220,96559.5,1.19032,1012.42,0.243145E-01,-0.957442E-05,0.972409E-02,1262.00,1074.36,0.816931E-02,100.000,0.00000,283.569,0.387462,0.168674,0.166272E-01,0.422912,-0.722577E-14,0.655748E-15,0.422912,0.993630,167.775,23.5250,2.25323,-9999,0.348418E-01,0.597078E-01,3.38996,0.592927,160.751,0.252899E-01,0,-9999,-9999,-9999,-9999,-9999,-9999,-9999,-0.140143E-02,1.03108,-1.00420,1.06210,-0.387180E-02,1.70611,-0.866023E-04,1.70611,-0.265284E-01,1.70611,0.696099E-04,1.70611,800009000,800109100,800009000,800009011,800109000,800119000,811119111,811119111,80000,80000,80,80,0,0,0,4,77,0,0,0.475089E-01,0.704211E-01,0.148571E-02,0.157801E-01,0.284824E-06,0.119840E-01,0.186319E-05,-0.833285E-03,-0.213358E-05,-0.653568E-03,0.171495E-05,21.9839,96.5237,0.517639,0.715969E+09,294.067
CH-CHA_201812010100.csv,2018-12-01,04:00,335.1666,0,36000,36000,-0.292589E-02,1,0.551617E-03,-1.07124,1,0.364109,0.807819E-02,1,0.359629E-02,0.180714E-03,1,0.804511E-04,0.747813E-02,2,0.604272E-02,0.353445E-03,1,0.182579E-03,0.235213,0.100457E-02,0.224728E-04,0.178714E-02,0.458523E-04,0.835652E-14,0.153062E-14,0.212302E-15,539.368,13.1213,13.2957,0.400000,0,0.987931E-01,2.40335,2.43531,2.45000,0,0.137029E-01,0.333353,0.337785,2.30000,0,282.538,281.365,96559.5,1.18970,1012.43,0.243272E-01,0.117103E-04,0.971941E-02,1262.04,1085.06,0.816961E-02,100.000,0.00000,283.569,0.195333,0.580076,0.303286E-01,0.612832,-0.125111E-12,0.154932E-16,0.612832,1.13688,111.830,71.3897,2.83669,-9999,0.495918E-01,0.546611E-01,9.68969,0.207437,-132.609,0.179340E-01,0,-9999,-9999,-9999,-9999,-9999,-9999,-9999,-0.287392E-02,1.01808,-1.03832,1.03569,0.572180E-02,1.41183,0.128000E-03,1.41183,0.529677E-02,1.41183,0.250346E-03,1.41183,800009000,800109100,800009000,800009011,800009000,800109011,811119111,811119111,80000,80000,80,81,7,0,2,1,6,0,0,0.416990E-01,0.659423E-01,0.168079E-02,0.267075E-01,0.113797E-05,0.733959E-02,0.636965E-05,-0.862043E-03,0.315511E-05,0.130562E-03,0.617086E-05,21.9822,96.5238,0.517154,0.719785E+09,294.072
CH-CHA_201812010100.csv,2018-12-01,04:30,335.1874,0,36000,36000,-0.852858E-02,1,0.164451E-02,0.418241,2,0.501069,-0.603150E-02,2,0.301692E-02,-0.134952E-03,2,0.675022E-04,0.135386E-01,1,0.531014E-02,0.106784E-02,1,0.210671E-03,0.299601,0.185323E-03,0.414653E-05,-0.412083E-02,0.722021E-05,0.579882E-11,0.102339E-11,0.147389E-12,539.015,13.1214,13.2958,0.150000,0,0.951271E-01,2.31570,2.34649,4.10000,0,0.137002E-01,0.333507,0.337941,3.65000,0,282.724,281.551,96559.5,1.18892,1012.43,0.243432E-01,-0.874490E-05,0.971305E-02,1262.05,1098.84,0.816966E-02,100.000,0.00000,283.569,0.109659,0.198036,0.148869E-01,0.226859,-0.504092E-13,0.107582E-13,0.226859,1.15070,108.058,61.0253,3.76256,-9999,0.846959E-01,0.119870,-123.632,-0.162579E-01,-69.3428,-0.410249E-02,0,-9999,-9999,-9999,-9999,-9999,-9999,-9999,-0.825612E-02,1.03300,0.406322,1.03289,-0.497861E-02,1.21148,-0.111394E-03,1.21148,0.111752E-01,1.21148,0.881434E-03,1.21148,800009000,800109100,800009000,800009000,800009010,811009011,811119111,811119111,80110,80110,80,81,0,4,0,0,0,0,0,0.166211,0.719414E-01,0.158880E-02,0.196168E-01,0.447710E-06,0.344773E-02,0.355602E-05,0.337562E-03,-0.274761E-05,0.275643E-03,0.217411E-04,22.0000,96.5171,0.517139,0.720596E+09,294.070
CH-CHA_201812010100.csv,2018-12-01,05:00,335.2083,0,36000,36000,-0.283346E-02,1,0.795661E-03,0.360203,1,0.315903,0.623414E-02,1,0.281440E-02,0.139498E-03,1,0.629765E-04,-0.152167E-01,1,0.590922E-02,-0.226746E-03,2,0.128348E-03,0.146409,-0.830031E-03,-0.185732E-04,0.778562E-02,0.117496E-03,-0.666271E-12,-0.126001E-12,-0.170621E-13,538.825,13.1210,13.2954,2.30000,0,0.101899,2.48136,2.51435,5.00000,0,0.137984E-01,0.336007,0.340474,0.500000E-01,0,282.816,281.642,96559.5,1.18853,1012.43,0.243511E-01,0.903949E-05,0.970963E-02,1262.01,1105.64,0.816942E-02,100.000,0.00000,283.569,0.270097,0.308745,0.197612E-01,0.410690,0.929590E-13,-0.123652E-14,0.410690,1.20171,146.031,48.8198,2.75798,-9999,0.488262E-01,0.857619E-01,-27.5032,-0.730825E-01,57.7791,-0.613079E-02,0,-9999,-9999,-9999,-9999,-9999,-9999,-9999,-0.277354E-02,1.02160,0.353073,1.02536,0.519642E-02,1.19970,0.116278E-03,1.19970,-0.126838E-01,1.19970,-0.189003E-03,1.19970,800009000,800109100,800009000,800009000,800009000,800109000,811119111,811119111,80100,80100,80,81,15,0,1,0,0,0,0,0.989415E-01,0.704562E-01,0.212602E-02,0.217389E-01,0.626219E-06,0.465267E-02,0.614582E-05,0.293418E-03,0.286898E-05,-0.312955E-03,-0.466337E-05,22.0000,96.5157,0.515750,0.717362E+09,294.071
CH-CHA_201812010100.csv,2018-12-01,05:30,335.2291,0,36000,36000,-0.474711E-02,1,0.103737E-02,-3.45213,1,1.17224,-0.316834E-01,1,0.762521E-02,-0.708719E-03,1,0.170567E-03,0.296612E-01,1,0.115666E-01,0.528144E-03,1,0.224779E-03,-0.581511,-0.342977E-02,-0.767197E-04,0.400756E-02,0.107071E-04,-0.321216E-11,-0.628391E-12,-0.823240E-13,539.449,13.1193,13.2938,2.60000,0,0.105532,2.56652,2.60064,2.10000,0,0.138255E-01,0.336234,0.340704,2.50000,0,282.453,281.282,96559.5,1.19006,1012.42,0.243199E-01,-0.459250E-04,0.972087E-02,1261.86,1078.91,0.816840E-02,100.000,0.00000,283.567,0.357753,0.227517,0.164656E-01,0.424290,0.507369E-13,-0.595452E-14,0.424290,1.13688,156.254,32.4548,2.22405,-9999,0.631583E-01,0.996322E-01,6.21114,0.323612,108.957,0.453656E-01,0,-9999,-9999,-9999,-9999,-9999,-9999,-9999,-0.464131E-02,1.02279,-3.32002,1.04453,-0.210495E-01,1.50518,-0.470853E-03,1.50518,0.197061E-01,1.50518,0.350884E-03,1.50518,800009000,800109100,800009000,800009000,800009000,800119001,811119111,811119111,80011,80011,80,81,0,2,1,0,3,0,0,0.885108E-01,0.108289,0.246457E-02,0.122007,0.214935E-05,0.108887E-01,0.506828E-05,-0.275557E-02,-0.116027E-04,0.485595E-03,0.864645E-05,22.0000,96.5145,0.514472,0.704882E+09,294.065
CH-CHA_201812010100.csv,2018-12-01,06:00,335.2499,0,36000,36000,-0.110297E-01,1,0.236956E-02,-12.9835,1,2.48357,-0.102808,1,0.162135E-01,-0.229760E-02,1,0.362345E-03,-0.502036E-01,2,0.131141E-01,0.165058E-02,1,0.375141E-03,-1.54929,-0.703883E-02,-0.157306E-03,0.241096E-02,-0.659628E-04,0.556240E-11,0.111010E-11,0.142002E-12,541.154,13.1160,13.2903,4.95000,0,0.107999,2.61758,2.65237,0.500000E-01,0,0.138151E-01,0.334837,0.339287,2.50000,0,281.492,280.325,96559.5,1.19412,1012.40,0.242371E-01,-0.148884E-03,0.975159E-02,1261.54,1010.67,0.816633E-02,100.000,0.00000,283.563,0.483789,0.311684,0.294842E-01,0.576253,-0.150650E-12,0.102788E-13,0.576253,1.78298,140.258,32.7919,2.93284,-9999,0.961075E-01,0.194471,5.81883,0.345430,126.289,0.111747,0,-9999,-9999,-9999,-9999,-9999,-9999,-9999,-0.107849E-01,1.02270,-12.4748,1.04547,-0.674961E-01,1.52317,-0.150843E-02,1.52317,-0.329599E-01,1.52317,0.108365E-02,1.52317,800009000,800009100,800009000,800009000,800009000,810109100,810109111,811119111,80110,80110,80,81,0,0,6,1,0,0,0,0.306943,0.784104E-01,0.358875E-02,0.326546,0.556344E-05,0.888168E-02,0.734631E-05,-0.103189E-01,-0.370439E-04,-0.809427E-03,0.266122E-04,22.0000,96.5130,0.513028,0.679417E+09,294.062
CH-CHA_201812010100.csv,2018-12-01,06:30,335.2707,0,36000,36000,-0.188063E-02,1,0.672716E-03,-6.34457,1,1.59147,-0.874053E-01,1,0.111780E-01,-0.195095E-02,1,0.249501E-03,-0.378741E-02,2,0.495297E-02,0.286932E-02,1,0.241375E-03,-2.07770,-0.115316E-01,-0.257395E-03,0.219543E-02,0.112037E-04,0.267425E-11,0.543365E-12,0.683471E-13,543.442,13.1106,13.2848,5.00000,0,0.110419,2.66386,2.69925,0.500000E-01,0,0.138890E-01,0.335073,0.339525,0.800000,0,280.191,279.029,96559.5,1.19967,998.789,0.241251E-01,-0.126422E-03,0.979282E-02,1261.02,924.420,0.816295E-02,-9999,-9999,283.557,0.104588,0.133668,0.483500E-02,0.169791,0.571434E-13,0.492095E-14,0.169791,0.890056,137.920,51.9586,1.63178,-9999,0.395933E-01,0.595237E-01,0.821379,2.44711,72.5879,0.133735,0,-9999,-9999,-9999,-9999,-9999,-9999,-9999,-0.173747E-02,1.08240,-5.47961,1.16307,-0.305648E-01,2.85968,-0.682229E-03,2.85968,-0.132442E-02,2.85968,0.100337E-02,2.85968,800009000,800109100,800009000,800009011,800009000,800009001,811119111,811119111,80111,80111,80,81,1,0,2,1,0,0,0,0.615931E-01,0.563826E-01,0.107162E-02,0.289116,0.623294E-05,0.388240E-02,0.630307E-05,-0.457314E-02,-0.166766E-04,-0.323746E-04,0.245268E-04,21.9833,96.5148,0.508535,0.637675E+09,294.051
CH-CHA_201812010100.csv,2018-12-01,07:00,335.2916,0,35988,35988,0.219281E-02,2,0.106717E-02,-0.665131,2,0.861729,0.164204E-01,1,0.507778E-02,0.366205E-03,1,0.113244E-03,0.203725E-01,2,0.130683E-01,0.334074E-03,1,0.367911E-03,-1.43595,-0.694977E-02,-0.154992E-03,0.698999E-02,0.133523E-03,0.151025E-11,0.323859E-12,0.389310E-13,545.049,13.1073,13.2814,0.950000,0,0.116881,2.81074,2.84807,2.10000,0,0.140502E-01,0.337879,0.342367,5.00000,0,279.295,278.138,96559.5,1.20352,999.222,0.240480E-01,0.237301E-04,0.982179E-02,1260.71,868.869,0.816092E-02,-9999,-9999,283.553,0.434266,0.313523E-02,0.107105E-01,0.434409,-0.114851E-12,0.277085E-14,0.434409,1.23300,201.244,0.413647,1.41279,-9999,0.426849E-01,0.108190,9.82168,0.204649,-40.5063,0.129574E-01,0,-9999,-9999,-9999,-9999,-9999,-9999,-9999,0.215192E-02,1.01900,-0.643976,1.03609,0.116576E-01,1.40856,0.259986E-03,1.40856,0.144634E-01,1.40856,0.237174E-03,1.40856,800009000,800109100,800009000,800009000,800009000,800019011,811119111,811119111,80111,80111,80,81,0,1,4,0,0,0,0,0.109092,0.105637,0.165129E-02,0.872958E-01,0.137488E-05,0.204871E-01,0.110594E-04,-0.535496E-03,0.633484E-05,0.352416E-03,0.577901E-05,22.0000,96.5066,0.506613,0.612508E+09,294.039
CH-CHA_201812010700.csv,2018-12-01,07:30,335.3124,0,36000,36000,-0.155535E-01,1,0.215873E-02,-2.95858,1,0.910430,-0.491072E-01,1,0.713971E-02,-0.109530E-02,1,0.159246E-03,-0.497851E-01,2,0.136657E-01,0.149515E-02,1,0.530568E-03,0.189534,0.214701E-03,0.478876E-05,-0.929577E-02,-0.817801E-04,-0.561406E-11,-0.112018E-11,-0.143981E-12,544.823,13.1074,13.2815,2.75000,0,0.108709,2.61533,2.65006,0.500000E-01,0,0.139728E-01,0.336160,0.340625,5.00000,0,279.414,278.255,96559.5,1.20301,999.165,0.240582E-01,-0.709756E-04,0.981771E-02,1260.72,876.031,0.816098E-02,-9999,-9999,283.553,0.276063,0.133435,0.261686E-01,0.307734,-0.720270E-13,-0.103044E-13,0.307734,1.12312,153.612,25.7969,4.87812,-9999,0.113705,0.126353,41.7352,0.481608E-01,60.2474,0.216470E-01,0,-9999,-9999,-9999,-9999,-9999,-9999,-9999,-0.152954E-01,1.01688,-2.89907,1.02558,-0.386360E-01,1.27102,-0.861749E-03,1.27102,-0.391693E-01,1.27102,0.117634E-02,1.27102,800009000,800109100,800009000,800009011,800009000,801019001,811119111,811119111,80111,80111,80,81,0,1,1,7,2,0,0,0.148083,0.102877,0.174617E-02,0.455722E-01,0.898239E-06,0.819502E-02,0.120528E-04,-0.241187E-02,-0.210064E-04,-0.954808E-03,0.286749E-04,21.9961,96.5067,0.505209,0.613437E+09,294.034
CH-CHA_201812010700.csv,2018-12-01,08:00,335.3332,0,36000,36000,-0.187031E-01,1,0.297789E-02,-3.47760,1,1.06223,0.155606E-01,1,0.452816E-02,0.347017E-03,1,0.100983E-03,-0.745973E-01,1,0.314597E-01,0.453808E-02,1,0.945872E-03,-0.243549,-0.384099E-02,-0.856583E-04,0.820919E-02,0.279713E-03,-0.444505E-11,-0.945542E-12,-0.116009E-12,545.045,13.1056,13.2797,0.950000,0,0.115941,2.78781,2.82483,1.70000,0,0.142248E-01,0.342037,0.346579,5.00000,0,279.261,278.104,96559.5,1.20366,999.238,0.240451E-01,0.224867E-04,0.982170E-02,1260.55,866.843,0.815986E-02,-9999,-9999,283.551,0.167363,-0.168780,0.145232E-01,0.238134,0.113349E-12,-0.815538E-14,0.238134,1.43896,218.563,314.758,3.49649,-9999,0.124653,0.138397,46.7853,0.429622E-01,-223.488,0.231954E-01,0,-9999,-9999,-9999,-9999,-9999,-9999,-9999,-0.183527E-01,1.01909,-3.40172,1.02636,0.122727E-01,1.26790,0.273694E-03,1.26790,-0.588353E-01,1.26790,0.357921E-02,1.26790,800009000,800109100,800009000,800009011,800009000,810009010,811119111,811119111,80000,80000,80,81,1,0,8,0,123,0,0,0.191958,0.825571E-01,0.227828E-02,0.392114E-01,0.427734E-06,0.304800E-01,0.228538E-04,-0.282830E-02,0.666805E-05,-0.143341E-02,0.872006E-04,21.9878,96.5091,0.504475,0.599571E+09,294.031
CH-CHA_201812010700.csv,2018-12-01,08:30,335.3541,1,36000,36000,-0.410176E-02,1,0.104282E-02,-1.23854,1,0.387141,-0.472966E-02,1,0.538207E-02,-0.105489E-03,1,0.120041E-03,0.143336E-01,1,0.156672E-01,-0.473285E-03,1,0.274333E-03,0.203900,0.220280E-02,0.491308E-04,0.855028E-02,-0.125226E-03,0.381415E-11,0.863577E-12,0.987696E-13,544.839,13.1067,13.2807,4.40000,0,0.123359,2.96753,3.00694,2.80000,0,0.141089E-01,0.339405,0.343912,0.500000E-01,0,279.389,278.231,96559.5,1.20311,999.177,0.240560E-01,-0.683571E-05,0.981800E-02,1260.64,874.534,0.816050E-02,-9999,-9999,283.552,0.262181,0.473262,0.290714E-01,0.541813,0.166824E-12,0.700051E-14,0.541813,1.78533,109.257,61.0141,3.07573,-9999,0.583891E-01,0.140975,13.5001,0.148888,261.866,0.176453E-01,0,-9999,-9999,-9999,-9999,-9999,-9999,-9999,-0.403504E-02,1.01653,-1.20586,1.03156,-0.347445E-02,1.36127,-0.774934E-04,1.36127,0.105296E-01,1.36127,-0.347679E-03,1.36127,800009000,800109100,800009000,800009000,800109000,800109000,811119111,811119111,80100,80100,80,81,1,6,0,4,0,0,0,0.137878,0.140650,0.342241E-02,0.427764E-01,0.168966E-05,0.340127E-01,0.714607E-05,-0.100311E-02,-0.188884E-05,0.256651E-03,-0.847442E-05,22.0000,96.5045,0.504472,0.607488E+09,294.025
CH-CHA_201812010700.csv,2018-12-01,09:00,335.3749,1,36000,36000,-0.107568E-01,0,0.114528E-02,0.165154,2,0.711937,-0.429192E-02,2,0.139197E-01,-0.957773E-04,2,0.310629E-03,-0.112630E-01,0,0.763390E-02,0.327023E-03,0,0.212440E-03,0.902697,0.111689E-01,0.249242E-03,-0.128610E-01,-0.151768E-03,-0.914156E-12,-0.188009E-12,-0.234402E-13,543.957,13.1119,13.2861,2.10000,0,0.111873,2.69665,2.73248,0.500000E-01,0,0.139478E-01,0.336208,0.340675,2.60000,0,279.954,278.793,96559.5,1.20068,998.903,0.241047E-01,-0.620637E-05,0.980211E-02,1261.15,909.393,0.816377E-02,-9999,-9999,283.558,0.831662,0.477274,0.484990E-01,0.960106,0.131259E-13,-0.168057E-14,0.960106,2.07379,157.948,29.8507,2.89548,-9999,0.946516E-01,0.622373E-01,-431.147,-0.466198E-02,-38.4802,-0.145482E-02,0,-9999,-9999,-9999,-9999,-9999,-9999,-9999,-0.106180E-01,1.01308,0.162339,1.02029,-0.359194E-02,1.19487,-0.801568E-04,1.19487,-0.942612E-02,1.19487,0.273688E-03,1.19487,800009000,800019100,800009000,800009000,800009000,800009000,800119111,811119111,80001,80001,80,80,10,4,1,12,0,0,0,0.541348E-01,0.556634E-01,0.146764E-01,0.694616E-01,0.354951E-05,0.121233E-02,0.147522E-05,0.135354E-03,-0.195772E-05,-0.230220E-03,0.668446E-05,22.0000,96.5056,0.505556,0.647773E+09,294.033
CH-CHA_201812010700.csv,2018-12-01,09:30,335.3957,1,36000,36000,-0.127806E-01,1,0.270805E-02,15.2786,1,2.32850,0.987352E-01,1,0.229087E-01,0.220473E-02,1,0.511546E-03,-0.561633E-01,2,0.366903E-01,-0.592483E-03,2,0.243025E-03,1.05513,0.100276E-01,0.223913E-03,0.170761E-02,-0.390729E-04,0.146918E-11,0.306087E-12,0.375659E-13,542.870,13.1166,13.2910,5.00000,0,0.113101,2.73270,2.76902,5.00000,0,0.138808E-01,0.335383,0.339841,5.00000,0,280.616,279.452,96559.5,1.19785,998.580,0.241617E-01,0.142867E-03,0.978252E-02,1261.60,951.805,0.816672E-02,-9999,-9999,283.564,0.370330,0.872640E-01,0.285600E-01,0.381543,0.635040E-13,0.270632E-14,0.381543,1.64806,170.497,13.2592,4.29284,-9999,0.103294,0.132710,-6.05519,-0.331947,154.743,-0.123658,0,-9999,-9999,-9999,-9999,-9999,-9999,-9999,-0.124966E-01,1.02272,14.9572,1.02608,0.822264E-01,1.20077,0.183610E-02,1.20077,-0.467726E-01,1.20077,-0.493419E-03,1.20077,800009000,800009100,800009000,800009011,800009000,801019000,811119111,811119111,80000,80000,80,81,1,0,0,4,0,0,0,0.108951,0.147006,0.946172E-02,0.824374E-01,0.314347E-05,0.173767E-01,0.723919E-06,0.125045E-01,0.449504E-04,-0.114507E-02,-0.120796E-04,21.9967,96.5110,0.509724,0.683822E+09,294.054
CH-CHA_201812010700.csv,2018-12-01,10:00,335.4166,1,36000,36000,-0.299578E-02,1,0.184790E-02,12.3976,1,6.35887,0.614766E-01,1,0.277179E-01,0.137482E-02,1,0.619864E-03,-0.254526E-01,1,0.128199E-01,-0.518361E-03,1,0.422215E-03,2.53838,0.118278E-01,0.264508E-03,-0.952875E-02,-0.167079E-03,-0.174494E-11,-0.336482E-12,-0.441261E-13,540.063,13.1223,13.2967,5.00000,0,0.104142,2.53040,2.56404,5.00000,0,0.136571E-01,0.331836,0.336248,5.00000,0,282.195,281.024,96559.5,1.19115,1012.42,0.242976E-01,0.890883E-04,0.973194E-02,1262.14,1060.14,0.817022E-02,100.000,0.00000,283.570,0.174540,0.311339,-0.568278E-02,0.356972,0.385932E-13,-0.323100E-14,0.356972,1.57318,114.662,60.7246,-0.912154,-9999,0.501501E-01,0.974464E-01,-0.865850,-2.32142,201.664,-0.204994,0,-9999,-9999,-9999,-9999,-9999,-9999,-9999,-0.292613E-02,1.02380,12.1277,1.02679,0.511525E-01,1.20183,0.114394E-02,1.20183,-0.211782E-01,1.20183,-0.431309E-03,1.20183,800009000,800009100,800009000,800009000,800009000,800019000,801019111,811119111,80100,80100,81,81,0,0,0,2,0,0,0,0.134424,0.468484E-01,0.136199E-01,0.430818,0.269750E-05,0.120073E-02,0.120913E-05,0.100566E-01,0.281631E-04,-0.521396E-03,-0.106186E-04,22.0000,96.5117,0.511694,0.727266E+09,294.079
CH-CHA_201812010700.csv,2018-12-01,10:30,335.4374,1,36000,36000,0.209337E-01,1,0.348290E-02,-15.2668,2,6.77060,0.357653,1,0.481902E-01,0.800084E-02,1,0.107803E-02,-0.438916E-01,2,0.181921E-01,-0.395799E-03,2,0.177225E-03,0.536103,0.126842E-01,0.283750E-03,0.154333E-02,0.588932E-05,0.163987E-10,0.320173E-11,0.414657E-12,539.672,13.1283,13.3029,5.00000,0,0.105367,2.56320,2.59730,1.75000,0,0.136461E-01,0.331961,0.336377,5.00000,0,282.529,281.356,96559.5,1.18974,1012.43,0.243264E-01,0.518455E-03,0.972489E-02,1262.72,1084.39,0.817398E-02,100.000,0.00000,283.577,0.296612,-0.281264,-0.187661E-01,0.409194,0.327419E-12,0.303864E-13,0.409194,1.66391,216.103,316.521,-2.62857,-9999,0.132647,0.175706,13.0110,0.154484,-42.6861,0.955510E-01,0,-9999,-9999,-9999,-9999,-9999,-9999,-9999,0.205690E-01,1.01773,-14.8316,1.03258,0.261831,1.36597,0.585725E-02,1.36597,-0.321322E-01,1.36597,-0.289756E-03,1.36597,800009000,800009100,800009000,800009000,800009010,800009110,810119111,811119111,80100,80100,80,81,3,11,3,12,0,0,0,0.740865E-01,0.259540,0.177842E-01,0.189713,0.464624E-05,0.192618E-02,0.190857E-06,-0.123132E-01,0.144374E-03,-0.792018E-03,-0.714213E-05,22.0000,96.5184,0.518361,0.773252E+09,294.080
CH-CHA_201812010700.csv,2018-12-01,11:00,335.4582,1,36000,36000,0.626157E-02,1,0.678994E-02,39.9276,1,5.88764,-0.208696,2,0.931631E-01,-0.466769E-02,2,0.208369E-02,-0.116022E-01,0,0.402479E-01,0.654531E-03,1,0.610495E-03,-0.331284,0.114037E-01,0.255056E-03,-0.728361E-02,-0.704256E-04,0.524197E-11,0.961286E-12,0.131896E-12,540.288,13.1337,13.3085,0.500000E-01,0,0.990794E-01,2.40849,2.44055,0.500000E-01,0,0.135945E-01,0.330465,0.334863,1.55000,0,282.324,281.151,96559.5,1.19060,1012.43,0.243087E-01,-0.302466E-03,0.973599E-02,1263.23,1069.36,0.817735E-02,100.000,0.00000,283.583,0.933818E-01,-0.203691,-0.709972E-02,0.224189,0.195500E-13,0.970218E-14,0.224189,1.60814,241.672,294.629,-1.81477,-9999,0.725200E-01,0.143273,-0.812956,-2.47246,-191.320,-0.456756,0,-9999,-9999,-9999,-9999,-9999,-9999,-9999,0.605984E-02,1.03329,38.8006,1.03309,-0.172220,1.21180,-0.385188E-02,1.21180,-0.957441E-02,1.21180,0.540133E-03,1.21180,800009000,800009100,800009000,800009000,800009000,800009000,800109111,811109111,80001,80001,81,81,3,0,0,14,0,0,0,0.163682,0.101471,0.213935E-01,0.194813,0.179828E-04,0.124531E-01,0.168114E-05,0.321889E-01,-0.948755E-04,-0.235827E-03,0.133040E-04,22.0000,96.5207,0.520667,0.814823E+09,294.047
CH-CHA_201812010700.csv,2018-12-01,11:30,335.4790,1,36000,36000,-0.884438E-02,0,0.210702E-02,31.8567,1,9.07512,0.871678E-01,0,0.214917E-01,0.195408E-02,0,0.481789E-03,-0.431188E-01,1,0.342514E-01,-0.553997E-03,2,0.736717E-03,3.84095,0.533153E-02,0.119519E-03,-0.140004E-01,-0.198231E-03,0.221981E-11,0.356314E-12,0.551255E-13,535.819,13.1363,13.3111,4.85000,0,0.860073E-01,2.10858,2.13664,4.95000,0,0.133062E-01,0.326219,0.330561,4.95000,0,284.734,283.551,96559.5,1.18053,1012.49,0.245163E-01,0.126624E-03,0.965545E-02,1263.48,1257.16,0.817895E-02,100.000,0.00000,283.586,-0.337309,-0.239822,0.206919E-01,0.414391,0.179964E-13,0.414284E-14,0.414391,1.40164,335.185,215.412,2.86216,-9999,0.865558E-01,0.114528,-1.73253,-1.16015,365.463,-0.307920,0,-9999,-9999,-9999,-9999,-9999,-9999,-9999,-0.865845E-02,1.02147,31.2060,1.02527,0.726655E-01,1.19958,0.162897E-02,1.19958,-0.359450E-01,1.19958,-0.461827E-03,1.19958,800009000,800009100,800009000,800009000,800009000,800009001,800119111,811119111,80100,80100,80,81,0,0,0,3,0,0,0,0.701070E-01,0.141379,0.175704E-01,0.812915,0.163095E-05,0.849317E-02,0.376318E-05,0.261078E-01,0.404658E-04,-0.892922E-03,-0.114724E-04,22.0000,96.5212,0.521194,0.834474E+09,294.140
CH-CHA_201812010700.csv,2018-12-01,12:00,335.4999,1,36000,36000,-0.191132E-01,1,0.379904E-02,-0.452808,2,8.20013,-0.238230,1,0.662749E-01,-0.535204E-02,1,0.148892E-02,0.125668E-01,1,0.894694E-02,0.350487E-02,1,0.590354E-03,3.58004,0.933787E-02,0.209784E-03,-0.208606E-02,-0.363462E-04,-0.106986E-10,-0.168003E-11,-0.264953E-12,531.774,13.1408,13.3158,0.500000E-01,0,0.835059E-01,2.06353,2.09101,5.00000,0,0.131695E-01,0.325434,0.329767,1.60000,0,286.999,285.806,96559.5,1.17121,1012.53,0.247112E-01,-0.346812E-03,0.958257E-02,1263.91,1459.45,0.818177E-02,86.6018,195.541,283.591,0.213876,-0.242057E-01,0.843206E-01,0.231168,-0.267748E-13,-0.201187E-13,0.231168,2.11201,191.760,353.543,21.3927,-9999,0.127747,0.100705,391.874,0.512920E-02,1.90072,0.298896E-02,0,-9999,-9999,-9999,-9999,-9999,-9999,-9999,-0.187437E-01,1.01972,-0.455753,1.02389,-0.193490,1.23122,-0.434693E-02,1.23122,0.102068E-01,1.23122,0.284666E-02,1.23122,800009000,800009100,800009000,800009011,800009000,811009000,811109111,811119111,80111,80111,81,81,13,5,1,2,0,0,0,0.599865E-01,0.112786,0.286372E-01,0.321064,0.753863E-05,0.264768E-03,0.901368E-06,-0.384314E-03,-0.108843E-03,0.255568E-03,0.712775E-04,22.0000,96.5230,0.522958,0.869108E+09,294.327
CH-CHA_201812010700.csv,2018-12-01,12:30,335.5207,1,36000,36000,-0.308938E-01,1,0.794771E-02,47.8741,1,8.76947,0.123640,1,0.342191E-01,0.278126E-02,1,0.769752E-03,0.177076E-01,1,0.198024E-01,-0.158522E-02,1,0.502348E-03,2.11762,0.170351E-02,0.383201E-04,0.200002E-02,0.797954E-04,0.102335E-11,0.164068E-12,0.254766E-13,529.326,13.1416,13.3166,5.00000,0,0.848638E-01,2.10692,2.13498,3.45000,0,0.131777E-01,0.327165,0.331522,5.00000,0,288.344,287.146,96559.5,1.16574,1012.56,0.248271E-01,0.180226E-03,0.953845E-02,1263.99,1592.77,0.818229E-02,79.3582,328.776,283.592,-0.131718,-0.127947,0.132617E-01,0.184108,0.836876E-13,0.193331E-14,0.184108,1.85143,300.554,224.168,4.13070,-9999,0.162792,0.207941,-7.67049,-0.262043,387.206,-0.249140,0,-9999,-9999,-9999,-9999,-9999,-9999,-9999,-0.297477E-01,1.03853,46.3834,1.03660,0.101547,1.21756,0.228429E-02,1.21756,0.145435E-01,1.21756,-0.130196E-02,1.21756,800009000,800009100,800009000,800009000,800009000,800009011,800109111,811119111,80110,80110,81,81,0,1,0,11,0,0,0,0.269640,0.116532,0.297109E-01,0.373593,0.209117E-05,0.142655E-02,0.915787E-06,0.392952E-01,0.574645E-04,0.365863E-03,-0.327527E-04,22.0000,96.5230,0.522972,0.875450E+09,294.563
CH-CHA_201812010700.csv,2018-12-01,13:00,335.5415,1,35990,35990,-0.329813E-01,1,0.996128E-02,26.9238,1,2.66892,0.458746E-01,2,0.666717E-01,0.103274E-02,2,0.150093E-02,0.281012E-01,1,0.128508E-01,0.227163E-02,1,0.521758E-03,1.27166,0.501815E-02,0.112970E-03,-0.511084E-03,-0.179155E-04,0.111026E-11,0.177030E-12,0.276023E-13,527.941,13.1441,13.3192,5.00000,0,0.841793E-01,2.09580,2.12372,1.45000,0,0.131251E-01,0.326775,0.331127,1.70000,0,289.155,287.953,96559.5,1.16248,1012.58,0.248969E-01,0.669216E-04,0.951350E-02,1264.23,1678.11,0.818382E-02,75.3364,413.882,283.595,0.593097,0.254246,0.380292E-01,0.646414,-0.611102E-15,0.210301E-14,0.646414,3.26677,168.391,23.2036,3.37271,-9999,0.168439,0.488771,-15.1084,-0.133039,586.900,-0.135795,0,-9999,-9999,-9999,-9999,-9999,-9999,-9999,-0.324570E-01,1.01615,26.4588,1.02193,0.383785E-01,1.19532,0.863987E-03,1.19532,0.235093E-01,1.19532,0.190044E-02,1.19532,800009000,800009100,800009000,800009000,800009000,810009001,801119111,801119111,80101,80101,80,81,0,0,0,19,0,0,0,0.789091,0.158873,0.295788E-01,0.786509E-01,0.116058E-04,0.977397E-03,0.152647E-05,0.224781E-01,0.217960E-04,0.593074E-03,0.479426E-04,22.0000,96.5210,0.520978,0.894227E+09,294.816
CH-CHA_201812011300.csv,2018-12-01,13:30,335.5624,1,36000,36000,-0.254175E-01,0,0.351462E-02,39.2202,1,7.99720,0.819605E-01,1,0.334378E-01,0.184670E-02,1,0.753406E-03,-0.176360E-01,2,0.795326E-02,-0.106937E-02,2,0.442772E-03,1.39775,0.107373E-01,0.241928E-03,-0.256226E-02,-0.779717E-04,-0.708677E-11,-0.109939E-11,-0.175196E-12,526.525,13.1494,13.3246,5.00000,0,0.816811E-01,2.03989,2.06707,5.00000,0,0.130166E-01,0.325074,0.329405,5.00000,0,290.048,288.842,96559.5,1.15889,1012.60,0.249738E-01,0.119666E-03,0.948799E-02,1264.73,1776.83,0.818711E-02,71.1792,512.098,283.601,1.33230,0.485194,0.455289E-01,1.41863,-0.346734E-13,-0.134595E-13,1.41863,2.97231,166.987,20.0105,1.83914,-9999,0.148097,0.263053,-7.04955,-0.285125,478.526,-0.225676,0,-9999,-9999,-9999,-9999,-9999,-9999,-9999,-0.251338E-01,1.01129,38.6191,1.01993,0.683861E-01,1.19850,0.154084E-02,1.19850,-0.147151E-01,1.19850,-0.892260E-03,1.19850,800009000,800009100,800009000,800009000,800009000,800009011,800009111,810119111,80100,80100,80,80,5,6,0,8,0,0,0,0.210673,0.278165,0.372670E-01,0.690724,0.465239E-05,0.544347E-03,0.166294E-05,0.329096E-01,0.389915E-04,-0.372369E-03,-0.225789E-04,22.0000,96.5206,0.520611,0.934656E+09,295.029
CH-CHA_201812011300.csv,2018-12-01,14:00,335.5832,1,36000,36000,-0.170552E-01,0,0.301484E-02,28.3492,0,3.88059,0.183331,0,0.433307E-01,0.413542E-02,0,0.977413E-03,0.308624E-02,2,0.855375E-02,-0.278625E-03,2,0.289414E-03,1.83859,0.303041E-02,0.683571E-04,-0.278984E-02,-0.937575E-04,0.442460E-11,0.665753E-12,0.108680E-12,524.452,13.1509,13.3261,5.00000,0,0.789124E-01,1.97876,2.00513,4.50000,0,0.128819E-01,0.323019,0.327324,0.500000E-01,0,291.228,290.017,96559.5,1.15420,1012.62,0.250754E-01,0.267975E-03,0.945062E-02,1264.88,1915.00,0.818804E-02,66.0509,650.126,283.603,0.897600,0.688628,0.616138E-01,1.13300,0.512693E-13,0.843661E-14,1.13300,3.26438,148.335,37.4950,3.11734,-9999,0.121559,0.198827,-5.39351,-0.372670,154.634,-0.199538,0,-9999,-9999,-9999,-9999,-9999,-9999,-9999,-0.168501E-01,1.01218,27.9199,1.01998,0.153308,1.19583,0.345818E-02,1.19583,0.258083E-02,1.19583,-0.232996E-03,1.19583,800009000,800009100,800009000,800009011,800009000,800009010,800009111,801009111,80000,80000,80,81,1,0,1,11,0,0,0,0.137973,0.227699,0.319824E-01,0.216902,0.603551E-05,0.100725E-02,0.623985E-06,0.238884E-01,0.878665E-04,0.655744E-04,-0.592003E-05,21.9839,96.5246,0.518612,0.945933E+09,295.275
CH-CHA_201812011300.csv,2018-12-01,14:30,335.6040,1,36000,36000,-0.300476E-02,1,0.134600E-02,20.1064,1,4.77023,-0.181356,2,0.111344,-0.409563E-02,2,0.251452E-02,-0.324875E-02,2,0.429906E-02,0.104549E-02,1,0.267267E-03,1.88815,-0.955932E-02,-0.215882E-03,0.564588E-03,-0.114110E-05,-0.831717E-11,-0.125977E-11,-0.204349E-12,522.082,13.1461,13.3212,0.500000E-01,0,0.790775E-01,1.99119,2.01771,0.950000,0,0.128273E-01,0.322994,0.327297,2.00000,0,292.445,291.229,96559.5,1.14940,1012.65,0.251802E-01,-0.265397E-03,0.940792E-02,1264.42,2067.27,0.818508E-02,61.1639,802.847,283.597,0.485883,0.603094,-0.155562E-01,0.774627,0.120435E-12,-0.159308E-13,0.774627,2.25204,134.112,51.1433,-1.15071,-9999,0.511292E-01,0.187444,-0.565890,-3.55193,-110.867,-0.337860,0,-9999,-9999,-9999,-9999,-9999,-9999,-9999,-0.296159E-02,1.01458,19.7655,1.02103,-0.151802,1.19469,-0.342821E-02,1.19469,-0.271934E-02,1.19469,0.875114E-03,1.19469,800009000,800009100,800009000,800009000,800009000,800009010,800019111,810119111,80001,80001,80,81,3,1,4,23,0,0,0,0.131015,0.211781,0.320911E-01,0.252437,0.350702E-04,0.931091E-04,0.415065E-06,0.169816E-01,-0.874683E-04,-0.693819E-04,0.223279E-04,22.0000,96.5205,0.520500,0.909708E+09,295.563
CH-CHA_201812011300.csv,2018-12-01,15:00,335.6249,1,36000,36000,-0.203101E-02,1,0.562984E-03,3.46095,0,1.23313,-0.881064E-01,1,0.346433E-01,-0.199163E-02,1,0.783104E-03,-0.470035E-02,1,0.584583E-02,-0.859219E-04,2,0.134858E-03,1.52497,-0.174402E-01,-0.394231E-03,-0.706687E-03,0.259444E-04,0.504096E-11,0.758052E-12,0.124156E-12,519.985,13.1374,13.3123,0.500000E-01,0,0.781946E-01,1.97558,2.00188,0.500000E-01,0,0.128069E-01,0.323567,0.327874,0.350000,0,293.430,292.211,96559.5,1.14554,1012.66,0.252650E-01,-0.129057E-03,0.937013E-02,1263.59,2198.34,0.817966E-02,57.4793,934.750,283.587,0.796003E-02,0.695677,0.361997E-01,0.696664,-0.313097E-13,0.969443E-14,0.696664,1.83494,95.4860,89.3444,2.97852,-9999,0.421067E-01,0.121345,-1.83622,-1.09464,-39.2815,-0.708548E-01,0,-9999,-9999,-9999,-9999,-9999,-9999,-9999,-0.200008E-02,1.01546,3.39765,1.02152,-0.737308E-01,1.19497,-0.166667E-02,1.19497,-0.393343E-02,1.19497,-0.719027E-04,1.19497,800009000,800009100,800009000,800009000,800009010,800109010,801119111,811119111,80000,80000,80,81,0,1,6,0,0,0,0,0.761939E-01,0.157470,0.902621E-02,0.479669E-01,0.157601E-04,0.850921E-03,0.628202E-06,0.292889E-02,-0.426667E-04,-0.100696E-03,-0.184071E-05,22.0000,96.5184,0.518417,0.843149E+09,295.870
CH-CHA_201812011300.csv,2018-12-01,15:30,335.6457,1,36000,36000,0.792255E-02,2,0.595896E-02,-5.89477,0,2.33868,-0.148144,1,0.220233E-01,-0.334970E-02,1,0.497971E-03,0.160830E-01,2,0.185265E-01,-0.305869E-03,1,0.295217E-03,0.446698,0.641596E-02,0.145072E-03,0.415733E-02,0.750761E-04,-0.974471E-11,-0.153316E-11,-0.241178E-12,519.599,13.1406,13.3156,0.200000,0,0.817501E-01,2.06745,2.09498,0.500000E-01,0,0.128599E-01,0.325226,0.329557,0.500000E-01,0,293.719,292.499,96559.5,1.14441,1012.67,0.252899E-01,-0.217060E-03,0.936318E-02,1263.90,2238.12,0.818166E-02,56.4713,974.227,283.591,-0.679813,-0.257889E-01,-0.374837E-01,0.681334,0.218327E-12,-0.187543E-13,0.681334,3.28513,19.0168,182.172,-3.15373,-9999,0.832035E-01,0.283785,8.31816,0.241640,39.7908,0.611329E-01,0,-9999,-9999,-9999,-9999,-9999,-9999,-9999,0.777478E-02,1.01901,-5.70870,1.03808,-0.102775,1.44143,-0.232386E-02,1.44143,0.111576E-01,1.44143,-0.212198E-03,1.44143,800009000,800009100,800009000,800009011,800009000,800009100,811119111,811119111,80000,80000,80,81,1,14,2,0,1,0,0,0.336951,0.218306,0.123133E-01,0.745026E-01,0.196311E-05,0.234035E-01,0.116368E-05,-0.492591E-02,-0.595497E-04,0.285918E-03,-0.543763E-05,22.0000,96.5164,0.516403,0.867759E+09,296.005
CH-CHA_201812011300.csv,2018-12-01,16:00,335.6665,1,36000,36000,-0.182459E-02,1,0.733658E-03,5.11483,2,2.87574,0.411067E-01,2,0.229854E-01,0.928732E-03,2,0.519314E-03,0.161025E-01,1,0.696810E-02,-0.379008E-03,2,0.189846E-03,-1.27528,-0.889691E-02,-0.201010E-03,-0.229045E-02,0.111462E-04,-0.632918E-11,-0.971807E-12,-0.156816E-12,520.884,13.1362,13.3110,0.500000E-01,0,0.799786E-01,2.01698,2.04383,5.00000,0,0.129058E-01,0.325472,0.329804,0.150000,0,292.896,291.679,96559.5,1.14763,1012.65,0.252190E-01,0.601818E-04,0.938634E-02,1263.47,2126.48,0.817890E-02,59.4160,863.012,283.586,-0.265516E-01,0.482435,0.324347E-01,0.484252,-0.453652E-13,-0.121508E-13,0.484252,1.60904,93.5341,93.1502,3.84049,-9999,0.398733E-01,0.993151E-01,-1.05506,-1.90511,124.428,-0.110380,0,-9999,-9999,-9999,-9999,-9999,-9999,-9999,-0.178995E-02,1.01935,5.01846,1.02391,0.343223E-01,1.19767,0.775451E-03,1.19767,0.134449E-01,1.19767,-0.316456E-03,1.19767,800009000,800009100,800009000,800009000,800009000,810109010,811119111,811119111,80110,80110,80,81,0,2,0,0,0,0,0,0.927528E-01,0.101939,0.393797E-02,0.293568,0.100310E-04,0.171792E-02,0.134799E-05,0.431827E-02,0.198154E-04,0.343563E-03,-0.808651E-05,22.0000,96.5082,0.508194,0.833796E+09,295.967
CH-CHA_201812011300.csv,2018-12-01,16:30,335.6873,1,36000,36000,0.552841E-03,2,0.551757E-03,0.263230,1,0.368009,0.647573E-02,1,0.779907E-02,0.146188E-03,1,0.176063E-03,-0.105703E-02,0,0.335913E-02,0.219388E-03,0,0.149107E-03,-1.31803,-0.157089E-01,-0.354626E-03,0.437809E-02,0.661033E-04,0.470258E-12,0.756939E-13,0.117104E-13,522.089,13.1284,13.3030,0.750000,0,0.840366E-01,2.11318,2.14129,0.500000E-01,0,0.130011E-01,0.326924,0.331273,5.00000,0,292.047,290.834,96559.5,1.15097,1012.63,0.251459E-01,0.947300E-05,0.940804E-02,1262.73,2016.57,0.817404E-02,62.6175,753.843,283.577,0.240582,0.196611,0.139306E-01,0.311014,0.517774E-13,0.900725E-15,0.311014,0.815904,153.045,39.2567,2.56718,-9999,0.219164E-01,0.653159E-01,-3.40427,-0.590435,40.6488,-0.103052E-01,0,-9999,-9999,-9999,-9999,-9999,-9999,-9999,0.538707E-03,1.02624,0.257366,1.02839,0.537717E-02,1.20430,0.121388E-03,1.20430,-0.877711E-03,1.20430,0.182171E-03,1.20430,800009000,800109100,800009000,800009000,800009001,800019001,811119111,811119111,80101,80101,80,81,0,0,1,14,0,0,0,0.564832E-01,0.732299E-01,0.918545E-03,0.760092E-01,0.621801E-05,0.116418E-01,0.362778E-05,0.220820E-03,0.309287E-05,-0.223633E-04,0.464154E-05,22.0000,96.5046,0.504611,0.774211E+09,295.785
CH-CHA_201812011300.csv,2018-12-01,17:00,335.7082,0,36000,36000,0.267047E-02,1,0.633052E-03,-0.329389,1,0.573361,-0.142273E-01,2,0.715533E-02,-0.320916E-03,2,0.161398E-03,-0.176751E-01,2,0.131722E-01,0.142264E-02,2,0.102091E-02,-1.32751,-0.114439E-01,-0.258134E-03,0.106799E-01,0.325993E-03,0.538517E-12,0.963199E-13,0.137090E-13,523.391,13.1227,13.2972,0.500000,0,0.936145E-01,2.34715,2.37836,0.500000E-01,0,0.133240E-01,0.334066,0.338508,5.00000,0,291.195,289.986,96559.5,1.15433,1012.61,0.250725E-01,-0.207953E-04,0.943151E-02,1262.18,1911.23,0.817052E-02,66.0405,649.043,283.571,0.305102,0.218884,0.118289E-01,0.375683,0.644625E-13,0.102890E-14,0.375683,1.31061,153.971,35.6562,1.80434,-9999,0.480981E-01,0.417188E-01,28.7554,0.698999E-01,23.1519,0.585881E-02,0,-9999,-9999,-9999,-9999,-9999,-9999,-9999,0.262859E-02,1.01593,-0.322903,1.02651,-0.110235E-01,1.29063,-0.248651E-03,1.29063,-0.136950E-01,1.29063,0.110228E-02,1.29063,800009000,800109100,800009000,800009000,800009000,800109001,811119111,811119111,80001,80001,80,81,1,1,2,2,0,0,0,0.557251E-01,0.269120E-01,0.800446E-03,0.946742E-01,0.396448E-05,0.450144E-01,0.128407E-03,-0.276248E-03,-0.631687E-05,-0.347915E-03,0.280030E-04,22.0000,96.5106,0.510556,0.730870E+09,295.512
CH-CHA_201812011300.csv,2018-12-01,17:30,335.7290,0,36000,36000,-0.217493E-02,1,0.775655E-03,-0.407732,2,1.38972,0.257070E-01,1,0.851227E-02,0.578985E-03,1,0.191717E-03,0.180385E-01,1,0.861660E-02,0.127375E-02,1,0.623126E-03,-2.46138,-0.413209E-02,-0.930647E-04,-0.629446E-02,-0.917597E-04,0.123125E-11,0.207387E-12,0.311612E-13,526.149,13.1207,13.2952,0.350000,0,0.886223E-01,2.21000,2.23938,5.00000,0,0.133161E-01,0.332067,0.336481,5.00000,0,289.623,288.422,96559.5,1.16060,1012.57,0.249373E-01,0.375182E-04,0.948120E-02,1261.99,1729.55,0.816925E-02,72.9663,467.561,283.568,-0.390485E-01,0.159869,0.420167E-02,0.164623,-0.748637E-13,0.234012E-14,0.164623,0.912907,83.5075,103.726,1.46252,-9999,0.432895E-01,0.724136E-01,16.9357,0.118684,-15.8607,0.801467E-02,0,-9999,-9999,-9999,-9999,-9999,-9999,-9999,-0.212505E-02,1.02347,-0.394917,1.03371,0.191686E-01,1.34110,0.431724E-03,1.34110,0.134506E-01,1.34110,0.949779E-03,1.34110,800009000,800109100,800009000,800009011,800009000,800019011,811119111,811119111,80000,80000,80,81,5,5,1,3,0,0,0,0.796027E-01,0.644518E-01,0.772609E-03,0.247715,0.466855E-05,0.869093E-02,0.430387E-04,-0.336046E-03,0.109086E-04,0.339862E-03,0.239985E-04,22.0000,96.5151,0.515056,0.715205E+09,295.184
CH-CHA_201812011300.csv,2018-12-01,18:00,335.7498,0,36000,36000,-0.103187E-01,1,0.199403E-02,1.33189,1,1.33915,0.612351E-02,2,0.104547E-01,0.137702E-03,2,0.235098E-03,-0.879220E-01,1,0.322696E-01,-0.121602E-02,1,0.791406E-03,-2.56441,-0.124518E-01,-0.280008E-03,0.101368E-01,0.640629E-03,-0.885733E-11,-0.164092E-11,-0.233645E-12,528.879,13.1146,13.2889,0.500000E-01,0,0.979806E-01,2.42963,2.46192,0.500000E-01,0,0.139511E-01,0.345947,0.350544,0.500000E-01,0,287.995,286.801,96559.5,1.16716,1012.54,0.247971E-01,0.892306E-05,0.953039E-02,1261.41,1557.49,0.816547E-02,80.9898,296.082,283.562,0.373940,0.202723,0.308683E-01,0.426474,0.137671E-12,-0.167474E-13,0.426474,1.62327,172.798,28.4633,4.15072,-9999,0.940259E-01,0.147019,-53.1239,-0.378361E-01,217.505,-0.119862E-01,0,-9999,-9999,-9999,-9999,-9999,-9999,-9999,-0.101059E-01,1.02106,1.30515,1.02500,0.510637E-02,1.19919,0.114829E-03,1.19919,-0.733179E-01,1.19919,-0.101403E-02,1.19919,800009000,800109100,800009000,800009011,800009000,800109011,811119111,811119111,80000,80000,80,81,0,0,5,3,11,0,0,0.201526,0.900386E-01,0.247241E-02,0.224242,0.514352E-05,0.719740E-01,0.181133E-03,0.110438E-02,0.288511E-05,-0.184213E-02,-0.254779E-04,21.9522,96.5367,0.518865,0.668841E+09,294.831
CH-CHA_201812011300.csv,2018-12-01,18:30,335.7707,0,36000,36000,0.153591E-02,1,0.504422E-03,-0.591304E-01,2,0.159990,-0.585260E-02,1,0.113609E-01,-0.131532E-03,1,0.255325E-03,0.197534E-01,2,0.148015E-01,0.204296E-03,1,0.304821E-03,-0.976817,-0.201777E-02,-0.453474E-04,0.284307E-03,-0.518728E-03,0.878287E-12,0.163136E-12,0.224186E-13,529.978,13.1137,13.2879,4.80000,0,0.984400E-01,2.43578,2.46815,3.65000,0,0.135279E-01,0.334732,0.339180,0.500000E-01,0,287.377,286.185,96559.5,1.16967,1012.53,0.247438E-01,-0.852326E-05,0.955019E-02,1261.31,1496.15,0.816486E-02,84.3041,234.834,283.560,0.428466,0.417072,0.319254E-01,0.598792,-0.571701E-13,0.165722E-14,0.598792,1.31647,137.457,44.2279,3.05625,-9999,0.362369E-01,0.103557,68.4942,0.293455E-01,10.1033,0.137781E-02,0,-9999,-9999,-9999,-9999,-9999,-9999,-9999,0.151668E-02,1.01268,-0.583729E-01,1.02216,-0.467750E-02,1.25122,-0.105122E-03,1.25122,0.157873E-01,1.25122,0.163277E-03,1.25122,800009000,800109100,800009000,800009011,800109001,801119001,811119111,811119111,80111,80111,80,81,0,2,1,1,0,0,0,0.497678E-01,0.155525,0.182184E-02,0.125106,0.485191E-05,0.172352E-01,0.215857E-04,-0.492881E-04,-0.263556E-05,0.395807E-03,0.409356E-05,21.9839,96.5237,0.517695,0.661301E+09,294.478
CH-CHA_201812011300.csv,2018-12-01,19:00,335.7915,0,35989,35989,0.204638E-02,1,0.103773E-02,3.95456,1,2.11184,0.654164E-01,1,0.135314E-01,0.146887E-02,1,0.303836E-03,0.222768E-02,1,0.542698E-02,-0.952114E-03,1,0.431169E-03,-1.46639,0.508407E-03,0.114159E-04,-0.649647E-02,0.276030E-05,0.985180E-12,0.172470E-12,0.251511E-13,531.700,13.1139,13.2882,0.450000,0,0.930815E-01,2.29577,2.32628,0.500000E-01,0,0.135740E-01,0.334791,0.339240,0.500000E-01,0,286.451,285.263,96559.5,1.17345,1012.51,0.246641E-01,0.951829E-04,0.958123E-02,1261.34,1408.32,0.816502E-02,89.5631,146.986,283.561,0.164172,0.480621,0.144005E-01,0.508091,-0.502675E-13,0.185289E-14,0.508091,1.16211,119.813,71.1407,1.62412,-9999,0.417601E-01,0.852593E-01,-1.56744,-1.28235,60.4521,-0.797028E-01,0,-9999,-9999,-9999,-9999,-9999,-9999,-9999,0.200870E-02,1.01876,3.88309,1.02353,0.546427E-01,1.19717,0.122696E-02,1.19717,0.186079E-02,1.19717,-0.795306E-03,1.19717,800009000,800109100,800009000,800009000,800009000,800119001,811109111,811119111,80110,80110,80,81,2,0,1,5,6,0,0,0.858553E-01,0.829847E-01,0.167862E-02,0.421074,0.599780E-05,0.386676E-02,0.173817E-04,0.326824E-02,0.306624E-04,0.465022E-04,-0.198752E-04,22.0000,96.5163,0.516269,0.663102E+09,294.213
CH-CHA_201812011900.csv,2018-12-01,19:30,335.8123,0,36000,36000,-0.454978E-02,2,0.169386E-02,-12.0813,1,2.42124,-0.490247E-01,2,0.107630E-01,-0.110005E-02,2,0.241508E-03,0.744987E-01,1,0.143959E-01,-0.729342E-03,2,0.234165E-03,-1.14991,-0.408222E-02,-0.915996E-04,0.922969E-02,0.900580E-04,-0.263359E-11,-0.500966E-12,-0.676330E-13,532.968,13.1119,13.2861,5.00000,0,0.101382,2.49418,2.52732,4.40000,0,0.136871E-01,0.336727,0.341201,0.500000E-01,0,285.727,284.542,96559.5,1.17642,1012.50,0.246018E-01,-0.712832E-04,0.960408E-02,1261.15,1342.82,0.816379E-02,93.9179,81.6710,283.558,0.421923,0.227705,0.168487E-01,0.479742,-0.517808E-13,-0.494136E-14,0.479742,1.39478,163.089,28.3550,2.01267,-9999,0.621890E-01,0.136214,1.69444,1.18623,246.433,0.163096,0,-9999,-9999,-9999,-9999,-9999,-9999,-9999,-0.434264E-02,1.04770,-11.0707,1.09598,-0.233057E-01,2.10355,-0.522949E-03,2.10355,0.354157E-01,2.10355,-0.346719E-03,2.10355,800009000,800109100,800009000,800009000,800009000,810019001,811119111,811119111,80110,80110,80,81,0,0,1,0,4,0,0,0.194823,0.757128E-01,0.189317E-02,0.292312,0.294683E-05,0.127966E-01,0.146328E-04,-0.929436E-02,-0.130357E-04,0.882819E-03,-0.864278E-05,22.0000,96.5138,0.513750,0.648062E+09,294.099
CH-CHA_201812011900.csv,2018-12-01,20:00,335.8331,0,36000,36000,0.163901E-02,2,0.958831E-03,-2.97407,1,0.802366,-0.376608E-02,2,0.649668E-02,-0.844610E-04,2,0.145699E-03,0.598920E-01,1,0.887689E-02,0.115931E-02,1,0.222658E-03,-0.887222,-0.147799E-02,-0.331466E-04,-0.166959E-02,-0.656984E-04,-0.957995E-13,-0.179624E-13,-0.245006E-14,533.981,13.1112,13.2854,3.85000,0,0.100122,2.45836,2.49102,5.00000,0,0.136565E-01,0.335318,0.339773,2.55000,0,285.169,283.987,96559.5,1.17872,1012.49,0.245537E-01,-0.547307E-05,0.962234E-02,1261.08,1294.22,0.816335E-02,97.4394,33.1401,283.558,0.367799,0.629682,0.185072E-01,0.729464,0.349535E-13,-0.179406E-15,0.729464,1.64833,129.835,59.7106,1.45381,-9999,0.372893E-01,0.757169E-01,1.48387,1.35456,789.698,0.668291E-01,0,-9999,-9999,-9999,-9999,-9999,-9999,-9999,0.155834E-02,1.05176,-2.70454,1.10430,-0.169883E-02,2.21687,-0.380991E-04,2.21687,0.270164E-01,2.21687,0.522950E-03,2.21687,800009000,800109100,800009000,800009000,800009000,800009000,811119111,811119111,80111,80111,80,81,0,1,1,1,0,0,0,0.941056E-01,0.553891E-01,0.193918E-02,0.964265E-01,0.187347E-05,0.714557E-02,0.502350E-05,-0.226617E-02,-0.947856E-06,0.672133E-03,0.130103E-04,22.0000,96.5104,0.510361,0.642615E+09,294.057
CH-CHA_201812011900.csv,2018-12-01,20:30,335.8540,0,36000,36000,-0.797905E-02,1,0.101221E-02,3.17893,1,1.08289,0.181065E-01,1,0.529213E-02,0.405820E-03,1,0.118613E-03,-0.135262E-01,1,0.122529E-01,-0.172007E-02,1,0.432660E-03,-1.02728,-0.286158E-02,-0.641365E-04,0.702049E-02,0.157152E-03,-0.110359E-11,-0.219596E-12,-0.285102E-13,535.134,13.1099,13.2840,0.150000,0,0.106483,2.60864,2.64330,0.500000E-01,0,0.138247E-01,0.338682,0.343181,0.500000E-01,0,284.525,283.346,96559.5,1.18139,1012.47,0.244983E-01,0.262971E-04,0.964311E-02,1260.95,1240.01,0.816249E-02,100.000,0.00000,283.556,-0.223887,-0.148707,0.118281E-01,0.269033,-0.998206E-13,-0.206226E-14,0.269033,1.05195,349.269,213.592,2.51982,-9999,0.821823E-01,0.133509,-14.8608,-0.135255,175.569,-0.323389E-01,0,-9999,-9999,-9999,-9999,-9999,-9999,-9999,-0.775322E-02,1.02913,3.09921,1.03031,0.149972E-01,1.20732,0.336132E-03,1.20732,-0.112035E-01,1.20732,-0.142470E-02,1.20732,800009000,800109100,800009000,800009011,800009000,800009000,811119111,811119111,80000,80000,80,81,1,0,0,0,0,0,0,0.820046E-01,0.183875,0.113848E-02,0.115898,0.124791E-05,0.149316E-01,0.163893E-04,0.259103E-02,0.834360E-05,-0.278098E-03,-0.353644E-04,21.9856,96.5138,0.508339,0.631976E+09,294.046
CH-CHA_201812011900.csv,2018-12-01,21:00,335.8748,0,36000,36000,-0.367859E-02,2,0.172255E-02,-8.65398,1,1.77397,-0.847225E-01,1,0.159188E-01,-0.189948E-02,1,0.356901E-03,0.612146E-01,1,0.125086E-01,0.469421E-02,1,0.663939E-03,0.526875,0.520858E-02,0.116777E-03,0.236299E-02,-0.344116E-04,0.456868E-11,0.926562E-12,0.117748E-12,534.614,13.1124,13.2866,4.75000,0,0.108424,2.65928,2.69462,0.500000E-01,0,0.137786E-01,0.337944,0.342434,2.15000,0,284.856,283.675,96559.5,1.18002,1012.48,0.245268E-01,-0.123086E-03,0.963375E-02,1261.19,1267.59,0.816405E-02,99.4950,6.40144,283.559,0.291829,0.736302,0.296215E-01,0.792580,0.396002E-13,0.854575E-14,0.792580,1.60465,117.847,68.3794,2.14185,-9999,0.558337E-01,0.108932,1.71185,1.17417,102.145,0.129731,0,-9999,-9999,-9999,-9999,-9999,-9999,-9999,-0.351360E-02,1.04696,-7.93942,1.09489,-0.402227E-01,2.10633,-0.901795E-03,2.10633,0.290622E-01,2.10633,0.222861E-02,2.10633,800009000,800009100,800009000,800009000,800109000,800109000,811119111,811119111,80001,80001,80,81,1,0,8,6,0,0,0,0.180724,0.328014E-01,0.433956E-02,0.165395,0.507687E-05,0.660542E-02,0.179551E-04,-0.664526E-02,-0.224108E-04,0.722234E-03,0.553841E-04,22.0000,96.5067,0.506667,0.651184E+09,294.041
CH-CHA_201812011900.csv,2018-12-01,21:30,335.8956,0,36000,36000,-0.683975E-02,1,0.105928E-02,-2.61663,1,0.673133,-0.154771E-01,1,0.593789E-02,-0.347173E-03,1,0.133195E-03,-0.509582E-01,1,0.208497E-01,0.266835E-03,2,0.151410E-03,0.842674,0.773461E-02,0.173498E-03,-0.137984E-02,-0.169420E-03,0.486025E-12,0.974437E-13,0.123880E-13,533.772,13.1161,13.2904,5.00000,0,0.107017,2.62966,2.66461,3.05000,0,0.136050E-01,0.334307,0.338750,1.80000,0,285.386,284.203,96559.5,1.17783,1012.49,0.245724E-01,-0.224968E-04,0.961858E-02,1261.55,1312.91,0.816637E-02,96.0877,51.3657,283.563,0.645075,0.289184,0.251931E-01,0.707378,-0.513853E-13,0.910548E-15,0.707378,1.58395,165.793,24.1464,2.04100,-9999,0.762043E-01,0.178152,14.3944,0.139638,169.064,0.287931E-01,0,-9999,-9999,-9999,-9999,-9999,-9999,-9999,-0.673516E-02,1.01553,-2.55041,1.03053,-0.114267E-01,1.35447,-0.256316E-03,1.35447,-0.376222E-01,1.35447,0.197003E-03,1.35447,800009000,800009100,800009000,800009000,800009010,800009011,811119111,811119111,80001,80001,80,81,1,0,1,0,0,0,0,0.100769,0.251492,0.404275E-02,0.368520E-01,0.110540E-05,0.248080E-01,0.188536E-05,-0.213863E-02,-0.638168E-05,-0.936706E-03,0.490492E-05,22.0000,96.5046,0.504639,0.679816E+09,294.053
CH-CHA_201812011900.csv,2018-12-01,22:00,335.9165,0,36000,36000,-0.807105E-02,1,0.152589E-02,-2.78724,1,0.409572,-0.517800E-02,1,0.340815E-02,-0.116155E-03,1,0.764532E-04,-0.716478E-01,1,0.203161E-01,0.800358E-04,2,0.454633E-04,0.818437E-01,0.232661E-02,0.521917E-04,0.163973E-01,0.517407E-04,0.171562E-11,0.389992E-12,0.438697E-13,533.722,13.1172,13.2916,4.30000,0,0.121325,2.98179,3.02142,2.15000,0,0.136477E-01,0.335418,0.339876,1.65000,0,285.438,284.254,96559.5,1.17761,1012.49,0.245769E-01,-0.752687E-05,0.961766E-02,1261.65,1317.39,0.816707E-02,95.7692,55.7359,283.564,0.872410,0.266130,0.277512E-01,0.912521,0.603726E-13,0.321444E-14,0.912521,2.27029,166.553,16.9644,1.74273,-9999,0.827873E-01,0.203022,17.3266,0.116006,538.284,0.282367E-01,0,-9999,-9999,-9999,-9999,-9999,-9999,-9999,-0.795738E-02,1.01429,-2.72111,1.02867,-0.387545E-02,1.33610,-0.869359E-04,1.33610,-0.536245E-01,1.33610,0.599024E-04,1.33610,800009000,800009100,800009000,800009011,800009000,810109000,811119111,811119111,80111,80111,80,81,6,0,1,0,59,0,0,0.270913,0.128225,0.690499E-02,0.208209E-01,0.512471E-06,0.256875E-01,0.341334E-06,-0.228218E-02,-0.216490E-05,-0.133537E-02,0.149170E-05,22.0000,96.5046,0.504556,0.688513E+09,294.068
CH-CHA_201812011900.csv,2018-12-01,22:30,335.9373,0,36000,36000,-0.616713E-02,1,0.179379E-02,-2.52644,1,0.687583,0.276768E-02,2,0.288542E-02,0.620682E-04,2,0.647085E-04,-0.257856E-01,1,0.109166E-01,0.332669E-03,1,0.134701E-03,-0.480282,0.204601E-03,0.458838E-05,-0.126266E-01,0.318238E-04,-0.748942E-12,-0.154782E-12,-0.191899E-13,534.290,13.1173,13.2917,1.80000,0,0.110420,2.71092,2.74695,2.30000,0,0.136900E-01,0.336101,0.340568,2.75000,0,285.136,283.953,96559.5,1.17886,1012.49,0.245509E-01,0.402202E-05,0.962791E-02,1261.66,1291.33,0.816713E-02,97.7025,29.6684,283.565,0.149585,0.396182,0.159781E-01,0.423782,-0.583301E-13,-0.140175E-14,0.423782,1.16940,120.633,69.3151,2.16076,-9999,0.723286E-01,0.145010,12.7472,0.157681,-912.836,0.292649E-01,0,-9999,-9999,-9999,-9999,-9999,-9999,-9999,-0.605997E-02,1.01768,-2.45647,1.03274,0.202197E-02,1.36881,0.453447E-04,1.36881,-0.188380E-01,1.36881,0.243036E-03,1.36881,800009000,800109100,800009000,800009011,800019000,800019000,811119111,811119111,80000,80000,80,81,2,0,0,7,0,0,0,0.242088,0.456089E-01,0.232422E-02,0.417823E-01,0.517161E-06,0.840024E-02,0.140038E-05,-0.205806E-02,0.112799E-05,-0.468613E-03,0.604573E-05,22.0000,96.5054,0.505417,0.689110E+09,294.076
CH-CHA_201812011900.csv,2018-12-01,23:00,335.9581,0,36000,36000,-0.544703E-03,2,0.564682E-03,-0.410088E-01,2,0.432011,0.993126E-02,2,0.420620E-02,0.222681E-03,2,0.943123E-04,-0.547759E-02,2,0.141307E-01,-0.301048E-03,2,0.356241E-03,-0.285236,0.187761E-02,0.421001E-04,0.233925E-02,0.118564E-03,0.814575E-12,0.171449E-12,0.210280E-13,534.663,13.1182,13.2926,1.60000,0,0.112534,2.76107,2.79777,5.00000,0,0.138022E-01,0.338642,0.343144,0.500000E-01,0,284.957,283.775,96559.5,1.17960,1012.49,0.245355E-01,0.144297E-04,0.963463E-02,1261.75,1276.08,0.816769E-02,98.8769,14.3314,283.566,0.213282,0.844042E-01,0.105618E-01,0.229619,0.459324E-13,0.152353E-14,0.229619,0.906256,178.180,21.5907,2.63637,-9999,0.214888E-01,0.666942E-01,20.5946,0.975982E-01,-4.12926,0.159786E-02,0,-9999,-9999,-9999,-9999,-9999,-9999,-9999,-0.534057E-03,1.01993,-0.395157E-01,1.03040,0.753505E-02,1.31801,0.168952E-03,1.31801,-0.415596E-02,1.31801,-0.228412E-03,1.31801,800009000,800109100,800009000,800009000,800009000,800109000,811119111,811119111,80101,80101,80,81,1,0,1,3,10,0,0,0.372242E-01,0.945050E-01,0.165926E-02,0.203146E-01,0.853922E-06,0.147571E-01,0.119978E-04,-0.330860E-04,0.420021E-05,-0.103318E-03,-0.567839E-05,22.0000,96.5072,0.507222,0.695958E+09,294.080
CH-CHA_201812011900.csv,2018-12-01,23:30,335.9790,0,36000,36000,-0.181321E-01,1,0.212845E-02,-6.18149,1,1.27551,-0.404769E-01,1,0.861236E-02,-0.907476E-03,1,0.193085E-03,0.730469E-02,2,0.166635E-01,0.333521E-03,1,0.244345E-03,-0.194981,-0.348136E-02,-0.780507E-04,-0.266250E-02,0.190453E-04,-0.247507E-11,-0.510244E-12,-0.639784E-13,534.825,13.1165,13.2909,5.00000,0,0.110256,2.70402,2.73995,1.40000,0,0.138247E-01,0.339051,0.343557,1.70000,0,284.835,283.653,96559.5,1.18011,1012.48,0.245249E-01,-0.588045E-04,0.963754E-02,1261.59,1265.75,0.816665E-02,99.6711,4.16264,283.564,0.275708,0.178011,0.230065E-01,0.328987,-0.176862E-12,-0.462782E-14,0.328987,1.49335,153.419,32.8482,4.01005,-9999,0.123955,0.255056,26.2234,0.766491E-01,152.716,0.417369E-01,0,-9999,-9999,-9999,-9999,-9999,-9999,-9999,-0.178310E-01,1.01689,-6.04334,1.02745,-0.311991E-01,1.29738,-0.699471E-03,1.29738,0.563036E-02,1.29738,0.257073E-03,1.29738,800009000,800109100,800009000,800009011,800009000,801009010,811109111,811119111,80000,80000,80,81,0,0,3,3,0,0,0,0.182849,0.324418,0.284530E-02,0.102046,0.163845E-05,0.116903E-01,0.877218E-05,-0.505786E-02,-0.173816E-04,0.139912E-03,0.638817E-05,21.9844,96.5168,0.510953,0.683367E+09,294.071
CH-CHA_201812011900.csv,2018-12-02,00:00,336.0000,0,36000,36000,-0.612852E-02,1,0.173007E-02,-6.11965,1,1.42876,-0.369526E-01,2,0.805351E-02,-0.828454E-03,2,0.180555E-03,0.359504E-01,1,0.152817E-01,0.210908E-02,1,0.352390E-03,-0.178240E-01,-0.611596E-03,-0.137116E-04,-0.275263E-02,-0.905597E-05,0.491761E-11,0.991688E-12,0.127046E-12,534.834,13.1162,13.2906,0.700000,0,0.107855,2.64503,2.68018,5.00000,0,0.138174E-01,0.338857,0.343360,5.00000,0,284.823,283.642,96559.5,1.18016,1012.48,0.245240E-01,-0.536838E-04,0.963771E-02,1261.56,1264.81,0.816647E-02,99.7430,3.25030,283.563,0.279845,0.385571,0.181517E-01,0.476768,0.893820E-13,0.919465E-14,0.476768,1.70663,135.417,54.0281,2.18191,-9999,0.720623E-01,0.159907,5.20465,0.386193,165.608,0.710708E-01,0,-9999,-9999,-9999,-9999,-9999,-9999,-9999,-0.598240E-02,1.02443,-5.86230,1.04852,-0.237821E-01,1.55380,-0.533180E-03,1.55380,0.231371E-01,1.55380,0.135737E-02,1.55380,800009000,800109100,800009000,800009011,800009011,800009011,811119111,811119111,80000,80000,80,81,0,3,1,0,1,0,0,0.246026,0.711252E-01,0.266239E-02,0.149663,0.210345E-05,0.153242E-01,0.803335E-05,-0.490615E-02,-0.132488E-04,0.574925E-03,0.337287E-04,21.9900,96.5203,0.516536,0.681007E+09,294.061
CH-CHA_201812011900.csv,2018-12-02,00:30,336.0208,0,36000,36000,-0.515411E-02,1,0.970079E-03,-1.93558,1,0.719705,-0.481100E-01,1,0.855243E-02,-0.107804E-02,1,0.191642E-03,0.388844E-01,1,0.837182E-02,0.185667E-02,1,0.323367E-03,-0.858097,-0.257809E-02,-0.577694E-04,0.393010E-02,-0.367876E-04,0.373015E-11,0.776203E-12,0.961532E-13,535.795,13.1150,13.2893,4.75000,0,0.111493,2.72909,2.76536,4.20000,0,0.138114E-01,0.338070,0.342562,4.30000,0,284.286,283.107,96559.5,1.18239,1012.47,0.244777E-01,-0.698572E-04,0.965502E-02,1261.44,1220.34,0.816570E-02,100.000,0.00000,283.562,0.327462,0.347969,0.230112E-01,0.478376,0.138938E-12,0.696190E-14,0.478376,1.31604,137.651,46.7390,2.75715,-9999,0.660233E-01,0.869021E-01,12.6551,0.158829,40.2324,0.244891E-01,0,-9999,-9999,-9999,-9999,-9999,-9999,-9999,-0.506665E-02,1.01726,-1.88449,1.03255,-0.351198E-01,1.36988,-0.786961E-03,1.36988,0.283852E-01,1.36988,0.135535E-02,1.36988,800009000,800109100,800009000,800009000,800009000,800009000,811119111,811119111,80011,80011,80,81,1,2,5,0,0,0,0,0.872695E-01,0.847156E-01,0.181915E-02,0.528522E-01,0.231452E-05,0.507744E-02,0.727235E-05,-0.157417E-02,-0.195179E-04,0.704001E-03,0.336149E-04,22.0000,96.5188,0.518833,0.671455E+09,294.058
CH-CHA_201812011900.csv,2018-12-02,01:00,336.0416,0,35989,35989,0.251645E-02,1,0.697939E-03,-0.240434,1,0.448296,-0.969841E-02,1,0.320444E-02,-0.217302E-03,1,0.717987E-04,0.742985E-01,1,0.148453E-01,-0.286697E-03,1,0.130818E-03,-0.141594,0.201479E-02,0.451433E-04,-0.567773E-02,0.103556E-03,0.314176E-11,0.624637E-12,0.815105E-13,536.001,13.1160,13.2903,5.00000,0,0.106567,2.60769,2.64235,5.00000,0,0.139061E-01,0.340284,0.344806,0.500000E-01,0,284.197,283.018,96559.5,1.18276,1012.47,0.244700E-01,-0.140812E-04,0.965875E-02,1261.54,1213.13,0.816630E-02,100.000,0.00000,283.563,0.381456,0.524678,0.254653E-01,0.649187,-0.600795E-13,0.586147E-14,0.649187,1.19331,131.783,53.9817,2.24808,-9999,0.461260E-01,0.399991E-01,34.7399,0.578585E-01,24.7911,0.435285E-02,0,-9999,-9999,-9999,-9999,-9999,-9999,-9999,0.248376E-02,1.01316,-0.236166,1.02429,-0.758263E-02,1.27903,-0.169896E-03,1.27903,0.580897E-01,1.27903,-0.224152E-03,1.27903,800009000,800109100,800009000,800009011,800009010,800019010,811119111,811119111,80000,80000,80,81,14,1,0,12,0,0,0,0.549329E-01,0.234967E-01,0.156853E-02,0.282640E-01,0.675387E-06,0.221573E-01,0.983687E-05,-0.197215E-03,-0.421240E-05,0.144027E-02,-0.555761E-05,22.0000,96.5206,0.520590,0.678955E+09,294.059
CH-CHA_201812020100.csv,2018-12-02,01:30,336.0624,0,36000,36000,-0.413196E-02,1,0.955765E-03,-1.31372,1,0.298981,0.470484E-02,2,0.298287E-02,0.105435E-03,2,0.668461E-04,-0.148929E-01,2,0.781299E-02,-0.133559E-03,2,0.103906E-03,0.299945,0.119229E-02,0.267193E-04,-0.427716E-02,-0.167020E-03,0.283814E-12,0.544446E-13,0.728568E-14,535.670,13.1165,13.2909,0.250000,0,0.102759,2.51618,2.54962,0.500000E-01,0,0.137510E-01,0.336710,0.341186,0.500000E-01,0,284.385,283.206,96559.5,1.18197,1012.47,0.244862E-01,0.683222E-05,0.965278E-02,1261.59,1228.45,0.816666E-02,100.000,0.00000,283.564,0.377455,0.368896,0.318717E-01,0.528747,-0.149014E-13,0.529829E-15,0.528747,1.23296,143.582,44.3430,3.45576,-9999,0.591254E-01,0.667023E-01,13.3908,0.150103,-279.228,0.185669E-01,0,-9999,-9999,-9999,-9999,-9999,-9999,-9999,-0.406430E-02,1.01665,-1.27849,1.03169,0.345377E-02,1.36224,0.773989E-04,1.36224,-0.109327E-01,1.36224,-0.980438E-04,1.36224,800009000,800009100,800009000,800009000,800009010,800109010,811119111,811119111,80100,80100,80,81,2,1,2,6,219,0,0,0.801854E-01,0.497471E-01,0.347206E-02,0.142557E-01,0.425176E-06,0.445715E-02,0.364932E-05,-0.106833E-02,0.192029E-05,-0.271244E-03,-0.243250E-05,22.0000,96.5197,0.519694,0.683183E+09,294.069
CH-CHA_201812020100.csv,2018-12-02,02:00,336.0833,0,36000,36000,-0.511493E-02,0,0.478698E-03,0.749273,2,0.571638,-0.822470E-02,2,0.304177E-02,-0.184325E-03,2,0.681697E-04,-0.418331E-01,1,0.131325E-01,-0.635849E-03,1,0.153127E-03,0.924689E-01,0.316901E-02,0.710213E-04,0.103187E-01,0.701139E-05,0.506324E-11,0.105641E-11,0.130020E-12,535.623,13.1181,13.2924,2.80000,0,0.111754,2.73700,2.77338,2.85000,0,0.137543E-01,0.336860,0.341338,5.00000,0,284.443,283.263,96559.5,1.18173,1012.47,0.244912E-01,-0.119443E-04,0.965193E-02,1261.74,1233.20,0.816760E-02,100.000,0.00000,283.565,0.518434,0.606359,0.418631E-01,0.798872,-0.152934E-12,0.945299E-14,0.798872,1.79572,135.207,49.4697,3.00383,-9999,0.657900E-01,0.877152E-01,-32.3466,-0.621394E-01,-91.1004,-0.951869E-02,0,-9999,-9999,-9999,-9999,-9999,-9999,-9999,-0.504263E-02,1.01434,0.736594,1.02090,-0.688464E-02,1.19465,-0.154293E-03,1.19465,-0.350172E-01,1.19465,-0.532250E-03,1.19465,800009000,800009100,800009000,800009000,800009000,800009000,801119111,811119111,80000,80000,80,81,2,11,0,0,64,0,0,0.507853E-01,0.116413,0.823178E-02,0.252961E-01,0.337277E-06,0.724245E-02,0.948555E-06,0.615637E-03,-0.382886E-05,-0.868969E-03,-0.132080E-04,22.0000,96.5217,0.521694,0.695260E+09,294.076
CH-CHA_201812020100.csv,2018-12-02,02:30,336.1041,0,36000,36000,-0.149890E-01,1,0.363383E-02,-0.955917,2,0.317133,0.159510E-01,1,0.490157E-02,0.357461E-03,1,0.109844E-03,-0.206580E-01,2,0.175489E-01,0.270127E-03,2,0.159016E-03,-0.951348E-01,0.450837E-02,0.101032E-03,-0.142597E-01,-0.156828E-03,0.103633E-10,0.192089E-11,0.263426E-12,535.823,13.1202,13.2947,1.55000,0,0.993176E-01,2.43190,2.46423,3.95000,0,0.136202E-01,0.333505,0.337939,2.50000,0,284.384,283.204,96559.5,1.18198,1012.47,0.244861E-01,0.231635E-04,0.965553E-02,1261.94,1228.31,0.816895E-02,100.000,0.00000,283.568,0.469505,0.600029,0.454769E-01,0.763241,-0.617156E-14,0.193409E-13,0.763241,2.73267,138.462,51.9579,3.41593,-9999,0.112611,0.239494,127.149,0.158083E-01,-59.9283,0.709325E-02,0,-9999,-9999,-9999,-9999,-9999,-9999,-9999,-0.148196E-01,1.01143,-0.939700,1.02068,0.128805E-01,1.23838,0.288652E-03,1.23838,-0.166815E-01,1.23838,0.218129E-03,1.23838,800009000,800009100,800009000,800009011,800009000,800109010,810119111,811119111,80111,80111,80,81,0,0,0,6,0,0,0,0.364148,0.102360,0.124804E-01,0.172801E-01,0.405341E-06,0.705258E-02,0.102941E-05,-0.785227E-03,0.716155E-05,-0.413873E-03,0.541186E-05,21.9456,96.5413,0.520890,0.711814E+09,294.083
CH-CHA_201812020100.csv,2018-12-02,03:00,336.1249,0,36000,36000,-0.183753E-01,1,0.343209E-02,-1.43792,1,2.83819,0.155803E-01,1,0.347918E-02,0.349161E-03,1,0.779699E-04,0.118288E-01,1,0.676369E-02,0.189047E-02,1,0.311912E-03,0.373245E-01,0.584375E-03,0.130961E-04,-0.112249E-02,0.319133E-04,-0.552637E-13,-0.101420E-13,-0.140760E-14,535.791,13.1205,13.2949,0.950000,0,0.983286E-01,2.40788,2.43990,2.30000,0,0.136469E-01,0.334188,0.338631,1.65000,0,284.407,283.227,96559.5,1.18188,1012.47,0.244881E-01,0.226256E-04,0.965495E-02,1261.97,1230.23,0.816912E-02,100.000,0.00000,283.568,0.187627,0.307249,0.235692E-01,0.360778,-0.103931E-13,-0.103144E-15,0.360778,1.50087,144.788,58.5889,3.74572,-9999,0.124690,0.229451,114.749,0.175166E-01,-92.2908,0.963706E-02,0,-9999,-9999,-9999,-9999,-9999,-9999,-9999,-0.180976E-01,1.01535,-1.41120,1.02265,0.125614E-01,1.24033,0.281507E-03,1.24033,0.953682E-02,1.24033,0.152417E-02,1.24033,800009000,800009100,800009000,800009000,800009000,800009011,811119111,811119111,80011,80011,80,81,0,0,0,10,128,0,0,0.223069,0.230283,0.554910E-02,0.214055,0.253681E-06,0.107906E-02,0.178225E-05,-0.117932E-02,0.698487E-05,0.236631E-03,0.378183E-04,22.0000,96.5213,0.521333,0.713692E+09,294.085
CH-CHA_201812020100.csv,2018-12-02,03:30,336.1458,0,36000,36000,-0.534044E-02,1,0.158976E-02,-1.77686,1,0.471402,-0.411235E-02,2,0.355201E-02,-0.920326E-04,2,0.794924E-04,0.675293E-02,1,0.979939E-02,0.695554E-03,1,0.184435E-03,-2.32177,0.925192E-03,0.207054E-04,0.443464E-02,0.474489E-04,0.236296E-11,0.450639E-12,0.603661E-13,538.550,13.1209,13.2954,0.300000,0,0.102707,2.50229,2.53556,2.90000,0,0.137582E-01,0.335198,0.339655,1.75000,0,282.959,281.785,96559.5,1.18793,1012.44,0.243635E-01,-0.596371E-05,0.970467E-02,1262.01,1116.41,0.816940E-02,100.000,0.00000,283.569,0.722355,0.254734,0.321569E-01,0.766629,0.481551E-13,0.438764E-14,0.766629,1.80125,166.035,19.4249,2.40403,-9999,0.670491E-01,0.205478,14.4377,0.139218,432.078,0.220344E-01,0,-9999,-9999,-9999,-9999,-9999,-9999,-9999,-0.525968E-02,1.01535,-1.73174,1.03045,-0.303536E-02,1.35481,-0.679301E-04,1.35481,0.498440E-02,1.35481,0.513395E-03,1.35481,800009100,800009100,800009000,800009000,800009000,800109010,801119111,811119111,80111,80111,80,81,0,0,3,4,480,0,0,0.172500,0.232076,0.638029E-02,0.146489E-01,0.394471E-06,0.452805E-02,0.173405E-05,-0.143987E-02,-0.167693E-05,0.123045E-03,0.126737E-04,22.0000,96.5219,0.521889,0.716956E+09,294.076
CH-CHA_201812020100.csv,2018-12-02,04:00,336.1666,0,36000,36000,-0.126585E-01,0,0.190470E-02,-3.65550,0,0.825055,-0.208285E-02,2,0.263570E-02,-0.466196E-04,2,0.589938E-04,0.276794E-01,0,0.134663E-01,0.820281E-03,0,0.192509E-03,0.229938,0.346573E-02,0.775720E-04,-0.713567E-02,-0.909705E-04,-0.223422E-11,-0.400157E-12,-0.567400E-13,538.345,13.1226,13.2971,0.850000,0,0.964195E-01,2.35030,2.38156,2.30000,0,0.136718E-01,0.333260,0.337692,2.20000,0,283.103,281.928,96559.5,1.18733,1012.44,0.243758E-01,-0.302095E-05,0.970097E-02,1262.17,1127.26,0.817043E-02,100.000,0.00000,283.571,1.06775,0.575068,0.561851E-01,1.21406,-0.231990E-13,-0.415017E-14,1.21406,2.67572,158.727,28.3060,2.65252,-9999,0.103254,0.151851,25.6297,0.784245E-01,1755.05,0.294511E-01,0,-9999,-9999,-9999,-9999,-9999,-9999,-9999,-0.124997E-01,1.01270,-3.57774,1.02604,-0.159426E-02,1.30647,-0.356836E-04,1.30647,0.211864E-01,1.30647,0.627860E-03,1.30647,800009000,800009100,800009000,800009011,800009000,800009000,810119111,810119111,80000,80000,80,80,0,3,1,3,0,0,0,0.188523,0.992427E-01,0.159362E-01,0.343009E-01,0.729708E-06,0.600648E-02,0.132927E-05,-0.297625E-02,-0.881338E-06,0.523275E-03,0.155073E-04,21.9956,96.5220,0.520338,0.729575E+09,294.068
CH-CHA_201812020100.csv,2018-12-02,04:30,336.1874,0,36000,36000,-0.110485E-01,1,0.285513E-02,-3.78250,0,0.874059,-0.222752E-02,2,0.134312E-02,-0.498799E-04,2,0.300759E-04,0.625012E-02,1,0.650294E-02,0.540732E-03,0,0.111585E-03,0.745651,0.273582E-02,0.612620E-04,-0.786130E-02,-0.120972E-03,-0.294957E-11,-0.490533E-12,-0.743196E-13,537.513,13.1239,13.2984,3.45000,0,0.893919E-01,2.18259,2.21161,1.60000,0,0.135436E-01,0.330679,0.335077,2.30000,0,283.569,282.392,96559.5,1.18538,1012.45,0.244160E-01,-0.323222E-05,0.968599E-02,1262.30,1163.14,0.817124E-02,100.000,0.00000,283.572,0.581440,0.450577,0.382653E-01,0.736584,-0.446333E-13,-0.548744E-14,0.736584,2.86531,156.862,37.7733,2.97784,-9999,0.965435E-01,0.231884,20.2474,0.992719E-01,1698.07,0.326456E-01,0,-9999,-9999,-9999,-9999,-9999,-9999,-9999,-0.108948E-01,1.01410,-3.69714,1.02740,-0.168960E-02,1.31837,-0.378345E-04,1.31837,0.474079E-02,1.31837,0.410151E-03,1.31837,800009000,800009100,800009000,800009000,800009010,800109010,811119111,811119111,80011,80011,80,81,3,3,0,0,0,0,0,0.270853,0.177622,0.152925E-01,0.260470E-01,0.287527E-06,0.125991E-02,0.386667E-06,-0.308060E-02,-0.936001E-06,0.117284E-03,0.101469E-04,22.0000,96.5214,0.521361,0.739641E+09,294.073
CH-CHA_201812020100.csv,2018-12-02,05:00,336.2083,0,36000,36000,-0.170423E-01,1,0.254036E-02,-1.96129,1,0.520334,-0.904161E-02,1,0.206590E-02,-0.202459E-03,1,0.462594E-04,-0.357660E-01,1,0.630418E-02,0.624854E-03,1,0.939941E-04,-0.514525E-01,-0.285283E-03,-0.638801E-05,0.285395E-02,0.491141E-04,-0.645655E-11,-0.110373E-11,-0.163201E-12,537.569,13.1238,13.2983,1.65000,0,0.918958E-01,2.24347,2.27330,4.95000,0,0.135880E-01,0.331727,0.336139,2.35000,0,283.537,282.360,96559.5,1.18551,1012.45,0.244132E-01,-0.131193E-04,0.968699E-02,1262.28,1160.63,0.817116E-02,100.000,0.00000,283.572,0.349290,0.321986,0.326726E-01,0.476178,0.109095E-12,-0.120107E-13,0.476178,1.54855,134.992,42.6708,3.93440,-9999,0.119898,0.131933,74.7948,0.268735E-01,216.918,0.136286E-01,0,-9999,-9999,-9999,-9999,-9999,-9999,-9999,-0.168118E-01,1.01371,-1.92662,1.02248,-0.724091E-02,1.24868,-0.162137E-03,1.24868,-0.286429E-01,1.24868,0.500410E-03,1.24868,800009000,800009100,800009000,800009011,800019000,800119000,811119111,811119111,80000,80000,80,81,0,14,5,8,158,0,0,0.195160,0.638250E-01,0.488032E-02,0.150731E-01,0.208251E-06,0.116810E-02,0.380842E-06,-0.160515E-02,-0.401072E-05,-0.708528E-03,0.123784E-04,21.9194,96.5490,0.518868,0.739058E+09,294.086
CH-CHA_201812020100.csv,2018-12-02,05:30,336.2291,0,36000,36000,-0.150215E-01,1,0.233940E-02,-0.752929,2,0.724335,0.107654E-01,1,0.275848E-02,0.241142E-03,1,0.617893E-04,-0.114229E-01,1,0.727364E-02,0.258525E-03,1,0.170115E-03,0.590233,-0.327864E-03,-0.734407E-05,0.127450E-02,0.795410E-04,-0.338724E-11,-0.586072E-12,-0.860583E-13,536.863,13.1236,13.2981,1.30000,0,0.928899E-01,2.27069,2.30089,2.00000,0,0.136399E-01,0.333426,0.337860,1.70000,0,283.906,282.728,96559.5,1.18397,1012.46,0.244450E-01,0.156260E-04,0.967427E-02,1262.27,1189.72,0.817106E-02,100.000,0.00000,283.572,0.347648,0.463426,0.230567E-01,0.579788,-0.581244E-13,-0.630932E-14,0.579788,1.53734,141.226,53.1239,2.27911,-9999,0.112638,0.170103,161.543,0.124425E-01,-69.9397,0.557633E-02,0,-9999,-9999,-9999,-9999,-9999,-9999,-9999,-0.148370E-01,1.01243,-0.740116,1.02086,0.872259E-02,1.23420,0.195384E-03,1.23420,-0.925529E-02,1.23420,0.209468E-03,1.23420,800009000,800009100,800009000,800009011,800019010,800119110,811119111,811119111,80000,80000,80,81,11,0,0,8,319,0,0,0.224856,0.110726,0.462368E-02,0.282799E-01,0.265470E-06,0.300995E-02,0.198018E-05,-0.617420E-03,0.483942E-05,-0.229242E-03,0.518826E-05,21.9150,96.5494,0.517644,0.737415E+09,294.093
CH-CHA_201812020100.csv,2018-12-02,06:00,336.2499,0,36000,36000,0.286099E-02,2,0.136099E-02,0.151732,2,0.779630,0.313881E-02,1,0.118611E-02,0.702984E-04,1,0.265647E-04,-0.528512E-03,2,0.289190E-02,0.321086E-03,1,0.171250E-03,-0.242108,-0.766969E-04,-0.171774E-05,-0.174390E-02,-0.262553E-04,-0.133321E-11,-0.226895E-12,-0.338155E-13,537.148,13.1236,13.2981,0.550000,0,0.914157E-01,2.23346,2.26316,2.75000,0,0.136242E-01,0.332866,0.337292,2.45000,0,283.755,282.577,96559.5,1.18460,1012.46,0.244319E-01,0.455534E-05,0.967941E-02,1262.26,1177.72,0.817104E-02,100.000,0.00000,283.572,0.317054,0.386905,0.210826E-01,0.500663,-0.670435E-13,-0.248202E-14,0.500663,1.34896,132.781,50.6666,2.41341,-9999,0.491442E-01,0.957831E-01,-66.5769,-0.301907E-01,48.3405,-0.257427E-02,0,-9999,-9999,-9999,-9999,-9999,-9999,-9999,0.280782E-02,1.01894,0.149003,1.02364,0.262154E-02,1.19731,0.587134E-04,1.19731,-0.441415E-03,1.19731,0.268171E-03,1.19731,800009000,800009100,800009000,800009000,800009010,800109011,811119111,811119111,80101,80101,80,81,2,6,11,17,289,0,0,0.140281,0.484698E-01,0.281538E-02,0.443364E-01,0.163500E-06,0.607640E-03,0.278312E-05,0.124236E-03,0.145348E-05,-0.109275E-04,0.663874E-05,22.0000,96.5195,0.519472,0.737281E+09,294.091
CH-CHA_201812020100.csv,2018-12-02,06:30,336.2707,0,36000,36000,-0.882863E-02,1,0.140976E-02,-2.99410,1,0.839918,-0.516014E-02,1,0.235653E-02,-0.115553E-03,1,0.527709E-04,-0.105276E-01,1,0.206918E-01,0.113174E-02,1,0.182789E-03,-0.226880,0.747548E-03,0.167402E-04,0.817329E-02,0.179405E-04,0.471339E-12,0.864771E-13,0.119684E-13,537.431,13.1239,13.2985,4.90000,0,0.986031E-01,2.40786,2.43988,5.00000,0,0.136467E-01,0.333248,0.337680,1.65000,0,283.613,282.436,96559.5,1.18519,1012.46,0.244197E-01,-0.748786E-05,0.968451E-02,1262.30,1166.57,0.817126E-02,100.000,0.00000,283.572,0.779576,0.124632,0.393386E-01,0.790455,0.817352E-14,0.877022E-15,0.790455,2.00047,177.026,9.08311,2.85262,-9999,0.863083E-01,0.251889,18.2756,0.109983,580.237,0.289101E-01,0,-9999,-9999,-9999,-9999,-9999,-9999,-9999,-0.870408E-02,1.01431,-2.92442,1.02819,-0.388328E-02,1.32881,-0.869602E-04,1.32881,-0.792258E-02,1.32881,0.851692E-03,1.32881,800009000,800009100,800009000,800009000,800009000,800019010,801119111,811119111,80011,80011,80,81,0,0,3,0,0,0,0,0.109279,0.386998,0.750095E-02,0.387317E-01,0.256617E-06,0.156896E-01,0.151885E-05,-0.243711E-02,-0.215167E-05,-0.196030E-03,0.210736E-04,22.0000,96.5184,0.518417,0.740103E+09,294.093
CH-CHA_201812020100.csv,2018-12-02,07:00,336.2916,0,35989,35989,-0.328145E-02,1,0.677708E-03,1.52892,2,1.40018,-0.473475E-02,1,0.165529E-02,-0.105970E-03,1,0.370477E-04,0.110784E-01,0,0.112264E-01,0.334690E-03,1,0.120838E-03,-0.912041,0.202747E-03,0.453776E-05,0.429791E-02,0.712651E-04,0.306497E-11,0.583703E-12,0.781808E-13,538.515,13.1240,13.2986,4.45000,0,0.102557,2.49938,2.53262,0.500000E-01,0,0.137364E-01,0.334766,0.339218,1.85000,0,283.044,281.869,96559.5,1.18757,1012.44,0.243708E-01,-0.686686E-05,0.970405E-02,1262.31,1122.79,0.817132E-02,100.000,0.00000,283.572,0.581220,0.384939,0.283509E-01,0.697709,-0.154815E-12,0.569151E-14,0.697709,1.56218,157.701,33.5163,2.32881,-9999,0.525657E-01,0.111046,-8.08530,-0.248599,-322.915,-0.241909E-01,0,-9999,-9999,-9999,-9999,-9999,-9999,-9999,-0.323151E-02,1.01545,1.50274,1.02152,-0.396223E-02,1.19497,-0.886802E-04,1.19497,0.927091E-02,1.19497,0.280083E-03,1.19497,800009000,800009100,800009000,800009000,800009000,800009100,810119111,811119111,80001,80001,80,81,2,2,1,0,0,0,0,0.917684E-01,0.123613,0.671140E-02,0.966031E-01,0.248244E-06,0.685580E-02,0.942948E-06,0.124984E-02,-0.218983E-05,0.228932E-03,0.691624E-05,22.0000,96.5199,0.519937,0.740558E+09,294.084
CH-CHA_201812020700.csv,2018-12-02,07:30,336.3124,0,36000,36000,-0.225547E-01,1,0.339232E-02,0.861647,2,1.31637,0.658497E-02,1,0.330435E-02,0.147238E-03,1,0.738844E-04,0.988102E-01,2,0.452677E-01,0.160828E-02,1,0.343590E-03,-1.63241,-0.300307E-03,-0.671480E-05,0.205237E-03,-0.298339E-04,-0.595338E-11,-0.113577E-11,-0.151572E-12,540.447,13.1239,13.2984,0.900000,0,0.103105,2.50374,2.53704,2.00000,0,0.137597E-01,0.334133,0.338576,2.20000,0,282.029,280.859,96559.5,1.19185,1012.41,0.242834E-01,0.954105E-05,0.973885E-02,1262.29,1048.29,0.817123E-02,100.000,0.00000,283.572,0.485174,0.358980,0.268889E-01,0.604139,0.682944E-13,-0.110157E-13,0.604139,1.81904,153.411,36.4977,2.55095,-9999,0.137565,0.197252,-257.133,-0.781696E-02,130.851,-0.519090E-02,0,-9999,-9999,-9999,-9999,-9999,-9999,-9999,-0.221815E-01,1.01682,0.846678,1.02233,0.550709E-02,1.19573,0.123137E-03,1.19573,0.826361E-01,1.19573,0.134502E-02,1.19573,800009000,800009100,800009000,800009000,800009000,800009001,810119111,811119111,80001,80001,80,81,0,3,0,2,174,0,0,0.264858,0.122779,0.686571E-02,0.102795,0.279537E-06,0.567572E-01,0.359345E-05,0.701681E-03,0.302980E-05,0.203327E-02,0.330943E-04,22.0000,96.5174,0.517444,0.739887E+09,294.079
CH-CHA_201812020700.csv,2018-12-02,08:00,336.3332,0,36000,36000,-0.185630E-02,0,0.327491E-03,-0.526548,1,0.191495,0.265150E-02,0,0.666581E-03,0.592861E-04,0,0.149044E-04,0.172916E-01,1,0.850847E-02,0.184743E-03,1,0.869927E-04,-0.225883E-01,-0.567127E-03,-0.126807E-04,-0.837261E-02,-0.747391E-04,-0.143683E-11,-0.254670E-12,-0.364086E-13,540.463,13.1236,13.2981,1.60000,0,0.957943E-01,2.32609,2.35703,2.10000,0,0.136951E-01,0.332547,0.336970,2.15000,0,282.015,280.845,96559.5,1.19191,1012.41,0.242822E-01,0.384174E-05,0.973914E-02,1262.27,1047.29,0.817106E-02,100.000,0.00000,283.572,0.594290,0.217379,0.149089E-01,0.632974,0.704954E-13,-0.265851E-14,0.632974,1.31221,166.958,20.0915,1.34965,-9999,0.394641E-01,0.118056,9.93420,0.202331,-198.585,0.110569E-01,0,-9999,-9999,-9999,-9999,-9999,-9999,-9999,-0.182376E-02,1.01784,-0.510621,1.03528,0.188350E-02,1.40775,0.421140E-04,1.40775,0.122831E-01,1.40775,0.131233E-03,1.40775,800009000,800009100,800009000,800009011,800009000,800009110,811119111,811119111,80000,80000,80,81,0,1,3,0,0,0,0,0.296639E-01,0.203127,0.332225E-02,0.165051E-01,0.156184E-06,0.777063E-02,0.144654E-05,-0.423154E-03,0.103617E-05,0.302212E-03,0.322883E-05,21.9956,96.5194,0.517698,0.738027E+09,294.069
CH-CHA_201812020700.csv,2018-12-02,08:30,336.3541,1,36000,36000,0.150836E-02,2,0.267471E-02,-8.22408,1,1.60419,-0.421641E-01,1,0.297390E-02,-0.943253E-03,1,0.665290E-04,-0.338296,1,0.301044E-01,0.832147E-03,0,0.921291E-04,0.868077,0.124573E-02,0.278683E-04,0.313908E-03,0.102950E-04,0.303146E-11,0.538828E-12,0.768630E-13,539.453,13.1242,13.2987,1.40000,0,0.958853E-01,2.33277,2.36379,5.00000,0,0.136779E-01,0.332766,0.337191,1.70000,0,282.556,281.383,96559.5,1.18963,1012.43,0.243287E-01,-0.611228E-04,0.972094E-02,1262.32,1086.38,0.817143E-02,100.000,0.00000,283.572,0.307165,0.212671,-0.330819E-01,0.375065,0.519285E-14,0.561950E-14,0.375065,1.35444,138.019,34.6975,-5.06025,-9999,0.356079E-01,0.165609,0.467220,4.30204,195.049,0.191763,0,-9999,-9999,-9999,-9999,-9999,-9999,-9999,0.134739E-02,1.11947,-6.68421,1.23564,-0.110385E-01,3.81973,-0.246943E-03,3.81973,-0.885655E-01,3.81973,0.217855E-03,3.81973,800009000,800009100,800009000,800009000,800009010,810009010,811119111,811119111,80001,80001,80,81,0,0,0,2,220,0,0,0.115912,0.210301,0.500515E-02,0.595714E-01,0.222930E-06,0.166663E-01,0.549487E-06,-0.554978E-02,-0.608738E-05,-0.218323E-02,0.537035E-05,22.0000,96.5188,0.518806,0.741926E+09,294.064
CH-CHA_201812020700.csv,2018-12-02,09:00,336.3749,1,36000,36000,0.161423E-02,1,0.101769E-02,-0.985513,1,0.599360,-0.580889E-02,2,0.359139E-02,-0.129965E-03,2,0.803515E-04,-0.308368E-01,1,0.166306E-01,0.643399E-03,0,0.136764E-03,0.182724,0.257346E-02,0.575771E-04,0.288518E-02,0.529677E-04,0.200619E-11,0.365937E-12,0.510347E-13,539.286,13.1254,13.3000,0.500000E-01,0,0.983677E-01,2.39413,2.42597,4.90000,0,0.137187E-01,0.333893,0.338333,2.35000,0,282.670,281.497,96559.5,1.18915,1012.43,0.243385E-01,-0.842170E-05,0.971793E-02,1262.44,1094.78,0.817220E-02,100.000,0.00000,283.574,0.508080,0.209066,-0.888074E-01,0.556543,0.527075E-13,0.372009E-14,0.556543,1.42930,167.708,22.3664,-9.18191,-9999,0.368438E-01,0.864117E-01,4.31918,0.465366,169.656,0.222176E-01,0,-9999,-9999,-9999,-9999,-9999,-9999,-9999,0.157245E-02,1.02657,-0.939616,1.05347,-0.359836E-02,1.61431,-0.805076E-04,1.61431,-0.191021E-01,1.61431,0.398559E-03,1.61431,800009000,800019100,800009000,800009000,800009000,800019010,811119111,811119111,80111,80111,80,81,0,1,1,3,7,0,0,0.700397E-01,0.964081E-01,0.637570E-02,0.187290E-01,0.441803E-06,0.122583E-01,0.958072E-06,-0.780458E-03,-0.198539E-05,-0.471076E-03,0.982884E-05,22.0000,96.5172,0.517194,0.751424E+09,294.066
CH-CHA_201812020700.csv,2018-12-02,09:30,336.3957,1,36000,36000,-0.735501E-02,1,0.212590E-02,4.16082,1,1.69096,0.164033E-01,1,0.108775E-01,0.367085E-03,1,0.243424E-03,0.346337E-02,2,0.322159E-01,-0.113465E-03,2,0.310116E-03,0.400674,0.463417E-02,0.103707E-03,-0.164723E-02,-0.448283E-04,-0.171971E-11,-0.309035E-12,-0.436146E-13,538.900,13.1276,13.3023,4.65000,0,0.968414E-01,2.35906,2.39044,3.20000,0,0.136674E-01,0.332938,0.337367,5.00000,0,282.920,281.745,96559.5,1.18809,1012.44,0.243601E-01,0.237871E-04,0.971098E-02,1262.65,1113.41,0.817357E-02,100.000,0.00000,283.576,0.289609,0.658763,0.181167E-01,0.719840,-0.840325E-13,-0.319114E-14,0.719840,1.86226,128.137,66.2685,1.44215,-9999,0.786803E-01,0.140618,-9.96304,-0.201746,253.658,-0.439636E-01,0,-9999,-9999,-9999,-9999,-9999,-9999,-9999,-0.724504E-02,1.01518,4.09166,1.02136,0.137282E-01,1.19486,0.307220E-03,1.19486,0.289856E-02,1.19486,-0.949605E-04,1.19486,800009000,800019100,800009000,800009000,800009000,800019000,810119111,811119111,80100,80100,80,81,15,0,2,1,86,0,0,0.157146,0.111159,0.129314E-01,0.578874E-01,0.104684E-05,0.173007E-01,0.146569E-05,0.340157E-02,0.758306E-05,0.715446E-04,-0.234390E-05,22.0000,96.5162,0.516222,0.768489E+09,294.072
CH-CHA_201812020700.csv,2018-12-02,10:00,336.4166,1,36000,36000,-0.541363E-01,1,0.904906E-02,0.551643,2,1.17655,0.107671,1,0.217797E-01,0.241143E-02,1,0.487781E-03,0.897829E-02,1,0.555880E-02,-0.209391E-03,2,0.259293E-03,1.30979,0.610581E-02,0.136747E-03,-0.633143E-02,-0.964757E-04,0.667967E-11,0.113133E-11,0.168322E-12,537.463,13.1306,13.3053,5.00000,0,0.910295E-01,2.22391,2.25350,2.35000,0,0.135436E-01,0.330879,0.335281,5.00000,0,283.739,282.561,96559.5,1.18466,1012.46,0.244306E-01,0.156260E-03,0.968509E-02,1262.93,1176.44,0.817539E-02,100.000,0.00000,283.580,0.184229,0.416497,0.475553E-01,0.457899,0.158290E-12,0.124281E-13,0.457899,2.23770,126.116,66.1387,5.96122,-9999,0.213770,0.317511,-1507.18,-0.133362E-02,5.12339,-0.215148E-02,0,42.0910,-6.38747,14.4485,35.9787,54.8698,76.9557,115.294,-0.530706E-01,1.02008,0.546108,1.02437,0.898535E-01,1.19830,0.201237E-02,1.19830,0.749253E-02,1.19830,-0.174740E-03,1.19830,800009000,800009100,800009000,800009011,800009000,800119000,800119111,811119111,80000,80000,80,81,1,0,2,5,2,0,0,0.437280,0.176527,0.212151E-01,0.121796,0.136553E-05,0.308092E-03,0.385923E-06,0.455307E-03,0.498151E-04,0.185473E-03,-0.432559E-05,22.0000,96.5154,0.515375,0.790705E+09,294.086
CH-CHA_201812020700.csv,2018-12-02,10:30,336.4374,1,36000,36000,-0.546230E-01,0,0.686374E-02,-8.87730,0,1.60813,0.155518E-01,1,0.118578E-01,0.348190E-03,1,0.265483E-03,0.300333E-01,1,0.135605E-01,0.708639E-03,1,0.185697E-03,-0.537682,-0.331956E-03,-0.743216E-05,-0.708264E-03,-0.492633E-04,-0.215286E-11,-0.362156E-12,-0.540787E-13,538.094,13.1304,13.3051,4.60000,0,0.905185E-01,2.20880,2.23819,2.00000,0,0.135166E-01,0.329828,0.334217,1.65000,0,283.403,282.227,96559.5,1.18607,1012.45,0.244017E-01,0.225627E-04,0.969645E-02,1262.92,1150.22,0.817529E-02,100.000,0.00000,283.579,1.01327,1.83911,0.956204E-01,2.10195,-0.850117E-13,-0.400091E-14,2.10195,5.13790,127.512,61.1471,2.60735,-9999,0.214602,0.432417,94.7537,0.212129E-01,-570.821,0.344480E-01,0,26.1575,-3.96950,8.97902,22.3590,34.0989,47.8242,71.6494,-0.540380E-01,1.01082,-8.71014,1.02337,0.122649E-01,1.26799,0.274599E-03,1.26799,0.236857E-01,1.26799,0.558867E-03,1.26799,800009000,800009100,800009000,800009000,800009000,800009000,800019111,800019111,80001,80001,80,81,8,2,2,0,116,0,0,0.557403,0.237205,0.702265E-01,0.344678E-01,0.678649E-06,0.176301E-02,0.407526E-06,-0.725338E-02,0.678948E-05,0.585631E-03,0.138180E-04,22.0000,96.5092,0.509194,0.789832E+09,294.089
CH-CHA_201812020700.csv,2018-12-02,11:00,336.4582,1,36000,36000,-0.276816E-01,2,0.594336E-02,-1.35402,2,0.924549,0.167156E-01,1,0.690768E-02,0.374322E-03,1,0.154687E-03,-0.140160E-01,2,0.171739E-01,0.268942E-03,1,0.926646E-04,0.338531,-0.203802E-02,-0.456384E-04,-0.509435E-02,-0.407080E-04,0.809289E-11,0.129449E-11,0.202769E-12,537.653,13.1294,13.3041,3.40000,0,0.859996E-01,2.10010,2.12804,3.85000,0,0.134710E-01,0.328960,0.333336,1.70000,0,283.615,282.437,96559.5,1.18518,1012.46,0.244199E-01,0.242561E-04,0.968850E-02,1262.82,1166.68,0.817468E-02,100.000,0.00000,283.578,0.932154,1.71018,0.725211E-01,1.94908,0.917029E-13,0.150523E-13,1.94908,6.44767,124.776,61.4069,2.13235,-9999,0.152828,0.787329,224.369,0.895845E-02,-81.0032,0.738346E-02,0,-9999,-9999,-9999,-9999,-9999,-9999,-9999,-0.274036E-01,1.01014,-1.33005,1.02168,0.133660E-01,1.25061,0.299312E-03,1.25061,-0.112073E-01,1.25061,0.215049E-03,1.25061,800009100,800009100,800009000,800009011,800009000,800109110,800019111,800119111,80111,80111,80,81,6,5,1,5,453,0,0,1.14110,0.367564,0.659969E-01,0.561590E-01,0.266012E-06,0.245681E-02,0.179121E-06,-0.110842E-02,0.740604E-05,-0.277309E-03,0.532107E-05,21.9961,96.5064,0.504904,0.782138E+09,294.067
CH-CHA_201812020700.csv,2018-12-02,11:30,336.4790,1,36000,36000,-0.273706E-01,1,0.725406E-02,-2.34817,0,1.77079,-0.955710E-02,0,0.155091E-01,-0.214176E-03,0,0.347562E-03,0.103951E-01,1,0.879647E-02,0.368974E-03,0,0.101669E-03,1.24456,0.599591E-02,0.134369E-03,-0.666296E-02,-0.661808E-04,-0.674163E-11,-0.100493E-11,-0.168149E-12,536.295,13.1323,13.3071,0.500000,0,0.799416E-01,1.95754,1.98359,2.20000,0,0.133762E-01,0.327544,0.331902,2.35000,0,284.395,283.214,96559.5,1.18193,1012.48,0.244871E-01,-0.138786E-04,0.966404E-02,1263.10,1229.16,0.817648E-02,100.000,0.00000,283.582,1.09056,1.38924,0.621119E-01,1.76725,-0.222872E-12,-0.125707E-13,1.76725,6.38696,133.040,51.8681,2.01414,-9999,0.152176,0.774363,127.732,0.157361E-01,245.699,0.128945E-01,0,-9999,-9999,-9999,-9999,-9999,-9999,-9999,-0.270907E-01,1.01033,-2.30810,1.02182,-0.762063E-02,1.25411,-0.170780E-03,1.25411,0.828886E-02,1.25411,0.294212E-03,1.25411,800009000,800009100,800009000,800009000,800009000,800109000,800019111,800019111,80011,80011,80,81,13,5,0,12,148,0,0,0.877224,0.591035,0.804670E-01,0.621119E-01,0.161164E-05,0.513363E-03,0.135125E-06,-0.192875E-02,-0.423732E-05,0.205660E-03,0.729989E-05,22.0000,96.5041,0.504111,0.804114E+09,294.058
CH-CHA_201812020700.csv,2018-12-02,12:00,336.4999,1,36000,36000,-0.107193E-01,0,0.210335E-02,-3.99046,1,2.96244,-0.922857E-02,1,0.674600E-02,-0.207089E-03,1,0.151380E-03,0.412067E-02,1,0.217169E-02,0.285609E-03,0,0.514316E-04,2.21146,0.547281E-02,0.122810E-03,-0.655593E-03,-0.874332E-05,-0.217694E-12,-0.322099E-13,-0.542548E-14,533.788,13.1349,13.3098,0.800000,0,0.789791E-01,1.94344,1.96931,1.80000,0,0.133033E-01,0.327356,0.331713,1.75000,0,285.788,284.601,96559.5,1.17617,1012.51,0.246070E-01,-0.134193E-04,0.961886E-02,1263.35,1348.07,0.817812E-02,93.7159,84.7143,283.585,0.743733,0.932041,0.572446E-01,1.19378,-0.495675E-13,-0.407828E-15,1.19378,2.99351,134.863,51.4115,2.74852,-9999,0.954659E-01,0.164055,18.5577,0.108311,432.403,0.350999E-01,0,-9999,-9999,-9999,-9999,-9999,-9999,-9999,-0.105732E-01,1.01382,-3.89676,1.02844,-0.691536E-02,1.33450,-0.155180E-03,1.33450,0.308779E-02,1.33450,0.214019E-03,1.33450,800009000,800009100,800009000,800009000,800009000,800009000,800019111,811119111,80011,80011,80,80,12,3,1,3,0,0,0,0.140706,0.159987,0.274163E-01,0.134773,0.791551E-06,0.674398E-04,0.881266E-07,-0.327216E-02,-0.386915E-05,0.769886E-04,0.533619E-05,22.0000,96.5072,0.507167,0.824485E+09,294.070
CH-CHA_201812020700.csv,2018-12-02,12:30,336.5207,1,36000,36000,-0.185052E-01,1,0.411340E-02,5.49732,1,4.31895,0.476160E-02,1,0.555195E-02,0.106916E-03,1,0.124662E-03,0.751649E-02,1,0.409825E-02,0.142898E-03,1,0.540921E-04,1.02368,0.150715E-02,0.338412E-04,-0.754630E-03,-0.215070E-04,0.258651E-12,0.379476E-13,0.643675E-14,532.614,13.1357,13.3105,5.00000,0,0.781416E-01,1.92718,1.95283,0.300000,0,0.132545E-01,0.326892,0.331243,2.40000,0,286.434,285.245,96559.5,1.17352,1012.52,0.246627E-01,0.692816E-05,0.959770E-02,1263.42,1406.59,0.817858E-02,89.8216,143.168,283.585,0.703482,1.02534,0.441176E-01,1.24425,0.129894E-12,0.485626E-15,1.24425,3.25535,133.574,55.5461,2.03198,-9999,0.125575,0.438327,-30.6592,-0.655595E-01,1154.51,-0.368431E-01,0,-9999,-9999,-9999,-9999,-9999,-9999,-9999,-0.182901E-01,1.01176,5.41286,1.01990,0.397882E-02,1.19674,0.893397E-04,1.19674,0.628082E-02,1.19674,0.119406E-03,1.19674,800009000,800009100,800009000,800009000,800009000,800009110,800119111,800119111,80011,80011,80,81,5,0,7,2,0,0,0,0.395612,0.442060,0.389806E-01,0.195393,0.287746E-06,0.171081E-03,0.981380E-07,0.455547E-02,0.223257E-05,0.156956E-03,0.298392E-05,22.0000,96.5163,0.516306,0.829909E+09,294.083
CH-CHA_201812020700.csv,2018-12-02,13:00,336.5415,1,35989,35989,-0.280699E-01,0,0.416355E-02,-3.88002,1,4.17713,0.576716E-02,0,0.259406E-02,0.129361E-03,0,0.581866E-04,0.674670E-02,1,0.304343E-02,0.264235E-03,1,0.635094E-04,-1.71645,-0.232314E-02,-0.521096E-04,0.221700E-02,0.249686E-04,-0.909088E-11,-0.136681E-11,-0.226625E-12,534.583,13.1346,13.3094,4.15000,0,0.803744E-01,1.97478,2.00106,1.60000,0,0.133265E-01,0.327428,0.331786,1.75000,0,285.355,284.170,96559.5,1.17796,1012.50,0.245697E-01,0.838262E-05,0.963318E-02,1263.32,1310.04,0.817788E-02,96.4334,46.7242,283.584,1.21013,1.15223,0.782732E-01,1.67277,0.131455E-12,-0.170056E-13,1.67277,4.18245,144.876,43.5962,2.68199,-9999,0.154368,0.354516,80.6924,0.249094E-01,-672.778,0.210743E-01,0,-9999,-9999,-9999,-9999,-9999,-9999,-9999,-0.277735E-01,1.01067,-3.81053,1.02243,0.456995E-02,1.26197,0.102507E-03,1.26197,0.534615E-02,1.26197,0.209383E-03,1.26197,800009000,800009100,800009000,800009000,800009000,800009110,800019111,800019111,80011,80011,80,81,3,5,2,0,0,0,0,0.290696,0.365929,0.524073E-01,0.300314,0.233282E-06,0.670543E-04,0.925739E-07,-0.319492E-02,0.255196E-05,0.133095E-03,0.521267E-05,22.0000,96.5184,0.518381,0.821662E+09,294.087
CH-CHA_201812021300.csv,2018-12-02,13:30,336.5624,1,36000,36000,-0.161541E-01,0,0.213281E-02,-3.39031,1,1.02527,0.126010E-01,1,0.332416E-02,0.282389E-03,1,0.744945E-04,-0.231769E-02,0,0.452899E-02,0.361626E-03,0,0.494540E-04,-1.53991,0.425838E-03,0.954305E-05,0.936045E-03,0.156108E-04,0.173296E-11,0.263188E-12,0.432439E-13,536.405,13.1348,13.3096,2.95000,0,0.814650E-01,1.99480,2.02135,0.500000E-01,0,0.133854E-01,0.327762,0.332125,1.95000,0,284.390,283.209,96559.5,1.18195,1012.48,0.244866E-01,0.182988E-04,0.966602E-02,1263.33,1228.70,0.817801E-02,100.000,0.00000,283.584,1.18552,1.01521,0.634842E-01,1.56210,0.132758E-12,0.323068E-14,1.56210,3.24998,145.468,40.5748,2.32916,-9999,0.116907,0.195768,40.1119,0.501098E-01,-269.051,0.242332E-01,0,-9999,-9999,-9999,-9999,-9999,-9999,-9999,-0.159680E-01,1.01166,-3.32278,1.02442,0.979935E-02,1.28590,0.219604E-03,1.28590,-0.180239E-02,1.28590,0.281223E-03,1.28590,800009000,800019100,800009000,800009000,800009000,800009100,800019111,801119111,80101,80101,80,81,1,5,1,3,8,0,0,0.206209,0.155018,0.303091E-01,0.219303E-01,0.248141E-06,0.557745E-03,0.843371E-07,-0.277660E-02,0.544865E-05,-0.447195E-04,0.697750E-05,22.0000,96.5210,0.521028,0.822719E+09,294.086
CH-CHA_201812021300.csv,2018-12-02,14:00,336.5832,1,36000,36000,-0.435926E-01,0,0.452386E-02,-5.28672,0,1.66669,-0.109157E-01,0,0.666172E-02,-0.244642E-03,0,0.149302E-03,0.512163E-02,1,0.569679E-02,0.357543E-03,0,0.466636E-04,0.137109,0.103093E-02,0.231050E-04,-0.192204E-02,-0.198801E-04,-0.184119E-12,-0.273848E-13,-0.458833E-14,536.263,13.1353,13.3101,0.900000,0,0.797609E-01,1.95367,1.97967,2.00000,0,0.133639E-01,0.327337,0.331694,1.55000,0,284.476,283.294,96559.5,1.18160,1012.48,0.244940E-01,-0.158528E-04,0.966347E-02,1263.38,1235.76,0.817831E-02,100.000,0.00000,283.585,1.62934,1.62660,0.886142E-01,2.30400,-0.297396E-13,-0.343336E-15,2.30400,4.72087,141.684,44.9519,2.20419,-9999,0.192075,0.314363,114.083,0.176188E-01,484.321,0.230068E-01,0,-9999,-9999,-9999,-9999,-9999,-9999,-9999,-0.431237E-01,1.01087,-5.18639,1.02371,-0.860155E-02,1.26904,-0.192777E-03,1.26904,0.403582E-02,1.26904,0.281742E-03,1.26904,800009000,800009100,800009000,800009011,800009000,800009000,800019111,800019111,80000,80000,80,80,3,27,3,0,115,0,0,0.289415,0.255748,0.835631E-01,0.570041E-01,0.367640E-06,0.180787E-03,0.575524E-07,-0.433519E-02,-0.478448E-05,0.100164E-03,0.699250E-05,21.9878,96.5258,0.521207,0.826470E+09,294.085
CH-CHA_201812021300.csv,2018-12-02,14:30,336.6040,1,36000,36000,-0.536690E-01,0,0.538657E-02,-12.7596,0,2.92835,-0.266223E-01,1,0.173236E-01,-0.596817E-03,1,0.388358E-03,0.822165E-02,1,0.410875E-02,0.484790E-03,0,0.604442E-04,0.448479,0.565979E-02,0.126880E-03,-0.134572E-02,-0.379958E-05,-0.159306E-11,-0.233399E-12,-0.396818E-13,535.844,13.1380,13.3129,1.60000,0,0.785062E-01,1.92484,1.95046,2.00000,0,0.133474E-01,0.327256,0.331612,1.85000,0,284.758,283.574,96559.5,1.18043,1012.49,0.245183E-01,-0.386737E-04,0.965590E-02,1263.64,1259.12,0.818001E-02,100.000,0.00000,283.588,1.62118,1.51142,0.958001E-01,2.21851,0.440254E-13,-0.297300E-14,2.21851,5.34716,144.238,42.9935,2.47493,-9999,0.213227,0.354106,64.6669,0.310824E-01,479.284,0.500686E-01,0,24.1621,-3.66669,8.29407,20.6534,31.4978,44.1761,66.1838,-0.530632E-01,1.01142,-12.5046,1.02477,-0.207651E-01,1.28207,-0.465510E-03,1.28207,0.641279E-02,1.28207,0.378130E-03,1.28207,800009000,800009100,800009000,800009011,800009000,800009000,800019111,800019111,80111,80111,80,80,5,5,4,23,43,0,0,0.312631,0.311039,0.845419E-01,0.655239E-01,0.114706E-05,0.115322E-03,0.696929E-07,-0.104626E-01,-0.115648E-04,0.159315E-03,0.939404E-05,21.9839,96.5263,0.520225,0.847488E+09,294.081
CH-CHA_201812021300.csv,2018-12-02,15:00,336.6249,1,36000,36000,-0.322199E-01,1,0.609336E-02,-12.0298,1,7.36040,-0.613990E-02,1,0.591665E-02,-0.137850E-03,1,0.132838E-03,-0.161833E-02,2,0.365380E-02,0.196952E-03,0,0.401689E-04,2.48645,0.508289E-02,0.114118E-03,-0.769760E-03,-0.117472E-04,0.100942E-10,0.146588E-11,0.251196E-12,533.007,13.1404,13.3154,3.15000,0,0.774033E-01,1.90825,1.93366,2.25000,0,0.132640E-01,0.327002,0.331357,2.00000,0,286.327,285.137,96559.5,1.17396,1012.52,0.246534E-01,-0.893267E-05,0.960479E-02,1263.88,1396.64,0.818154E-02,90.4945,132.757,283.591,0.980559,1.13374,0.561761E-01,1.50001,0.225077E-12,0.189382E-13,1.50001,4.67979,140.538,49.1438,2.14626,-9999,0.165667,0.432899,32.1702,0.624801E-01,1959.29,0.610894E-01,0,-9999,-9999,-9999,-9999,-9999,-9999,-9999,-0.318339E-01,1.01213,-11.7820,1.02534,-0.473373E-02,1.29705,-0.106279E-03,1.29705,-0.124770E-02,1.29705,0.151846E-03,1.29705,800009100,800009100,800009000,800009011,800009000,800009000,800019111,800119111,80111,80111,80,81,1,1,2,4,402,0,0,0.555321,0.254108,0.563696E-01,0.421033,0.244491E-06,0.909720E-04,0.584275E-07,-0.991198E-02,-0.265490E-05,-0.311679E-04,0.379317E-05,21.9967,96.5230,0.521754,0.866381E+09,294.079
CH-CHA_201812021300.csv,2018-12-02,15:30,336.6457,1,36000,36000,-0.327329E-01,1,0.633284E-02,-3.95920,1,2.58474,0.257541E-01,1,0.536282E-02,0.579129E-03,1,0.120593E-03,-0.136721E-02,1,0.145927E-02,0.287779E-03,1,0.956093E-04,2.59549,0.159643E-02,0.358986E-04,0.871436E-03,-0.138560E-04,0.147380E-11,0.216130E-12,0.366400E-13,529.990,13.1412,13.3162,0.900000,0,0.777221E-01,1.92713,1.95280,0.500000E-01,0,0.131760E-01,0.326702,0.331053,1.85000,0,287.974,286.777,96559.5,1.16724,1012.55,0.247952E-01,0.375275E-04,0.955042E-02,1263.95,1555.05,0.818202E-02,81.2806,291.097,283.592,0.312279,0.818472,0.525579E-01,0.877597,-0.313579E-12,0.278081E-14,0.877597,3.25598,108.410,69.1162,3.43341,-9999,0.167460,0.438961,100.959,0.199091E-01,-153.731,0.200040E-01,0,-9999,-9999,-9999,-9999,-9999,-9999,-9999,-0.323722E-01,1.01114,-3.89309,1.02091,0.207106E-01,1.24353,0.465715E-03,1.24353,-0.109946E-02,1.24353,0.231422E-03,1.24353,800009000,800009100,800009000,800009000,800009000,800109000,800119111,810119111,80011,80011,80,81,0,1,3,0,0,0,0,0.507245,0.348590,0.220863E-01,0.161355,0.316152E-06,0.252142E-04,0.183968E-06,-0.329394E-02,0.117007E-04,-0.276230E-04,0.581426E-05,22.0000,96.5196,0.519639,0.871953E+09,294.077
CH-CHA_201812021300.csv,2018-12-02,16:00,336.6665,1,36000,36000,-0.142464E-01,1,0.308264E-02,-14.2063,1,8.75525,-0.185490E-01,1,0.576419E-02,-0.416402E-03,1,0.129399E-03,0.173642E-01,1,0.839218E-02,0.339482E-03,0,0.523553E-04,-2.81286,-0.163418E-04,-0.366854E-06,0.125097E-02,0.197986E-04,0.660118E-11,0.981583E-12,0.164326E-12,533.275,13.1412,13.3162,4.50000,0,0.792969E-01,1.95407,1.98009,5.00000,0,0.132750E-01,0.327129,0.331485,1.70000,0,286.200,285.010,96559.5,1.17448,1012.52,0.246425E-01,-0.269829E-04,0.960961E-02,1263.95,1385.03,0.818202E-02,91.2579,121.081,283.592,0.768285,1.19635,0.566996E-01,1.42293,0.135748E-12,0.123786E-13,1.42293,4.31742,131.125,57.2918,2.28367,-9999,0.110136,0.367212,8.00414,0.251120,765.881,0.108468,0,-9999,-9999,-9999,-9999,-9999,-9999,-9999,-0.139762E-01,1.01933,-13.7138,1.04031,-0.126239E-01,1.46936,-0.283390E-03,1.46936,0.118175E-01,1.46936,0.231041E-03,1.46936,800009000,800009100,800009000,800009011,800009000,800109000,800119111,810119111,80111,80111,80,81,12,5,5,9,101,0,0,0.409545,0.288885,0.359940E-01,1.24641,0.379858E-06,0.991640E-03,0.887583E-07,-0.115321E-01,-0.707606E-05,0.295075E-03,0.576894E-05,21.9900,96.5221,0.518398,0.871786E+09,294.097
CH-CHA_201812021300.csv,2018-12-02,16:30,336.6873,1,36000,36000,-0.479374E-01,0,0.561765E-02,-13.9996,0,3.93600,0.118322E-01,0,0.974144E-02,0.265212E-03,0,0.218349E-03,-0.456422E-02,1,0.484045E-02,0.128296E-03,1,0.525546E-04,-2.55717,-0.761034E-03,-0.170581E-04,0.212346E-02,0.176571E-04,0.594054E-11,0.903926E-12,0.148055E-12,536.265,13.1408,13.3158,0.200000,0,0.815992E-01,1.99954,2.02616,0.500000E-01,0,0.133652E-01,0.327507,0.331868,1.75000,0,284.596,283.413,96559.5,1.18110,1012.49,0.245044E-01,0.171857E-04,0.966349E-02,1263.92,1245.63,0.818179E-02,100.000,0.00000,283.591,1.21386,1.82190,0.985033E-01,2.19146,0.541364E-13,0.110776E-13,2.19146,4.83750,130.494,56.3259,2.57625,-9999,0.201463,0.318808,49.7119,0.404329E-01,-1183.18,0.581091E-01,0,24.4121,-3.70464,8.37990,20.8671,31.8237,44.6332,66.8686,-0.473773E-01,1.01182,-13.7068,1.02560,0.916002E-02,1.29172,0.205317E-03,1.29172,-0.353344E-02,1.29172,0.993222E-04,1.29172,800009000,800009100,800009000,800009011,800009000,800009000,800019111,800019111,80111,80111,80,80,2,1,1,0,0,0,0,0.338116,0.225946,0.735528E-01,0.115192,0.532907E-06,0.146190E-03,0.765378E-07,-0.114619E-01,0.509789E-05,-0.877331E-04,0.246611E-05,21.9861,96.5228,0.517637,0.869412E+09,294.084
CH-CHA_201812021300.csv,2018-12-02,17:00,336.7082,0,36000,36000,-0.355119E-01,0,0.501367E-02,-14.9242,0,4.04779,0.471273E-02,0,0.110719E-01,0.105681E-03,0,0.248283E-03,0.646474E-02,0,0.501199E-02,0.393936E-03,0,0.856853E-04,0.762544,0.725517E-02,0.162695E-03,-0.254477E-02,-0.295757E-05,-0.124765E-11,-0.184615E-12,-0.310808E-13,535.505,13.1443,13.3194,4.20000,0,0.792384E-01,1.94496,1.97086,1.80000,0,0.133402E-01,0.327443,0.331805,1.95000,0,285.075,283.890,96559.5,1.17911,1012.50,0.245456E-01,0.684816E-05,0.964981E-02,1264.25,1285.92,0.818397E-02,98.3152,21.6656,283.595,1.17495,1.39313,0.813978E-01,1.82427,-0.804195E-13,-0.232986E-14,1.82427,4.73855,135.877,49.8560,2.55736,-9999,0.173544,0.274264,29.8082,0.674311E-01,-3166.78,0.720327E-01,0,-9999,-9999,-9999,-9999,-9999,-9999,-9999,-0.350704E-01,1.01259,-14.5954,1.02680,0.359651E-02,1.31036,0.806506E-04,1.31036,0.493356E-02,1.31036,0.300632E-03,1.31036,800009000,800009100,800009000,800009000,800009000,800009000,800019111,800119111,80011,80011,80,80,5,11,2,0,34,0,0,0.273806,0.204219,0.705026E-01,0.120994,0.143111E-05,0.172976E-03,0.915108E-07,-0.122254E-01,0.200588E-05,0.122704E-03,0.747710E-05,22.0000,96.5168,0.516750,0.895877E+09,294.072
CH-CHA_201812021300.csv,2018-12-02,17:30,336.7290,0,36000,36000,-0.100666E-01,1,0.178526E-02,-6.96755,0,2.17487,-0.200699E-01,1,0.699718E-02,-0.450182E-03,1,0.156951E-03,0.918970E-03,2,0.151885E-02,0.324186E-03,0,0.754114E-04,0.445200,0.536599E-02,0.120363E-03,-0.949099E-03,-0.174239E-04,0.203152E-12,0.297395E-13,0.505401E-14,535.085,13.1469,13.3221,4.50000,0,0.783313E-01,1.92458,1.95022,1.85000,0,0.133119E-01,0.327069,0.331426,1.90000,0,285.355,284.169,96559.5,1.17795,1012.51,0.245698E-01,-0.291718E-04,0.964223E-02,1264.50,1309.98,0.818558E-02,96.5277,45.4863,283.598,0.845013,0.813986,0.448261E-01,1.17415,0.379449E-13,0.379662E-15,1.17415,2.59010,143.968,43.9286,2.18794,-9999,0.924439E-01,0.160300,9.65059,0.208277,347.164,0.631939E-01,0,-9999,-9999,-9999,-9999,-9999,-9999,-9999,-0.989358E-02,1.01749,-6.75318,1.03620,-0.140932E-01,1.42409,-0.316120E-03,1.42409,0.645305E-03,1.42409,0.227645E-03,1.42409,800009000,800009100,800009000,800009000,800009000,800019000,801119111,811119111,80011,80011,80,80,0,8,3,1,101,0,0,0.171051,0.125818,0.237302E-01,0.100689,0.523664E-06,0.903567E-04,0.160631E-06,-0.566215E-02,-0.787006E-05,0.160654E-04,0.566741E-05,22.0000,96.5166,0.516639,0.915850E+09,294.069
CH-CHA_201812021300.csv,2018-12-02,18:00,336.7498,0,36000,36000,0.253731E-02,2,0.237648E-02,-13.3649,1,2.52235,-0.714226E-01,1,0.818079E-02,-0.160221E-02,1,0.183518E-03,0.280873E-01,1,0.294301E-02,0.142729E-02,1,0.106848E-03,0.157155,0.264093E-02,0.592434E-04,0.280681E-03,-0.109177E-04,-0.476480E-11,-0.699638E-12,-0.118442E-12,534.951,13.1482,13.3234,3.15000,0,0.785494E-01,1.93061,1.95633,1.75000,0,0.132977E-01,0.326835,0.331189,1.95000,0,285.454,284.268,96559.5,1.17754,1012.51,0.245783E-01,-0.103823E-03,0.963982E-02,1264.62,1318.58,0.818637E-02,95.9079,53.9576,283.600,0.203313,1.07697,0.199324E-01,1.09617,-0.692903E-13,-0.890698E-14,1.09617,2.63215,109.244,79.3094,1.04190,-9999,0.464193E-01,0.202718,0.636984,3.15549,187.125,0.241485,0,-9999,-9999,-9999,-9999,-9999,-9999,-9999,0.231561E-02,1.09574,-11.3002,1.18782,-0.218727E-01,3.26538,-0.490665E-03,3.26538,0.860156E-02,3.26538,0.437100E-03,3.26538,800009000,800009100,800009000,800009000,800009000,800109010,811119111,811119111,80011,80011,80,80,3,1,4,2,0,0,0,0.207259,0.179557,0.186191E-01,0.135968,0.672355E-06,0.156036E-03,0.248397E-06,-0.947779E-02,-0.122197E-04,0.214217E-03,0.108857E-04,22.0000,96.5161,0.516083,0.925402E+09,294.083
CH-CHA_201812021300.csv,2018-12-02,18:30,336.7707,0,36000,36000,-0.193251E-01,1,0.514177E-02,-6.80416,0,1.45574,-0.106692E-01,1,0.101351E-01,-0.239394E-03,1,0.227410E-03,-0.392795E-01,1,0.204834E-01,-0.208735E-03,1,0.103575E-03,0.380294,-0.193628E-02,-0.434460E-04,0.544831E-02,0.321382E-04,0.341265E-11,0.531529E-12,0.850162E-13,534.465,13.1472,13.3224,4.20000,0,0.832443E-01,2.04772,2.07500,1.95000,0,0.133146E-01,0.327525,0.331889,4.80000,0,285.694,284.506,96559.5,1.17656,1012.51,0.245989E-01,-0.155128E-04,0.963106E-02,1264.53,1339.60,0.818579E-02,94.3965,75.0648,283.599,0.717091,0.500640,0.472572E-01,0.875838,0.294284E-12,0.638517E-14,0.875838,4.33289,158.045,34.9210,3.09299,-9999,0.128160,0.599456,26.3323,0.763322E-01,637.739,0.445663E-01,0,-9999,-9999,-9999,-9999,-9999,-9999,-9999,-0.190774E-01,1.01298,-6.66312,1.02552,-0.821545E-02,1.29867,-0.184338E-03,1.29867,-0.302459E-01,1.29867,-0.160729E-03,1.29867,800009000,800009100,800009000,800009000,810009000,810109000,810119111,811119111,80100,80100,80,81,12,2,1,0,39,0,0,0.523064,0.650509,0.253385E-01,0.461349E-01,0.932726E-06,0.650275E-02,0.213459E-06,-0.559323E-02,-0.459467E-05,-0.753887E-03,-0.400622E-05,22.0000,96.5138,0.513806,0.918443E+09,294.085
CH-CHA_201812021300.csv,2018-12-02,19:00,336.7915,0,35989,35989,-0.413695E-02,1,0.111809E-02,-1.37994,0,0.542312,0.146304E-01,1,0.640015E-02,0.328282E-03,1,0.143609E-03,-0.138819E-01,2,0.102558E-01,0.311139E-03,0,0.119387E-03,0.327689E-01,-0.272229E-02,-0.610836E-04,0.271717E-03,0.101809E-04,-0.202551E-12,-0.316410E-13,-0.504985E-14,534.373,13.1459,13.3210,1.10000,0,0.834757E-01,2.05356,2.08091,3.95000,0,0.133226E-01,0.327744,0.332110,2.25000,0,285.714,284.527,96559.5,1.17647,1012.51,0.246007E-01,0.212727E-04,0.962940E-02,1264.41,1341.42,0.818497E-02,94.2587,77.0156,283.597,0.409870,0.447585,0.221440E-01,0.607302,-0.201302E-12,-0.379044E-15,0.607302,1.82738,142.935,47.5185,2.08963,-9999,0.592992E-01,0.163576,12.8614,0.156282,-94.3201,0.195357E-01,0,-9999,-9999,-9999,-9999,-9999,-9999,-9999,-0.407004E-02,1.01644,-1.34221,1.03193,0.106946E-01,1.36802,0.239968E-03,1.36802,-0.101474E-01,1.36802,0.227437E-03,1.36802,800009000,800009100,800009000,800009000,800009000,800109000,811119111,811119111,80101,80101,80,81,5,1,5,12,188,0,0,0.169222,0.147813,0.101157E-01,0.261864E-01,0.636233E-06,0.271301E-02,0.599636E-06,-0.112677E-02,0.598171E-05,-0.252945E-03,0.566934E-05,22.0000,96.5073,0.507322,0.908292E+09,294.083
CH-CHA_201812021900.csv,2018-12-02,19:30,336.8123,0,36000,36000,0.384888E-02,2,0.496280E-02,2.86557,2,4.04944,-0.135630E-02,2,0.172671E-02,-0.304354E-04,2,0.387476E-04,-0.784299E-02,2,0.472804E-02,0.400975E-03,1,0.846150E-04,0.127953,0.200634E-02,0.450224E-04,-0.287793E-03,0.418298E-06,0.123332E-11,0.192065E-12,0.307467E-13,534.262,13.1469,13.3220,0.100000,0,0.832007E-01,2.04737,2.07465,0.500000E-01,0,0.133192E-01,0.327753,0.332120,2.85000,0,285.795,284.607,96559.5,1.17614,1012.52,0.246076E-01,-0.197221E-05,0.962739E-02,1264.50,1348.57,0.818557E-02,93.7659,84.0714,283.598,0.184953,0.566612,0.152418E-01,0.596229,-0.145493E-12,0.230845E-14,0.596229,2.03261,113.136,71.9224,1.46485,-9999,0.572054E-01,0.193915,-5.56037,-0.361487,-2112.79,-0.420641E-01,0,-9999,-9999,-9999,-9999,-9999,-9999,-9999,0.378469E-02,1.01696,2.81443,1.02241,-0.113420E-02,1.19582,-0.254516E-04,1.19582,-0.655869E-02,1.19582,0.335315E-03,1.19582,800009000,800009100,800009000,800009011,800009000,800119100,810119111,811119111,80000,80000,80,81,7,12,6,6,341,0,0,0.256673,0.113426,0.177295E-01,0.164423,0.164756E-06,0.228611E-03,0.126096E-06,0.236336E-02,-0.634613E-06,-0.163535E-03,0.836079E-05,21.9678,96.5156,0.503506,0.915914E+09,294.107
CH-CHA_201812021900.csv,2018-12-02,20:00,336.8331,0,36000,36000,-0.704944E-02,0,0.131276E-02,-2.43383,1,2.64309,0.244148E-02,1,0.248932E-02,0.547422E-04,1,0.558148E-04,-0.707229E-02,1,0.904197E-02,0.622272E-03,0,0.199456E-03,-1.36721,-0.163477E-02,-0.366544E-04,0.438282E-02,0.315815E-04,0.134779E-11,0.219536E-12,0.336718E-13,535.839,13.1461,13.3212,4.45000,0,0.872810E-01,2.14133,2.16985,0.500000E-01,0,0.133869E-01,0.328430,0.332805,2.65000,0,284.936,283.752,96559.5,1.17969,1012.50,0.245337E-01,0.354730E-05,0.965583E-02,1264.42,1274.11,0.818508E-02,99.2398,9.68591,283.597,0.811138,0.466478,0.458804E-01,0.936831,0.156571E-13,0.251528E-14,0.936831,2.80922,159.573,29.9028,2.80713,-9999,0.773026E-01,0.122324,16.1543,0.124425,-996.864,0.263593E-01,0,-9999,-9999,-9999,-9999,-9999,-9999,-9999,-0.694836E-02,1.01455,-2.37425,1.02935,0.181634E-02,1.34417,0.407255E-04,1.34417,-0.526144E-02,1.34417,0.462940E-03,1.34417,800009000,800009100,800009000,800009000,800109000,800109011,810119111,811119111,80101,80101,80,80,18,12,2,1,1,0,0,0.102576,0.126125,0.159465E-01,0.312447,0.463745E-06,0.484562E-02,0.117165E-05,-0.198776E-02,0.101240E-05,-0.130795E-03,0.115083E-04,22.0000,96.5078,0.507833,0.909594E+09,294.083
CH-CHA_201812021900.csv,2018-12-02,20:30,336.8540,0,36000,36000,-0.106031E-01,1,0.282482E-02,-6.45247,1,3.28035,-0.375123E-02,2,0.376420E-02,-0.840915E-04,2,0.843822E-04,0.198966E-01,0,0.134114E-01,0.466399E-03,0,0.141881E-03,-0.348803,0.101429E-02,0.227373E-04,-0.111713E-02,0.211563E-05,-0.152214E-11,-0.245156E-12,-0.380315E-13,536.271,13.1466,13.3217,4.50000,0,0.863720E-01,2.11740,2.14560,2.40000,0,0.133991E-01,0.328476,0.332852,2.10000,0,284.718,283.534,96559.5,1.18059,1012.50,0.245148E-01,-0.544913E-05,0.966360E-02,1264.47,1255.72,0.818539E-02,100.000,0.00000,283.598,0.762447,0.734532E-01,0.391917E-01,0.766979,0.386299E-13,-0.283837E-14,0.766979,2.61469,184.448,5.50282,2.92902,-9999,0.947692E-01,0.395290,11.2272,0.179030,1720.09,0.569593E-01,0,-9999,-9999,-9999,-9999,-9999,-9999,-9999,-0.104290E-01,1.01670,-6.26997,1.03345,-0.269939E-02,1.38966,-0.605122E-04,1.38966,0.143176E-01,1.38966,0.335621E-03,1.38966,800009000,800009100,800009000,800009011,800009000,800109010,810119111,811119111,80000,80000,80,81,6,5,1,0,184,0,0,0.257220,0.517411,0.159484E-01,0.261812,0.744015E-06,0.386262E-02,0.510019E-06,-0.524532E-02,-0.150313E-05,0.355652E-03,0.833687E-05,21.9972,96.5178,0.516738,0.913550E+09,294.081
CH-CHA_201812021900.csv,2018-12-02,21:00,336.8748,0,36000,36000,-0.135254E-01,1,0.251334E-02,-3.53839,0,2.04725,-0.433496E-02,0,0.924590E-02,-0.971661E-04,0,0.207242E-03,-0.136203E-01,2,0.203175E-01,0.438209E-03,1,0.207529E-03,-0.188024,0.301550E-02,0.675910E-04,-0.119081E-02,-0.216447E-04,0.138038E-11,0.219623E-12,0.344372E-13,536.552,13.1480,13.3232,4.45000,0,0.853672E-01,2.09190,2.11977,0.400000,0,0.133857E-01,0.328012,0.332382,2.30000,0,284.600,283.416,96559.5,1.18108,1012.49,0.245047E-01,-0.629636E-05,0.966867E-02,1264.61,1245.90,0.818629E-02,100.000,0.00000,283.600,0.801194,0.991070,0.574571E-01,1.27571,0.869101E-13,0.257269E-14,1.27571,3.20687,136.286,51.0475,2.58144,-9999,0.107013,0.191744,29.4776,0.681874E-01,816.243,0.276502E-01,0,-9999,-9999,-9999,-9999,-9999,-9999,-9999,-0.133609E-01,1.01231,-3.46574,1.02530,-0.334032E-02,1.29777,-0.748717E-04,1.29777,-0.104952E-01,1.29777,0.337664E-03,1.29777,800009000,800009100,800009000,800009000,800009000,800119010,811119111,811119111,80011,80011,80,81,1,5,2,0,0,0,0,0.233038,0.122638,0.278126E-01,0.139204,0.850021E-06,0.715102E-02,0.937372E-06,-0.289817E-02,-0.185906E-05,-0.260593E-03,0.838415E-05,22.0000,96.5194,0.519444,0.924360E+09,294.072
CH-CHA_201812021900.csv,2018-12-02,21:30,336.8956,0,36000,36000,-0.133821E-01,1,0.300864E-02,-6.85127,0,2.84769,-0.386083E-02,1,0.842269E-02,-0.865643E-04,1,0.188846E-03,0.148257E-01,0,0.767272E-02,0.236969E-03,1,0.135245E-03,0.494664,0.466470E-02,0.104588E-03,-0.892319E-03,-0.243045E-04,0.120150E-11,0.189383E-12,0.299219E-13,536.058,13.1503,13.3255,4.40000,0,0.844944E-01,2.07277,2.10039,2.60000,0,0.133498E-01,0.327491,0.331855,1.95000,0,284.911,283.726,96559.5,1.17979,1012.50,0.245315E-01,-0.560937E-05,0.965977E-02,1264.82,1271.89,0.818768E-02,99.4440,7.07146,283.602,0.392371,0.857781,0.299614E-01,0.943738,0.811477E-13,0.224137E-14,0.943738,3.16134,125.395,65.4195,1.81931,-9999,0.106503,0.192522,15.0074,0.133934,1774.56,0.538529E-01,0,-9999,-9999,-9999,-9999,-9999,-9999,-9999,-0.131860E-01,1.01488,-6.67919,1.03009,-0.285372E-02,1.35291,-0.639836E-04,1.35291,0.109584E-01,1.35291,0.175154E-03,1.35291,800009000,800009100,800009000,800009000,800009000,800119000,810119111,811119111,80110,80110,80,81,9,7,1,0,14,0,0,0.210722,0.151799,0.225237E-01,0.134770,0.572789E-06,0.853550E-03,0.429452E-06,-0.559141E-02,-0.159044E-05,0.272393E-03,0.435382E-05,22.0000,96.5208,0.520833,0.941354E+09,294.074
CH-CHA_201812021900.csv,2018-12-02,22:00,336.9165,0,36000,36000,-0.174276E-01,0,0.285370E-02,-11.0610,0,3.00872,-0.630179E-02,1,0.750123E-02,-0.141321E-03,1,0.168219E-03,0.976372E-02,1,0.456001E-02,0.650650E-03,0,0.894740E-04,0.328850,0.287519E-02,0.644777E-04,-0.537894E-03,-0.179212E-04,-0.247612E-11,-0.388076E-12,-0.615857E-13,535.726,13.1517,13.3269,4.75000,0,0.839631E-01,2.06123,2.08870,1.95000,0,0.133245E-01,0.327107,0.331466,2.00000,0,285.117,283.932,96559.5,1.17894,1012.51,0.245493E-01,-0.915761E-05,0.965378E-02,1264.95,1289.45,0.818855E-02,98.1004,24.4941,283.604,0.498631,1.24750,0.523042E-01,1.34448,0.337935E-12,-0.462199E-14,1.34448,3.47565,116.352,68.2132,2.22953,-9999,0.121583,0.273554,13.8301,0.145335,1755.21,0.762134E-01,0,-9999,-9999,-9999,-9999,-9999,-9999,-9999,-0.171656E-01,1.01527,-10.7653,1.03180,-0.459092E-02,1.37266,-0.102954E-03,1.37266,0.711297E-02,1.37266,0.474006E-03,1.37266,800009000,800009100,800009000,800009011,800009000,800009000,800009111,800119111,80000,80000,80,81,1,5,0,0,0,0,0,0.207430,0.306507,0.331713E-01,0.153907,0.613774E-06,0.329261E-03,0.170716E-06,-0.901854E-02,-0.256099E-05,0.176936E-03,0.117910E-04,21.9844,96.5266,0.520766,0.951996E+09,294.066
CH-CHA_201812021900.csv,2018-12-02,22:30,336.9373,0,36000,36000,-0.659530E-02,1,0.100432E-02,-2.62779,1,1.53757,0.170535E-01,1,0.657038E-02,0.382406E-03,1,0.147334E-03,-0.405805E-01,1,0.137320E-01,0.266809E-03,0,0.104014E-03,-0.119847,-0.172741E-02,-0.387353E-04,0.594519E-02,0.616322E-04,0.254686E-11,0.423880E-12,0.636052E-13,535.834,13.1508,13.3261,0.250000,0,0.891802E-01,2.18873,2.21790,0.500000E-01,0,0.133819E-01,0.328428,0.332805,2.20000,0,285.042,283.857,96559.5,1.17925,1012.51,0.245428E-01,0.247799E-04,0.965572E-02,1264.88,1283.03,0.818803E-02,98.5851,18.1530,283.603,0.799493,0.206273,0.287010E-01,0.826173,-0.679925E-13,0.475308E-14,0.826173,2.10504,172.422,14.4671,1.99084,-9999,0.747850E-01,0.122287,13.5472,0.148370,-154.091,0.294289E-01,0,-9999,-9999,-9999,-9999,-9999,-9999,-9999,-0.649438E-02,1.01554,-2.55839,1.03113,0.125048E-01,1.36375,0.280408E-03,1.36375,-0.297566E-01,1.36375,0.195643E-03,1.36375,800009000,800009100,800009000,800009011,800009000,800109000,811119111,811119111,80111,80111,80,81,2,9,2,0,0,0,0,0.141790,0.944111E-01,0.837316E-02,0.793114E-01,0.753962E-06,0.482977E-02,0.530484E-06,-0.214271E-02,0.697333E-05,-0.740002E-03,0.486536E-05,22.0000,96.5203,0.520250,0.945743E+09,294.069
CH-CHA_201812021900.csv,2018-12-02,23:00,336.9581,0,36000,36000,-0.151114E-02,2,0.613754E-03,-0.352682E-01,2,0.325481,0.203402E-02,2,0.303523E-02,0.456146E-04,2,0.680676E-04,0.470561E-02,2,0.516899E-02,0.434739E-03,1,0.120718E-03,0.142105,-0.688415E-03,-0.154383E-04,-0.123710E-02,0.615149E-04,-0.111700E-11,-0.183655E-12,-0.280086E-13,535.652,13.1505,13.3258,4.55000,0,0.880713E-01,2.16219,2.19100,2.10000,0,0.134314E-01,0.329748,0.334142,2.00000,0,285.131,283.945,96559.5,1.17888,1012.51,0.245505E-01,0.295583E-05,0.965246E-02,1264.84,1290.65,0.818782E-02,98.0007,25.8035,283.602,0.592793,0.380836,0.282836E-01,0.705152,0.799005E-13,-0.208530E-14,0.705152,1.89710,154.613,32.7185,2.29875,-9999,0.358028E-01,0.687333E-01,110.756,0.181480E-01,-17.3392,0.825275E-03,0,-9999,-9999,-9999,-9999,-9999,-9999,-9999,-0.149357E-02,1.01176,-0.345908E-01,1.02097,0.163990E-02,1.24033,0.367761E-04,1.24033,0.379383E-02,1.24033,0.350502E-03,1.24033,800009000,800009100,800009000,800009000,800009000,800109000,811119111,811119111,80101,80101,80,81,8,3,0,0,6,0,0,0.810677E-01,0.494866E-01,0.691222E-02,0.132868,0.380142E-06,0.202089E-02,0.101012E-05,-0.289797E-04,0.914854E-06,0.943766E-04,0.871920E-05,22.0000,96.5204,0.520389,0.943161E+09,294.078
CH-CHA_201812021900.csv,2018-12-02,23:30,336.9790,0,36000,36000,0.249886E-02,2,0.960561E-03,-6.25761,1,1.45608,0.599961E-02,1,0.211960E-02,0.134587E-03,1,0.475482E-04,-0.110682E-01,2,0.298875E-02,0.574201E-03,0,0.621108E-04,0.505392,0.575918E-03,0.129194E-04,0.268103E-03,-0.474859E-04,-0.247743E-13,-0.408411E-14,-0.619279E-15,535.067,13.1508,13.3260,0.500000E-01,0,0.882075E-01,2.16795,2.19684,0.500000E-01,0,0.133750E-01,0.328728,0.333109,1.95000,0,285.449,284.262,96559.5,1.17757,1012.51,0.245778E-01,0.872125E-05,0.964191E-02,1264.87,1318.10,0.818799E-02,95.9618,53.2270,283.603,0.711676,0.381355,0.277592E-01,0.807889,0.313885E-13,-0.463012E-16,0.807889,2.00544,164.237,28.1848,1.96908,-9999,0.460658E-01,0.109389,1.32962,1.51171,-1043.00,0.113932,0,-9999,-9999,-9999,-9999,-9999,-9999,-9999,0.236653E-02,1.05592,-5.64865,1.11242,0.258866E-02,2.31765,0.580706E-04,2.31765,-0.477563E-02,2.31765,0.247752E-03,2.31765,800009000,800009100,800009000,800009011,800009000,800109000,811119111,811119111,80000,80000,80,80,0,0,5,0,193,0,0,0.127375,0.867630E-01,0.463921E-02,0.175958,0.318844E-06,0.219254E-02,0.596130E-06,-0.473760E-02,0.144619E-05,-0.118933E-03,0.617003E-05,22.0000,96.5182,0.518194,0.945269E+09,294.053
CH-CHA_201812021900.csv,2018-12-03,00:00,337.0000,0,36000,36000,-0.132203E-01,0,0.216769E-02,2.02441,2,4.35022,0.201700E-01,2,0.119944E-01,0.452633E-03,2,0.269165E-03,-0.174782E-01,2,0.166290E-01,0.656245E-03,0,0.153865E-03,0.612450,0.492338E-02,0.110485E-03,-0.210674E-02,-0.281124E-04,-0.209699E-11,-0.338410E-12,-0.523124E-13,534.441,13.1532,13.3285,1.05000,0,0.862475E-01,2.12264,2.15093,5.00000,0,0.133324E-01,0.328124,0.332497,1.90000,0,285.835,284.646,96559.5,1.17598,1012.52,0.246111E-01,0.293306E-04,0.963063E-02,1265.10,1352.10,0.818948E-02,93.5657,86.9979,283.605,0.884639,0.971115,0.571101E-01,1.31488,0.814893E-13,-0.392371E-14,1.31488,2.93506,137.090,47.6680,2.48935,-9999,0.106028,0.165183,-50.1149,-0.401078E-01,100.368,-0.160352E-01,0,-9999,-9999,-9999,-9999,-9999,-9999,-9999,-0.130694E-01,1.01155,1.99425,1.01990,0.168448E-01,1.19740,0.378012E-03,1.19740,-0.145968E-01,1.19740,0.548057E-03,1.19740,800009000,800009100,800009000,800009000,800009010,800009010,800109111,800109111,80101,80101,80,80,8,7,7,0,8,0,0,0.177822,0.127442,0.251026E-01,0.608485,0.127819E-05,0.445517E-02,0.533917E-06,0.167486E-02,0.942679E-05,-0.364011E-03,0.136673E-04,22.0000,96.5169,0.516944,0.963618E+09,294.079
CH-CHA_201812021900.csv,2018-12-03,00:30,337.0208,0,36000,36000,-0.244704E-01,1,0.539375E-02,-4.66304,1,7.27540,-0.730607E-02,2,0.569699E-02,-0.164022E-03,2,0.127898E-03,-0.589831E-02,2,0.112228E-01,0.364829E-03,1,0.750782E-04,0.675946,0.969747E-03,0.217709E-04,-0.965477E-03,-0.239003E-04,0.680386E-11,0.108720E-11,0.169459E-12,533.664,13.1536,13.3290,5.00000,0,0.852754E-01,2.10185,2.12987,5.00000,0,0.132916E-01,0.327609,0.331976,2.35000,0,286.262,285.071,96559.5,1.17422,1012.53,0.246478E-01,-0.106286E-04,0.961662E-02,1265.14,1390.57,0.818977E-02,90.9801,125.428,283.606,1.05169,0.599234,0.512833E-01,1.21151,-0.387857E-13,0.127493E-13,1.21151,2.97585,150.227,29.6738,2.42606,-9999,0.144359,0.399993,54.9127,0.366035E-01,638.242,0.271685E-01,0,-9999,-9999,-9999,-9999,-9999,-9999,-9999,-0.242004E-01,1.01116,-4.57987,1.02251,-0.577534E-02,1.26505,-0.129657E-03,1.26505,-0.466253E-02,1.26505,0.288392E-03,1.26505,800009000,800009100,800009000,800009000,800009000,800019010,801109111,801109111,80111,80111,80,81,2,12,2,2,0,0,0,0.626295,0.149961,0.237304E-01,1.24089,0.458287E-06,0.236662E-02,0.199541E-06,-0.385208E-02,-0.323818E-05,-0.116447E-03,0.720259E-05,22.0000,96.5170,0.517028,0.967109E+09,294.071
CH-CHA_201812021900.csv,2018-12-03,01:00,337.0416,0,35989,35989,-0.368973E-01,1,0.540444E-02,1.46316,2,6.22120,-0.363860E-01,1,0.577944E-02,-0.817084E-03,1,0.129783E-03,-0.547556E-02,2,0.238253E-02,0.770080E-03,1,0.111785E-03,0.439729,0.315399E-02,0.708260E-04,-0.313198E-02,-0.288230E-04,0.201793E-10,0.312056E-11,0.501582E-12,533.208,13.1552,13.3305,4.75000,0,0.824560E-01,2.03433,2.06145,4.25000,0,0.132535E-01,0.326988,0.331347,2.30000,0,286.539,285.347,96559.5,1.17309,1012.53,0.246717E-01,-0.529470E-04,0.960842E-02,1265.29,1416.14,0.819072E-02,89.3478,150.850,283.608,0.465599,0.455108,0.495738E-01,0.652965,0.235107E-12,0.378451E-13,0.652965,2.57948,121.753,44.3472,4.35414,-9999,0.177351,0.337901,-324.499,-0.619417E-02,-40.2123,-0.694579E-02,0,-9999,-9999,-9999,-9999,-9999,-9999,-9999,-0.363142E-01,1.01606,1.43602,1.02187,-0.304417E-01,1.19527,-0.683600E-03,1.19527,-0.458104E-02,1.19527,0.644275E-03,1.19527,800009000,800009100,800009000,800009011,800009000,800109001,811109111,811109111,80000,80000,80,81,1,2,0,0,0,0,0,0.441876,0.215632,0.182933E-01,1.01107,0.335178E-06,0.835944E-04,0.228519E-06,0.120899E-02,-0.170895E-04,-0.114523E-03,0.161064E-04,21.9856,96.5227,0.517254,0.978560E+09,294.062
CH-CHA_201812030100.csv,2018-12-03,01:30,337.0624,0,36000,36000,-0.564906E-01,1,0.906485E-02,-6.23783,1,4.43966,-0.297049E-01,1,0.749097E-02,-0.666919E-03,1,0.168184E-03,-0.223154E-02,2,0.527008E-02,0.146119E-02,1,0.367835E-03,-0.333358,-0.314530E-02,-0.706167E-04,0.114344E-02,0.527588E-04,-0.904660E-11,-0.141608E-11,-0.225672E-12,533.539,13.1536,13.3290,3.60000,0,0.835158E-01,2.05896,2.08641,0.500000E-01,0,0.133094E-01,0.328124,0.332498,1.95000,0,286.329,285.138,96559.5,1.17395,1012.53,0.246536E-01,-0.432164E-04,0.961437E-02,1265.14,1396.73,0.818977E-02,90.5788,131.589,283.606,0.738737,0.616919,0.585889E-01,0.964237,-0.351550E-12,-0.169558E-13,0.964237,3.70830,136.998,39.8653,3.48355,-9999,0.219363,0.545424,144.034,0.139550E-01,209.993,0.239229E-01,0,44.0155,-6.67953,15.1091,37.6238,57.3787,80.4744,120.565,-0.558907E-01,1.01073,-6.14023,1.02040,-0.239866E-01,1.23840,-0.538535E-03,1.23840,-0.180196E-02,1.23840,0.117990E-02,1.23840,800009000,800009100,800009000,800009011,800009000,800109010,800109111,800109111,80111,80111,80,81,11,15,0,1,10,0,0,0.919599,0.151272,0.199773E-01,0.894371,0.431826E-06,0.208728E-02,0.203652E-05,-0.516569E-02,-0.134531E-04,-0.450146E-04,0.294751E-04,21.9928,96.5181,0.515353,0.967029E+09,294.068
CH-CHA_201812030100.csv,2018-12-03,02:00,337.0833,0,36000,36000,-0.364221E-01,0,0.502800E-02,-1.61524,0,3.49199,0.689491E-02,2,0.516947E-02,0.154901E-03,2,0.116137E-03,0.832459E-02,1,0.554763E-02,0.546747E-03,0,0.829422E-04,1.07083,0.658843E-02,0.148016E-03,-0.184276E-02,-0.929182E-04,-0.248463E-11,-0.381315E-12,-0.615864E-13,532.408,13.1568,13.3322,3.00000,0,0.817084E-01,2.01917,2.04609,2.05000,0,0.131968E-01,0.326118,0.330466,1.95000,0,287.006,285.812,96559.5,1.17118,1012.54,0.247119E-01,0.100376E-04,0.959400E-02,1265.45,1460.07,0.819176E-02,86.6706,194.618,283.610,1.70733,0.935184,0.740815E-01,1.94808,-0.731375E-13,-0.466677E-14,1.94808,4.29271,159.796,28.7116,2.17936,-9999,0.176348,0.398965,288.994,0.695515E-02,-234.266,0.772379E-02,0,-9999,-9999,-9999,-9999,-9999,-9999,-9999,-0.360596E-01,1.01005,-1.58758,1.02148,0.552329E-02,1.24833,0.124086E-03,1.24833,0.666856E-02,1.24833,0.437981E-03,1.24833,800009000,800009100,800009000,800009000,800009000,800019010,800009111,800009111,80001,80001,80,81,4,7,2,0,84,0,0,0.488892,0.253632,0.554056E-01,1.26224,0.444855E-06,0.352169E-03,0.119153E-06,-0.133875E-02,0.310713E-05,0.166981E-03,0.109671E-04,22.0000,96.5091,0.509083,0.991333E+09,294.052
CH-CHA_201812030100.csv,2018-12-03,02:30,337.1041,0,36000,36000,-0.650956E-01,0,0.791442E-02,-13.1610,0,8.92725,0.161518E-01,1,0.655257E-02,0.362963E-03,1,0.147250E-03,0.129221E-01,1,0.665655E-02,0.458414E-03,0,0.993493E-04,0.441789,-0.474639E-04,-0.106661E-05,0.101104E-02,0.965836E-05,-0.268508E-11,-0.416539E-12,-0.665977E-13,531.889,13.1568,13.3322,2.10000,0,0.825123E-01,2.04102,2.06824,3.40000,0,0.131924E-01,0.326327,0.330677,2.20000,0,287.286,286.091,96559.5,1.17004,1012.55,0.247360E-01,0.235200E-04,0.958464E-02,1265.45,1486.95,0.819175E-02,85.1035,221.504,283.609,0.872523,1.76107,0.813938E-01,1.96705,-0.631902E-14,-0.504820E-14,1.96705,4.65259,126.321,63.6438,2.37150,-9999,0.235872,0.658926,84.8702,0.236832E-01,-814.832,0.470974E-01,0,26.3874,-4.00439,9.05794,22.5555,34.3986,48.2446,72.2791,-0.643993E-01,1.01081,-12.9161,1.02317,0.127437E-01,1.26743,0.286378E-03,1.26743,0.101955E-01,1.26743,0.361688E-03,1.26743,800009000,800009100,800009000,800009000,800009010,800019010,800019111,800019111,80111,80111,80,80,3,0,3,0,87,0,0,0.688195,0.546655,0.830016E-01,0.739153,0.291658E-06,0.373687E-03,0.125142E-06,-0.109023E-01,0.717791E-05,0.255545E-03,0.906553E-05,22.0000,96.5042,0.504250,0.991312E+09,294.065
CH-CHA_201812030100.csv,2018-12-03,03:00,337.1249,0,36000,36000,-0.275564E-01,0,0.548968E-02,-4.22817,2,8.46976,0.173420E-01,1,0.196321E-01,0.390112E-03,1,0.441627E-03,0.424264E-01,1,0.256959E-01,0.644732E-03,0,0.112831E-03,1.69401,0.432882E-02,0.973776E-04,0.273586E-02,-0.507940E-05,0.297127E-11,0.474264E-12,0.736593E-13,529.988,13.1589,13.3344,0.500000E-01,0,0.845948E-01,2.10038,2.12839,1.60000,0,0.131387E-01,0.326216,0.330566,1.70000,0,288.363,287.163,96559.5,1.16567,1012.57,0.248287E-01,0.252793E-04,0.955039E-02,1265.65,1594.52,0.819306E-02,79.3749,328.872,283.612,0.781286,-0.325104,0.361647E-01,0.846999,0.167541E-13,0.560630E-14,0.846999,3.43898,210.973,337.407,2.44713,-9999,0.153753,0.268535,73.1716,0.274697E-01,-243.810,0.232985E-01,0,-9999,-9999,-9999,-9999,-9999,-9999,-9999,-0.272441E-01,1.01146,-4.15546,1.02156,0.138644E-01,1.25083,0.311882E-03,1.25083,0.339185E-01,1.25083,0.515442E-03,1.25083,800009000,800009100,800009000,800009011,800009000,800109000,800109111,811119111,80111,80111,80,81,6,2,7,0,0,0,0,0.271299,0.233799,0.319728E-01,1.30137,0.174002E-05,0.489528E-02,0.145013E-06,-0.352063E-02,0.784647E-05,0.853338E-03,0.129677E-04,21.9967,96.5091,0.507890,0.100758E+10,294.069
CH-CHA_201812030100.csv,2018-12-03,03:30,337.1458,0,36000,36000,-0.164027E-01,0,0.295622E-02,16.6629,1,10.2803,0.560341E-01,1,0.212477E-01,0.125912E-02,1,0.477450E-03,0.541185E-02,1,0.648103E-02,-0.330978E-03,2,0.120045E-03,-1.80139,-0.414290E-02,-0.930936E-04,-0.237842E-02,0.516040E-04,-0.164045E-11,-0.255474E-12,-0.408128E-13,532.011,13.1569,13.3323,1.80000,0,0.828524E-01,2.04898,2.07630,1.70000,0,0.132359E-01,0.327331,0.331696,0.500000E-01,0,287.222,286.027,96559.5,1.17030,1012.55,0.247305E-01,0.815911E-04,0.958684E-02,1265.46,1480.79,0.819181E-02,85.4584,215.330,283.610,1.21348,0.583080,0.686426E-01,1.34805,0.279730E-13,-0.308348E-14,1.34805,3.55001,160.179,25.6644,2.91877,-9999,0.118388,0.207779,-8.47602,-0.237140,297.371,-0.118777,0,-9999,-9999,-9999,-9999,-9999,-9999,-9999,-0.162169E-01,1.01146,16.4091,1.01990,0.467832E-01,1.19774,0.105125E-02,1.19774,0.451839E-02,1.19774,-0.276335E-03,1.19774,800009000,800009100,800009000,800009000,800009010,800109010,800019111,800119111,80100,80100,80,81,3,9,5,1,2,0,0,0.199250,0.184848,0.314614E-01,1.14624,0.229489E-05,0.639577E-03,0.397307E-06,0.138476E-01,0.263432E-04,0.113226E-03,-0.692467E-05,22.0000,96.5156,0.515639,0.992121E+09,294.093
CH-CHA_201812030100.csv,2018-12-03,04:00,337.1666,0,36000,36000,-0.136369E-01,0,0.261350E-02,-2.99080,2,4.20421,0.198273E-02,1,0.168422E-02,0.445774E-04,1,0.378660E-04,0.102681E-02,0,0.174161E-02,0.474694E-03,0,0.916627E-04,0.894198,-0.247217E-02,-0.555814E-04,-0.770290E-03,-0.427187E-04,0.834279E-12,0.128880E-12,0.206993E-13,530.915,13.1557,13.3311,0.500000E-01,0,0.820162E-01,2.03231,2.05940,1.90000,0,0.131725E-01,0.326407,0.330758,1.90000,0,287.789,286.592,96559.5,1.16799,1012.56,0.247793E-01,0.288861E-05,0.956708E-02,1265.34,1536.43,0.819106E-02,82.3559,271.089,283.608,0.899116,1.01150,0.682240E-01,1.35506,0.761386E-13,0.157140E-14,1.35506,2.88962,140.552,48.3663,2.88592,-9999,0.108053,0.178802,35.9042,0.559823E-01,-1508.43,0.234040E-01,0,-9999,-9999,-9999,-9999,-9999,-9999,-9999,-0.134774E-01,1.01184,-2.93164,1.02443,0.154021E-02,1.28731,0.346284E-04,1.28731,0.797644E-03,1.28731,0.368749E-03,1.28731,800009000,800009100,800009000,800009011,800009000,800109010,800009111,800019111,80000,80000,80,80,2,1,2,0,0,0,0,0.164293,0.164386,0.289248E-01,0.801828,0.219319E-06,0.844309E-04,0.182932E-06,-0.247886E-02,0.869461E-06,0.200275E-04,0.925869E-05,21.9544,96.5361,0.519071,0.983102E+09,294.064
CH-CHA_201812030100.csv,2018-12-03,04:30,337.1874,0,36000,36000,-0.260035E-01,0,0.400285E-02,-35.1438,1,11.9383,-0.674092E-02,0,0.301347E-02,-0.151516E-03,0,0.677341E-04,0.127589E-02,1,0.169077E-02,0.190269E-03,2,0.671132E-04,-0.421087,-0.192281E-04,-0.432191E-06,-0.446019E-03,-0.182558E-05,-0.544375E-11,-0.836963E-12,-0.135049E-12,531.407,13.1557,13.3311,4.60000,0,0.817025E-01,2.02266,2.04962,1.95000,0,0.131832E-01,0.326367,0.330718,1.85000,0,287.523,286.326,96559.5,1.16907,1012.55,0.247564E-01,-0.981827E-05,0.957595E-02,1265.34,1510.03,0.819106E-02,83.7959,244.686,283.608,0.748261,1.02695,0.699256E-01,1.27256,0.279180E-12,-0.102440E-13,1.27256,3.04711,130.539,53.9221,3.14991,-9999,0.149140,0.195394,8.03437,0.250175,5213.50,0.199065,0,-9999,-9999,-9999,-9999,-9999,-9999,-9999,-0.255163E-01,1.01909,-33.9456,1.03965,-0.460694E-02,1.46321,-0.103551E-03,1.46321,0.871983E-03,1.46321,0.130035E-03,1.46321,800009000,800009100,800009000,800009011,800009000,800019110,800019111,810119111,80111,80111,80,81,7,5,0,0,141,0,0,0.234853,0.127102,0.288320E-01,1.75166,0.155185E-06,0.111340E-03,0.185744E-06,-0.286764E-01,-0.259758E-05,0.218738E-04,0.326194E-05,22.0000,96.5212,0.521250,0.983041E+09,294.051
CH-CHA_201812030100.csv,2018-12-03,05:00,337.2083,0,36000,36000,-0.161035E-01,1,0.447609E-02,-12.1564,1,7.53188,-0.264288E-01,1,0.124075E-01,-0.594248E-03,1,0.278980E-03,0.293037E-01,1,0.890231E-02,0.800117E-03,0,0.930379E-04,0.570088,0.576389E-03,0.129600E-04,0.130299E-02,0.307287E-04,-0.652134E-11,-0.101661E-11,-0.162108E-12,530.751,13.1560,13.3314,4.60000,0,0.827384E-01,2.05088,2.07822,1.70000,0,0.131934E-01,0.327033,0.331392,1.85000,0,287.884,286.687,96559.5,1.16761,1012.56,0.247875E-01,-0.385072E-04,0.956413E-02,1265.37,1545.92,0.819123E-02,81.8523,280.548,283.609,-0.398827,0.789651,0.387618E-01,0.885502,-0.145061E-13,-0.122870E-13,0.885502,3.31085,69.6111,116.797,2.50886,-9999,0.117439,0.353476,11.3410,0.177233,459.968,0.875541E-01,0,-9999,-9999,-9999,-9999,-9999,-9999,-9999,-0.158428E-01,1.01645,-11.8146,1.03334,-0.190113E-01,1.39016,-0.427467E-03,1.39016,0.210794E-01,1.39016,0.575557E-03,1.39016,800009000,800009100,800009000,800009011,800009000,800109010,800119111,811119111,80000,80000,80,81,1,2,2,0,0,0,0,0.427306,0.248182,0.314648E-01,0.547235,0.678159E-06,0.628143E-03,0.122812E-06,-0.999318E-02,-0.107365E-04,0.529443E-03,0.144561E-04,21.9967,96.5211,0.519864,0.984986E+09,294.097
CH-CHA_201812030100.csv,2018-12-03,05:30,337.2291,0,36000,36000,-0.241936E-01,1,0.425751E-02,6.74848,2,7.33696,0.975535E-01,1,0.161504E-01,0.219196E-02,1,0.362889E-03,-0.167194,1,0.450072E-01,-0.527731E-03,2,0.191816E-03,-1.14438,-0.168175E-02,-0.377878E-04,0.249510E-02,0.294333E-04,0.764771E-11,0.122361E-11,0.190489E-12,532.056,13.1552,13.3305,0.600000,0,0.851273E-01,2.10478,2.13284,5.00000,0,0.132524E-01,0.327669,0.332036,0.500000E-01,0,287.160,285.965,96559.5,1.17055,1012.54,0.247251E-01,0.142039E-03,0.958765E-02,1265.29,1474.79,0.819072E-02,85.7945,209.502,283.608,0.485866,-0.453161E-02,0.364051E-01,0.487249,0.514315E-13,0.143739E-13,0.487249,1.69296,189.934,359.466,4.28489,-9999,0.143766,0.180486,-37.4776,-0.536320E-01,69.1772,-0.396047E-01,0,-9999,-9999,-9999,-9999,-9999,-9999,-9999,-0.237361E-01,1.01927,6.62379,1.02386,0.814576E-01,1.19760,0.183030E-02,1.19760,-0.139608,1.19760,-0.440658E-03,1.19760,800009000,800009100,800009000,800009000,800109010,800109010,811109111,811119111,80101,80101,80,81,0,6,5,0,0,0,0,0.224625,0.129870,0.647778E-02,1.15082,0.157407E-05,0.288391E-01,0.690612E-06,0.558859E-02,0.458552E-04,-0.349766E-02,-0.110400E-04,22.0000,96.5213,0.521306,0.978817E+09,294.097
CH-CHA_201812030100.csv,2018-12-03,06:00,337.2499,0,36000,36000,-0.226412E-01,1,0.345166E-02,-14.5076,2,6.15066,-0.465637E-01,1,0.741754E-02,-0.104687E-02,1,0.166764E-03,0.533195E-01,1,0.169935E-01,0.218544E-02,1,0.266259E-03,0.962372,-0.534692E-02,-0.120212E-03,0.276701E-02,0.459645E-04,0.390782E-11,0.643162E-12,0.976508E-13,530.823,13.1526,13.3279,5.00000,0,0.873646E-01,2.16469,2.19354,0.500000E-01,0,0.132645E-01,0.328664,0.333044,1.75000,0,287.770,286.573,96559.5,1.16807,1012.55,0.247777E-01,-0.678369E-04,0.956543E-02,1265.04,1534.53,0.818910E-02,82.4380,269.494,283.605,0.319751,0.553792,0.443985E-01,0.641013,-0.844327E-13,0.736181E-14,0.641013,1.78112,124.886,59.9985,3.97166,-9999,0.139224,0.285328,15.8332,0.126948,311.565,0.881036E-01,0,-9999,-9999,-9999,-9999,-9999,-9999,-9999,-0.222989E-01,1.01535,-14.1509,1.02966,-0.346836E-01,1.34253,-0.779772E-03,1.34253,0.397158E-01,1.34253,0.162786E-02,1.34253,800009000,800009100,800009000,800009011,800009000,800009001,811119111,811119111,80000,80000,80,81,0,0,3,0,0,0,0,0.241528,0.324276,0.485178E-02,1.06065,0.659925E-06,0.740502E-02,0.148252E-05,-0.119646E-01,-0.195774E-04,0.997128E-03,0.408699E-04,22.0000,96.5206,0.520583,0.958926E+09,294.076
CH-CHA_201812030100.csv,2018-12-03,06:30,337.2707,0,36000,36000,-0.223700E-02,1,0.544138E-03,0.409792,0,3.42157,-0.418002E-02,0,0.184237E-02,-0.938617E-04,0,0.413701E-04,-0.226877E-01,1,0.185549E-01,0.477333E-03,0,0.773205E-04,-2.03533,0.136353E-02,0.306179E-04,0.491707E-02,0.393926E-04,-0.275367E-11,-0.475373E-12,-0.689846E-13,533.231,13.1532,13.3285,1.20000,0,0.920529E-01,2.27067,2.30094,0.500000E-01,0,0.133584E-01,0.329513,0.333905,1.65000,0,286.485,285.294,96559.5,1.17331,1012.53,0.246670E-01,-0.608224E-05,0.960882E-02,1265.10,1411.13,0.818951E-02,89.6516,146.029,283.605,0.640679,0.114713,0.312567E-01,0.651618,0.701162E-13,-0.516413E-14,0.651618,1.70109,180.243,10.1512,2.74941,-9999,0.436643E-01,0.114235,-17.2912,-0.116244,-98.0359,-0.789980E-02,0,-9999,-9999,-9999,-9999,-9999,-9999,-9999,-0.220160E-02,1.01608,0.402488,1.02188,-0.349711E-02,1.19528,-0.785271E-04,1.19528,-0.189811E-01,1.19528,0.399349E-03,1.19528,800009000,800009100,800009000,800009011,800009010,800119010,811119111,811119111,80000,80000,80,81,1,0,2,1,0,0,0,0.661275E-01,0.158706,0.363628E-02,2.07424,0.355339E-06,0.374052E-01,0.935321E-06,0.338791E-03,-0.196275E-05,-0.474423E-03,0.998153E-05,21.9856,96.5223,0.516901,0.963927E+09,294.052
CH-CHA_201812030100.csv,2018-12-03,07:00,337.2916,0,35988,35988,-0.585209E-02,1,0.116605E-02,-4.84401,1,3.20595,0.630681E-02,1,0.279874E-02,0.142087E-03,1,0.630530E-04,-0.166164E-01,1,0.818840E-02,-0.130666E-03,2,0.110928E-03,5.40218,0.255373E-03,0.575333E-05,0.583945E-02,0.499230E-04,-0.140068E-11,-0.255365E-12,-0.352052E-13,526.888,13.1533,13.3287,0.500000E-01,0,0.960595E-01,2.39805,2.43001,5.00000,0,0.132430E-01,0.330602,0.335008,0.500000E-01,0,289.936,288.731,96559.5,1.15934,1012.60,0.249642E-01,0.920723E-05,0.949453E-02,1265.12,1764.15,0.818959E-02,71.7124,499.035,283.606,0.335172,0.224993,0.372488E-01,0.405400,-0.504870E-13,-0.265840E-14,0.405400,1.55403,153.216,33.8725,5.27186,-9999,0.710477E-01,0.909973E-01,6.30203,0.318945,-768.060,0.580774E-01,0,-9999,-9999,-9999,-9999,-9999,-9999,-9999,-0.572168E-02,1.02279,-4.65768,1.04431,0.420053E-02,1.50143,0.946342E-04,1.50143,-0.110670E-01,1.50143,-0.870278E-04,1.50143,800009000,800009100,800009000,800009011,800009000,800109010,811119111,811119111,80000,80000,80,81,2,13,3,5,109,0,0,0.592990E-01,0.117906,0.478937E-02,0.494000,0.304920E-06,0.295724E-02,0.183284E-05,-0.396754E-02,0.239383E-05,-0.279948E-03,-0.220142E-05,21.9800,96.5250,0.517523,0.965081E+09,294.045
CH-CHA_201812030700.csv,2018-12-03,07:30,337.3124,0,36000,36000,-0.727733E-02,1,0.152019E-02,-5.08046,0,1.18380,0.448934E-02,1,0.381662E-02,0.101190E-03,1,0.860273E-04,0.115849E-01,1,0.141593E-01,0.141387E-02,0,0.336030E-03,0.801062,-0.364365E-03,-0.821285E-05,-0.904876E-02,-0.238390E-04,-0.272193E-11,-0.455336E-12,-0.683072E-13,525.951,13.1532,13.3285,0.850000,0,0.879833E-01,2.20032,2.22964,2.15000,0,0.131988E-01,0.330081,0.334480,2.15000,0,290.449,289.241,96559.5,1.15729,1012.61,0.250084E-01,0.655714E-05,0.947764E-02,1265.10,1822.71,0.818948E-02,69.4076,557.611,283.605,0.540124,0.689820,0.526767E-01,0.877701,-0.160536E-12,-0.517525E-14,0.877701,2.29229,130.736,51.9393,3.44077,-9999,0.792983E-01,0.127698,8.35467,0.240584,-1131.67,0.546707E-01,0,-9999,-9999,-9999,-9999,-9999,-9999,-9999,-0.714412E-02,1.01865,-4.91480,1.03800,0.310910E-02,1.44394,0.700796E-04,1.44394,0.802312E-02,1.44394,0.979180E-03,1.44394,800009000,800009100,800009000,800009000,800009000,800109000,800109111,811119111,80011,80011,80,81,11,0,8,8,3,0,0,0.124924,0.120003,0.104693E-01,0.838748E-01,0.856000E-06,0.106243E-01,0.524422E-05,-0.419392E-02,0.177584E-05,0.203309E-03,0.248128E-04,22.0000,96.5179,0.517917,0.963510E+09,294.062
CH-CHA_201812030700.csv,2018-12-03,08:00,337.3332,0,36000,36000,-0.506097E-01,1,0.743737E-02,-57.8202,1,12.5706,-0.113562,2,0.304772E-01,-0.255766E-02,2,0.686411E-03,0.545329E-01,1,0.121047E-01,0.910116E-02,1,0.129837E-02,-1.31055,-0.229718E-02,-0.517374E-04,-0.242816E-02,0.270556E-05,0.810928E-11,0.132405E-11,0.203557E-12,527.425,13.1520,13.3273,5.00000,0,0.861157E-01,2.14741,2.17603,4.70000,0,0.132393E-01,0.330140,0.334540,1.80000,0,289.613,288.408,96559.5,1.16064,1012.59,0.249363E-01,-0.165736E-03,0.950420E-02,1264.99,1728.04,0.818877E-02,73.2039,463.047,283.604,-0.863729E-01,0.177419,0.383740E-01,0.201023,-0.639157E-13,0.153752E-13,0.201023,1.38690,74.1802,115.958,11.0049,-9999,0.208818,0.160856,13.4048,0.149947,509.150,0.235603,0,48.7296,-7.39491,16.7273,41.6533,63.5240,89.0933,133.478,-0.495207E-01,1.02199,-56.1124,1.03485,-0.831009E-01,1.36656,-0.187161E-02,1.36656,0.399054E-01,1.36656,0.665992E-02,1.36656,800009000,800009100,800009000,800009000,800009000,800109000,811119111,811119111,80100,80100,80,81,0,4,7,1,0,0,0,0.224066,0.836096E-01,0.140372E-01,0.863542,0.256299E-05,0.781494E-03,0.757203E-05,-0.477451E-01,-0.472906E-04,0.100830E-02,0.168279E-03,22.0000,96.5146,0.514556,0.954903E+09,294.070
CH-CHA_201812030700.csv,2018-12-03,08:30,337.3541,1,36000,36000,-0.118699,1,0.160656E-01,-82.1555,1,21.0464,-0.140407,1,0.661722E-01,-0.315364E-02,1,0.148627E-02,0.154861,1,0.343756E-01,0.755290E-02,1,0.225645E-02,-4.52197,-0.347689E-02,-0.780931E-04,0.260306E-02,0.133028E-03,-0.187890E-11,-0.314842E-12,-0.475798E-13,532.613,13.1504,13.3256,0.500000E-01,0,0.892484E-01,2.20357,2.23293,1.30000,0,0.134875E-01,0.333010,0.337447,1.10000,0,286.755,285.563,96559.5,1.17220,1012.53,0.246903E-01,-0.204356E-03,0.959768E-02,1264.83,1436.33,0.818773E-02,88.0597,171.503,283.602,-0.308921E-01,0.296625E-01,0.188165E-01,0.467787E-01,-0.101946E-12,-0.352770E-14,0.467787E-01,1.46762,66.1400,136.163,23.7186,-9999,0.318216,0.206532,33.3839,0.602086E-01,585.123,0.217522,0,43.8200,-6.64986,15.0420,37.4567,57.1238,80.1169,120.030,-0.112354,1.05647,-78.8707,1.04610,-0.106297,1.32089,-0.238751E-02,1.32089,0.117240,1.32089,0.571803E-02,1.32089,800009000,800009100,800009000,800009000,800009000,800109000,810119111,811119111,80111,80111,80,81,6,0,4,1,0,0,0,0.229850,0.140705,0.425096E-01,0.650650,0.339962E-05,0.163137E-02,0.879613E-05,-0.664512E-01,-0.597306E-04,0.293310E-02,0.143054E-03,22.0000,96.5057,0.505722,0.942128E+09,294.066
CH-CHA_201812030700.csv,2018-12-03,09:00,337.3749,1,36000,36000,-0.116727E-01,1,0.340908E-02,-21.2387,1,6.42381,0.316805E-01,2,0.190087E-01,0.711365E-03,2,0.426827E-03,0.218305E-01,2,0.664982E-01,0.301841E-02,1,0.711993E-03,-0.466278,0.328688E-02,0.738046E-04,0.155625E-01,-0.379730E-04,-0.888775E-12,-0.171577E-12,-0.224486E-13,533.224,13.1519,13.3272,0.550000,0,0.102938,2.53897,2.57281,2.80000,0,0.134682E-01,0.332191,0.336618,1.60000,0,286.461,285.270,96559.5,1.17341,1012.53,0.246650E-01,0.460964E-04,0.960870E-02,1264.98,1408.90,0.818872E-02,89.7850,143.919,283.604,0.273248,-0.519663E-01,0.777181E-02,0.278254,0.175629E-13,-0.166679E-14,0.278254,2.30777,195.293,349.232,1.60052,-9999,0.997379E-01,0.213890,3.97614,0.505515,-670.402,0.179230,0,-9999,-9999,-9999,-9999,-9999,-9999,-9999,-0.113348E-01,1.02981,-20.1622,1.05775,0.192699E-01,1.64404,0.432692E-03,1.64404,0.132785E-01,1.64404,0.183597E-02,1.64404,800009000,800009100,800009000,800009000,800119000,800119000,810119111,811119111,80111,80111,80,81,5,1,4,27,0,0,0,0.131308,0.285852,0.106208E-01,0.475715,0.264234E-05,0.440013E-01,0.491006E-05,-0.169699E-01,0.108140E-04,0.331862E-03,0.458851E-04,22.0000,96.5054,0.505417,0.954292E+09,294.047
CH-CHA_201812030700.csv,2018-12-03,09:30,337.3957,1,36000,36000,-0.114146E-01,1,0.158688E-02,-9.06381,1,6.97105,0.134836E-01,2,0.817430E-02,0.302936E-03,2,0.183652E-03,-0.879294E-01,1,0.164944E-01,-0.323316E-02,1,0.606878E-03,0.929118,0.230958E-02,0.518891E-04,-0.530723E-02,0.652845E-04,-0.437621E-11,-0.806618E-12,-0.110994E-12,532.178,13.1531,13.3284,3.75000,0,0.980902E-01,2.42436,2.45667,5.00000,0,0.134976E-01,0.333601,0.338048,5.00000,0,287.049,285.855,96559.5,1.17100,1012.54,0.247156E-01,0.196302E-04,0.958984E-02,1265.09,1464.14,0.818941E-02,86.4050,199.050,283.605,0.316480,0.534573,0.327772E-01,0.622095,-0.541168E-13,-0.822322E-14,0.622095,1.78474,122.115,59.3735,3.02022,-9999,0.987304E-01,0.200886,9.03763,0.222403,-672.209,0.774263E-01,0,-9999,-9999,-9999,-9999,-9999,-9999,-9999,-0.112068E-01,1.01854,-8.77856,1.03676,0.946554E-02,1.42450,0.212662E-03,1.42450,-0.617267E-01,1.42450,-0.226968E-02,1.42450,800009000,800009100,800009000,800009011,800019000,810119000,810119111,811119111,80111,80111,80,81,4,14,16,15,0,0,0,0.103120,0.291579,0.707461E-02,1.65789,0.114074E-05,0.682453E-02,0.976385E-05,-0.740375E-02,0.532583E-05,-0.154586E-02,-0.568412E-04,21.9850,96.5209,0.515248,0.962806E+09,294.024
CH-CHA_201812030700.csv,2018-12-03,10:00,337.4166,1,36000,36000,-0.710877E-02,0,0.213516E-02,-5.53569,0,5.15064,0.216586E-01,0,0.172558E-01,0.487258E-03,0,0.388208E-03,0.594356E-01,1,0.215793E-01,0.389247E-02,1,0.746021E-03,2.21804,0.751240E-02,0.169008E-03,-0.399646E-02,0.498213E-04,-0.310017E-11,-0.550822E-12,-0.788623E-13,529.724,13.1567,13.3321,0.150000,0,0.941186E-01,2.33762,2.36879,5.00000,0,0.134752E-01,0.334682,0.339144,5.00000,0,288.459,287.259,96559.5,1.16528,1012.57,0.248370E-01,0.315743E-04,0.954562E-02,1265.44,1604.48,0.819170E-02,78.8691,339.042,283.609,0.351423,0.338565,0.312001E-01,0.488977,-0.363465E-15,-0.585242E-14,0.488977,1.72131,141.199,43.9324,3.65836,-9999,0.781056E-01,0.953053E-01,7.32654,0.274345,-255.589,0.600668E-01,0,-9999,-9999,-9999,-9999,-9999,-9999,-9999,-0.696380E-02,1.02082,-5.34006,1.04081,0.147740E-01,1.46599,0.332375E-03,1.46599,0.405430E-01,1.46599,0.265518E-02,1.46599,800009000,800009100,800009000,800009011,800019000,801019000,811119111,811119111,80111,80111,80,81,4,13,5,5,0,0,0,0.619840E-01,0.118633,0.999349E-02,0.499100,0.200167E-05,0.608255E-02,0.663933E-05,-0.452575E-02,0.836482E-05,0.102034E-02,0.668225E-04,21.9889,96.5241,0.519900,0.990771E+09,294.026
CH-CHA_201812030700.csv,2018-12-03,10:30,337.4374,1,36000,36000,-0.151651E-02,1,0.135898E-02,7.99459,1,4.58627,0.103995,2,0.711721E-01,0.234244E-02,2,0.160311E-02,-0.565549E-02,2,0.233567E-01,0.119528E-02,2,0.136064E-02,1.97709,0.187090E-01,0.421409E-03,-0.774921E-02,-0.226906E-03,0.137171E-10,0.225951E-11,0.343541E-12,527.782,13.1659,13.3416,5.00000,0,0.869372E-01,2.16871,2.19765,5.00000,0,0.132182E-01,0.329736,0.334136,2.00000,0,289.722,288.516,96559.5,1.16020,1012.60,0.249457E-01,0.151790E-03,0.951064E-02,1266.32,1740.01,0.819742E-02,72.7766,473.690,283.620,0.506240,0.529590,-0.211656E-01,0.732934,-0.419145E-13,0.259901E-13,0.732934,3.40508,140.601,46.2914,-1.65481,-9999,0.361540E-01,0.622120E-01,-0.503164,-3.99472,76.8745,-0.188221,0,-9999,-9999,-9999,-9999,-9999,-9999,-9999,-0.149406E-02,1.01503,7.86621,1.02128,0.870395E-01,1.19481,0.196052E-02,1.19481,-0.473340E-02,1.19481,0.100040E-02,1.19481,800009000,800009100,800009000,800009000,800109000,800109000,811119111,811119111,80111,80111,80,80,4,11,0,1,0,0,0,0.626168E-01,0.394975E-01,0.223097E-01,0.122466,0.125540E-04,0.682130E-02,0.111113E-04,0.669569E-02,0.495564E-04,-0.119647E-03,0.252872E-04,22.0000,96.5205,0.520472,0.106065E+10,294.076
CH-CHA_201812030700.csv,2018-12-03,11:00,337.4582,1,36000,36000,-0.963003E-02,1,0.311042E-02,6.20008,0,0.873602,0.226811E-01,1,0.214337E-01,0.511086E-03,1,0.482977E-03,0.198189E-02,2,0.370605E-02,0.177809E-03,2,0.156159E-03,0.659974,0.101012E-01,0.227616E-03,-0.267750E-02,-0.108039E-03,-0.235669E-11,-0.377593E-12,-0.585782E-13,527.213,13.1709,13.3467,5.00000,0,0.844711E-01,2.11026,2.13843,1.80000,0,0.131045E-01,0.327378,0.331748,1.70000,0,290.144,288.936,96559.5,1.15851,1012.61,0.249821E-01,0.331184E-04,0.950038E-02,1266.80,1787.50,0.820052E-02,70.8695,520.708,283.625,0.527834,0.564633,0.259394E-01,0.773364,-0.516826E-14,-0.447008E-14,0.773364,1.79669,136.689,46.9293,1.92212,-9999,0.911725E-01,0.120032,-10.4048,-0.193180,273.359,-0.579684E-01,0,-9999,-9999,-9999,-9999,-9999,-9999,-9999,-0.949156E-02,1.01459,6.09901,1.02104,0.189850E-01,1.19469,0.427799E-03,1.19469,0.165892E-02,1.19469,0.148833E-03,1.19469,800009000,800009100,800009000,800009011,800009000,800009010,811119111,811119111,80000,80000,80,81,8,1,0,6,0,0,0,0.165914,0.600135E-01,0.141370E-01,0.129333E-01,0.252604E-05,0.190225E-03,0.127173E-05,0.519897E-02,0.108294E-04,0.419942E-04,0.376759E-05,21.9711,96.5329,0.522060,0.109860E+10,294.223
CH-CHA_201812030700.csv,2018-12-03,11:30,337.4790,1,36000,36000,-0.711680E-02,0,0.145288E-02,6.20295,0,3.00990,0.370654E-01,0,0.227732E-01,0.836241E-03,0,0.513790E-03,0.167122E-01,1,0.102036E-01,0.185814E-02,1,0.377451E-03,1.99281,0.118198E-01,0.266670E-03,-0.103598E-02,0.519023E-05,0.778796E-12,0.123382E-12,0.193560E-13,525.130,13.1767,13.3527,5.00000,0,0.831948E-01,2.08755,2.11542,1.75000,0,0.130515E-01,0.327492,0.331865,1.95000,0,291.425,290.210,96559.5,1.15342,1012.64,0.250923E-01,0.541884E-04,0.946284E-02,1267.36,1938.57,0.820416E-02,65.3757,671.216,283.632,0.487423,0.739675,0.481583E-01,0.887141,0.500429E-13,0.148305E-14,0.887141,1.96207,131.061,56.6164,3.11182,-9999,0.785505E-01,0.822407E-01,-6.65119,-0.302202,167.351,-0.676094E-01,0,-9999,-9999,-9999,-9999,-9999,-9999,-9999,-0.702142E-02,1.01358,6.10567,1.02052,0.310255E-01,1.19468,0.699972E-03,1.19468,0.139889E-01,1.19468,0.155535E-02,1.19468,800009000,800009100,800009000,800009011,800009000,800009001,810019111,811119111,80000,80000,80,81,10,6,0,0,0,0,0,0.734148E-01,0.748597E-01,0.162070E-01,0.364106,0.322128E-05,0.134834E-02,0.181766E-05,0.522746E-02,0.177975E-04,0.355682E-03,0.395464E-04,21.9828,96.5266,0.520142,0.114299E+10,294.467
CH-CHA_201812030700.csv,2018-12-03,12:00,337.4999,1,36000,36000,-0.198553E-01,0,0.417776E-02,10.4349,0,3.12848,0.480922E-01,0,0.299794E-01,0.108685E-02,0,0.677511E-03,0.467857E-02,2,0.113297E-01,0.945848E-03,0,0.395163E-03,2.71310,0.521957E-02,0.117958E-03,-0.402279E-02,-0.783903E-04,0.258775E-11,0.392466E-12,0.639632E-13,522.093,13.1793,13.3554,5.00000,0,0.791823E-01,1.99882,2.02551,1.85000,0,0.129049E-01,0.325763,0.330114,1.90000,0,293.177,291.956,96559.5,1.14652,1012.68,0.252433E-01,0.704277E-04,0.940812E-02,1267.60,2163.58,0.820578E-02,58.5882,895.980,283.635,0.129215,0.777598,0.467867E-01,0.789648,0.180986E-13,0.495649E-14,0.789648,2.62243,105.308,80.5653,3.39677,-9999,0.131597,0.166288,-18.5918,-0.108112,216.976,-0.682944E-01,0,-9999,-9999,-9999,-9999,-9999,-9999,-9999,-0.195729E-01,1.01443,10.2662,1.02095,0.402560E-01,1.19466,0.909755E-03,1.19466,0.391624E-02,1.19466,0.791731E-03,1.19466,800009000,800009100,800009000,800009000,800009000,800009000,800119111,811119111,80011,80011,80,81,3,10,0,9,0,0,0,0.210231,0.943782E-01,0.279656E-01,0.104994,0.354482E-05,0.211569E-02,0.144002E-05,0.884209E-02,0.232707E-04,0.100174E-03,0.202517E-04,22.0000,96.5201,0.520139,0.116285E+10,294.777
CH-CHA_201812030700.csv,2018-12-03,12:30,337.5207,1,36000,36000,-0.156580E-01,0,0.354938E-02,5.19370,1,1.78663,0.275134E-01,0,0.314531E-01,0.622412E-03,0,0.711536E-03,0.899927E-02,1,0.532873E-02,0.195448E-02,1,0.592109E-03,1.62452,0.505021E-02,0.114247E-03,-0.288447E-02,-0.955618E-04,0.537567E-11,0.789095E-12,0.131986E-12,520.324,13.1819,13.3580,5.00000,0,0.763784E-01,1.93497,1.96081,2.80000,0,0.127752E-01,0.323647,0.327971,2.35000,0,294.231,293.004,96559.5,1.14242,1012.71,0.253340E-01,0.403323E-04,0.937624E-02,1267.85,2309.52,0.820736E-02,54.8964,1041.68,283.638,-0.229882,0.618177,0.245796E-01,0.659994,0.363113E-14,0.103314E-13,0.659994,2.71474,77.7080,110.399,2.13431,-9999,0.117073,0.171759,-26.3008,-0.764237E-01,188.770,-0.383453E-01,0,-9999,-9999,-9999,-9999,-9999,-9999,-9999,-0.154121E-01,1.01596,5.10563,1.02181,0.230197E-01,1.19521,0.520754E-03,1.19521,0.752943E-02,1.19521,0.163526E-02,1.19521,800009000,800009100,800009000,800009011,800009000,801009010,800119111,811119111,80000,80000,80,81,0,3,3,7,0,0,0,0.156873,0.155126,0.315195E-01,0.418594E-01,0.245534E-05,0.166223E-03,0.183929E-05,0.441307E-02,0.133683E-04,0.193288E-03,0.419787E-04,21.9161,96.5497,0.518369,0.118205E+10,295.102
CH-CHA_201812030700.csv,2018-12-03,13:00,337.5415,1,35989,35989,-0.222218E-01,1,0.694002E-02,10.0304,0,2.24288,0.125262,1,0.340562E-01,0.283497E-02,1,0.770768E-03,-0.102075E-01,2,0.805347E-02,0.639382E-03,1,0.208151E-03,0.716790,0.115141E-03,0.260590E-05,-0.106132E-02,-0.551021E-04,-0.332837E-11,-0.482628E-12,-0.814109E-13,519.505,13.1819,13.3580,5.00000,0,0.753304E-01,1.91144,1.93697,2.35000,0,0.127069E-01,0.322426,0.326733,1.65000,0,294.696,293.468,96559.5,1.14061,1012.72,0.253740E-01,0.183706E-03,0.936147E-02,1267.85,2376.72,0.820740E-02,53.3447,1108.87,283.638,0.129629,0.385087,0.254983E-01,0.407119,-0.616631E-13,-0.640681E-14,0.407119,2.72261,125.561,71.3956,3.59086,-9999,0.139579,0.411378,-23.0796,-0.870899E-01,80.0750,-0.622113E-01,0,-9999,-9999,-9999,-9999,-9999,-9999,-9999,-0.217491E-01,1.02173,9.82916,1.02544,0.104401,1.19982,0.236282E-02,1.19982,-0.850751E-02,1.19982,0.532897E-03,1.19982,800009000,800009100,800009000,800009011,800009000,800009010,800119111,810119111,80000,80000,80,81,0,0,5,25,0,0,0,0.424512,0.372009,0.262358E-01,0.564012E-01,0.358871E-05,0.459056E-03,0.453930E-06,0.850922E-02,0.607520E-04,-0.218742E-03,0.137017E-04,22.0000,96.5197,0.519673,0.118248E+10,295.424
CH-CHA_201812031300.csv,2018-12-03,13:30,337.5624,1,36000,36000,-0.446424E-02,1,0.219443E-02,8.28985,0,2.14743,0.104735,1,0.373597E-01,0.237192E-02,1,0.846079E-03,-0.334897E-03,2,0.789460E-03,0.728747E-03,1,0.160168E-03,1.02657,0.405734E-02,0.918858E-04,-0.405067E-03,0.143124E-05,-0.669158E-12,-0.965589E-13,-0.163665E-13,518.410,13.1840,13.3601,5.00000,0,0.748061E-01,1.90243,1.92785,1.85000,0,0.126794E-01,0.322458,0.326766,1.95000,0,295.364,294.133,96559.5,1.13803,1012.73,0.254316E-01,0.153700E-03,0.934174E-02,1268.05,2476.15,0.820867E-02,51.2104,1208.11,283.640,0.334477,0.489613,0.205290E-01,0.593310,0.451244E-13,-0.129079E-14,0.593310,1.67413,137.251,55.6613,1.98288,-9999,0.626320E-01,0.935269E-01,-2.52308,-0.796644,79.1505,-0.114842,0,-9999,-9999,-9999,-9999,-9999,-9999,-9999,-0.438956E-02,1.01701,8.14744,1.02244,0.875821E-01,1.19585,0.198346E-02,1.19585,-0.280049E-03,1.19585,0.609395E-03,1.19585,800009000,800009100,800009000,800009000,800009000,810009100,811119111,811119111,80111,80111,80,81,4,3,1,11,0,0,0,0.110208,0.655232E-01,0.113229E-01,0.968135E-01,0.957437E-05,0.427024E-04,0.476195E-06,0.706921E-02,0.511136E-04,-0.721686E-05,0.157041E-04,22.0000,96.5193,0.519306,0.119797E+10,295.727
CH-CHA_201812031300.csv,2018-12-03,14:00,337.5832,1,36000,36000,-0.841871E-02,1,0.182818E-02,4.67909,1,1.42036,0.204817E-01,1,0.174898E-01,0.464020E-03,1,0.396236E-03,-0.356874E-03,2,0.392235E-03,0.431890E-03,1,0.117741E-03,0.595201,0.107071E-01,0.242572E-03,0.801425E-03,0.396342E-04,0.145812E-11,0.212291E-12,0.357460E-13,517.941,13.1894,13.3656,5.00000,0,0.754081E-01,1.92027,1.94593,2.05000,0,0.126974E-01,0.323339,0.327661,1.75000,0,295.753,294.519,96559.5,1.13654,1012.75,0.254650E-01,0.300685E-04,0.933329E-02,1268.56,2535.53,0.821203E-02,50.0315,1266.97,283.646,0.121352,0.542378,0.349961E-01,0.556888,-0.808369E-13,0.281522E-14,0.556888,1.68030,112.201,77.3883,3.60297,-9999,0.860658E-01,0.132485,-11.5991,-0.173289,228.452,-0.472331E-01,0,-9999,-9999,-9999,-9999,-9999,-9999,-9999,-0.827234E-02,1.01769,4.59481,1.02286,0.171204E-01,1.19633,0.387868E-03,1.19633,-0.298306E-03,1.19633,0.361011E-03,1.19633,800009000,800009100,800009000,800009000,800009000,800009010,811119111,811119111,80101,80101,80,81,1,4,0,5,3,0,0,0.827126E-01,0.173027,0.923015E-02,0.736529E-01,0.309821E-05,0.116318E-04,0.647546E-06,0.399193E-02,0.100085E-04,-0.769750E-05,0.931553E-05,22.0000,96.5186,0.518556,0.123895E+10,295.968
CH-CHA_201812031300.csv,2018-12-03,14:30,337.6040,1,36000,36000,-0.178640E-01,1,0.380040E-02,0.838503,2,6.17282,-0.290944E-01,1,0.160109E-01,-0.659336E-03,1,0.362838E-03,0.163440E-02,1,0.417169E-02,0.644031E-03,1,0.122417E-03,0.469998,0.643607E-02,0.145854E-03,0.491732E-03,-0.460617E-04,-0.839684E-12,-0.122918E-12,-0.205146E-13,517.531,13.1926,13.3690,0.450000,0,0.757596E-01,1.93122,1.95704,5.00000,0,0.126440E-01,0.322313,0.326622,1.75000,0,296.060,294.825,96559.5,1.13536,1012.76,0.254914E-01,-0.427250E-04,0.932592E-02,1268.88,2583.35,0.821406E-02,49.1175,1314.47,283.650,0.393565E-01,0.766554,0.386718E-01,0.768537,0.554560E-13,-0.162248E-14,0.768537,2.64861,94.7452,87.0609,2.88427,-9999,0.125436,0.165821,-200.383,-0.100308E-01,-28.8201,-0.581358E-02,0,-9999,-9999,-9999,-9999,-9999,-9999,-9999,-0.176063E-01,1.01464,0.823135,1.02106,-0.243529E-01,1.19470,-0.551885E-03,1.19470,0.136805E-02,1.19470,0.539074E-03,1.19470,800009000,800009100,800009000,800009000,800009000,800009000,811019111,811119111,80011,80011,80,81,8,5,5,0,0,0,0,0.165683,0.148955,0.170032E-01,0.321364,0.166702E-05,0.139417E-03,0.302531E-06,0.715867E-03,-0.142557E-04,0.353379E-04,0.139248E-04,22.0000,96.5166,0.516639,0.126363E+10,296.078
CH-CHA_201812031300.csv,2018-12-03,15:00,337.6249,1,36000,36000,-0.174681E-01,1,0.302883E-02,-10.3149,0,2.90716,0.664579E-02,1,0.111304E-01,0.150517E-03,1,0.252087E-03,0.250495E-01,1,0.145895E-01,0.177702E-02,0,0.387531E-03,-0.948905,-0.374718E-02,-0.848680E-04,0.350348E-02,0.810145E-04,0.158164E-11,0.240901E-12,0.388631E-13,518.540,13.1907,13.3670,5.00000,0,0.789793E-01,2.00909,2.03595,5.00000,0,0.127412E-01,0.324114,0.328447,1.80000,0,295.442,294.209,96559.5,1.13774,1012.74,0.254382E-01,0.975351E-05,0.934408E-02,1268.70,2487.80,0.821288E-02,50.9966,1219.11,283.648,0.763814,-0.596537E-01,0.202140E-01,0.766406,-0.291530E-12,0.305018E-14,0.766406,3.66693,179.334,355.534,1.51136,-9999,0.123909,0.342726,15.7011,0.128016,-1552.10,0.722480E-01,0,-9999,-9999,-9999,-9999,-9999,-9999,-9999,-0.172103E-01,1.01498,-10.0603,1.02960,0.494185E-02,1.34480,0.111926E-03,1.34480,0.186270E-01,1.34480,0.132140E-02,1.34480,800009000,800009100,800009000,800009000,800109000,810119000,810119111,811119111,80011,80011,80,81,13,0,15,16,1,0,0,0.301028,0.360968,0.234558E-01,0.165834,0.106116E-05,0.353285E-02,0.259540E-05,-0.873113E-02,0.288510E-05,0.480147E-03,0.340617E-04,22.0000,96.5157,0.515694,0.124927E+10,296.100
CH-CHA_201812031300.csv,2018-12-03,15:30,337.6457,1,36000,36000,-0.778940E-01,0,0.828182E-02,-43.4040,0,11.1583,0.203925E-01,0,0.181638E-01,0.461306E-03,0,0.410889E-03,0.104213,0,0.203837E-01,0.130297E-02,0,0.104064E-03,-1.92453,0.148244E-02,0.335347E-04,-0.373985E-02,-0.104948E-03,-0.304249E-12,-0.444288E-13,-0.742183E-14,520.768,13.1915,13.3678,3.75000,0,0.760464E-01,1.92632,1.95207,2.35000,0,0.127035E-01,0.321791,0.326093,1.55000,0,294.194,292.967,96559.5,1.14256,1012.71,0.253308E-01,0.298926E-04,0.938423E-02,1268.77,2304.22,0.821334E-02,55.0629,1035.45,283.649,1.93426,-1.47315,0.150356E-01,2.43141,-0.927670E-13,-0.584233E-15,2.43141,6.53577,223.622,322.707,0.354312,-9999,0.261104,0.769472,34.9130,0.575717E-01,-2128.43,0.143666,0,25.8313,-3.92000,8.86705,22.0802,33.6737,47.2278,70.7559,-0.768941E-01,1.01300,-42.3858,1.02831,0.154758E-01,1.31771,0.350082E-03,1.31771,0.790867E-01,1.31771,0.988812E-03,1.31771,800009000,800009100,800009000,800009011,800009000,800009000,800009111,800009111,80000,80000,80,80,14,5,4,0,0,0,0,0.709406,0.722265,0.107272,0.752646,0.108552E-05,0.189975E-02,0.136714E-06,-0.366317E-01,0.898593E-05,0.203000E-02,0.253809E-04,21.9833,96.5161,0.509814,0.125484E+10,296.064
CH-CHA_201812031300.csv,2018-12-03,16:00,337.6665,1,36000,36000,-0.187729E-01,0,0.242545E-02,-20.4803,0,4.95812,-0.587051E-01,1,0.248411E-01,-0.132498E-02,1,0.560666E-03,0.141978E-01,2,0.172857E-01,0.759181E-03,0,0.149943E-03,-3.66623,-0.414101E-02,-0.934632E-04,0.298866E-02,0.589178E-04,-0.144308E-11,-0.217942E-12,-0.353494E-13,524.893,13.1894,13.3657,4.20000,0,0.792722E-01,1.99194,2.01856,4.90000,0,0.128577E-01,0.323085,0.327403,1.60000,0,291.837,290.619,96559.5,1.15179,1012.66,0.251278E-01,-0.858588E-04,0.945857E-02,1268.57,1989.40,0.821206E-02,63.7664,720.832,283.646,1.80783,-0.362388,0.527143E-01,1.84455,-0.272173E-12,-0.274929E-14,1.84455,4.08858,197.813,348.665,1.63765,-9999,0.127667,0.324137,8.64880,0.232402,348.867,0.137538,0,-9999,-9999,-9999,-9999,-9999,-9999,-9999,-0.184143E-01,1.01947,-19.7595,1.04097,-0.399442E-01,1.46968,-0.901546E-03,1.46968,0.966051E-02,1.46968,0.516563E-03,1.46968,800009000,800009100,800009000,800009011,800009000,800009010,800009111,800019111,80000,80000,80,81,4,13,7,0,0,0,0,0.189444,0.413779,0.450521E-01,0.356582,0.359240E-05,0.352179E-02,0.381343E-06,-0.169411E-01,-0.229555E-04,0.245979E-03,0.131529E-04,21.9956,96.5061,0.504418,0.123950E+10,295.889
CH-CHA_201812031300.csv,2018-12-03,16:30,337.6873,1,36000,36000,-0.445729E-01,0,0.486797E-02,-18.3533,0,1.70242,-0.157387E-01,1,0.163231E-01,-0.354877E-03,1,0.368055E-03,0.127121E-01,2,0.666910E-02,0.582404E-03,1,0.207000E-03,-1.59082,-0.108614E-01,-0.244903E-03,-0.939981E-03,0.131408E-04,-0.308980E-11,-0.462008E-12,-0.757852E-13,526.520,13.1841,13.3602,4.15000,0,0.787289E-01,1.97137,1.99771,2.25000,0,0.129142E-01,0.323372,0.327693,2.00000,0,290.817,289.604,96559.5,1.15583,1012.63,0.250400E-01,-0.229961E-04,0.948789E-02,1268.06,1865.40,0.820872E-02,67.9778,597.342,283.640,2.14192,0.360880,0.763969E-01,2.17345,-0.353024E-13,-0.586835E-14,2.17345,5.03246,177.373,9.56361,2.01436,-9999,0.196376,0.308642,35.1235,0.572267E-01,1166.13,0.798510E-01,0,-9999,-9999,-9999,-9999,-9999,-9999,-9999,-0.440191E-01,1.01258,-17.9436,1.02718,-0.120185E-01,1.30954,-0.270994E-03,1.30954,0.970728E-02,1.30954,0.444740E-03,1.30954,800009000,800009100,800009000,800009000,800009000,800009000,800009111,800009111,80011,80011,80,80,15,14,1,1,1,0,0,0.322968,0.225894,0.684227E-01,0.333390E-01,0.966578E-06,0.298176E-03,0.481975E-06,-0.153308E-01,-0.687599E-05,0.246305E-03,0.112845E-04,22.0000,96.5043,0.504306,0.119879E+10,295.683
CH-CHA_201812031300.csv,2018-12-03,17:00,337.7082,0,36000,36000,-0.324645E-01,0,0.360629E-02,-33.2225,1,5.74319,0.182279E-01,1,0.594353E-02,0.411311E-03,1,0.134115E-03,-0.121139E-01,1,0.685470E-02,0.129134E-02,0,0.230073E-03,1.20891,-0.525075E-02,-0.118483E-03,-0.373034E-04,-0.152854E-04,0.172368E-11,0.257681E-12,0.422422E-13,525.014,13.1815,13.3575,0.500000E-01,0,0.784866E-01,1.97055,1.99687,0.500000E-01,0,0.128665E-01,0.323037,0.327352,1.80000,0,291.593,290.378,96559.5,1.15275,1012.65,0.251069E-01,0.266530E-04,0.946076E-02,1267.81,1959.25,0.820711E-02,64.7090,691.438,283.637,1.89191,-0.236891,0.488104E-01,1.90731,0.183869E-12,0.328312E-14,1.90731,3.93491,193.503,352.863,1.46643,-9999,0.167817,0.326697,12.1096,0.165984,-1822.61,0.169591,0,-9999,-9999,-9999,-9999,-9999,-9999,-9999,-0.319250E-01,1.01690,-32.2082,1.03580,0.129229E-01,1.41051,0.291605E-03,1.41051,-0.858828E-02,1.41051,0.915514E-03,1.41051,800009000,800009100,800009000,800009000,800009000,800009010,800009111,800009111,80101,80101,80,81,5,7,5,0,0,0,0,0.246473,0.356337,0.505838E-01,0.372368,0.340517E-06,0.103304E-02,0.590193E-06,-0.275913E-01,0.741868E-05,-0.218493E-03,0.232915E-04,22.0000,96.5063,0.506333,0.117897E+10,295.511
CH-CHA_201812031300.csv,2018-12-03,17:30,337.7290,0,36000,36000,-0.305043E-01,1,0.521684E-02,-31.2336,0,7.79521,-0.401360E-01,1,0.155048E-01,-0.905684E-03,1,0.349871E-03,0.472855E-01,0,0.152977E-01,0.134018E-02,0,0.319784E-03,0.359327E-01,-0.293261E-02,-0.661755E-04,-0.145243E-02,-0.911803E-04,0.258249E-11,0.379866E-12,0.629039E-13,524.915,13.1800,13.3560,4.80000,0,0.772113E-01,1.93869,1.96458,1.55000,0,0.127858E-01,0.321037,0.325324,1.45000,0,291.616,290.401,96559.5,1.15266,1012.65,0.251088E-01,-0.586883E-04,0.945897E-02,1267.67,1962.10,0.820620E-02,64.6078,694.429,283.636,2.25309,-0.984893,0.295494E-01,2.45913,-0.865657E-13,0.491982E-14,2.45913,5.80781,211.213,336.388,0.688496,-9999,0.162678,0.556943,11.7333,0.171308,778.194,0.164488,0,-9999,-9999,-9999,-9999,-9999,-9999,-9999,-0.299511E-01,1.01847,-30.1780,1.03939,-0.279111E-01,1.43799,-0.629825E-03,1.43799,0.328830E-01,1.43799,0.931981E-03,1.43799,800009000,800009100,800009000,800009000,800019000,800119000,800009111,800009111,80011,80011,80,80,7,19,17,16,0,0,0,0.556182,0.460835,0.968681E-01,0.690199,0.769660E-06,0.200203E-02,0.688326E-06,-0.258542E-01,-0.160246E-04,0.836638E-03,0.237123E-04,22.0000,96.5108,0.510833,0.116798E+10,295.355
CH-CHA_201812031300.csv,2018-12-03,18:00,337.7498,0,36000,36000,-0.514143E-01,0,0.546274E-02,-32.0133,0,6.71703,-0.187125E-01,0,0.873763E-02,-0.422643E-03,0,0.197349E-03,0.107289E-01,0,0.104647E-01,0.127150E-02,0,0.322182E-03,1.48403,-0.452156E-02,-0.102125E-03,-0.196289E-02,0.312999E-04,-0.251948E-11,-0.362400E-12,-0.615112E-13,523.110,13.1778,13.3537,3.50000,0,0.752438E-01,1.89548,1.92079,2.25000,0,0.127714E-01,0.321726,0.326022,1.75000,0,292.573,291.353,96559.5,1.14889,1012.67,0.251912E-01,-0.273873E-04,0.942644E-02,1267.45,2083.51,0.820480E-02,60.8326,816.057,283.633,2.60519,-0.446529,0.595479E-01,2.64385,-0.432555E-13,-0.481634E-14,2.64385,5.57647,197.152,350.274,1.29059,-9999,0.211545,0.520035,25.1731,0.798471E-01,1710.80,0.130072,0,22.3144,-3.38629,7.65980,19.0740,29.0890,40.7978,61.1225,-0.506787E-01,1.01451,-31.1645,1.03158,-0.138682E-01,1.34931,-0.313229E-03,1.34931,0.795142E-02,1.34931,0.942337E-03,1.34931,800009000,800009100,800009000,800009011,800009000,800109010,800009111,800009111,80000,80000,80,80,20,5,6,3,1,0,0,0.464845,0.473700,0.101524,0.459799,0.389818E-06,0.733684E-03,0.717750E-06,-0.267864E-01,-0.799556E-05,0.202970E-03,0.240543E-04,21.9728,96.5219,0.511669,0.115097E+10,295.200
CH-CHA_201812031300.csv,2018-12-03,18:30,337.7707,0,36000,36000,-0.434596E-01,0,0.644086E-02,-27.5561,0,2.63392,-0.166789E-01,1,0.105091E-01,-0.376884E-03,1,0.237469E-03,0.251149E-01,0,0.128079E-01,0.941009E-03,0,0.284424E-03,0.737117,0.620068E-03,0.140113E-04,0.121217E-02,0.102257E-03,0.251377E-11,0.366668E-12,0.618004E-13,522.272,13.1781,13.3540,2.30000,0,0.761807E-01,1.92221,1.94787,1.55000,0,0.128400E-01,0.323980,0.328307,1.30000,0,293.049,291.827,96559.5,1.14703,1012.68,0.252322E-01,-0.244221E-04,0.941135E-02,1267.48,2146.33,0.820499E-02,59.0535,878.846,283.634,1.91372,-0.785209,0.645360E-01,2.06955,-0.748150E-13,0.481313E-14,2.06955,5.42123,208.175,337.691,1.78698,-9999,0.194651,0.562501,22.7833,0.882225E-01,1652.15,0.121876,0,-9999,-9999,-9999,-9999,-9999,-9999,-9999,-0.428665E-01,1.01383,-26.8752,1.02967,-0.124553E-01,1.33910,-0.281446E-03,1.33910,0.187551E-01,1.33910,0.702719E-03,1.33910,800009000,800009100,800009000,800009011,800009000,800109000,800009111,800109111,80111,80111,80,81,17,12,7,0,0,0,0,0.471846,0.576868,0.762886E-01,0.957363E-01,0.509603E-06,0.180141E-02,0.754338E-06,-0.231370E-01,-0.719596E-05,0.479526E-03,0.179670E-04,21.9817,96.5176,0.510690,0.115325E+10,295.064
CH-CHA_201812031300.csv,2018-12-03,19:00,337.7915,0,35989,35989,-0.202668E-01,1,0.361904E-02,-20.2776,0,2.20642,0.437368E-02,1,0.347586E-02,0.987795E-04,1,0.785021E-04,0.142513E-01,1,0.139812E-01,0.922687E-03,0,0.169459E-03,-0.820266,-0.264700E-02,-0.597824E-04,0.754312E-03,-0.498466E-04,0.166494E-11,0.244976E-12,0.407976E-13,523.164,13.1768,13.3527,1.90000,0,0.769776E-01,1.93881,1.96469,2.30000,0,0.128196E-01,0.322883,0.327194,1.55000,0,292.520,291.301,96559.5,1.14910,1012.66,0.251866E-01,0.640091E-05,0.942742E-02,1267.36,2076.65,0.820417E-02,61.0289,809.293,283.632,1.42628,-0.886174,0.344536E-01,1.67951,-0.276257E-13,0.318243E-14,1.67951,3.92561,219.695,328.147,1.17545,-9999,0.132805,0.348704,9.83296,0.204414,-4636.27,0.131214,0,-9999,-9999,-9999,-9999,-9999,-9999,-9999,-0.199083E-01,1.01800,-19.6199,1.03785,0.304225E-02,1.43765,0.687091E-04,1.43765,0.991291E-02,1.43765,0.641804E-03,1.43765,800009000,800009100,800009000,800009011,800009000,800009000,800009111,800009111,80000,80000,80,81,0,7,4,2,125,0,0,0.319008,0.327201,0.511988E-01,0.891221E-01,0.260526E-06,0.268390E-02,0.401031E-06,-0.168606E-01,0.175357E-05,0.252993E-03,0.163799E-04,22.0000,96.5114,0.511351,0.114321E+10,294.973
CH-CHA_201812031900.csv,2018-12-03,19:30,337.8123,0,36000,36000,-0.363501E-01,1,0.466354E-02,-34.5411,0,5.40272,0.116649E-01,1,0.421399E-02,0.263160E-03,1,0.950676E-04,0.646962E-01,1,0.226378E-01,0.200690E-02,1,0.415120E-03,-1.79253,-0.132436E-02,-0.298777E-04,-0.456871E-03,0.581134E-04,-0.666536E-12,-0.975712E-13,-0.163980E-13,525.205,13.1761,13.3520,2.10000,0,0.768824E-01,1.92879,1.95454,1.50000,0,0.129210E-01,0.324157,0.328485,1.40000,0,291.369,290.155,96559.5,1.15364,1012.64,0.250875E-01,0.170528E-04,0.946419E-02,1267.29,1931.79,0.820376E-02,65.6021,664.496,283.631,1.26881,-1.20758,0.282782E-01,1.75184,0.253639E-12,-0.126910E-14,1.75184,8.75928,231.280,316.416,0.924910,-9999,0.177508,0.805875,13.7837,0.145824,-2961.12,0.166569,0,-9999,-9999,-9999,-9999,-9999,-9999,-9999,-0.357855E-01,1.01578,-33.5658,1.03337,0.841770E-02,1.38576,0.189904E-03,1.38576,0.466866E-01,1.38576,0.144823E-02,1.38576,800009000,800009100,800009000,800009000,811109000,811119100,800009111,801109111,80111,80111,80,81,12,15,4,8,67,0,0,0.744920,0.797346,0.694833E-01,0.258086,0.168472E-06,0.310086E-02,0.103460E-05,-0.287324E-01,0.482757E-05,0.118683E-02,0.368158E-04,22.0000,96.5114,0.511417,0.113798E+10,294.906
CH-CHA_201812031900.csv,2018-12-03,20:00,337.8331,0,36000,36000,-0.355458,2,0.417900E-01,-39.9694,0,8.14853,0.419953,1,0.154733,0.946831E-02,1,0.348864E-02,0.638692E-01,1,0.294182E-01,0.298158E-02,1,0.101346E-02,-1.00376,-0.303708E-02,-0.684744E-04,-0.231360E-02,0.256505E-04,-0.114280E-10,-0.162919E-11,-0.281670E-12,526.307,13.1746,13.3505,4.40000,0,0.750309E-01,1.87819,1.90326,1.40000,0,0.129720E-01,0.324718,0.329053,1.25000,0,290.726,289.515,96559.5,1.15619,1012.62,0.250322E-01,0.613546E-03,0.948405E-02,1267.15,1854.77,0.820283E-02,68.3183,587.624,283.630,-0.391625,-3.67647,0.706666E-01,3.69674,0.861972E-12,-0.217136E-13,3.69674,19.9833,270.096,263.928,1.09533,-9999,0.554472,7.93809,363.040,0.553657E-02,-95.1759,0.615701E-01,0,31.9709,-4.85171,10.9746,27.3282,41.6773,58.4530,87.5732,-0.351132,1.01232,-39.0216,1.02807,0.324775,1.29306,0.732242E-02,1.29306,0.493940E-01,1.29306,0.230583E-02,1.29306,800009000,800009100,800009000,800109000,800109000,811119010,801009111,801109111,80011,80011,80,81,19,17,7,15,2,0,0,10.4881,5.10422,0.283855,0.886543,0.233002E-04,0.181806E-02,0.218117E-05,-0.333293E-01,0.185733E-03,0.125288E-02,0.584876E-04,22.0000,96.5102,0.510222,0.112688E+10,294.802
CH-CHA_201812031900.csv,2018-12-03,20:30,337.8540,0,36000,36000,-0.150323,1,0.134359E-01,-28.7638,0,20.2753,-0.143720,1,0.360422E-01,-0.323968E-02,1,0.812449E-03,0.683246E-01,1,0.162891E-01,0.587383E-03,1,0.620599E-03,-0.325623,-0.272561E-01,-0.614396E-03,-0.887926E-03,-0.718677E-04,-0.333172E-11,-0.470546E-12,-0.818041E-13,526.150,13.1612,13.3367,4.45000,0,0.743092E-01,1.85878,1.88357,1.30000,0,0.129186E-01,0.323147,0.327457,1.40000,0,290.516,289.307,96559.5,1.15703,1012.61,0.250141E-01,-0.209931E-03,0.948122E-02,1265.86,1830.39,0.819446E-02,69.1581,564.529,283.614,2.16953,-3.02180,0.674551E-01,3.72058,-0.764527E-12,-0.633227E-14,3.72058,12.8001,239.261,305.677,1.03885,-9999,0.360447,5.05123,138.586,0.145036E-01,200.138,0.681110E-01,0,24.4496,-3.71031,8.39274,20.8991,31.8725,44.7016,66.9711,-0.148401,1.01295,-28.0673,1.02936,-0.110063,1.30579,-0.248101E-02,1.30579,0.523243E-01,1.30579,0.449829E-03,1.30579,800009000,800009100,800009000,800009000,800009000,800019111,800019111,800019111,80011,80011,80,81,29,6,23,6,107,0,0,1.67804,8.18987,0.234547,5.83744,0.199014E-05,0.803270E-03,0.188735E-05,-0.239560E-01,-0.628846E-04,0.132623E-02,0.114015E-04,22.0000,96.5090,0.508972,0.102465E+10,294.608
CH-CHA_201812031900.csv,2018-12-03,21:00,337.8748,0,36000,36000,-0.842801,1,0.986521E-01,-206.158,1,73.2970,-0.160984,2,0.702081E-01,-0.362231E-02,2,0.157975E-02,0.294535,1,0.553892E-01,0.958604E-02,1,0.208260E-02,-2.95739,-0.317415E-02,-0.714216E-04,0.133745E-02,-0.138122E-04,-0.223809E-10,-0.321067E-11,-0.549075E-12,529.516,13.1596,13.3351,4.75000,0,0.759621E-01,1.88782,1.91300,1.25000,0,0.129907E-01,0.322847,0.327153,1.60000,0,288.635,287.434,96559.5,1.16457,1012.57,0.248521E-01,-0.234726E-03,0.954189E-02,1265.72,1622.78,0.819350E-02,77.9965,357.069,283.613,3.33791,-1.22395,0.238038,3.56320,-0.189207E-12,-0.422667E-13,3.56320,10.8642,205.945,339.863,3.83048,-9999,0.850707,2.14173,254.194,0.790733E-02,1280.61,0.205508,0,36.3499,-5.51624,12.4777,31.0713,47.3858,66.4592,99.5680,-0.832611,1.01224,-201.435,1.02778,-0.124573,1.29229,-0.280302E-02,1.29229,0.227917,1.29229,0.741786E-02,1.29229,800009000,800009100,800009000,800009011,800009000,800019001,800009111,800009111,80000,80000,80,81,15,29,12,21,54,0,0,2.66773,1.13096,0.484761,1.86862,0.688880E-06,0.831967E-03,0.959823E-06,-0.170822,-0.705862E-04,0.573945E-02,0.186798E-03,21.9661,96.5164,0.503742,0.101242E+10,294.332
CH-CHA_201812031900.csv,2018-12-03,21:30,337.8956,0,36000,36000,-0.104816,0,0.105281E-01,-23.7523,1,3.43623,-0.514172E-02,1,0.123079E-02,-0.115817E-03,1,0.277235E-04,0.153563E-01,2,0.923804E-02,-0.217700E-03,2,0.246819E-03,1.73876,-0.212495E-02,-0.478645E-04,-0.600971E-03,0.438594E-04,-0.183810E-11,-0.261877E-12,-0.452316E-13,527.446,13.1586,13.3340,4.35000,0,0.751460E-01,1.87472,1.89972,1.30000,0,0.129793E-01,0.323803,0.328121,5.00000,0,289.745,288.539,96559.5,1.16011,1012.60,0.249477E-01,-0.750494E-05,0.950458E-02,1265.62,1742.65,0.819285E-02,72.6258,477.037,283.611,3.35468,-0.842209,0.899992E-01,3.45996,-0.294057E-12,-0.348491E-14,3.45996,8.22923,200.561,345.907,1.49053,-9999,0.300583,1.00418,97.3246,0.206525E-01,4619.53,0.672678E-01,0,25.4651,-3.86443,8.74136,21.7672,33.1964,46.5584,69.7530,-0.103486,1.01285,-23.1818,1.02892,-0.393756E-02,1.30581,-0.886935E-04,1.30581,0.117600E-01,1.30581,-0.166716E-03,1.30581,800009100,800009100,800009000,800009000,800009110,800009110,800009111,800019111,80010,80010,80,80,12,19,7,0,795,0,0,1.08024,0.780797,0.147329,0.187946,0.387202E-07,0.523870E-03,0.294980E-06,-0.197339E-01,-0.224209E-05,0.297281E-03,-0.421443E-05,22.0000,96.5075,0.507528,0.100523E+10,294.112
CH-CHA_201812031900.csv,2018-12-03,22:00,337.9165,0,36000,36000,-0.583991E-01,0,0.617809E-02,-32.3432,0,3.34583,-0.155607E-01,1,0.704471E-02,-0.350948E-03,1,0.158883E-03,0.115962E-01,1,0.671310E-02,-0.167080E-03,2,0.173569E-03,2.05886,0.638405E-03,0.143983E-04,-0.720404E-04,0.676839E-04,0.646897E-11,0.920846E-12,0.159912E-12,525.066,13.1589,13.3344,4.75000,0,0.747421E-01,1.87314,1.89812,2.50000,0,0.129795E-01,0.325286,0.329623,0.100000,0,291.065,289.854,96559.5,1.15484,1012.62,0.250614E-01,-0.227414E-04,0.946168E-02,1265.65,1895.30,0.819304E-02,66.7783,629.649,283.612,2.55423,-0.235304,0.905819E-01,2.56665,-0.968331E-13,0.123203E-13,2.56665,6.49748,192.451,354.737,2.02250,-9999,0.224875,0.511706,29.9287,0.671595E-01,2078.52,0.122990,0,24.4600,-3.71190,8.39634,20.9081,31.8861,44.7207,66.9998,-0.576085E-01,1.01372,-31.5366,1.02990,-0.116764E-01,1.33266,-0.263344E-03,1.33266,0.870157E-02,1.33266,-0.125373E-03,1.33266,800009000,800009100,800009000,800009000,800009000,800009010,800009111,800009111,80011,80011,80,80,24,17,7,0,330,0,0,0.521949,0.410268,0.911938E-01,0.104682,0.235257E-06,0.322948E-03,0.579873E-06,-0.269677E-01,-0.668743E-05,0.220970E-03,-0.318376E-05,22.0000,96.5179,0.517944,0.100717E+10,294.036
CH-CHA_201812031900.csv,2018-12-03,22:30,337.9373,0,36000,36000,-0.310319E-01,1,0.518511E-02,-33.1399,0,3.40601,0.414846E-01,1,0.252627E-01,0.936494E-03,1,0.570293E-03,0.121323E-01,1,0.631859E-02,0.609299E-03,0,0.770438E-04,1.50847,-0.254051E-02,-0.573507E-04,0.152167E-03,0.323250E-04,-0.855413E-11,-0.121995E-11,-0.211939E-12,523.271,13.1576,13.3331,0.300000,0,0.746267E-01,1.87649,1.90151,1.65000,0,0.129646E-01,0.325996,0.330342,1.60000,0,292.036,290.821,96559.5,1.15101,1012.64,0.251450E-01,0.606848E-04,0.942934E-02,1265.53,2014.86,0.819226E-02,62.8096,749.334,283.610,2.27663,-0.229902,0.667193E-01,2.28918,0.268898E-12,-0.163474E-13,2.28918,5.67216,190.186,354.234,1.67015,-9999,0.164197,0.585777,11.3711,0.176764,-798.849,0.173162,0,-9999,-9999,-9999,-9999,-9999,-9999,-9999,-0.304755E-01,1.01826,-32.0328,1.03885,0.288860E-01,1.43615,0.652088E-03,1.43615,0.844778E-02,1.43615,0.424260E-03,1.43615,800009000,800009100,800009000,800009000,800009000,801109010,800009111,800119111,80111,80111,80,81,11,15,8,2,234,0,0,0.706872,0.380721,0.839614E-01,0.136377,0.250111E-05,0.317517E-03,0.907115E-07,-0.274828E-01,0.166145E-04,0.215240E-03,0.108097E-04,22.0000,96.5198,0.519750,0.997715E+09,293.995
CH-CHA_201812031900.csv,2018-12-03,23:00,337.9581,0,36000,36000,-0.330304E-01,1,0.540502E-02,-12.7011,1,1.92984,-0.668035E-01,1,0.222029E-01,-0.150814E-02,1,0.501248E-03,0.315222E-01,1,0.102539E-01,0.454389E-03,1,0.127501E-03,0.891223E-01,-0.464980E-02,-0.104973E-03,0.907722E-03,0.426661E-04,-0.585304E-11,-0.843759E-12,-0.145459E-12,523.077,13.1553,13.3307,5.00000,0,0.754053E-01,1.89644,1.92172,0.500000E-01,0,0.129994E-01,0.326933,0.331292,1.25000,0,292.093,290.878,96559.5,1.15078,1012.64,0.251499E-01,-0.977274E-04,0.942584E-02,1265.30,2022.13,0.819082E-02,62.5729,756.823,283.608,0.562365,-1.23196,0.230710E-01,1.35444,0.171755E-13,-0.111897E-13,1.35444,4.59701,254.730,294.536,0.976002,-9999,0.169418,0.568681,32.5910,0.616734E-01,190.126,0.643325E-01,0,-9999,-9999,-9999,-9999,-9999,-9999,-9999,-0.326369E-01,1.01206,-12.4475,1.02492,-0.516655E-01,1.29300,-0.116639E-02,1.29300,0.243791E-01,1.29300,0.351423E-03,1.29300,800009000,800009100,800009000,800009000,800009010,810109010,810109111,811109111,80011,80011,80,81,12,9,3,1,0,0,0,0.761695,0.348373,0.272953E-01,0.191900,0.461287E-05,0.230410E-02,0.455414E-06,-0.106815E-01,-0.297241E-04,0.621274E-03,0.895560E-05,22.0000,96.5208,0.520833,0.980055E+09,294.012
CH-CHA_201812031900.csv,2018-12-03,23:30,337.9790,0,36000,36000,-0.513884E-01,1,0.698333E-02,-38.4833,0,4.83813,-0.195906E-01,0,0.674245E-02,-0.441908E-03,0,0.152090E-03,0.577750E-01,0,0.153655E-01,0.810398E-03,0,0.775608E-04,-1.34225,0.757462E-02,0.170861E-03,0.147133E-02,-0.400427E-04,0.730755E-11,0.107104E-11,0.181067E-12,524.772,13.1591,13.3345,5.00000,0,0.769138E-01,1.92867,1.95439,1.40000,0,0.130028E-01,0.326056,0.330404,1.30000,0,291.232,290.020,96559.5,1.15418,1012.63,0.250758E-01,-0.286356E-04,0.945640E-02,1265.66,1915.37,0.819315E-02,66.0792,649.709,283.612,2.27847,-0.932051,0.675564E-01,2.46266,0.284016E-12,0.139252E-13,2.46266,5.98801,209.384,337.752,1.57195,-9999,0.211006,0.616137,20.7808,0.967241E-01,1964.37,0.156046,0,22.8479,-3.46726,7.84296,19.5301,29.7846,41.7733,62.5840,-0.506306E-01,1.01497,-37.4349,1.03235,-0.143917E-01,1.36125,-0.324635E-03,1.36125,0.424427E-01,1.36125,0.595335E-03,1.36125,800009000,800009100,800009000,800009000,800009000,800109110,800009111,800009111,80011,80011,80,81,6,13,10,0,0,0,0,0.679146,0.457914,0.952134E-01,0.229355,0.277959E-06,0.167140E-02,0.904316E-07,-0.320297E-01,-0.824859E-05,0.107842E-02,0.151268E-04,22.0000,96.5201,0.520083,0.100849E+10,294.001
CH-CHA_201812031900.csv,2018-12-04,00:00,338.0000,0,36000,36000,-0.126266,0,0.119569E-01,-31.2097,0,6.52075,0.202867E-01,2,0.202601E-01,0.457047E-03,2,0.456446E-03,0.339929E-01,0,0.138172E-01,0.799207E-03,0,0.115376E-03,-2.00974,-0.550682E-04,-0.124065E-05,-0.239906E-02,-0.193936E-04,-0.547588E-11,-0.780802E-12,-0.135506E-12,527.095,13.1590,13.3345,0.350000,0,0.751582E-01,1.87634,1.90136,5.00000,0,0.130435E-01,0.325633,0.329975,1.80000,0,289.948,288.742,96559.5,1.15929,1012.60,0.249652E-01,0.296167E-04,0.949825E-02,1265.66,1765.40,0.819314E-02,71.6924,499.744,283.612,2.45371,-1.46202,0.925999E-01,2.85775,-0.113333E-12,-0.103888E-13,2.85775,8.73276,214.918,329.212,1.85688,-9999,0.330025,1.38604,98.0366,0.205026E-01,-1538.43,0.805585E-01,0,27.7313,-4.20833,9.51926,23.7043,36.1506,50.7017,75.9603,-0.124795,1.01179,-30.5393,1.02621,0.157553E-01,1.28762,0.354956E-03,1.28762,0.263999E-01,1.28762,0.620687E-03,1.28762,800009000,800009100,800009000,800009011,800009000,800109010,800009111,800009111,80000,80000,80,81,23,25,4,0,0,0,0,1.10092,1.52764,0.143514,0.421255,0.154937E-05,0.981716E-03,0.117301E-06,-0.260152E-01,0.897925E-05,0.667832E-03,0.157014E-04,21.9528,96.5359,0.518196,0.100830E+10,293.990
CH-CHA_201812031900.csv,2018-12-04,00:30,338.0208,0,36000,36000,-0.113003,1,0.147378E-01,-47.1260,0,5.80739,-0.918867E-01,1,0.398984E-01,-0.207034E-02,1,0.898969E-03,0.307315E-01,0,0.812668E-02,0.742658E-03,0,0.945449E-04,0.155430,-0.560169E-02,-0.126214E-03,-0.975616E-04,-0.716885E-05,0.492753E-11,0.701963E-12,0.121903E-12,526.805,13.1563,13.3317,5.00000,0,0.750472E-01,1.87421,1.89920,1.50000,0,0.130327E-01,0.325477,0.329816,1.60000,0,290.047,288.841,96559.5,1.15890,1012.60,0.249737E-01,-0.134158E-03,0.949302E-02,1265.40,1776.63,0.819142E-02,71.2247,511.231,283.609,2.01730,-0.615428,0.338722E-01,2.10936,0.110160E-11,0.935361E-14,2.10936,8.06819,191.349,343.034,0.920100,-9999,0.312265,2.08761,54.9978,0.365469E-01,512.871,0.128604,0,28.2659,-4.28945,9.70276,24.1612,36.8474,51.6790,77.4246,-0.111714,1.01154,-46.1778,1.02491,-0.714949E-01,1.28522,-0.161089E-02,1.28522,0.239114E-01,1.28522,0.577845E-03,1.28522,800009000,800009100,800009000,800009000,800009000,801109010,800009111,800109111,80111,80111,80,81,12,13,4,1,0,0,0,1.84696,2.20577,0.122494,0.283224,0.505716E-05,0.393375E-03,0.997939E-07,-0.393504E-01,-0.407641E-04,0.605088E-03,0.146226E-04,22.0000,96.5185,0.518500,0.987370E+09,293.983
CH-CHA_201812031900.csv,2018-12-04,01:00,338.0416,0,35988,35988,-0.157520E-01,0,0.260495E-02,-16.8696,0,1.98793,0.306186E-01,0,0.106232E-01,0.688645E-03,0,0.238928E-03,0.762763E-02,2,0.800338E-02,0.622971E-03,0,0.122936E-03,-2.95450,-0.932749E-02,-0.209785E-03,0.832026E-03,0.177668E-04,-0.192242E-11,-0.276595E-12,-0.476320E-13,530.052,13.1517,13.3270,0.500000E-01,0,0.762630E-01,1.89225,1.91747,5.00000,0,0.131331E-01,0.325862,0.330205,2.05000,0,288.171,286.972,96559.5,1.16645,1012.56,0.248122E-01,0.446242E-04,0.955154E-02,1264.96,1574.91,0.818859E-02,80.3194,309.953,283.604,0.909029,0.989496,0.656052E-01,1.34527,0.571200E-13,-0.362686E-14,1.34527,3.39177,142.302,47.4270,2.79528,-9999,0.116208,0.273086,7.91817,0.253846,-550.958,0.122909,0,-9999,-9999,-9999,-9999,-9999,-9999,-9999,-0.154535E-01,1.01932,-16.2844,1.04020,0.208453E-01,1.46885,0.468832E-03,1.46885,0.519292E-02,1.46885,0.424121E-03,1.46885,800009000,800009100,800009000,800009011,800009000,800009001,800109111,801119111,80000,80000,80,81,4,3,2,7,0,0,0,0.152817,0.367287,0.260684E-01,0.134653,0.109883E-05,0.801103E-03,0.355431E-06,-0.137875E-01,0.117872E-04,0.130558E-03,0.106630E-04,21.9850,96.5227,0.517130,0.952748E+09,293.984
CH-CHA_201812040100.csv,2018-12-04,01:30,338.0624,0,36000,36000,-0.149016E-01,1,0.324815E-02,-3.76017,2,1.65105,0.249148E-01,1,0.131554E-01,0.560974E-03,1,0.296203E-03,0.613732E-02,1,0.579844E-02,0.857345E-03,0,0.226611E-03,1.79752,0.118469E-01,0.266741E-03,0.263686E-02,0.578344E-04,0.657504E-11,0.974270E-12,0.163468E-12,528.185,13.1575,13.3330,1.80000,0,0.782648E-01,1.94965,1.97564,1.85000,0,0.131316E-01,0.327121,0.331482,1.90000,0,289.317,288.113,96559.5,1.16182,1012.59,0.249109E-01,0.363511E-04,0.951789E-02,1265.52,1695.58,0.819220E-02,74.6364,430.060,283.610,0.982682,0.241569,0.464110E-01,1.01300,0.570354E-12,0.124484E-13,1.01300,3.24489,179.350,13.8109,2.62594,-9999,0.113252,0.463648,32.8824,0.611268E-01,-150.921,0.282220E-01,0,-9999,-9999,-9999,-9999,-9999,-9999,-9999,-0.147216E-01,1.01223,-3.68502,1.02434,0.193728E-01,1.28607,0.436193E-03,1.28607,0.477215E-02,1.28607,0.666640E-03,1.28607,800009000,800009100,800009000,800009000,800009000,800109000,800119111,800119111,80111,80111,80,81,12,6,6,2,0,0,0,0.347373,0.553110,0.268113E-01,0.209411,0.176797E-05,0.100940E-02,0.104640E-05,-0.313234E-02,0.110103E-04,0.120457E-03,0.168271E-04,22.0000,96.5167,0.516667,0.996905E+09,294.020
CH-CHA_201812040100.csv,2018-12-04,02:00,338.0833,0,36000,36000,-0.114736E-01,0,0.222063E-02,-7.33400,0,1.13643,-0.233417E-01,1,0.826231E-02,-0.525663E-03,1,0.186070E-03,0.907442E-02,0,0.409939E-02,0.917520E-03,0,0.150458E-03,0.334913,-0.241580E-02,-0.544047E-04,-0.308314E-03,-0.513168E-05,0.236454E-11,0.349195E-12,0.587721E-13,527.747,13.1564,13.3318,5.00000,0,0.779377E-01,1.94293,1.96883,2.40000,0,0.131175E-01,0.327009,0.331368,1.95000,0,289.531,288.326,96559.5,1.16097,1012.59,0.249293E-01,-0.340630E-04,0.951001E-02,1265.40,1718.95,0.819147E-02,73.6148,453.548,283.609,0.920343,0.522885,0.461954E-01,1.05952,-0.720610E-13,0.448044E-14,1.05952,2.50621,158.936,29.6027,2.49892,-9999,0.994123E-01,0.141981,11.4028,0.176272,314.202,0.627549E-01,0,-9999,-9999,-9999,-9999,-9999,-9999,-9999,-0.112894E-01,1.01631,-7.12703,1.03351,-0.167554E-01,1.39309,-0.377337E-03,1.39309,0.651389E-02,1.39309,0.658623E-03,1.39309,800009000,800009100,800009000,800009000,800009000,800109000,800119111,811119111,80011,80011,80,80,6,8,5,1,0,0,0,0.162990,0.105938,0.150342E-01,0.497270E-01,0.961571E-06,0.400704E-03,0.570967E-06,-0.606256E-02,-0.953165E-05,0.164543E-03,0.166370E-04,22.0000,96.5165,0.516500,0.987891E+09,294.038
CH-CHA_201812040100.csv,2018-12-04,02:30,338.1041,0,36000,36000,-0.660947E-01,1,0.968064E-02,-34.1722,1,6.78786,-0.190885,1,0.259770E-01,-0.429767E-02,1,0.584855E-03,0.114742,1,0.321965E-01,0.129057E-01,1,0.239235E-02,-0.434076,-0.633587E-02,-0.142648E-03,0.398617E-02,0.105129E-03,-0.458710E-10,-0.707834E-11,-0.114840E-11,528.128,13.1533,13.3286,4.80000,0,0.814954E-01,2.02968,2.05673,3.45000,0,0.132219E-01,0.329297,0.333686,5.00000,0,289.254,288.051,96559.5,1.16208,1012.58,0.249054E-01,-0.278489E-03,0.951687E-02,1265.11,1688.74,0.818953E-02,74.9143,423.632,283.605,0.585678E-01,0.820584E-01,0.224122E-01,0.103277,-0.164678E-12,-0.868558E-13,0.103277,1.32834,114.593,54.4833,12.5336,-9999,0.238488,0.164313,33.7874,0.594897E-01,179.020,0.121770,0,54.1825,-8.22240,18.5991,46.3144,70.6323,99.0628,148.414,-0.640893E-01,1.03129,-33.2066,1.03368,-0.147373,1.29525,-0.331802E-02,1.29525,0.885867E-01,1.29525,0.996385E-02,1.29525,800009000,800109100,800009000,800009000,800009000,800009001,811119111,811119111,80001,80001,80,81,1,2,2,4,0,0,0,0.260705,0.538767E-01,0.140446E-01,0.184475,0.113489E-05,0.442832E-02,0.230006E-04,-0.282201E-01,-0.837338E-04,0.223558E-02,0.251448E-03,22.0000,96.5138,0.513806,0.964219E+09,294.027
CH-CHA_201812040100.csv,2018-12-04,03:00,338.1249,0,36000,36000,-0.902351E-02,1,0.164063E-02,-0.758228,1,0.686317,0.110790E-01,1,0.610581E-02,0.248914E-03,1,0.137180E-03,-0.317812E-02,2,0.234482E-02,-0.394207E-03,1,0.163040E-03,-3.47570,0.107216E-02,0.240883E-04,-0.275995E-02,0.153386E-03,-0.765461E-13,-0.114645E-13,-0.193556E-14,532.194,13.1538,13.3291,0.300000,0,0.797079E-01,1.97007,1.99633,3.10000,0,0.134572E-01,0.332609,0.337043,0.500000E-01,0,287.055,285.861,96559.5,1.17098,1012.54,0.247161E-01,0.161296E-04,0.959014E-02,1265.16,1464.76,0.818986E-02,86.3732,199.600,283.606,-0.589486,0.204690E-01,0.248392E-01,0.590364,0.105622E-12,-0.143831E-15,0.590364,1.70883,24.1569,178.011,2.41139,-9999,0.877836E-01,0.168702,75.9371,0.264693E-01,-68.4381,0.728491E-02,0,-9999,-9999,-9999,-9999,-9999,-9999,-9999,-0.891065E-02,1.01267,-0.744526,1.02194,0.887597E-02,1.24821,0.199417E-03,1.24821,-0.254615E-02,1.24821,-0.315819E-03,1.24821,800009000,800109100,800009000,800009000,800009000,800009000,811119111,811119111,80100,80100,80,81,0,0,0,0,1,0,0,0.207630,0.127244,0.253125E-02,0.393182,0.153961E-05,0.102208E-02,0.122570E-04,-0.627940E-03,0.499425E-05,-0.637664E-04,-0.790945E-05,22.0000,96.5068,0.506806,0.968384E+09,294.058
CH-CHA_201812040100.csv,2018-12-04,03:30,338.1458,0,36000,36000,-0.720015E-01,1,0.904535E-02,-70.0039,1,12.5778,-0.176408,1,0.438011E-01,-0.396825E-02,1,0.985293E-03,0.131403,1,0.252165E-01,0.401152E-02,1,0.113029E-02,2.02077,0.119025E-01,0.267743E-03,0.177231E-04,-0.289432E-03,0.117243E-10,0.175554E-11,0.290738E-12,530.057,13.1596,13.3351,3.80000,0,0.793683E-01,1.97046,1.99673,3.00000,0,0.131443E-01,0.326331,0.330682,1.55000,0,288.340,287.140,96559.5,1.16576,1012.57,0.248267E-01,-0.257143E-03,0.955163E-02,1265.71,1592.15,0.819348E-02,79.4972,326.436,283.613,1.83992,-0.821276,0.220258E-01,2.01501,-0.152645E-12,0.221189E-13,2.01501,5.97731,205.241,335.946,0.626305,-9999,0.248523,0.861249,18.6638,0.107695,396.829,0.238628,0,28.5980,-4.33985,9.81675,24.4451,37.2803,52.2862,78.3342,-0.709649E-01,1.01461,-68.1776,1.03121,-0.129977,1.35722,-0.292380E-02,1.35722,0.968172E-01,1.35722,0.295568E-02,1.35722,800009000,800009100,800009000,800009000,800009000,810109001,800009111,800009111,80011,80011,80,81,11,3,4,1,14,0,0,0.911321,0.735821,0.753564E-01,1.15439,0.642849E-05,0.425316E-02,0.883465E-05,-0.577574E-01,-0.735525E-04,0.243558E-02,0.743545E-04,22.0000,96.5038,0.503778,0.101233E+10,294.030
CH-CHA_201812040100.csv,2018-12-04,04:00,338.1666,0,36000,36000,-0.751555E-01,0,0.986202E-02,-26.8714,0,5.36259,-0.823671E-02,0,0.892598E-02,-0.185648E-03,0,0.201183E-03,-0.925037E-02,2,0.948608E-02,0.924426E-03,0,0.164175E-03,3.21593,0.303287E-02,0.683580E-04,-0.314416E-02,-0.703105E-04,-0.243662E-11,-0.352090E-12,-0.601320E-13,526.361,13.1611,13.3366,3.85000,0,0.760585E-01,1.90176,1.92712,0.500000E-01,0,0.129897E-01,0.324794,0.329126,1.80000,0,290.398,289.189,96559.5,1.15750,1012.61,0.250039E-01,-0.120300E-04,0.948502E-02,1265.86,1816.67,0.819441E-02,69.6800,550.814,283.614,1.54763,-1.47524,0.604347E-02,2.13811,0.190072E-13,-0.462919E-14,2.13811,6.05710,228.561,316.372,0.161950,-9999,0.254812,0.703395,52.4097,0.383517E-01,3262.39,0.899718E-01,0,24.3537,-3.69576,8.35982,20.8171,31.7474,44.5262,66.7084,-0.742894E-01,1.01166,-26.3213,1.02520,-0.639509E-02,1.28797,-0.144139E-03,1.28797,-0.718211E-02,1.28797,0.717737E-03,1.28797,800009000,800009100,800009000,800009000,800009000,800109010,800009111,800009111,80001,80001,80,80,8,4,7,0,77,0,0,0.745104,0.543312,0.118374,0.278043,0.273797E-06,0.121020E-02,0.175358E-06,-0.224566E-01,-0.365192E-05,-0.181966E-03,0.181846E-04,22.0000,96.5113,0.511306,0.102391E+10,293.989
CH-CHA_201812040100.csv,2018-12-04,04:30,338.1874,0,36000,36000,-0.413269E-01,0,0.434563E-02,-18.1521,0,2.79363,-0.834729E-02,0,0.829660E-02,-0.188183E-03,0,0.187040E-03,-0.216781E-01,1,0.106821E-01,0.718399E-03,0,0.104711E-03,0.370728,-0.622160E-03,-0.140261E-04,0.236104E-03,0.133284E-04,-0.171513E-11,-0.248514E-12,-0.423658E-13,525.918,13.1608,13.3363,4.25000,0,0.762027E-01,1.90692,1.93236,5.00000,0,0.129908E-01,0.325086,0.329421,1.60000,0,290.635,289.426,96559.5,1.15655,1012.62,0.250244E-01,-0.121942E-04,0.947705E-02,1265.83,1844.28,0.819421E-02,68.6353,578.453,283.614,2.08416,-0.185789,0.532186E-01,2.09310,-0.109161E-12,-0.326122E-14,2.09310,8.31370,191.144,354.906,1.45695,-9999,0.189031,0.635559,31.6750,0.634571E-01,2174.61,0.819943E-01,0,-9999,-9999,-9999,-9999,-9999,-9999,-9999,-0.408065E-01,1.01275,-17.7417,1.02745,-0.635329E-02,1.31385,-0.143230E-03,1.31385,-0.164996E-01,1.31385,0.546788E-03,1.31385,800009000,800009100,800009000,800009000,810009000,811109000,800009111,800009111,80101,80101,80,81,26,1,5,4,0,0,0,0.482562,0.725050,0.635064E-01,0.177367,0.475614E-06,0.112501E-02,0.170683E-06,-0.151490E-01,-0.363184E-05,-0.418377E-03,0.138648E-04,22.0000,96.5178,0.517833,0.102170E+10,293.981
CH-CHA_201812040100.csv,2018-12-04,05:00,338.2083,0,36000,36000,-0.723584E-01,0,0.574316E-02,21.3634,2,26.7884,0.955371E-02,0,0.269601E-02,0.215066E-03,0,0.606906E-04,0.282352E-01,0,0.116399E-01,0.597766E-03,0,0.998120E-04,-2.39236,0.324238E-02,0.729902E-04,0.500535E-03,-0.969817E-05,0.290142E-11,0.422750E-12,0.716133E-13,528.754,13.1624,13.3379,3.65000,0,0.770418E-01,1.91781,1.94339,1.35000,0,0.130508E-01,0.324875,0.329208,1.50000,0,289.111,287.908,96559.5,1.16265,1012.59,0.248931E-01,0.139363E-04,0.952815E-02,1265.98,1673.25,0.819520E-02,75.6597,407.274,283.616,1.65855,-1.42088,0.872681E-02,2.18398,0.183450E-12,0.548728E-14,2.18398,5.84508,226.996,319.413,0.228945,-9999,0.249471,0.651692,-61.8613,-0.324921E-01,2236.14,-0.727395E-01,0,25.6496,-3.89243,8.80468,21.9249,33.4369,46.8957,70.2583,-0.715939E-01,1.01068,21.0057,1.02132,0.789997E-02,1.20934,0.177838E-03,1.20934,0.233477E-01,1.20934,0.494293E-03,1.20934,800009000,800009100,800009000,800009000,800009000,800119000,800009111,800119111,80111,80111,80,81,50,7,15,0,351,0,0,0.591682,0.612032,0.996696E-01,4.06956,0.147886E-06,0.102264E-02,0.112381E-06,0.178425E-01,0.448577E-05,0.588919E-03,0.124680E-04,22.0000,96.5212,0.521167,0.103379E+10,293.983
CH-CHA_201812040100.csv,2018-12-04,05:30,338.2291,0,36000,36000,-0.298494E-01,1,0.431484E-02,-24.7658,0,3.43975,0.101592E-01,1,0.424366E-02,0.228616E-03,1,0.954960E-04,-0.495043E-02,2,0.228231E-02,0.320090E-03,1,0.967803E-04,-0.587028,-0.294773E-03,-0.663334E-05,-0.246696E-02,0.185215E-04,-0.631125E-11,-0.893890E-12,-0.155970E-12,529.433,13.1622,13.3378,0.250000,0,0.749858E-01,1.86422,1.88909,0.500000E-01,0,0.130838E-01,0.325277,0.329616,1.50000,0,288.738,287.536,96559.5,1.16415,1012.58,0.248610E-01,0.148143E-04,0.954038E-02,1265.96,1633.53,0.819511E-02,77.4988,367.564,283.616,-0.118073,-1.89007,0.274108E-01,1.89395,0.508598E-12,-0.119208E-13,1.89395,5.71800,277.799,266.425,0.829262,-9999,0.160126,0.715194,14.1112,0.142440,-2437.76,0.131205,0,-9999,-9999,-9999,-9999,-9999,-9999,-9999,-0.293827E-01,1.01588,-24.0580,1.03372,0.732243E-02,1.38741,0.164778E-03,1.38741,-0.356810E-02,1.38741,0.230710E-03,1.38741,800009000,800009100,800009000,800009011,800009000,800109000,800109111,800109111,80000,80000,80,81,40,4,13,0,0,0,0,0.619731,0.761642,0.490141E-01,0.158466,0.330880E-06,0.547641E-04,0.213383E-06,-0.204089E-01,0.415097E-05,-0.898849E-04,0.581187E-05,21.9700,96.5308,0.519571,0.103245E+10,293.980
CH-CHA_201812040100.csv,2018-12-04,06:00,338.2499,0,36000,36000,-0.829381E-01,1,0.105009E-01,-26.6847,0,3.76554,-0.217656E-01,1,0.106327E-01,-0.489623E-03,1,0.239185E-03,0.157849E-01,1,0.920409E-02,0.710687E-03,0,0.199647E-03,-0.582234,-0.732752E-03,-0.164835E-04,0.984271E-04,0.169818E-04,0.950617E-12,0.134798E-12,0.235198E-13,530.098,13.1619,13.3374,2.40000,0,0.751680E-01,1.86636,1.89125,1.75000,0,0.131155E-01,0.325646,0.329989,1.50000,0,288.368,287.167,96559.5,1.16565,1012.57,0.248291E-01,-0.317276E-04,0.955236E-02,1265.93,1595.00,0.819489E-02,79.3687,329.069,283.615,0.322811,-1.98796,0.434111E-01,2.01447,-0.321339E-12,0.179329E-14,2.01447,6.76546,266.465,279.223,1.23480,-9999,0.266743,1.03384,60.5398,0.332013E-01,1226.00,0.847571E-01,0,30.4426,-4.61978,10.4499,26.0218,39.6850,55.6587,83.3869,-0.820127E-01,1.01128,-26.1632,1.02425,-0.170168E-01,1.27907,-0.382797E-03,1.27907,0.123410E-01,1.27907,0.555628E-03,1.27907,800009100,800009100,800009000,800009000,800009010,800109010,800109111,800119111,80011,80011,80,81,9,8,18,0,364,0,0,1.03337,0.960064,0.742521E-01,0.138461,0.475657E-06,0.549963E-03,0.349587E-06,-0.221666E-01,-0.963077E-05,0.310486E-03,0.139790E-04,22.0000,96.5208,0.520806,0.103004E+10,293.968
CH-CHA_201812040100.csv,2018-12-04,06:30,338.2707,0,36000,36000,-0.519672E-01,1,0.595202E-02,-25.9305,0,2.87269,-0.608275E-02,0,0.445267E-02,-0.136837E-03,0,0.100167E-03,0.129097E-02,0,0.646016E-03,0.634833E-03,0,0.113604E-03,0.468531E-01,-0.176360E-02,-0.396739E-04,-0.319695E-03,0.221518E-04,0.124728E-11,0.176220E-12,0.309074E-13,530.008,13.1610,13.3365,5.00000,0,0.748810E-01,1.85942,1.88422,3.50000,0,0.131335E-01,0.326126,0.330476,1.40000,0,288.397,287.197,96559.5,1.16553,1012.57,0.248317E-01,-0.886705E-05,0.955075E-02,1265.85,1598.07,0.819435E-02,79.2110,332.222,283.614,0.279276,-2.28969,-0.767694E-02,2.30667,-0.113030E-12,0.235333E-14,2.30667,6.00012,270.074,276.954,-0.190689,-9999,0.211156,0.680575,30.9046,0.650389E-01,4262.96,0.104054,0,24.5616,-3.72732,8.43120,20.9949,32.0185,44.9064,67.2780,-0.512925E-01,1.01316,-25.3181,1.02850,-0.460114E-02,1.32201,-0.103507E-03,1.32201,0.976520E-03,1.32201,0.480203E-03,1.32201,800009000,800009100,800009000,800009000,800009000,800109000,800009111,800009111,80011,80011,80,80,17,5,18,0,286,0,0,0.716655,0.564917,0.795775E-01,0.945539E-01,0.271964E-06,0.330686E-05,0.144831E-06,-0.214527E-01,-0.260439E-05,0.245707E-04,0.120826E-04,22.0000,96.5194,0.519444,0.102327E+10,293.949
CH-CHA_201812040100.csv,2018-12-04,07:00,338.2916,0,35989,35989,-0.594821E-01,0,0.645320E-02,-24.3548,0,5.10632,-0.115679E-01,1,0.814885E-02,-0.260075E-03,1,0.183206E-03,-0.110545E-02,1,0.389406E-03,0.740391E-03,1,0.139887E-03,-0.988620,-0.234738E-02,-0.527747E-04,-0.194606E-04,0.178646E-04,-0.317641E-11,-0.448709E-12,-0.788109E-13,531.117,13.1599,13.3353,4.45000,0,0.750271E-01,1.85900,1.88379,3.50000,0,0.131777E-01,0.326513,0.330867,1.50000,0,287.770,286.573,96559.5,1.16807,1012.56,0.247777E-01,-0.168528E-04,0.957073E-02,1265.74,1534.49,0.819364E-02,82.4857,268.756,283.613,-0.663349,-2.38590,0.480444E-01,2.47687,0.216705E-13,-0.598063E-14,2.47687,6.57782,293.488,254.463,1.11145,-9999,0.225662,0.623424,40.1617,0.500477E-01,2105.38,0.912509E-01,0,28.1386,-4.27014,9.65908,24.0525,36.6815,51.4464,77.0760,-0.587356E-01,1.01271,-23.7974,1.02774,-0.882560E-02,1.31072,-0.198421E-03,1.31072,-0.843390E-03,1.31072,0.564873E-03,1.31072,800009000,800009100,800009000,800009000,800009000,810109000,800009111,800119111,80001,80001,80,80,56,22,21,0,11,0,0,0.706208,0.475943,0.646973E-01,0.294222,0.408570E-06,0.181124E-05,0.213255E-06,-0.201206E-01,-0.498171E-05,-0.211748E-04,0.141822E-04,22.0000,96.5172,0.517214,0.101422E+10,293.939
CH-CHA_201812040700.csv,2018-12-04,07:30,338.3124,0,36000,36000,-0.840028E-01,1,0.750136E-02,-35.8963,0,4.60595,0.633952E-01,1,0.253618E-01,0.142433E-02,1,0.569814E-03,0.467662E-02,0,0.144184E-02,0.528938E-03,0,0.831263E-04,-1.10492,-0.455947E-02,-0.102439E-03,-0.110293E-03,0.836166E-05,-0.805437E-12,-0.113652E-12,-0.199984E-13,532.321,13.1576,13.3331,2.45000,0,0.751135E-01,1.85662,1.88137,3.00000,0,0.132171E-01,0.326694,0.331050,1.40000,0,287.071,285.877,96559.5,1.17091,1012.54,0.247175E-01,0.922964E-04,0.959243E-02,1265.53,1466.24,0.819226E-02,86.3109,200.715,283.610,-0.915249,-2.43333,0.610426E-01,2.60048,-0.132026E-13,-0.151307E-14,2.60048,8.97073,300.389,249.387,1.34506,-9999,0.267846,1.22290,45.5635,0.441142E-01,-566.230,0.113039,0,27.9788,-4.24589,9.60421,23.9159,36.4732,51.1542,76.6383,-0.829561E-01,1.01262,-35.0735,1.02767,0.484762E-01,1.30776,0.108913E-02,1.30776,0.357605E-02,1.30776,0.404461E-03,1.30776,800009000,800009100,800009000,800009011,800009010,810109010,800109111,800109111,80000,80000,80,80,15,5,14,0,0,0,0,1.17664,1.17670,0.924532E-01,0.158683,0.186136E-05,0.142606E-04,0.111281E-06,-0.295829E-01,0.272782E-04,0.895648E-04,0.101300E-04,21.9967,96.5192,0.517947,0.997582E+09,293.929
CH-CHA_201812040700.csv,2018-12-04,08:00,338.3332,0,36000,36000,-0.272859E-01,2,0.685713E-02,-22.7623,0,5.05315,0.521636E-01,2,0.505018E-01,0.117246E-02,2,0.113511E-02,-0.142909E-02,1,0.806188E-03,0.481165E-03,0,0.642197E-04,0.669295,-0.109853E-01,-0.246912E-03,-0.545727E-04,0.138774E-05,-0.323421E-11,-0.456261E-12,-0.803429E-13,531.321,13.1523,13.3276,1.50000,0,0.749551E-01,1.85544,1.88016,4.75000,0,0.131988E-01,0.326724,0.331078,1.40000,0,287.495,286.299,96559.5,1.16919,1012.55,0.247540E-01,0.759751E-04,0.957441E-02,1265.02,1507.32,0.818894E-02,83.9248,242.306,283.604,0.602870E-01,-1.67907,0.122728E-01,1.68020,-0.991183E-13,-0.608712E-14,1.68020,7.00423,269.167,272.056,0.418514,-9999,0.152766,0.896959,13.3315,0.150770,-436.363,0.125860,0,-9999,-9999,-9999,-9999,-9999,-9999,-9999,-0.268597E-01,1.01586,-22.1151,1.03347,0.375812E-01,1.38802,0.844695E-03,1.38802,-0.102958E-02,1.38802,0.346655E-03,1.38802,800009000,800009100,800009000,800009000,800009000,800109000,800109111,800119111,80101,80101,80,81,7,3,4,0,0,0,0,1.26234,0.464640,0.669377E-01,0.286396,0.603006E-05,0.340760E-05,0.784096E-07,-0.186805E-01,0.211871E-04,-0.258246E-04,0.869500E-05,22.0000,96.5174,0.517389,0.956978E+09,293.915
CH-CHA_201812040700.csv,2018-12-04,08:30,338.3541,1,36000,36000,0.226467E-01,1,0.185361E-01,-24.8880,0,5.26827,-0.656792,1,0.844096E-01,-0.147647E-01,1,0.189753E-02,-0.337271E-01,1,0.100027E-01,0.120608E-02,1,0.243570E-03,0.259453,-0.634322E-02,-0.142596E-03,0.953704E-03,0.167719E-04,0.194462E-10,0.277450E-11,0.483723E-12,530.893,13.1492,13.3244,4.10000,0,0.757457E-01,1.87608,1.90107,1.65000,0,0.132060E-01,0.327087,0.331445,1.70000,0,287.659,286.463,96559.5,1.16852,1012.55,0.247681E-01,-0.956754E-03,0.956670E-02,1264.72,1523.52,0.818701E-02,83.0128,258.805,283.601,0.873352E-01,1.70677,-0.697401E-01,1.71043,-0.255799E-13,0.366291E-13,1.71043,3.82175,100.149,87.0707,-2.33680,-9999,0.139214,0.354998,9.22740,0.217830,37.8933,0.151096,0,-9999,-9999,-9999,-9999,-9999,-9999,-9999,0.222331E-01,1.01860,-24.0793,1.03910,-0.452582,1.45121,-0.101741E-01,1.45121,-0.232407E-01,1.45121,0.831084E-03,1.45121,800009000,800009100,800009000,800009000,800009000,800009000,800009111,800109111,80001,80001,80,80,13,9,2,0,0,0,0,0.387381,0.240258,0.823582E-01,0.228076,0.315088E-05,0.121945E-03,0.146988E-06,-0.203513E-01,-0.255337E-03,-0.583268E-03,0.208576E-04,22.0000,96.5169,0.516944,0.933390E+09,293.917
CH-CHA_201812040700.csv,2018-12-04,09:00,338.3749,1,36000,36000,-0.230020E-01,0,0.549161E-02,-2.36971,2,2.31343,0.786524E-02,2,0.632960E-02,0.176664E-03,2,0.142172E-03,0.153997E-01,2,0.102394E-01,0.654845E-03,0,0.203499E-03,-1.37777,0.842749E-02,0.189293E-03,0.175633E-02,-0.911324E-06,0.359824E-11,0.523590E-12,0.894732E-13,532.670,13.1533,13.3286,1.85000,0,0.775102E-01,1.91397,1.93948,2.45000,0,0.132452E-01,0.327067,0.331426,1.40000,0,286.788,285.596,96559.5,1.17207,1012.54,0.246932E-01,0.114478E-04,0.959871E-02,1265.11,1439.45,0.818956E-02,87.8886,174.337,283.605,-0.336683,0.105435,0.279632E-01,0.353912,-0.229664E-12,0.675511E-14,0.353912,2.84283,13.9298,162.612,4.53176,-9999,0.140090,0.585776,98.7494,0.203546E-01,-301.289,0.142536E-01,0,-9999,-9999,-9999,-9999,-9999,-9999,-9999,-0.226506E-01,1.01551,-2.32590,1.02294,0.632642E-02,1.24324,0.142100E-03,1.24324,0.123868E-01,1.24324,0.526726E-03,1.24324,800009000,800009100,800009000,800009000,800009010,800109010,800119111,801119111,80011,80011,80,81,0,4,4,5,10,0,0,0.269705,0.872460,0.293865E-01,0.587286,0.410150E-06,0.777456E-03,0.471220E-06,-0.195987E-02,0.355548E-05,0.309929E-03,0.131792E-04,22.0000,96.5157,0.515722,0.964556E+09,293.945
CH-CHA_201812040700.csv,2018-12-04,09:30,338.3957,1,36000,36000,-0.452075E-01,1,0.698573E-02,-8.34338,1,4.36464,0.468656E-01,1,0.184424E-01,0.105107E-02,1,0.413613E-03,0.153572E-01,2,0.125828E-01,0.127733E-02,1,0.261785E-03,-2.52631,-0.223795E-03,-0.501912E-05,-0.109097E-02,-0.697331E-04,0.262192E-11,0.376859E-12,0.648983E-13,535.631,13.1532,13.3285,1.75000,0,0.769884E-01,1.89056,1.91576,5.00000,0,0.132581E-01,0.325571,0.329910,1.75000,0,285.201,284.014,96559.5,1.17859,1012.51,0.245564E-01,0.681094E-04,0.965207E-02,1265.10,1296.59,0.818949E-02,97.5716,31.4858,283.605,-0.651820,-0.854609,0.598283E-01,1.07648,-0.209461E-12,0.489501E-14,1.07648,5.73014,318.966,232.667,3.18602,-9999,0.195850,0.692333,76.6350,0.262282E-01,-178.028,0.356990E-01,0,-9999,-9999,-9999,-9999,-9999,-9999,-9999,-0.447188E-01,1.01093,-8.19997,1.02148,0.374215E-01,1.25237,0.839265E-03,1.25237,0.122625E-01,1.25237,0.101993E-02,1.25237,800009000,800009100,800009000,800009011,800009010,800109010,800109111,810119111,80000,80000,80,81,4,3,11,0,0,0,0,0.546511,0.798194,0.399614E-01,0.191633,0.141116E-05,0.121880E-02,0.562173E-06,-0.687147E-02,0.208830E-04,0.305121E-03,0.253783E-04,21.9811,96.5164,0.509314,0.963853E+09,293.982
CH-CHA_201812040700.csv,2018-12-04,10:00,338.4166,1,36000,36000,-0.274077E-01,1,0.617826E-02,-8.30764,1,1.96952,-0.212619E-01,2,0.757028E-02,-0.476673E-03,2,0.169719E-03,-0.998355E-02,1,0.384023E-02,0.635613E-03,1,0.954016E-04,-0.612581,-0.321606E-02,-0.721013E-04,-0.102005E-02,0.115502E-04,0.292974E-11,0.416284E-12,0.725812E-13,536.291,13.1516,13.3269,4.25000,0,0.762011E-01,1.86870,1.89361,0.400000,0,0.132861E-01,0.325818,0.330160,1.75000,0,284.816,283.632,96559.5,1.18018,1012.50,0.245233E-01,-0.308884E-04,0.966397E-02,1264.95,1263.93,0.818853E-02,100.000,0.00000,283.604,0.333534,1.12347,0.204892E-01,1.17211,-0.648420E-13,0.546296E-14,1.17211,3.35821,113.123,73.4650,1.00161,-9999,0.152392,0.353019,36.2579,0.554361E-01,390.729,0.456216E-01,0,-9999,-9999,-9999,-9999,-9999,-9999,-9999,-0.270862E-01,1.01187,-8.14754,1.02405,-0.165694E-01,1.28320,-0.371472E-03,1.28320,-0.778019E-02,1.28320,0.495334E-03,1.28320,800009000,800009100,800009000,800009000,800009000,800009000,800019111,810119111,80001,80001,80,81,5,0,3,9,45,0,0,0.517555,0.162903,0.255794E-01,0.104189,0.460654E-06,0.159146E-03,0.162035E-06,-0.681838E-02,-0.923064E-05,-0.193329E-03,0.123085E-04,22.0000,96.5069,0.506917,0.952083E+09,293.972
CH-CHA_201812040700.csv,2018-12-04,10:30,338.4374,1,36000,36000,-0.280013E-01,1,0.507930E-02,7.97017,0,4.04694,-9999,-9999,-9999,-9999,-9999,-9999,-9999,-9999,-9999,-9999,-9999,-9999,3.31297,-9999,-9999,-9999,-9999,-9999,-9999,-9999,-9999,-9999,-9999,-9999,0,-9999,-9999,-9999,-9999,0,-9999,-9999,-9999,-9999,0,285.722,285.722,96559.5,1.17736,1005.38,0.246013E-01,-9999,-9999,-9999,1451.92,-9999,-9999,-9999,-9999,1.49111,0.795363,0.517700E-01,1.69076,-0.206414E-12,-0.970182E-14,1.69076,3.89134,156.308,28.0757,1.75463,-9999,0.154218,0.382819,-39.0854,-0.514259E-01,-9999,-0.436611E-01,0,-9999,-9999,-9999,-9999,-9999,-9999,-9999,-0.277004E-01,1.01086,7.81204,1.02024,-9999,-9999,-9999,-9999,-9999,-9999,-9999,-9999,800009000,800009100,800009000,800009011,800009000,801009011,800019111,801119111,80111,80111,80,81,4,7,0,0,0,0,0,0.491621,0.223276,0.507410E-01,0.113181,-9999,-9999,-9999,0.659973E-02,-9999,-9999,-9999,19.8594,97.3103,0.508477,0.956132E+09,293.988
CH-CHA_201812040700.csv,2018-12-04,11:00,338.4582,1,36000,36000,-0.321409E-01,0,0.398974E-02,17.3288,0,4.72249,0.150303,1,0.846076E-01,0.337547E-02,1,0.190010E-02,-0.100889E-01,2,0.114827E-01,0.483114E-03,0,0.685721E-04,-0.465697,-9999,-9999,-9999,-9999,-0.108385E-11,-0.158825E-12,-0.267692E-13,533.123,13.1568,13.3322,4.70000,0,0.781229E-01,1.92798,1.95368,5.00000,0,0.131672E-01,0.324950,0.329283,1.65000,0,286.622,285.429,96559.5,1.17275,1012.54,0.246788E-01,0.218731E-03,0.960688E-02,1265.45,1423.77,0.819176E-02,88.8799,158.324,283.610,2.04134,-0.354789E-01,0.424339E-01,2.04208,-0.496478E-13,-0.203302E-14,2.04208,4.15348,187.820,359.004,1.19067,-9999,0.165549,0.322229,-22.2855,-0.901933E-01,115.292,-0.881507E-01,0,-9999,-9999,-9999,-9999,-9999,-9999,-9999,-0.318015E-01,1.01067,17.0518,1.02096,0.124521,1.20705,0.279645E-02,1.20705,-0.835830E-02,1.20705,0.400242E-03,1.20705,800009000,800009100,800009000,800009011,800009000,800009010,800019111,800019111,80000,80000,80,80,4,9,4,11,0,0,0,0.329990,0.254535,0.599335E-01,0.293178,0.268953E-04,0.102100E-02,0.922819E-07,0.143600E-01,0.699295E-04,-0.209012E-03,0.100087E-04,21.9839,96.5194,0.513414,0.991538E+09,294.014
CH-CHA_201812040700.csv,2018-12-04,11:30,338.4790,1,36000,36000,-0.288840E-01,0,0.419804E-02,47.0724,0,12.4432,-9999,-9999,-9999,-9999,-9999,-9999,-9999,-9999,-9999,-9999,-9999,-9999,3.49612,-9999,-9999,-9999,-9999,-9999,-9999,-9999,-9999,-9999,-9999,-9999,0,-9999,-9999,-9999,-9999,0,-9999,-9999,-9999,-9999,0,287.650,287.650,96559.5,1.16947,1005.42,0.247673E-01,-9999,-9999,-9999,1646.15,-9999,-9999,-9999,-9999,2.09300,-0.354424,0.677746E-01,2.12388,-0.104063E-13,0.133787E-14,2.12388,4.77548,197.088,350.389,1.82866,-9999,0.157157,0.397742,-7.00381,-0.286987,-9999,-0.254739,0,-9999,-9999,-9999,-9999,-9999,-9999,-9999,-0.285791E-01,1.01067,46.0968,1.02116,-9999,-9999,-9999,-9999,-9999,-9999,-9999,-9999,800009000,800009100,800009000,800009011,800009111,800009111,800009111,800019111,80111,80111,80,80,3,9,7,7,0,0,0,0.361408,0.361518,0.725581E-01,1.14567,-9999,-9999,-9999,0.392044E-01,-9999,-9999,-9999,18.9517,97.6528,0.511356,0.957439E+09,294.093
CH-CHA_201812040700.csv,2018-12-04,12:00,338.4999,1,36000,36000,-0.258315E-01,0,0.480203E-02,4.03094,1,1.85791,0.540553E-01,0,0.183799E-01,0.121783E-02,0,0.414088E-03,0.203302E-01,0,0.956411E-02,0.701640E-03,0,0.285885E-03,1.72104,-9999,-9999,-9999,-9999,0.687706E-12,0.100975E-12,0.169268E-13,526.964,13.1559,13.3313,5.00000,0,0.773737E-01,1.93167,1.95742,2.05000,0,0.129703E-01,0.323811,0.328128,2.35000,0,289.951,288.745,96559.5,1.15928,1012.60,0.249655E-01,0.789157E-04,0.949589E-02,1265.36,1765.77,0.819118E-02,71.6605,500.411,283.608,1.27329,-0.255787,0.547494E-01,1.29988,0.106204E-12,0.130504E-14,1.29988,3.51898,196.983,348.641,2.41395,-9999,0.149273,0.268271,-70.2376,-0.286171E-01,74.5706,-0.230038E-01,0,-9999,-9999,-9999,-9999,-9999,-9999,-9999,-0.255355E-01,1.01159,3.97164,1.01990,0.451493E-01,1.19726,0.101719E-02,1.19726,0.169807E-01,1.19726,0.586040E-03,1.19726,800009000,800009100,800009000,800009011,800009000,800009010,800019111,800119111,80111,80111,80,81,10,8,5,4,0,0,0,0.285909,0.217095,0.335383E-01,0.517985E-01,0.158252E-05,0.136064E-02,0.863811E-06,0.338332E-02,0.257318E-04,0.429560E-03,0.148250E-04,21.9717,96.5104,0.499764,0.984405E+09,294.284
CH-CHA_201812040700.csv,2018-12-04,12:30,338.5207,1,36000,36000,-0.113859E-01,1,0.396734E-02,10.5299,0,2.04577,0.444922E-01,1,0.321547E-01,0.100270E-02,1,0.724658E-03,-0.801417E-03,2,0.215897E-02,0.108422E-02,1,0.236457E-03,0.521096,0.772528E-02,0.174102E-03,-0.774418E-03,-0.104277E-04,0.740449E-12,0.107737E-12,0.182068E-13,526.510,13.1597,13.3352,5.00000,0,0.766081E-01,1.91476,1.94029,0.650000,0,0.129463E-01,0.323583,0.327898,2.65000,0,290.285,289.077,96559.5,1.15795,1012.61,0.249942E-01,0.649752E-04,0.948771E-02,1265.72,1803.68,0.819354E-02,70.1745,537.957,283.613,0.706830,0.409328,0.317365E-01,0.817414,0.780337E-13,0.140633E-14,0.817414,2.34568,154.388,30.0753,2.22510,-9999,0.991605E-01,0.220769,-7.88188,-0.255015,236.669,-0.905641E-01,0,-9999,-9999,-9999,-9999,-9999,-9999,-9999,-0.112269E-01,1.01416,10.3608,1.02081,0.372435E-01,1.19463,0.839343E-03,1.19463,-0.670849E-03,1.19463,0.907574E-03,1.19463,800009000,800009100,800009000,800009011,800009000,800009000,800119111,811119111,80000,80000,80,81,5,7,2,2,0,0,0,0.244183,0.178431,0.189237E-01,0.539400E-01,0.512843E-05,0.190568E-03,0.605424E-06,0.883617E-02,0.212573E-04,-0.169901E-04,0.229854E-04,21.9961,96.5011,0.499667,0.101324E+10,294.419
CH-CHA_201812040700.csv,2018-12-04,13:00,338.5415,1,35989,35989,-0.173344E-01,0,0.247022E-02,1.20211,2,1.80656,0.109381E-01,2,0.103322E-01,0.246573E-03,2,0.232914E-03,-0.384975E-02,2,0.364433E-02,0.190399E-03,2,0.978172E-04,0.429671,0.247572E-03,0.558090E-05,0.398760E-03,0.129386E-03,-0.447593E-12,-0.654214E-13,-0.111019E-13,526.016,13.1598,13.3353,5.00000,0,0.768840E-01,1.92348,1.94913,0.500000E-01,0,0.130471E-01,0.326411,0.330764,2.85000,0,290.560,289.351,96559.5,1.15685,1012.61,0.250179E-01,0.159779E-04,0.947882E-02,1265.74,1835.51,0.819362E-02,68.9584,569.770,283.613,1.02740,0.785246,0.461901E-01,1.29395,0.974894E-14,-0.850910E-15,1.29395,2.72707,148.519,37.3908,2.04573,-9999,0.122410,0.164101,-129.881,-0.154757E-01,109.901,-0.838315E-02,0,-9999,-9999,-9999,-9999,-9999,-9999,-9999,-0.171356E-01,1.01161,1.18417,1.01990,0.913641E-02,1.19720,0.205958E-03,1.19720,-0.321563E-02,1.19720,0.159037E-03,1.19720,800009000,800009100,800009000,800009011,800009000,810019000,800119111,801119111,80000,80000,80,80,1,7,3,2,0,0,0,0.185246,0.116558,0.263985E-01,0.506875E-01,0.855075E-06,0.204443E-03,0.404021E-06,0.101086E-02,0.522107E-05,-0.815167E-04,0.403162E-05,21.9861,96.5048,0.499583,0.101430E+10,294.542
CH-CHA_201812041300.csv,2018-12-04,13:30,338.5624,1,36000,36000,-0.101870,1,0.101556E-01,42.4515,2,13.0039,0.262337,1,0.495532E-01,0.590256E-02,1,0.111494E-02,0.323026E-01,2,0.268628E-01,0.118769E-02,1,0.190983E-03,-3.10863,-0.759889E-02,-0.170974E-03,0.126259E-02,-0.800415E-04,0.888970E-11,0.131823E-11,0.219385E-12,529.471,13.1561,13.3315,4.60000,0,0.785140E-01,1.95089,1.97690,1.85000,0,0.130666E-01,0.324674,0.329002,1.90000,0,288.583,287.382,96559.5,1.16478,1012.57,0.248476E-01,0.382486E-03,0.954107E-02,1265.38,1617.36,0.819131E-02,78.2374,351.979,283.609,0.798394,-0.764425,0.476611E-01,1.10637,0.128978E-12,0.167898E-13,1.10637,6.13278,214.139,316.245,2.46900,-9999,0.295734,1.39912,-51.8605,-0.387578E-01,161.820,-0.121709,0,42.9602,-6.51938,14.7469,36.7218,56.0030,78.5450,117.675,-0.100633,1.01229,41.8067,1.02001,0.219410,1.19565,0.493670E-02,1.19565,0.270168E-01,1.19565,0.993345E-03,1.19565,800009000,800009100,800009000,800009000,800009000,800119010,800019111,800119111,80111,80111,80,81,16,0,6,3,67,0,0,0.781245,1.97841,0.385799E-01,1.24792,0.794286E-05,0.616575E-02,0.349011E-06,0.354467E-01,0.124294E-03,0.680218E-03,0.250100E-04,22.0000,96.5000,0.500028,0.985716E+09,294.602
CH-CHA_201812041300.csv,2018-12-04,14:00,338.5832,1,36000,36000,-0.753663E-01,1,0.654684E-02,-7.21683,2,1.77352,-9999,-9999,-9999,-9999,-9999,-9999,-9999,-9999,-9999,-9999,-9999,-9999,-0.984590,-9999,-9999,-9999,-9999,-9999,-9999,-9999,-9999,-9999,-9999,-9999,0,-9999,-9999,-9999,-9999,0,-9999,-9999,-9999,-9999,0,286.759,286.759,96559.5,1.17310,1005.40,0.246906E-01,-9999,-9999,-9999,1553.70,-9999,-9999,-9999,-9999,-0.383339E-01,-3.49628,0.286971E-01,3.49660,-0.242094E-12,0.152297E-13,3.49660,8.71944,276.664,269.372,0.470239,-9999,0.253466,1.02437,191.647,0.104880E-01,-9999,0.241407E-01,0,24.5484,-3.72531,8.42666,20.9836,32.0013,44.8822,67.2418,-0.744516E-01,1.01229,-7.02156,1.02781,-9999,-9999,-9999,-9999,-9999,-9999,-9999,-9999,800009000,800009100,800009000,800009011,800009000,800109010,800019111,800019111,80111,80111,80,81,6,4,7,0,68,0,0,0.961040,0.972880,0.114818,0.135325,-9999,-9999,-9999,-0.595330E-02,-9999,-9999,-9999,18.7983,97.7010,0.500397,0.926852E+09,294.488
CH-CHA_201812041300.csv,2018-12-04,14:30,338.6040,1,36000,36000,-0.561612E-01,0,0.882134E-02,2.11930,2,5.75549,0.619245E-01,0,0.689719E-01,0.139155E-02,0,0.154991E-02,0.355185E-01,0,0.224564E-01,0.326803E-03,2,0.403750E-03,-1.08822,-9999,-9999,-9999,-9999,-0.477838E-11,-0.693880E-12,-0.117880E-12,531.872,13.1555,13.3309,5.00000,0,0.772344E-01,1.91035,1.93581,1.35000,0,0.131209E-01,0.324539,0.328865,1.40000,0,287.268,286.073,96559.5,1.17011,1012.55,0.247344E-01,0.901721E-04,0.958433E-02,1265.32,1485.18,0.819095E-02,85.1967,219.856,283.608,1.49988,-1.29227,0.667240E-01,1.98092,0.966219E-13,-0.898408E-14,1.98092,6.01905,223.107,319.252,1.93028,-9999,0.219081,0.948791,-422.315,-0.475948E-02,34.2239,-0.816479E-02,0,24.1450,-3.66410,8.28820,20.6388,31.4755,44.1448,66.1369,-0.555674E-01,1.01069,2.08789,1.02081,0.513426E-01,1.20610,0.115375E-02,1.20610,0.294489E-01,1.20610,0.270957E-03,1.20610,800009000,800009100,800009000,800009011,800009000,800109000,800019111,800119111,80000,80000,80,81,9,7,8,0,2,0,0,0.623546,1.18463,0.894058E-01,0.427453,0.110013E-04,0.262706E-02,0.135248E-05,0.176224E-02,0.289163E-04,0.738074E-03,0.679096E-05,21.9828,96.5313,0.524841,0.981465E+09,294.185
CH-CHA_201812041300.csv,2018-12-04,15:00,338.6249,1,36000,36000,-0.265277E-01,1,0.500754E-02,-9.23950,1,4.65113,0.466536E-01,0,0.182006E-01,0.104846E-02,0,0.409027E-03,0.205687E-01,0,0.874398E-02,0.878689E-03,1,0.174707E-03,0.119284,0.683779E-02,0.153668E-03,0.942240E-04,0.103169E-04,0.532866E-12,0.774418E-13,0.131512E-13,531.866,13.1589,13.3343,4.75000,0,0.772963E-01,1.91238,1.93789,4.65000,0,0.131265E-01,0.324762,0.329092,1.55000,0,287.344,286.148,96559.5,1.16980,1012.55,0.247409E-01,0.679401E-04,0.958422E-02,1265.64,1492.51,0.819302E-02,84.7998,226.864,283.612,1.94349,-0.868567,0.552806E-01,2.12946,-0.809164E-13,0.100188E-14,2.12946,6.88773,210.833,335.920,1.48756,-9999,0.150589,0.594677,31.4592,0.638922E-01,-198.045,0.517995E-01,0,-9999,-9999,-9999,-9999,-9999,-9999,-9999,-0.261918E-01,1.01282,-9.02661,1.02764,0.354680E-01,1.31537,0.797082E-03,1.31537,0.156372E-01,1.31537,0.668016E-03,1.31537,800009000,800009100,800009000,800009000,800009000,800009010,800019111,800119111,80111,80111,80,81,9,12,3,0,0,0,0,0.619651,0.494670,0.750323E-01,0.184145,0.122051E-05,0.672091E-03,0.265845E-06,-0.762071E-02,0.199825E-04,0.392018E-03,0.167469E-04,22.0000,96.5277,0.527694,0.100693E+10,294.053
CH-CHA_201812041300.csv,2018-12-04,15:30,338.6457,1,36000,36000,-0.211097E-01,0,0.357896E-02,-10.0199,1,4.89811,0.243601E-01,1,0.966604E-02,0.548390E-03,1,0.217600E-03,0.102257E-01,1,0.104884E-01,0.202915E-03,2,0.812538E-04,2.81386,0.332200E-03,0.747844E-05,0.172527E-02,0.327065E-05,0.243408E-11,0.360684E-12,0.600857E-13,528.574,13.1590,13.3345,5.00000,0,0.783246E-01,1.94991,1.97592,1.80000,0,0.130480E-01,0.324833,0.329164,2.00000,0,289.136,287.933,96559.5,1.16255,1012.58,0.248953E-01,0.355357E-04,0.952491E-02,1265.66,1676.00,0.819312E-02,75.5168,410.336,283.612,1.34157,-0.486302,0.292307E-01,1.42729,0.107681E-12,0.460499E-14,1.42729,3.97780,208.255,340.075,1.17349,-9999,0.134752,0.266833,20.7861,0.966994E-01,-411.324,0.631663E-01,0,-9999,-9999,-9999,-9999,-9999,-9999,-9999,-0.208297E-01,1.01344,-9.78617,1.02806,0.183295E-01,1.32901,0.412630E-03,1.32901,0.769418E-02,1.32901,0.152681E-03,1.32901,800009000,800009100,800009000,800009000,800009000,800009010,800019111,800119111,80101,80101,80,81,13,26,5,0,0,0,0,0.201092,0.295195,0.373795E-01,0.258132,0.548157E-06,0.245097E-02,0.195170E-06,-0.831324E-02,0.104090E-04,0.194093E-03,0.385153E-05,22.0000,96.5240,0.524028,0.100808E+10,294.014
CH-CHA_201812041300.csv,2018-12-04,16:00,338.6665,1,36000,36000,-0.212809E-01,0,0.163442E-02,-5.91087,1,2.57450,-0.386858E-02,1,0.309949E-02,-0.871208E-04,1,0.698009E-04,0.598998E-01,1,0.195905E-01,0.606090E-03,0,0.136133E-03,0.601534,-0.509415E-03,-0.114721E-04,0.312352E-03,0.663410E-04,-0.109291E-11,-0.162517E-12,-0.270993E-13,527.864,13.1588,13.3342,0.500000,0,0.784937E-01,1.95672,1.98281,2.35000,0,0.130886E-01,0.326278,0.330629,1.80000,0,289.520,288.315,96559.5,1.16101,1012.59,0.249284E-01,-0.564543E-05,0.951210E-02,1265.63,1717.75,0.819297E-02,73.6798,452.116,283.612,0.763166,-0.720211,0.325417E-03,1.04935,-0.510622E-13,-0.207045E-14,1.04935,2.63048,232.274,316.659,0.177682E-01,-9999,0.135387,0.174587,35.7367,0.562447E-01,1527.92,0.371368E-01,0,-9999,-9999,-9999,-9999,-9999,-9999,-9999,-0.210284E-01,1.01201,-5.79689,1.02397,-0.301784E-02,1.28190,-0.679621E-04,1.28190,0.467272E-01,1.28190,0.472805E-03,1.28190,800009000,800009100,800009000,800009000,800009000,800109010,800119111,811119111,80011,80011,80,80,15,1,9,4,0,0,0,0.112443,0.213434,0.232970E-01,0.116669,0.491193E-06,0.574786E-02,0.352356E-06,-0.493089E-02,-0.171668E-05,0.118030E-02,0.119428E-04,22.0000,96.5264,0.526361,0.100641E+10,293.988
CH-CHA_201812041300.csv,2018-12-04,16:30,338.6873,1,36000,36000,-0.230725E-01,1,0.290790E-02,-15.6802,1,3.94324,-0.450006E-01,2,0.191635E-01,-0.101339E-02,2,0.431550E-03,-0.303548E-01,1,0.236073E-01,0.123356E-02,1,0.189432E-03,-0.542470E-01,-0.369927E-02,-0.833053E-04,0.275032E-02,0.553945E-04,-0.628402E-11,-0.963177E-12,-0.156413E-12,527.854,13.1570,13.3324,3.75000,0,0.809063E-01,2.01662,2.04351,0.500000E-01,0,0.131386E-01,0.327485,0.331851,2.15000,0,289.485,288.281,96559.5,1.16115,1012.59,0.249254E-01,-0.656674E-04,0.951193E-02,1265.46,1713.95,0.819184E-02,73.8331,448.488,283.610,0.772840,-0.899590E-01,0.290799E-01,0.778602,-0.183954E-12,-0.119048E-13,0.778602,2.54806,199.448,353.361,2.14043,-9999,0.140963,0.285875,15.2052,0.132192,348.445,0.946081E-01,0,-9999,-9999,-9999,-9999,-9999,-9999,-9999,-0.227296E-01,1.01509,-15.2908,1.02991,-0.333656E-01,1.34871,-0.751371E-03,1.34871,-0.225065E-01,1.34871,0.914617E-03,1.34871,800009000,800009100,800009000,800009000,800009000,800119010,800109111,801119111,80001,80001,80,81,2,6,2,2,1,0,0,0.199475,0.356333,0.159419E-01,0.306984,0.336123E-05,0.116774E-01,0.641310E-06,-0.130049E-01,-0.189769E-04,-0.568432E-03,0.230999E-04,22.0000,96.5296,0.529556,0.992430E+09,293.957
CH-CHA_201812041300.csv,2018-12-04,17:00,338.7082,0,36000,36000,-0.215413E-01,0,0.246430E-02,-14.9040,0,1.46385,-0.131360E-01,0,0.539659E-02,-0.295581E-03,0,0.121432E-03,-0.828478E-02,0,0.504998E-02,0.818040E-03,0,0.145944E-03,-1.28854,-0.364710E-02,-0.820660E-04,-0.345903E-02,0.792796E-05,-0.904957E-12,-0.133557E-12,-0.225398E-13,529.282,13.1552,13.3305,4.95000,0,0.781136E-01,1.94150,1.96738,1.35000,0,0.131828E-01,0.327657,0.332025,1.80000,0,288.665,287.465,96559.5,1.16445,1012.57,0.248548E-01,-0.191537E-04,0.953765E-02,1265.29,1626.02,0.819073E-02,77.8151,360.732,283.608,0.130841,1.15026,0.254206E-01,1.15795,-0.586416E-13,-0.170978E-14,1.15795,2.74157,103.059,83.5105,1.25792,-9999,0.136012,0.169317,14.3698,0.139877,1134.60,0.929355E-01,0,-9999,-9999,-9999,-9999,-9999,-9999,-9999,-0.212231E-01,1.01499,-14.5187,1.03089,-0.963863E-02,1.36284,-0.216885E-03,1.36284,-0.607904E-02,1.36284,0.600244E-03,1.36284,800009000,800009100,800009000,800009011,800009000,800009000,800009111,800009111,80000,80000,80,81,9,4,3,0,1,0,0,0.140696,0.165901,0.320363E-01,0.469360E-01,0.327272E-06,0.337496E-03,0.364176E-06,-0.123135E-01,-0.546221E-05,-0.153099E-03,0.151170E-04,21.9889,96.5348,0.530684,0.978841E+09,293.965
CH-CHA_201812041300.csv,2018-12-04,17:30,338.7290,0,36000,36000,0.150913E-02,2,0.403513E-02,-2.99764,1,2.03807,0.183950E-01,2,0.125458E-01,0.413879E-03,2,0.282273E-03,-0.121737E-01,2,0.528641E-02,0.711761E-03,1,0.233578E-03,-0.162573,-0.486424E-02,-0.109443E-03,0.165501E-02,0.908721E-05,0.161241E-11,0.242414E-12,0.401919E-13,529.376,13.1528,13.3281,0.500000E-01,0,0.795878E-01,1.97743,2.00378,5.00000,0,0.131955E-01,0.327854,0.332224,2.15000,0,288.562,287.362,96559.5,1.16486,1012.57,0.248459E-01,0.268193E-04,0.953936E-02,1265.06,1615.22,0.818925E-02,78.3214,350.156,283.605,-0.195258,0.480380,0.217219E-01,0.519002,0.198050E-13,0.304587E-14,0.519002,2.48992,73.9650,112.120,2.39872,-9999,0.359936E-01,0.215201,1.32411,1.51801,-162.959,0.706080E-01,0,-9999,-9999,-9999,-9999,-9999,-9999,-9999,0.142871E-02,1.05629,-2.70399,1.11305,0.796438E-02,2.30966,0.179194E-03,2.30966,-0.527076E-02,2.30966,0.308166E-03,2.30966,800009000,800009100,800009000,800009000,800009000,801119011,811119111,811119111,80101,80101,80,81,1,1,0,2,0,0,0,0.226210,0.193109,0.110834E-01,0.995177E-01,0.148965E-05,0.469865E-03,0.108067E-05,-0.229247E-02,0.451134E-05,-0.132695E-03,0.775830E-05,22.0000,96.5301,0.530083,0.960680E+09,293.996
CH-CHA_201812041300.csv,2018-12-04,18:00,338.7498,0,36000,36000,-0.716018E-01,1,0.102984E-01,-8.93104,1,4.56262,0.405290E-01,1,0.224809E-01,0.911770E-03,1,0.505746E-03,-0.807599E-01,1,0.173778E-01,0.640620E-02,1,0.191553E-02,-0.202388,-0.609276E-02,-0.137067E-03,0.142899E-02,0.138456E-03,0.247775E-10,0.378438E-11,0.623418E-12,529.493,13.1498,13.3250,0.500000E-01,0,0.808720E-01,2.00844,2.03520,5.00000,0,0.133224E-01,0.330859,0.335267,5.00000,0,288.433,287.234,96559.5,1.16538,1012.57,0.248348E-01,0.590827E-04,0.954146E-02,1264.78,1601.86,0.818739E-02,78.9566,337.086,283.602,0.175192E-01,-0.135668,0.293431E-01,0.139907,0.822575E-13,0.467947E-13,0.139907,1.54732,262.378,277.358,12.1067,-9999,0.247872,0.226173,145.146,0.138482E-01,-220.361,0.305339E-01,0,50.0977,-7.60252,17.1969,42.8228,65.3074,91.5946,137.225,-0.697053E-01,1.02721,-8.72095,1.02815,0.325275E-01,1.24599,0.731762E-03,1.24599,-0.648158E-01,1.24599,0.514144E-02,1.24599,800009000,800009100,800009000,800009000,800009010,800009011,801119111,811119111,80101,80101,80,81,3,0,1,0,0,0,0,0.241255,0.192635,0.184559E-01,0.864799E-01,0.124051E-05,0.985412E-03,0.125819E-04,-0.739046E-02,0.184143E-04,-0.163105E-02,0.129381E-03,22.0000,96.5275,0.527500,0.938068E+09,294.019
CH-CHA_201812041300.csv,2018-12-04,18:30,338.7707,0,36000,36000,-0.904580E-02,0,0.319851E-02,19.3166,2,6.38098,-0.655026E-02,2,0.137216E-01,-0.147230E-03,2,0.308420E-03,0.303142E-01,1,0.807772E-02,0.165436E-02,0,0.728524E-03,-1.44410,0.397449E-02,0.893347E-04,-0.220461E-03,0.545160E-04,-0.108428E-10,-0.165190E-11,-0.273745E-12,531.256,13.1518,13.3270,5.00000,0,0.809367E-01,2.00367,2.03037,1.45000,0,0.134124E-01,0.332038,0.336463,1.60000,0,287.518,286.322,96559.5,1.16909,1012.55,0.247560E-01,-0.954053E-05,0.957322E-02,1264.96,1509.64,0.818860E-02,83.7925,244.675,283.604,-0.287657,0.122777E-01,0.358493E-01,0.290142,0.218817E-12,-0.204098E-13,0.290142,2.69080,24.6240,177.556,7.09748,-9999,0.879628E-01,0.217654,-2.99905,-0.670213,-2948.98,-0.185510,0,-9999,-9999,-9999,-9999,-9999,-9999,-9999,-0.880304E-02,1.02758,18.8455,1.02928,-0.543277E-02,1.20569,-0.122113E-03,1.20569,0.251426E-01,1.20569,0.137213E-02,1.20569,800009000,800009100,800009000,800009000,800109000,801119000,811119111,811119111,80111,80111,80,81,3,6,3,6,62,0,0,0.109374,0.311111,0.148225E-01,0.367955,0.776447E-06,0.566352E-03,0.528599E-05,0.159200E-01,-0.306315E-05,0.630691E-03,0.344192E-04,22.0000,96.5307,0.530667,0.952777E+09,294.004
CH-CHA_201812041300.csv,2018-12-04,19:00,338.7915,0,35988,35988,-0.347861E-01,1,0.367347E-02,-14.9007,1,1.95366,0.168560E-01,1,0.703358E-02,0.378858E-03,1,0.158088E-03,0.217566E-01,1,0.542074E-02,0.119781E-02,1,0.229314E-03,-0.646706E-01,0.834635E-02,0.187594E-03,-0.417696E-02,-0.298387E-03,0.209992E-11,0.305404E-12,0.519695E-13,531.494,13.1558,13.3312,0.150000,0,0.772983E-01,1.91333,1.93883,0.150000,0,0.131536E-01,0.325584,0.329925,1.50000,0,287.478,286.282,96559.5,1.16926,1012.55,0.247525E-01,0.245500E-04,0.957753E-02,1265.35,1505.62,0.819113E-02,84.0419,240.268,283.608,-0.766261,-1.09926,0.502204E-01,1.34092,-0.515582E-12,0.395097E-14,1.34092,3.13059,317.346,235.121,2.14636,-9999,0.172484,0.516896,29.3124,0.685717E-01,-884.003,0.729682E-01,0,-9999,-9999,-9999,-9999,-9999,-9999,-9999,-0.343627E-01,1.01232,-14.5908,1.02547,0.129709E-01,1.29952,0.291536E-03,1.29952,0.167420E-01,1.29952,0.921731E-03,1.29952,800009000,800009100,800009000,800009000,800009000,800109010,800009111,800109111,80111,80111,80,81,39,9,12,2,0,0,0,0.329586,0.673540,0.306665E-01,0.919597E-01,0.514209E-06,0.375374E-03,0.820464E-06,-0.123240E-01,0.731205E-05,0.419909E-03,0.231181E-04,22.0000,96.5282,0.528204,0.983690E+09,294.011
CH-CHA_201812041900.csv,2018-12-04,19:30,338.8123,0,36000,36000,-0.477263E-01,1,0.793931E-02,-14.9593,1,3.33068,-0.114339,1,0.199372E-01,-0.256723E-02,1,0.447647E-03,0.101860,2,0.335288E-01,0.215545E-02,1,0.447839E-03,-1.72347,-0.456492E-02,-0.102495E-03,0.419608E-02,0.164569E-03,-0.136891E-10,-0.208531E-11,-0.342529E-12,533.424,13.1536,13.3289,4.65000,0,0.812584E-01,2.00374,2.03044,5.00000,0,0.133474E-01,0.329130,0.333517,1.90000,0,286.390,285.199,96559.5,1.17370,1012.53,0.246588E-01,-0.166356E-03,0.961230E-02,1265.14,1402.32,0.818975E-02,90.2174,137.183,283.606,-0.202936,0.125106,0.300099E-01,0.240281,0.995712E-13,-0.256627E-13,0.240281,1.96827,35.2871,148.347,7.17468,-9999,0.201651,0.269280,46.6550,0.430822E-01,130.833,0.624232E-01,0,43.7670,-6.64181,15.0238,37.4114,57.0547,80.0200,119.885,-0.468363E-01,1.01900,-14.6421,1.02633,-0.901752E-01,1.26796,-0.202469E-02,1.26796,0.803337E-01,1.26796,0.169993E-02,1.26796,800009000,800009100,800009000,800009011,800009010,800109010,811119111,811119111,80111,80111,80,81,24,5,10,24,1,0,0,0.381099,0.140340,0.171222E-01,0.105226,0.126597E-05,0.736260E-02,0.160347E-05,-0.123208E-01,-0.505892E-04,0.200723E-02,0.424749E-04,21.9856,96.5350,0.529577,0.966811E+09,293.984
CH-CHA_201812041900.csv,2018-12-04,20:00,338.8331,0,36000,36000,-0.864781E-01,1,0.384406E-02,-41.7643,1,10.7526,-0.220508,1,0.454128E-01,-0.494979E-02,1,0.101939E-02,-0.139170,2,0.391282E-01,0.131289E-01,1,0.317692E-02,-0.414438,-0.335755E-02,-0.753677E-04,0.250824E-02,0.476801E-04,0.657778E-10,0.102914E-10,0.165123E-11,533.845,13.1520,13.3273,0.500000E-01,0,0.835243E-01,2.05773,2.08516,0.500000E-01,0,0.134012E-01,0.330156,0.334557,0.500000E-01,0,286.128,284.938,96559.5,1.17477,1012.52,0.246363E-01,-0.320747E-03,0.961989E-02,1264.98,1378.46,0.818874E-02,91.7682,113.471,283.604,0.108002E-02,-0.234857E-02,0.202436E-01,0.204080E-01,0.296888E-12,0.123215E-12,0.204080E-01,1.26957,248.936,294.696,82.7230,-9999,0.271317,0.166047,40.7033,0.493818E-01,189.400,0.129411,0,23.7889,-3.61006,8.16596,20.3344,31.0112,43.4937,65.1615,-0.773388E-01,1.11817,-39.0102,1.07536,-0.160829,1.37107,-0.361017E-02,1.37107,-0.101505,1.37107,0.957569E-02,1.37107,800009000,800009100,800009000,800009011,800009000,800109001,810119111,811119111,80111,80111,80,81,1,0,5,0,0,0,0,0.112096E-01,0.178572,0.142312,0.578749E-01,0.534694E-06,0.647834E-03,0.452930E-05,-0.327959E-01,-0.901219E-04,-0.253390E-02,0.239041E-03,21.9294,96.5549,0.528587,0.954504E+09,293.994
CH-CHA_201812041900.csv,2018-12-04,20:30,338.8540,0,36000,36000,-0.703505E-02,0,0.159430E-02,-3.24852,0,0.752038,-0.213194E-02,1,0.495274E-02,-0.478508E-04,1,0.111163E-03,0.155850E-01,1,0.600941E-02,0.223117E-02,0,0.571297E-03,-0.181196,-0.460851E-03,-0.103437E-04,-0.414152E-02,0.120826E-04,0.336128E-12,0.503131E-13,0.844467E-14,534.050,13.1518,13.3270,4.95000,0,0.799389E-01,1.96861,1.99485,1.85000,0,0.134171E-01,0.330416,0.334820,1.75000,0,286.014,284.825,96559.5,1.17524,1012.52,0.246265E-01,-0.310073E-05,0.962357E-02,1264.96,1368.14,0.818860E-02,92.4588,103.174,283.604,-0.804152,-0.718875E-01,0.404283E-01,0.808371,0.675756E-13,0.629395E-15,0.808371,1.74152,6.07283,185.108,2.86668,-9999,0.773696E-01,0.111848,12.1347,0.165641,1523.74,0.352845E-01,0,-9999,-9999,-9999,-9999,-9999,-9999,-9999,-0.692314E-02,1.01616,-3.15973,1.03244,-0.154635E-02,1.37869,-0.347074E-04,1.37869,0.113042E-01,1.37869,0.161832E-02,1.37869,800009000,800009100,800009000,800009011,800009001,800109001,801119111,811119111,80111,80111,80,80,6,9,0,7,0,0,0,0.826508E-01,0.129174,0.118710E-01,0.211969E-01,0.404720E-06,0.783229E-03,0.799214E-05,-0.265533E-02,-0.866068E-06,0.282077E-03,0.403826E-04,22.0000,96.5269,0.526861,0.952644E+09,293.979
CH-CHA_201812041900.csv,2018-12-04,21:00,338.8748,0,36000,36000,-0.708888E-02,1,0.120134E-02,-3.32322,1,0.694303,-0.103220E-01,1,0.252797E-02,-0.231674E-03,1,0.567397E-04,0.324725E-02,1,0.501401E-02,0.250426E-02,1,0.409333E-03,0.152067E-02,-0.677268E-03,-0.152011E-04,0.131523E-02,-0.102184E-04,-0.228587E-11,-0.347086E-12,-0.573919E-13,534.035,13.1514,13.3267,0.500000,0,0.810879E-01,1.99691,2.02353,0.100000,0,0.134082E-01,0.330197,0.334597,1.65000,0,286.015,284.826,96559.5,1.17524,1012.52,0.246266E-01,-0.150125E-04,0.962330E-02,1264.93,1368.22,0.818840E-02,92.4507,103.292,283.603,-0.284792,-0.168465,0.708972E-02,0.330964,-0.519020E-13,-0.428037E-14,0.330964,1.33184,344.583,210.606,1.22745,-9999,0.776652E-01,0.759290E-01,11.9984,0.167522,321.957,0.359586E-01,0,-9999,-9999,-9999,-9999,-9999,-9999,-9999,-0.695608E-02,1.01909,-3.22739,1.03416,-0.749018E-02,1.37807,-0.168115E-03,1.37807,0.235638E-02,1.37807,0.181723E-02,1.37807,800009000,800009100,800009000,800009000,800019000,800019010,811119111,811119111,80011,80011,80,81,1,0,0,6,4,0,0,0.581792E-01,0.876153E-01,0.606350E-02,0.152490E-01,0.219345E-06,0.693803E-03,0.416146E-05,-0.271219E-02,-0.419506E-05,0.587998E-04,0.453461E-04,22.0000,96.5259,0.525889,0.950015E+09,293.995
CH-CHA_201812041900.csv,2018-12-04,21:30,338.8956,0,36000,36000,-0.255667E-02,1,0.114090E-02,-2.46500,1,0.609678,-0.143457E-01,1,0.398071E-02,-0.321984E-03,1,0.893456E-04,0.361121E-01,1,0.957815E-02,0.180976E-02,1,0.399870E-03,-0.117193E-01,-0.106553E-02,-0.239154E-04,0.238505E-02,0.747617E-04,-0.397369E-11,-0.618896E-12,-0.100258E-12,534.028,13.1509,13.3262,3.05000,0,0.831740E-01,2.04824,2.07553,0.500000E-01,0,0.134738E-01,0.331805,0.336227,1.55000,0,286.008,284.818,96559.5,1.17527,1012.52,0.246259E-01,-0.208646E-04,0.962318E-02,1264.88,1367.56,0.818807E-02,92.4920,102.676,283.603,-0.549399,-0.296308,0.292082E-01,0.624893,0.181286E-13,-0.744098E-14,0.624893,1.53603,340.119,208.339,2.67905,-9999,0.466411E-01,0.732235E-01,3.50344,0.573723,171.829,0.444127E-01,0,-9999,-9999,-9999,-9999,-9999,-9999,-9999,-0.248284E-02,1.02974,-2.33519,1.06025,-0.846416E-02,1.69488,-0.189975E-03,1.69488,0.213066E-01,1.69488,0.106778E-02,1.69488,800009000,800009100,800009000,800009000,800009000,800009001,811119111,811119111,80011,80011,80,81,2,0,5,0,0,0,0,0.101638,0.405580E-01,0.425123E-02,0.218333E-01,0.509229E-06,0.433297E-02,0.917696E-05,-0.196237E-02,-0.474040E-05,0.531659E-03,0.266441E-04,22.0000,96.5219,0.521917,0.946402E+09,294.013
CH-CHA_201812041900.csv,2018-12-04,22:00,338.9165,0,36000,36000,-0.450597E-02,1,0.609590E-03,-1.19187,0,0.269171,0.464828E-02,1,0.198637E-02,0.104277E-03,1,0.445613E-04,0.259444E-01,1,0.985262E-02,0.170947E-02,0,0.282829E-03,-0.824979,-0.424841E-02,-0.953067E-04,0.186028E-02,-0.202935E-04,-0.271376E-11,-0.430977E-12,-0.683905E-13,534.915,13.1489,13.3241,3.40000,0,0.849507E-01,2.08819,2.11602,5.00000,0,0.134806E-01,0.331369,0.335785,1.50000,0,285.488,284.301,96559.5,1.17740,1012.51,0.245812E-01,0.675716E-05,0.963918E-02,1264.69,1321.53,0.818680E-02,95.6983,56.8479,283.600,-0.966688,-0.557897,0.485115E-01,1.11718,0.927522E-13,-0.507326E-14,1.11718,2.55697,337.017,209.990,2.48875,-9999,0.618631E-01,0.125974,16.9070,0.118886,-256.411,0.161611E-01,0,-9999,-9999,-9999,-9999,-9999,-9999,-9999,-0.444279E-02,1.01422,-1.16277,1.02914,0.346205E-02,1.34264,0.776659E-04,1.34264,0.193235E-01,1.34264,0.127322E-02,1.34264,800009000,800019100,800009000,800009011,800009000,800109000,811119111,811119111,80111,80111,80,81,3,8,2,0,330,0,0,0.738951E-01,0.170532,0.752075E-02,0.146557E-01,0.249416E-06,0.562452E-02,0.509021E-05,-0.975364E-03,0.193446E-05,0.481298E-03,0.317125E-04,21.9961,96.5204,0.518906,0.930914E+09,293.997
CH-CHA_201812041900.csv,2018-12-04,22:30,338.9373,0,36000,36000,-0.151782E-01,0,0.269327E-02,-4.06235,1,0.703837,-0.308695E-01,1,0.815671E-02,-0.692253E-03,1,0.182915E-03,-0.174108E-01,1,0.619908E-02,0.460259E-03,1,0.128979E-03,-0.620998,-0.543615E-02,-0.121907E-03,-0.686145E-02,-0.144783E-03,0.612569E-11,0.904446E-12,0.152959E-12,535.541,13.1463,13.3214,1.40000,0,0.790716E-01,1.94102,1.96688,5.00000,0,0.133725E-01,0.328264,0.332637,1.45000,0,285.098,283.913,96559.5,1.17902,1012.50,0.245476E-01,-0.448580E-04,0.965046E-02,1264.44,1287.84,0.818517E-02,98.1827,23.4040,283.597,-0.972057,-0.204742,0.592565E-01,0.995151,-0.169152E-12,0.114383E-13,0.995151,2.61454,359.322,191.894,3.41371,-9999,0.113462,0.171650,30.6034,0.656790E-01,131.597,0.299923E-01,0,-9999,-9999,-9999,-9999,-9999,-9999,-9999,-0.149921E-01,1.01241,-3.98244,1.02471,-0.239254E-01,1.29024,-0.536531E-03,1.29024,-0.134942E-01,1.29024,0.356724E-03,1.29024,800009000,800019100,800009000,800009000,800009000,800109000,811119111,811119111,80001,80001,80,81,0,4,6,0,31,0,0,0.178949,0.146924,0.174279E-01,0.112220E-01,0.739013E-06,0.684417E-03,0.691229E-06,-0.333605E-02,-0.133453E-04,-0.335646E-03,0.887291E-05,22.0000,96.5231,0.523111,0.910809E+09,293.960
CH-CHA_201812041900.csv,2018-12-04,23:00,338.9581,0,36000,36000,-0.296138E-02,1,0.791232E-03,-2.89687,0,0.702667,0.410955E-02,2,0.163229E-02,0.921416E-04,2,0.365981E-04,-0.930936E-03,2,0.457795E-03,0.101846E-02,0,0.123182E-03,-0.282519,-0.249140E-02,-0.558607E-04,-0.864910E-03,-0.339061E-04,-0.234509E-11,-0.342972E-12,-0.584330E-13,535.826,13.1451,13.3202,0.150000,0,0.783651E-01,1.92248,1.94809,0.500000E-01,0,0.133513E-01,0.327537,0.331900,1.80000,0,284.920,283.736,96559.5,1.17975,1012.50,0.245323E-01,0.597078E-05,0.965559E-02,1264.32,1272.77,0.818442E-02,99.3360,8.45087,283.596,-0.633298,0.326128,0.236042E-01,0.712729,-0.293967E-13,-0.437660E-14,0.712729,1.69307,33.9619,152.753,1.89787,-9999,0.501016E-01,0.798833E-01,3.69506,0.543969,-704.912,0.484052E-01,0,-9999,-9999,-9999,-9999,-9999,-9999,-9999,-0.287882E-02,1.02868,-2.74857,1.05832,0.245308E-02,1.67526,0.550014E-04,1.67526,-0.555697E-03,1.67526,0.607941E-03,1.67526,800009100,800009100,800009000,800009011,800009000,800009100,811119111,811119111,80000,80000,80,80,1,1,0,7,374,0,0,0.895797E-01,0.579505E-01,0.122364E-01,0.120962E-01,0.138559E-06,0.830287E-05,0.384197E-06,-0.230102E-02,0.136721E-05,-0.138134E-04,0.151121E-04,21.9550,96.5433,0.526434,0.901832E+09,293.955
CH-CHA_201812041900.csv,2018-12-04,23:30,338.9790,0,36000,36000,-0.566881E-02,0,0.978193E-03,-2.26997,0,1.02978,0.801097E-02,0,0.457679E-02,0.179629E-03,0,0.102625E-03,-0.383850E-02,1,0.332741E-02,0.194263E-02,1,0.447362E-03,0.113136,-0.138350E-02,-0.310221E-04,0.319729E-03,0.531830E-04,0.168014E-11,0.246611E-12,0.420122E-13,535.666,13.1444,13.3195,1.15000,0,0.786250E-01,1.92933,1.95503,0.350000,0,0.133944E-01,0.328677,0.333055,1.45000,0,284.991,283.807,96559.5,1.17946,1012.50,0.245384E-01,0.116400E-04,0.965270E-02,1264.26,1278.79,0.818401E-02,98.8637,14.5314,283.595,-0.647545,0.812591E-01,0.339474E-01,0.653506,-0.662792E-13,0.313655E-14,0.653506,1.65161,15.1313,172.847,2.97766,-9999,0.693274E-01,0.920906E-01,12.4937,0.160881,-283.357,0.274180E-01,0,-9999,-9999,-9999,-9999,-9999,-9999,-9999,-0.557731E-02,1.01641,-2.20804,1.03219,0.583687E-02,1.37248,0.130879E-03,1.37248,-0.279677E-02,1.37248,0.141542E-02,1.37248,800009000,800009100,800009000,800009000,800009010,800109010,810119111,811119111,80101,80101,80,81,1,2,5,0,0,0,0,0.532368E-01,0.115741,0.152032E-01,0.196549E-01,0.300577E-06,0.171599E-03,0.328689E-05,-0.184896E-02,0.325418E-05,-0.695387E-04,0.351930E-04,22.0000,96.5308,0.530806,0.896369E+09,293.973
CH-CHA_201812041900.csv,2018-12-05,00:00,339.0000,0,36000,36000,-0.353050E-02,1,0.126099E-02,-1.86334,1,0.461473,-0.109081E-01,1,0.315372E-02,-0.244533E-03,1,0.706990E-04,-0.559045E-02,1,0.952323E-03,0.961781E-03,1,0.201849E-03,-0.388890,-0.290695E-02,-0.651670E-04,-0.990527E-03,-0.176332E-04,0.383643E-12,0.556977E-13,0.958304E-14,536.068,13.1430,13.3180,4.80000,0,0.778269E-01,1.90811,1.93353,0.500000E-01,0,0.133905E-01,0.328300,0.332672,1.60000,0,284.747,283.564,96559.5,1.18047,1012.50,0.245174E-01,-0.158458E-04,0.965995E-02,1264.12,1258.23,0.818314E-02,100.000,0.00000,283.594,-0.246390,0.344078,0.102671E-01,0.423324,-0.191438E-13,0.715661E-15,0.423324,1.24330,58.3647,125.606,1.38976,-9999,0.546878E-01,0.704086E-01,7.47095,0.269042,170.822,0.285071E-01,0,-9999,-9999,-9999,-9999,-9999,-9999,-9999,-0.345755E-02,1.02110,-1.79832,1.04075,-0.746252E-02,1.46171,-0.167292E-03,1.46171,-0.382459E-02,1.46171,0.657983E-03,1.46171,800009000,800009100,800009000,800009000,800009000,800119100,811119111,811119111,80001,80001,80,81,3,9,8,4,10,0,0,0.111401,0.262871E-01,0.312905E-02,0.177890E-01,0.451823E-06,0.560115E-04,0.290378E-05,-0.150460E-02,-0.415598E-05,-0.950130E-04,0.163460E-04,22.0000,96.5312,0.531250,0.885835E+09,293.988
CH-CHA_201812041900.csv,2018-12-05,00:30,339.0208,0,36000,36000,-0.907559E-03,1,0.229467E-03,0.614534,2,0.278344,0.711691E-02,1,0.176787E-02,0.159503E-03,1,0.396211E-04,0.689177E-03,2,0.154472E-02,0.147544E-02,1,0.293611E-03,-0.438348,-0.206119E-02,-0.461950E-04,0.159706E-02,0.154215E-03,-0.108324E-11,-0.160095E-12,-0.273323E-13,536.546,13.1420,13.3170,0.750000,0,0.792976E-01,1.94229,1.96816,1.75000,0,0.135382E-01,0.331600,0.336016,1.20000,0,284.472,283.290,96559.5,1.18161,1012.49,0.244937E-01,0.103358E-04,0.966855E-02,1264.03,1235.43,0.818252E-02,100.000,0.00000,283.593,-0.902528E-01,0.253831,0.122992E-01,0.269679,-0.150595E-12,-0.201891E-14,0.269679,1.00085,81.9825,109.574,2.61398,-9999,0.277141E-01,0.922279E-01,-2.94813,-0.681788,86.3485,-0.185345E-01,0,-9999,-9999,-9999,-9999,-9999,-9999,-9999,-0.881917E-03,1.02908,0.599326,1.03028,0.589504E-02,1.20727,0.132118E-03,1.20727,0.570855E-03,1.20727,0.122213E-02,1.20727,800009000,800119100,800009000,800009000,800009000,800009011,811119111,811119111,80111,80111,80,81,5,6,0,11,73,0,0,0.911608E-02,0.174527,0.812838E-03,0.131723E-01,0.400172E-06,0.126024E-02,0.169338E-04,0.500956E-03,0.327900E-05,0.141678E-04,0.303315E-04,22.0000,96.5278,0.527833,0.878514E+09,293.990
CH-CHA_201812041900.csv,2018-12-05,01:00,339.0416,0,35989,35989,-0.854178E-03,1,0.254175E-03,-1.06196,1,0.303495,-0.126114E-01,2,0.362325E-02,-0.282574E-03,2,0.811829E-04,0.368379E-02,1,0.932730E-03,0.890031E-03,1,0.251366E-03,-0.424622,-0.414037E-02,-0.927696E-04,-0.277508E-03,-0.132886E-03,-0.175460E-11,-0.258564E-12,-0.438996E-13,536.967,13.1400,13.3150,4.50000,0,0.791294E-01,1.93636,1.96214,5.00000,0,0.134347E-01,0.328759,0.333136,1.90000,0,284.206,283.025,96559.5,1.18272,1012.48,0.244708E-01,-0.183108E-04,0.967615E-02,1263.84,1213.70,0.818129E-02,100.000,0.00000,283.590,-0.332810,0.239812,0.153664E-01,0.410498,-0.799238E-13,-0.326762E-14,0.410498,0.875271,43.3419,144.225,2.14528,-9999,0.268741E-01,0.591047E-01,1.55554,1.29215,84.2059,0.329994E-01,0,-9999,-9999,-9999,-9999,-9999,-9999,-9999,-0.812826E-03,1.05087,-0.967956,1.10211,-0.581236E-02,2.16976,-0.130232E-03,2.16976,0.169779E-02,2.16976,0.410197E-03,2.16976,800009000,800119100,800009000,800009011,800009001,800009011,811119111,811119111,80000,80000,80,81,0,0,0,0,1,0,0,0.200813E-01,0.973533E-01,0.774773E-03,0.210829E-01,0.127646E-05,0.158388E-03,0.135948E-04,-0.808329E-03,-0.322916E-05,0.420972E-04,0.101710E-04,21.9867,96.5053,0.500292,0.863245E+09,294.006
CH-CHA_201812050100.csv,2018-12-05,01:30,339.0624,0,36000,36000,-0.495181E-01,1,0.601596E-02,-11.1879,1,2.09124,-0.251937,1,0.390309E-01,-0.564202E-02,1,0.874081E-03,0.600280E-01,2,0.925634E-02,0.743695E-02,1,0.157361E-02,-0.865860,-0.106390E-01,-0.238256E-03,0.971035E-03,0.276567E-03,-0.109213E-10,-0.162725E-11,-0.278260E-12,537.784,13.1349,13.3098,0.300000,0,0.801290E-01,1.95708,1.98313,0.500000E-01,0,0.137020E-01,0.334661,0.339115,2.35000,0,283.665,282.486,96559.5,1.18498,1012.46,0.244242E-01,-0.365603E-03,0.969087E-02,1263.35,1170.53,0.817812E-02,100.000,0.00000,283.585,-0.148371E-01,0.104848,0.200312E-01,0.107770,0.243097E-13,-0.203079E-13,0.107770,1.40631,92.1154,98.0545,10.7118,-9999,0.204422,0.177381,64.9853,0.309301E-01,44.4075,0.456176E-01,0,60.2076,-9.13673,20.6673,51.4645,78.4866,110.079,164.918,-0.479954E-01,1.03172,-10.9014,1.03169,-0.198789,1.26736,-0.445179E-02,1.26736,0.473646E-01,1.26736,0.586806E-02,1.26736,800009000,800109100,800009000,800009011,800019000,811019111,811119111,811119111,80111,80111,80,81,0,2,1,28,0,0,0,0.170354,0.176481,0.792779E-02,0.371127E-01,0.436056E-05,0.505889E-03,0.219273E-04,-0.908648E-02,-0.110173E-03,0.117218E-02,0.145223E-03,21.9661,96.5126,0.499875,0.824351E+09,293.996
CH-CHA_201812050100.csv,2018-12-05,02:00,339.0833,0,36000,36000,0.275377E-02,1,0.107665E-02,-2.00133,1,1.68266,0.455002E-01,0,0.121097E-01,0.101860E-02,0,0.271096E-03,-0.286610E-01,1,0.812630E-02,-0.249082E-02,0,0.783370E-03,-0.594120,-0.494348E-02,-0.110668E-03,0.290004E-02,0.359952E-03,-0.394576E-11,-0.606588E-12,-0.102856E-12,538.392,13.1326,13.3073,0.300000,0,0.827679E-01,2.01889,2.04576,1.45000,0,0.140345E-01,0.342333,0.346889,0.500000E-01,0,283.293,282.117,96559.5,1.18653,1012.45,0.243922E-01,0.660051E-04,0.970183E-02,1263.13,1141.73,0.817665E-02,100.000,0.00000,283.582,-0.767994,-0.171887,0.415894E-01,0.788092,0.697835E-13,-0.732878E-14,0.788092,1.99507,357.149,192.616,3.02504,-9999,0.481753E-01,0.919627E-01,4.75479,0.422731,-43.9852,0.345814E-01,0,-9999,-9999,-9999,-9999,-9999,-9999,-9999,0.268723E-02,1.02476,-1.91143,1.05049,0.286792E-01,1.58652,0.642031E-03,1.58652,-0.180653E-01,1.58652,-0.156999E-02,1.58652,800009000,800009100,800009000,800009000,800009000,800119010,810119111,811119111,80100,80100,80,81,1,0,0,0,0,0,0,0.103054,0.750613E-01,0.581016E-02,0.124792,0.273601E-05,0.233392E-02,0.118017E-03,-0.159113E-02,0.158681E-04,-0.446494E-03,-0.388031E-04,22.0000,96.5005,0.500472,0.806259E+09,293.980
CH-CHA_201812050100.csv,2018-12-05,02:30,339.1041,0,36000,36000,-0.138102E-01,0,0.267376E-02,-4.98356,0,0.993836,0.124583E-01,1,0.811871E-02,0.278969E-03,1,0.181796E-03,0.129231E-01,2,0.144850E-01,0.289414E-02,0,0.547412E-03,0.417616,0.500683E-02,0.112114E-03,0.334469E-02,-0.531535E-03,0.319941E-11,0.509142E-12,0.806233E-13,537.994,13.1350,13.3098,0.300000,0,0.856143E-01,2.09025,2.11807,0.500000E-01,0,0.135571E-01,0.330994,0.335399,1.70000,0,283.555,282.377,96559.5,1.18544,1012.46,0.244147E-01,0.180772E-04,0.969466E-02,1263.36,1161.93,0.817814E-02,100.000,0.00000,283.585,-1.08814,-0.173308E-01,0.431499E-01,1.08913,0.418430E-13,0.594693E-14,1.08913,2.90050,7.32153,180.912,2.27057,-9999,0.107935,0.133135,21.4746,0.935989E-01,-400.020,0.384700E-01,0,-9999,-9999,-9999,-9999,-9999,-9999,-9999,-0.136288E-01,1.01331,-4.87196,1.02707,0.944909E-02,1.31846,0.211586E-03,1.31846,0.980163E-02,1.31846,0.219508E-02,1.31846,800009000,800009100,800009000,800009000,800009000,800109010,800119111,811119111,80111,80111,80,80,17,10,8,3,1,0,0,0.132547,0.103319,0.304044E-01,0.114044E-01,0.420016E-06,0.141446E-02,0.258603E-05,-0.405927E-02,0.523430E-05,0.242477E-03,0.543027E-04,22.0000,96.5003,0.500333,0.824800E+09,293.972
CH-CHA_201812050100.csv,2018-12-05,03:00,339.1249,0,36000,36000,-0.883359E-02,0,0.121854E-02,-1.86818,0,0.734730,0.253137E-02,0,0.226340E-02,0.566926E-04,0,0.506912E-04,-0.241863E-02,0,0.555283E-02,0.908037E-03,0,0.189562E-03,0.287322,0.111099E-02,0.248818E-04,-0.166417E-02,-0.614490E-04,-0.601949E-12,-0.941600E-13,-0.151080E-13,537.675,13.1355,13.3103,5.00000,0,0.841059E-01,2.05472,2.08207,0.500000E-01,0,0.134949E-01,0.329682,0.334070,1.70000,0,283.734,282.556,96559.5,1.18468,1012.46,0.244302E-01,0.367368E-05,0.968891E-02,1263.41,1176.01,0.817847E-02,100.000,0.00000,283.585,-0.733617,0.369705,0.405574E-01,0.822509,0.709296E-13,-0.111954E-14,0.822509,2.33703,34.8933,153.254,2.82636,-9999,0.863510E-01,0.913068E-01,29.3337,0.685219E-01,-738.011,0.180372E-01,0,-9999,-9999,-9999,-9999,-9999,-9999,-9999,-0.872156E-02,1.01285,-1.83029,1.02491,0.196140E-02,1.29059,0.439277E-04,1.29059,-0.187405E-02,1.29059,0.703583E-03,1.29059,800009000,800009100,800009000,800009000,800009000,800109110,800119111,811119111,80101,80101,80,81,3,7,3,2,0,0,0,0.520116E-01,0.112809,0.177925E-01,0.125195E-01,0.235208E-06,0.125501E-02,0.732096E-06,-0.152594E-02,0.108739E-05,-0.463903E-04,0.174166E-04,22.0000,96.5001,0.500111,0.828800E+09,293.969
CH-CHA_201812050100.csv,2018-12-05,03:30,339.1458,0,36000,36000,-0.111762E-01,1,0.222745E-02,-1.90018,1,0.679455,-0.900130E-02,1,0.297009E-02,-0.201628E-03,1,0.665297E-04,-0.180492E-02,2,0.153033E-02,0.523594E-03,1,0.168637E-03,0.286933,-0.185510E-03,-0.415540E-05,-0.127718E-02,-0.115282E-04,0.168489E-11,0.260061E-12,0.422569E-13,537.332,13.1354,13.3103,3.90000,0,0.829367E-01,2.02744,2.05443,0.500000E-01,0,0.134763E-01,0.329436,0.333821,1.85000,0,283.914,282.735,96559.5,1.18394,1012.47,0.244456E-01,-0.130655E-04,0.968272E-02,1263.40,1190.24,0.817842E-02,100.000,0.00000,283.585,-0.620173E-01,0.242873,0.113574E-01,0.250923,-0.203962E-12,0.313566E-14,0.250923,1.52598,85.4228,104.324,2.59423,-9999,0.971589E-01,0.159554,41.0808,0.489280E-01,211.100,0.163155E-01,0,-9999,-9999,-9999,-9999,-9999,-9999,-9999,-0.109720E-01,1.01861,-1.85923,1.02653,-0.706998E-02,1.27317,-0.158367E-03,1.27317,-0.141765E-02,1.27317,0.411251E-03,1.27317,800009000,800019100,800009000,800009000,800109010,801109010,811119111,811119111,80011,80011,80,81,3,0,2,1,268,0,0,0.104630,0.206193,0.828486E-02,0.104013E-01,0.206050E-06,0.459201E-04,0.712323E-06,-0.155104E-02,-0.392270E-05,-0.351149E-04,0.101866E-04,22.0000,96.5001,0.500056,0.827937E+09,293.975
CH-CHA_201812050100.csv,2018-12-05,04:00,339.1666,0,36000,36000,-0.305867E-02,1,0.719343E-03,-0.544563,2,0.194203,-0.278668E-02,1,0.222197E-02,-0.624321E-04,1,0.497803E-04,0.146691E-02,1,0.363708E-02,0.860618E-03,1,0.215473E-03,0.288901,-0.240308E-02,-0.538380E-04,0.483169E-02,0.127414E-03,0.187412E-11,0.304031E-12,0.473957E-13,536.943,13.1343,13.3091,0.900000,0,0.871058E-01,2.13071,2.15907,4.55000,0,0.135790E-01,0.332159,0.336580,2.20000,0,284.095,282.915,96559.5,1.18318,1012.47,0.244612E-01,-0.404560E-05,0.967571E-02,1263.29,1204.72,0.817770E-02,100.000,0.00000,283.584,0.606325,0.947728E-01,0.206754E-01,0.614035,-0.125601E-13,0.349036E-14,0.614035,1.31475,170.604,8.88384,1.92959,-9999,0.508441E-01,0.636416E-01,20.5428,0.978447E-01,195.416,0.894073E-02,0,-9999,-9999,-9999,-9999,-9999,-9999,-9999,-0.301480E-02,1.01455,-0.532340,1.02749,-0.211744E-02,1.31606,-0.474386E-04,1.31606,0.111462E-02,1.31606,0.653934E-03,1.31606,800009000,800009100,800009000,800009011,800009000,800109001,811119111,811119111,80111,80111,80,81,0,3,1,0,0,0,0,0.832035E-01,0.407312E-01,0.334864E-02,0.261155E-01,0.378463E-06,0.131294E-02,0.500344E-05,-0.444380E-03,-0.117579E-05,0.276265E-04,0.162081E-04,21.9967,96.5012,0.499917,0.819311E+09,293.985
CH-CHA_201812050100.csv,2018-12-05,04:30,339.1874,0,36000,36000,0.522533E-03,2,0.796582E-03,0.777950E-01,2,0.704492,-0.240178E-02,2,0.323982E-02,-0.538037E-04,2,0.725771E-04,0.167353E-02,2,0.599922E-02,0.670904E-03,0,0.215425E-03,-0.160267,0.408395E-02,0.914871E-04,0.804312E-04,0.111362E-03,-0.231515E-11,-0.375824E-12,-0.589596E-13,537.212,13.1362,13.3111,0.850000,0,0.872068E-01,2.13243,2.16082,0.100000,0,0.136811E-01,0.334538,0.338991,1.85000,0,283.994,282.815,96559.5,1.18360,1012.47,0.244526E-01,-0.348648E-05,0.968056E-02,1263.47,1196.67,0.817892E-02,100.000,0.00000,283.586,0.414127E-01,0.461150,0.159272E-01,0.463280,-0.135657E-13,-0.430957E-14,0.463280,1.13477,100.604,84.8684,1.97017,-9999,0.210114E-01,0.677164E-01,-10.1484,-0.198061,-32.3906,-0.308965E-02,0,-9999,-9999,-9999,-9999,-9999,-9999,-9999,0.512325E-03,1.01993,0.761505E-01,1.02427,-0.200455E-02,1.19816,-0.449051E-04,1.19816,0.139675E-02,1.19816,0.559944E-03,1.19816,800009000,800019100,800009000,800009011,800009000,800009000,811119111,811119111,80000,80000,80,81,0,0,0,6,225,0,0,0.539837E-01,0.784904E-01,0.295866E-02,0.622585E-01,0.656446E-06,0.357786E-02,0.591061E-05,0.635456E-04,-0.111260E-05,0.346069E-04,0.138736E-04,21.9167,96.5296,0.498298,0.834149E+09,293.993
CH-CHA_201812050100.csv,2018-12-05,05:00,339.2083,0,36000,36000,0.426571E-02,1,0.612355E-03,-0.187532,2,0.306719,0.543726E-02,1,0.131155E-02,0.121778E-03,1,0.293747E-04,-0.774588E-03,2,0.592723E-03,0.501528E-03,1,0.133795E-03,-0.345554,0.237973E-02,0.532987E-04,-0.279074E-02,-0.131523E-03,-0.512917E-11,-0.809295E-12,-0.129516E-12,537.667,13.1374,13.3122,0.250000,0,0.848347E-01,2.07285,2.10044,0.850000,0,0.135766E-01,0.331730,0.336146,1.80000,0,283.778,282.600,96559.5,1.18450,1012.47,0.244340E-01,0.789124E-05,0.968877E-02,1263.58,1179.48,0.817963E-02,100.000,0.00000,283.587,-0.344356,0.243880,0.139231E-01,0.422199,-0.230212E-13,-0.953967E-14,0.422199,0.981529,38.4368,144.693,1.88981,-9999,0.600107E-01,0.580803E-01,98.0826,0.204929E-01,-34.4902,0.260574E-02,0,-9999,-9999,-9999,-9999,-9999,-9999,-9999,0.420557E-02,1.01430,-0.183944,1.02233,0.437558E-02,1.24264,0.979998E-04,1.24264,-0.623342E-03,1.24264,0.403599E-03,1.24264,800009000,800119100,800009000,800009000,800009000,800009001,811119111,811119111,80101,80101,80,81,1,3,0,8,260,0,0,0.308654E-01,0.829830E-01,0.231219E-02,0.747813E-02,0.188166E-06,0.543605E-04,0.345322E-05,-0.153380E-03,0.242628E-05,-0.154327E-04,0.999229E-05,22.0000,96.5000,0.500000,0.842916E+09,294.014
CH-CHA_201812050100.csv,2018-12-05,05:30,339.2291,0,36000,36000,-0.125771E-01,1,0.184641E-02,3.43077,1,0.706082,-0.896470E-02,1,0.201447E-02,-0.200820E-03,1,0.451266E-04,0.569315E-02,1,0.317387E-02,0.193777E-02,1,0.317737E-03,0.313394,0.528189E-03,0.118321E-04,0.807144E-03,0.114582E-03,-0.107765E-10,-0.171446E-11,-0.274119E-12,537.306,13.1376,13.3125,0.750000,0,0.854814E-01,2.09009,2.11792,0.500000E-01,0,0.136673E-01,0.334178,0.338627,1.55000,0,283.975,282.795,96559.5,1.18368,1012.47,0.244509E-01,-0.130131E-04,0.968226E-02,1263.61,1195.07,0.817978E-02,100.000,0.00000,283.588,-0.152687,-0.336310E-01,0.128150E-01,0.156871,-0.863236E-13,-0.200565E-13,0.156871,1.26321,17.1511,192.422,4.68579,-9999,0.103080,0.155067,-27.1714,-0.739749E-01,-382.697,-0.277716E-01,0,-9999,-9999,-9999,-9999,-9999,-9999,-9999,-0.120537E-01,1.04342,3.31252,1.03990,-0.732980E-02,1.22305,-0.164196E-03,1.22305,0.465488E-02,1.22305,0.158437E-02,1.22305,800009000,800119100,800009000,800009000,800019010,800019110,811119111,811119111,80100,80100,80,81,1,0,0,13,49,0,0,0.151706,0.155104,0.332269E-02,0.318459E-01,0.259654E-06,0.565917E-03,0.457813E-05,0.276401E-02,-0.406797E-05,0.115325E-03,0.392530E-04,22.0000,96.5000,0.500000,0.844681E+09,294.002
CH-CHA_201812050100.csv,2018-12-05,06:00,339.2499,0,36000,36000,-0.116996E-02,0,0.340487E-03,0.954153,1,0.570401,0.212354E-02,1,0.102643E-02,0.475923E-04,1,0.230040E-04,-0.255866E-02,0,0.210015E-02,0.602671E-03,0,0.278699E-03,0.790470,0.414847E-04,0.929745E-06,0.450730E-02,0.215325E-03,0.106656E-11,0.177513E-12,0.275039E-13,536.371,13.1376,13.3125,3.45000,0,0.892709E-01,2.18656,2.21567,1.65000,0,0.138317E-01,0.338787,0.343297,1.85000,0,284.470,283.288,96559.5,1.18162,1012.49,0.244935E-01,0.308398E-05,0.966541E-02,1263.61,1235.27,0.817980E-02,100.000,0.00000,283.588,0.898433E-01,0.281577,-0.115889E-02,0.295565,0.601999E-13,0.198847E-14,0.295565,0.879846,115.237,72.3036,-0.224653,-9999,0.314663E-01,0.689864E-01,-2.77915,-0.723242,449.321,-0.253457E-01,0,-9999,-9999,-9999,-9999,-9999,-9999,-9999,-0.113896E-02,1.02721,0.931217,1.02904,0.176182E-02,1.20531,0.394855E-04,1.20531,-0.212282E-02,1.20531,0.500012E-03,1.20531,800009000,800119100,800009000,800009011,800009000,800109100,811119111,811119111,80000,80000,80,81,8,0,2,6,1,0,0,0.231460E-01,0.113240,0.158674E-02,0.474743E-01,0.251651E-06,0.103198E-02,0.177188E-04,0.778367E-03,0.979964E-06,-0.526849E-04,0.124095E-04,21.9817,96.5066,0.499708,0.844909E+09,294.006
CH-CHA_201812050100.csv,2018-12-05,06:30,339.2707,0,36000,36000,-0.582793E-02,0,0.112643E-02,-1.32360,1,1.51004,0.466036E-02,1,0.320552E-02,0.104465E-03,1,0.718536E-04,0.157387E-01,1,0.510756E-02,0.726579E-03,2,0.238182E-03,0.286609,-0.460752E-03,-0.103280E-04,-0.934795E-03,-0.217390E-03,0.313717E-11,0.517362E-12,0.797894E-13,536.023,13.1374,13.3123,4.30000,0,0.883977E-01,2.16654,2.19538,5.00000,0,0.136330E-01,0.334131,0.338579,1.40000,0,284.650,283.467,96559.5,1.18087,1012.49,0.245090E-01,0.676932E-05,0.965914E-02,1263.59,1250.15,0.817966E-02,100.000,0.00000,283.587,-0.933947,0.112127,0.431487E-01,0.941642,0.106285E-12,0.585267E-14,0.941642,2.30861,17.2203,173.154,2.62638,-9999,0.702515E-01,0.112804,22.2947,0.901560E-01,-284.013,0.157583E-01,0,-9999,-9999,-9999,-9999,-9999,-9999,-9999,-0.575121E-02,1.01334,-1.29444,1.02665,0.355039E-02,1.31263,0.795842E-04,1.31263,0.119902E-01,1.31263,0.553528E-03,1.31263,800009000,800019100,800009000,800009011,800009000,800109011,811119111,811119111,80000,80000,80,81,1,0,5,0,79,0,0,0.835115E-01,0.133381,0.871427E-02,0.876935E-01,0.336559E-06,0.795260E-03,0.644735E-05,-0.108265E-02,0.197639E-05,0.297764E-03,0.137463E-04,21.9900,96.5042,0.500445,0.843184E+09,293.990
CH-CHA_201812050100.csv,2018-12-05,07:00,339.2916,0,35989,35989,-0.762219E-02,0,0.115127E-02,0.297057,1,1.20336,0.235449E-02,1,0.167759E-02,0.527314E-04,1,0.375715E-04,0.947953E-02,1,0.118252E-01,0.145242E-02,0,0.248598E-03,-1.46117,0.195412E-02,0.437646E-04,0.522280E-02,-0.156389E-04,0.913896E-13,0.158459E-13,0.232188E-14,537.788,13.1383,13.3133,2.85000,0,0.932459E-01,2.27803,2.30836,1.80000,0,0.136632E-01,0.333797,0.338241,1.45000,0,283.736,282.558,96559.5,1.18468,1012.47,0.244304E-01,0.341700E-05,0.969093E-02,1263.68,1176.15,0.818024E-02,100.000,0.00000,283.589,-0.876112,-0.539522,0.433435E-01,1.02982,-0.412678E-14,0.169936E-15,1.02982,2.13586,335.140,211.625,2.41220,-9999,0.802121E-01,0.656979E-01,-147.865,-0.135935E-01,126.166,-0.308758E-02,0,-9999,-9999,-9999,-9999,-9999,-9999,-9999,-0.752683E-02,1.01267,0.292531,1.02013,0.196998E-02,1.19519,0.441198E-04,1.19519,0.793142E-02,1.19519,0.121522E-02,1.19519,800009000,800019100,800009000,800009011,800009000,800009000,801119111,811119111,80000,80000,80,80,5,3,0,4,292,0,0,0.721004E-01,0.498905E-01,0.940486E-02,0.564285E-01,0.193460E-06,0.516818E-02,0.294604E-05,0.243889E-03,0.109216E-05,0.196337E-03,0.300820E-04,21.9867,96.5068,0.501793,0.850719E+09,293.988
CH-CHA_201812050700.csv,2018-12-05,07:30,339.3124,0,36000,36000,-0.677087E-02,1,0.198472E-02,-1.16274,0,0.464464,-0.555525E-02,1,0.516368E-02,-0.124401E-03,1,0.115632E-03,-0.831931E-02,2,0.915182E-02,0.644890E-03,0,0.367456E-03,-0.206909,-0.140864E-02,-0.315442E-04,-0.351555E-02,-0.608668E-04,-0.249204E-11,-0.417884E-12,-0.630707E-13,538.005,13.1377,13.3126,2.00000,0,0.902166E-01,2.20302,2.23235,0.500000E-01,0,0.136163E-01,0.332499,0.336925,1.75000,0,283.607,282.429,96559.5,1.18522,1012.46,0.244192E-01,-0.806116E-05,0.969486E-02,1263.61,1166.00,0.817982E-02,100.000,0.00000,283.588,-0.682452,-0.528796E-01,0.253456E-01,0.684966,0.461220E-13,-0.463201E-14,0.684966,1.88693,8.20871,184.431,2.12058,-9999,0.755829E-01,0.105843,31.6059,0.635956E-01,209.305,0.128199E-01,0,-9999,-9999,-9999,-9999,-9999,-9999,-9999,-0.668291E-02,1.01316,-1.13976,1.02466,-0.432441E-02,1.28463,-0.968378E-04,1.28463,-0.647604E-02,1.28463,0.502005E-03,1.28463,800009100,800019100,800009000,800009011,800009001,800009001,811119111,811119111,80111,80111,80,81,7,6,4,2,401,0,0,0.123371,0.787713E-01,0.954392E-02,0.672050E-02,0.396660E-06,0.216956E-02,0.407021E-05,-0.949814E-03,-0.239606E-05,-0.160237E-03,0.124211E-04,21.9656,96.5158,0.502922,0.845228E+09,293.982
CH-CHA_201812050700.csv,2018-12-05,08:00,339.3332,0,36000,36000,-0.270729E-02,1,0.260140E-03,-1.60990,0,0.567075,-0.140835E-01,1,0.409249E-02,-0.315406E-03,1,0.916531E-04,0.110880E-01,1,0.163530E-02,0.325015E-02,0,0.600563E-03,0.157139,-0.702856E-04,-0.157408E-05,-0.379379E-02,0.404683E-04,-0.482810E-12,-0.779853E-13,-0.122511E-13,537.818,13.1376,13.3125,2.90000,0,0.868704E-01,2.12204,2.15029,1.50000,0,0.136469E-01,0.333362,0.337800,1.60000,0,283.705,282.527,96559.5,1.18481,1012.47,0.244277E-01,-0.204383E-04,0.969147E-02,1263.61,1173.71,0.817980E-02,100.000,0.00000,283.588,-0.291671,0.352893,0.402181E-02,0.457845,-0.515781E-13,-0.897720E-15,0.457845,1.04704,58.5983,129.574,0.503305,-9999,0.478017E-01,0.619530E-01,5.77450,0.348082,114.311,0.280755E-01,0,-9999,-9999,-9999,-9999,-9999,-9999,-9999,-0.264555E-02,1.02334,-1.54605,1.04604,-0.923904E-02,1.52435,-0.206912E-03,1.52435,0.727397E-02,1.52435,0.213216E-02,1.52435,800009000,800019100,800009000,800009000,800009001,810109011,811119111,811119111,80011,80011,80,81,7,9,4,1,342,0,0,0.163707E-01,0.103313,0.422195E-02,0.170332E-01,0.418294E-06,0.117418E-03,0.161710E-04,-0.128883E-02,-0.512140E-05,0.180042E-03,0.527743E-04,22.0000,96.5032,0.503250,0.844818E+09,293.984
CH-CHA_201812050700.csv,2018-12-05,08:30,339.3541,1,36000,36000,0.109227E-01,1,0.172578E-02,-2.48723,1,0.551404,0.786969E-02,1,0.297596E-02,0.176312E-03,1,0.666734E-04,-0.502890E-01,2,0.120878E-01,-0.794029E-03,2,0.101410E-02,0.641862,0.905301E-03,0.202824E-04,-0.422865E-03,-0.417157E-05,0.834543E-11,0.134220E-11,0.211698E-12,537.075,13.1381,13.3130,3.35000,0,0.863780E-01,2.11300,2.14113,2.10000,0,0.136240E-01,0.333273,0.337710,5.00000,0,284.107,282.927,96559.5,1.18313,1012.48,0.244623E-01,0.114250E-04,0.967808E-02,1263.65,1205.70,0.818007E-02,100.000,0.00000,283.588,-0.573410,0.422685E-01,0.617181E-02,0.574999,-0.883828E-13,0.155387E-13,0.574999,2.90071,8.07483,175.784,0.615001,-9999,0.960834E-01,0.112005,30.3540,0.662187E-01,-316.052,0.216098E-01,0,-9999,-9999,-9999,-9999,-9999,-9999,-9999,0.107737E-01,1.01383,-2.43605,1.02514,0.611706E-02,1.28651,0.137047E-03,1.28651,-0.390894E-01,1.28651,-0.617194E-03,1.28651,800009000,800019100,800009000,800009000,800109001,800109011,810119111,811119111,80100,80100,80,81,7,4,2,2,217,0,0,0.515716E-01,0.161109,0.113296E-01,0.613450E-02,0.195312E-06,0.215561E-02,0.137854E-04,-0.203361E-02,0.339693E-05,-0.968895E-03,-0.152982E-04,22.0000,96.5031,0.503139,0.847865E+09,293.981
CH-CHA_201812050700.csv,2018-12-05,09:00,339.3749,1,36000,36000,-0.517508E-02,0,0.758732E-03,2.70870,2,1.85149,0.377672E-02,1,0.145772E-02,0.846620E-04,1,0.326775E-04,0.684600E-02,1,0.258905E-02,0.151785E-02,1,0.363010E-03,0.956805,0.208948E-02,0.468395E-04,-0.156438E-02,-0.740533E-04,-0.301344E-13,-0.476932E-14,-0.760724E-15,535.983,13.1391,13.3140,4.75000,0,0.848289E-01,2.07949,2.10718,1.15000,0,0.135305E-01,0.331687,0.336103,1.35000,0,284.707,283.525,96559.5,1.18063,1012.49,0.245140E-01,0.548610E-05,0.965841E-02,1263.75,1254.94,0.818069E-02,100.000,0.00000,283.589,-0.503133,-0.577535E-01,0.234576E-01,0.506980,0.158245E-13,-0.562228E-16,0.506980,1.18832,2.03939,186.548,2.65199,-9999,0.662065E-01,0.718069E-01,-9.11874,-0.220425,717.210,-0.342258E-01,0,-9999,-9999,-9999,-9999,-9999,-9999,-9999,-0.507966E-02,1.01878,2.65767,1.02355,0.315465E-02,1.19719,0.707173E-04,1.19719,0.571839E-02,1.19719,0.126785E-02,1.19719,800009000,800019100,800009000,800009000,800009000,800109110,811119111,811119111,80111,80111,80,81,21,1,5,0,343,0,0,0.364892E-01,0.998573E-01,0.726724E-02,0.108005,0.106793E-06,0.202732E-03,0.411963E-05,0.222327E-02,0.175655E-05,0.142040E-03,0.314922E-04,22.0000,96.5015,0.501472,0.855825E+09,293.992
CH-CHA_201812050700.csv,2018-12-05,09:30,339.3957,1,36000,36000,-0.102548E-01,1,0.314586E-02,-0.769902,2,2.11716,0.778197E-02,1,0.314148E-02,0.174580E-03,1,0.704756E-04,0.941056E-02,1,0.752931E-02,0.215384E-02,1,0.394003E-03,1.26924,0.532456E-03,0.119451E-04,-0.424965E-03,0.114260E-04,0.376017E-11,0.592491E-12,0.949913E-13,534.494,13.1393,13.3143,5.00000,0,0.842203E-01,2.07037,2.09793,5.00000,0,0.135027E-01,0.331933,0.336352,1.60000,0,285.506,284.320,96559.5,1.17733,1012.51,0.245827E-01,0.113128E-04,0.963158E-02,1263.77,1323.16,0.818085E-02,95.5115,59.3895,283.590,-0.508852,-0.270301,0.227633E-01,0.576638,-0.874203E-13,0.703501E-14,0.576638,2.02272,357.225,207.977,2.26239,-9999,0.933285E-01,0.197718,89.8684,0.223660E-01,-98.9341,0.692029E-02,0,-9999,-9999,-9999,-9999,-9999,-9999,-9999,-0.101265E-01,1.01267,-0.756361,1.02166,0.625499E-02,1.24412,0.140324E-03,1.24412,0.756402E-02,1.24412,0.173121E-02,1.24412,800009000,800019100,800009000,800009011,800009000,800009010,811119111,811119111,80000,80000,80,81,4,19,0,21,15,0,0,0.252632,0.132916,0.988775E-02,0.829301E-01,0.231167E-06,0.104702E-02,0.340751E-05,-0.634501E-03,0.349529E-05,0.188410E-03,0.431222E-04,21.9967,96.5019,0.500667,0.858009E+09,293.975
CH-CHA_201812050700.csv,2018-12-05,10:00,339.4166,1,36000,36000,-0.240705E-02,0,0.804464E-03,1.38110,1,0.990555,0.841648E-02,1,0.736478E-02,0.188985E-03,1,0.165370E-03,0.454582E-02,2,0.469342E-02,0.122296E-02,0,0.241313E-03,1.50056,0.319666E-02,0.717785E-04,-0.791737E-03,-0.124117E-03,-0.101714E-11,-0.158931E-12,-0.254854E-13,532.789,13.1409,13.3159,4.95000,0,0.832500E-01,2.05330,2.08064,0.700000,0,0.133496E-01,0.329258,0.333642,1.50000,0,286.453,285.263,96559.5,1.17344,1012.52,0.246643E-01,0.122462E-04,0.960086E-02,1263.92,1408.31,0.818182E-02,89.7476,144.385,283.591,-0.559941,0.905518E-01,0.236314E-01,0.567708,-0.658246E-13,-0.190909E-14,0.567708,1.33974,15.4754,170.814,2.38568,-9999,0.452910E-01,0.482520E-01,-5.72558,-0.351056,164.094,-0.256653E-01,0,-9999,-9999,-9999,-9999,-9999,-9999,-9999,-0.236569E-02,1.01748,1.35648,1.02273,0.703613E-02,1.19618,0.157991E-03,1.19618,0.380028E-02,1.19618,0.102239E-02,1.19618,800009000,800019100,800009000,800009011,800009000,800019000,811119111,811119111,80111,80111,80,81,4,4,0,6,0,0,0,0.375606E-01,0.509908E-01,0.795268E-02,0.802150E-01,0.666421E-06,0.496883E-03,0.129853E-05,0.114169E-02,0.394841E-05,0.949745E-04,0.255509E-04,21.9822,96.5067,0.500070,0.869651E+09,294.006
CH-CHA_201812050700.csv,2018-12-05,10:30,339.4374,1,36000,36000,-0.400375E-02,0,0.522031E-03,8.26973,0,2.47931,0.261610E-01,0,0.126445E-01,0.587815E-03,0,0.284110E-03,-0.261505E-02,1,0.257006E-02,0.857421E-03,0,0.111544E-03,1.10092,0.666700E-02,0.149802E-03,-0.269889E-02,-0.366362E-04,0.306724E-11,0.465542E-12,0.766491E-13,531.627,13.1441,13.3192,4.95000,0,0.806897E-01,1.99500,2.02157,5.00000,0,0.132851E-01,0.328466,0.332841,1.50000,0,287.150,285.957,96559.5,1.17059,1012.54,0.247243E-01,0.380904E-04,0.957992E-02,1264.23,1473.96,0.818384E-02,85.7708,209.733,283.595,-0.237499,0.162379,-0.247472E-02,0.287713,-0.499013E-13,0.576953E-14,0.287713,2.20461,57.4396,145.639,-0.492827,-9999,0.584832E-01,0.145209,-2.05880,-0.976296,316.109,-0.119301,0,-9999,-9999,-9999,-9999,-9999,-9999,-9999,-0.389566E-02,1.02775,8.06859,1.02939,0.216947E-01,1.20587,0.487462E-03,1.20587,-0.216860E-02,1.20587,0.711040E-03,1.20587,800009000,800009100,800009000,800009011,800009000,800109000,811119111,811119111,80111,80111,80,81,4,0,1,8,0,0,0,0.598632E-01,0.218819,0.117353E-01,0.100178,0.946813E-06,0.676944E-04,0.215709E-06,0.680740E-02,0.122120E-04,-0.543285E-04,0.178132E-04,21.9839,96.5058,0.499791,0.894536E+09,294.019
CH-CHA_201812050700.csv,2018-12-05,11:00,339.4582,1,36000,36000,-0.748596E-02,0,0.182951E-02,13.8386,0,1.94058,0.545601E-01,1,0.134573E-01,0.122711E-02,1,0.302668E-03,0.134049E-01,2,0.855394E-02,-0.233659E-03,2,0.237350E-03,1.59829,0.341813E-02,0.768770E-04,0.261094E-03,-0.592968E-04,-0.113632E-11,-0.172936E-12,-0.282814E-13,529.821,13.1458,13.3209,5.00000,0,0.806336E-01,2.00066,2.02731,0.500000E-01,0,0.131865E-01,0.327181,0.331539,5.00000,0,288.165,286.968,96559.5,1.16647,1012.56,0.248117E-01,0.795166E-04,0.954738E-02,1264.39,1574.43,0.818487E-02,80.3076,310.044,283.597,-0.479249,-0.349262,-0.168814E-01,0.593252,0.755424E-14,-0.214472E-14,0.593252,2.00740,327.193,216.083,-1.63061,-9999,0.801102E-01,0.819734E-01,-3.16221,-0.635632,253.640,-0.146256,0,-9999,-9999,-9999,-9999,-9999,-9999,-9999,-0.736073E-02,1.01701,13.5943,1.02244,0.456244E-01,1.19585,0.102614E-02,1.19585,0.112095E-01,1.19585,-0.195391E-03,1.19585,800009000,800009100,800009000,800009011,800009000,800009000,801109111,811119111,80000,80000,80,81,2,5,1,5,1,0,0,0.771524E-01,0.671009E-01,0.196935E-01,0.360839E-01,0.567586E-06,0.447029E-03,0.742204E-06,0.115098E-01,0.257980E-04,0.281817E-03,-0.491231E-05,21.9972,96.5012,0.500125,0.907149E+09,294.054
CH-CHA_201812050700.csv,2018-12-05,11:30,339.4790,1,36000,36000,-0.446502E-02,0,0.434452E-02,18.3967,0,3.01203,0.763851E-01,0,0.257658E-01,0.171889E-02,0,0.579807E-03,0.114984E-01,1,0.831549E-02,0.130560E-02,1,0.194870E-03,0.880960,0.547190E-02,0.123134E-03,-0.901331E-03,-0.267064E-04,0.766641E-11,0.115510E-11,0.190429E-12,528.900,13.1485,13.3236,5.00000,0,0.796894E-01,1.98108,2.00747,0.500000E-01,0,0.131376E-01,0.326600,0.330952,1.05000,0,288.726,287.526,96559.5,1.16420,1012.57,0.248600E-01,0.111384E-03,0.953078E-02,1264.65,1632.46,0.818654E-02,77.4688,367.812,283.600,0.130651,-0.127926,-0.281806E-02,0.182874,-0.121862E-12,0.144950E-13,0.182874,1.01794,234.035,315.604,-0.882953,-9999,0.619295E-01,0.100150,-1.09895,-1.82901,240.841,-0.251993,0,-9999,-9999,-9999,-9999,-9999,-9999,-9999,-0.429857E-02,1.03872,17.8231,1.03673,0.627251E-01,1.21778,0.141150E-02,1.21778,0.944213E-02,1.21778,0.107212E-02,1.21778,800009000,800009100,800009000,800009000,800009000,800019000,811119111,811119111,80111,80111,81,81,4,9,0,42,11,0,0,0.126792,0.511021E-01,0.224070E-01,0.826531E-01,0.146028E-05,0.386695E-03,0.215951E-06,0.151192E-01,0.355557E-04,0.237846E-03,0.270066E-04,22.0000,96.5000,0.500028,0.927501E+09,294.132
CH-CHA_201812050700.csv,2018-12-05,12:00,339.4999,1,36000,36000,0.726131E-02,0,0.395767E-02,27.0432,0,3.90681,0.646522E-01,0,0.253022E-01,0.145601E-02,0,0.569822E-03,0.190154E-02,2,0.334554E-02,0.700958E-03,0,0.361861E-03,1.28245,0.453255E-03,0.102076E-04,-0.659667E-03,-0.519551E-04,-0.750518E-11,-0.112258E-11,-0.185775E-12,527.414,13.1487,13.3239,5.00000,0,0.788878E-01,1.96671,1.99291,0.500000E-01,0,0.130551E-01,0.325469,0.329805,1.30000,0,289.544,288.341,96559.5,1.16091,1012.59,0.249305E-01,0.943494E-04,0.950401E-02,1264.67,1720.54,0.818668E-02,73.5043,455.868,283.600,-0.357909,-0.156175,-0.931028E-02,0.390610,-0.231816E-12,-0.142301E-13,0.390610,1.78379,333.986,203.574,-1.36579,-9999,0.790875E-01,0.161352,-1.55704,-1.29091,418.287,-0.290883,0,-9999,-9999,-9999,-9999,-9999,-9999,-9999,0.710250E-02,1.02236,26.4756,1.02585,0.538580E-01,1.20042,0.121292E-02,1.20042,0.158406E-02,1.20042,0.583928E-03,1.20042,800009000,800009100,800009000,800009000,800009000,800019010,811119111,811119111,80111,80111,80,81,22,0,0,44,0,0,0,0.901944E-01,0.209994,0.225167E-01,0.109532,0.169455E-05,0.131883E-03,0.944165E-06,0.225224E-01,0.306399E-04,0.400154E-04,0.147508E-04,22.0000,96.5001,0.500083,0.929394E+09,294.289
CH-CHA_201812050700.csv,2018-12-05,12:30,339.5207,1,36000,36000,-0.190220E-02,1,0.186058E-02,21.5962,0,2.46550,0.203300,0,0.400341E-01,0.458067E-02,0,0.902033E-03,0.473013E-02,1,0.249513E-02,0.805546E-03,0,0.516548E-03,0.793265,0.413006E-02,0.930569E-04,-0.920069E-04,0.468673E-04,0.372362E-11,0.556304E-12,0.924459E-13,526.573,13.1507,13.3260,5.00000,0,0.786695E-01,1.96470,1.99088,3.35000,0,0.130732E-01,0.326491,0.330842,1.30000,0,290.052,288.845,96559.5,1.15888,1012.60,0.249741E-01,0.296828E-03,0.948885E-02,1264.86,1777.18,0.818794E-02,71.1724,512.319,283.603,-0.252276,-0.956950E-01,0.949167E-03,0.269817,0.104983E-12,0.707141E-14,0.269817,1.56987,351.750,200.773,0.201556,-9999,0.405143E-01,0.154724,-0.262111,-7.66851,106.228,-0.454249,0,-9999,-9999,-9999,-9999,-9999,-9999,-9999,-0.184847E-02,1.02907,21.0599,1.03027,0.168398,1.20726,0.379428E-02,1.20726,0.391808E-02,1.20726,0.667252E-03,1.20726,800009000,800009100,800009000,800009000,800009000,800009000,810119111,811119111,80111,80111,81,81,1,0,0,36,3,0,0,0.113637,0.177340,0.184698E-01,0.776036E-01,0.459726E-05,0.429193E-04,0.224230E-05,0.179466E-01,0.960165E-04,0.991493E-04,0.168852E-04,22.0000,96.5000,0.500000,0.944802E+09,294.501
CH-CHA_201812050700.csv,2018-12-05,13:00,339.5415,1,35989,35989,-0.336295E-02,1,0.223819E-02,16.6507,0,1.76977,0.109031,1,0.188597E-01,0.245764E-02,1,0.425112E-03,-0.757666E-03,1,0.248328E-02,0.932250E-03,1,0.287845E-03,0.664567,0.267187E-02,0.602260E-04,0.297341E-03,0.106923E-04,-0.306061E-11,-0.458718E-12,-0.760322E-13,525.855,13.1520,13.3273,5.00000,0,0.788141E-01,1.97120,1.99747,2.40000,0,0.130634E-01,0.326725,0.331079,1.30000,0,290.477,289.269,96559.5,1.15718,1012.61,0.250108E-01,0.159255E-03,0.947590E-02,1264.99,1825.96,0.818876E-02,69.2780,560.972,283.604,-0.573898,-0.310412,0.177272E-01,0.652709,-0.192757E-13,-0.582025E-14,0.652709,1.72551,337.847,208.408,1.55631,-9999,0.539088E-01,0.127050,-0.800913,-2.50964,152.716,-0.263591,0,-9999,-9999,-9999,-9999,-9999,-9999,-9999,-0.330979E-02,1.01606,16.3683,1.02187,0.912186E-01,1.19527,0.205614E-02,1.19527,-0.633888E-03,1.19527,0.779950E-03,1.19527,800009000,800009100,800009000,800009011,800009010,800009010,811019111,811119111,80000,80000,80,81,4,2,2,16,0,0,0,0.177528,0.603644E-01,0.162086E-01,0.474923E-01,0.139355E-05,0.509980E-04,0.967284E-06,0.139688E-01,0.521083E-04,-0.160645E-04,0.197661E-04,21.9650,96.5124,0.499276,0.954813E+09,294.732
CH-CHA_201812051300.csv,2018-12-05,13:30,339.5624,1,36000,36000,-0.802536E-02,1,0.224415E-02,18.0994,0,2.37049,0.407001E-01,1,0.253087E-01,0.917563E-03,1,0.570572E-03,0.973819E-02,1,0.234113E-02,0.254291E-03,2,0.265582E-03,0.268297,0.303228E-02,0.683611E-04,-0.639315E-04,-0.696286E-04,-0.553430E-11,-0.828788E-12,-0.136828E-12,525.603,13.1535,13.3288,5.00000,0,0.787116E-01,1.96980,1.99606,0.500000E-01,0,0.129948E-01,0.325203,0.329537,1.50000,0,290.649,289.440,96559.5,1.15650,1012.61,0.250256E-01,0.594581E-04,0.947137E-02,1265.13,1846.00,0.818970E-02,68.5338,580.864,283.606,-0.422520E-01,0.172122,0.596083E-02,0.177332,0.286084E-13,-0.105294E-13,0.177332,1.26210,92.4866,103.792,1.92630,-9999,0.833028E-01,0.806611E-01,-2.71868,-0.739330,444.701,-0.185531,0,-9999,-9999,-9999,-9999,-9999,-9999,-9999,-0.771951E-02,1.03962,17.5232,1.03734,0.333942E-01,1.21878,0.752855E-03,1.21878,0.799012E-02,1.21878,0.208644E-03,1.21878,800009000,800009100,800009000,800009000,800009000,800009001,811019111,811119111,80111,80111,81,81,0,2,0,15,0,0,0,0.490410E-01,0.935077E-01,0.187735E-01,0.464756E-01,0.166572E-05,0.269772E-04,0.926883E-06,0.149632E-01,0.190907E-04,0.202612E-03,0.529076E-05,22.0000,96.5000,0.500000,0.966254E+09,294.961
CH-CHA_201812051300.csv,2018-12-05,14:00,339.5832,1,36000,36000,0.664039E-02,1,0.472882E-02,15.9450,0,2.60533,0.383874E-01,0,0.160490E-01,0.865894E-03,0,0.362013E-03,-0.308280E-02,2,0.502983E-02,0.727984E-03,0,0.188450E-03,0.881299,0.546780E-02,0.123336E-03,-0.341279E-03,-0.402728E-04,-0.381729E-12,-0.569370E-13,-0.941017E-14,524.690,13.1562,13.3316,5.00000,0,0.782604E-01,1.96232,1.98848,5.00000,0,0.129344E-01,0.324320,0.328644,1.95000,0,291.215,290.003,96559.5,1.15425,1012.62,0.250743E-01,0.561099E-04,0.945491E-02,1265.39,1913.30,0.819138E-02,66.1364,647.913,283.609,0.191924,0.112885,-0.389444E-02,0.222695,0.823818E-13,-0.727532E-15,0.222695,1.14974,157.601,30.4631,-1.00203,-9999,0.758484E-01,0.105437,-2.32950,-0.862846,415.371,-0.179858,0,-9999,-9999,-9999,-9999,-9999,-9999,-9999,0.642543E-02,1.03345,15.4994,1.03320,0.316734E-01,1.21197,0.714449E-03,1.21197,-0.254362E-02,1.21197,0.600659E-03,1.21197,800009000,800009100,800009000,800009000,800009000,800009010,811119111,811119111,80101,80101,81,81,0,0,0,13,0,0,0,0.144642,0.486431E-01,0.175889E-01,0.102513,0.904655E-06,0.137086E-03,0.378751E-06,0.132607E-01,0.181522E-04,-0.646263E-04,0.152611E-04,22.0000,96.5001,0.500056,0.986818E+09,295.186
CH-CHA_201812051300.csv,2018-12-05,14:30,339.6040,1,36000,36000,-0.607459E-02,1,0.163839E-02,14.1521,1,3.50389,0.613751E-01,0,0.184904E-01,0.138588E-02,0,0.417521E-03,0.200915E-01,2,0.118852E-01,0.140868E-02,1,0.345761E-03,1.69843,-0.391675E-02,-0.884420E-04,0.253624E-02,0.531238E-04,-0.361497E-11,-0.554601E-12,-0.894486E-13,522.649,13.1543,13.3296,5.00000,0,0.801837E-01,2.01810,2.04500,5.00000,0,0.129324E-01,0.325488,0.329827,1.35000,0,292.309,291.093,96559.5,1.14993,1012.65,0.251684E-01,0.898048E-04,0.941814E-02,1265.20,2049.63,0.819017E-02,61.7283,784.429,283.607,-0.388783,-0.447260,0.225435E-01,0.593045,0.474994E-13,-0.691663E-14,0.593045,1.78070,324.815,229.001,2.17852,-9999,0.726812E-01,0.150519,-2.30942,-0.870350,230.584,-0.167213,0,-9999,-9999,-9999,-9999,-9999,-9999,-9999,-0.597295E-02,1.01702,13.9027,1.02245,0.513232E-01,1.19585,0.115890E-02,1.19585,0.168010E-01,1.19585,0.117797E-02,1.19585,800009000,800009100,800009000,800009000,800019000,800019000,810119111,811119111,80111,80111,80,81,20,1,1,16,0,0,0,0.158184,0.131274,0.115794E-01,0.178056,0.190689E-05,0.145948E-02,0.151797E-05,0.119390E-01,0.295550E-04,0.428468E-03,0.300414E-04,22.0000,96.5001,0.500056,0.972061E+09,295.424
CH-CHA_201812051300.csv,2018-12-05,15:00,339.6249,1,36000,36000,-0.133901E-01,1,0.234973E-02,1.88577,1,0.446660,0.410401E-01,1,0.979991E-02,0.927316E-03,1,0.221432E-03,-0.569912E-02,2,0.363425E-02,0.985075E-03,1,0.208264E-03,1.06468,-0.454276E-02,-0.102645E-03,0.127751E-02,0.706217E-04,-0.220058E-11,-0.342377E-12,-0.547207E-13,521.334,13.1520,13.3273,4.95000,0,0.811120E-01,2.04626,2.07353,5.00000,0,0.129638E-01,0.327045,0.331404,1.50000,0,292.996,291.777,96559.5,1.14724,1012.66,0.252276E-01,0.600901E-04,0.939444E-02,1264.99,2139.58,0.818876E-02,59.1231,874.595,283.604,-0.303252,-0.712833E-01,0.187353E-01,0.312080,-0.172199E-12,-0.422105E-14,0.312080,1.66646,15.1987,193.228,3.44174,-9999,0.108035,0.164866,-56.9208,-0.353122E-01,45.9493,-0.150247E-01,0,-9999,-9999,-9999,-9999,-9999,-9999,-9999,-0.130486E-01,1.02617,1.84358,1.02835,0.340798E-01,1.20423,0.770046E-03,1.20423,-0.473257E-02,1.20423,0.818009E-03,1.20423,800009000,800019100,800009000,800009000,800009000,800109000,811119111,811119111,80111,80111,80,81,1,0,1,12,0,0,0,0.182500,0.142247,0.498416E-02,0.747492E-02,0.148926E-05,0.394491E-03,0.190344E-05,0.158688E-02,0.196843E-04,-0.120976E-03,0.209104E-04,22.0000,96.5002,0.500222,0.954735E+09,295.580
CH-CHA_201812051300.csv,2018-12-05,15:30,339.6457,1,36000,36000,-0.509729E-02,1,0.102712E-02,0.824575,1,0.262682,-0.538011E-02,2,0.309850E-02,-0.121551E-03,2,0.700036E-04,-0.892906E-03,2,0.448324E-03,0.874894E-03,1,0.458163E-03,-0.189049,0.161231E-03,0.364264E-05,-0.389427E-03,0.239157E-03,-0.816016E-12,-0.126427E-12,-0.206183E-13,521.554,13.1521,13.3274,0.100000,0,0.808055E-01,2.03768,2.06484,0.500000E-01,0,0.131782E-01,0.332315,0.336744,4.35000,0,292.874,291.656,96559.5,1.14771,1012.66,0.252171E-01,-0.787652E-05,0.939841E-02,1265.00,2123.37,0.818881E-02,59.5749,858.374,283.604,0.121059E-02,0.411081,0.137186E-01,0.411311,0.170465E-14,-0.156459E-14,0.411311,1.05095,93.9537,89.8313,1.91136,-9999,0.666428E-01,0.403946E-01,-30.5556,-0.657816E-01,-153.264,-0.106459E-01,0,-9999,-9999,-9999,-9999,-9999,-9999,-9999,-0.498961E-02,1.02158,0.807292,1.02534,-0.448463E-02,1.19968,-0.101320E-03,1.19968,-0.744288E-03,1.19968,0.729274E-03,1.19968,800009000,800119100,800009000,800009000,800009000,800009001,811119111,811119111,80001,80001,80,81,9,0,0,7,1,0,0,0.611908E-01,0.174250E-01,0.217342E-02,0.589178E-02,0.509668E-06,0.142845E-04,0.189011E-04,0.694599E-03,-0.258891E-05,-0.190179E-04,0.186343E-04,22.0000,96.5003,0.500278,0.955345E+09,295.627
CH-CHA_201812051300.csv,2018-12-05,16:00,339.6665,1,36000,36000,-0.145237E-01,1,0.219675E-02,-0.987793,2,0.329571,-0.171807E-01,1,0.302604E-02,-0.388130E-03,1,0.683614E-04,-0.813183E-02,1,0.209001E-01,0.877037E-03,1,0.542202E-03,-0.120284,-0.281324E-02,-0.635540E-04,0.801363E-02,0.458686E-04,0.501908E-12,0.845073E-13,0.127217E-13,521.637,13.1507,13.3259,0.500000,0,0.878291E-01,2.21421,2.24372,5.00000,0,0.132217E-01,0.333325,0.337767,2.45000,0,292.796,291.578,96559.5,1.14802,1012.66,0.252104E-01,-0.251508E-04,0.939990E-02,1264.86,2113.11,0.818794E-02,59.8577,848.252,283.603,0.115111,0.579183E-01,0.118868E-01,0.129408,0.245283E-14,0.962178E-15,0.129408,0.976678,137.279,26.7094,5.27036,-9999,0.112477,0.859489E-01,122.627,0.163911E-01,57.4943,0.755425E-02,0,-9999,-9999,-9999,-9999,-9999,-9999,-9999,-0.141196E-01,1.02862,-0.964801,1.02903,-0.137468E-01,1.24980,-0.310554E-03,1.24980,-0.650652E-02,1.24980,0.701743E-03,1.24980,800009000,800109100,800009000,800009011,800019000,800019001,811119111,811119111,80111,80111,80,81,8,0,1,11,0,0,0,0.125149,0.441057E-01,0.264308E-02,0.519582E-02,0.307852E-06,0.165997E-01,0.174535E-04,-0.829902E-03,-0.793311E-05,-0.166209E-03,0.179261E-04,22.0000,96.5004,0.500444,0.944669E+09,295.619
CH-CHA_201812051300.csv,2018-12-05,16:30,339.6873,1,36000,36000,0.277697E-02,1,0.117927E-02,-1.45278,1,0.561917,0.228188E-01,1,0.761932E-02,0.515518E-03,1,0.172134E-03,0.783188E-02,2,0.512941E-02,0.262180E-02,1,0.154689E-02,0.559115E-01,-0.450647E-02,-0.101809E-03,-0.617029E-02,0.164339E-03,0.225039E-11,0.355702E-12,0.576692E-13,521.484,13.1485,13.3236,1.05000,0,0.824269E-01,2.07827,2.10596,1.70000,0,0.133637E-01,0.336946,0.341435,1.45000,0,292.832,291.614,96559.5,1.14788,1012.66,0.252135E-01,0.334056E-04,0.939715E-02,1264.65,2117.88,0.818654E-02,59.7130,853.229,283.600,-0.463521,0.157410,0.259431E-01,0.490207,0.119925E-12,0.431536E-14,0.490207,1.57563,42.3082,161.243,3.03366,-9999,0.491855E-01,0.131293,6.97225,0.288286,-63.6660,0.254101E-01,0,-9999,-9999,-9999,-9999,-9999,-9999,-9999,0.271919E-02,1.02125,-1.39943,1.04177,0.154487E-01,1.47707,0.349015E-03,1.47707,0.530232E-02,1.47707,0.177500E-02,1.47707,800009000,800109100,800009000,800009000,800009001,800119001,811119111,811119111,80111,80111,80,81,6,0,1,4,0,0,0,0.803064E-01,0.179361,0.291817E-02,0.259625E-01,0.191931E-05,0.167134E-02,0.168367E-03,-0.120391E-02,0.891667E-05,0.135464E-03,0.453480E-04,22.0000,96.5006,0.500611,0.927553E+09,295.588
CH-CHA_201812051300.csv,2018-12-05,17:00,339.7082,0,36000,36000,-0.308508E-02,1,0.577601E-03,-2.32379,1,0.689498,-0.361322E-01,2,0.850159E-02,-0.815878E-03,2,0.191969E-03,0.258158E-01,2,0.275996E-01,0.163088E-02,2,0.603762E-03,-0.818935,-0.114861E-01,-0.259361E-03,0.814307E-02,-0.217902E-04,0.553808E-11,0.951199E-12,0.141780E-12,522.200,13.1427,13.3178,4.75000,0,0.896910E-01,2.25735,2.28741,0.850000,0,0.133688E-01,0.336467,0.340948,5.00000,0,292.304,291.089,96559.5,1.14995,1012.64,0.251680E-01,-0.528689E-04,0.941004E-02,1264.10,2049.17,0.818298E-02,61.6885,785.068,283.594,0.753672E-01,0.264279,0.211203E-01,0.275626,-0.696308E-13,0.106053E-13,0.275626,1.02103,115.164,74.0829,4.39468,-9999,0.517956E-01,0.593194E-01,5.09025,0.394872,64.3135,0.385273E-01,0,-9999,-9999,-9999,-9999,-9999,-9999,-9999,-0.300521E-02,1.02658,-2.22264,1.05056,-0.231351E-01,1.56179,-0.522399E-03,1.56179,0.165296E-01,1.56179,0.104424E-02,1.56179,800009000,800119100,800009000,800009011,800009011,810009011,811119111,811119111,80000,80000,80,81,1,0,0,0,0,0,0,0.509692E-01,0.671684E-01,0.501304E-03,0.855273E-01,0.621698E-05,0.168667,0.622562E-04,-0.190868E-02,-0.133222E-04,0.421537E-03,0.266301E-04,21.9967,96.5024,0.501167,0.884120E+09,295.514
CH-CHA_201812051300.csv,2018-12-05,17:30,339.7290,0,36000,36000,-0.123087E-02,1,0.501843E-03,-1.52503,1,0.553758,0.171427E-02,1,0.588013E-02,0.386827E-04,1,0.132686E-03,0.109755E-01,1,0.109699E-01,0.215591E-02,1,0.975615E-03,-1.09115,-0.887050E-02,-0.200164E-03,-0.277824E-02,0.226096E-03,-0.494939E-12,-0.827411E-13,-0.128620E-13,523.281,13.1384,13.3133,4.90000,0,0.874792E-01,2.19640,2.22564,5.00000,0,0.135985E-01,0.341427,0.345972,5.00000,0,291.602,290.391,96559.5,1.15272,1012.62,0.251076E-01,0.250664E-05,0.942953E-02,1263.68,1960.87,0.818025E-02,64.4449,697.187,283.589,0.113759,0.107297,0.470222E-02,0.156448,-0.583637E-13,-0.945837E-15,0.156448,1.01627,155.488,43.3256,1.72235,-9999,0.326771E-01,0.644143E-01,1.94761,1.03204,-889.612,0.399820E-01,0,-9999,-9999,-9999,-9999,-9999,-9999,-9999,-0.117537E-02,1.04722,-1.40294,1.09154,0.852176E-03,2.01163,0.192295E-04,2.01163,0.545600E-02,2.01163,0.107172E-02,2.01163,800009000,800109100,800009000,800009000,800009000,801119001,811119111,811119111,80110,80110,80,81,1,0,1,2,0,0,0,0.491481E-01,0.786088E-01,0.107175E-02,0.604385E-01,0.292898E-05,0.159827E-01,0.125746E-03,-0.120189E-02,0.489210E-06,0.138804E-03,0.272652E-04,22.0000,96.5024,0.502361,0.850403E+09,295.385
CH-CHA_201812051300.csv,2018-12-05,18:00,339.7498,0,36000,36000,-0.122532E-01,1,0.189930E-02,-7.81157,1,1.67782,-0.136005,1,0.189561E-01,-0.306681E-02,1,0.427447E-03,0.152486,1,0.185534E-01,0.201112E-01,1,0.251051E-02,-1.14352,-0.739907E-02,-0.166844E-03,0.109203E-02,0.226189E-03,0.110087E-10,0.186091E-11,0.290312E-12,524.454,13.1347,13.3095,5.00000,0,0.886540E-01,2.22029,2.24985,1.75000,0,0.138304E-01,0.346377,0.350987,5.00000,0,290.869,289.661,96559.5,1.15563,1012.61,0.250445E-01,-0.198729E-03,0.945067E-02,1263.33,1872.14,0.817797E-02,67.4804,608.812,283.584,0.552397E-02,0.546394E-01,0.580139E-02,0.552235E-01,-0.988046E-14,0.209908E-13,0.552235E-01,0.716519,123.634,84.2271,6.03022,-9999,0.102971,0.534006E-01,11.8974,0.168944,57.4360,0.648283E-01,0,-9999,-9999,-9999,-9999,-9999,-9999,-9999,-0.117461E-01,1.04317,-7.49543,1.04737,-0.964689E-01,1.40983,-0.217531E-02,1.40983,0.108159,1.40983,0.142650E-01,1.40983,800009000,800109100,800009000,800009011,800009000,800119000,811119111,811119111,80111,80111,80,81,0,1,2,0,0,0,0,0.845818E-01,0.197655E-01,0.245391E-02,0.996069E-01,0.445936E-05,0.756219E-02,0.153315E-03,-0.640529E-02,-0.552017E-04,0.274469E-02,0.361996E-03,21.9961,96.5045,0.503042,0.822522E+09,295.205
CH-CHA_201812051300.csv,2018-12-05,18:30,339.7707,0,36000,36000,0.200281E-02,1,0.310195E-03,-0.236338,1,0.124107,0.111652E-01,1,0.211337E-02,0.251765E-03,1,0.476546E-04,0.103306,1,0.180893E-01,0.375206E-02,1,0.106264E-02,-0.142284E-01,0.443077E-02,0.999099E-04,0.562224E-03,0.292349E-03,0.182261E-11,0.309749E-12,0.489437E-13,524.558,13.1369,13.3118,0.200000,0,0.891479E-01,2.23260,2.26232,2.10000,0,0.140863E-01,0.352774,0.357470,2.30000,0,290.860,289.652,96559.5,1.15566,1012.61,0.250437E-01,0.163144E-04,0.945253E-02,1263.54,1871.06,0.817933E-02,67.5306,607.521,283.587,0.210305,0.422568,0.312083E-02,0.472019,0.228337E-13,0.347456E-14,0.472019,0.844038,120.370,63.5412,0.378824,-9999,0.416298E-01,0.159987E-01,25.9849,0.773525E-01,-21.1674,0.485131E-02,0,-9999,-9999,-9999,-9999,-9999,-9999,-9999,0.197333E-02,1.01494,-0.230694,1.02641,0.861046E-02,1.29670,0.194158E-03,1.29670,0.796687E-01,1.29670,0.289354E-02,1.29670,800009000,800119100,800009000,800009011,800009010,800119010,811119111,811119111,80111,80111,80,81,1,12,0,6,0,0,0,0.193022E-01,0.120366E-01,0.658495E-03,0.645088E-02,0.622956E-06,0.693506E-01,0.309342E-03,-0.197136E-03,0.492692E-05,0.202166E-02,0.734259E-04,21.9644,96.5161,0.502755,0.839370E+09,295.017
CH-CHA_201812051300.csv,2018-12-05,19:00,339.7915,0,35989,35989,0.688863E-03,1,0.307463E-03,-0.401316,1,0.206085,-0.360054E-02,1,0.283250E-02,-0.811850E-04,1,0.638672E-04,0.574360E-01,1,0.236911E-01,0.239611E-02,1,0.186606E-02,-0.805377E-01,0.204306E-03,0.460670E-05,0.633957E-02,0.287399E-04,0.836481E-12,0.150990E-12,0.225025E-13,524.655,13.1370,13.3119,3.40000,0,0.947032E-01,2.37130,2.40287,5.00000,0,0.141139E-01,0.353403,0.358107,2.65000,0,290.809,289.601,96559.5,1.15587,1012.61,0.250393E-01,-0.526079E-05,0.945428E-02,1263.55,1864.95,0.817940E-02,67.7524,601.402,283.587,0.331953,0.378706,0.141563E-01,0.503797,0.569071E-13,0.159435E-14,0.503797,0.961925,138.735,48.7640,1.61018,-9999,0.244125E-01,0.244364E-01,3.08599,0.651330,111.460,0.140451E-01,0,-9999,-9999,-9999,-9999,-9999,-9999,-9999,0.667220E-03,1.03244,-0.378407,1.06534,-0.205962E-02,1.74816,-0.464402E-04,1.74816,0.328551E-01,1.74816,0.137065E-02,1.74816,800009000,800119100,800009000,800009011,800009000,800009011,811119111,811119111,80111,80111,80,81,0,1,0,0,0,0,0,0.345026E-01,0.133180E-01,0.105216E-02,0.119569E-01,0.825795E-06,0.840041E-01,0.516384E-03,-0.323305E-03,-0.117825E-05,0.833576E-03,0.347751E-04,21.9833,96.5095,0.503212,0.840100E+09,294.861
CH-CHA_201812051900.csv,2018-12-05,19:30,339.8123,0,36000,36000,-0.180949E-02,1,0.404186E-03,-0.310879,1,0.146511,-0.991845E-02,2,0.278724E-02,-0.223575E-03,2,0.628283E-04,0.111744E-01,1,0.155794E-01,-0.938908E-03,1,0.365055E-03,-0.478540,-0.634607E-02,-0.143049E-03,0.211285E-02,-0.354984E-03,-0.768972E-12,-0.141541E-12,-0.202371E-13,525.084,13.1339,13.3087,1.90000,0,0.966493E-01,2.41748,2.44965,5.00000,0,0.138187E-01,0.345644,0.350245,0.500000E-01,0,290.502,289.295,96559.5,1.15709,1012.60,0.250129E-01,-0.144877E-04,0.946201E-02,1263.25,1829.05,0.817745E-02,69.0660,565.796,283.583,0.136278,0.258242,0.154485E-01,0.292403,0.188280E-13,-0.146448E-14,0.292403,0.772205,112.877,62.1788,3.02851,-9999,0.395453E-01,0.586124E-01,16.9330,0.118703,31.3435,0.670956E-02,0,-9999,-9999,-9999,-9999,-9999,-9999,-9999,-0.177652E-02,1.01856,-0.303244,1.03102,-0.742241E-02,1.33628,-0.167311E-03,1.33628,0.836229E-02,1.33628,-0.702626E-03,1.33628,800009000,800119100,800009000,800009000,800009000,800009000,811119111,811119111,80111,80111,80,81,0,5,3,0,2,0,0,0.443520E-01,0.722215E-01,0.651203E-03,0.831171E-02,0.103278E-05,0.516146E-01,0.555099E-04,-0.258815E-03,-0.424041E-05,0.211938E-03,-0.178077E-04,22.0000,96.5037,0.503694,0.816117E+09,294.731
CH-CHA_201812051900.csv,2018-12-05,20:00,339.8331,0,36000,36000,0.924567E-03,2,0.510820E-03,-0.710251,1,0.481201,-0.554190E-02,2,0.628040E-02,-0.124886E-03,2,0.141528E-03,0.385084E-01,1,0.205542E-01,0.569002E-02,2,0.178184E-02,-0.471231,-0.963917E-02,-0.217217E-03,-0.395409E-03,0.720603E-03,-0.253874E-11,-0.465791E-12,-0.698785E-13,525.440,13.1291,13.3038,5.00000,0,0.964043E-01,2.40885,2.44089,5.00000,0,0.144627E-01,0.361378,0.366185,5.00000,0,290.200,288.995,96559.5,1.15829,1012.59,0.249869E-01,-0.809261E-05,0.946843E-02,1262.80,1794.32,0.817449E-02,70.3774,531.524,283.578,0.382055E-01,0.246108,0.659333E-02,0.249143,0.133883E-12,-0.483164E-14,0.249143,0.983717,89.9340,81.1759,1.51645,-9999,0.282527E-01,0.676868E-01,2.70276,0.743685,128.160,0.214339E-01,0,-9999,-9999,-9999,-9999,-9999,-9999,-9999,0.891416E-03,1.03719,-0.664936,1.07292,-0.305569E-02,1.81363,-0.688596E-04,1.81363,0.212328E-01,1.81363,0.313736E-02,1.81363,800009000,800109100,800009000,800009000,800009000,800009010,811119111,811119111,80001,80001,80,81,0,0,0,0,0,0,0,0.615393E-01,0.732667E-01,0.567661E-03,0.457395E-01,0.316680E-05,0.687849E-01,0.531800E-03,-0.566930E-03,-0.174339E-05,0.537572E-03,0.794318E-04,22.0000,96.5035,0.503500,0.779688E+09,294.585
CH-CHA_201812051900.csv,2018-12-05,20:30,339.8540,0,36000,36000,-0.993410E-02,1,0.130588E-02,-2.76156,1,0.462348,-0.419279E-01,1,0.808668E-02,-0.944944E-03,1,0.182252E-03,0.469717E-01,1,0.113426E-01,0.913370E-02,1,0.221015E-02,0.181377,0.407250E-02,0.917834E-04,-0.445149E-03,-0.134693E-03,-0.225289E-11,-0.411614E-12,-0.614963E-13,525.310,13.1311,13.3058,5.00000,0,0.959768E-01,2.39912,2.43105,5.00000,0,0.143392E-01,0.358436,0.363205,2.10000,0,290.316,289.111,96559.5,1.15783,1012.59,0.249969E-01,-0.612323E-04,0.946608E-02,1262.99,1807.62,0.817574E-02,69.8701,544.634,283.580,0.400751E-01,0.476254,0.205339E-01,0.478378,-0.196677E-12,-0.428869E-14,0.478378,1.21083,85.2720,85.1901,2.46012,-9999,0.926281E-01,0.143308,24.4970,0.820510E-01,65.8645,0.254293E-01,0,-9999,-9999,-9999,-9999,-9999,-9999,-9999,-0.978719E-02,1.01501,-2.70282,1.02676,-0.322210E-01,1.30126,-0.726177E-03,1.30126,0.360971E-01,1.30126,0.701913E-02,1.30126,800009000,800109100,800009000,800009011,800009000,801119011,811119111,811119111,80111,80111,80,81,4,1,6,2,0,0,0,0.139460,0.145524,0.163186E-02,0.299030E-01,0.286745E-05,0.133887E-01,0.584352E-03,-0.230537E-02,-0.183928E-04,0.914276E-03,0.177782E-03,22.0000,96.5037,0.503722,0.795119E+09,294.417
CH-CHA_201812051900.csv,2018-12-05,21:00,339.8748,0,36000,36000,0.138540E-02,1,0.371533E-03,-1.01489,1,0.239259,-0.132316E-01,2,0.378833E-02,-0.298270E-03,2,0.853978E-04,0.987096E-02,2,0.116028E-01,0.383266E-02,1,0.744449E-03,0.359132,0.955021E-02,0.215284E-03,0.867306E-02,-0.700985E-03,0.134620E-11,0.265299E-12,0.351633E-13,525.081,13.1358,13.3107,4.70000,0,0.103479,2.58871,2.62317,4.80000,0,0.137153E-01,0.343113,0.347680,2.60000,0,290.547,289.340,96559.5,1.15691,1012.60,0.250168E-01,-0.193279E-04,0.946197E-02,1263.44,1834.24,0.817868E-02,68.8808,570.800,283.586,0.713495,0.825968E-01,0.221721E-01,0.718603,-0.328579E-12,0.256380E-14,0.718603,1.47153,183.359,6.60337,1.76811,-9999,0.346050E-01,0.972790E-01,3.47565,0.578309,76.7023,0.250348E-01,0,-9999,-9999,-9999,-9999,-9999,-9999,-9999,0.134539E-02,1.02974,-0.961482,1.06050,-0.778056E-02,1.70059,-0.175392E-03,1.70059,0.580442E-02,1.70059,0.225372E-02,1.70059,800009000,800009100,800009000,800009000,800009000,800009011,811119111,811119111,80001,80001,80,81,7,0,3,3,2,0,0,0.386022E-01,0.153616,0.234017E-02,0.126441E-01,0.102285E-05,0.201735E-01,0.769545E-04,-0.820739E-03,-0.444591E-05,0.147133E-03,0.571282E-04,22.0000,96.5031,0.503056,0.831328E+09,294.276
CH-CHA_201812051900.csv,2018-12-05,21:30,339.8956,0,36000,36000,-0.740435E-02,1,0.402890E-03,1.42783,2,0.699739,0.369047E-01,1,0.745256E-02,0.832035E-03,1,0.168022E-03,0.283867E-01,1,0.981084E-02,-0.121557E-02,1,0.344280E-03,0.230072,0.532988E-02,0.120165E-03,0.653868E-03,-0.239409E-04,-0.554121E-11,-0.109783E-11,-0.144489E-12,524.920,13.1385,13.3134,2.80000,0,0.103998,2.60301,2.63767,0.500000E-01,0,0.136874E-01,0.342589,0.347150,0.500000E-01,0,290.694,289.487,96559.5,1.15632,1012.60,0.250295E-01,0.539159E-04,0.945905E-02,1263.69,1851.48,0.818031E-02,68.2530,587.788,283.589,0.526339,0.390137,0.216918E-01,0.655522,-0.307813E-13,-0.105563E-13,0.655522,2.20286,155.360,36.5469,1.89631,-9999,0.800211E-01,0.179707,-30.5477,-0.657987E-01,38.6897,-0.152389E-01,0,-9999,-9999,-9999,-9999,-9999,-9999,-9999,-0.728759E-02,1.01602,1.40505,1.02185,0.308762E-01,1.19525,0.696120E-03,1.19525,0.237497E-01,1.19525,-0.101700E-02,1.19525,800009000,800009100,800009000,800009000,800009000,811109101,811119111,811119111,80111,80111,80,81,10,5,2,11,108,0,0,0.129086,0.224885,0.544322E-02,0.500494E-01,0.131341E-05,0.472448E-02,0.277176E-04,0.119998E-02,0.176546E-04,0.602324E-03,-0.257925E-04,22.0000,96.5023,0.502278,0.851129E+09,294.151
CH-CHA_201812051900.csv,2018-12-05,22:00,339.9165,0,36000,36000,-0.557200E-01,1,0.578134E-02,-5.05634,1,0.906402,-0.465481E-01,2,0.874836E-02,-0.104986E-02,2,0.197313E-03,-0.966588E-01,1,0.211363E-01,0.452748E-02,1,0.889157E-03,0.632415,0.480204E-02,0.108307E-03,0.885250E-04,-0.301727E-05,0.994718E-11,0.197186E-11,0.259279E-12,524.283,13.1408,13.3158,0.850000,0,0.103930,2.60495,2.63964,5.00000,0,0.136657E-01,0.342523,0.347084,1.80000,0,291.100,289.891,96559.5,1.15471,1012.61,0.250644E-01,-0.680308E-04,0.944757E-02,1263.92,1899.67,0.818179E-02,66.5335,635.752,283.591,0.699483E-01,0.457559,0.449200E-01,0.465050,-0.513075E-12,0.189729E-13,0.465050,2.48318,111.349,81.3083,5.54295,-9999,0.219669,0.511108,178.451,0.112636E-01,108.626,0.196857E-01,0,51.1957,-7.76914,17.5738,43.7613,66.7387,93.6020,140.233,-0.549736E-01,1.01358,-4.97384,1.02132,-0.377455E-01,1.23321,-0.851323E-03,1.23321,-0.783799E-01,1.23321,0.367130E-02,1.23321,800009000,800009100,800009000,800009000,800009000,800109011,810119111,811119111,80011,80011,80,81,0,0,0,1,0,0,0,0.306078,0.702409,0.137304E-01,0.170276E-01,0.526480E-06,0.442223E-02,0.907400E-05,-0.425379E-02,-0.216209E-04,-0.199060E-02,0.932395E-04,22.0000,96.5015,0.501528,0.869213E+09,294.052
CH-CHA_201812051900.csv,2018-12-05,22:30,339.9373,0,36000,36000,-0.415951E-01,1,0.555177E-02,-0.968669,2,0.465872,0.163463E-01,2,0.127290E-01,0.368709E-03,2,0.287116E-03,0.475440E-01,2,0.544150E-01,0.563899E-02,1,0.180878E-02,0.130256,0.422893E-03,0.953882E-05,-0.475147E-03,0.598184E-04,0.255897E-11,0.505237E-12,0.669550E-13,524.140,13.1410,13.3160,2.25000,0,0.103485,2.59454,2.62909,2.25000,0,0.137141E-01,0.343833,0.348412,1.80000,0,291.184,289.974,96559.5,1.15438,1012.62,0.250716E-01,0.238923E-04,0.944501E-02,1263.94,1909.73,0.818192E-02,66.1840,645.796,283.592,0.155691,0.486030,0.336097E-01,0.511463,0.130563E-12,0.488222E-14,0.511463,2.36696,115.779,72.2381,3.76778,-9999,0.189822,0.571927,601.053,0.334413E-02,-59.2592,0.436552E-02,0,-9999,-9999,-9999,-9999,-9999,-9999,-9999,-0.410649E-01,1.01291,-0.952431,1.02043,0.133436E-01,1.22503,0.300980E-03,1.22503,0.388106E-01,1.22503,0.460317E-02,1.22503,800009000,800009100,800009000,800009000,800009001,800109011,801119111,811119111,80111,80111,80,81,0,0,11,8,0,0,0,0.344575,0.790632,0.864641E-02,0.834368E-01,0.171803E-05,0.537703E-01,0.590994E-04,-0.814783E-03,0.764615E-05,0.985951E-03,0.116939E-03,22.0000,96.5008,0.500778,0.870881E+09,294.041
CH-CHA_201812051900.csv,2018-12-05,23:00,339.9581,0,36000,36000,-0.512542E-01,1,0.760239E-02,-0.528144,2,1.47422,-0.220463E-02,2,0.140268E-01,-0.497290E-04,2,0.316398E-03,0.591721E-01,2,0.208462E-01,0.277549E-02,1,0.144917E-02,0.393393E-01,-0.896277E-03,-0.202170E-04,-0.106950E-02,0.157474E-03,-0.174814E-11,-0.342043E-12,-0.462003E-13,524.077,13.1406,13.3156,4.70000,0,0.102542,2.57111,2.60534,0.500000E-01,0,0.138505E-01,0.347283,0.351908,1.25000,0,291.209,289.999,96559.5,1.15428,1012.62,0.250738E-01,-0.322244E-05,0.944387E-02,1263.89,1912.78,0.818165E-02,66.0762,648.887,283.591,-0.134028,-0.136470,0.234864E-01,0.192715,0.909019E-13,-0.333565E-14,0.192715,1.28942,334.995,225.517,7.00010,-9999,0.210722,0.278997,1508.08,0.133282E-02,239.562,0.214431E-02,0,60.7198,-9.21447,20.8432,51.9024,79.1544,111.015,166.321,-0.501355E-01,1.02231,-0.517624,1.02482,-0.179361E-02,1.22916,-0.404579E-04,1.22916,0.481405E-01,1.22916,0.225805E-02,1.22916,800009000,800109100,800009000,800009011,800009000,801019001,801119111,811119111,80000,80000,80,81,0,0,4,5,0,0,0,0.316086,0.233661,0.824743E-02,0.297393E-01,0.867439E-06,0.419554E-02,0.250274E-04,-0.442854E-03,-0.102789E-05,0.122307E-02,0.573687E-04,22.0000,96.5002,0.500236,0.867548E+09,294.024
CH-CHA_201812051900.csv,2018-12-05,23:30,339.9790,0,36000,36000,-0.132291,1,0.153873E-01,-4.48907,1,1.72727,-0.265386E-01,1,0.170501E-01,-0.598532E-03,1,0.384534E-03,0.801730E-01,2,0.349180E-01,-0.216342E-02,2,0.243306E-02,-0.243031,-0.297779E-02,-0.671589E-04,0.231271E-02,0.342202E-03,0.212079E-10,0.423178E-11,0.572647E-12,524.300,13.1391,13.3141,0.100000,0,0.104618,2.62175,2.65666,0.500000E-01,0,0.141569E-01,0.354777,0.359500,0.500000E-01,0,291.053,289.844,96559.5,1.15489,1012.61,0.250603E-01,-0.387849E-04,0.944788E-02,1263.75,1894.02,0.818073E-02,66.7232,630.270,283.589,0.262398E-01,-0.846275E-01,0.211437E-01,0.910900E-01,-0.180716E-12,0.404500E-13,0.910900E-01,1.78351,143.547,287.227,13.4219,-9999,0.338449,0.357133,735.141,0.273417E-02,169.152,0.113417E-01,0,58.5320,-8.88246,20.0921,50.0323,76.3024,107.015,160.328,-0.127348,1.03881,-4.36679,1.03262,-0.213413E-01,1.24353,-0.481316E-03,1.24353,0.644720E-01,1.24353,-0.173974E-02,1.24353,800009000,800109100,800009000,800009000,800009010,800009010,811119111,811119111,80001,80001,80,81,0,0,1,0,0,0,0,0.383127,0.307820,0.233200E-01,0.136039E-01,0.571622E-06,0.370181E-02,0.185580E-04,-0.373402E-02,-0.122219E-04,0.163712E-02,-0.441767E-04,22.0000,96.5005,0.500528,0.856349E+09,294.021
CH-CHA_201812051900.csv,2018-12-06,00:00,340.0000,0,36000,36000,-0.322387E-02,1,0.934172E-03,-6.05864,1,1.82047,-0.960038E-02,1,0.334419E-02,-0.216375E-03,1,0.753719E-04,0.178838E-01,1,0.973283E-02,0.297404E-02,1,0.648046E-03,-1.08999,0.257858E-02,0.581165E-04,-0.116404E-02,-0.319261E-03,0.154686E-11,0.305634E-12,0.409426E-13,525.609,13.1404,13.3154,4.80000,0,0.103852,2.59632,2.63089,2.50000,0,0.139119E-01,0.347803,0.352434,2.00000,0,290.356,289.149,96559.5,1.15767,1012.60,0.250003E-01,-0.140211E-04,0.947148E-02,1263.88,1812.06,0.818152E-02,69.7481,548.182,283.591,0.519900E-01,0.589111,0.202583E-01,0.591747,0.209014E-13,0.294299E-14,0.591747,1.45729,103.880,84.9566,1.96189,-9999,0.527712E-01,0.161115,2.06468,0.973514,631.083,0.979394E-01,0,-9999,-9999,-9999,-9999,-9999,-9999,-9999,-0.309536E-02,1.04152,-5.61338,1.08390,-0.487698E-02,1.96851,-0.109918E-03,1.96851,0.908495E-02,1.96851,0.151081E-02,1.96851,800009000,800109100,800009000,800009011,800009010,800009010,811119111,811119111,80111,80111,80,81,0,0,2,0,27,0,0,0.102342,0.217666,0.222218E-02,0.258407,0.507135E-06,0.721896E-02,0.391348E-04,-0.478854E-02,-0.278444E-05,0.230139E-03,0.382716E-04,21.9883,96.5044,0.499986,0.866093E+09,294.001
CH-CHA_201812051900.csv,2018-12-06,00:30,340.0208,0,36000,36000,-0.196133E-01,1,0.429609E-02,-2.18029,1,1.31426,-0.376228E-02,2,0.101918E-01,-0.847353E-04,2,0.229544E-03,0.155746E-01,1,0.911214E-02,0.252132E-02,1,0.105565E-02,-1.15178,-0.737264E-03,-0.166049E-04,-0.661311E-03,0.958562E-04,-0.476775E-11,-0.936825E-12,-0.126955E-12,526.929,13.1400,13.3150,5.00000,0,0.103537,2.58191,2.61629,4.55000,0,0.140310E-01,0.349891,0.354550,1.30000,0,289.621,288.417,96559.5,1.16061,1012.58,0.249370E-01,-0.549085E-05,0.949526E-02,1263.84,1729.05,0.818129E-02,73.0947,465.205,283.590,-0.530874,-0.310827,0.338212E-01,0.616105,0.251519E-13,-0.904819E-14,0.616105,3.21255,314.271,210.349,3.14685,-9999,0.129997,0.454273,85.7664,0.234358E-01,579.511,0.142714E-01,0,-9999,-9999,-9999,-9999,-9999,-9999,-9999,-0.193728E-01,1.01241,-2.14328,1.02162,-0.302122E-02,1.24528,-0.680449E-04,1.24528,0.125069E-01,1.24528,0.202470E-02,1.24528,800009000,800009100,800009000,800009011,800109000,800109000,811119111,811119111,80111,80111,80,81,0,0,6,39,0,0,0,0.574703,0.325328,0.851468E-02,0.658539E-01,0.147704E-05,0.211360E-02,0.912312E-04,-0.182374E-02,-0.171934E-05,0.316021E-03,0.511595E-04,21.9850,96.5055,0.499847,0.863284E+09,294.006
CH-CHA_201812051900.csv,2018-12-06,01:00,340.0416,0,35989,35989,-0.149424E-01,1,0.235951E-02,-0.999980,2,0.813001,0.162042E-01,2,0.732624E-02,0.364790E-03,2,0.164929E-03,0.578848E-01,1,0.170630E-01,-0.732210E-03,2,0.371985E-03,-0.747404,-0.233825E-02,-0.526388E-04,0.408118E-02,-0.115638E-03,-0.564961E-11,-0.114838E-11,-0.149369E-12,527.751,13.1389,13.3138,0.550000,0,0.107274,2.67069,2.70625,2.00000,0,0.139531E-01,0.347376,0.352001,0.500000E-01,0,289.144,287.943,96559.5,1.16252,1012.57,0.248960E-01,0.236384E-04,0.951007E-02,1263.73,1677.07,0.818058E-02,75.3537,413.335,283.589,0.196735,0.779100E-01,0.200069E-01,0.212544,0.303024E-12,-0.107051E-13,0.212544,1.54123,167.096,21.6043,5.40130,-9999,0.113373,0.260356,124.042,0.162042E-01,-61.7111,0.749298E-02,0,-9999,-9999,-9999,-9999,-9999,-9999,-9999,-0.146415E-01,1.02055,-0.978753,1.02514,0.130370E-01,1.24294,0.293490E-03,1.24294,0.465709E-01,1.24294,-0.589095E-03,1.24294,800009000,800109100,800009000,800009011,800009000,801009010,811119111,811119111,80111,80111,80,81,0,0,2,5,0,0,0,0.126313,0.390619,0.377866E-02,0.361090E-01,0.939452E-06,0.832418E-02,0.207856E-04,-0.831471E-03,0.740362E-05,0.117480E-02,-0.148606E-04,21.9839,96.5058,0.499722,0.854584E+09,293.984
CH-CHA_201812060100.csv,2018-12-06,01:30,340.0624,0,36000,36000,-0.199263E-01,1,0.309677E-02,0.930920,2,1.49064,0.533691E-01,2,0.124919E-01,0.120120E-02,2,0.281160E-03,-0.293071E-01,2,0.166614E-01,-0.204173E-02,2,0.124946E-02,-0.339981,-0.212260E-02,-0.477742E-04,-0.539328E-02,0.826716E-04,0.780217E-12,0.151642E-12,0.207363E-13,528.105,13.1379,13.3128,0.150000,0,0.102642,2.55346,2.58745,0.500000E-01,0,0.140358E-01,0.349173,0.353821,0.500000E-01,0,288.928,287.728,96559.5,1.16339,1012.57,0.248774E-01,0.778377E-04,0.951645E-02,1263.63,1653.90,0.817993E-02,76.4033,390.265,283.588,-0.228521,-0.373647E-01,0.247747E-01,0.232878,0.183148E-12,0.147739E-14,0.232878,1.60804,353.592,189.286,6.10698,-9999,0.130873,0.273617,-204.958,-0.980688E-02,17.4430,-0.603827E-02,0,-9999,-9999,-9999,-9999,-9999,-9999,-9999,-0.193015E-01,1.03237,0.908098,1.03247,0.440777E-01,1.21080,0.992073E-03,1.21080,-0.242047E-01,1.21080,-0.168627E-02,1.21080,800009000,800009100,800009000,800009011,800009001,801109001,810119111,811119111,80000,80000,80,81,0,0,1,7,0,0,0,0.205800,0.335047,0.638681E-02,0.813457E-01,0.202874E-05,0.748875E-02,0.512313E-04,0.770874E-03,0.250074E-04,-0.610135E-03,-0.425062E-04,21.9772,96.5081,0.499569,0.846575E+09,293.985
CH-CHA_201812060100.csv,2018-12-06,02:00,340.0833,0,36000,36000,-0.408934E-01,1,0.580696E-02,-5.31885,1,2.15235,-0.550260E-01,1,0.180369E-01,-0.123844E-02,1,0.405947E-03,-0.117467,2,0.504900E-01,0.303519E-02,1,0.204204E-02,-0.688243E-01,-0.203398E-02,-0.457776E-04,0.552650E-02,0.300764E-03,0.421254E-11,0.857323E-12,0.114064E-12,528.145,13.1369,13.3117,2.40000,0,0.107486,2.67357,2.70916,0.500000E-01,0,0.143007E-01,0.355710,0.360445,5.00000,0,288.884,287.684,96559.5,1.16357,1012.57,0.248736E-01,-0.802508E-04,0.951717E-02,1263.54,1649.24,0.817931E-02,76.6132,385.705,283.587,-0.297763E-01,0.876718E-01,0.177940E-01,0.942847E-01,0.371464E-13,0.797611E-14,0.942847E-01,1.29329,65.5857,108.759,10.8785,-9999,0.187470,0.170784,105.439,0.190631E-01,96.6607,0.240809E-01,0,-9999,-9999,-9999,-9999,-9999,-9999,-9999,-0.394728E-01,1.03599,-5.17444,1.03274,-0.437141E-01,1.25877,-0.983849E-03,1.25877,-0.933190E-01,1.25877,0.241124E-02,1.25877,800009000,800109100,800009000,800009000,800009010,800109010,811119111,811119111,80001,80001,80,81,0,0,6,5,0,0,0,0.175028,0.158717,0.782226E-02,0.447574E-01,0.143080E-05,0.220299E-01,0.349631E-04,-0.439186E-02,-0.247963E-04,-0.235195E-02,0.607714E-04,22.0000,96.5000,0.500000,0.838897E+09,293.996
CH-CHA_201812060100.csv,2018-12-06,02:30,340.1041,0,36000,36000,-0.494570E-02,2,0.137894E-02,-1.39100,1,0.500916,0.407332E-02,1,0.345493E-02,0.917008E-04,1,0.777793E-04,-0.789609E-02,2,0.663538E-02,0.900744E-03,1,0.836034E-03,0.444987,0.835734E-03,0.188145E-04,0.134947E-01,0.217109E-03,-0.299289E-12,-0.675968E-13,-0.821127E-14,527.643,13.1373,13.3122,0.200000,0,0.119172,2.96716,3.00666,0.500000E-01,0,0.144764E-01,0.360433,0.365231,2.70000,0,289.168,287.966,96559.5,1.16243,1012.57,0.248980E-01,0.594221E-05,0.950814E-02,1263.58,1679.57,0.817957E-02,75.2319,415.999,283.587,0.354684,0.327152,0.235672E-01,0.483099,0.222698E-13,-0.567218E-15,0.483099,1.68208,137.869,42.6877,2.79619,-9999,0.652276E-01,0.190616,16.9823,0.118359,-341.491,0.181178E-01,0,-9999,-9999,-9999,-9999,-9999,-9999,-9999,-0.486782E-02,1.01600,-1.35662,1.02949,0.305311E-02,1.33415,0.687334E-04,1.33415,-0.591843E-02,1.33415,0.675143E-03,1.33415,800009000,800109100,800009000,800009000,800009000,800009000,810119111,811119111,80100,80100,80,81,0,0,0,7,0,0,0,0.238183,0.141765,0.128365E-02,0.375344E-01,0.130516E-05,0.283946E-01,0.821006E-04,-0.115257E-02,0.173402E-05,-0.149311E-03,0.170326E-04,22.0000,96.5000,0.500000,0.842165E+09,294.000
CH-CHA_201812060100.csv,2018-12-06,03:00,340.1249,0,36000,36000,-0.833518E-01,1,0.122595E-01,-11.3417,1,2.70877,0.499489E-01,2,0.214542E-01,0.112467E-02,2,0.483073E-03,-0.366327,1,0.109653,0.307524E-01,1,0.569655E-02,0.282112,-0.216367E-02,-0.487182E-04,-0.483902E-02,-0.775763E-04,0.474805E-11,0.103440E-11,0.129667E-12,527.273,13.1362,13.3111,0.500000E-01,0,0.114870,2.86182,2.89991,5.00000,0,0.143996E-01,0.358744,0.363519,5.00000,0,289.347,288.145,96559.5,1.16170,1012.58,0.249135E-01,0.728787E-04,0.950146E-02,1263.47,1699.07,0.817891E-02,74.3626,435.597,283.586,0.181944,-0.163927,0.376389E-01,0.247775,0.129335E-12,0.900491E-14,0.247775,2.36690,213.036,317.982,8.73749,-9999,0.267861,0.467657,144.239,0.139352E-01,-227.066,0.359953E-01,0,60.0092,-9.10663,20.5992,51.2950,78.2281,109.716,164.375,-0.818156E-01,1.01878,-11.1188,1.02410,0.403052E-01,1.23927,0.907529E-03,1.23927,-0.295600,1.23927,0.248150E-01,1.23927,800009000,800009100,800009000,800009011,800009000,800109000,810119111,811119111,80111,80111,80,81,3,0,5,0,0,0,0,0.466682,0.454908,0.137246E-01,0.438057E-01,0.147559E-05,0.542197E-01,0.129490E-03,-0.945222E-02,0.229095E-04,-0.746205E-02,0.626424E-03,21.9833,96.5059,0.499694,0.833989E+09,294.003
CH-CHA_201812060100.csv,2018-12-06,03:30,340.1458,0,36000,36000,-0.178715E-01,1,0.348182E-02,-1.38937,2,0.612815,0.178122E-01,2,0.103944E-01,0.401232E-03,2,0.234141E-03,-0.292413E-01,2,0.953647E-02,0.334989E-02,1,0.741684E-03,0.669325,0.447020E-02,0.100694E-03,-0.640600E-02,-0.361658E-03,0.676580E-11,0.140181E-11,0.180680E-12,526.583,13.1384,13.3133,1.05000,0,0.109103,2.72216,2.75840,0.500000E-01,0,0.140623E-01,0.350860,0.355531,2.10000,0,289.775,288.571,96559.5,1.15999,1012.59,0.249503E-01,0.259998E-04,0.948903E-02,1263.68,1746.19,0.818028E-02,72.3680,482.508,283.589,0.967060E-01,0.348002,0.143522E-01,0.361474,0.984253E-13,0.128485E-13,0.361474,1.81122,110.642,74.4700,2.27551,-9999,0.124124,0.223550,117.159,0.171561E-01,-78.0012,0.952971E-02,0,-9999,-9999,-9999,-9999,-9999,-9999,-9999,-0.176017E-01,1.01533,-1.36346,1.02262,0.143652E-01,1.23996,0.323585E-03,1.23996,-0.235825E-01,1.23996,0.270162E-02,1.23996,800009000,800009100,800009000,800009000,800009000,800009000,811119111,811119111,80011,80011,80,81,0,2,2,0,0,0,0,0.322978,0.118807,0.531610E-02,0.571454E-01,0.191702E-05,0.258474E-02,0.178496E-04,-0.116080E-02,0.818060E-05,-0.596192E-03,0.682999E-04,22.0000,96.5002,0.500222,0.850761E+09,294.003
CH-CHA_201812060100.csv,2018-12-06,04:00,340.1666,0,36000,36000,-0.327354E-01,1,0.547814E-02,54.7278,1,12.6972,-0.358722E-01,2,0.751202E-02,-0.806947E-03,2,0.168983E-03,0.565561E-01,1,0.136618E-01,-0.768801E-02,1,0.149890E-02,-2.23387,0.416948E-02,0.937926E-04,0.800091E-03,-0.300028E-04,0.497708E-11,0.103762E-11,0.132645E-12,529.257,13.1404,13.3154,4.55000,0,0.110339,2.73951,2.77599,2.15000,0,0.141053E-01,0.350209,0.354872,0.500000E-01,0,288.356,287.157,96559.5,1.16570,1012.56,0.248281E-01,-0.522902E-04,0.953721E-02,1263.88,1593.97,0.818154E-02,79.2913,330.090,283.591,0.504543E-01,0.262646,0.167553E-01,0.267973,-0.172568E-12,0.940390E-14,0.267973,2.04424,100.891,79.1259,3.58482,-9999,0.167577,0.307002,-7.31915,-0.274622,-1525.63,-0.276686,0,-9999,-9999,-9999,-9999,-9999,-9999,-9999,-0.318063E-01,1.02921,53.3358,1.03036,-0.297100E-01,1.20741,-0.668328E-03,1.20741,0.468407E-01,1.20741,-0.636734E-02,1.20741,800009000,800009100,800009000,800009000,800009000,800009001,811119111,811119111,80010,80010,80,81,2,0,1,2,0,0,0,0.448959,0.159260,0.578518E-02,2.64525,0.599101E-06,0.311254E-02,0.379926E-04,0.451869E-01,-0.168134E-04,0.117839E-02,-0.160186E-03,22.0000,96.5011,0.501056,0.866413E+09,294.023
CH-CHA_201812060100.csv,2018-12-06,04:30,340.1874,0,36000,36000,0.675692E-02,1,0.183421E-02,-2.35535,1,0.970006,-0.795851E-02,2,0.132578E-01,-0.178565E-03,2,0.297463E-03,0.434552E-01,1,0.233848E-01,0.190472E-02,1,0.100002E-02,-4.30221,0.529608E-02,0.118828E-03,-0.119906E-01,-0.390324E-03,0.223854E-11,0.422710E-12,0.582195E-13,534.378,13.1430,13.3180,2.85000,0,0.100908,2.48183,2.51488,1.95000,0,0.138980E-01,0.341820,0.346373,1.90000,0,285.648,284.461,96559.5,1.17675,1012.51,0.245949E-01,-0.115710E-04,0.962949E-02,1264.12,1335.57,0.818314E-02,94.6505,71.4457,283.594,0.792333,0.932185,0.278403E-01,1.22374,-0.121851E-13,0.418906E-14,1.22374,2.60686,138.644,49.6363,1.30360,-9999,0.757762E-01,0.167828,15.7233,0.127836,295.954,0.260880E-01,0,-9999,-9999,-9999,-9999,-9999,-9999,-9999,0.666001E-02,1.01455,-2.29651,1.03008,-0.588042E-02,1.35339,-0.131939E-03,1.35339,0.321084E-01,1.35339,0.140737E-02,1.35339,800009000,800009100,800009000,800009011,800009000,800109000,801119111,801119111,80000,80000,80,80,5,0,5,2,2,0,0,0.204995,0.115981,0.146808E-01,0.718708E-01,0.326875E-05,0.192783E-01,0.394040E-04,-0.192746E-02,-0.328807E-05,0.800179E-03,0.350733E-04,22.0000,96.5023,0.502347,0.885502E+09,294.011
CH-CHA_201812060100.csv,2018-12-06,05:00,340.2083,0,36000,36000,-0.196944E-01,1,0.499552E-02,-3.33686,0,0.999062,-0.125914E-01,1,0.861148E-02,-0.282519E-03,1,0.193220E-03,-0.139030E-01,2,0.234292E-01,0.180349E-02,0,0.630926E-03,0.382738E-01,0.380884E-02,0.854606E-04,-0.376180E-02,-0.211963E-03,-0.693031E-11,-0.126586E-11,-0.177815E-12,534.407,13.1448,13.3199,3.95000,0,0.976125E-01,2.40098,2.43296,0.500000E-01,0,0.137116E-01,0.337265,0.341757,2.10000,0,285.672,284.485,96559.5,1.17665,1012.51,0.245970E-01,-0.183072E-04,0.963002E-02,1264.30,1337.69,0.818428E-02,94.5133,73.3953,283.596,-0.355677,0.101253,0.290900E-01,0.370950,0.514736E-13,-0.129682E-13,0.370950,3.13034,7.59099,164.110,4.49776,-9999,0.129374,0.704904,55.2344,0.363904E-01,265.011,0.216492E-01,0,-9999,-9999,-9999,-9999,-9999,-9999,-9999,-0.193962E-01,1.01538,-3.27295,1.02399,-0.100033E-01,1.25872,-0.224449E-03,1.25872,-0.110453E-01,1.25872,0.143280E-02,1.25872,800009000,800009100,800009000,800009011,800009000,800109000,810119111,811119111,80000,80000,80,81,0,3,0,0,171,0,0,0.366776,1.02184,0.211947E-01,0.395804E-01,0.533329E-06,0.691712E-02,0.513058E-05,-0.274721E-02,-0.559403E-05,-0.275286E-03,0.357101E-04,21.9972,96.5048,0.503737,0.899791E+09,294.001
CH-CHA_201812060100.csv,2018-12-06,05:30,340.2291,0,36000,36000,-0.115722,1,0.162949E-01,3.69746,1,2.49685,0.660185E-01,1,0.149537E-01,0.148104E-02,1,0.335467E-03,0.427889E-01,1,0.184123E-01,0.110946E-02,1,0.826657E-03,-0.272478,-0.763328E-03,-0.171243E-04,0.145148E-02,0.693438E-04,-0.220914E-10,-0.408763E-11,-0.569331E-12,534.713,13.1445,13.3195,1.20000,0,0.989394E-01,2.43215,2.46455,1.80000,0,0.137804E-01,0.338754,0.343266,1.45000,0,285.501,284.314,96559.5,1.17735,1012.51,0.245823E-01,0.959717E-04,0.963553E-02,1264.26,1322.63,0.818405E-02,95.5868,58.3708,283.595,-0.270644E-01,-0.259187,0.297622E-01,0.262290,0.192532E-12,-0.413145E-13,0.262290,2.76400,43.9419,264.039,6.51542,-9999,0.313512,0.693162,-709.349,-0.283358E-02,56.0065,-0.989333E-02,0,58.1350,-8.82221,19.9559,49.6929,75.7848,106.289,159.241,-0.112388,1.02967,3.60574,1.03067,0.546556E-01,1.20790,0.122613E-02,1.20790,0.354243E-01,1.20790,0.918506E-03,1.20790,800009000,800009100,800009000,800009000,800009010,800009010,811119111,811119111,80110,80110,80,81,0,0,0,25,144,0,0,0.829141,0.536829,0.203535E-01,0.235244E-01,0.597106E-06,0.183965E-02,0.575216E-05,0.302474E-02,0.305410E-04,0.882361E-03,0.228785E-04,22.0000,96.5029,0.502889,0.897197E+09,293.988
CH-CHA_201812060100.csv,2018-12-06,06:00,340.2499,0,36000,36000,0.228712E-02,2,0.108674E-02,-0.652724,2,0.229238,0.671881E-02,1,0.249528E-02,0.150755E-03,1,0.559886E-04,-0.102552E-01,2,0.150373E-01,-0.325902E-03,2,0.186885E-03,0.297343,0.190050E-03,0.426430E-05,0.345838E-02,0.778321E-05,-0.207210E-11,-0.395122E-12,-0.534275E-13,534.367,13.1446,13.3196,1.10000,0,0.101896,2.50649,2.53987,3.15000,0,0.137782E-01,0.338921,0.343436,5.00000,0,285.688,284.500,96559.5,1.17658,1012.51,0.245984E-01,0.976894E-05,0.962929E-02,1264.27,1339.09,0.818411E-02,94.4130,74.8144,283.596,0.898001,0.300014,0.206581E-01,0.947017,-0.110781E-12,-0.387768E-14,0.947017,1.99226,168.609,18.4740,1.24994,-9999,0.440893E-01,0.208277,11.1756,0.179856,-97.1487,0.124272E-01,0,-9999,-9999,-9999,-9999,-9999,-9999,-9999,0.225003E-02,1.01648,-0.633868,1.03359,0.482121E-02,1.39360,0.108177E-03,1.39360,-0.735878E-02,1.39360,-0.233857E-03,1.39360,800009000,800009100,800009000,800009011,800009010,810119010,811119111,811119111,80000,80000,80,81,0,0,4,3,127,0,0,0.200553,0.211533,0.446823E-02,0.393035E-01,0.441384E-06,0.243608E-01,0.373407E-05,-0.532078E-03,0.269629E-05,-0.183416E-03,-0.582881E-05,21.9294,96.5275,0.501087,0.897663E+09,293.987
CH-CHA_201812060100.csv,2018-12-06,06:30,340.2707,0,36000,36000,-0.140503E-01,0,0.183789E-02,-4.52524,0,0.570490,0.232636E-02,0,0.183773E-02,0.522264E-04,0,0.412568E-04,0.244968E-02,1,0.768955E-02,0.125617E-02,0,0.258710E-03,0.892452,0.262747E-02,0.589863E-04,-0.539084E-02,-0.715914E-04,-0.202657E-11,-0.368504E-12,-0.520107E-13,533.367,13.1458,13.3209,1.95000,0,0.969856E-01,2.39039,2.42223,2.05000,0,0.136885E-01,0.337380,0.341874,1.80000,0,286.251,285.061,96559.5,1.17427,1012.52,0.246469E-01,0.338427E-05,0.961127E-02,1264.39,1389.65,0.818490E-02,90.9862,125.260,283.597,1.12547,0.824529,0.569124E-01,1.39634,-0.168605E-13,-0.379958E-14,1.39634,2.93020,151.105,36.2268,2.33592,-9999,0.109385,0.147488,24.6174,0.816494E-01,-1945.20,0.347944E-01,0,-9999,-9999,-9999,-9999,-9999,-9999,-9999,-0.138722E-01,1.01284,-4.42587,1.02671,0.177094E-02,1.31363,0.397572E-04,1.31363,0.186481E-02,1.31363,0.956258E-03,1.31363,800009000,800009100,800009000,800009000,800009000,800009010,800119111,811119111,80101,80101,80,80,3,3,4,1,23,0,0,0.138253,0.134787,0.219361E-01,0.125867E-01,0.318754E-06,0.225472E-02,0.164710E-05,-0.372243E-02,0.992893E-06,0.465717E-04,0.238815E-04,22.0000,96.5012,0.501194,0.907778E+09,294.003
CH-CHA_201812060100.csv,2018-12-06,07:00,340.2916,0,35989,35989,-0.264692E-01,0,0.295519E-02,-6.57453,0,0.908591,-0.205470E-01,1,0.108042E-01,-0.461276E-03,1,0.242552E-03,0.778139E-01,1,0.228605E-01,0.257019E-02,1,0.507126E-03,-0.515967E-02,0.137814E-02,0.309389E-04,-0.297787E-02,-0.862489E-04,-0.578872E-12,-0.102431E-12,-0.147739E-13,533.400,13.1465,13.3216,4.55000,0,0.943847E-01,2.32626,2.35725,1.80000,0,0.136133E-01,0.335522,0.339992,1.90000,0,286.248,285.058,96559.5,1.17428,1012.52,0.246466E-01,-0.298907E-04,0.961187E-02,1264.46,1389.36,0.818531E-02,91.0103,124.899,283.598,0.676061,1.30872,0.473488E-01,1.47379,-0.450878E-14,-0.108525E-14,1.47379,3.83694,124.344,62.6799,1.84108,-9999,0.150136,0.223031,43.8122,0.458776E-01,319.975,0.368301E-01,0,-9999,-9999,-9999,-9999,-9999,-9999,-9999,-0.261694E-01,1.01146,-6.44946,1.02382,-0.160573E-01,1.27961,-0.360482E-03,1.27961,0.608107E-01,1.27961,0.200858E-02,1.27961,800009000,800009100,800009000,800009000,800009000,800109000,800009111,800119111,80011,80011,80,81,20,9,5,6,144,0,0,0.157219,0.248835,0.400089E-01,0.234489E-01,0.761417E-06,0.573857E-02,0.290876E-05,-0.542432E-02,-0.900255E-05,0.151866E-02,0.501614E-04,22.0000,96.5007,0.500709,0.912682E+09,294.014
CH-CHA_201812060700.csv,2018-12-06,07:30,340.3124,0,36000,36000,-0.141081E-01,0,0.188664E-02,-8.17868,0,1.12313,-0.146191E-01,1,0.527647E-02,-0.328124E-03,1,0.118430E-03,0.159801E-01,0,0.568652E-02,0.174885E-02,0,0.274134E-03,-0.359424,0.140753E-02,0.315919E-04,-0.468002E-02,-0.102721E-03,0.107752E-11,0.182403E-12,0.273178E-13,533.850,13.1472,13.3223,5.00000,0,0.903701E-01,2.22555,2.25520,2.20000,0,0.135344E-01,0.333312,0.337752,2.05000,0,286.021,284.832,96559.5,1.17521,1012.52,0.246271E-01,-0.212624E-04,0.961998E-02,1264.52,1368.81,0.818574E-02,92.3810,104.290,283.599,0.263980,1.01896,0.313246E-01,1.05306,-0.915701E-13,0.201840E-14,1.05306,2.52509,112.167,75.4757,1.70458,-9999,0.109566,0.182135,13.6883,0.146841,559.452,0.627318E-01,0,-9999,-9999,-9999,-9999,-9999,-9999,-9999,-0.138960E-01,1.01526,-7.96487,1.03123,-0.106962E-01,1.36675,-0.240076E-03,1.36675,0.116920E-01,1.36675,0.127957E-02,1.36675,800009000,800009100,800009000,800009000,800009000,800009000,800009111,810119111,80011,80011,80,81,9,4,5,5,0,0,0,0.133666,0.207505,0.230989E-01,0.445548E-01,0.371210E-06,0.102899E-02,0.198584E-05,-0.669359E-02,-0.599083E-05,0.291761E-03,0.319301E-04,22.0000,96.5007,0.500694,0.917767E+09,294.018
CH-CHA_201812060700.csv,2018-12-06,08:00,340.3332,0,36000,36000,-0.172987E-01,1,0.363445E-02,-0.755682,2,0.618156,0.121326E-01,1,0.661767E-02,0.272427E-03,1,0.148594E-03,0.184956E-01,1,0.857045E-02,0.141245E-02,1,0.283412E-03,0.683082,-0.417948E-03,-0.938467E-05,0.913951E-03,-0.189539E-04,-0.380489E-11,-0.649803E-12,-0.963463E-13,533.038,13.1470,13.3221,0.100000,0,0.910326E-01,2.24525,2.27516,1.55000,0,0.134974E-01,0.332903,0.337338,1.65000,0,286.452,285.261,96559.5,1.17344,1012.53,0.246642E-01,0.176532E-04,0.960535E-02,1264.50,1408.15,0.818561E-02,89.7991,143.644,283.598,0.852722,0.233947,0.412186E-01,0.885192,0.210405E-12,-0.713813E-14,0.885192,2.86302,171.642,15.3418,2.66892,-9999,0.121416,0.523936,201.602,0.997014E-02,-62.2854,0.523835E-02,0,-9999,-9999,-9999,-9999,-9999,-9999,-9999,-0.171135E-01,1.01082,-0.743321,1.02008,0.983621E-02,1.23346,0.220864E-03,1.23346,0.149949E-01,1.23346,0.114511E-02,1.23346,800009000,800009100,800009000,800009000,800009000,800009000,801119111,811119111,80110,80110,80,81,5,2,3,0,3,0,0,0.384060,0.649696,0.141160E-01,0.152549,0.705809E-06,0.230333E-02,0.335942E-05,-0.625616E-03,0.551971E-05,0.374744E-03,0.286181E-04,22.0000,96.5004,0.500361,0.916155E+09,294.013
CH-CHA_201812060700.csv,2018-12-06,08:30,340.3541,1,36000,36000,-0.186556E-01,1,0.322509E-02,-7.40814,1,2.25016,0.945810E-02,1,0.276587E-02,0.212583E-03,1,0.621665E-04,0.611275E-01,1,0.233200E-01,0.129381E-02,1,0.136251E-03,1.63069,-0.194329E-02,-0.436780E-04,0.791770E-03,-0.191671E-04,0.154477E-11,0.265848E-12,0.390703E-13,531.085,13.1460,13.3211,0.500000E-01,0,0.913974E-01,2.26237,2.29251,2.05000,0,0.134322E-01,0.332489,0.336918,1.85000,0,287.485,286.290,96559.5,1.16923,1012.55,0.247532E-01,0.137754E-04,0.957015E-02,1264.41,1506.46,0.818502E-02,83.9329,242.044,283.597,1.01581,0.272536,0.485017E-01,1.05285,0.383210E-13,0.290871E-14,1.05285,3.26792,178.670,15.0185,2.64038,-9999,0.126315,0.316701,23.1565,0.868005E-01,-783.259,0.495382E-01,0,-9999,-9999,-9999,-9999,-9999,-9999,-9999,-0.184145E-01,1.01310,-7.24688,1.02648,0.721240E-02,1.31137,0.162108E-03,1.31137,0.466136E-01,1.31137,0.986614E-03,1.31137,800009000,800009100,800009000,800009000,800009000,800119000,800109111,810119111,80001,80001,80,81,13,3,2,1,95,0,0,0.320930,0.293497,0.189747E-01,0.281502,0.241635E-06,0.137221E-01,0.605742E-06,-0.612122E-02,0.406594E-05,0.116914E-02,0.247458E-04,22.0000,96.5002,0.500167,0.909181E+09,294.008
CH-CHA_201812060700.csv,2018-12-06,09:00,340.3749,1,36000,36000,-0.145534,1,0.499285E-02,256.719,1,60.2084,0.141607E-01,1,0.126199E-01,0.317191E-03,1,0.282677E-03,-0.118485,1,0.434873E-01,0.138393E-02,1,0.170159E-02,-5.74713,0.421799E-03,0.944801E-05,-0.211689E-02,0.149215E-03,-0.124375E-10,-0.209764E-11,-0.317580E-12,537.819,13.1462,13.3213,3.30000,0,0.907052E-01,2.21716,2.24670,5.00000,0,0.137327E-01,0.335676,0.340147,5.00000,0,283.890,282.710,96559.5,1.18404,1012.47,0.244436E-01,0.205540E-04,0.969150E-02,1264.43,1188.24,0.818515E-02,100.000,0.00000,283.597,-0.652503,0.414270,-0.733926E-01,0.776380,0.989306E-13,-0.231259E-13,0.776380,3.25782,54.6557,147.589,-5.42438,-9999,0.350590,0.332694,-14.2865,-0.140692,18128.9,-0.610815,0,39.4918,-5.99303,13.5563,33.7570,51.4815,72.2036,108.174,-0.143446,1.01456,252.489,1.02102,0.118532E-01,1.19468,0.265503E-03,1.19468,-0.991771E-01,1.19468,0.115841E-02,1.19468,800009000,800009100,800009000,800009000,810109000,810119000,810119111,811119111,80001,80001,80,81,188,81,41,0,0,0,0,0.291998,0.306470,0.669203E-01,8.49097,0.378578E-06,0.439018E-02,0.850961E-05,0.210617,0.657595E-05,-0.245641E-02,0.286913E-04,22.0000,96.5001,0.500111,0.910316E+09,294.003
CH-CHA_201812060700.csv,2018-12-06,09:30,340.3957,1,36000,36000,-0.120820E-01,1,0.182562E-02,24.3449,1,5.52957,0.775207E-01,1,0.138972E-01,0.174117E-02,1,0.312141E-03,0.243141E-01,2,0.107681E-01,-0.220234E-02,1,0.607086E-03,4.53737,0.653773E-02,0.146842E-03,-0.115565E-02,0.131998E-03,0.631580E-11,0.105295E-11,0.162597E-12,532.570,13.1494,13.3246,4.45000,0,0.887884E-01,2.19223,2.22144,0.500000E-01,0,0.137107E-01,0.338524,0.343034,5.00000,0,286.757,285.565,96559.5,1.17219,1012.53,0.246905E-01,0.112828E-03,0.959690E-02,1264.74,1436.54,0.818712E-02,88.0404,171.804,283.601,-0.181480,-0.990663E-01,0.988167E-02,0.206995,-0.342111E-13,0.118591E-13,0.206995,1.06588,334.621,208.629,2.73626,-9999,0.101524,0.903227E-01,-3.65856,-0.549397,314.044,-0.202036,0,-9999,-9999,-9999,-9999,-9999,-9999,-9999,-0.116699E-01,1.03531,23.6369,1.03444,0.638552E-01,1.21401,0.143423E-02,1.21401,0.200279E-01,1.21401,-0.181411E-02,1.21401,800009000,800009100,800009000,800009000,800009000,800009010,811119111,811119111,80110,80110,80,81,8,0,2,5,1,0,0,0.105515,0.700978E-01,0.503222E-02,0.938380,0.258786E-05,0.375981E-02,0.109921E-04,0.199150E-01,0.358818E-04,0.501062E-03,-0.453856E-04,22.0000,96.5001,0.500056,0.934629E+09,294.006
CH-CHA_201812060700.csv,2018-12-06,10:00,340.4166,1,36000,36000,-0.572146E-02,1,0.841265E-03,3.36416,1,1.26089,0.134135E-01,1,0.488118E-02,0.301469E-03,1,0.109704E-03,-0.260201E-01,1,0.105190E-01,0.721961E-03,1,0.347239E-03,1.05213,0.531958E-02,0.119558E-03,0.304528E-02,-0.121216E-03,0.176898E-11,0.303719E-12,0.451799E-13,531.439,13.1520,13.3273,5.00000,0,0.912434E-01,2.25808,2.28817,5.00000,0,0.135730E-01,0.335902,0.340379,1.70000,0,287.424,286.228,96559.5,1.16948,1012.55,0.247479E-01,0.195352E-04,0.957653E-02,1264.98,1500.39,0.818873E-02,84.3101,235.410,283.604,-0.247499,0.438085,0.232150E-01,0.503699,-0.669747E-13,0.332867E-14,0.503699,1.63368,74.7329,119.465,2.64164,-9999,0.699452E-01,0.191722,-8.65787,-0.232159,250.804,-0.406175E-01,0,-9999,-9999,-9999,-9999,-9999,-9999,-9999,-0.561553E-02,1.01886,3.30107,1.02360,0.112036E-01,1.19725,0.251800E-03,1.19725,-0.217332E-01,1.19725,0.603014E-03,1.19725,800009000,800019100,800009000,800009011,800009000,800119000,811119111,811119111,80000,80000,80,81,0,0,0,0,0,0,0,0.629347E-01,0.314071,0.643770E-02,0.738626E-01,0.640271E-06,0.435609E-02,0.939530E-05,0.278771E-02,0.631424E-05,-0.544989E-03,0.151214E-04,21.9967,96.5012,0.500000,0.954464E+09,294.047
CH-CHA_201812060700.csv,2018-12-06,10:30,340.4374,1,36000,36000,-0.417086E-02,1,0.127838E-02,2.18639,1,0.853571,0.245318E-01,1,0.924960E-02,0.551615E-03,1,0.207984E-03,-0.332550E-02,0,0.321898E-02,0.906881E-03,1,0.151268E-03,0.783084,0.616152E-02,0.138546E-03,-0.399029E-02,-0.248886E-03,-0.160993E-11,-0.265770E-12,-0.404487E-13,530.642,13.1550,13.3303,5.00000,0,0.875992E-01,2.17164,2.20059,0.700000,0,0.133321E-01,0.330511,0.334917,1.40000,0,287.921,286.723,96559.5,1.16746,1012.56,0.247907E-01,0.357446E-04,0.956218E-02,1265.27,1549.61,0.819060E-02,81.6509,284.341,283.607,-0.387051,0.687439E-01,0.268992E-01,0.394028,0.109219E-12,-0.303394E-14,0.394028,1.28534,18.3875,169.929,3.91446,-9999,0.597713E-01,0.900705E-01,-8.31324,-0.241783,89.1245,-0.309438E-01,0,-9999,-9999,-9999,-9999,-9999,-9999,-9999,-0.408018E-02,1.02223,2.14166,1.02576,0.204382E-01,1.20029,0.459568E-03,1.20029,-0.277058E-02,1.20029,0.755552E-03,1.20029,800009000,800009100,800009000,800009000,800009010,800009010,801119111,811119111,80101,80101,80,81,0,0,1,0,0,0,0,0.882111E-01,0.842360E-01,0.769385E-02,0.475426E-01,0.956487E-06,0.300602E-03,0.529155E-06,0.181171E-02,0.115443E-04,-0.695965E-04,0.189793E-04,22.0000,96.5000,0.500028,0.977347E+09,294.060
CH-CHA_201812060700.csv,2018-12-06,11:00,340.4582,1,36000,36000,0.149799E-01,1,0.846636E-03,0.481566,2,0.435626,0.322561E-01,1,0.969706E-02,0.725104E-03,1,0.217986E-03,-0.463615E-02,2,0.863858E-02,0.157343E-02,1,0.241421E-03,-0.448470,0.344055E-02,0.773421E-04,0.149263E-02,0.257197E-04,-0.576389E-12,-0.965541E-13,-0.145040E-13,531.234,13.1567,13.3321,5.00000,0,0.889900E-01,2.20394,2.23333,1.70000,0,0.133677E-01,0.331068,0.335481,2.00000,0,287.637,286.440,96559.5,1.16861,1012.55,0.247662E-01,0.469867E-04,0.957284E-02,1265.43,1521.28,0.819165E-02,83.1819,255.850,283.609,0.493044,0.546569E-01,-0.110802E-01,0.496188,-0.624197E-13,-0.108500E-14,0.496188,2.77976,178.380,6.32575,-1.27956,-9999,0.113219,0.562562E-01,-256.520,-0.783565E-02,14.9295,-0.359458E-02,0,-9999,-9999,-9999,-9999,-9999,-9999,-9999,0.146999E-01,1.01905,0.474013,1.02371,0.269383E-01,1.19741,0.605561E-03,1.19741,-0.387182E-02,1.19741,0.131403E-02,1.19741,800009000,800009100,800009000,800009000,810109000,811109011,811119111,811119111,80101,80101,80,81,52,48,36,2,1,0,0,0.438384E-01,0.538859E-01,0.147882E-01,0.417243E-01,0.721357E-06,0.151135E-02,0.857486E-06,0.400592E-03,0.151966E-04,-0.971637E-04,0.329757E-04,22.0000,96.5000,0.500028,0.990200E+09,294.091
CH-CHA_201812060700.csv,2018-12-06,11:30,340.4790,1,36000,36000,-0.410766E-02,0,0.980148E-03,15.7738,1,2.54847,-9999,-9999,-9999,-9999,-9999,-9999,-9999,-9999,-9999,-9999,-9999,-9999,1.99648,-9999,-9999,-9999,-9999,-9999,-9999,-9999,-9999,-9999,-9999,-9999,0,-9999,-9999,-9999,-9999,0,-9999,-9999,-9999,-9999,0,287.709,287.709,96559.5,1.16923,1005.42,0.247724E-01,-9999,-9999,-9999,1652.42,-9999,-9999,-9999,-9999,0.639712,0.304883,0.312011E-01,0.709336,-0.559261E-13,0.473339E-14,0.709336,1.80959,162.322,25.4822,2.52104,-9999,0.592717E-01,0.859839E-01,-1.12125,-1.79264,-9999,-0.226382,0,-9999,-9999,-9999,-9999,-9999,-9999,-9999,-0.404574E-02,1.01531,15.4428,1.02143,-9999,-9999,-9999,-9999,-9999,-9999,-9999,-9999,800009000,800009100,800009000,800009011,800009000,800009000,810009111,811119111,80000,80000,80,81,4,6,0,6,1,0,0,0.769489E-01,0.828170E-01,0.122018E-01,0.976956E-01,-9999,-9999,-9999,0.131365E-01,-9999,-9999,-9999,15.2133,99.0454,0.500547,0.100400E+10,294.158
CH-CHA_201812060700.csv,2018-12-06,12:00,340.4999,1,36000,36000,-0.219977E-01,0,0.282912E-02,17.6987,1,5.48385,-9999,-9999,-9999,-9999,-9999,-9999,-9999,-9999,-9999,-9999,-9999,-9999,2.84035,-9999,-9999,-9999,-9999,-9999,-9999,-9999,-9999,-9999,-9999,-9999,0,-9999,-9999,-9999,-9999,0,-9999,-9999,-9999,-9999,0,289.525,289.525,96559.5,1.16190,1005.46,0.249287E-01,-9999,-9999,-9999,1856.55,-9999,-9999,-9999,-9999,0.845212,1.04218,0.417694E-01,1.34248,-0.179900E-12,0.111109E-14,1.34248,2.99847,135.224,50.9577,1.78297,-9999,0.137596,0.208105,-12.5022,-0.160771,-9999,-0.110104,0,-9999,-9999,-9999,-9999,-9999,-9999,-9999,-0.217482E-01,1.01147,17.3534,1.01990,-9999,-9999,-9999,-9999,-9999,-9999,-9999,-9999,800009000,800009111,800009000,800009011,800009111,800009111,800019111,800019111,80000,80000,80,81,0,1,2,2,1,0,1,0.136692,0.246154,0.333628E-01,0.341056,-9999,-9999,-9999,0.148542E-01,-9999,-9999,-9999,2.73778,103.724,0.506777,0.104572E+10,286.586
CH-CHA_201812060700.csv,2018-12-06,12:30,340.5207,1,36000,36000,-0.166874E-01,1,0.368491E-02,1.70908,2,0.775719,-9999,-9999,-9999,-9999,-9999,-9999,-9999,-9999,-9999,-9999,-9999,-9999,2.29956,-9999,-9999,-9999,-9999,-9999,-9999,-9999,-9999,-9999,-9999,-9999,0,-9999,-9999,-9999,-9999,0,-9999,-9999,-9999,-9999,0,291.002,291.002,96559.5,1.15600,1005.50,0.250560E-01,-9999,-9999,-9999,2038.65,-9999,-9999,-9999,-9999,1.06158,0.398124,0.440778E-01,1.13464,0.240675E-12,-0.791532E-14,1.13464,3.04795,171.134,20.5575,2.22636,-9999,0.120148,0.262359,-86.2023,-0.233172E-01,-9999,-0.122379E-01,0,-9999,-9999,-9999,-9999,-9999,-9999,-9999,-0.164868E-01,1.01217,1.67560,1.01998,-9999,-9999,-9999,-9999,-9999,-9999,-9999,-9999,800009000,800009111,800009000,800009011,800009111,800009111,800119000,811119000,80000,80000,80,81,0,5,3,19,0,0,0,0.255431,0.244474,0.248128E-01,0.531437E-01,-9999,-9999,-9999,0.144156E-02,-9999,-9999,-9999,2.00000,104.000,-9999,-9999,-9999
CH-CHA_201812060700.csv,2018-12-06,13:00,340.5415,1,35989,35989,-0.129961E-01,0,0.251644E-02,5.82185,1,2.79832,-9999,-9999,-9999,-9999,-9999,-9999,-9999,-9999,-9999,-9999,-9999,-9999,1.70903,-9999,-9999,-9999,-9999,-9999,-9999,-9999,-9999,-9999,-9999,-9999,0,-9999,-9999,-9999,-9999,0,-9999,-9999,-9999,-9999,0,292.104,292.104,96559.5,1.15163,1005.53,0.251509E-01,-9999,-9999,-9999,2184.50,-9999,-9999,-9999,-9999,0.448400,0.981289,0.219378E-01,1.07911,-0.289648E-13,-0.303219E-14,1.07911,3.04357,124.815,65.4420,1.16488,-9999,0.106231,0.173404,-17.4916,-0.114912,-9999,-0.473264E-01,0,-9999,-9999,-9999,-9999,-9999,-9999,-9999,-0.128367E-01,1.01242,5.70743,1.02005,-9999,-9999,-9999,-9999,-9999,-9999,-9999,-9999,800009000,800009111,800009000,800009011,800009111,810009111,811119000,811119000,80000,80000,80,81,3,5,2,0,0,0,0,0.184983,0.140047,0.217782E-01,0.312321,-9999,-9999,-9999,0.492870E-02,-9999,-9999,-9999,2.00000,104.000,-9999,-9999,-9999
CH-CHA_201812061300.csv,2018-12-06,13:30,340.5624,1,36000,36000,-0.230548E-01,0,0.399653E-02,9.93347,0,1.70754,-9999,-9999,-9999,-9999,-9999,-9999,-9999,-9999,-9999,-9999,-9999,-9999,1.99435,-9999,-9999,-9999,-9999,-9999,-9999,-9999,-9999,-9999,-9999,-9999,0,-9999,-9999,-9999,-9999,0,-9999,-9999,-9999,-9999,0,293.396,293.396,96559.5,1.14656,1005.56,0.252621E-01,-9999,-9999,-9999,2367.02,-9999,-9999,-9999,-9999,0.722440,1.24106,0.446585E-01,1.43672,-0.204830E-12,0.834006E-15,1.43672,3.69547,125.081,59.7957,1.78125,-9999,0.141802,0.287812,-24.3838,-0.824318E-01,-9999,-0.607594E-01,0,-9999,-9999,-9999,-9999,-9999,-9999,-9999,-0.227983E-01,1.01125,9.73922,1.01995,-9999,-9999,-9999,-9999,-9999,-9999,-9999,-9999,800009000,800009111,800009000,800009011,800009111,800009111,800019000,800019000,80000,80000,80,81,10,0,2,4,0,0,0,0.281559,0.257271,0.367939E-01,0.551224E-01,-9999,-9999,-9999,0.844732E-02,-9999,-9999,-9999,2.00000,104.000,-9999,-9999,-9999
CH-CHA_201812061300.csv,2018-12-06,14:00,340.5832,1,36000,36000,-0.405422E-01,0,0.298321E-02,-39.3586,2,8.86433,-9999,-9999,-9999,-9999,-9999,-9999,-9999,-9999,-9999,-9999,-9999,-9999,1.61015,-9999,-9999,-9999,-9999,-9999,-9999,-9999,-9999,-9999,-9999,-9999,0,-9999,-9999,-9999,-9999,0,-9999,-9999,-9999,-9999,0,294.443,294.443,96559.5,1.14249,1005.59,0.253522E-01,-9999,-9999,-9999,2524.54,-9999,-9999,-9999,-9999,0.577367,1.76176,-0.159684,1.86082,0.861537E-13,0.314017E-13,1.86082,3.53331,114.762,71.8549,-4.92282,-9999,0.188377,0.229785,14.4282,0.139310,-9999,0.181861,0,-9999,-9999,-9999,-9999,-9999,-9999,-9999,-0.399158E-01,1.01569,-38.0902,1.03330,-9999,-9999,-9999,-9999,-9999,-9999,-9999,-9999,800009000,800009111,800009000,800009011,800009111,800009111,800019111,800019111,80111,80111,80,80,8,0,0,9,0,1,1,0.206727,0.184994,0.678488E-01,0.132689,-9999,-9999,-9999,-0.331545E-01,-9999,-9999,-9999,2.85889,103.690,-5.76083,0.990332E+09,259.530
CH-CHA_201812061300.csv,2018-12-06,14:30,340.6040,1,36000,36000,-0.170583E-01,0,0.202305E-02,2.88654,1,1.02732,-9999,-9999,-9999,-9999,-9999,-9999,-9999,-9999,-9999,-9999,-9999,-9999,1.41567,-9999,-9999,-9999,-9999,-9999,-9999,-9999,-9999,-9999,-9999,-9999,0,-9999,-9999,-9999,-9999,0,-9999,-9999,-9999,-9999,0,295.366,295.366,96559.5,1.13892,1005.61,0.254317E-01,-9999,-9999,-9999,2671.00,-9999,-9999,-9999,-9999,0.485712,1.18449,-0.184268,1.29340,0.196942E-13,0.815137E-14,1.29340,2.62901,118.794,67.7034,-8.19066,-9999,0.122383,0.149263,-53.9469,-0.372589E-01,-9999,-0.205937E-01,0,-9999,-9999,-9999,-9999,-9999,-9999,-9999,-0.168625E-01,1.01161,2.83023,1.01990,-9999,-9999,-9999,-9999,-9999,-9999,-9999,-9999,800009000,800009100,800009000,800009011,800009100,800009110,800019111,800019111,80000,80000,80,81,12,2,0,8,0,0,0,0.131666,0.142879,0.239811E-01,0.541404E-01,-9999,-9999,-9999,0.247115E-02,-9999,-9999,-9999,13.3706,99.7484,0.521718,0.112632E+10,295.259
CH-CHA_201812061300.csv,2018-12-06,15:00,340.6249,1,36000,36000,-0.328114E-01,1,0.323081E-02,-4.80121,2,1.55634,-0.998830E-01,2,0.309542E-01,-0.226248E-02,2,0.701154E-03,0.659857E-01,1,0.123040E-01,0.581014E-03,1,0.122323E-03,-1.58509,-9999,-9999,-9999,-9999,0.137099E-10,0.213032E-11,0.339364E-12,517.681,13.1746,13.3505,0.500000,0,0.804398E-01,2.04713,2.07446,0.450000,0,0.128142E-01,0.326112,0.330466,1.55000,0,295.570,294.338,96559.5,1.13724,1012.73,0.254492E-01,-0.146609E-03,0.932862E-02,1267.15,2507.59,0.820283E-02,50.5327,1240.44,283.630,0.158422,0.886369,0.135782E-01,0.900518,-0.233111E-12,0.264834E-13,0.900518,2.77363,106.645,79.8664,0.863950,-9999,0.169858,0.551402,86.8955,0.231312E-01,48.0684,0.245424E-01,0,-9999,-9999,-9999,-9999,-9999,-9999,-9999,-0.324487E-01,1.01118,-4.72641,1.02118,-0.800952E-01,1.24705,-0.181426E-02,1.24705,0.529133E-01,1.24705,0.465909E-03,1.24705,800009000,800009100,800009000,800009011,800009000,800019000,800119111,811119111,80000,80000,80,81,1,0,3,34,0,0,0,0.170969,0.908485,0.233501E-01,0.174483E-01,0.335442E-05,0.873542E-03,0.530692E-06,-0.410377E-02,-0.467856E-04,0.136451E-02,0.120147E-04,21.9906,96.5208,0.517300,0.112677E+10,295.398
CH-CHA_201812061300.csv,2018-12-06,15:30,340.6457,1,36000,36000,-0.115670E-01,0,0.221794E-02,5.90281,0,3.18030,0.314417E-01,1,0.355252E-01,0.712116E-03,1,0.804601E-03,0.236653E-01,1,0.120559E-01,0.146685E-02,0,0.356491E-03,-0.180482,0.551961E-02,0.125012E-03,-0.493381E-04,0.471933E-05,0.982452E-12,0.152544E-12,0.243215E-13,517.996,13.1774,13.3533,5.00000,0,0.804286E-01,2.04603,2.07336,2.05000,0,0.128234E-01,0.326217,0.330573,2.05000,0,295.453,294.221,96559.5,1.13769,1012.73,0.254392E-01,0.461451E-04,0.933428E-02,1267.42,2489.64,0.820456E-02,50.9076,1222.23,283.633,0.741455,0.613655,0.373625E-01,0.963184,0.426321E-13,0.189664E-14,0.963184,2.54806,148.243,39.6124,2.22310,-9999,0.100832,0.108699,-14.7851,-0.135948,187.738,-0.508091E-01,0,-9999,-9999,-9999,-9999,-9999,-9999,-9999,-0.114179E-01,1.01306,5.81142,1.02028,0.263135E-01,1.19489,0.595969E-03,1.19489,0.198055E-01,1.19489,0.122761E-02,1.19489,800009000,800009100,800009000,800009011,800009000,800009000,800019111,801119111,80000,80000,80,80,8,5,0,10,0,0,0,0.998988E-01,0.936262E-01,0.238739E-01,0.124106,0.523215E-05,0.132746E-02,0.125380E-05,0.504385E-02,0.153626E-04,0.510536E-03,0.316446E-04,21.9894,96.5147,0.510742,0.114783E+10,295.565
CH-CHA_201812061300.csv,2018-12-06,16:00,340.6665,1,36000,36000,-0.840450E-01,1,0.995559E-02,-26.5601,1,4.45733,-0.256203,1,0.414388E-01,-0.580514E-02,1,0.938938E-03,0.485395E-01,2,0.205048E-01,0.379053E-01,1,0.540512E-02,0.676853,-0.603374E-02,-0.136715E-03,-0.246230E-02,0.172638E-03,0.204365E-10,0.308886E-11,0.512003E-12,517.104,13.1743,13.3502,1.80000,0,0.781572E-01,1.99122,2.01780,1.15000,0,0.129552E-01,0.330061,0.334467,5.00000,0,295.894,294.661,96559.5,1.13600,1012.74,0.254771E-01,-0.376173E-03,0.931822E-02,1267.13,2557.62,0.820266E-02,49.5431,1290.50,283.629,0.162111,0.210943,0.435797E-01,0.269585,0.340276E-12,0.395211E-13,0.269585,2.07925,142.008,52.4575,9.30296,-9999,0.271999,0.307693,64.5009,0.311624E-01,103.668,0.848764E-01,0,59.0552,-8.96185,20.2717,50.4795,76.9844,107.972,161.761,-0.825703E-01,1.01786,-26.0364,1.02490,-0.204058,1.25554,-0.462362E-02,1.25554,0.386603E-01,1.25554,0.301905E-01,1.25554,800009000,800009100,800009000,800009011,800009011,800109011,811119111,811119111,80000,80000,80,81,0,5,2,3,0,0,0,0.344141,0.256514,0.147304E-01,0.844353E-01,0.377170E-05,0.225536E-02,0.111939E-03,-0.226311E-01,-0.119363E-03,0.998050E-03,0.779394E-03,21.9972,96.5069,0.505848,0.112477E+10,295.807
CH-CHA_201812061300.csv,2018-12-06,16:30,340.6873,1,36000,36000,-0.502754E-02,1,0.158567E-02,4.72127,1,1.89207,0.957571E-01,1,0.304738E-01,0.216797E-02,1,0.689936E-03,-0.720925E-01,1,0.336693E-01,-0.229738E-02,1,0.122113E-02,-1.27596,-0.161198E-01,-0.364958E-03,0.542083E-02,0.366555E-03,-0.172458E-11,-0.276583E-12,-0.442989E-13,518.241,13.1662,13.3419,0.500000E-01,0,0.831138E-01,2.11156,2.13973,4.45000,0,0.133119E-01,0.338198,0.342710,0.500000E-01,0,295.063,293.835,96559.5,1.13920,1012.72,0.254056E-01,0.140484E-03,0.933869E-02,1266.35,2431.14,0.819762E-02,52.0886,1164.79,283.620,0.164561,0.337985,0.201219E-01,0.376456,-0.137019E-12,-0.332776E-14,0.376456,1.40656,121.738,64.0391,3.06398,-9999,0.664322E-01,0.171126,-5.28643,-0.380218,49.3046,-0.616018E-01,0,-9999,-9999,-9999,-9999,-9999,-9999,-9999,-0.491482E-02,1.02294,4.62492,1.02622,0.797326E-01,1.20098,0.180517E-02,1.20098,-0.600281E-01,1.20098,-0.191293E-02,1.20098,800009000,800109100,800009000,800009000,800009010,800019110,811119111,811119111,80100,80100,80,81,0,0,0,0,0,0,0,0.144508,0.194758,0.298549E-02,0.175016,0.186611E-04,0.477899E-01,0.742987E-04,0.400883E-02,0.464709E-04,-0.154532E-02,-0.492450E-04,22.0000,96.5066,0.506583,0.106317E+10,295.978
CH-CHA_201812061300.csv,2018-12-06,17:00,340.7082,0,36000,36000,-0.382727E-01,1,0.655856E-02,-7.70379,1,3.89629,-0.366355E-01,2,0.321095E-01,-0.829388E-03,2,0.726923E-03,0.203870E-01,1,0.604998E-01,0.546895E-02,1,0.215503E-02,-0.990972E-01,-0.834051E-02,-0.188820E-03,0.892059E-02,-0.747498E-04,-0.173521E-11,-0.304478E-12,-0.443674E-13,518.189,13.1620,13.3376,5.00000,0,0.909267E-01,2.30954,2.34035,5.00000,0,0.132495E-01,0.336539,0.341027,5.00000,0,294.998,293.771,96559.5,1.13945,1012.71,0.254001E-01,-0.537443E-04,0.933777E-02,1265.95,2421.56,0.819501E-02,52.2783,1155.61,283.615,0.382915,0.221383,0.368514E-01,0.443838,0.137854E-13,-0.334860E-14,0.443838,1.93414,147.255,30.0345,4.76269,-9999,0.183273,0.357671,68.0257,0.295477E-01,210.282,0.364273E-01,0,-9999,-9999,-9999,-9999,-9999,-9999,-9999,-0.377387E-01,1.01415,-7.56486,1.02289,-0.292744E-01,1.25145,-0.662739E-03,1.25145,0.162907E-01,1.25145,0.437008E-02,1.25145,800009000,800009100,800009000,800009011,800009000,800109011,811109111,811119111,80000,80000,80,81,2,1,4,0,0,0,0,0.490630,0.217525,0.718732E-02,0.279995,0.623621E-05,0.394030E-01,0.739742E-04,-0.655572E-02,-0.170572E-04,0.419281E-03,0.112475E-03,21.9856,96.5170,0.511592,0.103128E+10,295.963
CH-CHA_201812061300.csv,2018-12-06,17:30,340.7290,0,36000,36000,-0.609028E-02,1,0.152298E-02,-7.29043,0,1.04982,-0.258666E-01,1,0.643296E-02,-0.585539E-03,1,0.145622E-03,0.504773E-01,1,0.245368E-01,0.372891E-02,1,0.767222E-03,-0.142881,-0.273189E-02,-0.618415E-04,-0.302919E-02,-0.512085E-04,0.591640E-11,0.100805E-11,0.150781E-12,518.299,13.1607,13.3362,4.15000,0,0.883085E-01,2.24233,2.27224,3.10000,0,0.132090E-01,0.335403,0.339876,1.95000,0,294.906,293.678,96559.5,1.13981,1012.71,0.253921E-01,-0.379430E-04,0.933974E-02,1265.82,2407.79,0.819415E-02,52.5716,1141.98,283.614,0.770218,0.745778,0.565222E-01,1.07360,0.950877E-13,0.114150E-13,1.07360,2.80886,140.581,44.0764,3.01787,-9999,0.730976E-01,0.154044,4.56079,0.440713,281.847,0.864040E-01,0,-9999,-9999,-9999,-9999,-9999,-9999,-9999,-0.593917E-02,1.02544,-6.95793,1.05234,-0.160656E-01,1.61007,-0.363674E-03,1.61007,0.313511E-01,1.61007,0.231600E-02,1.61007,800009000,800009100,800009000,800009011,800109000,800109010,801119111,811119111,80111,80111,80,81,12,4,7,20,0,0,0,0.246583,0.538175E-01,0.768708E-02,0.840180E-01,0.125886E-05,0.323864E-01,0.319653E-04,-0.602787E-02,-0.935709E-05,0.806643E-03,0.595891E-04,21.9672,96.5285,0.516263,0.102073E+10,295.881
CH-CHA_201812061300.csv,2018-12-06,18:00,340.7498,0,36000,36000,-0.169819E-01,0,0.200342E-02,-9.83186,0,1.06909,-0.770040E-02,1,0.626647E-02,-0.174413E-03,1,0.141935E-03,-0.637841E-02,2,0.170123E-01,0.164920E-02,1,0.293797E-03,0.914550,0.111620E-02,0.252817E-04,-0.610483E-02,-0.372660E-03,0.139165E-12,0.222749E-13,0.345888E-14,517.276,13.1612,13.3368,3.65000,0,0.827962E-01,2.10661,2.13471,5.00000,0,0.128567E-01,0.327118,0.331480,2.15000,0,295.501,294.271,96559.5,1.13751,1012.72,0.254433E-01,-0.113020E-04,0.932132E-02,1265.87,2497.26,0.819450E-02,50.6904,1231.39,283.614,1.00366,0.832440,0.441179E-01,1.30469,-0.956069E-13,0.269033E-15,1.30469,2.84791,145.483,39.6726,1.93781,-9999,0.122184,0.278620,15.7943,0.127261,1276.80,0.698511E-01,0,-9999,-9999,-9999,-9999,-9999,-9999,-9999,-0.167383E-01,1.01456,-9.58370,1.03024,-0.568348E-02,1.35487,-0.128730E-03,1.35487,-0.470776E-02,1.35487,0.121723E-02,1.35487,800009000,800009100,800009000,800009000,800009000,800009000,800119111,801119111,80111,80111,80,81,5,2,1,2,0,0,0,0.155445,0.377634,0.241610E-01,0.485175E-01,0.593097E-06,0.771877E-02,0.192028E-05,-0.831931E-02,-0.331883E-05,-0.121372E-03,0.313819E-04,22.0000,96.5213,0.521278,0.102504E+10,295.809
CH-CHA_201812061300.csv,2018-12-06,18:30,340.7707,0,36000,36000,-0.116605E-01,1,0.237640E-02,-13.9110,0,2.80929,-0.477688E-01,1,0.202691E-01,-0.108132E-02,1,0.458824E-03,0.186282E-01,0,0.148679E-01,0.204202E-02,0,0.531585E-03,-0.934272,-0.990087E-02,-0.224122E-03,0.793378E-03,0.139217E-03,0.368330E-11,0.594707E-12,0.924465E-13,518.146,13.1563,13.3317,5.00000,0,0.836600E-01,2.12421,2.15253,2.00000,0,0.130048E-01,0.330206,0.334608,2.10000,0,294.893,293.667,96559.5,1.13985,1012.71,0.253910E-01,-0.700698E-04,0.933699E-02,1265.39,2406.08,0.819140E-02,52.5915,1140.69,283.609,-0.227363,1.02642,0.510353E-01,1.05254,0.154157E-12,0.710862E-14,1.05254,3.12227,86.4369,102.490,2.77924,-9999,0.101143,0.375614,6.33178,0.317446,291.216,0.119150,0,-9999,-9999,-9999,-9999,-9999,-9999,-9999,-0.114176E-01,1.02127,-13.3849,1.04382,-0.315949E-01,1.51191,-0.715202E-03,1.51191,0.123209E-01,1.51191,0.135062E-02,1.51191,800009000,800009100,800009000,800009000,800109000,800109010,801109111,811119111,80101,80101,80,81,4,31,6,8,0,0,0,0.228931,0.508240,0.140569E-01,0.197382,0.356011E-05,0.658816E-02,0.645934E-05,-0.115953E-01,-0.184009E-04,0.316995E-03,0.347491E-04,22.0000,96.5278,0.527778,0.987203E+09,295.718
CH-CHA_201812061300.csv,2018-12-06,19:00,340.7915,0,35988,35988,-0.745930E-02,1,0.137821E-02,-0.802039,2,0.468243,0.726208E-02,1,0.645631E-02,0.164305E-03,1,0.146074E-03,-0.416119E-01,1,0.364450E-01,0.191351E-02,1,0.353512E-03,-0.818702,-0.300038E-02,-0.678838E-04,0.261426E-02,0.212425E-04,0.320056E-11,0.530908E-12,0.804537E-13,519.022,13.1548,13.3301,1.05000,0,0.860953E-01,2.18211,2.21120,0.500000E-01,0,0.130469E-01,0.330677,0.335085,1.80000,0,294.362,293.138,96559.5,1.14191,1012.69,0.253453E-01,0.106470E-04,0.935277E-02,1265.25,2328.73,0.819047E-02,54.3323,1063.48,283.607,0.549721,0.189855,0.268695E-01,0.582203,-0.442891E-13,0.616652E-14,0.582203,1.85882,171.128,19.0532,2.64522,-9999,0.808227E-01,0.206999,56.0379,0.358686E-01,-110.442,0.858129E-02,0,-9999,-9999,-9999,-9999,-9999,-9999,-9999,-0.736389E-02,1.01296,-0.787154,1.02272,0.577535E-02,1.25743,0.130668E-03,1.25743,-0.330929E-01,1.25743,0.152176E-02,1.25743,800009000,800009100,800009000,800009000,800009010,800119011,811119111,811119111,80101,80101,80,81,1,0,2,14,0,0,0,0.914927E-01,0.315224,0.728109E-02,0.842440E-01,0.114749E-05,0.383357E-01,0.438756E-05,-0.680690E-03,0.335578E-05,-0.849885E-03,0.390816E-04,22.0000,96.5293,0.529288,0.975627E+09,295.579
CH-CHA_201812061900.csv,2018-12-06,19:30,340.8123,0,36000,36000,-0.702760E-02,1,0.934793E-03,-6.75805,1,1.85119,0.245733E-01,1,0.152540E-01,0.555730E-03,1,0.344972E-03,0.232964E-01,1,0.918812E-02,0.592021E-03,1,0.462550E-03,-0.700559,-0.107397E-01,-0.242880E-03,0.999711E-02,0.165578E-04,0.281002E-11,0.513556E-12,0.707437E-13,519.612,13.1494,13.3246,0.250000,0,0.949637E-01,2.40317,2.43519,4.50000,0,0.130815E-01,0.331043,0.335454,2.90000,0,293.908,292.686,96559.5,1.14367,1012.68,0.253062E-01,0.360113E-04,0.936340E-02,1264.74,2264.37,0.818712E-02,55.8538,999.634,283.601,0.768472,0.393986,0.406171E-01,0.864537,-0.100590E-12,0.540792E-14,0.864537,1.92927,150.731,27.1436,2.69282,-9999,0.783885E-01,0.218218,6.06748,0.331274,-275.016,0.744379E-01,0,-9999,-9999,-9999,-9999,-9999,-9999,-9999,-0.687819E-02,1.02172,-6.49689,1.04440,0.161934E-01,1.51749,0.366216E-03,1.51749,0.153519E-01,1.51749,0.390132E-03,1.51749,800009000,800009100,800009000,800009000,800009000,800019001,811119111,811119111,80110,80110,80,81,4,1,6,1,1,0,0,0.179996,0.249436,0.700376E-02,0.261936,0.794134E-05,0.504637E-02,0.106152E-04,-0.560958E-02,0.939053E-05,0.393654E-03,0.100038E-04,22.0000,96.5296,0.529556,0.934713E+09,295.451
CH-CHA_201812061900.csv,2018-12-06,20:00,340.8331,0,36000,36000,-0.181054E-02,2,0.131349E-02,-1.81201,0,0.860354,-0.136908E-01,1,0.979774E-02,-0.309405E-03,1,0.221425E-03,0.358497E-01,0,0.161697E-01,0.158874E-02,1,0.590300E-03,-1.11300,-0.109666E-02,-0.247840E-04,0.410982E-02,0.241812E-03,0.379399E-12,0.719572E-13,0.970587E-14,520.864,13.1488,13.3240,5.00000,0,0.987877E-01,2.49382,2.52705,2.05000,0,0.133249E-01,0.336377,0.340859,2.15000,0,293.189,291.970,96559.5,1.14648,1012.66,0.252443E-01,-0.200494E-04,0.938597E-02,1264.68,2165.56,0.818678E-02,58.3998,900.876,283.600,0.263525,0.696906,0.279833E-01,0.745591,0.866294E-13,0.728403E-15,0.745591,1.48792,114.733,69.2866,2.15092,-9999,0.397394E-01,0.123543,2.94828,0.681753,132.353,0.392742E-01,0,-9999,-9999,-9999,-9999,-9999,-9999,-9999,-0.175292E-02,1.03287,-1.70605,1.06686,-0.771275E-02,1.77508,-0.174305E-03,1.77508,0.201961E-01,1.77508,0.895022E-03,1.77508,800009000,800009100,800009000,800009000,800019000,800019110,811119111,811119111,80111,80111,80,81,0,0,4,2,3,0,0,0.155367,0.885688E-01,0.315038E-02,0.703183E-01,0.336206E-05,0.245921E-01,0.302059E-04,-0.146947E-02,-0.445859E-05,0.516601E-03,0.228940E-04,22.0000,96.5331,0.533083,0.930456E+09,295.304
CH-CHA_201812061900.csv,2018-12-06,20:30,340.8540,0,36000,36000,0.231348E-02,1,0.116386E-02,-0.880180,1,0.419536,0.129421E-01,0,0.818236E-02,0.292479E-03,0,0.184913E-03,-0.276525E-01,0,0.108410E-01,0.753414E-03,1,0.399324E-03,-0.386479E-01,0.285907E-02,0.646122E-04,-0.137242E-01,-0.104805E-03,-0.103042E-11,-0.171691E-12,-0.261765E-13,520.965,13.1503,13.3255,0.100000,0,0.868040E-01,2.19112,2.22032,5.00000,0,0.132344E-01,0.334065,0.338517,1.70000,0,293.164,291.945,96559.5,1.14658,1012.66,0.252421E-01,0.189526E-04,0.938779E-02,1264.82,2162.20,0.818767E-02,58.4970,897.377,283.602,-0.109674,0.482085,0.193833E-01,0.494782,-0.426273E-13,-0.197791E-14,0.494782,1.50000,81.2900,102.817,2.24516,-9999,0.449191E-01,0.111552,8.76572,0.229302,-68.0090,0.168761E-01,0,-9999,-9999,-9999,-9999,-9999,-9999,-9999,0.226956E-02,1.01935,-0.851289,1.03759,0.905565E-02,1.42917,0.204649E-03,1.42917,-0.193486E-01,1.42917,0.527167E-03,1.42917,800009000,800009100,800009000,800009000,800009010,800009010,811119111,811119111,80100,80100,80,81,2,0,1,5,0,0,0,0.492255E-01,0.169504,0.437462E-02,0.452540E-01,0.146570E-05,0.433222E-02,0.210967E-04,-0.733176E-03,0.523433E-05,-0.494881E-03,0.134834E-04,22.0000,96.5314,0.531389,0.941360E+09,295.171
CH-CHA_201812061900.csv,2018-12-06,21:00,340.8748,0,36000,36000,-0.504180E-02,2,0.102861E-02,-6.18816,1,2.49011,0.503070E-01,1,0.180192E-01,0.113738E-02,1,0.407393E-03,-0.486158E-01,1,0.187239E-01,0.154545E-02,1,0.775116E-03,0.702100,0.291095E-02,0.658134E-04,0.122720E-02,-0.416897E-05,-0.469610E-12,-0.792066E-13,-0.119252E-13,520.216,13.1517,13.3270,1.20000,0,0.877420E-01,2.21823,2.24779,0.500000E-01,0,0.132103E-01,0.333973,0.338424,2.00000,0,293.619,292.398,96559.5,1.14480,1012.67,0.252813E-01,0.737025E-04,0.937429E-02,1264.96,2224.09,0.818857E-02,56.8755,959.126,283.604,0.461755,0.871554,0.357897E-01,0.986968,-0.573434E-13,-0.902721E-15,0.986968,3.59777,122.158,62.0851,2.07813,-9999,0.663632E-01,0.386383,4.02061,0.499925,-123.008,0.804328E-01,0,-9999,-9999,-9999,-9999,-9999,-9999,-9999,-0.490792E-02,1.02728,-5.88302,1.05594,0.304599E-01,1.65158,0.688664E-03,1.65158,-0.294359E-01,1.65158,0.935741E-03,1.65158,800009000,800009100,800009000,800009011,800009000,800109000,800119111,801119111,80000,80000,80,81,6,11,6,10,0,0,0,0.337255,0.405605,0.299074E-01,0.243684,0.209771E-05,0.418282E-02,0.135661E-04,-0.507458E-02,0.176414E-04,-0.754055E-03,0.239707E-04,21.9972,96.5320,0.530963,0.952376E+09,295.095
CH-CHA_201812061900.csv,2018-12-06,21:30,340.8956,0,36000,36000,-0.592617E-02,2,0.247327E-02,-0.803465,2,0.705187,0.657214E-01,1,0.186256E-01,0.148571E-02,1,0.421053E-03,-0.571197E-01,1,0.256184E-01,-0.952459E-03,1,0.308791E-03,-0.190001,-0.766545E-02,-0.173287E-03,0.738017E-02,-0.802629E-04,-0.648209E-11,-0.117396E-11,-0.163779E-12,520.283,13.1479,13.3231,0.500000E-01,0,0.942276E-01,2.38119,2.41292,0.500000E-01,0,0.131457E-01,0.332201,0.336627,0.500000E-01,0,293.495,292.275,96559.5,1.14528,1012.67,0.252706E-01,0.962741E-04,0.937550E-02,1264.59,2207.19,0.818619E-02,57.2941,942.601,283.599,0.559344,0.395117,0.358736E-01,0.685763,0.479392E-13,-0.124588E-13,0.685763,2.48022,155.129,35.2372,2.99863,-9999,0.719334E-01,0.331641,39.4361,0.509686E-01,-12.2253,0.963065E-02,0,-9999,-9999,-9999,-9999,-9999,-9999,-9999,-0.585144E-02,1.01277,-0.784998,1.02364,0.516537E-01,1.27235,0.116769E-02,1.27235,-0.448932E-01,1.27235,-0.748584E-03,1.27235,800009000,800009100,800009000,800009011,800109000,800109000,811119111,811119111,80111,80111,80,81,14,4,5,4,1,0,0,0.263257,0.390580,0.944566E-02,0.181123,0.607665E-05,0.244029E-01,0.840658E-05,-0.676843E-03,0.299000E-04,-0.114954E-02,-0.191682E-04,21.9822,96.5389,0.532279,0.923212E+09,295.027
CH-CHA_201812061900.csv,2018-12-06,22:00,340.9165,0,36000,36000,-0.114644E-01,1,0.202437E-02,-14.2141,0,1.96575,-0.164014E-01,2,0.153682E-01,-0.370915E-03,2,0.347548E-03,0.289796E-01,1,0.103642E-01,0.888679E-03,0,0.354689E-03,0.608384,0.411070E-02,0.929626E-04,-0.890263E-02,-0.658333E-04,0.263202E-11,0.437206E-12,0.662000E-13,519.667,13.1499,13.3252,4.80000,0,0.863222E-01,2.18435,2.21345,2.35000,0,0.130706E-01,0.330745,0.335152,2.30000,0,293.890,292.668,96559.5,1.14375,1012.68,0.253046E-01,-0.240353E-04,0.936439E-02,1264.79,2261.76,0.818747E-02,55.9207,996.966,283.602,0.960911,0.958799,0.563760E-01,1.35861,0.757154E-13,0.506482E-14,1.35861,3.60740,145.225,44.9370,2.37819,-9999,0.100118,0.275499,6.01013,0.334435,866.640,0.122577,0,-9999,-9999,-9999,-9999,-9999,-9999,-9999,-0.112149E-01,1.02225,-13.6446,1.04616,-0.106709E-01,1.53702,-0.241320E-03,1.53702,0.188543E-01,1.53702,0.578182E-03,1.53702,800009000,800009100,800009000,800009000,800009000,810109001,810109111,811119111,80110,80110,80,81,10,4,7,0,0,0,0,0.249301,0.273973,0.277230E-01,0.138927,0.266377E-05,0.234087E-02,0.399651E-05,-0.117803E-01,-0.618755E-05,0.483433E-03,0.148248E-04,22.0000,96.5331,0.533111,0.938990E+09,294.908
CH-CHA_201812061900.csv,2018-12-06,22:30,340.9373,0,36000,36000,-0.207003E-01,1,0.308938E-02,-2.01649,1,1.46333,-0.533480E-01,1,0.151050E-01,-0.120551E-02,1,0.341329E-03,-0.636087E-02,1,0.610090E-02,0.599588E-03,1,0.508669E-03,-1.26371,-0.100961E-01,-0.228143E-03,0.243321E-02,0.116051E-03,-0.345101E-11,-0.587555E-12,-0.875043E-13,520.915,13.1449,13.3200,5.00000,0,0.886888E-01,2.23800,2.26781,2.50000,0,0.132084E-01,0.333304,0.337744,1.90000,0,293.073,291.855,96559.5,1.14693,1012.66,0.252343E-01,-0.781169E-04,0.938689E-02,1264.31,2150.02,0.818433E-02,58.8045,885.709,283.596,0.230821,0.188464,0.189578E-01,0.298591,0.582385E-13,-0.662490E-14,0.298591,1.44174,158.686,39.2315,3.64020,-9999,0.134344,0.285187,102.359,0.196368E-01,37.7988,0.129234E-01,0,-9999,-9999,-9999,-9999,-9999,-9999,-9999,-0.203562E-01,1.01690,-1.98093,1.02359,-0.429003E-01,1.24354,-0.969419E-03,1.24354,-0.511515E-02,1.24354,0.482163E-03,1.24354,800009000,800109100,800009000,800009000,800009000,800019000,811119111,811119111,80001,80001,80,81,23,0,14,17,1,0,0,0.336364,0.231102,0.290806E-02,0.109382,0.437680E-05,0.209998E-02,0.111795E-04,-0.170556E-02,-0.247871E-04,-0.130790E-03,0.123285E-04,22.0000,96.5328,0.532806,0.900480E+09,294.767
CH-CHA_201812061900.csv,2018-12-06,23:00,340.9581,0,36000,36000,0.366575E-02,1,0.175569E-02,-1.54077,1,0.863529,0.235338E-01,1,0.602788E-02,0.531622E-03,1,0.136168E-03,0.231360E-01,1,0.104866E-01,0.207325E-02,1,0.776940E-03,-0.524225,-0.252639E-02,-0.570703E-04,-0.728761E-04,0.220919E-03,0.293396E-11,0.499213E-12,0.754871E-13,521.467,13.1437,13.3187,0.500000E-01,0,0.887276E-01,2.23639,2.26618,5.00000,0,0.134167E-01,0.338169,0.342673,5.00000,0,292.735,291.518,96559.5,1.14826,1012.65,0.252052E-01,0.344491E-04,0.939684E-02,1264.19,2105.15,0.818355E-02,60.0520,840.966,283.595,-0.182399,0.621344,0.140603E-01,0.647716,0.924446E-14,0.562636E-14,0.647716,1.40121,84.4274,106.360,1.24384,-9999,0.565017E-01,0.119250,9.96568,0.201692,-65.4705,0.234518E-01,0,-9999,-9999,-9999,-9999,-9999,-9999,-9999,0.360175E-02,1.01777,-1.49358,1.03520,0.167228E-01,1.40729,0.377762E-03,1.40729,0.164401E-01,1.40729,0.147322E-02,1.40729,800009000,800109100,800009000,800009011,800009000,811019001,811119111,811119111,80111,80111,80,81,0,1,1,6,0,0,0,0.157878,0.778235E-01,0.279959E-02,0.503172E-01,0.111011E-05,0.543627E-02,0.303941E-04,-0.128448E-02,0.964786E-05,0.419873E-03,0.376254E-04,21.9739,96.5419,0.532195,0.890955E+09,294.649
CH-CHA_201812061900.csv,2018-12-06,23:30,340.9790,0,36000,36000,-0.975683E-02,1,0.224464E-02,-2.73537,1,1.13053,0.296452E-01,1,0.140473E-01,0.669451E-03,1,0.317217E-03,-0.106587,1,0.224439E-01,-0.103001E-02,1,0.400987E-03,-0.544742,-0.957998E-02,-0.216336E-03,0.563410E-02,-0.230570E-03,0.190075E-11,0.341459E-12,0.481878E-13,521.905,13.1389,13.3138,0.200000,0,0.937572E-01,2.36033,2.39175,0.500000E-01,0,0.132313E-01,0.333098,0.337532,0.500000E-01,0,292.383,291.169,96559.5,1.14964,1012.64,0.251749E-01,0.433804E-04,0.940472E-02,1263.73,2059.46,0.818059E-02,61.3623,795.727,283.589,0.498750,0.345024,0.360189E-01,0.607528,-0.401702E-13,0.364194E-14,0.607528,2.01954,157.115,34.6746,3.39892,-9999,0.921242E-01,0.311551,24.3311,0.826104E-01,-92.2703,0.255050E-01,0,-9999,-9999,-9999,-9999,-9999,-9999,-9999,-0.962104E-02,1.01411,-2.67499,1.02632,0.227701E-01,1.30194,0.514196E-03,1.30194,-0.818677E-01,1.30194,-0.791132E-03,1.30194,800009000,800009100,800009000,800009000,800009010,800109011,810119111,810119111,80101,80101,80,81,6,1,1,3,0,0,0,0.276817,0.342001,0.428342E-02,0.152898,0.576342E-05,0.239457E-01,0.103710E-04,-0.229776E-02,0.131165E-04,-0.208834E-02,-0.201808E-04,22.0000,96.5331,0.533111,0.854630E+09,294.532
CH-CHA_201812061900.csv,2018-12-07,00:00,341.0000,0,36000,36000,-0.271164E-02,1,0.342270E-03,-1.94909,1,0.551376,0.195524E-01,1,0.475298E-02,0.441311E-03,1,0.107278E-03,0.103890E-01,1,0.136203E-01,-0.103228E-02,1,0.276344E-03,-0.814026,-0.232068E-02,-0.523795E-04,0.192246E-02,0.281050E-03,0.175971E-11,0.321803E-12,0.454426E-13,522.795,13.1377,13.3126,0.250000,0,0.956052E-01,2.40254,2.43453,2.45000,0,0.135006E-01,0.339269,0.343785,0.500000E-01,0,291.860,290.647,96559.5,1.15170,1012.63,0.251298E-01,0.285970E-04,0.942077E-02,1263.62,1992.91,0.817987E-02,63.4058,729.291,283.588,0.531417,0.660486,0.378997E-01,0.848577,-0.474884E-14,0.336595E-14,0.848577,1.42794,134.574,51.1804,2.55983,-9999,0.485228E-01,0.671401E-01,4.98953,0.402844,-99.6855,0.344425E-01,0,-9999,-9999,-9999,-9999,-9999,-9999,-9999,-0.264786E-02,1.02409,-1.86464,1.04924,0.124295E-01,1.57307,0.280542E-03,1.57307,0.660427E-02,1.57307,-0.656221E-03,1.57307,800009000,800009100,800009000,800009011,800009000,800109010,811119111,811119111,80111,80111,80,80,0,0,3,0,1,0,0,0.530599E-01,0.779867E-01,0.323363E-02,0.432865E-01,0.109266E-05,0.181326E-01,0.244672E-04,-0.159884E-02,0.714345E-05,0.168165E-03,-0.167094E-04,21.9878,96.5368,0.532270,0.845831E+09,294.387
CH-CHA_201812061900.csv,2018-12-07,00:30,341.0208,0,36000,36000,-0.336085E-02,1,0.546749E-03,-2.32814,1,0.322628,-0.435836E-02,2,0.533447E-02,-0.983411E-04,2,0.120366E-03,-0.157905E-01,1,0.639210E-02,0.141933E-02,1,0.237602E-03,-0.499491,0.637238E-03,0.143785E-04,-0.349301E-02,-0.150656E-03,-0.369346E-11,-0.653880E-12,-0.944485E-13,523.383,13.1381,13.3130,5.00000,0,0.926583E-01,2.32593,2.35689,5.00000,0,0.133839E-01,0.335964,0.340437,2.30000,0,291.539,290.328,96559.5,1.15297,1012.62,0.251022E-01,-0.637250E-05,0.943137E-02,1263.65,1953.06,0.818007E-02,64.7011,689.410,283.588,1.00685,0.534354,0.514608E-01,1.14102,-0.633870E-13,-0.705689E-14,1.14102,1.95655,158.899,27.9558,2.58496,-9999,0.539903E-01,0.539949E-01,5.75425,0.349307,534.177,0.369341E-01,0,-9999,-9999,-9999,-9999,-9999,-9999,-9999,-0.328710E-02,1.02244,-2.23455,1.04633,-0.282892E-02,1.54065,-0.638311E-04,1.54065,-0.102493E-01,1.54065,0.921254E-03,1.54065,800009000,800009100,800009000,800009000,800009011,800109011,811119111,811119111,80110,80110,80,81,0,2,1,6,0,0,0,0.717937E-01,0.327960E-01,0.340007E-02,0.377889E-01,0.208402E-05,0.656658E-02,0.100339E-04,-0.191393E-02,-0.162355E-05,-0.260691E-03,0.234322E-04,22.0000,96.5327,0.532667,0.848194E+09,294.226
CH-CHA_201812061900.csv,2018-12-07,01:00,341.0416,0,35989,35989,-0.708137E-02,1,0.696047E-03,-2.70762,1,0.340337,-0.923449E-02,1,0.311271E-02,-0.208400E-03,1,0.702464E-04,0.489572E-02,1,0.530337E-02,0.118347E-02,1,0.161430E-03,0.271115,0.492440E-02,0.111132E-03,0.110077E-01,0.328181E-04,-0.164376E-11,-0.321173E-12,-0.421163E-13,523.167,13.1405,13.3155,4.80000,0,0.102221,2.56751,2.60170,0.500000E-01,0,0.134045E-01,0.336685,0.341168,1.90000,0,291.714,290.501,96559.5,1.15228,1012.63,0.251172E-01,-0.135043E-04,0.942747E-02,1263.89,1974.62,0.818159E-02,64.0066,710.732,283.591,1.10276,0.412557,0.513956E-01,1.17853,0.720769E-13,-0.314194E-14,1.17853,1.98104,165.939,20.5114,2.49946,-9999,0.783934E-01,0.658035E-01,15.1461,0.132707,293.208,0.296007E-01,0,-9999,-9999,-9999,-9999,-9999,-9999,-9999,-0.697860E-02,1.01473,-2.63926,1.03037,-0.680611E-02,1.35679,-0.153597E-03,1.35679,0.360830E-02,1.35679,0.872253E-03,1.35679,800009000,800009100,800009000,800009000,800009000,800009000,811109111,811119111,80101,80101,80,81,2,2,1,4,0,0,0,0.610392E-01,0.646519E-01,0.591591E-02,0.417223E-01,0.544403E-06,0.812990E-02,0.241241E-05,-0.226191E-02,-0.390910E-05,0.918325E-04,0.221991E-04,22.0000,96.5309,0.530884,0.866767E+09,294.096
CH-CHA_201812070100.csv,2018-12-07,01:30,341.0624,0,36000,36000,-0.172160E-01,1,0.208435E-02,-2.86774,1,0.937628,-0.208272E-01,2,0.783579E-02,-0.469970E-03,2,0.176816E-03,0.113599E-01,2,0.150987E-01,0.619643E-03,1,0.600924E-03,-0.170078,-0.227134E-02,-0.512532E-04,-0.293232E-02,0.169722E-03,0.502097E-12,0.956543E-13,0.130081E-13,523.319,13.1394,13.3143,4.60000,0,0.996974E-01,2.50318,2.53651,2.70000,0,0.135579E-01,0.340408,0.344940,2.15000,0,291.604,290.393,96559.5,1.15271,1012.62,0.251078E-01,-0.304540E-04,0.943020E-02,1263.78,1961.08,0.818088E-02,64.4431,697.298,283.590,0.247433,0.537521,0.351344E-01,0.592779,-0.988258E-13,0.959447E-15,0.592779,1.45141,122.984,65.2823,3.39796,-9999,0.122210,0.281771,54.1787,0.370995E-01,137.692,0.201032E-01,0,-9999,-9999,-9999,-9999,-9999,-9999,-9999,-0.169965E-01,1.01292,-2.81663,1.02278,-0.165468E-01,1.25868,-0.373382E-03,1.25868,0.902521E-02,1.25868,0.492294E-03,1.25868,800009000,800009100,800009000,800009000,800009000,800009011,811119111,811119111,80011,80011,80,81,0,1,0,1,0,0,0,0.148856,0.409874,0.481132E-02,0.585017E-01,0.122884E-05,0.920276E-02,0.162620E-04,-0.241302E-02,-0.949913E-05,0.229608E-03,0.125243E-04,22.0000,96.5297,0.529667,0.858273E+09,294.057
CH-CHA_201812070100.csv,2018-12-07,02:00,341.0833,0,36000,36000,-0.119719E-01,1,0.219489E-02,-1.95324,1,0.737032,-0.133494E-01,2,0.758777E-02,-0.301166E-03,2,0.171181E-03,0.879384E-01,1,0.158930E-01,-0.169047E-02,2,0.627691E-03,-0.360297,-0.143336E-02,-0.323369E-04,0.501155E-02,0.160976E-03,-0.480270E-11,-0.955168E-12,-0.125722E-12,523.706,13.1387,13.3136,5.00000,0,0.104156,2.61304,2.64783,2.05000,0,0.137093E-01,0.343937,0.348516,0.500000E-01,0,291.373,290.162,96559.5,1.15363,1012.62,0.250879E-01,-0.195156E-04,0.943718E-02,1263.71,1932.68,0.818044E-02,65.3864,668.970,283.589,0.159489,0.151401,0.141475E-01,0.220362,-0.342915E-13,-0.917059E-14,0.220362,1.46168,115.955,43.5098,3.68099,-9999,0.101870,0.201294,46.0719,0.436274E-01,146.316,0.164133E-01,0,-9999,-9999,-9999,-9999,-9999,-9999,-9999,-0.117383E-01,1.01990,-1.91082,1.02683,-0.105174E-01,1.26927,-0.237275E-03,1.26927,0.692828E-01,1.26927,-0.133184E-02,1.26927,800009000,800109100,800009000,800009011,800009000,800109011,811119111,811119111,80000,80000,80,81,0,0,2,8,0,0,0,0.210541,0.189357,0.269018E-02,0.318700E-01,0.134519E-05,0.115488E-01,0.244073E-04,-0.163572E-02,-0.603167E-05,0.176121E-02,-0.338562E-04,21.9872,96.5327,0.527893,0.852756E+09,294.039
CH-CHA_201812070100.csv,2018-12-07,02:30,341.1041,0,36000,36000,-0.188284E-01,1,0.304259E-02,-4.92967,1,0.658991,-0.508035E-01,1,0.935846E-02,-0.114666E-02,1,0.211225E-03,0.739518E-01,2,0.305386E-01,0.188191E-02,1,0.315632E-03,0.737525,0.528005E-02,0.119173E-03,-0.227298E-02,-0.323861E-03,-0.252779E-11,-0.493030E-12,-0.647900E-13,522.959,13.1413,13.3163,0.550000,0,0.102000,2.56313,2.59726,2.15000,0,0.134040E-01,0.336826,0.341311,1.70000,0,291.847,290.634,96559.5,1.15175,1012.63,0.251287E-01,-0.743035E-04,0.942371E-02,1263.96,1991.29,0.818207E-02,63.4744,727.332,283.592,0.923829,0.145779,0.410846E-01,0.936163,0.723260E-14,-0.483363E-14,0.936163,2.12596,181.701,8.96726,2.51530,-9999,0.127858,0.254269,36.0926,0.556901E-01,97.0340,0.330583E-01,0,-9999,-9999,-9999,-9999,-9999,-9999,-9999,-0.186022E-01,1.01216,-4.83738,1.02387,-0.396990E-01,1.27972,-0.896024E-03,1.27972,0.577876E-01,1.27972,0.147057E-02,1.27972,800009000,800009100,800009000,800009000,800009000,800009001,811119111,811119111,80101,80101,80,81,4,2,3,10,1,0,0,0.340506,0.161280,0.675140E-02,0.248272E-01,0.145134E-05,0.348801E-01,0.375616E-05,-0.414764E-02,-0.228146E-04,0.147139E-02,0.374436E-04,22.0000,96.5225,0.522472,0.872887E+09,294.036
CH-CHA_201812070100.csv,2018-12-07,03:00,341.1249,0,36000,36000,-0.120476E-02,2,0.605873E-03,-1.24945,0,0.443324,0.615106E-02,2,0.344531E-02,0.138837E-03,2,0.777651E-04,0.614617E-02,1,0.324100E-02,0.226481E-02,0,0.495287E-03,0.579896E-01,0.398397E-03,0.899233E-05,-0.329102E-02,0.139366E-03,0.264926E-12,0.502145E-13,0.685194E-14,522.900,13.1415,13.3165,1.55000,0,0.991114E-01,2.49086,2.52403,2.55000,0,0.135241E-01,0.339886,0.344412,2.70000,0,291.885,290.672,96559.5,1.15160,1012.63,0.251319E-01,0.899665E-05,0.942265E-02,1263.98,1995.97,0.818220E-02,63.3266,731.988,283.592,-0.691997E-01,0.522574,0.818028E-02,0.527200,0.504109E-14,0.506647E-15,0.527200,1.26246,84.5783,97.5433,0.889064,-9999,0.323443E-01,0.914766E-01,2.30530,0.871902,-203.127,0.331258E-01,0,-9999,-9999,-9999,-9999,-9999,-9999,-9999,-0.115976E-02,1.03879,-1.16338,1.07830,0.323820E-02,1.89953,0.730902E-04,1.89953,0.323562E-02,1.89953,0.119230E-02,1.89953,800009000,800109100,800009000,800009000,800009000,800109000,811119111,811119111,80111,80111,80,81,10,0,3,3,0,0,0,0.130408,0.506229E-01,0.192276E-02,0.246084E-01,0.931651E-06,0.202711E-02,0.226966E-04,-0.997624E-03,0.186126E-05,0.823961E-04,0.303623E-04,22.0000,96.5151,0.515083,0.874257E+09,294.019
CH-CHA_201812070100.csv,2018-12-07,03:30,341.1458,0,36000,36000,-0.122706E-01,1,0.196352E-02,-0.864700,2,0.551910,0.194942E-01,1,0.628644E-02,0.439951E-03,1,0.141874E-03,-0.428243E-01,1,0.969437E-02,0.420411E-02,1,0.667439E-03,-0.214328,-0.675380E-03,-0.152422E-04,-0.261639E-03,0.343986E-03,0.507546E-11,0.959819E-12,0.134189E-12,523.133,13.1411,13.3161,0.250000,0,0.989296E-01,2.48512,2.51821,4.10000,0,0.138310E-01,0.347437,0.352063,1.85000,0,291.747,290.534,96559.5,1.15215,1012.63,0.251201E-01,0.285088E-04,0.942686E-02,1263.95,1978.75,0.818199E-02,63.8762,714.799,283.592,0.131216,0.321598E-01,0.186854E-01,0.136386,-0.462303E-13,0.970204E-14,0.136386,1.15213,181.947,13.7712,7.87454,-9999,0.103200,0.156167,108.199,0.185769E-01,-44.3567,0.718172E-02,0,-9999,-9999,-9999,-9999,-9999,-9999,-9999,-0.119427E-01,1.02745,-0.843180,1.02865,0.155825E-01,1.25104,0.351669E-03,1.25104,-0.342311E-01,1.25104,0.336051E-02,1.25104,800009000,800109100,800009000,800009000,800009000,801009000,811119111,811119111,80100,80100,80,81,4,0,4,4,0,0,0,0.105256,0.204079,0.299891E-02,0.169519E-01,0.918963E-06,0.307979E-02,0.148542E-04,-0.722707E-03,0.895113E-05,-0.871293E-03,0.855358E-04,22.0000,96.5139,0.513917,0.871934E+09,294.048
CH-CHA_201812070100.csv,2018-12-07,04:00,341.1666,0,36000,36000,-0.909834E-03,1,0.476626E-03,-1.06141,1,0.380667,-0.120071E-01,1,0.300681E-02,-0.271022E-03,1,0.678691E-04,-0.604321E-01,1,0.159034E-01,0.913679E-03,2,0.745693E-03,0.250637,0.202744E-02,0.457629E-04,0.176688E-01,0.354748E-04,0.150437E-11,0.328887E-12,0.398599E-13,522.884,13.1422,13.3172,4.80000,0,0.114314,2.87316,2.91142,5.00000,0,0.138544E-01,0.348216,0.352853,1.95000,0,291.908,290.695,96559.5,1.15151,1012.63,0.251340E-01,-0.175622E-04,0.942237E-02,1264.04,1998.91,0.818261E-02,63.2367,734.865,283.593,0.659007E-01,0.191192,0.576222E-02,0.202313,-0.652172E-13,0.287706E-14,0.202313,0.717565,121.582,70.9818,1.63210,-9999,0.281091E-01,0.581666E-01,1.78120,1.12845,88.3979,0.323828E-01,0,-9999,-9999,-9999,-9999,-9999,-9999,-9999,-0.867582E-03,1.04870,-0.972938,1.09590,-0.579842E-02,2.07076,-0.130881E-03,2.07076,-0.291835E-01,2.07076,0.441229E-03,2.07076,800009000,800109100,800009000,800009000,800009000,800019000,811119111,811119111,80001,80001,80,81,0,0,0,4,161,0,0,0.303985E-01,0.849706E-01,0.964058E-03,0.152896E-01,0.545992E-06,0.254244E-01,0.684871E-04,-0.834383E-03,-0.333318E-05,-0.743228E-03,0.112369E-04,22.0000,96.5086,0.508583,0.879381E+09,294.050
CH-CHA_201812070100.csv,2018-12-07,04:30,341.1874,0,36000,36000,-0.392293E-03,2,0.505520E-03,-0.883570,1,0.250901,0.190812E-01,1,0.310825E-02,0.430781E-03,1,0.701726E-04,-0.337055,1,0.410664E-01,-0.250620E-02,1,0.878328E-03,0.322750,0.353479E-02,0.798023E-04,-0.274866E-02,-0.165362E-03,-0.745340E-12,-0.159500E-12,-0.195399E-13,522.582,13.1439,13.3190,0.350000,0,0.111831,2.81275,2.85021,5.00000,0,0.137000E-01,0.344582,0.349171,5.00000,0,292.116,290.902,96559.5,1.15069,1012.64,0.251519E-01,0.279146E-04,0.941692E-02,1264.21,2025.16,0.818371E-02,62.4254,760.945,283.595,0.601998,0.461207,0.345903E-01,0.759151,0.687209E-13,-0.142626E-14,0.759151,1.94106,151.824,37.4567,2.61155,-9999,0.184640E-01,0.218157,0.606444,3.31440,-46.3059,0.410679E-01,0,-9999,-9999,-9999,-9999,-9999,-9999,-9999,-0.357367E-03,1.09773,-0.743523,1.19277,0.574624E-02,3.32064,0.129729E-03,3.32064,-0.101503,3.32064,-0.754736E-03,3.32064,800009000,800009100,800009000,800009011,800019000,800119010,810119111,811119111,80000,80000,80,81,1,0,0,7,85,0,0,0.217777,0.213451,0.508595E-02,0.110107E-01,0.384869E-06,0.794310E-01,0.378246E-04,-0.638090E-03,0.330620E-05,-0.258686E-02,-0.192348E-04,21.9822,96.5117,0.505060,0.892895E+09,294.050
CH-CHA_201812070100.csv,2018-12-07,05:00,341.2083,0,36000,36000,-0.125840E-01,1,0.192432E-02,-4.07514,1,0.554588,-0.251170E-01,1,0.108496E-01,-0.566956E-03,1,0.244903E-03,0.439801E-01,2,0.196372E-01,0.111384E-02,1,0.221031E-03,-0.265112,-0.524730E-02,-0.118445E-03,-0.104020E-01,-0.281947E-03,0.248532E-11,0.488745E-12,0.639971E-13,522.784,13.1413,13.3163,4.65000,0,0.102807,2.58427,2.61869,1.40000,0,0.134617E-01,0.338389,0.342895,1.85000,0,291.945,290.732,96559.5,1.15137,1012.63,0.251372E-01,-0.367387E-04,0.942057E-02,1263.96,2003.59,0.818209E-02,63.0850,739.624,283.592,1.05690,0.409822,0.477615E-01,1.13458,-0.296576E-13,0.475401E-14,1.13458,2.33987,164.371,21.1942,2.41265,-9999,0.104545,0.129118,23.8682,0.842126E-01,162.246,0.334330E-01,0,-9999,-9999,-9999,-9999,-9999,-9999,-9999,-0.124231E-01,1.01295,-3.98822,1.02638,-0.191665E-01,1.31047,-0.432636E-03,1.31047,0.335606E-01,1.31047,0.849952E-03,1.31047,800009000,800009100,800009000,800009000,800009000,800009000,801119111,811119111,80111,80111,80,81,14,0,2,3,0,0,0,0.139378,0.105100,0.137574E-01,0.150032E-01,0.147757E-05,0.888505E-02,0.133201E-05,-0.342069E-02,-0.110195E-04,0.854808E-03,0.216488E-04,22.0000,96.5075,0.507500,0.873089E+09,294.045
CH-CHA_201812070100.csv,2018-12-07,05:30,341.2291,0,36000,36000,-0.596170E-02,1,0.938221E-03,-1.33192,1,0.477448,0.225328E-01,1,0.935876E-02,0.508583E-03,1,0.211234E-03,-0.167766E-01,1,0.115076E-01,0.410436E-03,1,0.227659E-03,-0.133149,-0.162582E-02,-0.366959E-04,0.592658E-02,0.945632E-04,0.152585E-11,0.315191E-12,0.395341E-13,522.905,13.1405,13.3155,1.70000,0,0.108016,2.71441,2.75055,5.00000,0,0.135483E-01,0.340465,0.344999,2.10000,0,291.859,290.647,96559.5,1.15170,1012.63,0.251298E-01,0.329562E-04,0.942276E-02,1263.88,1992.83,0.818158E-02,63.4215,728.948,283.591,0.570250,0.190319,0.204686E-01,0.601520,-0.819496E-14,0.291802E-14,0.601520,2.00484,172.209,18.4563,1.95005,-9999,0.719473E-01,0.100253,23.8022,0.844458E-01,-59.1102,0.158735E-01,0,-9999,-9999,-9999,-9999,-9999,-9999,-9999,-0.587822E-02,1.01420,-1.30194,1.02648,0.172853E-01,1.30358,0.390142E-03,1.30358,-0.128696E-01,1.30358,0.314852E-03,1.30358,800009000,800009100,800009000,800009000,800009000,800109000,811119111,811119111,80101,80101,80,81,3,5,0,6,18,0,0,0.808135E-01,0.112491,0.720164E-02,0.177326E-01,0.154505E-05,0.384630E-02,0.329338E-05,-0.111635E-02,0.993420E-05,-0.327700E-03,0.801709E-05,22.0000,96.5185,0.518472,0.866681E+09,294.027
CH-CHA_201812070100.csv,2018-12-07,06:00,341.2499,0,36000,36000,-0.822631E-02,1,0.132585E-02,-1.17720,1,0.186744,-0.344559E-02,1,0.199254E-02,-0.777754E-04,1,0.449764E-04,0.151050E-01,1,0.783457E-02,0.982031E-03,1,0.188219E-03,0.123867,0.227674E-02,0.513915E-04,-0.112821E-02,0.534916E-05,0.125547E-12,0.256950E-13,0.325371E-14,522.807,13.1416,13.3166,1.70000,0,0.107000,2.68963,2.72545,2.45000,0,0.135492E-01,0.340583,0.345118,1.95000,0,291.939,290.726,96559.5,1.15139,1012.63,0.251367E-01,-0.503985E-05,0.942099E-02,1263.99,2002.84,0.818229E-02,63.1101,738.845,283.592,0.793402,0.354664,0.296719E-01,0.869571,0.199856E-14,0.240139E-15,0.869571,2.28880,161.916,24.0854,1.95546,-9999,0.845263E-01,0.135553,43.6696,0.460274E-01,341.653,0.119449E-01,0,-9999,-9999,-9999,-9999,-9999,-9999,-9999,-0.812886E-02,1.01199,-1.15563,1.02307,-0.271425E-02,1.26944,-0.612673E-04,1.26944,0.118989E-01,1.26944,0.773592E-03,1.26944,800009000,800019100,800009000,800009000,800009000,800009110,801119111,811119111,80011,80011,80,81,0,11,0,14,182,0,0,0.972491E-01,0.165835,0.802087E-02,0.298809E-02,0.235355E-06,0.314202E-02,0.228322E-05,-0.991167E-03,-0.156048E-05,0.303065E-03,0.197034E-04,22.0000,96.5281,0.528083,0.875445E+09,294.061
CH-CHA_201812070100.csv,2018-12-07,06:30,341.2707,0,36000,36000,-0.167340E-01,0,0.221840E-02,-4.76312,0,0.547347,0.458404E-02,1,0.330018E-02,0.103480E-03,1,0.744984E-04,0.679159E-01,0,0.221472E-01,0.149496E-02,0,0.303207E-03,0.114228,-0.188611E-02,-0.425771E-04,-0.258191E-02,-0.656072E-04,0.159039E-11,0.318656E-12,0.410456E-13,522.639,13.1407,13.3157,5.00000,0,0.104717,2.63291,2.66796,1.75000,0,0.134885E-01,0.339141,0.343657,1.60000,0,292.013,290.799,96559.5,1.15110,1012.63,0.251430E-01,0.670552E-05,0.941795E-02,1263.90,2012.11,0.818170E-02,62.8150,748.203,283.591,1.44589,0.289576,0.508425E-01,1.47547,-0.285231E-13,0.304301E-14,1.47547,3.32417,177.150,11.3251,1.97471,-9999,0.120571,0.374529,31.3252,0.641656E-01,-1039.07,0.338909E-01,0,-9999,-9999,-9999,-9999,-9999,-9999,-9999,-0.165326E-01,1.01218,-4.66428,1.02542,0.353115E-02,1.29817,0.797123E-04,1.29817,0.523166E-01,1.29817,0.115159E-02,1.29817,800009000,800009100,800009000,800009011,800009000,800109000,800119111,800119111,80111,80111,80,80,0,0,0,2,96,0,0,0.187698,0.540787,0.205730E-01,0.117370E-01,0.444491E-06,0.106456E-01,0.234529E-05,-0.400147E-02,0.203079E-05,0.133284E-02,0.293384E-04,21.9839,96.5377,0.531678,0.868574E+09,294.057
CH-CHA_201812070100.csv,2018-12-07,07:00,341.2916,0,35989,35989,-0.774655E-02,0,0.178511E-02,-4.15447,0,0.720177,-0.100812E-01,1,0.470880E-02,-0.227575E-03,1,0.106298E-03,0.192045E-01,1,0.907165E-02,0.139985E-02,1,0.258293E-03,0.173577E-01,-0.366421E-03,-0.827168E-05,-0.849938E-02,-0.708735E-04,-0.116090E-11,-0.216108E-12,-0.298240E-13,522.612,13.1405,13.3155,0.850000,0,0.972867E-01,2.44617,2.47874,1.45000,0,0.134261E-01,0.337584,0.342079,2.15000,0,292.024,290.810,96559.5,1.15106,1012.63,0.251439E-01,-0.147469E-04,0.941746E-02,1263.89,2013.52,0.818159E-02,62.7700,749.632,283.591,0.893184,0.526088,0.390603E-01,1.03734,0.297494E-13,-0.222135E-14,1.03734,2.22410,155.878,30.4982,2.15794,-9999,0.820363E-01,0.150570,11.3125,0.177680,412.103,0.434471E-01,0,-9999,-9999,-9999,-9999,-9999,-9999,-9999,-0.762179E-02,1.01637,-4.03682,1.03357,-0.723288E-02,1.39380,-0.163277E-03,1.39380,0.137786E-01,1.39380,0.100435E-02,1.39380,800009000,800009100,800009000,800009000,800009000,800109000,810119111,811119111,80011,80011,80,81,0,2,8,3,83,0,0,0.123301,0.162171,0.156682E-01,0.160370E-01,0.393651E-06,0.202067E-02,0.164018E-05,-0.346330E-02,-0.415988E-05,0.351042E-03,0.255882E-04,22.0000,96.5329,0.532941,0.867197E+09,294.028
CH-CHA_201812070700.csv,2018-12-07,07:30,341.3124,0,36000,36000,0.382521E-02,2,0.160058E-02,-1.55122,1,0.405033,-0.303915E-02,1,0.116152E-02,-0.686288E-04,1,0.262290E-04,-0.158362E-01,1,0.680092E-02,-0.605960E-03,2,0.203897E-03,0.521091,0.386432E-02,0.872624E-04,-0.632214E-02,-0.515833E-04,0.603362E-11,0.105918E-11,0.154462E-12,522.088,13.1424,13.3175,3.60000,0,0.916508E-01,2.30711,2.33784,0.500000E-01,0,0.133656E-01,0.336450,0.340930,0.500000E-01,0,292.360,291.145,96559.5,1.14973,1012.64,0.251729E-01,-0.444714E-05,0.940802E-02,1264.07,2056.35,0.818279E-02,61.4715,792.283,283.593,0.420826,0.736113,0.316196E-01,0.848503,0.724097E-13,0.115567E-13,0.848503,1.89301,131.254,60.2440,2.13563,-9999,0.576805E-01,0.129627,10.5310,0.190864,510.412,0.230989E-01,0,-9999,-9999,-9999,-9999,-9999,-9999,-9999,0.376138E-02,1.01697,-1.50614,1.03434,-0.216889E-02,1.40125,-0.489769E-04,1.40125,-0.113015E-01,1.40125,-0.432443E-03,1.40125,800009000,800009100,800009000,800009011,800009000,800109100,811119111,811119111,80111,80111,80,81,2,0,1,1,0,0,0,0.169760,0.804124E-01,0.908266E-02,0.220789E-01,0.257794E-06,0.165444E-02,0.472154E-05,-0.129364E-02,-0.124924E-05,-0.288264E-03,-0.110302E-04,21.9861,96.5376,0.532411,0.881545E+09,294.011
CH-CHA_201812070700.csv,2018-12-07,08:00,341.3332,0,36000,36000,-0.417051E-02,1,0.111703E-02,-0.827879,1,0.201453,0.694346E-02,1,0.267402E-02,0.156779E-03,1,0.603777E-04,0.169666E-01,0,0.822970E-02,0.905639E-03,0,0.210575E-03,-0.155950,0.178753E-02,0.403613E-04,0.387581E-02,0.613447E-04,-0.306029E-11,-0.557030E-12,-0.786529E-13,522.302,13.1433,13.3184,0.200000,0,0.950689E-01,2.39233,2.42419,2.50000,0,0.134238E-01,0.337798,0.342297,2.00000,0,292.259,291.045,96559.5,1.15013,1012.64,0.251642E-01,0.101593E-04,0.941188E-02,1264.15,2043.45,0.818334E-02,61.8636,779.299,283.594,0.878447,0.289675,0.284744E-01,0.925414,0.988723E-13,-0.585923E-14,0.925414,2.11466,165.817,18.2504,1.76324,-9999,0.602174E-01,0.122375,22.4520,0.895245E-01,-119.231,0.118044E-01,0,-9999,-9999,-9999,-9999,-9999,-9999,-9999,-0.411560E-02,1.01334,-0.809492,1.02659,0.529320E-02,1.31177,0.119517E-03,1.31177,0.129341E-01,1.31177,0.690394E-03,1.31177,800009000,800009100,800009000,800009000,800009000,800119100,810119111,811119111,80111,80111,80,81,6,12,5,17,166,0,0,0.135446,0.102526,0.677925E-02,0.116238E-01,0.352914E-06,0.485796E-02,0.373499E-05,-0.695043E-03,0.304745E-05,0.329794E-03,0.176037E-04,22.0000,96.5316,0.531639,0.887928E+09,294.040
CH-CHA_201812070700.csv,2018-12-07,08:30,341.3541,1,36000,36000,-0.103792E-01,0,0.176012E-02,-1.94042,1,0.495183,0.752592E-02,1,0.375961E-02,0.169960E-03,1,0.849042E-04,-0.207096E-01,1,0.118825E-01,0.370404E-03,2,0.242590E-03,0.275367,0.387538E-03,0.875187E-05,-0.608917E-02,-0.138531E-03,0.435737E-12,0.748697E-13,0.110977E-13,521.993,13.1435,13.3186,1.80000,0,0.896905E-01,2.25836,2.28844,0.500000E-01,0,0.132946E-01,0.334751,0.339209,1.85000,0,292.437,291.221,96559.5,1.14943,1012.64,0.251795E-01,0.110134E-04,0.940631E-02,1264.17,2066.29,0.818346E-02,61.1808,802.118,283.594,1.13193,0.420591,0.541567E-01,1.20876,-0.622049E-13,0.834756E-15,1.20876,2.62619,166.227,20.3836,2.56792,-9999,0.950256E-01,0.108193,37.6429,0.533965E-01,-257.832,0.175435E-01,0,-9999,-9999,-9999,-9999,-9999,-9999,-9999,-0.102584E-01,1.01177,-1.90265,1.02393,0.587121E-02,1.28183,0.132591E-03,1.28183,-0.161562E-01,1.28183,0.288964E-03,1.28183,800009000,800009100,800009000,800009000,800009000,800009000,800119111,811119111,80000,80000,80,80,1,18,4,9,281,0,0,0.121281,0.784314E-01,0.166742E-01,0.129147E-01,0.247454E-06,0.268723E-02,0.225437E-05,-0.163463E-02,0.338286E-05,-0.412201E-03,0.737248E-05,22.0000,96.5309,0.530944,0.889769E+09,294.082
CH-CHA_201812070700.csv,2018-12-07,09:00,341.3749,1,36000,36000,-0.674125E-02,1,0.200811E-02,-0.676453,1,0.359280,0.717575E-02,1,0.422180E-02,0.162056E-03,1,0.953446E-04,0.400022E-01,1,0.182657E-01,0.126162E-02,1,0.217834E-03,0.455305E-01,-0.681964E-03,-0.154014E-04,-0.540905E-03,-0.766833E-04,-0.309682E-11,-0.529315E-12,-0.784770E-13,521.927,13.1432,13.3182,4.40000,0,0.892089E-01,2.24646,2.27638,1.70000,0,0.132262E-01,0.333063,0.337499,1.85000,0,292.466,291.251,96559.5,1.14931,1012.64,0.251820E-01,0.105012E-04,0.940512E-02,1264.14,2070.09,0.818325E-02,61.0670,805.948,283.594,0.738488,0.242792,0.349656E-01,0.778161,-0.828084E-13,-0.593343E-14,0.778161,2.10639,173.678,18.1993,2.57537,-9999,0.765863E-01,0.149970,56.5292,0.355568E-01,-94.2693,0.758912E-02,0,-9999,-9999,-9999,-9999,-9999,-9999,-9999,-0.666172E-02,1.01194,-0.664133,1.02228,0.570311E-02,1.25822,0.128798E-03,1.25822,0.317928E-01,1.25822,0.100270E-02,1.25822,800009000,800019100,800009000,800009011,800009000,800009010,811119111,811119111,80000,80000,80,81,0,4,2,20,203,0,0,0.138354,0.150288,0.112983E-01,0.937227E-02,0.293271E-06,0.721957E-02,0.114244E-05,-0.570636E-03,0.328643E-05,0.811226E-03,0.255850E-04,21.9972,96.5313,0.530240,0.887381E+09,294.054
CH-CHA_201812070700.csv,2018-12-07,09:30,341.3957,1,36000,36000,0.999806E-02,1,0.247968E-02,-1.97544,2,2.61970,-0.647585E-01,2,0.180083E-01,-0.146306E-02,2,0.406856E-03,-0.449319E-01,1,0.109301E-01,0.107214E-02,0,0.205311E-03,0.624502,0.780579E-02,0.176353E-03,-0.205140E-02,0.168046E-04,-0.790035E-11,-0.132278E-11,-0.200367E-12,521.362,13.1471,13.3222,0.200000,0,0.872936E-01,2.20126,2.23059,1.95000,0,0.132227E-01,0.333433,0.337876,2.10000,0,292.869,291.652,96559.5,1.14773,1012.66,0.252167E-01,-0.948065E-04,0.939495E-02,1264.51,2122.87,0.818567E-02,59.5661,858.359,283.598,0.525538,0.272745,-0.305429E-01,0.592886,-0.125090E-13,-0.151533E-13,0.592886,2.19502,158.219,27.4285,-2.95294,-9999,0.933336E-01,0.532617E-01,35.0358,0.573699E-01,30.5047,0.182106E-01,0,-9999,-9999,-9999,-9999,-9999,-9999,-9999,0.986522E-02,1.01347,-1.93962,1.02439,-0.506603E-01,1.27829,-0.114455E-02,1.27829,-0.351500E-01,1.27829,0.838734E-03,1.27829,800009000,800009100,800009000,800009000,800109000,800109010,811119111,811119111,80001,80001,80,80,9,20,5,11,1,0,0,0.419655E-01,0.496468E-01,0.149110E-01,0.435655E-01,0.133341E-05,0.896658E-03,0.513893E-06,-0.166884E-02,-0.292447E-04,-0.898131E-03,0.214308E-04,22.0000,96.5275,0.527528,0.916933E+09,294.027
CH-CHA_201812070700.csv,2018-12-07,10:00,341.4166,1,36000,36000,-0.170451E-01,0,0.210538E-02,2.89615,0,0.901101,0.430612E-01,1,0.150964E-01,0.973026E-03,1,0.341125E-03,0.125858E-01,1,0.139280E-01,0.764688E-03,0,0.845407E-04,0.266676,-0.546865E-03,-0.123572E-04,0.562269E-02,-0.603165E-04,-0.175503E-11,-0.310405E-12,-0.443341E-13,521.045,13.1468,13.3219,4.65000,0,0.921553E-01,2.32522,2.35620,2.90000,0,0.131622E-01,0.332104,0.336528,1.55000,0,293.042,291.823,96559.5,1.14706,1012.66,0.252316E-01,0.630521E-04,0.938923E-02,1264.49,2145.78,0.818550E-02,58.9289,881.295,283.598,1.55724,0.162045E-01,0.445231E-01,1.55796,-0.309758E-14,-0.336828E-14,1.55796,3.00894,186.597,0.596193,1.63761,-9999,0.121901,0.144196,-53.2435,-0.377511E-01,67.2566,-0.204534E-01,0,-9999,-9999,-9999,-9999,-9999,-9999,-9999,-0.168591E-01,1.01103,2.85332,1.02006,0.358800E-01,1.20014,0.810757E-03,1.20014,0.104869E-01,1.20014,0.637163E-03,1.20014,800009000,800019100,800009000,800009000,800009000,800009000,800019111,800019111,80111,80111,80,80,1,4,1,1,3,0,0,0.133993,0.132806,0.215935E-01,0.269754E-01,0.214454E-05,0.350403E-02,0.216752E-06,0.245642E-02,0.207281E-04,0.268111E-03,0.162899E-04,22.0000,96.5212,0.521167,0.914853E+09,294.070
CH-CHA_201812070700.csv,2018-12-07,10:30,341.4374,1,36000,36000,-0.903197E-02,0,0.155563E-02,0.840392,1,0.427369,0.416116E-01,0,0.778881E-02,0.940669E-03,0,0.176073E-03,0.825159E-02,0,0.588650E-02,0.808088E-03,0,0.116790E-03,0.680147,-0.301694E-02,-0.682007E-04,-0.632041E-03,0.474487E-04,-0.365834E-12,-0.643228E-13,-0.927163E-14,520.205,13.1453,13.3204,5.00000,0,0.914650E-01,2.31127,2.34205,1.80000,0,0.131840E-01,0.333151,0.337589,1.75000,0,293.481,292.261,96559.5,1.14534,1012.67,0.252694E-01,0.609553E-04,0.937409E-02,1264.34,2205.29,0.818456E-02,57.3323,940.944,283.596,1.16545,0.207052E-01,0.337326E-01,1.16612,0.771844E-14,-0.703250E-15,1.16612,2.43520,186.423,1.01780,1.65764,-9999,0.888023E-01,0.100891,-70.9347,-0.283359E-01,20.1961,-0.815937E-02,0,-9999,-9999,-9999,-9999,-9999,-9999,-9999,-0.892451E-02,1.01204,0.829568,1.01995,0.347899E-01,1.19608,0.786458E-03,1.19608,0.689885E-02,1.19608,0.675612E-03,1.19608,800009000,800019100,800009000,800009011,800009000,800009000,800119111,811119111,80000,80000,80,80,0,4,3,11,0,0,0,0.118624,0.679010E-01,0.152580E-01,0.784180E-02,0.786168E-06,0.127365E-02,0.443470E-06,0.715239E-03,0.201370E-04,0.176643E-03,0.172988E-04,21.9639,96.5277,0.514151,0.903340E+09,294.137
CH-CHA_201812070700.csv,2018-12-07,11:00,341.4582,1,36000,36000,-0.166814E-01,0,0.226084E-02,-0.183083,2,0.986750,0.783196E-01,0,0.215800E-01,0.177123E-02,0,0.488042E-03,0.402240E-01,0,0.132240E-01,0.125069E-02,0,0.233847E-03,0.676110,0.356709E-02,0.806712E-04,-0.279792E-02,-0.123179E-03,-0.206047E-11,-0.352536E-12,-0.517861E-13,519.500,13.1471,13.3222,4.95000,0,0.888839E-01,2.24940,2.27936,1.15000,0,0.130567E-01,0.330427,0.334830,1.75000,0,293.919,292.697,96559.5,1.14363,1012.68,0.253071E-01,0.114776E-03,0.936139E-02,1264.51,2265.96,0.818567E-02,55.8049,1001.44,283.598,1.35961,0.437151,0.555094E-01,1.42924,-0.290116E-13,-0.396625E-14,1.42924,2.54553,169.809,17.8239,2.22583,-9999,0.120774,0.117543,819.112,0.245388E-02,-2.33764,0.130893E-02,0,-9999,-9999,-9999,-9999,-9999,-9999,-9999,-0.165199E-01,1.00978,-0.176330,1.01983,0.635192E-01,1.23301,0.143651E-02,1.23301,0.326227E-01,1.23301,0.101434E-02,1.23301,800009000,800019100,800009000,800009000,800009000,800009010,800019111,810119111,80111,80111,80,80,2,1,0,14,0,0,0,0.104405,0.109497,0.211856E-01,0.405554E-01,0.348668E-05,0.241115E-02,0.964371E-06,-0.152253E-03,0.368364E-04,0.836543E-03,0.260107E-04,22.0000,96.5125,0.512528,0.916891E+09,294.204
CH-CHA_201812070700.csv,2018-12-07,11:30,341.4790,1,36000,36000,-0.805556E-02,0,0.140943E-02,2.01349,0,0.373354,0.544300E-01,0,0.970857E-02,0.123145E-02,0,0.219652E-03,0.896629E-02,1,0.138781E-01,0.788132E-03,0,0.172763E-03,0.645531,0.257666E-03,0.582958E-05,0.498425E-03,-0.112897E-04,-0.148944E-11,-0.256083E-12,-0.374056E-13,518.766,13.1472,13.3223,4.80000,0,0.891930E-01,2.26043,2.29055,4.40000,0,0.130283E-01,0.330177,0.334576,1.80000,0,294.338,293.114,96559.5,1.14200,1012.69,0.253432E-01,0.797982E-04,0.934817E-02,1264.53,2325.32,0.818575E-02,54.3806,1060.80,283.599,1.19886,0.688747E-01,0.322722E-01,1.20127,0.200844E-13,-0.287111E-14,1.20127,2.41965,183.836,3.28805,1.53945,-9999,0.839874E-01,0.110509,-25.0477,-0.802468E-01,36.9923,-0.207297E-01,0,-9999,-9999,-9999,-9999,-9999,-9999,-9999,-0.796077E-02,1.01191,1.98527,1.01992,0.454962E-01,1.19637,0.102933E-02,1.19637,0.749461E-02,1.19637,0.658772E-03,1.19637,800009000,800019100,800009000,800009000,800009000,800009000,800119111,810119111,80101,80101,80,80,0,0,3,6,3,0,0,0.837773E-01,0.122751,0.144907E-01,0.604786E-02,0.130740E-05,0.506874E-02,0.101475E-05,0.171663E-02,0.264326E-04,0.192458E-03,0.169169E-04,22.0000,96.5085,0.508528,0.917940E+09,294.282
CH-CHA_201812070700.csv,2018-12-07,12:00,341.4999,1,36000,36000,-0.182219E-02,1,0.731853E-03,10.2603,0,0.986947,0.153935,0,0.230097E-01,0.348303E-02,0,0.520632E-03,0.678240E-02,0,0.660047E-02,0.144822E-02,0,0.254390E-03,0.149593,0.427107E-03,0.966400E-05,0.701299E-03,-0.471274E-05,-0.288905E-11,-0.500129E-12,-0.725313E-13,518.604,13.1474,13.3226,4.85000,0,0.897764E-01,2.27597,2.30629,4.10000,0,0.130198E-01,0.330073,0.334470,1.95000,0,294.435,293.211,96559.5,1.14163,1012.69,0.253515E-01,0.225700E-03,0.934524E-02,1264.55,2339.28,0.818589E-02,54.0571,1074.73,283.599,0.818056,0.192406,0.230826E-01,0.840695,0.108413E-13,-0.557083E-14,0.840695,2.02751,174.027,13.2354,1.57335,-9999,0.399516E-01,0.954099E-01,-0.529080,-3.79905,66.6533,-0.222138,0,-9999,-9999,-9999,-9999,-9999,-9999,-9999,-0.179710E-02,1.01396,10.1023,1.02070,0.128856,1.19463,0.291557E-02,1.19463,0.567741E-02,1.19463,0.121228E-02,1.19463,800009000,800009100,800009000,800009000,800009000,800019000,810019111,811119111,80111,80111,80,81,0,1,1,34,7,0,0,0.103511,0.729376E-01,0.143708E-01,0.214559E-01,0.304233E-05,0.609535E-03,0.847340E-06,0.873813E-02,0.748951E-04,0.145841E-03,0.311409E-04,22.0000,96.5053,0.505278,0.919577E+09,294.381
CH-CHA_201812070700.csv,2018-12-07,12:30,341.5207,1,36000,36000,-0.188157E-01,1,0.396659E-02,23.7302,1,2.75579,0.272734,1,0.335211E-01,0.617428E-02,1,0.758865E-03,-0.131695E-01,2,0.199235E-01,-0.794190E-03,2,0.324600E-03,0.832905,0.856540E-02,0.193907E-03,0.146783E-02,0.580466E-04,-0.913504E-11,-0.160349E-11,-0.230160E-12,517.821,13.1517,13.3270,4.40000,0,0.908941E-01,2.30854,2.33931,5.00000,0,0.130467E-01,0.331361,0.335777,5.00000,0,294.977,293.750,96559.5,1.13953,1012.71,0.253982E-01,0.400093E-03,0.933113E-02,1264.96,2418.47,0.818857E-02,52.3041,1153.51,283.604,0.491253,-0.400044E-01,0.309635E-01,0.493851,-0.165864E-12,-0.176413E-13,0.493851,1.90820,198.962,355.344,3.59469,-9999,0.128498,0.185285,-7.61154,-0.264073,87.0085,-0.160027,0,-9999,-9999,-9999,-9999,-9999,-9999,-9999,-0.184629E-01,1.01911,23.2911,1.02375,0.227761,1.19746,0.515616E-02,1.19746,-0.109979E-01,1.19746,-0.663230E-03,1.19746,800009000,800009100,800009000,800009000,800009000,800019010,811119111,811119111,80111,80111,80,81,18,0,1,22,0,0,0,0.159215,0.195945,0.154106E-01,0.972157E-01,0.440422E-05,0.331154E-02,0.896968E-06,0.201827E-01,0.132695E-03,-0.283035E-03,-0.170684E-04,22.0000,96.5053,0.505306,0.952343E+09,294.571
CH-CHA_201812070700.csv,2018-12-07,13:00,341.5415,1,35989,35989,-0.101452E-01,1,0.364096E-02,13.7509,0,1.84414,0.163949,0,0.485676E-01,0.371450E-02,0,0.110037E-02,-0.434151E-01,1,0.183267E-01,0.365118E-03,2,0.179922E-03,1.27035,0.401535E-02,0.909738E-04,-0.572464E-02,-0.578171E-04,0.282975E-11,0.469227E-12,0.710086E-13,516.451,13.1537,13.3291,3.80000,0,0.856375E-01,2.18114,2.21022,5.00000,0,0.129596E-01,0.330075,0.334474,1.75000,0,295.805,294.574,96559.5,1.13634,1012.73,0.254695E-01,0.240700E-03,0.930644E-02,1265.15,2544.13,0.818983E-02,49.7283,1278.98,283.606,0.318400,0.315272,0.142414E-01,0.448306,0.146248E-12,0.547922E-14,0.448306,3.35580,142.992,44.7171,1.82044,-9999,0.944880E-01,0.382111,-5.22265,-0.384862,83.8735,-0.126460,0,-9999,-9999,-9999,-9999,-9999,-9999,-9999,-0.994276E-02,1.02037,13.4862,1.02455,0.136789,1.19855,0.309915E-02,1.19855,-0.362229E-01,1.19855,0.304632E-03,1.19855,800009000,800009100,800009000,800009000,800009000,800019010,800119111,811119111,80101,80101,80,81,5,0,1,16,0,0,0,0.309589,0.431519,0.231143E-01,0.516618E-01,0.120164E-04,0.280014E-02,0.984079E-06,0.117190E-01,0.799817E-04,-0.934826E-03,0.786183E-05,22.0000,96.5045,0.504543,0.967856E+09,294.846
CH-CHA_201812071300.csv,2018-12-07,13:30,341.5624,1,36000,36000,-0.116312,1,0.164414E-01,-17.7943,2,8.23329,0.911370,1,0.128793,0.206767E-01,1,0.292199E-02,0.236935,1,0.527410E-01,0.539818E-02,1,0.121895E-02,2.16468,-0.732839E-02,-0.166263E-03,-0.102235E-01,-0.258192E-03,-0.800041E-11,-0.118791E-11,-0.197303E-12,513.843,13.1500,13.3252,4.15000,0,0.762960E-01,1.95253,1.97855,1.05000,0,0.126722E-01,0.324301,0.328622,1.55000,0,297.222,295.986,96559.5,1.13092,1012.76,0.255915E-01,0.133985E-02,0.925945E-02,1264.80,2772.56,0.818751E-02,45.6184,1507.76,283.602,-0.306596,-1.13662,0.524482E-01,1.17841,0.203305E-12,-0.155698E-13,1.17841,5.62751,308.697,254.904,2.55093,-9999,0.320698,1.44056,157.802,0.127375E-01,-19.5248,0.484445E-01,0,39.4280,-5.98335,13.5344,33.7025,51.3984,72.0869,107.999,-0.115122,1.01033,-17.4653,1.02040,0.735018,1.23993,0.166757E-01,1.23993,0.191088,1.23993,0.435363E-02,1.23993,800009000,800009100,800009000,800009011,800009000,800109011,800019111,800119111,80111,80111,80,81,0,4,3,5,0,0,0,1.31024,1.51465,0.562218E-01,0.282596,0.326333E-04,0.112191E-01,0.641653E-05,-0.152488E-01,0.432421E-03,0.495513E-02,0.112895E-03,21.9822,96.5110,0.504365,0.939606E+09,295.168
CH-CHA_201812071300.csv,2018-12-07,14:00,341.5832,1,36000,36000,-0.294989E-01,1,0.786649E-02,20.0582,0,2.60260,0.674371,0,0.866985E-01,0.153033E-01,0,0.196743E-02,0.432627E-02,2,0.945789E-02,0.155419E-02,0,0.271214E-03,0.369012,-0.798579E-02,-0.181220E-03,-0.257475E-02,-0.741394E-04,0.719686E-12,0.103738E-12,0.176633E-13,513.268,13.1460,13.3211,4.15000,0,0.739843E-01,1.89491,1.92015,1.40000,0,0.125971E-01,0.322642,0.326940,1.65000,0,297.463,296.227,96559.5,1.13001,1012.77,0.256123E-01,0.991657E-03,0.924908E-02,1264.41,2813.27,0.818499E-02,44.9445,1548.86,283.597,0.671613,-0.877464,0.194824E-01,1.10516,-0.129874E-12,0.140217E-14,1.10516,5.20615,238.202,307.431,1.01009,-9999,0.161571,0.629475,-17.9022,-0.112277,29.7436,-0.108478,0,-9999,-9999,-9999,-9999,-9999,-9999,-9999,-0.291406E-01,1.01230,19.7827,1.02001,0.564024,1.19564,0.127993E-01,1.19564,0.361836E-02,1.19564,0.129988E-02,1.19564,800009000,800009100,800009000,800009000,800009000,800009010,800019111,800019111,80111,80111,80,81,8,3,2,43,0,0,0,0.435234,0.768762,0.549544E-01,0.911578E-01,0.148757E-04,0.459196E-03,0.400242E-06,0.172861E-01,0.332169E-03,0.939042E-04,0.337346E-04,22.0000,96.5059,0.505944,0.908685E+09,295.469
CH-CHA_201812071300.csv,2018-12-07,14:30,341.6040,1,36000,36000,-0.126099,1,0.179400E-01,12.1528,1,2.57661,0.382917,0,0.726827E-01,0.869194E-02,0,0.164984E-02,0.107986E-01,1,0.704742E-02,0.154971E-02,1,0.294371E-03,0.449750,-0.932968E-02,-0.211777E-03,-0.114113E-02,-0.192107E-04,0.268730E-11,0.382271E-12,0.658904E-13,512.575,13.1412,13.3162,2.95000,0,0.729140E-01,1.86935,1.89424,1.20000,0,0.125679E-01,0.322211,0.326502,1.40000,0,297.758,296.521,96559.5,1.12889,1012.77,0.256377E-01,0.563238E-03,0.923660E-02,1263.95,2863.64,0.818203E-02,44.1380,1599.69,283.592,0.305442,-2.44104,0.587940E-01,2.46078,-0.238717E-12,0.524276E-14,2.46078,8.17037,269.531,277.132,1.36907,-9999,0.334218,2.45559,-261.533,-0.768546E-02,31.7373,-0.318042E-01,0,27.7160,-4.20601,9.51401,23.6912,36.1306,50.6737,75.9184,-0.124754,1.01078,11.9595,1.02212,0.315414,1.21402,0.715966E-02,1.21402,0.889494E-02,1.21402,0.127651E-02,1.21402,800009000,800009100,800009000,800009011,800009010,800109010,800019111,810019111,80000,80000,80,81,0,1,7,66,0,0,0,1.92914,2.83464,0.147387,0.473176E-01,0.113481E-04,0.196436E-03,0.428510E-06,0.104605E-01,0.185991E-03,0.231070E-03,0.331609E-04,22.0000,96.5084,0.508361,0.872431E+09,295.769
not_enough_data,2018-12-07,15:00,341.624,-9999,-9999,-9999,-9999,-9999,-9999,-9999,-9999,-9999,-9999,-9999,-9999,-9999,-9999,-9999,-9999,-9999,-9999,-9999,-9999,-9999,-9999,-9999,-9999,-9999,-9999,-9999,-9999,-9999,-9999,-9999,-9999,-9999,-9999,-9999,-9999,-9999,-9999,-9999,-9999,-9999,-9999,-9999,-9999,-9999,-9999,-9999,-9999,-9999,-9999,-9999,-9999,-9999,-9999,-9999,-9999,-9999,-9999,-9999,-9999,-9999,-9999,-9999,-9999,-9999,-9999,-9999,-9999,-9999,-9999,-9999,-9999,-9999,-9999,-9999,-9999,-9999,-9999,-9999,-9999,-9999,-9999,-9999,-9999,-9999,-9999,-9999,-9999,-9999,-9999,-9999,-9999,-9999,-9999,-9999,-9999,-9999,-9999,-9999,-9999,-9999,-9999,-9999,-9999,-9999,-9999,-9999,-9999,-9999,-9999,-9999,-9999,-9999,-9999,-9999,-9999,-9999,-9999,-9999,-9999,-9999,-9999,-9999,-9999,-9999,-9999,-9999,-9999,-9999,-9999,-9999
not_enough_data,2018-12-07,15:30,341.645,-9999,-9999,-9999,-9999,-9999,-9999,-9999,-9999,-9999,-9999,-9999,-9999,-9999,-9999,-9999,-9999,-9999,-9999,-9999,-9999,-9999,-9999,-9999,-9999,-9999,-9999,-9999,-9999,-9999,-9999,-9999,-9999,-9999,-9999,-9999,-9999,-9999,-9999,-9999,-9999,-9999,-9999,-9999,-9999,-9999,-9999,-9999,-9999,-9999,-9999,-9999,-9999,-9999,-9999,-9999,-9999,-9999,-9999,-9999,-9999,-9999,-9999,-9999,-9999,-9999,-9999,-9999,-9999,-9999,-9999,-9999,-9999,-9999,-9999,-9999,-9999,-9999,-9999,-9999,-9999,-9999,-9999,-9999,-9999,-9999,-9999,-9999,-9999,-9999,-9999,-9999,-9999,-9999,-9999,-9999,-9999,-9999,-9999,-9999,-9999,-9999,-9999,-9999,-9999,-9999,-9999,-9999,-9999,-9999,-9999,-9999,-9999,-9999,-9999,-9999,-9999,-9999,-9999,-9999,-9999,-9999,-9999,-9999,-9999,-9999,-9999,-9999,-9999,-9999,-9999,-9999
not_enough_data,2018-12-07,16:00,341.666,-9999,-9999,-9999,-9999,-9999,-9999,-9999,-9999,-9999,-9999,-9999,-9999,-9999,-9999,-9999,-9999,-9999,-9999,-9999,-9999,-9999,-9999,-9999,-9999,-9999,-9999,-9999,-9999,-9999,-9999,-9999,-9999,-9999,-9999,-9999,-9999,-9999,-9999,-9999,-9999,-9999,-9999,-9999,-9999,-9999,-9999,-9999,-9999,-9999,-9999,-9999,-9999,-9999,-9999,-9999,-9999,-9999,-9999,-9999,-9999,-9999,-9999,-9999,-9999,-9999,-9999,-9999,-9999,-9999,-9999,-9999,-9999,-9999,-9999,-9999,-9999,-9999,-9999,-9999,-9999,-9999,-9999,-9999,-9999,-9999,-9999,-9999,-9999,-9999,-9999,-9999,-9999,-9999,-9999,-9999,-9999,-9999,-9999,-9999,-9999,-9999,-9999,-9999,-9999,-9999,-9999,-9999,-9999,-9999,-9999,-9999,-9999,-9999,-9999,-9999,-9999,-9999,-9999,-9999,-9999,-9999,-9999,-9999,-9999,-9999,-9999,-9999,-9999,-9999,-9999,-9999
not_enough_data,2018-12-07,16:30,341.687,-9999,-9999,-9999,-9999,-9999,-9999,-9999,-9999,-9999,-9999,-9999,-9999,-9999,-9999,-9999,-9999,-9999,-9999,-9999,-9999,-9999,-9999,-9999,-9999,-9999,-9999,-9999,-9999,-9999,-9999,-9999,-9999,-9999,-9999,-9999,-9999,-9999,-9999,-9999,-9999,-9999,-9999,-9999,-9999,-9999,-9999,-9999,-9999,-9999,-9999,-9999,-9999,-9999,-9999,-9999,-9999,-9999,-9999,-9999,-9999,-9999,-9999,-9999,-9999,-9999,-9999,-9999,-9999,-9999,-9999,-9999,-9999,-9999,-9999,-9999,-9999,-9999,-9999,-9999,-9999,-9999,-9999,-9999,-9999,-9999,-9999,-9999,-9999,-9999,-9999,-9999,-9999,-9999,-9999,-9999,-9999,-9999,-9999,-9999,-9999,-9999,-9999,-9999,-9999,-9999,-9999,-9999,-9999,-9999,-9999,-9999,-9999,-9999,-9999,-9999,-9999,-9999,-9999,-9999,-9999,-9999,-9999,-9999,-9999,-9999,-9999,-9999,-9999,-9999,-9999,-9999
not_enough_data,2018-12-07,17:00,341.708,-9999,-9999,-9999,-9999,-9999,-9999,-9999,-9999,-9999,-9999,-9999,-9999,-9999,-9999,-9999,-9999,-9999,-9999,-9999,-9999,-9999,-9999,-9999,-9999,-9999,-9999,-9999,-9999,-9999,-9999,-9999,-9999,-9999,-9999,-9999,-9999,-9999,-9999,-9999,-9999,-9999,-9999,-9999,-9999,-9999,-9999,-9999,-9999,-9999,-9999,-9999,-9999,-9999,-9999,-9999,-9999,-9999,-9999,-9999,-9999,-9999,-9999,-9999,-9999,-9999,-9999,-9999,-9999,-9999,-9999,-9999,-9999,-9999,-9999,-9999,-9999,-9999,-9999,-9999,-9999,-9999,-9999,-9999,-9999,-9999,-9999,-9999,-9999,-9999,-9999,-9999,-9999,-9999,-9999,-9999,-9999,-9999,-9999,-9999,-9999,-9999,-9999,-9999,-9999,-9999,-9999,-9999,-9999,-9999,-9999,-9999,-9999,-9999,-9999,-9999,-9999,-9999,-9999,-9999,-9999,-9999,-9999,-9999,-9999,-9999,-9999,-9999,-9999,-9999,-9999,-9999
not_enough_data,2018-12-07,17:30,341.729,-9999,-9999,-9999,-9999,-9999,-9999,-9999,-9999,-9999,-9999,-9999,-9999,-9999,-9999,-9999,-9999,-9999,-9999,-9999,-9999,-9999,-9999,-9999,-9999,-9999,-9999,-9999,-9999,-9999,-9999,-9999,-9999,-9999,-9999,-9999,-9999,-9999,-9999,-9999,-9999,-9999,-9999,-9999,-9999,-9999,-9999,-9999,-9999,-9999,-9999,-9999,-9999,-9999,-9999,-9999,-9999,-9999,-9999,-9999,-9999,-9999,-9999,-9999,-9999,-9999,-9999,-9999,-9999,-9999,-9999,-9999,-9999,-9999,-9999,-9999,-9999,-9999,-9999,-9999,-9999,-9999,-9999,-9999,-9999,-9999,-9999,-9999,-9999,-9999,-9999,-9999,-9999,-9999,-9999,-9999,-9999,-9999,-9999,-9999,-9999,-9999,-9999,-9999,-9999,-9999,-9999,-9999,-9999,-9999,-9999,-9999,-9999,-9999,-9999,-9999,-9999,-9999,-9999,-9999,-9999,-9999,-9999,-9999,-9999,-9999,-9999,-9999,-9999,-9999,-9999,-9999
not_enough_data,2018-12-07,18:00,341.749,-9999,-9999,-9999,-9999,-9999,-9999,-9999,-9999,-9999,-9999,-9999,-9999,-9999,-9999,-9999,-9999,-9999,-9999,-9999,-9999,-9999,-9999,-9999,-9999,-9999,-9999,-9999,-9999,-9999,-9999,-9999,-9999,-9999,-9999,-9999,-9999,-9999,-9999,-9999,-9999,-9999,-9999,-9999,-9999,-9999,-9999,-9999,-9999,-9999,-9999,-9999,-9999,-9999,-9999,-9999,-9999,-9999,-9999,-9999,-9999,-9999,-9999,-9999,-9999,-9999,-9999,-9999,-9999,-9999,-9999,-9999,-9999,-9999,-9999,-9999,-9999,-9999,-9999,-9999,-9999,-9999,-9999,-9999,-9999,-9999,-9999,-9999,-9999,-9999,-9999,-9999,-9999,-9999,-9999,-9999,-9999,-9999,-9999,-9999,-9999,-9999,-9999,-9999,-9999,-9999,-9999,-9999,-9999,-9999,-9999,-9999,-9999,-9999,-9999,-9999,-9999,-9999,-9999,-9999,-9999,-9999,-9999,-9999,-9999,-9999,-9999,-9999,-9999,-9999,-9999,-9999
not_enough_data,2018-12-07,18:30,341.770,-9999,-9999,-9999,-9999,-9999,-9999,-9999,-9999,-9999,-9999,-9999,-9999,-9999,-9999,-9999,-9999,-9999,-9999,-9999,-9999,-9999,-9999,-9999,-9999,-9999,-9999,-9999,-9999,-9999,-9999,-9999,-9999,-9999,-9999,-9999,-9999,-9999,-9999,-9999,-9999,-9999,-9999,-9999,-9999,-9999,-9999,-9999,-9999,-9999,-9999,-9999,-9999,-9999,-9999,-9999,-9999,-9999,-9999,-9999,-9999,-9999,-9999,-9999,-9999,-9999,-9999,-9999,-9999,-9999,-9999,-9999,-9999,-9999,-9999,-9999,-9999,-9999,-9999,-9999,-9999,-9999,-9999,-9999,-9999,-9999,-9999,-9999,-9999,-9999,-9999,-9999,-9999,-9999,-9999,-9999,-9999,-9999,-9999,-9999,-9999,-9999,-9999,-9999,-9999,-9999,-9999,-9999,-9999,-9999,-9999,-9999,-9999,-9999,-9999,-9999,-9999,-9999,-9999,-9999,-9999,-9999,-9999,-9999,-9999,-9999,-9999,-9999,-9999,-9999,-9999,-9999
not_enough_data,2018-12-07,19:00,341.791,-9999,-9999,-9999,-9999,-9999,-9999,-9999,-9999,-9999,-9999,-9999,-9999,-9999,-9999,-9999,-9999,-9999,-9999,-9999,-9999,-9999,-9999,-9999,-9999,-9999,-9999,-9999,-9999,-9999,-9999,-9999,-9999,-9999,-9999,-9999,-9999,-9999,-9999,-9999,-9999,-9999,-9999,-9999,-9999,-9999,-9999,-9999,-9999,-9999,-9999,-9999,-9999,-9999,-9999,-9999,-9999,-9999,-9999,-9999,-9999,-9999,-9999,-9999,-9999,-9999,-9999,-9999,-9999,-9999,-9999,-9999,-9999,-9999,-9999,-9999,-9999,-9999,-9999,-9999,-9999,-9999,-9999,-9999,-9999,-9999,-9999,-9999,-9999,-9999,-9999,-9999,-9999,-9999,-9999,-9999,-9999,-9999,-9999,-9999,-9999,-9999,-9999,-9999,-9999,-9999,-9999,-9999,-9999,-9999,-9999,-9999,-9999,-9999,-9999,-9999,-9999,-9999,-9999,-9999,-9999,-9999,-9999,-9999,-9999,-9999,-9999,-9999,-9999,-9999,-9999,-9999
